Issue;Tool;Project;File;Location
DataTransmissionWithoutCompression;aDoctor;/Users/rar9993/repos/research/fdroid_apps/native_apps/SAI/NONE_TRANSFORMED_;/Users/rar9993/repos/research/fdroid_apps/native_apps/SAI/app/src/main/java/com/aefyr/sai/utils/IOUtils.java;file:/Users/rar9993/repos/research/fdroid_apps/native_apps/SAI/app/src/main/java/com/aefyr/sai/utils/IOUtils.java|class:com.aefyr.sai.utils.IOUtils
LeakingThread;aDoctor;/Users/rar9993/repos/research/fdroid_apps/native_apps/SAI/NONE_TRANSFORMED_;/Users/rar9993/repos/research/fdroid_apps/native_apps/SAI/app/src/main/java/com/aefyr/sai/utils/RwLock.java;file:/Users/rar9993/repos/research/fdroid_apps/native_apps/SAI/app/src/main/java/com/aefyr/sai/utils/RwLock.java|class:com.aefyr.sai.utils.RwLock
MemberIgnoringMethod;aDoctor;/Users/rar9993/repos/research/fdroid_apps/native_apps/SAI/NONE_TRANSFORMED_;/Users/rar9993/repos/research/fdroid_apps/native_apps/SAI/app/src/main/java/com/aefyr/sai/utils/RwLock.java;file:/Users/rar9993/repos/research/fdroid_apps/native_apps/SAI/app/src/main/java/com/aefyr/sai/utils/RwLock.java|class:com.aefyr.sai.utils.RwLock
SlowForLoop;aDoctor;/Users/rar9993/repos/research/fdroid_apps/native_apps/SAI/NONE_TRANSFORMED_;/Users/rar9993/repos/research/fdroid_apps/native_apps/SAI/app/src/main/java/com/aefyr/sai/utils/MiuiUtils.java;file:/Users/rar9993/repos/research/fdroid_apps/native_apps/SAI/app/src/main/java/com/aefyr/sai/utils/MiuiUtils.java|class:com.aefyr.sai.utils.MiuiUtils
MemberIgnoringMethod;aDoctor;/Users/rar9993/repos/research/fdroid_apps/native_apps/SAI/NONE_TRANSFORMED_;/Users/rar9993/repos/research/fdroid_apps/native_apps/SAI/app/src/main/java/com/aefyr/sai/utils/Event2.java;file:/Users/rar9993/repos/research/fdroid_apps/native_apps/SAI/app/src/main/java/com/aefyr/sai/utils/Event2.java|class:com.aefyr.sai.utils.Event2
LeakingInnerClass;aDoctor;/Users/rar9993/repos/research/fdroid_apps/native_apps/SAI/NONE_TRANSFORMED_;/Users/rar9993/repos/research/fdroid_apps/native_apps/SAI/app/src/main/java/com/aefyr/sai/utils/FragmentNavigator.java;file:/Users/rar9993/repos/research/fdroid_apps/native_apps/SAI/app/src/main/java/com/aefyr/sai/utils/FragmentNavigator.java|class:com.aefyr.sai.utils.FragmentNavigator
MemberIgnoringMethod;aDoctor;/Users/rar9993/repos/research/fdroid_apps/native_apps/SAI/NONE_TRANSFORMED_;/Users/rar9993/repos/research/fdroid_apps/native_apps/SAI/app/src/main/java/com/aefyr/sai/utils/FragmentNavigator.java;file:/Users/rar9993/repos/research/fdroid_apps/native_apps/SAI/app/src/main/java/com/aefyr/sai/utils/FragmentNavigator.java|class:com.aefyr.sai.utils.FragmentNavigator
SlowForLoop;aDoctor;/Users/rar9993/repos/research/fdroid_apps/native_apps/SAI/NONE_TRANSFORMED_;/Users/rar9993/repos/research/fdroid_apps/native_apps/SAI/app/src/main/java/com/aefyr/sai/utils/Utils.java;file:/Users/rar9993/repos/research/fdroid_apps/native_apps/SAI/app/src/main/java/com/aefyr/sai/utils/Utils.java|class:com.aefyr.sai.utils.Utils
MemberIgnoringMethod;aDoctor;/Users/rar9993/repos/research/fdroid_apps/native_apps/SAI/NONE_TRANSFORMED_;/Users/rar9993/repos/research/fdroid_apps/native_apps/SAI/app/src/main/java/com/aefyr/sai/utils/NotificationHelper.java;file:/Users/rar9993/repos/research/fdroid_apps/native_apps/SAI/app/src/main/java/com/aefyr/sai/utils/NotificationHelper.java|class:com.aefyr.sai.utils.NotificationHelper
LeakingThread;aDoctor;/Users/rar9993/repos/research/fdroid_apps/native_apps/SAI/NONE_TRANSFORMED_;/Users/rar9993/repos/research/fdroid_apps/native_apps/SAI/app/src/main/java/com/aefyr/sai/utils/Locker.java;file:/Users/rar9993/repos/research/fdroid_apps/native_apps/SAI/app/src/main/java/com/aefyr/sai/utils/Locker.java|class:com.aefyr.sai.utils.Locker
MemberIgnoringMethod;aDoctor;/Users/rar9993/repos/research/fdroid_apps/native_apps/SAI/NONE_TRANSFORMED_;/Users/rar9993/repos/research/fdroid_apps/native_apps/SAI/app/src/main/java/com/aefyr/sai/utils/SimpleAsyncTask.java;file:/Users/rar9993/repos/research/fdroid_apps/native_apps/SAI/app/src/main/java/com/aefyr/sai/utils/SimpleAsyncTask.java|class:com.aefyr.sai.utils.SimpleAsyncTask
NoLowMemoryResolver;aDoctor;/Users/rar9993/repos/research/fdroid_apps/native_apps/SAI/NONE_TRANSFORMED_;/Users/rar9993/repos/research/fdroid_apps/native_apps/SAI/app/src/fdroid/java/com/aefyr/sai/flavor/FlavorInitProvider.java;file:/Users/rar9993/repos/research/fdroid_apps/native_apps/SAI/app/src/fdroid/java/com/aefyr/sai/flavor/FlavorInitProvider.java|class:com.aefyr.sai.flavor.FlavorInitProvider
UnclosedCloseable;aDoctor;/Users/rar9993/repos/research/fdroid_apps/native_apps/SAI/NONE_TRANSFORMED_;/Users/rar9993/repos/research/fdroid_apps/native_apps/SAI/app/src/fdroid/java/com/aefyr/sai/flavor/FlavorInitProvider.java;file:/Users/rar9993/repos/research/fdroid_apps/native_apps/SAI/app/src/fdroid/java/com/aefyr/sai/flavor/FlavorInitProvider.java|class:com.aefyr.sai.flavor.FlavorInitProvider
NoLowMemoryResolver;aDoctor;/Users/rar9993/repos/research/fdroid_apps/native_apps/SAI/NONE_TRANSFORMED_;/Users/rar9993/repos/research/fdroid_apps/native_apps/SAI/app/src/normal/java/com/aefyr/sai/flavor/FlavorInitProvider.java;file:/Users/rar9993/repos/research/fdroid_apps/native_apps/SAI/app/src/normal/java/com/aefyr/sai/flavor/FlavorInitProvider.java|class:com.aefyr.sai.flavor.FlavorInitProvider
UnclosedCloseable;aDoctor;/Users/rar9993/repos/research/fdroid_apps/native_apps/SAI/NONE_TRANSFORMED_;/Users/rar9993/repos/research/fdroid_apps/native_apps/SAI/app/src/normal/java/com/aefyr/sai/flavor/FlavorInitProvider.java;file:/Users/rar9993/repos/research/fdroid_apps/native_apps/SAI/app/src/normal/java/com/aefyr/sai/flavor/FlavorInitProvider.java|class:com.aefyr.sai.flavor.FlavorInitProvider
MemberIgnoringMethod;aDoctor;/Users/rar9993/repos/research/fdroid_apps/native_apps/SAI/NONE_TRANSFORMED_;/Users/rar9993/repos/research/fdroid_apps/native_apps/SAI/app/src/fdroid/java/com/aefyr/sai/legal/DefaultLegalStuffProvider.java;file:/Users/rar9993/repos/research/fdroid_apps/native_apps/SAI/app/src/fdroid/java/com/aefyr/sai/legal/DefaultLegalStuffProvider.java|class:com.aefyr.sai.legal.DefaultLegalStuffProvider
MemberIgnoringMethod;aDoctor;/Users/rar9993/repos/research/fdroid_apps/native_apps/SAI/NONE_TRANSFORMED_;/Users/rar9993/repos/research/fdroid_apps/native_apps/SAI/app/src/normal/java/com/aefyr/sai/legal/DefaultLegalStuffProvider.java;file:/Users/rar9993/repos/research/fdroid_apps/native_apps/SAI/app/src/normal/java/com/aefyr/sai/legal/DefaultLegalStuffProvider.java|class:com.aefyr.sai.legal.DefaultLegalStuffProvider
MemberIgnoringMethod;aDoctor;/Users/rar9993/repos/research/fdroid_apps/native_apps/SAI/NONE_TRANSFORMED_;/Users/rar9993/repos/research/fdroid_apps/native_apps/SAI/app/src/fdroid/java/com/aefyr/sai/billing/DefaultBillingManager.java;file:/Users/rar9993/repos/research/fdroid_apps/native_apps/SAI/app/src/fdroid/java/com/aefyr/sai/billing/DefaultBillingManager.java|class:com.aefyr.sai.billing.DefaultBillingManager
MemberIgnoringMethod;aDoctor;/Users/rar9993/repos/research/fdroid_apps/native_apps/SAI/NONE_TRANSFORMED_;/Users/rar9993/repos/research/fdroid_apps/native_apps/SAI/app/src/fdroid/java/com/aefyr/sai/billing/ExternalDonationServiceBillingProduct.java;file:/Users/rar9993/repos/research/fdroid_apps/native_apps/SAI/app/src/fdroid/java/com/aefyr/sai/billing/ExternalDonationServiceBillingProduct.java|class:com.aefyr.sai.billing.ExternalDonationServiceBillingProduct
MemberIgnoringMethod;aDoctor;/Users/rar9993/repos/research/fdroid_apps/native_apps/SAI/NONE_TRANSFORMED_;/Users/rar9993/repos/research/fdroid_apps/native_apps/SAI/app/src/normal/java/com/aefyr/sai/billing/DefaultBillingManager.java;file:/Users/rar9993/repos/research/fdroid_apps/native_apps/SAI/app/src/normal/java/com/aefyr/sai/billing/DefaultBillingManager.java|class:com.aefyr.sai.billing.DefaultBillingManager
MemberIgnoringMethod;aDoctor;/Users/rar9993/repos/research/fdroid_apps/native_apps/SAI/NONE_TRANSFORMED_;/Users/rar9993/repos/research/fdroid_apps/native_apps/SAI/app/src/fdroid/java/com/aefyr/sai/analytics/DefaultAnalyticsProvider.java;file:/Users/rar9993/repos/research/fdroid_apps/native_apps/SAI/app/src/fdroid/java/com/aefyr/sai/analytics/DefaultAnalyticsProvider.java|class:com.aefyr.sai.analytics.DefaultAnalyticsProvider
MemberIgnoringMethod;aDoctor;/Users/rar9993/repos/research/fdroid_apps/native_apps/SAI/NONE_TRANSFORMED_;/Users/rar9993/repos/research/fdroid_apps/native_apps/SAI/app/src/normal/java/com/aefyr/sai/analytics/DefaultAnalyticsProvider.java;file:/Users/rar9993/repos/research/fdroid_apps/native_apps/SAI/app/src/normal/java/com/aefyr/sai/analytics/DefaultAnalyticsProvider.java|class:com.aefyr.sai.analytics.DefaultAnalyticsProvider
LeakingInnerClass;aDoctor;/Users/rar9993/repos/research/fdroid_apps/native_apps/SAI/NONE_TRANSFORMED_;/Users/rar9993/repos/research/fdroid_apps/native_apps/SAI/app/src/main/java/com/aefyr/sai/ui/fragments/BackupManageAppFragment.java;file:/Users/rar9993/repos/research/fdroid_apps/native_apps/SAI/app/src/main/java/com/aefyr/sai/ui/fragments/BackupManageAppFragment.java|class:com.aefyr.sai.ui.fragments.BackupManageAppFragment
MemberIgnoringMethod;aDoctor;/Users/rar9993/repos/research/fdroid_apps/native_apps/SAI/NONE_TRANSFORMED_;/Users/rar9993/repos/research/fdroid_apps/native_apps/SAI/app/src/main/java/com/aefyr/sai/ui/fragments/BackupManageAppFragment.java;file:/Users/rar9993/repos/research/fdroid_apps/native_apps/SAI/app/src/main/java/com/aefyr/sai/ui/fragments/BackupManageAppFragment.java|class:com.aefyr.sai.ui.fragments.BackupManageAppFragment
MemberIgnoringMethod;aDoctor;/Users/rar9993/repos/research/fdroid_apps/native_apps/SAI/NONE_TRANSFORMED_;/Users/rar9993/repos/research/fdroid_apps/native_apps/SAI/app/src/main/java/com/aefyr/sai/ui/fragments/PreferencesFragment.java;file:/Users/rar9993/repos/research/fdroid_apps/native_apps/SAI/app/src/main/java/com/aefyr/sai/ui/fragments/PreferencesFragment.java|class:com.aefyr.sai.ui.fragments.PreferencesFragment
NoLowMemoryResolver;aDoctor;/Users/rar9993/repos/research/fdroid_apps/native_apps/SAI/NONE_TRANSFORMED_;/Users/rar9993/repos/research/fdroid_apps/native_apps/SAI/app/src/main/java/com/aefyr/sai/ui/fragments/PreferencesFragment.java;file:/Users/rar9993/repos/research/fdroid_apps/native_apps/SAI/app/src/main/java/com/aefyr/sai/ui/fragments/PreferencesFragment.java|class:com.aefyr.sai.ui.fragments.PreferencesFragment
MemberIgnoringMethod;aDoctor;/Users/rar9993/repos/research/fdroid_apps/native_apps/SAI/NONE_TRANSFORMED_;/Users/rar9993/repos/research/fdroid_apps/native_apps/SAI/app/src/main/java/com/aefyr/sai/ui/fragments/DonateFragment.java;file:/Users/rar9993/repos/research/fdroid_apps/native_apps/SAI/app/src/main/java/com/aefyr/sai/ui/fragments/DonateFragment.java|class:com.aefyr.sai.ui.fragments.DonateFragment
NoLowMemoryResolver;aDoctor;/Users/rar9993/repos/research/fdroid_apps/native_apps/SAI/NONE_TRANSFORMED_;/Users/rar9993/repos/research/fdroid_apps/native_apps/SAI/app/src/main/java/com/aefyr/sai/ui/fragments/SaiBaseFragment.java;file:/Users/rar9993/repos/research/fdroid_apps/native_apps/SAI/app/src/main/java/com/aefyr/sai/ui/fragments/SaiBaseFragment.java|class:com.aefyr.sai.ui.fragments.SaiBaseFragment
MemberIgnoringMethod;aDoctor;/Users/rar9993/repos/research/fdroid_apps/native_apps/SAI/NONE_TRANSFORMED_;/Users/rar9993/repos/research/fdroid_apps/native_apps/SAI/app/src/main/java/com/aefyr/sai/ui/fragments/BackupFragment.java;file:/Users/rar9993/repos/research/fdroid_apps/native_apps/SAI/app/src/main/java/com/aefyr/sai/ui/fragments/BackupFragment.java|class:com.aefyr.sai.ui.fragments.BackupFragment
MemberIgnoringMethod;aDoctor;/Users/rar9993/repos/research/fdroid_apps/native_apps/SAI/NONE_TRANSFORMED_;/Users/rar9993/repos/research/fdroid_apps/native_apps/SAI/app/src/main/java/com/aefyr/sai/ui/fragments/LegacyInstallerFragment.java;file:/Users/rar9993/repos/research/fdroid_apps/native_apps/SAI/app/src/main/java/com/aefyr/sai/ui/fragments/LegacyInstallerFragment.java|class:com.aefyr.sai.ui.fragments.LegacyInstallerFragment
SlowForLoop;aDoctor;/Users/rar9993/repos/research/fdroid_apps/native_apps/SAI/NONE_TRANSFORMED_;/Users/rar9993/repos/research/fdroid_apps/native_apps/SAI/app/src/main/java/com/aefyr/sai/ui/fragments/LegacyInstallerFragment.java;file:/Users/rar9993/repos/research/fdroid_apps/native_apps/SAI/app/src/main/java/com/aefyr/sai/ui/fragments/LegacyInstallerFragment.java|class:com.aefyr.sai.ui.fragments.LegacyInstallerFragment
MemberIgnoringMethod;aDoctor;/Users/rar9993/repos/research/fdroid_apps/native_apps/SAI/NONE_TRANSFORMED_;/Users/rar9993/repos/research/fdroid_apps/native_apps/SAI/app/src/main/java/com/aefyr/sai/ui/fragments/Installer2Fragment.java;file:/Users/rar9993/repos/research/fdroid_apps/native_apps/SAI/app/src/main/java/com/aefyr/sai/ui/fragments/Installer2Fragment.java|class:com.aefyr.sai.ui.fragments.Installer2Fragment
SlowForLoop;aDoctor;/Users/rar9993/repos/research/fdroid_apps/native_apps/SAI/NONE_TRANSFORMED_;/Users/rar9993/repos/research/fdroid_apps/native_apps/SAI/app/src/main/java/com/aefyr/sai/ui/fragments/Installer2Fragment.java;file:/Users/rar9993/repos/research/fdroid_apps/native_apps/SAI/app/src/main/java/com/aefyr/sai/ui/fragments/Installer2Fragment.java|class:com.aefyr.sai.ui.fragments.Installer2Fragment
NoLowMemoryResolver;aDoctor;/Users/rar9993/repos/research/fdroid_apps/native_apps/SAI/NONE_TRANSFORMED_;/Users/rar9993/repos/research/fdroid_apps/native_apps/SAI/app/src/main/java/com/aefyr/sai/ui/fragments/SuperSecretPreferencesFragment.java;file:/Users/rar9993/repos/research/fdroid_apps/native_apps/SAI/app/src/main/java/com/aefyr/sai/ui/fragments/SuperSecretPreferencesFragment.java|class:com.aefyr.sai.ui.fragments.SuperSecretPreferencesFragment
LeakingInnerClass;aDoctor;/Users/rar9993/repos/research/fdroid_apps/native_apps/SAI/NONE_TRANSFORMED_;/Users/rar9993/repos/research/fdroid_apps/native_apps/SAI/app/src/main/java/com/aefyr/sai/ui/fragments/miui/MiEntryFragment.java;file:/Users/rar9993/repos/research/fdroid_apps/native_apps/SAI/app/src/main/java/com/aefyr/sai/ui/fragments/miui/MiEntryFragment.java|class:com.aefyr.sai.ui.fragments.miui.MiEntryFragment
MemberIgnoringMethod;aDoctor;/Users/rar9993/repos/research/fdroid_apps/native_apps/SAI/NONE_TRANSFORMED_;/Users/rar9993/repos/research/fdroid_apps/native_apps/SAI/app/src/main/java/com/aefyr/sai/ui/fragments/miui/MiEntryFragment.java;file:/Users/rar9993/repos/research/fdroid_apps/native_apps/SAI/app/src/main/java/com/aefyr/sai/ui/fragments/miui/MiEntryFragment.java|class:com.aefyr.sai.ui.fragments.miui.MiEntryFragment
SlowForLoop;aDoctor;/Users/rar9993/repos/research/fdroid_apps/native_apps/SAI/NONE_TRANSFORMED_;/Users/rar9993/repos/research/fdroid_apps/native_apps/SAI/app/src/main/java/com/aefyr/sai/ui/recycler/InstallerXAdapterDividerItemDecoration.java;file:/Users/rar9993/repos/research/fdroid_apps/native_apps/SAI/app/src/main/java/com/aefyr/sai/ui/recycler/InstallerXAdapterDividerItemDecoration.java|class:com.aefyr.sai.ui.recycler.InstallerXAdapterDividerItemDecoration
LeakingInnerClass;aDoctor;/Users/rar9993/repos/research/fdroid_apps/native_apps/SAI/NONE_TRANSFORMED_;/Users/rar9993/repos/research/fdroid_apps/native_apps/SAI/app/src/main/java/com/aefyr/sai/ui/dialogs/BatchBackupDialogFragment.java;file:/Users/rar9993/repos/research/fdroid_apps/native_apps/SAI/app/src/main/java/com/aefyr/sai/ui/dialogs/BatchBackupDialogFragment.java|class:com.aefyr.sai.ui.dialogs.BatchBackupDialogFragment
MemberIgnoringMethod;aDoctor;/Users/rar9993/repos/research/fdroid_apps/native_apps/SAI/NONE_TRANSFORMED_;/Users/rar9993/repos/research/fdroid_apps/native_apps/SAI/app/src/main/java/com/aefyr/sai/ui/dialogs/BatchBackupDialogFragment.java;file:/Users/rar9993/repos/research/fdroid_apps/native_apps/SAI/app/src/main/java/com/aefyr/sai/ui/dialogs/BatchBackupDialogFragment.java|class:com.aefyr.sai.ui.dialogs.BatchBackupDialogFragment
NoLowMemoryResolver;aDoctor;/Users/rar9993/repos/research/fdroid_apps/native_apps/SAI/NONE_TRANSFORMED_;/Users/rar9993/repos/research/fdroid_apps/native_apps/SAI/app/src/main/java/com/aefyr/sai/ui/dialogs/BatchBackupDialogFragment.java;file:/Users/rar9993/repos/research/fdroid_apps/native_apps/SAI/app/src/main/java/com/aefyr/sai/ui/dialogs/BatchBackupDialogFragment.java|class:com.aefyr.sai.ui.dialogs.BatchBackupDialogFragment
LeakingInnerClass;aDoctor;/Users/rar9993/repos/research/fdroid_apps/native_apps/SAI/NONE_TRANSFORMED_;/Users/rar9993/repos/research/fdroid_apps/native_apps/SAI/app/src/main/java/com/aefyr/sai/ui/dialogs/SimpleAlertDialogFragment.java;file:/Users/rar9993/repos/research/fdroid_apps/native_apps/SAI/app/src/main/java/com/aefyr/sai/ui/dialogs/SimpleAlertDialogFragment.java|class:com.aefyr.sai.ui.dialogs.SimpleAlertDialogFragment
MemberIgnoringMethod;aDoctor;/Users/rar9993/repos/research/fdroid_apps/native_apps/SAI/NONE_TRANSFORMED_;/Users/rar9993/repos/research/fdroid_apps/native_apps/SAI/app/src/main/java/com/aefyr/sai/ui/dialogs/SimpleAlertDialogFragment.java;file:/Users/rar9993/repos/research/fdroid_apps/native_apps/SAI/app/src/main/java/com/aefyr/sai/ui/dialogs/SimpleAlertDialogFragment.java|class:com.aefyr.sai.ui.dialogs.SimpleAlertDialogFragment
NoLowMemoryResolver;aDoctor;/Users/rar9993/repos/research/fdroid_apps/native_apps/SAI/NONE_TRANSFORMED_;/Users/rar9993/repos/research/fdroid_apps/native_apps/SAI/app/src/main/java/com/aefyr/sai/ui/dialogs/SimpleAlertDialogFragment.java;file:/Users/rar9993/repos/research/fdroid_apps/native_apps/SAI/app/src/main/java/com/aefyr/sai/ui/dialogs/SimpleAlertDialogFragment.java|class:com.aefyr.sai.ui.dialogs.SimpleAlertDialogFragment
LeakingInnerClass;aDoctor;/Users/rar9993/repos/research/fdroid_apps/native_apps/SAI/NONE_TRANSFORMED_;/Users/rar9993/repos/research/fdroid_apps/native_apps/SAI/app/src/main/java/com/aefyr/sai/ui/dialogs/InstallationConfirmationDialogFragment.java;file:/Users/rar9993/repos/research/fdroid_apps/native_apps/SAI/app/src/main/java/com/aefyr/sai/ui/dialogs/InstallationConfirmationDialogFragment.java|class:com.aefyr.sai.ui.dialogs.InstallationConfirmationDialogFragment
MemberIgnoringMethod;aDoctor;/Users/rar9993/repos/research/fdroid_apps/native_apps/SAI/NONE_TRANSFORMED_;/Users/rar9993/repos/research/fdroid_apps/native_apps/SAI/app/src/main/java/com/aefyr/sai/ui/dialogs/InstallationConfirmationDialogFragment.java;file:/Users/rar9993/repos/research/fdroid_apps/native_apps/SAI/app/src/main/java/com/aefyr/sai/ui/dialogs/InstallationConfirmationDialogFragment.java|class:com.aefyr.sai.ui.dialogs.InstallationConfirmationDialogFragment
NoLowMemoryResolver;aDoctor;/Users/rar9993/repos/research/fdroid_apps/native_apps/SAI/NONE_TRANSFORMED_;/Users/rar9993/repos/research/fdroid_apps/native_apps/SAI/app/src/main/java/com/aefyr/sai/ui/dialogs/InstallationConfirmationDialogFragment.java;file:/Users/rar9993/repos/research/fdroid_apps/native_apps/SAI/app/src/main/java/com/aefyr/sai/ui/dialogs/InstallationConfirmationDialogFragment.java|class:com.aefyr.sai.ui.dialogs.InstallationConfirmationDialogFragment
UnclosedCloseable;aDoctor;/Users/rar9993/repos/research/fdroid_apps/native_apps/SAI/NONE_TRANSFORMED_;/Users/rar9993/repos/research/fdroid_apps/native_apps/SAI/app/src/main/java/com/aefyr/sai/ui/dialogs/InstallationConfirmationDialogFragment.java;file:/Users/rar9993/repos/research/fdroid_apps/native_apps/SAI/app/src/main/java/com/aefyr/sai/ui/dialogs/InstallationConfirmationDialogFragment.java|class:com.aefyr.sai.ui.dialogs.InstallationConfirmationDialogFragment
MemberIgnoringMethod;aDoctor;/Users/rar9993/repos/research/fdroid_apps/native_apps/SAI/NONE_TRANSFORMED_;/Users/rar9993/repos/research/fdroid_apps/native_apps/SAI/app/src/main/java/com/aefyr/sai/ui/dialogs/BackupDialogFragment.java;file:/Users/rar9993/repos/research/fdroid_apps/native_apps/SAI/app/src/main/java/com/aefyr/sai/ui/dialogs/BackupDialogFragment.java|class:com.aefyr.sai.ui.dialogs.BackupDialogFragment
NoLowMemoryResolver;aDoctor;/Users/rar9993/repos/research/fdroid_apps/native_apps/SAI/NONE_TRANSFORMED_;/Users/rar9993/repos/research/fdroid_apps/native_apps/SAI/app/src/main/java/com/aefyr/sai/ui/dialogs/ErrorLogDialogFragment2.java;file:/Users/rar9993/repos/research/fdroid_apps/native_apps/SAI/app/src/main/java/com/aefyr/sai/ui/dialogs/ErrorLogDialogFragment2.java|class:com.aefyr.sai.ui.dialogs.ErrorLogDialogFragment2
NoLowMemoryResolver;aDoctor;/Users/rar9993/repos/research/fdroid_apps/native_apps/SAI/NONE_TRANSFORMED_;/Users/rar9993/repos/research/fdroid_apps/native_apps/SAI/app/src/main/java/com/aefyr/sai/ui/dialogs/MiuiWarningDialogFragment.java;file:/Users/rar9993/repos/research/fdroid_apps/native_apps/SAI/app/src/main/java/com/aefyr/sai/ui/dialogs/MiuiWarningDialogFragment.java|class:com.aefyr.sai.ui.dialogs.MiuiWarningDialogFragment
LeakingInnerClass;aDoctor;/Users/rar9993/repos/research/fdroid_apps/native_apps/SAI/NONE_TRANSFORMED_;/Users/rar9993/repos/research/fdroid_apps/native_apps/SAI/app/src/main/java/com/aefyr/sai/ui/dialogs/FilePickerDialogFragment.java;file:/Users/rar9993/repos/research/fdroid_apps/native_apps/SAI/app/src/main/java/com/aefyr/sai/ui/dialogs/FilePickerDialogFragment.java|class:com.aefyr.sai.ui.dialogs.FilePickerDialogFragment
NoLowMemoryResolver;aDoctor;/Users/rar9993/repos/research/fdroid_apps/native_apps/SAI/NONE_TRANSFORMED_;/Users/rar9993/repos/research/fdroid_apps/native_apps/SAI/app/src/main/java/com/aefyr/sai/ui/dialogs/FilePickerDialogFragment.java;file:/Users/rar9993/repos/research/fdroid_apps/native_apps/SAI/app/src/main/java/com/aefyr/sai/ui/dialogs/FilePickerDialogFragment.java|class:com.aefyr.sai.ui.dialogs.FilePickerDialogFragment
LeakingInnerClass;aDoctor;/Users/rar9993/repos/research/fdroid_apps/native_apps/SAI/NONE_TRANSFORMED_;/Users/rar9993/repos/research/fdroid_apps/native_apps/SAI/app/src/main/java/com/aefyr/sai/ui/dialogs/SingleChoiceListDialogFragment.java;file:/Users/rar9993/repos/research/fdroid_apps/native_apps/SAI/app/src/main/java/com/aefyr/sai/ui/dialogs/SingleChoiceListDialogFragment.java|class:com.aefyr.sai.ui.dialogs.SingleChoiceListDialogFragment
MemberIgnoringMethod;aDoctor;/Users/rar9993/repos/research/fdroid_apps/native_apps/SAI/NONE_TRANSFORMED_;/Users/rar9993/repos/research/fdroid_apps/native_apps/SAI/app/src/main/java/com/aefyr/sai/ui/dialogs/SingleChoiceListDialogFragment.java;file:/Users/rar9993/repos/research/fdroid_apps/native_apps/SAI/app/src/main/java/com/aefyr/sai/ui/dialogs/SingleChoiceListDialogFragment.java|class:com.aefyr.sai.ui.dialogs.SingleChoiceListDialogFragment
LeakingInnerClass;aDoctor;/Users/rar9993/repos/research/fdroid_apps/native_apps/SAI/NONE_TRANSFORMED_;/Users/rar9993/repos/research/fdroid_apps/native_apps/SAI/app/src/main/java/com/aefyr/sai/ui/dialogs/NameFormatBuilderDialogFragment.java;file:/Users/rar9993/repos/research/fdroid_apps/native_apps/SAI/app/src/main/java/com/aefyr/sai/ui/dialogs/NameFormatBuilderDialogFragment.java|class:com.aefyr.sai.ui.dialogs.NameFormatBuilderDialogFragment
MemberIgnoringMethod;aDoctor;/Users/rar9993/repos/research/fdroid_apps/native_apps/SAI/NONE_TRANSFORMED_;/Users/rar9993/repos/research/fdroid_apps/native_apps/SAI/app/src/main/java/com/aefyr/sai/ui/dialogs/NameFormatBuilderDialogFragment.java;file:/Users/rar9993/repos/research/fdroid_apps/native_apps/SAI/app/src/main/java/com/aefyr/sai/ui/dialogs/NameFormatBuilderDialogFragment.java|class:com.aefyr.sai.ui.dialogs.NameFormatBuilderDialogFragment
NoLowMemoryResolver;aDoctor;/Users/rar9993/repos/research/fdroid_apps/native_apps/SAI/NONE_TRANSFORMED_;/Users/rar9993/repos/research/fdroid_apps/native_apps/SAI/app/src/main/java/com/aefyr/sai/ui/dialogs/AppInstalledDialogFragment.java;file:/Users/rar9993/repos/research/fdroid_apps/native_apps/SAI/app/src/main/java/com/aefyr/sai/ui/dialogs/AppInstalledDialogFragment.java|class:com.aefyr.sai.ui.dialogs.AppInstalledDialogFragment
LeakingInnerClass;aDoctor;/Users/rar9993/repos/research/fdroid_apps/native_apps/SAI/NONE_TRANSFORMED_;/Users/rar9993/repos/research/fdroid_apps/native_apps/SAI/app/src/main/java/com/aefyr/sai/ui/dialogs/DarkLightThemeSelectionDialogFragment.java;file:/Users/rar9993/repos/research/fdroid_apps/native_apps/SAI/app/src/main/java/com/aefyr/sai/ui/dialogs/DarkLightThemeSelectionDialogFragment.java|class:com.aefyr.sai.ui.dialogs.DarkLightThemeSelectionDialogFragment
MemberIgnoringMethod;aDoctor;/Users/rar9993/repos/research/fdroid_apps/native_apps/SAI/NONE_TRANSFORMED_;/Users/rar9993/repos/research/fdroid_apps/native_apps/SAI/app/src/main/java/com/aefyr/sai/ui/dialogs/DarkLightThemeSelectionDialogFragment.java;file:/Users/rar9993/repos/research/fdroid_apps/native_apps/SAI/app/src/main/java/com/aefyr/sai/ui/dialogs/DarkLightThemeSelectionDialogFragment.java|class:com.aefyr.sai.ui.dialogs.DarkLightThemeSelectionDialogFragment
NoLowMemoryResolver;aDoctor;/Users/rar9993/repos/research/fdroid_apps/native_apps/SAI/NONE_TRANSFORMED_;/Users/rar9993/repos/research/fdroid_apps/native_apps/SAI/app/src/main/java/com/aefyr/sai/ui/dialogs/RestoreBackupDialogFragment.java;file:/Users/rar9993/repos/research/fdroid_apps/native_apps/SAI/app/src/main/java/com/aefyr/sai/ui/dialogs/RestoreBackupDialogFragment.java|class:com.aefyr.sai.ui.dialogs.RestoreBackupDialogFragment
MemberIgnoringMethod;aDoctor;/Users/rar9993/repos/research/fdroid_apps/native_apps/SAI/NONE_TRANSFORMED_;/Users/rar9993/repos/research/fdroid_apps/native_apps/SAI/app/src/main/java/com/aefyr/sai/ui/dialogs/DonationSuggestionDialogFragment.java;file:/Users/rar9993/repos/research/fdroid_apps/native_apps/SAI/app/src/main/java/com/aefyr/sai/ui/dialogs/DonationSuggestionDialogFragment.java|class:com.aefyr.sai.ui.dialogs.DonationSuggestionDialogFragment
LeakingInnerClass;aDoctor;/Users/rar9993/repos/research/fdroid_apps/native_apps/SAI/NONE_TRANSFORMED_;/Users/rar9993/repos/research/fdroid_apps/native_apps/SAI/app/src/main/java/com/aefyr/sai/ui/dialogs/UriDirectoryPickerDialogFragment.java;file:/Users/rar9993/repos/research/fdroid_apps/native_apps/SAI/app/src/main/java/com/aefyr/sai/ui/dialogs/UriDirectoryPickerDialogFragment.java|class:com.aefyr.sai.ui.dialogs.UriDirectoryPickerDialogFragment
MemberIgnoringMethod;aDoctor;/Users/rar9993/repos/research/fdroid_apps/native_apps/SAI/NONE_TRANSFORMED_;/Users/rar9993/repos/research/fdroid_apps/native_apps/SAI/app/src/main/java/com/aefyr/sai/ui/dialogs/UriDirectoryPickerDialogFragment.java;file:/Users/rar9993/repos/research/fdroid_apps/native_apps/SAI/app/src/main/java/com/aefyr/sai/ui/dialogs/UriDirectoryPickerDialogFragment.java|class:com.aefyr.sai.ui.dialogs.UriDirectoryPickerDialogFragment
MemberIgnoringMethod;aDoctor;/Users/rar9993/repos/research/fdroid_apps/native_apps/SAI/NONE_TRANSFORMED_;/Users/rar9993/repos/research/fdroid_apps/native_apps/SAI/app/src/main/java/com/aefyr/sai/ui/dialogs/InstallerXDialogFragment.java;file:/Users/rar9993/repos/research/fdroid_apps/native_apps/SAI/app/src/main/java/com/aefyr/sai/ui/dialogs/InstallerXDialogFragment.java|class:com.aefyr.sai.ui.dialogs.InstallerXDialogFragment
SlowForLoop;aDoctor;/Users/rar9993/repos/research/fdroid_apps/native_apps/SAI/NONE_TRANSFORMED_;/Users/rar9993/repos/research/fdroid_apps/native_apps/SAI/app/src/main/java/com/aefyr/sai/ui/dialogs/InstallerXDialogFragment.java;file:/Users/rar9993/repos/research/fdroid_apps/native_apps/SAI/app/src/main/java/com/aefyr/sai/ui/dialogs/InstallerXDialogFragment.java|class:com.aefyr.sai.ui.dialogs.InstallerXDialogFragment
NoLowMemoryResolver;aDoctor;/Users/rar9993/repos/research/fdroid_apps/native_apps/SAI/NONE_TRANSFORMED_;/Users/rar9993/repos/research/fdroid_apps/native_apps/SAI/app/src/main/java/com/aefyr/sai/ui/dialogs/OneTimeWarningDialogFragment.java;file:/Users/rar9993/repos/research/fdroid_apps/native_apps/SAI/app/src/main/java/com/aefyr/sai/ui/dialogs/OneTimeWarningDialogFragment.java|class:com.aefyr.sai.ui.dialogs.OneTimeWarningDialogFragment
NoLowMemoryResolver;aDoctor;/Users/rar9993/repos/research/fdroid_apps/native_apps/SAI/NONE_TRANSFORMED_;/Users/rar9993/repos/research/fdroid_apps/native_apps/SAI/app/src/main/java/com/aefyr/sai/ui/dialogs/DeleteBackupConfirmationDialog.java;file:/Users/rar9993/repos/research/fdroid_apps/native_apps/SAI/app/src/main/java/com/aefyr/sai/ui/dialogs/DeleteBackupConfirmationDialog.java|class:com.aefyr.sai.ui.dialogs.DeleteBackupConfirmationDialog
LeakingInnerClass;aDoctor;/Users/rar9993/repos/research/fdroid_apps/native_apps/SAI/NONE_TRANSFORMED_;/Users/rar9993/repos/research/fdroid_apps/native_apps/SAI/app/src/main/java/com/aefyr/sai/ui/dialogs/ThemeSelectionDialogFragment.java;file:/Users/rar9993/repos/research/fdroid_apps/native_apps/SAI/app/src/main/java/com/aefyr/sai/ui/dialogs/ThemeSelectionDialogFragment.java|class:com.aefyr.sai.ui.dialogs.ThemeSelectionDialogFragment
MemberIgnoringMethod;aDoctor;/Users/rar9993/repos/research/fdroid_apps/native_apps/SAI/NONE_TRANSFORMED_;/Users/rar9993/repos/research/fdroid_apps/native_apps/SAI/app/src/main/java/com/aefyr/sai/ui/dialogs/ThemeSelectionDialogFragment.java;file:/Users/rar9993/repos/research/fdroid_apps/native_apps/SAI/app/src/main/java/com/aefyr/sai/ui/dialogs/ThemeSelectionDialogFragment.java|class:com.aefyr.sai.ui.dialogs.ThemeSelectionDialogFragment
NoLowMemoryResolver;aDoctor;/Users/rar9993/repos/research/fdroid_apps/native_apps/SAI/NONE_TRANSFORMED_;/Users/rar9993/repos/research/fdroid_apps/native_apps/SAI/app/src/main/java/com/aefyr/sai/ui/dialogs/ErrorLogDialogFragment.java;file:/Users/rar9993/repos/research/fdroid_apps/native_apps/SAI/app/src/main/java/com/aefyr/sai/ui/dialogs/ErrorLogDialogFragment.java|class:com.aefyr.sai.ui.dialogs.ErrorLogDialogFragment
LeakingInnerClass;aDoctor;/Users/rar9993/repos/research/fdroid_apps/native_apps/SAI/NONE_TRANSFORMED_;/Users/rar9993/repos/research/fdroid_apps/native_apps/SAI/app/src/main/java/com/aefyr/sai/ui/dialogs/base/BaseBottomSheetDialogFragment.java;file:/Users/rar9993/repos/research/fdroid_apps/native_apps/SAI/app/src/main/java/com/aefyr/sai/ui/dialogs/base/BaseBottomSheetDialogFragment.java|class:com.aefyr.sai.ui.dialogs.base.BaseBottomSheetDialogFragment
MemberIgnoringMethod;aDoctor;/Users/rar9993/repos/research/fdroid_apps/native_apps/SAI/NONE_TRANSFORMED_;/Users/rar9993/repos/research/fdroid_apps/native_apps/SAI/app/src/main/java/com/aefyr/sai/ui/dialogs/base/BaseBottomSheetDialogFragment.java;file:/Users/rar9993/repos/research/fdroid_apps/native_apps/SAI/app/src/main/java/com/aefyr/sai/ui/dialogs/base/BaseBottomSheetDialogFragment.java|class:com.aefyr.sai.ui.dialogs.base.BaseBottomSheetDialogFragment
MemberIgnoringMethod;aDoctor;/Users/rar9993/repos/research/fdroid_apps/native_apps/SAI/NONE_TRANSFORMED_;/Users/rar9993/repos/research/fdroid_apps/native_apps/SAI/app/src/main/java/com/aefyr/sai/ui/activities/ConfirmationIntentWrapperActivity.java;file:/Users/rar9993/repos/research/fdroid_apps/native_apps/SAI/app/src/main/java/com/aefyr/sai/ui/activities/ConfirmationIntentWrapperActivity.java|class:com.aefyr.sai.ui.activities.ConfirmationIntentWrapperActivity
NoLowMemoryResolver;aDoctor;/Users/rar9993/repos/research/fdroid_apps/native_apps/SAI/NONE_TRANSFORMED_;/Users/rar9993/repos/research/fdroid_apps/native_apps/SAI/app/src/main/java/com/aefyr/sai/ui/activities/ConfirmationIntentWrapperActivity.java;file:/Users/rar9993/repos/research/fdroid_apps/native_apps/SAI/app/src/main/java/com/aefyr/sai/ui/activities/ConfirmationIntentWrapperActivity.java|class:com.aefyr.sai.ui.activities.ConfirmationIntentWrapperActivity
MemberIgnoringMethod;aDoctor;/Users/rar9993/repos/research/fdroid_apps/native_apps/SAI/NONE_TRANSFORMED_;/Users/rar9993/repos/research/fdroid_apps/native_apps/SAI/app/src/main/java/com/aefyr/sai/ui/activities/AboutActivity.java;file:/Users/rar9993/repos/research/fdroid_apps/native_apps/SAI/app/src/main/java/com/aefyr/sai/ui/activities/AboutActivity.java|class:com.aefyr.sai.ui.activities.AboutActivity
MemberIgnoringMethod;aDoctor;/Users/rar9993/repos/research/fdroid_apps/native_apps/SAI/NONE_TRANSFORMED_;/Users/rar9993/repos/research/fdroid_apps/native_apps/SAI/app/src/main/java/com/aefyr/sai/ui/activities/MainActivity.java;file:/Users/rar9993/repos/research/fdroid_apps/native_apps/SAI/app/src/main/java/com/aefyr/sai/ui/activities/MainActivity.java|class:com.aefyr.sai.ui.activities.MainActivity
SlowForLoop;aDoctor;/Users/rar9993/repos/research/fdroid_apps/native_apps/SAI/NONE_TRANSFORMED_;/Users/rar9993/repos/research/fdroid_apps/native_apps/SAI/app/src/main/java/com/aefyr/sai/ui/activities/MainActivity.java;file:/Users/rar9993/repos/research/fdroid_apps/native_apps/SAI/app/src/main/java/com/aefyr/sai/ui/activities/MainActivity.java|class:com.aefyr.sai.ui.activities.MainActivity
MemberIgnoringMethod;aDoctor;/Users/rar9993/repos/research/fdroid_apps/native_apps/SAI/NONE_TRANSFORMED_;/Users/rar9993/repos/research/fdroid_apps/native_apps/SAI/app/src/main/java/com/aefyr/sai/ui/activities/BackupManageAppActivity.java;file:/Users/rar9993/repos/research/fdroid_apps/native_apps/SAI/app/src/main/java/com/aefyr/sai/ui/activities/BackupManageAppActivity.java|class:com.aefyr.sai.ui.activities.BackupManageAppActivity
MemberIgnoringMethod;aDoctor;/Users/rar9993/repos/research/fdroid_apps/native_apps/SAI/NONE_TRANSFORMED_;/Users/rar9993/repos/research/fdroid_apps/native_apps/SAI/app/src/main/java/com/aefyr/sai/ui/activities/ThemedActivity.java;file:/Users/rar9993/repos/research/fdroid_apps/native_apps/SAI/app/src/main/java/com/aefyr/sai/ui/activities/ThemedActivity.java|class:com.aefyr.sai.ui.activities.ThemedActivity
NoLowMemoryResolver;aDoctor;/Users/rar9993/repos/research/fdroid_apps/native_apps/SAI/NONE_TRANSFORMED_;/Users/rar9993/repos/research/fdroid_apps/native_apps/SAI/app/src/main/java/com/aefyr/sai/ui/activities/ThemedActivity.java;file:/Users/rar9993/repos/research/fdroid_apps/native_apps/SAI/app/src/main/java/com/aefyr/sai/ui/activities/ThemedActivity.java|class:com.aefyr.sai.ui.activities.ThemedActivity
MemberIgnoringMethod;aDoctor;/Users/rar9993/repos/research/fdroid_apps/native_apps/SAI/NONE_TRANSFORMED_;/Users/rar9993/repos/research/fdroid_apps/native_apps/SAI/app/src/main/java/com/aefyr/sai/viewmodels/BackupViewModel.java;file:/Users/rar9993/repos/research/fdroid_apps/native_apps/SAI/app/src/main/java/com/aefyr/sai/viewmodels/BackupViewModel.java|class:com.aefyr.sai.viewmodels.BackupViewModel
MemberIgnoringMethod;aDoctor;/Users/rar9993/repos/research/fdroid_apps/native_apps/SAI/NONE_TRANSFORMED_;/Users/rar9993/repos/research/fdroid_apps/native_apps/SAI/app/src/main/java/com/aefyr/sai/viewmodels/LicensesViewModel.java;file:/Users/rar9993/repos/research/fdroid_apps/native_apps/SAI/app/src/main/java/com/aefyr/sai/viewmodels/LicensesViewModel.java|class:com.aefyr.sai.viewmodels.LicensesViewModel
UnclosedCloseable;aDoctor;/Users/rar9993/repos/research/fdroid_apps/native_apps/SAI/NONE_TRANSFORMED_;/Users/rar9993/repos/research/fdroid_apps/native_apps/SAI/app/src/main/java/com/aefyr/sai/viewmodels/LicensesViewModel.java;file:/Users/rar9993/repos/research/fdroid_apps/native_apps/SAI/app/src/main/java/com/aefyr/sai/viewmodels/LicensesViewModel.java|class:com.aefyr.sai.viewmodels.LicensesViewModel
DataTransmissionWithoutCompression;aDoctor;/Users/rar9993/repos/research/fdroid_apps/native_apps/SAI/NONE_TRANSFORMED_;/Users/rar9993/repos/research/fdroid_apps/native_apps/SAI/app/src/main/java/com/aefyr/sai/viewmodels/InstallerXDialogViewModel.java;file:/Users/rar9993/repos/research/fdroid_apps/native_apps/SAI/app/src/main/java/com/aefyr/sai/viewmodels/InstallerXDialogViewModel.java|class:com.aefyr.sai.viewmodels.InstallerXDialogViewModel
LeakingInnerClass;aDoctor;/Users/rar9993/repos/research/fdroid_apps/native_apps/SAI/NONE_TRANSFORMED_;/Users/rar9993/repos/research/fdroid_apps/native_apps/SAI/app/src/main/java/com/aefyr/sai/viewmodels/InstallerXDialogViewModel.java;file:/Users/rar9993/repos/research/fdroid_apps/native_apps/SAI/app/src/main/java/com/aefyr/sai/viewmodels/InstallerXDialogViewModel.java|class:com.aefyr.sai.viewmodels.InstallerXDialogViewModel
DataTransmissionWithoutCompression;aDoctor;/Users/rar9993/repos/research/fdroid_apps/native_apps/SAI/NONE_TRANSFORMED_;/Users/rar9993/repos/research/fdroid_apps/native_apps/SAI/app/src/main/java/com/aefyr/sai/viewmodels/BackupDialogViewModel.java;file:/Users/rar9993/repos/research/fdroid_apps/native_apps/SAI/app/src/main/java/com/aefyr/sai/viewmodels/BackupDialogViewModel.java|class:com.aefyr.sai.viewmodels.BackupDialogViewModel
LeakingInnerClass;aDoctor;/Users/rar9993/repos/research/fdroid_apps/native_apps/SAI/NONE_TRANSFORMED_;/Users/rar9993/repos/research/fdroid_apps/native_apps/SAI/app/src/main/java/com/aefyr/sai/viewmodels/BackupDialogViewModel.java;file:/Users/rar9993/repos/research/fdroid_apps/native_apps/SAI/app/src/main/java/com/aefyr/sai/viewmodels/BackupDialogViewModel.java|class:com.aefyr.sai.viewmodels.BackupDialogViewModel
MemberIgnoringMethod;aDoctor;/Users/rar9993/repos/research/fdroid_apps/native_apps/SAI/NONE_TRANSFORMED_;/Users/rar9993/repos/research/fdroid_apps/native_apps/SAI/app/src/main/java/com/aefyr/sai/viewmodels/BackupDialogViewModel.java;file:/Users/rar9993/repos/research/fdroid_apps/native_apps/SAI/app/src/main/java/com/aefyr/sai/viewmodels/BackupDialogViewModel.java|class:com.aefyr.sai.viewmodels.BackupDialogViewModel
WakeLock;aDoctor;/Users/rar9993/repos/research/fdroid_apps/native_apps/SAI/NONE_TRANSFORMED_;/Users/rar9993/repos/research/fdroid_apps/native_apps/SAI/app/src/main/java/com/aefyr/sai/shell/SuShell.java;file:/Users/rar9993/repos/research/fdroid_apps/native_apps/SAI/app/src/main/java/com/aefyr/sai/shell/SuShell.java|class:com.aefyr.sai.shell.SuShell
MemberIgnoringMethod;aDoctor;/Users/rar9993/repos/research/fdroid_apps/native_apps/SAI/NONE_TRANSFORMED_;/Users/rar9993/repos/research/fdroid_apps/native_apps/SAI/app/src/main/java/com/aefyr/sai/shell/SuShell.java;file:/Users/rar9993/repos/research/fdroid_apps/native_apps/SAI/app/src/main/java/com/aefyr/sai/shell/SuShell.java|class:com.aefyr.sai.shell.SuShell
LeakingInnerClass;aDoctor;/Users/rar9993/repos/research/fdroid_apps/native_apps/SAI/NONE_TRANSFORMED_;/Users/rar9993/repos/research/fdroid_apps/native_apps/SAI/app/src/main/java/com/aefyr/sai/shell/Shell.java;file:/Users/rar9993/repos/research/fdroid_apps/native_apps/SAI/app/src/main/java/com/aefyr/sai/shell/Shell.java|class:com.aefyr.sai.shell.Shell
SlowForLoop;aDoctor;/Users/rar9993/repos/research/fdroid_apps/native_apps/SAI/NONE_TRANSFORMED_;/Users/rar9993/repos/research/fdroid_apps/native_apps/SAI/app/src/main/java/com/aefyr/sai/shell/Shell.java;file:/Users/rar9993/repos/research/fdroid_apps/native_apps/SAI/app/src/main/java/com/aefyr/sai/shell/Shell.java|class:com.aefyr.sai.shell.Shell
MemberIgnoringMethod;aDoctor;/Users/rar9993/repos/research/fdroid_apps/native_apps/SAI/NONE_TRANSFORMED_;/Users/rar9993/repos/research/fdroid_apps/native_apps/SAI/app/src/main/java/com/aefyr/sai/shell/ShizukuShell.java;file:/Users/rar9993/repos/research/fdroid_apps/native_apps/SAI/app/src/main/java/com/aefyr/sai/shell/ShizukuShell.java|class:com.aefyr.sai.shell.ShizukuShell
MemberIgnoringMethod;aDoctor;/Users/rar9993/repos/research/fdroid_apps/native_apps/SAI/NONE_TRANSFORMED_;/Users/rar9993/repos/research/fdroid_apps/native_apps/SAI/app/src/main/java/com/aefyr/sai/backup2/impl/BackupService2.java;file:/Users/rar9993/repos/research/fdroid_apps/native_apps/SAI/app/src/main/java/com/aefyr/sai/backup2/impl/BackupService2.java|class:com.aefyr.sai.backup2.impl.BackupService2
NoLowMemoryResolver;aDoctor;/Users/rar9993/repos/research/fdroid_apps/native_apps/SAI/NONE_TRANSFORMED_;/Users/rar9993/repos/research/fdroid_apps/native_apps/SAI/app/src/main/java/com/aefyr/sai/backup2/impl/BackupService2.java;file:/Users/rar9993/repos/research/fdroid_apps/native_apps/SAI/app/src/main/java/com/aefyr/sai/backup2/impl/BackupService2.java|class:com.aefyr.sai.backup2.impl.BackupService2
LeakingInnerClass;aDoctor;/Users/rar9993/repos/research/fdroid_apps/native_apps/SAI/NONE_TRANSFORMED_;/Users/rar9993/repos/research/fdroid_apps/native_apps/SAI/app/src/main/java/com/aefyr/sai/backup2/impl/DefaultBackupManager.java;file:/Users/rar9993/repos/research/fdroid_apps/native_apps/SAI/app/src/main/java/com/aefyr/sai/backup2/impl/DefaultBackupManager.java|class:com.aefyr.sai.backup2.impl.DefaultBackupManager
MemberIgnoringMethod;aDoctor;/Users/rar9993/repos/research/fdroid_apps/native_apps/SAI/NONE_TRANSFORMED_;/Users/rar9993/repos/research/fdroid_apps/native_apps/SAI/app/src/main/java/com/aefyr/sai/backup2/impl/DefaultBackupManager.java;file:/Users/rar9993/repos/research/fdroid_apps/native_apps/SAI/app/src/main/java/com/aefyr/sai/backup2/impl/DefaultBackupManager.java|class:com.aefyr.sai.backup2.impl.DefaultBackupManager
SlowForLoop;aDoctor;/Users/rar9993/repos/research/fdroid_apps/native_apps/SAI/NONE_TRANSFORMED_;/Users/rar9993/repos/research/fdroid_apps/native_apps/SAI/app/src/main/java/com/aefyr/sai/backup2/impl/DefaultBackupManager.java;file:/Users/rar9993/repos/research/fdroid_apps/native_apps/SAI/app/src/main/java/com/aefyr/sai/backup2/impl/DefaultBackupManager.java|class:com.aefyr.sai.backup2.impl.DefaultBackupManager
LeakingInnerClass;aDoctor;/Users/rar9993/repos/research/fdroid_apps/native_apps/SAI/NONE_TRANSFORMED_;/Users/rar9993/repos/research/fdroid_apps/native_apps/SAI/app/src/main/java/com/aefyr/sai/backup2/impl/storage/ApksBackupStorage.java;file:/Users/rar9993/repos/research/fdroid_apps/native_apps/SAI/app/src/main/java/com/aefyr/sai/backup2/impl/storage/ApksBackupStorage.java|class:com.aefyr.sai.backup2.impl.storage.ApksBackupStorage
MemberIgnoringMethod;aDoctor;/Users/rar9993/repos/research/fdroid_apps/native_apps/SAI/NONE_TRANSFORMED_;/Users/rar9993/repos/research/fdroid_apps/native_apps/SAI/app/src/main/java/com/aefyr/sai/backup2/impl/storage/ApksBackupStorage.java;file:/Users/rar9993/repos/research/fdroid_apps/native_apps/SAI/app/src/main/java/com/aefyr/sai/backup2/impl/storage/ApksBackupStorage.java|class:com.aefyr.sai.backup2.impl.storage.ApksBackupStorage
MemberIgnoringMethod;aDoctor;/Users/rar9993/repos/research/fdroid_apps/native_apps/SAI/NONE_TRANSFORMED_;/Users/rar9993/repos/research/fdroid_apps/native_apps/SAI/app/src/main/java/com/aefyr/sai/backup2/impl/storage/ApksSingleBackupTaskExecutor.java;file:/Users/rar9993/repos/research/fdroid_apps/native_apps/SAI/app/src/main/java/com/aefyr/sai/backup2/impl/storage/ApksSingleBackupTaskExecutor.java|class:com.aefyr.sai.backup2.impl.storage.ApksSingleBackupTaskExecutor
MemberIgnoringMethod;aDoctor;/Users/rar9993/repos/research/fdroid_apps/native_apps/SAI/NONE_TRANSFORMED_;/Users/rar9993/repos/research/fdroid_apps/native_apps/SAI/app/src/main/java/com/aefyr/sai/backup2/impl/storage/BaseBackupStorage.java;file:/Users/rar9993/repos/research/fdroid_apps/native_apps/SAI/app/src/main/java/com/aefyr/sai/backup2/impl/storage/BaseBackupStorage.java|class:com.aefyr.sai.backup2.impl.storage.BaseBackupStorage
MemberIgnoringMethod;aDoctor;/Users/rar9993/repos/research/fdroid_apps/native_apps/SAI/NONE_TRANSFORMED_;/Users/rar9993/repos/research/fdroid_apps/native_apps/SAI/app/src/main/java/com/aefyr/sai/backup2/impl/local/ui/fragments/LocalBackupStorageSetupFragment.java;file:/Users/rar9993/repos/research/fdroid_apps/native_apps/SAI/app/src/main/java/com/aefyr/sai/backup2/impl/local/ui/fragments/LocalBackupStorageSetupFragment.java|class:com.aefyr.sai.backup2.impl.local.ui.fragments.LocalBackupStorageSetupFragment
MemberIgnoringMethod;aDoctor;/Users/rar9993/repos/research/fdroid_apps/native_apps/SAI/NONE_TRANSFORMED_;/Users/rar9993/repos/research/fdroid_apps/native_apps/SAI/app/src/main/java/com/aefyr/sai/backup2/impl/local/ui/fragments/LocalBackupStorageSettingsFragment.java;file:/Users/rar9993/repos/research/fdroid_apps/native_apps/SAI/app/src/main/java/com/aefyr/sai/backup2/impl/local/ui/fragments/LocalBackupStorageSettingsFragment.java|class:com.aefyr.sai.backup2.impl.local.ui.fragments.LocalBackupStorageSettingsFragment
NoLowMemoryResolver;aDoctor;/Users/rar9993/repos/research/fdroid_apps/native_apps/SAI/NONE_TRANSFORMED_;/Users/rar9993/repos/research/fdroid_apps/native_apps/SAI/app/src/main/java/com/aefyr/sai/backup2/impl/local/ui/fragments/LocalBackupStorageSettingsFragment.java;file:/Users/rar9993/repos/research/fdroid_apps/native_apps/SAI/app/src/main/java/com/aefyr/sai/backup2/impl/local/ui/fragments/LocalBackupStorageSettingsFragment.java|class:com.aefyr.sai.backup2.impl.local.ui.fragments.LocalBackupStorageSettingsFragment
DataTransmissionWithoutCompression;aDoctor;/Users/rar9993/repos/research/fdroid_apps/native_apps/SAI/NONE_TRANSFORMED_;/Users/rar9993/repos/research/fdroid_apps/native_apps/SAI/app/src/main/java/com/aefyr/sai/backup2/impl/local/LocalBackupUtils.java;file:/Users/rar9993/repos/research/fdroid_apps/native_apps/SAI/app/src/main/java/com/aefyr/sai/backup2/impl/local/LocalBackupUtils.java|class:com.aefyr.sai.backup2.impl.local.LocalBackupUtils
DataTransmissionWithoutCompression;aDoctor;/Users/rar9993/repos/research/fdroid_apps/native_apps/SAI/NONE_TRANSFORMED_;/Users/rar9993/repos/research/fdroid_apps/native_apps/SAI/app/src/main/java/com/aefyr/sai/backup2/impl/local/LocalBackupStorage.java;file:/Users/rar9993/repos/research/fdroid_apps/native_apps/SAI/app/src/main/java/com/aefyr/sai/backup2/impl/local/LocalBackupStorage.java|class:com.aefyr.sai.backup2.impl.local.LocalBackupStorage
MemberIgnoringMethod;aDoctor;/Users/rar9993/repos/research/fdroid_apps/native_apps/SAI/NONE_TRANSFORMED_;/Users/rar9993/repos/research/fdroid_apps/native_apps/SAI/app/src/main/java/com/aefyr/sai/backup2/impl/local/LocalBackupStorage.java;file:/Users/rar9993/repos/research/fdroid_apps/native_apps/SAI/app/src/main/java/com/aefyr/sai/backup2/impl/local/LocalBackupStorage.java|class:com.aefyr.sai.backup2.impl.local.LocalBackupStorage
DataTransmissionWithoutCompression;aDoctor;/Users/rar9993/repos/research/fdroid_apps/native_apps/SAI/NONE_TRANSFORMED_;/Users/rar9993/repos/research/fdroid_apps/native_apps/SAI/app/src/main/java/com/aefyr/sai/backup2/impl/local/LocalBackupStorageProvider.java;file:/Users/rar9993/repos/research/fdroid_apps/native_apps/SAI/app/src/main/java/com/aefyr/sai/backup2/impl/local/LocalBackupStorageProvider.java|class:com.aefyr.sai.backup2.impl.local.LocalBackupStorageProvider
LeakingInnerClass;aDoctor;/Users/rar9993/repos/research/fdroid_apps/native_apps/SAI/NONE_TRANSFORMED_;/Users/rar9993/repos/research/fdroid_apps/native_apps/SAI/app/src/main/java/com/aefyr/sai/backup2/impl/local/LocalBackupStorageProvider.java;file:/Users/rar9993/repos/research/fdroid_apps/native_apps/SAI/app/src/main/java/com/aefyr/sai/backup2/impl/local/LocalBackupStorageProvider.java|class:com.aefyr.sai.backup2.impl.local.LocalBackupStorageProvider
MemberIgnoringMethod;aDoctor;/Users/rar9993/repos/research/fdroid_apps/native_apps/SAI/NONE_TRANSFORMED_;/Users/rar9993/repos/research/fdroid_apps/native_apps/SAI/app/src/main/java/com/aefyr/sai/backup2/impl/local/LocalBackupStorageProvider.java;file:/Users/rar9993/repos/research/fdroid_apps/native_apps/SAI/app/src/main/java/com/aefyr/sai/backup2/impl/local/LocalBackupStorageProvider.java|class:com.aefyr.sai.backup2.impl.local.LocalBackupStorageProvider
DataTransmissionWithoutCompression;aDoctor;/Users/rar9993/repos/research/fdroid_apps/native_apps/SAI/NONE_TRANSFORMED_;/Users/rar9993/repos/research/fdroid_apps/native_apps/SAI/app/src/main/java/com/aefyr/sai/backup2/impl/db/DaoBackedBackupIndex.java;file:/Users/rar9993/repos/research/fdroid_apps/native_apps/SAI/app/src/main/java/com/aefyr/sai/backup2/impl/db/DaoBackedBackupIndex.java|class:com.aefyr.sai.backup2.impl.db.DaoBackedBackupIndex
MemberIgnoringMethod;aDoctor;/Users/rar9993/repos/research/fdroid_apps/native_apps/SAI/NONE_TRANSFORMED_;/Users/rar9993/repos/research/fdroid_apps/native_apps/SAI/app/src/main/java/com/aefyr/sai/backup2/impl/db/DaoBackedBackupIndex.java;file:/Users/rar9993/repos/research/fdroid_apps/native_apps/SAI/app/src/main/java/com/aefyr/sai/backup2/impl/db/DaoBackedBackupIndex.java|class:com.aefyr.sai.backup2.impl.db.DaoBackedBackupIndex
DataTransmissionWithoutCompression;aDoctor;/Users/rar9993/repos/research/fdroid_apps/native_apps/SAI/NONE_TRANSFORMED_;/Users/rar9993/repos/research/fdroid_apps/native_apps/SAI/app/src/main/java/com/aefyr/sai/backup2/impl/db/BackupEntity.java;file:/Users/rar9993/repos/research/fdroid_apps/native_apps/SAI/app/src/main/java/com/aefyr/sai/backup2/impl/db/BackupEntity.java|class:com.aefyr.sai.backup2.impl.db.BackupEntity
DataTransmissionWithoutCompression;aDoctor;/Users/rar9993/repos/research/fdroid_apps/native_apps/SAI/NONE_TRANSFORMED_;/Users/rar9993/repos/research/fdroid_apps/native_apps/SAI/app/src/main/java/com/aefyr/sai/backup2/impl/db/BackupDao.java;file:/Users/rar9993/repos/research/fdroid_apps/native_apps/SAI/app/src/main/java/com/aefyr/sai/backup2/impl/db/BackupDao.java|class:com.aefyr.sai.backup2.impl.db.BackupDao
LeakingInnerClass;aDoctor;/Users/rar9993/repos/research/fdroid_apps/native_apps/SAI/NONE_TRANSFORMED_;/Users/rar9993/repos/research/fdroid_apps/native_apps/SAI/app/src/main/java/com/aefyr/sai/backup2/BackupIndex.java;file:/Users/rar9993/repos/research/fdroid_apps/native_apps/SAI/app/src/main/java/com/aefyr/sai/backup2/BackupIndex.java|class:com.aefyr.sai.backup2.BackupIndex
LeakingInnerClass;aDoctor;/Users/rar9993/repos/research/fdroid_apps/native_apps/SAI/NONE_TRANSFORMED_;/Users/rar9993/repos/research/fdroid_apps/native_apps/SAI/app/src/main/java/com/aefyr/sai/backup2/BackupManager.java;file:/Users/rar9993/repos/research/fdroid_apps/native_apps/SAI/app/src/main/java/com/aefyr/sai/backup2/BackupManager.java|class:com.aefyr.sai.backup2.BackupManager
LeakingInnerClass;aDoctor;/Users/rar9993/repos/research/fdroid_apps/native_apps/SAI/NONE_TRANSFORMED_;/Users/rar9993/repos/research/fdroid_apps/native_apps/SAI/app/src/main/java/com/aefyr/sai/backup2/BackupStorage.java;file:/Users/rar9993/repos/research/fdroid_apps/native_apps/SAI/app/src/main/java/com/aefyr/sai/backup2/BackupStorage.java|class:com.aefyr.sai.backup2.BackupStorage
MemberIgnoringMethod;aDoctor;/Users/rar9993/repos/research/fdroid_apps/native_apps/SAI/NONE_TRANSFORMED_;/Users/rar9993/repos/research/fdroid_apps/native_apps/SAI/app/src/main/java/com/aefyr/sai/backup2/BackupStorage.java;file:/Users/rar9993/repos/research/fdroid_apps/native_apps/SAI/app/src/main/java/com/aefyr/sai/backup2/BackupStorage.java|class:com.aefyr.sai.backup2.BackupStorage
MemberIgnoringMethod;aDoctor;/Users/rar9993/repos/research/fdroid_apps/native_apps/SAI/NONE_TRANSFORMED_;/Users/rar9993/repos/research/fdroid_apps/native_apps/SAI/app/src/main/java/com/aefyr/sai/backup2/BackupAppDetails.java;file:/Users/rar9993/repos/research/fdroid_apps/native_apps/SAI/app/src/main/java/com/aefyr/sai/backup2/BackupAppDetails.java|class:com.aefyr.sai.backup2.BackupAppDetails
DataTransmissionWithoutCompression;aDoctor;/Users/rar9993/repos/research/fdroid_apps/native_apps/SAI/NONE_TRANSFORMED_;/Users/rar9993/repos/research/fdroid_apps/native_apps/SAI/app/src/main/java/com/aefyr/sai/backup2/backuptask/config/SingleBackupTaskConfig.java;file:/Users/rar9993/repos/research/fdroid_apps/native_apps/SAI/app/src/main/java/com/aefyr/sai/backup2/backuptask/config/SingleBackupTaskConfig.java|class:com.aefyr.sai.backup2.backuptask.config.SingleBackupTaskConfig
MemberIgnoringMethod;aDoctor;/Users/rar9993/repos/research/fdroid_apps/native_apps/SAI/NONE_TRANSFORMED_;/Users/rar9993/repos/research/fdroid_apps/native_apps/SAI/app/src/main/java/com/aefyr/sai/backup2/backuptask/config/SingleBackupTaskConfig.java;file:/Users/rar9993/repos/research/fdroid_apps/native_apps/SAI/app/src/main/java/com/aefyr/sai/backup2/backuptask/config/SingleBackupTaskConfig.java|class:com.aefyr.sai.backup2.backuptask.config.SingleBackupTaskConfig
UnclosedCloseable;aDoctor;/Users/rar9993/repos/research/fdroid_apps/native_apps/SAI/NONE_TRANSFORMED_;/Users/rar9993/repos/research/fdroid_apps/native_apps/SAI/app/src/main/java/com/aefyr/sai/backup2/backuptask/config/SingleBackupTaskConfig.java;file:/Users/rar9993/repos/research/fdroid_apps/native_apps/SAI/app/src/main/java/com/aefyr/sai/backup2/backuptask/config/SingleBackupTaskConfig.java|class:com.aefyr.sai.backup2.backuptask.config.SingleBackupTaskConfig
LeakingInnerClass;aDoctor;/Users/rar9993/repos/research/fdroid_apps/native_apps/SAI/NONE_TRANSFORMED_;/Users/rar9993/repos/research/fdroid_apps/native_apps/SAI/app/src/main/java/com/aefyr/sai/backup2/backuptask/executor/BatchBackupTaskExecutor.java;file:/Users/rar9993/repos/research/fdroid_apps/native_apps/SAI/app/src/main/java/com/aefyr/sai/backup2/backuptask/executor/BatchBackupTaskExecutor.java|class:com.aefyr.sai.backup2.backuptask.executor.BatchBackupTaskExecutor
MemberIgnoringMethod;aDoctor;/Users/rar9993/repos/research/fdroid_apps/native_apps/SAI/NONE_TRANSFORMED_;/Users/rar9993/repos/research/fdroid_apps/native_apps/SAI/app/src/main/java/com/aefyr/sai/backup2/backuptask/executor/BatchBackupTaskExecutor.java;file:/Users/rar9993/repos/research/fdroid_apps/native_apps/SAI/app/src/main/java/com/aefyr/sai/backup2/backuptask/executor/BatchBackupTaskExecutor.java|class:com.aefyr.sai.backup2.backuptask.executor.BatchBackupTaskExecutor
DataTransmissionWithoutCompression;aDoctor;/Users/rar9993/repos/research/fdroid_apps/native_apps/SAI/NONE_TRANSFORMED_;/Users/rar9993/repos/research/fdroid_apps/native_apps/SAI/app/src/main/java/com/aefyr/sai/backup2/backuptask/executor/SingleBackupTaskExecutor.java;file:/Users/rar9993/repos/research/fdroid_apps/native_apps/SAI/app/src/main/java/com/aefyr/sai/backup2/backuptask/executor/SingleBackupTaskExecutor.java|class:com.aefyr.sai.backup2.backuptask.executor.SingleBackupTaskExecutor
LeakingInnerClass;aDoctor;/Users/rar9993/repos/research/fdroid_apps/native_apps/SAI/NONE_TRANSFORMED_;/Users/rar9993/repos/research/fdroid_apps/native_apps/SAI/app/src/main/java/com/aefyr/sai/backup2/backuptask/executor/SingleBackupTaskExecutor.java;file:/Users/rar9993/repos/research/fdroid_apps/native_apps/SAI/app/src/main/java/com/aefyr/sai/backup2/backuptask/executor/SingleBackupTaskExecutor.java|class:com.aefyr.sai.backup2.backuptask.executor.SingleBackupTaskExecutor
MemberIgnoringMethod;aDoctor;/Users/rar9993/repos/research/fdroid_apps/native_apps/SAI/NONE_TRANSFORMED_;/Users/rar9993/repos/research/fdroid_apps/native_apps/SAI/app/src/main/java/com/aefyr/sai/backup2/backuptask/executor/SingleBackupTaskExecutor.java;file:/Users/rar9993/repos/research/fdroid_apps/native_apps/SAI/app/src/main/java/com/aefyr/sai/backup2/backuptask/executor/SingleBackupTaskExecutor.java|class:com.aefyr.sai.backup2.backuptask.executor.SingleBackupTaskExecutor
UnclosedCloseable;aDoctor;/Users/rar9993/repos/research/fdroid_apps/native_apps/SAI/NONE_TRANSFORMED_;/Users/rar9993/repos/research/fdroid_apps/native_apps/SAI/app/src/main/java/com/aefyr/sai/backup2/backuptask/executor/SingleBackupTaskExecutor.java;file:/Users/rar9993/repos/research/fdroid_apps/native_apps/SAI/app/src/main/java/com/aefyr/sai/backup2/backuptask/executor/SingleBackupTaskExecutor.java|class:com.aefyr.sai.backup2.backuptask.executor.SingleBackupTaskExecutor
DataTransmissionWithoutCompression;aDoctor;/Users/rar9993/repos/research/fdroid_apps/native_apps/SAI/NONE_TRANSFORMED_;/Users/rar9993/repos/research/fdroid_apps/native_apps/SAI/app/src/main/java/com/aefyr/sai/utils/saf/SafUtils.java;file:/Users/rar9993/repos/research/fdroid_apps/native_apps/SAI/app/src/main/java/com/aefyr/sai/utils/saf/SafUtils.java|class:com.aefyr.sai.utils.saf.SafUtils
UnclosedCloseable;aDoctor;/Users/rar9993/repos/research/fdroid_apps/native_apps/SAI/NONE_TRANSFORMED_;/Users/rar9993/repos/research/fdroid_apps/native_apps/SAI/app/src/main/java/com/aefyr/sai/utils/saf/SafUtils.java;file:/Users/rar9993/repos/research/fdroid_apps/native_apps/SAI/app/src/main/java/com/aefyr/sai/utils/saf/SafUtils.java|class:com.aefyr.sai.utils.saf.SafUtils
SlowForLoop;aDoctor;/Users/rar9993/repos/research/fdroid_apps/native_apps/SAI/NONE_TRANSFORMED_;/Users/rar9993/repos/research/fdroid_apps/native_apps/SAI/app/src/main/java/com/aefyr/sai/utils/saf/FileUtils.java;file:/Users/rar9993/repos/research/fdroid_apps/native_apps/SAI/app/src/main/java/com/aefyr/sai/utils/saf/FileUtils.java|class:com.aefyr.sai.utils.saf.FileUtils
MemberIgnoringMethod;aDoctor;/Users/rar9993/repos/research/fdroid_apps/native_apps/SAI/NONE_TRANSFORMED_;/Users/rar9993/repos/research/fdroid_apps/native_apps/SAI/app/src/main/java/com/aefyr/sai/installerx/util/AndroidBinXmlParser.java;file:/Users/rar9993/repos/research/fdroid_apps/native_apps/SAI/app/src/main/java/com/aefyr/sai/installerx/util/AndroidBinXmlParser.java|class:com.aefyr.sai.installerx.util.AndroidBinXmlParser
SlowForLoop;aDoctor;/Users/rar9993/repos/research/fdroid_apps/native_apps/SAI/NONE_TRANSFORMED_;/Users/rar9993/repos/research/fdroid_apps/native_apps/SAI/app/src/main/java/com/aefyr/sai/installerx/util/AndroidBinXmlParser.java;file:/Users/rar9993/repos/research/fdroid_apps/native_apps/SAI/app/src/main/java/com/aefyr/sai/installerx/util/AndroidBinXmlParser.java|class:com.aefyr.sai.installerx.util.AndroidBinXmlParser
MemberIgnoringMethod;aDoctor;/Users/rar9993/repos/research/fdroid_apps/native_apps/SAI/NONE_TRANSFORMED_;/Users/rar9993/repos/research/fdroid_apps/native_apps/SAI/app/src/main/java/com/aefyr/sai/installerx/common/ParserContext.java;file:/Users/rar9993/repos/research/fdroid_apps/native_apps/SAI/app/src/main/java/com/aefyr/sai/installerx/common/ParserContext.java|class:com.aefyr.sai.installerx.common.ParserContext
MemberIgnoringMethod;aDoctor;/Users/rar9993/repos/research/fdroid_apps/native_apps/SAI/NONE_TRANSFORMED_;/Users/rar9993/repos/research/fdroid_apps/native_apps/SAI/app/src/main/java/com/aefyr/sai/installerx/common/MutableSplitCategory.java;file:/Users/rar9993/repos/research/fdroid_apps/native_apps/SAI/app/src/main/java/com/aefyr/sai/installerx/common/MutableSplitCategory.java|class:com.aefyr.sai.installerx.common.MutableSplitCategory
MemberIgnoringMethod;aDoctor;/Users/rar9993/repos/research/fdroid_apps/native_apps/SAI/NONE_TRANSFORMED_;/Users/rar9993/repos/research/fdroid_apps/native_apps/SAI/app/src/main/java/com/aefyr/sai/installerx/common/MutableSplitPart.java;file:/Users/rar9993/repos/research/fdroid_apps/native_apps/SAI/app/src/main/java/com/aefyr/sai/installerx/common/MutableSplitPart.java|class:com.aefyr.sai.installerx.common.MutableSplitPart
MemberIgnoringMethod;aDoctor;/Users/rar9993/repos/research/fdroid_apps/native_apps/SAI/NONE_TRANSFORMED_;/Users/rar9993/repos/research/fdroid_apps/native_apps/SAI/app/src/main/java/com/aefyr/sai/installerx/common/SplitApkSourceMeta.java;file:/Users/rar9993/repos/research/fdroid_apps/native_apps/SAI/app/src/main/java/com/aefyr/sai/installerx/common/SplitApkSourceMeta.java|class:com.aefyr.sai.installerx.common.SplitApkSourceMeta
MemberIgnoringMethod;aDoctor;/Users/rar9993/repos/research/fdroid_apps/native_apps/SAI/NONE_TRANSFORMED_;/Users/rar9993/repos/research/fdroid_apps/native_apps/SAI/app/src/main/java/com/aefyr/sai/installerx/postprocessing/DeviceInfoAwarePostprocessor.java;file:/Users/rar9993/repos/research/fdroid_apps/native_apps/SAI/app/src/main/java/com/aefyr/sai/installerx/postprocessing/DeviceInfoAwarePostprocessor.java|class:com.aefyr.sai.installerx.postprocessing.DeviceInfoAwarePostprocessor
SlowForLoop;aDoctor;/Users/rar9993/repos/research/fdroid_apps/native_apps/SAI/NONE_TRANSFORMED_;/Users/rar9993/repos/research/fdroid_apps/native_apps/SAI/app/src/main/java/com/aefyr/sai/installerx/postprocessing/DeviceInfoAwarePostprocessor.java;file:/Users/rar9993/repos/research/fdroid_apps/native_apps/SAI/app/src/main/java/com/aefyr/sai/installerx/postprocessing/DeviceInfoAwarePostprocessor.java|class:com.aefyr.sai.installerx.postprocessing.DeviceInfoAwarePostprocessor
MemberIgnoringMethod;aDoctor;/Users/rar9993/repos/research/fdroid_apps/native_apps/SAI/NONE_TRANSFORMED_;/Users/rar9993/repos/research/fdroid_apps/native_apps/SAI/app/src/main/java/com/aefyr/sai/installerx/splitmeta/config/ConfigSplitMeta.java;file:/Users/rar9993/repos/research/fdroid_apps/native_apps/SAI/app/src/main/java/com/aefyr/sai/installerx/splitmeta/config/ConfigSplitMeta.java|class:com.aefyr.sai.installerx.splitmeta.config.ConfigSplitMeta
DataTransmissionWithoutCompression;aDoctor;/Users/rar9993/repos/research/fdroid_apps/native_apps/SAI/NONE_TRANSFORMED_;/Users/rar9993/repos/research/fdroid_apps/native_apps/SAI/app/src/main/java/com/aefyr/sai/installerx/resolver/appmeta/brute/BruteAppMetaExtractor.java;file:/Users/rar9993/repos/research/fdroid_apps/native_apps/SAI/app/src/main/java/com/aefyr/sai/installerx/resolver/appmeta/brute/BruteAppMetaExtractor.java|class:com.aefyr.sai.installerx.resolver.appmeta.brute.BruteAppMetaExtractor
MemberIgnoringMethod;aDoctor;/Users/rar9993/repos/research/fdroid_apps/native_apps/SAI/NONE_TRANSFORMED_;/Users/rar9993/repos/research/fdroid_apps/native_apps/SAI/app/src/main/java/com/aefyr/sai/installerx/resolver/appmeta/brute/BruteAppMetaExtractor.java;file:/Users/rar9993/repos/research/fdroid_apps/native_apps/SAI/app/src/main/java/com/aefyr/sai/installerx/resolver/appmeta/brute/BruteAppMetaExtractor.java|class:com.aefyr.sai.installerx.resolver.appmeta.brute.BruteAppMetaExtractor
DataTransmissionWithoutCompression;aDoctor;/Users/rar9993/repos/research/fdroid_apps/native_apps/SAI/NONE_TRANSFORMED_;/Users/rar9993/repos/research/fdroid_apps/native_apps/SAI/app/src/main/java/com/aefyr/sai/installerx/resolver/appmeta/xapk/XapkAppMetaExtractor.java;file:/Users/rar9993/repos/research/fdroid_apps/native_apps/SAI/app/src/main/java/com/aefyr/sai/installerx/resolver/appmeta/xapk/XapkAppMetaExtractor.java|class:com.aefyr.sai.installerx.resolver.appmeta.xapk.XapkAppMetaExtractor
DataTransmissionWithoutCompression;aDoctor;/Users/rar9993/repos/research/fdroid_apps/native_apps/SAI/NONE_TRANSFORMED_;/Users/rar9993/repos/research/fdroid_apps/native_apps/SAI/app/src/main/java/com/aefyr/sai/installerx/resolver/appmeta/AppMetaExtractor.java;file:/Users/rar9993/repos/research/fdroid_apps/native_apps/SAI/app/src/main/java/com/aefyr/sai/installerx/resolver/appmeta/AppMetaExtractor.java|class:com.aefyr.sai.installerx.resolver.appmeta.AppMetaExtractor
DataTransmissionWithoutCompression;aDoctor;/Users/rar9993/repos/research/fdroid_apps/native_apps/SAI/NONE_TRANSFORMED_;/Users/rar9993/repos/research/fdroid_apps/native_apps/SAI/app/src/main/java/com/aefyr/sai/installerx/resolver/appmeta/DefaultAppMetaExtractor.java;file:/Users/rar9993/repos/research/fdroid_apps/native_apps/SAI/app/src/main/java/com/aefyr/sai/installerx/resolver/appmeta/DefaultAppMetaExtractor.java|class:com.aefyr.sai.installerx.resolver.appmeta.DefaultAppMetaExtractor
DataTransmissionWithoutCompression;aDoctor;/Users/rar9993/repos/research/fdroid_apps/native_apps/SAI/NONE_TRANSFORMED_;/Users/rar9993/repos/research/fdroid_apps/native_apps/SAI/app/src/main/java/com/aefyr/sai/installerx/resolver/appmeta/apkm/ApkmAppMetaExtractor.java;file:/Users/rar9993/repos/research/fdroid_apps/native_apps/SAI/app/src/main/java/com/aefyr/sai/installerx/resolver/appmeta/apkm/ApkmAppMetaExtractor.java|class:com.aefyr.sai.installerx.resolver.appmeta.apkm.ApkmAppMetaExtractor
MemberIgnoringMethod;aDoctor;/Users/rar9993/repos/research/fdroid_apps/native_apps/SAI/NONE_TRANSFORMED_;/Users/rar9993/repos/research/fdroid_apps/native_apps/SAI/app/src/main/java/com/aefyr/sai/installerx/resolver/appmeta/apkm/ApkmAppMetaExtractor.java;file:/Users/rar9993/repos/research/fdroid_apps/native_apps/SAI/app/src/main/java/com/aefyr/sai/installerx/resolver/appmeta/apkm/ApkmAppMetaExtractor.java|class:com.aefyr.sai.installerx.resolver.appmeta.apkm.ApkmAppMetaExtractor
DataTransmissionWithoutCompression;aDoctor;/Users/rar9993/repos/research/fdroid_apps/native_apps/SAI/NONE_TRANSFORMED_;/Users/rar9993/repos/research/fdroid_apps/native_apps/SAI/app/src/main/java/com/aefyr/sai/installerx/resolver/appmeta/installedapp/InstalledAppAppMetaExtractor.java;file:/Users/rar9993/repos/research/fdroid_apps/native_apps/SAI/app/src/main/java/com/aefyr/sai/installerx/resolver/appmeta/installedapp/InstalledAppAppMetaExtractor.java|class:com.aefyr.sai.installerx.resolver.appmeta.installedapp.InstalledAppAppMetaExtractor
DataTransmissionWithoutCompression;aDoctor;/Users/rar9993/repos/research/fdroid_apps/native_apps/SAI/NONE_TRANSFORMED_;/Users/rar9993/repos/research/fdroid_apps/native_apps/SAI/app/src/main/java/com/aefyr/sai/installerx/resolver/appmeta/apks/SaiAppMetaExtractor.java;file:/Users/rar9993/repos/research/fdroid_apps/native_apps/SAI/app/src/main/java/com/aefyr/sai/installerx/resolver/appmeta/apks/SaiAppMetaExtractor.java|class:com.aefyr.sai.installerx.resolver.appmeta.apks.SaiAppMetaExtractor
DataTransmissionWithoutCompression;aDoctor;/Users/rar9993/repos/research/fdroid_apps/native_apps/SAI/NONE_TRANSFORMED_;/Users/rar9993/repos/research/fdroid_apps/native_apps/SAI/app/src/main/java/com/aefyr/sai/installerx/resolver/meta/impl/InstalledAppApkSourceFile.java;file:/Users/rar9993/repos/research/fdroid_apps/native_apps/SAI/app/src/main/java/com/aefyr/sai/installerx/resolver/meta/impl/InstalledAppApkSourceFile.java|class:com.aefyr.sai.installerx.resolver.meta.impl.InstalledAppApkSourceFile
MemberIgnoringMethod;aDoctor;/Users/rar9993/repos/research/fdroid_apps/native_apps/SAI/NONE_TRANSFORMED_;/Users/rar9993/repos/research/fdroid_apps/native_apps/SAI/app/src/main/java/com/aefyr/sai/installerx/resolver/meta/impl/InstalledAppApkSourceFile.java;file:/Users/rar9993/repos/research/fdroid_apps/native_apps/SAI/app/src/main/java/com/aefyr/sai/installerx/resolver/meta/impl/InstalledAppApkSourceFile.java|class:com.aefyr.sai.installerx.resolver.meta.impl.InstalledAppApkSourceFile
UnclosedCloseable;aDoctor;/Users/rar9993/repos/research/fdroid_apps/native_apps/SAI/NONE_TRANSFORMED_;/Users/rar9993/repos/research/fdroid_apps/native_apps/SAI/app/src/main/java/com/aefyr/sai/installerx/resolver/meta/impl/InstalledAppApkSourceFile.java;file:/Users/rar9993/repos/research/fdroid_apps/native_apps/SAI/app/src/main/java/com/aefyr/sai/installerx/resolver/meta/impl/InstalledAppApkSourceFile.java|class:com.aefyr.sai.installerx.resolver.meta.impl.InstalledAppApkSourceFile
MemberIgnoringMethod;aDoctor;/Users/rar9993/repos/research/fdroid_apps/native_apps/SAI/NONE_TRANSFORMED_;/Users/rar9993/repos/research/fdroid_apps/native_apps/SAI/app/src/main/java/com/aefyr/sai/installerx/resolver/meta/impl/DefaultSplitApkSourceMetaResolver.java;file:/Users/rar9993/repos/research/fdroid_apps/native_apps/SAI/app/src/main/java/com/aefyr/sai/installerx/resolver/meta/impl/DefaultSplitApkSourceMetaResolver.java|class:com.aefyr.sai.installerx.resolver.meta.impl.DefaultSplitApkSourceMetaResolver
SlowForLoop;aDoctor;/Users/rar9993/repos/research/fdroid_apps/native_apps/SAI/NONE_TRANSFORMED_;/Users/rar9993/repos/research/fdroid_apps/native_apps/SAI/app/src/main/java/com/aefyr/sai/installerx/resolver/meta/impl/DefaultSplitApkSourceMetaResolver.java;file:/Users/rar9993/repos/research/fdroid_apps/native_apps/SAI/app/src/main/java/com/aefyr/sai/installerx/resolver/meta/impl/DefaultSplitApkSourceMetaResolver.java|class:com.aefyr.sai.installerx.resolver.meta.impl.DefaultSplitApkSourceMetaResolver
DataTransmissionWithoutCompression;aDoctor;/Users/rar9993/repos/research/fdroid_apps/native_apps/SAI/NONE_TRANSFORMED_;/Users/rar9993/repos/research/fdroid_apps/native_apps/SAI/app/src/main/java/com/aefyr/sai/installerx/resolver/meta/ApkSourceFile.java;file:/Users/rar9993/repos/research/fdroid_apps/native_apps/SAI/app/src/main/java/com/aefyr/sai/installerx/resolver/meta/ApkSourceFile.java|class:com.aefyr.sai.installerx.resolver.meta.ApkSourceFile
LeakingInnerClass;aDoctor;/Users/rar9993/repos/research/fdroid_apps/native_apps/SAI/NONE_TRANSFORMED_;/Users/rar9993/repos/research/fdroid_apps/native_apps/SAI/app/src/main/java/com/aefyr/sai/installerx/resolver/meta/ApkSourceFile.java;file:/Users/rar9993/repos/research/fdroid_apps/native_apps/SAI/app/src/main/java/com/aefyr/sai/installerx/resolver/meta/ApkSourceFile.java|class:com.aefyr.sai.installerx.resolver.meta.ApkSourceFile
DataTransmissionWithoutCompression;aDoctor;/Users/rar9993/repos/research/fdroid_apps/native_apps/SAI/NONE_TRANSFORMED_;/Users/rar9993/repos/research/fdroid_apps/native_apps/SAI/app/src/main/java/com/aefyr/sai/installerx/resolver/meta/SplitApkSourceMetaResolver.java;file:/Users/rar9993/repos/research/fdroid_apps/native_apps/SAI/app/src/main/java/com/aefyr/sai/installerx/resolver/meta/SplitApkSourceMetaResolver.java|class:com.aefyr.sai.installerx.resolver.meta.SplitApkSourceMetaResolver
DataTransmissionWithoutCompression;aDoctor;/Users/rar9993/repos/research/fdroid_apps/native_apps/SAI/NONE_TRANSFORMED_;/Users/rar9993/repos/research/fdroid_apps/native_apps/SAI/app/src/main/java/com/aefyr/sai/installerx/resolver/urimess/impl/AndroidUriHost.java;file:/Users/rar9993/repos/research/fdroid_apps/native_apps/SAI/app/src/main/java/com/aefyr/sai/installerx/resolver/urimess/impl/AndroidUriHost.java|class:com.aefyr.sai.installerx.resolver.urimess.impl.AndroidUriHost
LeakingInnerClass;aDoctor;/Users/rar9993/repos/research/fdroid_apps/native_apps/SAI/NONE_TRANSFORMED_;/Users/rar9993/repos/research/fdroid_apps/native_apps/SAI/app/src/main/java/com/aefyr/sai/installerx/resolver/urimess/impl/AndroidUriHost.java;file:/Users/rar9993/repos/research/fdroid_apps/native_apps/SAI/app/src/main/java/com/aefyr/sai/installerx/resolver/urimess/impl/AndroidUriHost.java|class:com.aefyr.sai.installerx.resolver.urimess.impl.AndroidUriHost
DataTransmissionWithoutCompression;aDoctor;/Users/rar9993/repos/research/fdroid_apps/native_apps/SAI/NONE_TRANSFORMED_;/Users/rar9993/repos/research/fdroid_apps/native_apps/SAI/app/src/main/java/com/aefyr/sai/installerx/resolver/urimess/UriHost.java;file:/Users/rar9993/repos/research/fdroid_apps/native_apps/SAI/app/src/main/java/com/aefyr/sai/installerx/resolver/urimess/UriHost.java|class:com.aefyr.sai.installerx.resolver.urimess.UriHost
LeakingInnerClass;aDoctor;/Users/rar9993/repos/research/fdroid_apps/native_apps/SAI/NONE_TRANSFORMED_;/Users/rar9993/repos/research/fdroid_apps/native_apps/SAI/app/src/main/java/com/aefyr/sai/installerx/resolver/urimess/UriHost.java;file:/Users/rar9993/repos/research/fdroid_apps/native_apps/SAI/app/src/main/java/com/aefyr/sai/installerx/resolver/urimess/UriHost.java|class:com.aefyr.sai.installerx.resolver.urimess.UriHost
MemberIgnoringMethod;aDoctor;/Users/rar9993/repos/research/fdroid_apps/native_apps/SAI/NONE_TRANSFORMED_;/Users/rar9993/repos/research/fdroid_apps/native_apps/SAI/app/src/main/java/com/aefyr/sai/installer2/impl/BaseSaiPackageInstaller.java;file:/Users/rar9993/repos/research/fdroid_apps/native_apps/SAI/app/src/main/java/com/aefyr/sai/installer2/impl/BaseSaiPackageInstaller.java|class:com.aefyr.sai.installer2.impl.BaseSaiPackageInstaller
HashmapUsage;aDoctor;/Users/rar9993/repos/research/fdroid_apps/native_apps/SAI/NONE_TRANSFORMED_;/Users/rar9993/repos/research/fdroid_apps/native_apps/SAI/app/src/main/java/com/aefyr/sai/installer2/impl/FlexSaiPackageInstaller.java;file:/Users/rar9993/repos/research/fdroid_apps/native_apps/SAI/app/src/main/java/com/aefyr/sai/installer2/impl/FlexSaiPackageInstaller.java|class:com.aefyr.sai.installer2.impl.FlexSaiPackageInstaller
WakeLock;aDoctor;/Users/rar9993/repos/research/fdroid_apps/native_apps/SAI/NONE_TRANSFORMED_;/Users/rar9993/repos/research/fdroid_apps/native_apps/SAI/app/src/main/java/com/aefyr/sai/installer2/impl/shell/ShellSaiPackageInstaller.java;file:/Users/rar9993/repos/research/fdroid_apps/native_apps/SAI/app/src/main/java/com/aefyr/sai/installer2/impl/shell/ShellSaiPackageInstaller.java|class:com.aefyr.sai.installer2.impl.shell.ShellSaiPackageInstaller
MemberIgnoringMethod;aDoctor;/Users/rar9993/repos/research/fdroid_apps/native_apps/SAI/NONE_TRANSFORMED_;/Users/rar9993/repos/research/fdroid_apps/native_apps/SAI/app/src/main/java/com/aefyr/sai/installer2/impl/shell/ShellSaiPackageInstaller.java;file:/Users/rar9993/repos/research/fdroid_apps/native_apps/SAI/app/src/main/java/com/aefyr/sai/installer2/impl/shell/ShellSaiPackageInstaller.java|class:com.aefyr.sai.installer2.impl.shell.ShellSaiPackageInstaller
MemberIgnoringMethod;aDoctor;/Users/rar9993/repos/research/fdroid_apps/native_apps/SAI/NONE_TRANSFORMED_;/Users/rar9993/repos/research/fdroid_apps/native_apps/SAI/app/src/main/java/com/aefyr/sai/installer2/impl/shell/RootedSaiPackageInstaller.java;file:/Users/rar9993/repos/research/fdroid_apps/native_apps/SAI/app/src/main/java/com/aefyr/sai/installer2/impl/shell/RootedSaiPackageInstaller.java|class:com.aefyr.sai.installer2.impl.shell.RootedSaiPackageInstaller
MemberIgnoringMethod;aDoctor;/Users/rar9993/repos/research/fdroid_apps/native_apps/SAI/NONE_TRANSFORMED_;/Users/rar9993/repos/research/fdroid_apps/native_apps/SAI/app/src/main/java/com/aefyr/sai/installer2/impl/shell/ShizukuSaiPackageInstaller.java;file:/Users/rar9993/repos/research/fdroid_apps/native_apps/SAI/app/src/main/java/com/aefyr/sai/installer2/impl/shell/ShizukuSaiPackageInstaller.java|class:com.aefyr.sai.installer2.impl.shell.ShizukuSaiPackageInstaller
HashmapUsage;aDoctor;/Users/rar9993/repos/research/fdroid_apps/native_apps/SAI/NONE_TRANSFORMED_;/Users/rar9993/repos/research/fdroid_apps/native_apps/SAI/app/src/main/java/com/aefyr/sai/installer2/impl/rootless/RootlessSaiPackageInstaller.java;file:/Users/rar9993/repos/research/fdroid_apps/native_apps/SAI/app/src/main/java/com/aefyr/sai/installer2/impl/rootless/RootlessSaiPackageInstaller.java|class:com.aefyr.sai.installer2.impl.rootless.RootlessSaiPackageInstaller
LeakingInnerClass;aDoctor;/Users/rar9993/repos/research/fdroid_apps/native_apps/SAI/NONE_TRANSFORMED_;/Users/rar9993/repos/research/fdroid_apps/native_apps/SAI/app/src/main/java/com/aefyr/sai/installer2/impl/rootless/RootlessSaiPiBroadcastReceiver.java;file:/Users/rar9993/repos/research/fdroid_apps/native_apps/SAI/app/src/main/java/com/aefyr/sai/installer2/impl/rootless/RootlessSaiPiBroadcastReceiver.java|class:com.aefyr.sai.installer2.impl.rootless.RootlessSaiPiBroadcastReceiver
MemberIgnoringMethod;aDoctor;/Users/rar9993/repos/research/fdroid_apps/native_apps/SAI/NONE_TRANSFORMED_;/Users/rar9993/repos/research/fdroid_apps/native_apps/SAI/app/src/main/java/com/aefyr/sai/installer2/impl/rootless/RootlessSaiPiBroadcastReceiver.java;file:/Users/rar9993/repos/research/fdroid_apps/native_apps/SAI/app/src/main/java/com/aefyr/sai/installer2/impl/rootless/RootlessSaiPiBroadcastReceiver.java|class:com.aefyr.sai.installer2.impl.rootless.RootlessSaiPiBroadcastReceiver
NoLowMemoryResolver;aDoctor;/Users/rar9993/repos/research/fdroid_apps/native_apps/SAI/NONE_TRANSFORMED_;/Users/rar9993/repos/research/fdroid_apps/native_apps/SAI/app/src/main/java/com/aefyr/sai/installer2/impl/rootless/ConfirmationIntentWrapperActivity2.java;file:/Users/rar9993/repos/research/fdroid_apps/native_apps/SAI/app/src/main/java/com/aefyr/sai/installer2/impl/rootless/ConfirmationIntentWrapperActivity2.java|class:com.aefyr.sai.installer2.impl.rootless.ConfirmationIntentWrapperActivity2
MemberIgnoringMethod;aDoctor;/Users/rar9993/repos/research/fdroid_apps/native_apps/SAI/NONE_TRANSFORMED_;/Users/rar9993/repos/research/fdroid_apps/native_apps/SAI/app/src/main/java/com/aefyr/sai/installer2/base/model/SaiPiSessionState.java;file:/Users/rar9993/repos/research/fdroid_apps/native_apps/SAI/app/src/main/java/com/aefyr/sai/installer2/base/model/SaiPiSessionState.java|class:com.aefyr.sai.installer2.base.model.SaiPiSessionState
LeakingInnerClass;aDoctor;/Users/rar9993/repos/research/fdroid_apps/native_apps/SAI/NONE_TRANSFORMED_;/Users/rar9993/repos/research/fdroid_apps/native_apps/SAI/app/src/main/java/com/aefyr/sai/adapters/SplitApkSourceMetaAdapter.java;file:/Users/rar9993/repos/research/fdroid_apps/native_apps/SAI/app/src/main/java/com/aefyr/sai/adapters/SplitApkSourceMetaAdapter.java|class:com.aefyr.sai.adapters.SplitApkSourceMetaAdapter
MemberIgnoringMethod;aDoctor;/Users/rar9993/repos/research/fdroid_apps/native_apps/SAI/NONE_TRANSFORMED_;/Users/rar9993/repos/research/fdroid_apps/native_apps/SAI/app/src/main/java/com/aefyr/sai/adapters/SplitApkSourceMetaAdapter.java;file:/Users/rar9993/repos/research/fdroid_apps/native_apps/SAI/app/src/main/java/com/aefyr/sai/adapters/SplitApkSourceMetaAdapter.java|class:com.aefyr.sai.adapters.SplitApkSourceMetaAdapter
LeakingInnerClass;aDoctor;/Users/rar9993/repos/research/fdroid_apps/native_apps/SAI/NONE_TRANSFORMED_;/Users/rar9993/repos/research/fdroid_apps/native_apps/SAI/app/src/main/java/com/aefyr/sai/adapters/SaiPiSessionsAdapter.java;file:/Users/rar9993/repos/research/fdroid_apps/native_apps/SAI/app/src/main/java/com/aefyr/sai/adapters/SaiPiSessionsAdapter.java|class:com.aefyr.sai.adapters.SaiPiSessionsAdapter
MemberIgnoringMethod;aDoctor;/Users/rar9993/repos/research/fdroid_apps/native_apps/SAI/NONE_TRANSFORMED_;/Users/rar9993/repos/research/fdroid_apps/native_apps/SAI/app/src/main/java/com/aefyr/sai/adapters/SaiPiSessionsAdapter.java;file:/Users/rar9993/repos/research/fdroid_apps/native_apps/SAI/app/src/main/java/com/aefyr/sai/adapters/SaiPiSessionsAdapter.java|class:com.aefyr.sai.adapters.SaiPiSessionsAdapter
LeakingInnerClass;aDoctor;/Users/rar9993/repos/research/fdroid_apps/native_apps/SAI/NONE_TRANSFORMED_;/Users/rar9993/repos/research/fdroid_apps/native_apps/SAI/app/src/main/java/com/aefyr/sai/adapters/BackupSplitPartsAdapter.java;file:/Users/rar9993/repos/research/fdroid_apps/native_apps/SAI/app/src/main/java/com/aefyr/sai/adapters/BackupSplitPartsAdapter.java|class:com.aefyr.sai.adapters.BackupSplitPartsAdapter
LeakingInnerClass;aDoctor;/Users/rar9993/repos/research/fdroid_apps/native_apps/SAI/NONE_TRANSFORMED_;/Users/rar9993/repos/research/fdroid_apps/native_apps/SAI/app/src/main/java/com/aefyr/sai/adapters/BackupAppFeatureAdapter.java;file:/Users/rar9993/repos/research/fdroid_apps/native_apps/SAI/app/src/main/java/com/aefyr/sai/adapters/BackupAppFeatureAdapter.java|class:com.aefyr.sai.adapters.BackupAppFeatureAdapter
LeakingInnerClass;aDoctor;/Users/rar9993/repos/research/fdroid_apps/native_apps/SAI/NONE_TRANSFORMED_;/Users/rar9993/repos/research/fdroid_apps/native_apps/SAI/app/src/main/java/com/aefyr/sai/adapters/BackupComponentsAdapter.java;file:/Users/rar9993/repos/research/fdroid_apps/native_apps/SAI/app/src/main/java/com/aefyr/sai/adapters/BackupComponentsAdapter.java|class:com.aefyr.sai.adapters.BackupComponentsAdapter
LeakingInnerClass;aDoctor;/Users/rar9993/repos/research/fdroid_apps/native_apps/SAI/NONE_TRANSFORMED_;/Users/rar9993/repos/research/fdroid_apps/native_apps/SAI/app/src/main/java/com/aefyr/sai/adapters/BackupPackagesAdapter.java;file:/Users/rar9993/repos/research/fdroid_apps/native_apps/SAI/app/src/main/java/com/aefyr/sai/adapters/BackupPackagesAdapter.java|class:com.aefyr.sai.adapters.BackupPackagesAdapter
MemberIgnoringMethod;aDoctor;/Users/rar9993/repos/research/fdroid_apps/native_apps/SAI/NONE_TRANSFORMED_;/Users/rar9993/repos/research/fdroid_apps/native_apps/SAI/app/src/main/java/com/aefyr/sai/adapters/BackupPackagesAdapter.java;file:/Users/rar9993/repos/research/fdroid_apps/native_apps/SAI/app/src/main/java/com/aefyr/sai/adapters/BackupPackagesAdapter.java|class:com.aefyr.sai.adapters.BackupPackagesAdapter
LeakingInnerClass;aDoctor;/Users/rar9993/repos/research/fdroid_apps/native_apps/SAI/NONE_TRANSFORMED_;/Users/rar9993/repos/research/fdroid_apps/native_apps/SAI/app/src/main/java/com/aefyr/sai/adapters/DonateAdapter.java;file:/Users/rar9993/repos/research/fdroid_apps/native_apps/SAI/app/src/main/java/com/aefyr/sai/adapters/DonateAdapter.java|class:com.aefyr.sai.adapters.DonateAdapter
MemberIgnoringMethod;aDoctor;/Users/rar9993/repos/research/fdroid_apps/native_apps/SAI/NONE_TRANSFORMED_;/Users/rar9993/repos/research/fdroid_apps/native_apps/SAI/app/src/main/java/com/aefyr/sai/adapters/DonateAdapter.java;file:/Users/rar9993/repos/research/fdroid_apps/native_apps/SAI/app/src/main/java/com/aefyr/sai/adapters/DonateAdapter.java|class:com.aefyr.sai.adapters.DonateAdapter
LeakingInnerClass;aDoctor;/Users/rar9993/repos/research/fdroid_apps/native_apps/SAI/NONE_TRANSFORMED_;/Users/rar9993/repos/research/fdroid_apps/native_apps/SAI/app/src/main/java/com/aefyr/sai/adapters/BackupNameFormatBuilderPartsAdapter.java;file:/Users/rar9993/repos/research/fdroid_apps/native_apps/SAI/app/src/main/java/com/aefyr/sai/adapters/BackupNameFormatBuilderPartsAdapter.java|class:com.aefyr.sai.adapters.BackupNameFormatBuilderPartsAdapter
LeakingInnerClass;aDoctor;/Users/rar9993/repos/research/fdroid_apps/native_apps/SAI/NONE_TRANSFORMED_;/Users/rar9993/repos/research/fdroid_apps/native_apps/SAI/app/src/main/java/com/aefyr/sai/adapters/LicensesAdapter.java;file:/Users/rar9993/repos/research/fdroid_apps/native_apps/SAI/app/src/main/java/com/aefyr/sai/adapters/LicensesAdapter.java|class:com.aefyr.sai.adapters.LicensesAdapter
LeakingInnerClass;aDoctor;/Users/rar9993/repos/research/fdroid_apps/native_apps/SAI/NONE_TRANSFORMED_;/Users/rar9993/repos/research/fdroid_apps/native_apps/SAI/app/src/main/java/com/aefyr/sai/adapters/BackupAppDetailsAdapter.java;file:/Users/rar9993/repos/research/fdroid_apps/native_apps/SAI/app/src/main/java/com/aefyr/sai/adapters/BackupAppDetailsAdapter.java|class:com.aefyr.sai.adapters.BackupAppDetailsAdapter
MemberIgnoringMethod;aDoctor;/Users/rar9993/repos/research/fdroid_apps/native_apps/SAI/NONE_TRANSFORMED_;/Users/rar9993/repos/research/fdroid_apps/native_apps/SAI/app/src/main/java/com/aefyr/sai/adapters/BackupAppDetailsAdapter.java;file:/Users/rar9993/repos/research/fdroid_apps/native_apps/SAI/app/src/main/java/com/aefyr/sai/adapters/BackupAppDetailsAdapter.java|class:com.aefyr.sai.adapters.BackupAppDetailsAdapter
LeakingInnerClass;aDoctor;/Users/rar9993/repos/research/fdroid_apps/native_apps/SAI/NONE_TRANSFORMED_;/Users/rar9993/repos/research/fdroid_apps/native_apps/SAI/app/src/main/java/com/aefyr/sai/adapters/ThemeAdapter.java;file:/Users/rar9993/repos/research/fdroid_apps/native_apps/SAI/app/src/main/java/com/aefyr/sai/adapters/ThemeAdapter.java|class:com.aefyr.sai.adapters.ThemeAdapter
LeakingInnerClass;aDoctor;/Users/rar9993/repos/research/fdroid_apps/native_apps/SAI/NONE_TRANSFORMED_;/Users/rar9993/repos/research/fdroid_apps/native_apps/SAI/app/src/main/java/com/aefyr/sai/adapters/selection/Selection.java;file:/Users/rar9993/repos/research/fdroid_apps/native_apps/SAI/app/src/main/java/com/aefyr/sai/adapters/selection/Selection.java|class:com.aefyr.sai.adapters.selection.Selection
MemberIgnoringMethod;aDoctor;/Users/rar9993/repos/research/fdroid_apps/native_apps/SAI/NONE_TRANSFORMED_;/Users/rar9993/repos/research/fdroid_apps/native_apps/SAI/app/src/main/java/com/aefyr/sai/adapters/selection/Selection.java;file:/Users/rar9993/repos/research/fdroid_apps/native_apps/SAI/app/src/main/java/com/aefyr/sai/adapters/selection/Selection.java|class:com.aefyr.sai.adapters.selection.Selection
HashmapUsage;aDoctor;/Users/rar9993/repos/research/fdroid_apps/native_apps/SAI/NONE_TRANSFORMED_;/Users/rar9993/repos/research/fdroid_apps/native_apps/SAI/app/src/main/java/com/aefyr/sai/adapters/selection/SelectableAdapter.java;file:/Users/rar9993/repos/research/fdroid_apps/native_apps/SAI/app/src/main/java/com/aefyr/sai/adapters/selection/SelectableAdapter.java|class:com.aefyr.sai.adapters.selection.SelectableAdapter
MemberIgnoringMethod;aDoctor;/Users/rar9993/repos/research/fdroid_apps/native_apps/SAI/NONE_TRANSFORMED_;/Users/rar9993/repos/research/fdroid_apps/native_apps/SAI/app/src/main/java/com/aefyr/sai/adapters/selection/SelectableAdapter.java;file:/Users/rar9993/repos/research/fdroid_apps/native_apps/SAI/app/src/main/java/com/aefyr/sai/adapters/selection/SelectableAdapter.java|class:com.aefyr.sai.adapters.selection.SelectableAdapter
SlowForLoop;aDoctor;/Users/rar9993/repos/research/fdroid_apps/native_apps/SAI/NONE_TRANSFORMED_;/Users/rar9993/repos/research/fdroid_apps/native_apps/SAI/app/src/main/java/com/aefyr/sai/adapters/selection/SelectableAdapter.java;file:/Users/rar9993/repos/research/fdroid_apps/native_apps/SAI/app/src/main/java/com/aefyr/sai/adapters/selection/SelectableAdapter.java|class:com.aefyr.sai.adapters.selection.SelectableAdapter
MemberIgnoringMethod;aDoctor;/Users/rar9993/repos/research/fdroid_apps/native_apps/SAI/NONE_TRANSFORMED_;/Users/rar9993/repos/research/fdroid_apps/native_apps/SAI/app/src/main/java/com/aefyr/sai/common/AppDatabase.java;file:/Users/rar9993/repos/research/fdroid_apps/native_apps/SAI/app/src/main/java/com/aefyr/sai/common/AppDatabase.java|class:com.aefyr.sai.common.AppDatabase
DataTransmissionWithoutCompression;aDoctor;/Users/rar9993/repos/research/fdroid_apps/native_apps/SAI/NONE_TRANSFORMED_;/Users/rar9993/repos/research/fdroid_apps/native_apps/SAI/app/src/main/java/com/aefyr/sai/model/filedescriptor/NormalFileDescriptor.java;file:/Users/rar9993/repos/research/fdroid_apps/native_apps/SAI/app/src/main/java/com/aefyr/sai/model/filedescriptor/NormalFileDescriptor.java|class:com.aefyr.sai.model.filedescriptor.NormalFileDescriptor
DataTransmissionWithoutCompression;aDoctor;/Users/rar9993/repos/research/fdroid_apps/native_apps/SAI/NONE_TRANSFORMED_;/Users/rar9993/repos/research/fdroid_apps/native_apps/SAI/app/src/main/java/com/aefyr/sai/model/filedescriptor/ContentUriFileDescriptor.java;file:/Users/rar9993/repos/research/fdroid_apps/native_apps/SAI/app/src/main/java/com/aefyr/sai/model/filedescriptor/ContentUriFileDescriptor.java|class:com.aefyr.sai.model.filedescriptor.ContentUriFileDescriptor
MemberIgnoringMethod;aDoctor;/Users/rar9993/repos/research/fdroid_apps/native_apps/SAI/NONE_TRANSFORMED_;/Users/rar9993/repos/research/fdroid_apps/native_apps/SAI/app/src/main/java/com/aefyr/sai/model/common/PackageMeta.java;file:/Users/rar9993/repos/research/fdroid_apps/native_apps/SAI/app/src/main/java/com/aefyr/sai/model/common/PackageMeta.java|class:com.aefyr.sai.model.common.PackageMeta
MemberIgnoringMethod;aDoctor;/Users/rar9993/repos/research/fdroid_apps/native_apps/SAI/NONE_TRANSFORMED_;/Users/rar9993/repos/research/fdroid_apps/native_apps/SAI/app/src/main/java/com/aefyr/sai/model/backup/BackupPackagesFilterConfig.java;file:/Users/rar9993/repos/research/fdroid_apps/native_apps/SAI/app/src/main/java/com/aefyr/sai/model/backup/BackupPackagesFilterConfig.java|class:com.aefyr.sai.model.backup.BackupPackagesFilterConfig
MemberIgnoringMethod;aDoctor;/Users/rar9993/repos/research/fdroid_apps/native_apps/SAI/NONE_TRANSFORMED_;/Users/rar9993/repos/research/fdroid_apps/native_apps/SAI/app/src/main/java/com/aefyr/sai/model/backup/BackupNameFormatBuilder.java;file:/Users/rar9993/repos/research/fdroid_apps/native_apps/SAI/app/src/main/java/com/aefyr/sai/model/backup/BackupNameFormatBuilder.java|class:com.aefyr.sai.model.backup.BackupNameFormatBuilder
SlowForLoop;aDoctor;/Users/rar9993/repos/research/fdroid_apps/native_apps/SAI/NONE_TRANSFORMED_;/Users/rar9993/repos/research/fdroid_apps/native_apps/SAI/app/src/main/java/com/aefyr/sai/model/backup/BackupNameFormatBuilder.java;file:/Users/rar9993/repos/research/fdroid_apps/native_apps/SAI/app/src/main/java/com/aefyr/sai/model/backup/BackupNameFormatBuilder.java|class:com.aefyr.sai.model.backup.BackupNameFormatBuilder
DataTransmissionWithoutCompression;aDoctor;/Users/rar9993/repos/research/fdroid_apps/native_apps/SAI/NONE_TRANSFORMED_;/Users/rar9993/repos/research/fdroid_apps/native_apps/SAI/app/src/main/java/com/aefyr/sai/model/backup/SplitApkPart.java;file:/Users/rar9993/repos/research/fdroid_apps/native_apps/SAI/app/src/main/java/com/aefyr/sai/model/backup/SplitApkPart.java|class:com.aefyr.sai.model.backup.SplitApkPart
MemberIgnoringMethod;aDoctor;/Users/rar9993/repos/research/fdroid_apps/native_apps/SAI/NONE_TRANSFORMED_;/Users/rar9993/repos/research/fdroid_apps/native_apps/SAI/app/src/main/java/com/aefyr/sai/model/backup/SplitApkPart.java;file:/Users/rar9993/repos/research/fdroid_apps/native_apps/SAI/app/src/main/java/com/aefyr/sai/model/backup/SplitApkPart.java|class:com.aefyr.sai.model.backup.SplitApkPart
MemberIgnoringMethod;aDoctor;/Users/rar9993/repos/research/fdroid_apps/native_apps/SAI/NONE_TRANSFORMED_;/Users/rar9993/repos/research/fdroid_apps/native_apps/SAI/app/src/main/java/com/aefyr/sai/model/backup/SaiExportedAppMeta2.java;file:/Users/rar9993/repos/research/fdroid_apps/native_apps/SAI/app/src/main/java/com/aefyr/sai/model/backup/SaiExportedAppMeta2.java|class:com.aefyr.sai.model.backup.SaiExportedAppMeta2
MemberIgnoringMethod;aDoctor;/Users/rar9993/repos/research/fdroid_apps/native_apps/SAI/NONE_TRANSFORMED_;/Users/rar9993/repos/research/fdroid_apps/native_apps/SAI/app/src/main/java/com/aefyr/sai/model/backup/SaiExportedAppMeta.java;file:/Users/rar9993/repos/research/fdroid_apps/native_apps/SAI/app/src/main/java/com/aefyr/sai/model/backup/SaiExportedAppMeta.java|class:com.aefyr.sai.model.backup.SaiExportedAppMeta
DataTransmissionWithoutCompression;aDoctor;/Users/rar9993/repos/research/fdroid_apps/native_apps/SAI/NONE_TRANSFORMED_;/Users/rar9993/repos/research/fdroid_apps/native_apps/SAI/app/src/main/java/com/aefyr/sai/model/apksource/SignerApkSource.java;file:/Users/rar9993/repos/research/fdroid_apps/native_apps/SAI/app/src/main/java/com/aefyr/sai/model/apksource/SignerApkSource.java|class:com.aefyr.sai.model.apksource.SignerApkSource
DataTransmissionWithoutCompression;aDoctor;/Users/rar9993/repos/research/fdroid_apps/native_apps/SAI/NONE_TRANSFORMED_;/Users/rar9993/repos/research/fdroid_apps/native_apps/SAI/app/src/main/java/com/aefyr/sai/model/apksource/CopyToFileApkSource.java;file:/Users/rar9993/repos/research/fdroid_apps/native_apps/SAI/app/src/main/java/com/aefyr/sai/model/apksource/CopyToFileApkSource.java|class:com.aefyr.sai.model.apksource.CopyToFileApkSource
MemberIgnoringMethod;aDoctor;/Users/rar9993/repos/research/fdroid_apps/native_apps/SAI/NONE_TRANSFORMED_;/Users/rar9993/repos/research/fdroid_apps/native_apps/SAI/app/src/main/java/com/aefyr/sai/view/ThemeView.java;file:/Users/rar9993/repos/research/fdroid_apps/native_apps/SAI/app/src/main/java/com/aefyr/sai/view/ThemeView.java|class:com.aefyr.sai.view.ThemeView
SlowForLoop;aDoctor;/Users/rar9993/repos/research/fdroid_apps/native_apps/SAI/NONE_TRANSFORMED_;/Users/rar9993/repos/research/fdroid_apps/native_apps/SAI/app/src/main/java/com/aefyr/sai/view/ViewSwitcherLayout.java;file:/Users/rar9993/repos/research/fdroid_apps/native_apps/SAI/app/src/main/java/com/aefyr/sai/view/ViewSwitcherLayout.java|class:com.aefyr.sai.view.ViewSwitcherLayout
LeakingInnerClass;aDoctor;/Users/rar9993/repos/research/fdroid_apps/native_apps/SAI/NONE_TRANSFORMED_;/Users/rar9993/repos/research/fdroid_apps/native_apps/SAI/app/src/main/java/com/aefyr/sai/view/coolbar/Coolbar.java;file:/Users/rar9993/repos/research/fdroid_apps/native_apps/SAI/app/src/main/java/com/aefyr/sai/view/coolbar/Coolbar.java|class:com.aefyr.sai.view.coolbar.Coolbar
MemberIgnoringMethod;aDoctor;/Users/rar9993/repos/research/fdroid_apps/native_apps/SAI/NONE_TRANSFORMED_;/Users/rar9993/repos/research/fdroid_apps/native_apps/SAI/app/src/main/java/com/aefyr/sai/view/coolbar/Coolbar.java;file:/Users/rar9993/repos/research/fdroid_apps/native_apps/SAI/app/src/main/java/com/aefyr/sai/view/coolbar/Coolbar.java|class:com.aefyr.sai.view.coolbar.Coolbar
SlowForLoop;aDoctor;/Users/rar9993/repos/research/fdroid_apps/native_apps/SAI/NONE_TRANSFORMED_;/Users/rar9993/repos/research/fdroid_apps/native_apps/SAI/app/src/main/java/com/aefyr/sai/view/coolbar/Coolbar.java;file:/Users/rar9993/repos/research/fdroid_apps/native_apps/SAI/app/src/main/java/com/aefyr/sai/view/coolbar/Coolbar.java|class:com.aefyr.sai.view.coolbar.Coolbar
MemberIgnoringMethod;aDoctor;/Users/rar9993/repos/research/fdroid_apps/native_apps/SAI/NONE_TRANSFORMED_;/Users/rar9993/repos/research/fdroid_apps/native_apps/SAI/app/src/main/java/com/aefyr/sai/shizuku/SuiInitProvider.java;file:/Users/rar9993/repos/research/fdroid_apps/native_apps/SAI/app/src/main/java/com/aefyr/sai/shizuku/SuiInitProvider.java|class:com.aefyr.sai.shizuku.SuiInitProvider
NoLowMemoryResolver;aDoctor;/Users/rar9993/repos/research/fdroid_apps/native_apps/SAI/NONE_TRANSFORMED_;/Users/rar9993/repos/research/fdroid_apps/native_apps/SAI/app/src/main/java/com/aefyr/sai/shizuku/SuiInitProvider.java;file:/Users/rar9993/repos/research/fdroid_apps/native_apps/SAI/app/src/main/java/com/aefyr/sai/shizuku/SuiInitProvider.java|class:com.aefyr.sai.shizuku.SuiInitProvider
UnclosedCloseable;aDoctor;/Users/rar9993/repos/research/fdroid_apps/native_apps/SAI/NONE_TRANSFORMED_;/Users/rar9993/repos/research/fdroid_apps/native_apps/SAI/app/src/main/java/com/aefyr/sai/shizuku/SuiInitProvider.java;file:/Users/rar9993/repos/research/fdroid_apps/native_apps/SAI/app/src/main/java/com/aefyr/sai/shizuku/SuiInitProvider.java|class:com.aefyr.sai.shizuku.SuiInitProvider
LeakingInnerClass;aDoctor;/Users/rar9993/repos/research/fdroid_apps/native_apps/SAI/NONE_TRANSFORMED_;/Users/rar9993/repos/research/fdroid_apps/native_apps/SAI/app/src/main/java/com/aefyr/sai/installer/SAIPackageInstaller.java;file:/Users/rar9993/repos/research/fdroid_apps/native_apps/SAI/app/src/main/java/com/aefyr/sai/installer/SAIPackageInstaller.java|class:com.aefyr.sai.installer.SAIPackageInstaller
MemberIgnoringMethod;aDoctor;/Users/rar9993/repos/research/fdroid_apps/native_apps/SAI/NONE_TRANSFORMED_;/Users/rar9993/repos/research/fdroid_apps/native_apps/SAI/app/src/main/java/com/aefyr/sai/installer/SAIPackageInstaller.java;file:/Users/rar9993/repos/research/fdroid_apps/native_apps/SAI/app/src/main/java/com/aefyr/sai/installer/SAIPackageInstaller.java|class:com.aefyr.sai.installer.SAIPackageInstaller
MemberIgnoringMethod;aDoctor;/Users/rar9993/repos/research/fdroid_apps/native_apps/SAI/NONE_TRANSFORMED_;/Users/rar9993/repos/research/fdroid_apps/native_apps/SAI/app/src/main/java/com/aefyr/sai/installer/ShellSAIPackageInstaller.java;file:/Users/rar9993/repos/research/fdroid_apps/native_apps/SAI/app/src/main/java/com/aefyr/sai/installer/ShellSAIPackageInstaller.java|class:com.aefyr.sai.installer.ShellSAIPackageInstaller
MemberIgnoringMethod;aDoctor;/Users/rar9993/repos/research/fdroid_apps/native_apps/SAI/NONE_TRANSFORMED_;/Users/rar9993/repos/research/fdroid_apps/native_apps/SAI/app/src/main/java/com/aefyr/sai/installer/rooted/RootedSAIPackageInstaller.java;file:/Users/rar9993/repos/research/fdroid_apps/native_apps/SAI/app/src/main/java/com/aefyr/sai/installer/rooted/RootedSAIPackageInstaller.java|class:com.aefyr.sai.installer.rooted.RootedSAIPackageInstaller
MemberIgnoringMethod;aDoctor;/Users/rar9993/repos/research/fdroid_apps/native_apps/SAI/NONE_TRANSFORMED_;/Users/rar9993/repos/research/fdroid_apps/native_apps/SAI/app/src/main/java/com/aefyr/sai/installer/shizuku/ShizukuSAIPackageInstaller.java;file:/Users/rar9993/repos/research/fdroid_apps/native_apps/SAI/app/src/main/java/com/aefyr/sai/installer/shizuku/ShizukuSAIPackageInstaller.java|class:com.aefyr.sai.installer.shizuku.ShizukuSAIPackageInstaller
MemberIgnoringMethod;aDoctor;/Users/rar9993/repos/research/fdroid_apps/native_apps/SAI/NONE_TRANSFORMED_;/Users/rar9993/repos/research/fdroid_apps/native_apps/SAI/app/src/main/java/com/aefyr/sai/installer/rootless/RootlessSAIPIService.java;file:/Users/rar9993/repos/research/fdroid_apps/native_apps/SAI/app/src/main/java/com/aefyr/sai/installer/rootless/RootlessSAIPIService.java|class:com.aefyr.sai.installer.rootless.RootlessSAIPIService
NoLowMemoryResolver;aDoctor;/Users/rar9993/repos/research/fdroid_apps/native_apps/SAI/NONE_TRANSFORMED_;/Users/rar9993/repos/research/fdroid_apps/native_apps/SAI/app/src/main/java/com/aefyr/sai/installer/rootless/RootlessSAIPIService.java;file:/Users/rar9993/repos/research/fdroid_apps/native_apps/SAI/app/src/main/java/com/aefyr/sai/installer/rootless/RootlessSAIPIService.java|class:com.aefyr.sai.installer.rootless.RootlessSAIPIService
TooFewBranchesForSwitch;PMD;/Users/rar9993/repos/research/fdroid_apps/native_apps/SAI/NONE_TRANSFORMED_;/Users/rar9993/repos/research/fdroid_apps/native_apps/SAI/app/src/main/java/com/aefyr/sai/adapters/BackupAppDetailsAdapter.java;file:/Users/rar9993/repos/research/fdroid_apps/native_apps/SAI/app/src/main/java/com/aefyr/sai/adapters/BackupAppDetailsAdapter.java|line:98
TooFewBranchesForSwitch;PMD;/Users/rar9993/repos/research/fdroid_apps/native_apps/SAI/NONE_TRANSFORMED_;/Users/rar9993/repos/research/fdroid_apps/native_apps/SAI/app/src/main/java/com/aefyr/sai/adapters/BackupComponentsAdapter.java;file:/Users/rar9993/repos/research/fdroid_apps/native_apps/SAI/app/src/main/java/com/aefyr/sai/adapters/BackupComponentsAdapter.java|line:92
RedundantFieldInitializer;PMD;/Users/rar9993/repos/research/fdroid_apps/native_apps/SAI/NONE_TRANSFORMED_;/Users/rar9993/repos/research/fdroid_apps/native_apps/SAI/app/src/main/java/com/aefyr/sai/adapters/BackupNameFormatBuilderPartsAdapter.java;file:/Users/rar9993/repos/research/fdroid_apps/native_apps/SAI/app/src/main/java/com/aefyr/sai/adapters/BackupNameFormatBuilderPartsAdapter.java|line:68
TooFewBranchesForSwitch;PMD;/Users/rar9993/repos/research/fdroid_apps/native_apps/SAI/NONE_TRANSFORMED_;/Users/rar9993/repos/research/fdroid_apps/native_apps/SAI/app/src/main/java/com/aefyr/sai/adapters/SaiPiSessionsAdapter.java;file:/Users/rar9993/repos/research/fdroid_apps/native_apps/SAI/app/src/main/java/com/aefyr/sai/adapters/SaiPiSessionsAdapter.java|line:106
RedundantFieldInitializer;PMD;/Users/rar9993/repos/research/fdroid_apps/native_apps/SAI/NONE_TRANSFORMED_;/Users/rar9993/repos/research/fdroid_apps/native_apps/SAI/app/src/main/java/com/aefyr/sai/backup2/backuptask/config/SingleBackupTaskConfig.java;file:/Users/rar9993/repos/research/fdroid_apps/native_apps/SAI/app/src/main/java/com/aefyr/sai/backup2/backuptask/config/SingleBackupTaskConfig.java|line:29
TooFewBranchesForSwitch;PMD;/Users/rar9993/repos/research/fdroid_apps/native_apps/SAI/NONE_TRANSFORMED_;/Users/rar9993/repos/research/fdroid_apps/native_apps/SAI/app/src/main/java/com/aefyr/sai/backup2/impl/BackupService2.java;file:/Users/rar9993/repos/research/fdroid_apps/native_apps/SAI/app/src/main/java/com/aefyr/sai/backup2/impl/BackupService2.java|line:96
AppendCharacterWithChar;PMD;/Users/rar9993/repos/research/fdroid_apps/native_apps/SAI/NONE_TRANSFORMED_;/Users/rar9993/repos/research/fdroid_apps/native_apps/SAI/app/src/main/java/com/aefyr/sai/backup2/impl/BackupService2.java;file:/Users/rar9993/repos/research/fdroid_apps/native_apps/SAI/app/src/main/java/com/aefyr/sai/backup2/impl/BackupService2.java|line:387
RedundantFieldInitializer;PMD;/Users/rar9993/repos/research/fdroid_apps/native_apps/SAI/NONE_TRANSFORMED_;/Users/rar9993/repos/research/fdroid_apps/native_apps/SAI/app/src/main/java/com/aefyr/sai/backup2/impl/BackupService2.java;file:/Users/rar9993/repos/research/fdroid_apps/native_apps/SAI/app/src/main/java/com/aefyr/sai/backup2/impl/BackupService2.java|line:415
RedundantFieldInitializer;PMD;/Users/rar9993/repos/research/fdroid_apps/native_apps/SAI/NONE_TRANSFORMED_;/Users/rar9993/repos/research/fdroid_apps/native_apps/SAI/app/src/main/java/com/aefyr/sai/backup2/impl/BackupService2.java;file:/Users/rar9993/repos/research/fdroid_apps/native_apps/SAI/app/src/main/java/com/aefyr/sai/backup2/impl/BackupService2.java|line:418
RedundantFieldInitializer;PMD;/Users/rar9993/repos/research/fdroid_apps/native_apps/SAI/NONE_TRANSFORMED_;/Users/rar9993/repos/research/fdroid_apps/native_apps/SAI/app/src/main/java/com/aefyr/sai/backup2/impl/BackupService2.java;file:/Users/rar9993/repos/research/fdroid_apps/native_apps/SAI/app/src/main/java/com/aefyr/sai/backup2/impl/BackupService2.java|line:432
RedundantFieldInitializer;PMD;/Users/rar9993/repos/research/fdroid_apps/native_apps/SAI/NONE_TRANSFORMED_;/Users/rar9993/repos/research/fdroid_apps/native_apps/SAI/app/src/main/java/com/aefyr/sai/backup2/impl/BackupService2.java;file:/Users/rar9993/repos/research/fdroid_apps/native_apps/SAI/app/src/main/java/com/aefyr/sai/backup2/impl/BackupService2.java|line:435
AvoidInstantiatingObjectsInLoops;PMD;/Users/rar9993/repos/research/fdroid_apps/native_apps/SAI/NONE_TRANSFORMED_;/Users/rar9993/repos/research/fdroid_apps/native_apps/SAI/app/src/main/java/com/aefyr/sai/backup2/impl/DefaultBackupManager.java;file:/Users/rar9993/repos/research/fdroid_apps/native_apps/SAI/app/src/main/java/com/aefyr/sai/backup2/impl/DefaultBackupManager.java|line:255
AvoidInstantiatingObjectsInLoops;PMD;/Users/rar9993/repos/research/fdroid_apps/native_apps/SAI/NONE_TRANSFORMED_;/Users/rar9993/repos/research/fdroid_apps/native_apps/SAI/app/src/main/java/com/aefyr/sai/backup2/impl/DefaultBackupManager.java;file:/Users/rar9993/repos/research/fdroid_apps/native_apps/SAI/app/src/main/java/com/aefyr/sai/backup2/impl/DefaultBackupManager.java|line:308
AvoidInstantiatingObjectsInLoops;PMD;/Users/rar9993/repos/research/fdroid_apps/native_apps/SAI/NONE_TRANSFORMED_;/Users/rar9993/repos/research/fdroid_apps/native_apps/SAI/app/src/main/java/com/aefyr/sai/backup2/impl/DefaultBackupManager.java;file:/Users/rar9993/repos/research/fdroid_apps/native_apps/SAI/app/src/main/java/com/aefyr/sai/backup2/impl/DefaultBackupManager.java|line:342
AvoidInstantiatingObjectsInLoops;PMD;/Users/rar9993/repos/research/fdroid_apps/native_apps/SAI/NONE_TRANSFORMED_;/Users/rar9993/repos/research/fdroid_apps/native_apps/SAI/app/src/main/java/com/aefyr/sai/backup2/impl/DefaultBackupManager.java;file:/Users/rar9993/repos/research/fdroid_apps/native_apps/SAI/app/src/main/java/com/aefyr/sai/backup2/impl/DefaultBackupManager.java|line:344
AvoidInstantiatingObjectsInLoops;PMD;/Users/rar9993/repos/research/fdroid_apps/native_apps/SAI/NONE_TRANSFORMED_;/Users/rar9993/repos/research/fdroid_apps/native_apps/SAI/app/src/main/java/com/aefyr/sai/backup2/impl/DefaultBackupManager.java;file:/Users/rar9993/repos/research/fdroid_apps/native_apps/SAI/app/src/main/java/com/aefyr/sai/backup2/impl/DefaultBackupManager.java|line:356
AvoidFileStream;PMD;/Users/rar9993/repos/research/fdroid_apps/native_apps/SAI/NONE_TRANSFORMED_;/Users/rar9993/repos/research/fdroid_apps/native_apps/SAI/app/src/main/java/com/aefyr/sai/backup2/impl/db/DaoBackedBackupIndex.java;file:/Users/rar9993/repos/research/fdroid_apps/native_apps/SAI/app/src/main/java/com/aefyr/sai/backup2/impl/db/DaoBackedBackupIndex.java|line:177
AvoidInstantiatingObjectsInLoops;PMD;/Users/rar9993/repos/research/fdroid_apps/native_apps/SAI/NONE_TRANSFORMED_;/Users/rar9993/repos/research/fdroid_apps/native_apps/SAI/app/src/main/java/com/aefyr/sai/backup2/impl/local/LocalBackupUtils.java;file:/Users/rar9993/repos/research/fdroid_apps/native_apps/SAI/app/src/main/java/com/aefyr/sai/backup2/impl/local/LocalBackupUtils.java|line:62
TooFewBranchesForSwitch;PMD;/Users/rar9993/repos/research/fdroid_apps/native_apps/SAI/NONE_TRANSFORMED_;/Users/rar9993/repos/research/fdroid_apps/native_apps/SAI/app/src/main/java/com/aefyr/sai/backup2/impl/local/ui/fragments/LocalBackupStorageSettingsFragment.java;file:/Users/rar9993/repos/research/fdroid_apps/native_apps/SAI/app/src/main/java/com/aefyr/sai/backup2/impl/local/ui/fragments/LocalBackupStorageSettingsFragment.java|line:81
TooFewBranchesForSwitch;PMD;/Users/rar9993/repos/research/fdroid_apps/native_apps/SAI/NONE_TRANSFORMED_;/Users/rar9993/repos/research/fdroid_apps/native_apps/SAI/app/src/main/java/com/aefyr/sai/backup2/impl/local/ui/fragments/LocalBackupStorageSettingsFragment.java;file:/Users/rar9993/repos/research/fdroid_apps/native_apps/SAI/app/src/main/java/com/aefyr/sai/backup2/impl/local/ui/fragments/LocalBackupStorageSettingsFragment.java|line:94
TooFewBranchesForSwitch;PMD;/Users/rar9993/repos/research/fdroid_apps/native_apps/SAI/NONE_TRANSFORMED_;/Users/rar9993/repos/research/fdroid_apps/native_apps/SAI/app/src/main/java/com/aefyr/sai/backup2/impl/local/ui/fragments/LocalBackupStorageSetupFragment.java;file:/Users/rar9993/repos/research/fdroid_apps/native_apps/SAI/app/src/main/java/com/aefyr/sai/backup2/impl/local/ui/fragments/LocalBackupStorageSetupFragment.java|line:54
AvoidInstantiatingObjectsInLoops;PMD;/Users/rar9993/repos/research/fdroid_apps/native_apps/SAI/NONE_TRANSFORMED_;/Users/rar9993/repos/research/fdroid_apps/native_apps/SAI/app/src/main/java/com/aefyr/sai/backup2/impl/storage/ApksBackupStorage.java;file:/Users/rar9993/repos/research/fdroid_apps/native_apps/SAI/app/src/main/java/com/aefyr/sai/backup2/impl/storage/ApksBackupStorage.java|line:97
AvoidInstantiatingObjectsInLoops;PMD;/Users/rar9993/repos/research/fdroid_apps/native_apps/SAI/NONE_TRANSFORMED_;/Users/rar9993/repos/research/fdroid_apps/native_apps/SAI/app/src/main/java/com/aefyr/sai/backup2/impl/storage/ApksBackupStorage.java;file:/Users/rar9993/repos/research/fdroid_apps/native_apps/SAI/app/src/main/java/com/aefyr/sai/backup2/impl/storage/ApksBackupStorage.java|line:107
AvoidInstantiatingObjectsInLoops;PMD;/Users/rar9993/repos/research/fdroid_apps/native_apps/SAI/NONE_TRANSFORMED_;/Users/rar9993/repos/research/fdroid_apps/native_apps/SAI/app/src/main/java/com/aefyr/sai/backup2/impl/storage/ApksBackupStorage.java;file:/Users/rar9993/repos/research/fdroid_apps/native_apps/SAI/app/src/main/java/com/aefyr/sai/backup2/impl/storage/ApksBackupStorage.java|line:110
AvoidInstantiatingObjectsInLoops;PMD;/Users/rar9993/repos/research/fdroid_apps/native_apps/SAI/NONE_TRANSFORMED_;/Users/rar9993/repos/research/fdroid_apps/native_apps/SAI/app/src/main/java/com/aefyr/sai/backup2/impl/storage/ApksBackupStorage.java;file:/Users/rar9993/repos/research/fdroid_apps/native_apps/SAI/app/src/main/java/com/aefyr/sai/backup2/impl/storage/ApksBackupStorage.java|line:123
AvoidFileStream;PMD;/Users/rar9993/repos/research/fdroid_apps/native_apps/SAI/NONE_TRANSFORMED_;/Users/rar9993/repos/research/fdroid_apps/native_apps/SAI/app/src/main/java/com/aefyr/sai/backup2/impl/storage/ApksBackupStorage.java;file:/Users/rar9993/repos/research/fdroid_apps/native_apps/SAI/app/src/main/java/com/aefyr/sai/backup2/impl/storage/ApksBackupStorage.java|line:161
AvoidFileStream;PMD;/Users/rar9993/repos/research/fdroid_apps/native_apps/SAI/NONE_TRANSFORMED_;/Users/rar9993/repos/research/fdroid_apps/native_apps/SAI/app/src/main/java/com/aefyr/sai/backup2/impl/storage/ApksBackupStorage.java;file:/Users/rar9993/repos/research/fdroid_apps/native_apps/SAI/app/src/main/java/com/aefyr/sai/backup2/impl/storage/ApksBackupStorage.java|line:211
AvoidFileStream;PMD;/Users/rar9993/repos/research/fdroid_apps/native_apps/SAI/NONE_TRANSFORMED_;/Users/rar9993/repos/research/fdroid_apps/native_apps/SAI/app/src/main/java/com/aefyr/sai/backup2/impl/storage/ApksSingleBackupTaskExecutor.java;file:/Users/rar9993/repos/research/fdroid_apps/native_apps/SAI/app/src/main/java/com/aefyr/sai/backup2/impl/storage/ApksSingleBackupTaskExecutor.java|line:134
AvoidInstantiatingObjectsInLoops;PMD;/Users/rar9993/repos/research/fdroid_apps/native_apps/SAI/NONE_TRANSFORMED_;/Users/rar9993/repos/research/fdroid_apps/native_apps/SAI/app/src/main/java/com/aefyr/sai/backup2/impl/storage/ApksSingleBackupTaskExecutor.java;file:/Users/rar9993/repos/research/fdroid_apps/native_apps/SAI/app/src/main/java/com/aefyr/sai/backup2/impl/storage/ApksSingleBackupTaskExecutor.java|line:148
AvoidInstantiatingObjectsInLoops;PMD;/Users/rar9993/repos/research/fdroid_apps/native_apps/SAI/NONE_TRANSFORMED_;/Users/rar9993/repos/research/fdroid_apps/native_apps/SAI/app/src/main/java/com/aefyr/sai/backup2/impl/storage/ApksSingleBackupTaskExecutor.java;file:/Users/rar9993/repos/research/fdroid_apps/native_apps/SAI/app/src/main/java/com/aefyr/sai/backup2/impl/storage/ApksSingleBackupTaskExecutor.java|line:157
AvoidFileStream;PMD;/Users/rar9993/repos/research/fdroid_apps/native_apps/SAI/NONE_TRANSFORMED_;/Users/rar9993/repos/research/fdroid_apps/native_apps/SAI/app/src/main/java/com/aefyr/sai/backup2/impl/storage/ApksSingleBackupTaskExecutor.java;file:/Users/rar9993/repos/research/fdroid_apps/native_apps/SAI/app/src/main/java/com/aefyr/sai/backup2/impl/storage/ApksSingleBackupTaskExecutor.java|line:157
AvoidInstantiatingObjectsInLoops;PMD;/Users/rar9993/repos/research/fdroid_apps/native_apps/SAI/NONE_TRANSFORMED_;/Users/rar9993/repos/research/fdroid_apps/native_apps/SAI/app/src/main/java/com/aefyr/sai/backup2/impl/storage/ApksSingleBackupTaskExecutor.java;file:/Users/rar9993/repos/research/fdroid_apps/native_apps/SAI/app/src/main/java/com/aefyr/sai/backup2/impl/storage/ApksSingleBackupTaskExecutor.java|line:158
AvoidFileStream;PMD;/Users/rar9993/repos/research/fdroid_apps/native_apps/SAI/NONE_TRANSFORMED_;/Users/rar9993/repos/research/fdroid_apps/native_apps/SAI/app/src/main/java/com/aefyr/sai/backup2/impl/storage/ApksSingleBackupTaskExecutor.java;file:/Users/rar9993/repos/research/fdroid_apps/native_apps/SAI/app/src/main/java/com/aefyr/sai/backup2/impl/storage/ApksSingleBackupTaskExecutor.java|line:175
RedundantFieldInitializer;PMD;/Users/rar9993/repos/research/fdroid_apps/native_apps/SAI/NONE_TRANSFORMED_;/Users/rar9993/repos/research/fdroid_apps/native_apps/SAI/app/src/main/java/com/aefyr/sai/installer/SAIPackageInstaller.java;file:/Users/rar9993/repos/research/fdroid_apps/native_apps/SAI/app/src/main/java/com/aefyr/sai/installer/SAIPackageInstaller.java|line:36
AvoidInstantiatingObjectsInLoops;PMD;/Users/rar9993/repos/research/fdroid_apps/native_apps/SAI/NONE_TRANSFORMED_;/Users/rar9993/repos/research/fdroid_apps/native_apps/SAI/app/src/main/java/com/aefyr/sai/installer/ShellSAIPackageInstaller.java;file:/Users/rar9993/repos/research/fdroid_apps/native_apps/SAI/app/src/main/java/com/aefyr/sai/installer/ShellSAIPackageInstaller.java|line:91
InsufficientStringBufferDeclaration;PMD;/Users/rar9993/repos/research/fdroid_apps/native_apps/SAI/NONE_TRANSFORMED_;/Users/rar9993/repos/research/fdroid_apps/native_apps/SAI/app/src/main/java/com/aefyr/sai/installer/ShellSAIPackageInstaller.java;file:/Users/rar9993/repos/research/fdroid_apps/native_apps/SAI/app/src/main/java/com/aefyr/sai/installer/ShellSAIPackageInstaller.java|line:159
AppendCharacterWithChar;PMD;/Users/rar9993/repos/research/fdroid_apps/native_apps/SAI/NONE_TRANSFORMED_;/Users/rar9993/repos/research/fdroid_apps/native_apps/SAI/app/src/main/java/com/aefyr/sai/installer/ShellSAIPackageInstaller.java;file:/Users/rar9993/repos/research/fdroid_apps/native_apps/SAI/app/src/main/java/com/aefyr/sai/installer/ShellSAIPackageInstaller.java|line:167
TooFewBranchesForSwitch;PMD;/Users/rar9993/repos/research/fdroid_apps/native_apps/SAI/NONE_TRANSFORMED_;/Users/rar9993/repos/research/fdroid_apps/native_apps/SAI/app/src/main/java/com/aefyr/sai/installer/rootless/RootlessSAIPackageInstaller.java;file:/Users/rar9993/repos/research/fdroid_apps/native_apps/SAI/app/src/main/java/com/aefyr/sai/installer/rootless/RootlessSAIPackageInstaller.java|line:37
RedundantFieldInitializer;PMD;/Users/rar9993/repos/research/fdroid_apps/native_apps/SAI/NONE_TRANSFORMED_;/Users/rar9993/repos/research/fdroid_apps/native_apps/SAI/app/src/main/java/com/aefyr/sai/installer2/impl/BaseSaiPackageInstaller.java;file:/Users/rar9993/repos/research/fdroid_apps/native_apps/SAI/app/src/main/java/com/aefyr/sai/installer2/impl/BaseSaiPackageInstaller.java|line:25
RedundantFieldInitializer;PMD;/Users/rar9993/repos/research/fdroid_apps/native_apps/SAI/NONE_TRANSFORMED_;/Users/rar9993/repos/research/fdroid_apps/native_apps/SAI/app/src/main/java/com/aefyr/sai/installer2/impl/rootless/ConfirmationIntentWrapperActivity2.java;file:/Users/rar9993/repos/research/fdroid_apps/native_apps/SAI/app/src/main/java/com/aefyr/sai/installer2/impl/rootless/ConfirmationIntentWrapperActivity2.java|line:20
AvoidInstantiatingObjectsInLoops;PMD;/Users/rar9993/repos/research/fdroid_apps/native_apps/SAI/NONE_TRANSFORMED_;/Users/rar9993/repos/research/fdroid_apps/native_apps/SAI/app/src/main/java/com/aefyr/sai/installer2/impl/shell/ShellSaiPackageInstaller.java;file:/Users/rar9993/repos/research/fdroid_apps/native_apps/SAI/app/src/main/java/com/aefyr/sai/installer2/impl/shell/ShellSaiPackageInstaller.java|line:114
AvoidInstantiatingObjectsInLoops;PMD;/Users/rar9993/repos/research/fdroid_apps/native_apps/SAI/NONE_TRANSFORMED_;/Users/rar9993/repos/research/fdroid_apps/native_apps/SAI/app/src/main/java/com/aefyr/sai/installer2/impl/shell/ShellSaiPackageInstaller.java;file:/Users/rar9993/repos/research/fdroid_apps/native_apps/SAI/app/src/main/java/com/aefyr/sai/installer2/impl/shell/ShellSaiPackageInstaller.java|line:118
InsufficientStringBufferDeclaration;PMD;/Users/rar9993/repos/research/fdroid_apps/native_apps/SAI/NONE_TRANSFORMED_;/Users/rar9993/repos/research/fdroid_apps/native_apps/SAI/app/src/main/java/com/aefyr/sai/installer2/impl/shell/ShellSaiPackageInstaller.java;file:/Users/rar9993/repos/research/fdroid_apps/native_apps/SAI/app/src/main/java/com/aefyr/sai/installer2/impl/shell/ShellSaiPackageInstaller.java|line:215
AppendCharacterWithChar;PMD;/Users/rar9993/repos/research/fdroid_apps/native_apps/SAI/NONE_TRANSFORMED_;/Users/rar9993/repos/research/fdroid_apps/native_apps/SAI/app/src/main/java/com/aefyr/sai/installer2/impl/shell/ShellSaiPackageInstaller.java;file:/Users/rar9993/repos/research/fdroid_apps/native_apps/SAI/app/src/main/java/com/aefyr/sai/installer2/impl/shell/ShellSaiPackageInstaller.java|line:223
AvoidInstantiatingObjectsInLoops;PMD;/Users/rar9993/repos/research/fdroid_apps/native_apps/SAI/NONE_TRANSFORMED_;/Users/rar9993/repos/research/fdroid_apps/native_apps/SAI/app/src/main/java/com/aefyr/sai/installerx/postprocessing/DeviceInfoAwarePostprocessor.java;file:/Users/rar9993/repos/research/fdroid_apps/native_apps/SAI/app/src/main/java/com/aefyr/sai/installerx/postprocessing/DeviceInfoAwarePostprocessor.java|line:59
AvoidInstantiatingObjectsInLoops;PMD;/Users/rar9993/repos/research/fdroid_apps/native_apps/SAI/NONE_TRANSFORMED_;/Users/rar9993/repos/research/fdroid_apps/native_apps/SAI/app/src/main/java/com/aefyr/sai/installerx/resolver/appmeta/apkm/ApkmAppMetaExtractor.java;file:/Users/rar9993/repos/research/fdroid_apps/native_apps/SAI/app/src/main/java/com/aefyr/sai/installerx/resolver/appmeta/apkm/ApkmAppMetaExtractor.java|line:46
TooFewBranchesForSwitch;PMD;/Users/rar9993/repos/research/fdroid_apps/native_apps/SAI/NONE_TRANSFORMED_;/Users/rar9993/repos/research/fdroid_apps/native_apps/SAI/app/src/main/java/com/aefyr/sai/installerx/resolver/appmeta/apkm/ApkmAppMetaExtractor.java;file:/Users/rar9993/repos/research/fdroid_apps/native_apps/SAI/app/src/main/java/com/aefyr/sai/installerx/resolver/appmeta/apkm/ApkmAppMetaExtractor.java|line:48
AvoidInstantiatingObjectsInLoops;PMD;/Users/rar9993/repos/research/fdroid_apps/native_apps/SAI/NONE_TRANSFORMED_;/Users/rar9993/repos/research/fdroid_apps/native_apps/SAI/app/src/main/java/com/aefyr/sai/installerx/resolver/appmeta/apkm/ApkmAppMetaExtractor.java;file:/Users/rar9993/repos/research/fdroid_apps/native_apps/SAI/app/src/main/java/com/aefyr/sai/installerx/resolver/appmeta/apkm/ApkmAppMetaExtractor.java|line:60
AvoidFileStream;PMD;/Users/rar9993/repos/research/fdroid_apps/native_apps/SAI/NONE_TRANSFORMED_;/Users/rar9993/repos/research/fdroid_apps/native_apps/SAI/app/src/main/java/com/aefyr/sai/installerx/resolver/appmeta/apkm/ApkmAppMetaExtractor.java;file:/Users/rar9993/repos/research/fdroid_apps/native_apps/SAI/app/src/main/java/com/aefyr/sai/installerx/resolver/appmeta/apkm/ApkmAppMetaExtractor.java|line:60
AvoidInstantiatingObjectsInLoops;PMD;/Users/rar9993/repos/research/fdroid_apps/native_apps/SAI/NONE_TRANSFORMED_;/Users/rar9993/repos/research/fdroid_apps/native_apps/SAI/app/src/main/java/com/aefyr/sai/installerx/resolver/appmeta/apks/SaiAppMetaExtractor.java;file:/Users/rar9993/repos/research/fdroid_apps/native_apps/SAI/app/src/main/java/com/aefyr/sai/installerx/resolver/appmeta/apks/SaiAppMetaExtractor.java|line:71
AvoidFileStream;PMD;/Users/rar9993/repos/research/fdroid_apps/native_apps/SAI/NONE_TRANSFORMED_;/Users/rar9993/repos/research/fdroid_apps/native_apps/SAI/app/src/main/java/com/aefyr/sai/installerx/resolver/appmeta/apks/SaiAppMetaExtractor.java;file:/Users/rar9993/repos/research/fdroid_apps/native_apps/SAI/app/src/main/java/com/aefyr/sai/installerx/resolver/appmeta/apks/SaiAppMetaExtractor.java|line:71
AvoidFileStream;PMD;/Users/rar9993/repos/research/fdroid_apps/native_apps/SAI/NONE_TRANSFORMED_;/Users/rar9993/repos/research/fdroid_apps/native_apps/SAI/app/src/main/java/com/aefyr/sai/installerx/resolver/appmeta/brute/BruteAppMetaExtractor.java;file:/Users/rar9993/repos/research/fdroid_apps/native_apps/SAI/app/src/main/java/com/aefyr/sai/installerx/resolver/appmeta/brute/BruteAppMetaExtractor.java|line:112
AvoidFileStream;PMD;/Users/rar9993/repos/research/fdroid_apps/native_apps/SAI/NONE_TRANSFORMED_;/Users/rar9993/repos/research/fdroid_apps/native_apps/SAI/app/src/main/java/com/aefyr/sai/installerx/resolver/appmeta/brute/BruteAppMetaExtractor.java;file:/Users/rar9993/repos/research/fdroid_apps/native_apps/SAI/app/src/main/java/com/aefyr/sai/installerx/resolver/appmeta/brute/BruteAppMetaExtractor.java|line:176
AvoidInstantiatingObjectsInLoops;PMD;/Users/rar9993/repos/research/fdroid_apps/native_apps/SAI/NONE_TRANSFORMED_;/Users/rar9993/repos/research/fdroid_apps/native_apps/SAI/app/src/main/java/com/aefyr/sai/installerx/resolver/appmeta/xapk/XapkAppMetaExtractor.java;file:/Users/rar9993/repos/research/fdroid_apps/native_apps/SAI/app/src/main/java/com/aefyr/sai/installerx/resolver/appmeta/xapk/XapkAppMetaExtractor.java|line:47
AvoidInstantiatingObjectsInLoops;PMD;/Users/rar9993/repos/research/fdroid_apps/native_apps/SAI/NONE_TRANSFORMED_;/Users/rar9993/repos/research/fdroid_apps/native_apps/SAI/app/src/main/java/com/aefyr/sai/installerx/resolver/appmeta/xapk/XapkAppMetaExtractor.java;file:/Users/rar9993/repos/research/fdroid_apps/native_apps/SAI/app/src/main/java/com/aefyr/sai/installerx/resolver/appmeta/xapk/XapkAppMetaExtractor.java|line:58
AvoidFileStream;PMD;/Users/rar9993/repos/research/fdroid_apps/native_apps/SAI/NONE_TRANSFORMED_;/Users/rar9993/repos/research/fdroid_apps/native_apps/SAI/app/src/main/java/com/aefyr/sai/installerx/resolver/appmeta/xapk/XapkAppMetaExtractor.java;file:/Users/rar9993/repos/research/fdroid_apps/native_apps/SAI/app/src/main/java/com/aefyr/sai/installerx/resolver/appmeta/xapk/XapkAppMetaExtractor.java|line:58
AvoidInstantiatingObjectsInLoops;PMD;/Users/rar9993/repos/research/fdroid_apps/native_apps/SAI/NONE_TRANSFORMED_;/Users/rar9993/repos/research/fdroid_apps/native_apps/SAI/app/src/main/java/com/aefyr/sai/installerx/resolver/meta/impl/DefaultSplitApkSourceMetaResolver.java;file:/Users/rar9993/repos/research/fdroid_apps/native_apps/SAI/app/src/main/java/com/aefyr/sai/installerx/resolver/meta/impl/DefaultSplitApkSourceMetaResolver.java|line:99
AvoidInstantiatingObjectsInLoops;PMD;/Users/rar9993/repos/research/fdroid_apps/native_apps/SAI/NONE_TRANSFORMED_;/Users/rar9993/repos/research/fdroid_apps/native_apps/SAI/app/src/main/java/com/aefyr/sai/installerx/resolver/meta/impl/DefaultSplitApkSourceMetaResolver.java;file:/Users/rar9993/repos/research/fdroid_apps/native_apps/SAI/app/src/main/java/com/aefyr/sai/installerx/resolver/meta/impl/DefaultSplitApkSourceMetaResolver.java|line:109
AvoidInstantiatingObjectsInLoops;PMD;/Users/rar9993/repos/research/fdroid_apps/native_apps/SAI/NONE_TRANSFORMED_;/Users/rar9993/repos/research/fdroid_apps/native_apps/SAI/app/src/main/java/com/aefyr/sai/installerx/resolver/meta/impl/DefaultSplitApkSourceMetaResolver.java;file:/Users/rar9993/repos/research/fdroid_apps/native_apps/SAI/app/src/main/java/com/aefyr/sai/installerx/resolver/meta/impl/DefaultSplitApkSourceMetaResolver.java|line:115
AddEmptyString;PMD;/Users/rar9993/repos/research/fdroid_apps/native_apps/SAI/NONE_TRANSFORMED_;/Users/rar9993/repos/research/fdroid_apps/native_apps/SAI/app/src/main/java/com/aefyr/sai/installerx/resolver/meta/impl/DefaultSplitApkSourceMetaResolver.java;file:/Users/rar9993/repos/research/fdroid_apps/native_apps/SAI/app/src/main/java/com/aefyr/sai/installerx/resolver/meta/impl/DefaultSplitApkSourceMetaResolver.java|line:130
AvoidInstantiatingObjectsInLoops;PMD;/Users/rar9993/repos/research/fdroid_apps/native_apps/SAI/NONE_TRANSFORMED_;/Users/rar9993/repos/research/fdroid_apps/native_apps/SAI/app/src/main/java/com/aefyr/sai/installerx/resolver/meta/impl/DefaultSplitApkSourceMetaResolver.java;file:/Users/rar9993/repos/research/fdroid_apps/native_apps/SAI/app/src/main/java/com/aefyr/sai/installerx/resolver/meta/impl/DefaultSplitApkSourceMetaResolver.java|line:168
AvoidInstantiatingObjectsInLoops;PMD;/Users/rar9993/repos/research/fdroid_apps/native_apps/SAI/NONE_TRANSFORMED_;/Users/rar9993/repos/research/fdroid_apps/native_apps/SAI/app/src/main/java/com/aefyr/sai/installerx/resolver/meta/impl/DefaultSplitApkSourceMetaResolver.java;file:/Users/rar9993/repos/research/fdroid_apps/native_apps/SAI/app/src/main/java/com/aefyr/sai/installerx/resolver/meta/impl/DefaultSplitApkSourceMetaResolver.java|line:177
AvoidInstantiatingObjectsInLoops;PMD;/Users/rar9993/repos/research/fdroid_apps/native_apps/SAI/NONE_TRANSFORMED_;/Users/rar9993/repos/research/fdroid_apps/native_apps/SAI/app/src/main/java/com/aefyr/sai/installerx/resolver/meta/impl/DefaultSplitApkSourceMetaResolver.java;file:/Users/rar9993/repos/research/fdroid_apps/native_apps/SAI/app/src/main/java/com/aefyr/sai/installerx/resolver/meta/impl/DefaultSplitApkSourceMetaResolver.java|line:192
AvoidInstantiatingObjectsInLoops;PMD;/Users/rar9993/repos/research/fdroid_apps/native_apps/SAI/NONE_TRANSFORMED_;/Users/rar9993/repos/research/fdroid_apps/native_apps/SAI/app/src/main/java/com/aefyr/sai/installerx/resolver/meta/impl/DefaultSplitApkSourceMetaResolver.java;file:/Users/rar9993/repos/research/fdroid_apps/native_apps/SAI/app/src/main/java/com/aefyr/sai/installerx/resolver/meta/impl/DefaultSplitApkSourceMetaResolver.java|line:207
AvoidInstantiatingObjectsInLoops;PMD;/Users/rar9993/repos/research/fdroid_apps/native_apps/SAI/NONE_TRANSFORMED_;/Users/rar9993/repos/research/fdroid_apps/native_apps/SAI/app/src/main/java/com/aefyr/sai/installerx/resolver/meta/impl/DefaultSplitApkSourceMetaResolver.java;file:/Users/rar9993/repos/research/fdroid_apps/native_apps/SAI/app/src/main/java/com/aefyr/sai/installerx/resolver/meta/impl/DefaultSplitApkSourceMetaResolver.java|line:222
AvoidInstantiatingObjectsInLoops;PMD;/Users/rar9993/repos/research/fdroid_apps/native_apps/SAI/NONE_TRANSFORMED_;/Users/rar9993/repos/research/fdroid_apps/native_apps/SAI/app/src/main/java/com/aefyr/sai/installerx/resolver/meta/impl/DefaultSplitApkSourceMetaResolver.java;file:/Users/rar9993/repos/research/fdroid_apps/native_apps/SAI/app/src/main/java/com/aefyr/sai/installerx/resolver/meta/impl/DefaultSplitApkSourceMetaResolver.java|line:227
AvoidInstantiatingObjectsInLoops;PMD;/Users/rar9993/repos/research/fdroid_apps/native_apps/SAI/NONE_TRANSFORMED_;/Users/rar9993/repos/research/fdroid_apps/native_apps/SAI/app/src/main/java/com/aefyr/sai/installerx/resolver/meta/impl/DefaultSplitApkSourceMetaResolver.java;file:/Users/rar9993/repos/research/fdroid_apps/native_apps/SAI/app/src/main/java/com/aefyr/sai/installerx/resolver/meta/impl/DefaultSplitApkSourceMetaResolver.java|line:280
AvoidFileStream;PMD;/Users/rar9993/repos/research/fdroid_apps/native_apps/SAI/NONE_TRANSFORMED_;/Users/rar9993/repos/research/fdroid_apps/native_apps/SAI/app/src/main/java/com/aefyr/sai/installerx/resolver/meta/impl/InstalledAppApkSourceFile.java;file:/Users/rar9993/repos/research/fdroid_apps/native_apps/SAI/app/src/main/java/com/aefyr/sai/installerx/resolver/meta/impl/InstalledAppApkSourceFile.java|line:55
AvoidFileStream;PMD;/Users/rar9993/repos/research/fdroid_apps/native_apps/SAI/NONE_TRANSFORMED_;/Users/rar9993/repos/research/fdroid_apps/native_apps/SAI/app/src/main/java/com/aefyr/sai/installerx/resolver/urimess/impl/AndroidUriHost.java;file:/Users/rar9993/repos/research/fdroid_apps/native_apps/SAI/app/src/main/java/com/aefyr/sai/installerx/resolver/urimess/impl/AndroidUriHost.java|line:103
AvoidInstantiatingObjectsInLoops;PMD;/Users/rar9993/repos/research/fdroid_apps/native_apps/SAI/NONE_TRANSFORMED_;/Users/rar9993/repos/research/fdroid_apps/native_apps/SAI/app/src/main/java/com/aefyr/sai/installerx/resolver/urimess/impl/DefaultUriMessResolver.java;file:/Users/rar9993/repos/research/fdroid_apps/native_apps/SAI/app/src/main/java/com/aefyr/sai/installerx/resolver/urimess/impl/DefaultUriMessResolver.java|line:56
AvoidInstantiatingObjectsInLoops;PMD;/Users/rar9993/repos/research/fdroid_apps/native_apps/SAI/NONE_TRANSFORMED_;/Users/rar9993/repos/research/fdroid_apps/native_apps/SAI/app/src/main/java/com/aefyr/sai/installerx/util/AndroidBinXmlParser.java;file:/Users/rar9993/repos/research/fdroid_apps/native_apps/SAI/app/src/main/java/com/aefyr/sai/installerx/util/AndroidBinXmlParser.java|line:306
AvoidInstantiatingObjectsInLoops;PMD;/Users/rar9993/repos/research/fdroid_apps/native_apps/SAI/NONE_TRANSFORMED_;/Users/rar9993/repos/research/fdroid_apps/native_apps/SAI/app/src/main/java/com/aefyr/sai/installerx/util/AndroidBinXmlParser.java;file:/Users/rar9993/repos/research/fdroid_apps/native_apps/SAI/app/src/main/java/com/aefyr/sai/installerx/util/AndroidBinXmlParser.java|line:373
TooFewBranchesForSwitch;PMD;/Users/rar9993/repos/research/fdroid_apps/native_apps/SAI/NONE_TRANSFORMED_;/Users/rar9993/repos/research/fdroid_apps/native_apps/SAI/app/src/main/java/com/aefyr/sai/installerx/util/AndroidBinXmlParser.java;file:/Users/rar9993/repos/research/fdroid_apps/native_apps/SAI/app/src/main/java/com/aefyr/sai/installerx/util/AndroidBinXmlParser.java|line:470
TooFewBranchesForSwitch;PMD;/Users/rar9993/repos/research/fdroid_apps/native_apps/SAI/NONE_TRANSFORMED_;/Users/rar9993/repos/research/fdroid_apps/native_apps/SAI/app/src/main/java/com/aefyr/sai/installerx/util/AndroidBinXmlParser.java;file:/Users/rar9993/repos/research/fdroid_apps/native_apps/SAI/app/src/main/java/com/aefyr/sai/installerx/util/AndroidBinXmlParser.java|line:479
AvoidFileStream;PMD;/Users/rar9993/repos/research/fdroid_apps/native_apps/SAI/NONE_TRANSFORMED_;/Users/rar9993/repos/research/fdroid_apps/native_apps/SAI/app/src/main/java/com/aefyr/sai/model/apksource/CopyToFileApkSource.java;file:/Users/rar9993/repos/research/fdroid_apps/native_apps/SAI/app/src/main/java/com/aefyr/sai/model/apksource/CopyToFileApkSource.java|line:45
AvoidFileStream;PMD;/Users/rar9993/repos/research/fdroid_apps/native_apps/SAI/NONE_TRANSFORMED_;/Users/rar9993/repos/research/fdroid_apps/native_apps/SAI/app/src/main/java/com/aefyr/sai/model/apksource/CopyToFileApkSource.java;file:/Users/rar9993/repos/research/fdroid_apps/native_apps/SAI/app/src/main/java/com/aefyr/sai/model/apksource/CopyToFileApkSource.java|line:54
AvoidFileStream;PMD;/Users/rar9993/repos/research/fdroid_apps/native_apps/SAI/NONE_TRANSFORMED_;/Users/rar9993/repos/research/fdroid_apps/native_apps/SAI/app/src/main/java/com/aefyr/sai/model/apksource/SignerApkSource.java;file:/Users/rar9993/repos/research/fdroid_apps/native_apps/SAI/app/src/main/java/com/aefyr/sai/model/apksource/SignerApkSource.java|line:47
AvoidFileStream;PMD;/Users/rar9993/repos/research/fdroid_apps/native_apps/SAI/NONE_TRANSFORMED_;/Users/rar9993/repos/research/fdroid_apps/native_apps/SAI/app/src/main/java/com/aefyr/sai/model/apksource/SignerApkSource.java;file:/Users/rar9993/repos/research/fdroid_apps/native_apps/SAI/app/src/main/java/com/aefyr/sai/model/apksource/SignerApkSource.java|line:54
RedundantFieldInitializer;PMD;/Users/rar9993/repos/research/fdroid_apps/native_apps/SAI/NONE_TRANSFORMED_;/Users/rar9993/repos/research/fdroid_apps/native_apps/SAI/app/src/main/java/com/aefyr/sai/model/apksource/ZipApkSource.java;file:/Users/rar9993/repos/research/fdroid_apps/native_apps/SAI/app/src/main/java/com/aefyr/sai/model/apksource/ZipApkSource.java|line:23
RedundantFieldInitializer;PMD;/Users/rar9993/repos/research/fdroid_apps/native_apps/SAI/NONE_TRANSFORMED_;/Users/rar9993/repos/research/fdroid_apps/native_apps/SAI/app/src/main/java/com/aefyr/sai/model/apksource/ZipExtractorApkSource.java;file:/Users/rar9993/repos/research/fdroid_apps/native_apps/SAI/app/src/main/java/com/aefyr/sai/model/apksource/ZipExtractorApkSource.java|line:29
AvoidFileStream;PMD;/Users/rar9993/repos/research/fdroid_apps/native_apps/SAI/NONE_TRANSFORMED_;/Users/rar9993/repos/research/fdroid_apps/native_apps/SAI/app/src/main/java/com/aefyr/sai/model/apksource/ZipExtractorApkSource.java;file:/Users/rar9993/repos/research/fdroid_apps/native_apps/SAI/app/src/main/java/com/aefyr/sai/model/apksource/ZipExtractorApkSource.java|line:74
AvoidFileStream;PMD;/Users/rar9993/repos/research/fdroid_apps/native_apps/SAI/NONE_TRANSFORMED_;/Users/rar9993/repos/research/fdroid_apps/native_apps/SAI/app/src/main/java/com/aefyr/sai/model/apksource/ZipExtractorApkSource.java;file:/Users/rar9993/repos/research/fdroid_apps/native_apps/SAI/app/src/main/java/com/aefyr/sai/model/apksource/ZipExtractorApkSource.java|line:110
AvoidFileStream;PMD;/Users/rar9993/repos/research/fdroid_apps/native_apps/SAI/NONE_TRANSFORMED_;/Users/rar9993/repos/research/fdroid_apps/native_apps/SAI/app/src/main/java/com/aefyr/sai/model/apksource/ZipFileApkSource.java;file:/Users/rar9993/repos/research/fdroid_apps/native_apps/SAI/app/src/main/java/com/aefyr/sai/model/apksource/ZipFileApkSource.java|line:70
AppendCharacterWithChar;PMD;/Users/rar9993/repos/research/fdroid_apps/native_apps/SAI/NONE_TRANSFORMED_;/Users/rar9993/repos/research/fdroid_apps/native_apps/SAI/app/src/main/java/com/aefyr/sai/model/backup/BackupNameFormatBuilder.java;file:/Users/rar9993/repos/research/fdroid_apps/native_apps/SAI/app/src/main/java/com/aefyr/sai/model/backup/BackupNameFormatBuilder.java|line:43
ConsecutiveAppendsShouldReuse;PMD;/Users/rar9993/repos/research/fdroid_apps/native_apps/SAI/NONE_TRANSFORMED_;/Users/rar9993/repos/research/fdroid_apps/native_apps/SAI/app/src/main/java/com/aefyr/sai/model/backup/BackupNameFormatBuilder.java;file:/Users/rar9993/repos/research/fdroid_apps/native_apps/SAI/app/src/main/java/com/aefyr/sai/model/backup/BackupNameFormatBuilder.java|line:48
AppendCharacterWithChar;PMD;/Users/rar9993/repos/research/fdroid_apps/native_apps/SAI/NONE_TRANSFORMED_;/Users/rar9993/repos/research/fdroid_apps/native_apps/SAI/app/src/main/java/com/aefyr/sai/model/backup/BackupNameFormatBuilder.java;file:/Users/rar9993/repos/research/fdroid_apps/native_apps/SAI/app/src/main/java/com/aefyr/sai/model/backup/BackupNameFormatBuilder.java|line:48
AppendCharacterWithChar;PMD;/Users/rar9993/repos/research/fdroid_apps/native_apps/SAI/NONE_TRANSFORMED_;/Users/rar9993/repos/research/fdroid_apps/native_apps/SAI/app/src/main/java/com/aefyr/sai/model/backup/BackupNameFormatBuilder.java;file:/Users/rar9993/repos/research/fdroid_apps/native_apps/SAI/app/src/main/java/com/aefyr/sai/model/backup/BackupNameFormatBuilder.java|line:48
TooFewBranchesForSwitch;PMD;/Users/rar9993/repos/research/fdroid_apps/native_apps/SAI/NONE_TRANSFORMED_;/Users/rar9993/repos/research/fdroid_apps/native_apps/SAI/app/src/main/java/com/aefyr/sai/model/backup/BackupPackagesFilterConfig.java;file:/Users/rar9993/repos/research/fdroid_apps/native_apps/SAI/app/src/main/java/com/aefyr/sai/model/backup/BackupPackagesFilterConfig.java|line:47
AvoidFileStream;PMD;/Users/rar9993/repos/research/fdroid_apps/native_apps/SAI/NONE_TRANSFORMED_;/Users/rar9993/repos/research/fdroid_apps/native_apps/SAI/app/src/main/java/com/aefyr/sai/model/filedescriptor/NormalFileDescriptor.java;file:/Users/rar9993/repos/research/fdroid_apps/native_apps/SAI/app/src/main/java/com/aefyr/sai/model/filedescriptor/NormalFileDescriptor.java|line:27
AppendCharacterWithChar;PMD;/Users/rar9993/repos/research/fdroid_apps/native_apps/SAI/NONE_TRANSFORMED_;/Users/rar9993/repos/research/fdroid_apps/native_apps/SAI/app/src/main/java/com/aefyr/sai/shell/Shell.java;file:/Users/rar9993/repos/research/fdroid_apps/native_apps/SAI/app/src/main/java/com/aefyr/sai/shell/Shell.java|line:47
RedundantFieldInitializer;PMD;/Users/rar9993/repos/research/fdroid_apps/native_apps/SAI/NONE_TRANSFORMED_;/Users/rar9993/repos/research/fdroid_apps/native_apps/SAI/app/src/main/java/com/aefyr/sai/ui/activities/ConfirmationIntentWrapperActivity.java;file:/Users/rar9993/repos/research/fdroid_apps/native_apps/SAI/app/src/main/java/com/aefyr/sai/ui/activities/ConfirmationIntentWrapperActivity.java|line:24
TooFewBranchesForSwitch;PMD;/Users/rar9993/repos/research/fdroid_apps/native_apps/SAI/NONE_TRANSFORMED_;/Users/rar9993/repos/research/fdroid_apps/native_apps/SAI/app/src/main/java/com/aefyr/sai/ui/dialogs/InstallerXDialogFragment.java;file:/Users/rar9993/repos/research/fdroid_apps/native_apps/SAI/app/src/main/java/com/aefyr/sai/ui/dialogs/InstallerXDialogFragment.java|line:227
TooFewBranchesForSwitch;PMD;/Users/rar9993/repos/research/fdroid_apps/native_apps/SAI/NONE_TRANSFORMED_;/Users/rar9993/repos/research/fdroid_apps/native_apps/SAI/app/src/main/java/com/aefyr/sai/ui/dialogs/InstallerXDialogFragment.java;file:/Users/rar9993/repos/research/fdroid_apps/native_apps/SAI/app/src/main/java/com/aefyr/sai/ui/dialogs/InstallerXDialogFragment.java|line:274
TooFewBranchesForSwitch;PMD;/Users/rar9993/repos/research/fdroid_apps/native_apps/SAI/NONE_TRANSFORMED_;/Users/rar9993/repos/research/fdroid_apps/native_apps/SAI/app/src/main/java/com/aefyr/sai/ui/dialogs/UriDirectoryPickerDialogFragment.java;file:/Users/rar9993/repos/research/fdroid_apps/native_apps/SAI/app/src/main/java/com/aefyr/sai/ui/dialogs/UriDirectoryPickerDialogFragment.java|line:42
TooFewBranchesForSwitch;PMD;/Users/rar9993/repos/research/fdroid_apps/native_apps/SAI/NONE_TRANSFORMED_;/Users/rar9993/repos/research/fdroid_apps/native_apps/SAI/app/src/main/java/com/aefyr/sai/ui/dialogs/UriDirectoryPickerDialogFragment.java;file:/Users/rar9993/repos/research/fdroid_apps/native_apps/SAI/app/src/main/java/com/aefyr/sai/ui/dialogs/UriDirectoryPickerDialogFragment.java|line:108
RedundantFieldInitializer;PMD;/Users/rar9993/repos/research/fdroid_apps/native_apps/SAI/NONE_TRANSFORMED_;/Users/rar9993/repos/research/fdroid_apps/native_apps/SAI/app/src/main/java/com/aefyr/sai/ui/fragments/BackupFragment.java;file:/Users/rar9993/repos/research/fdroid_apps/native_apps/SAI/app/src/main/java/com/aefyr/sai/ui/fragments/BackupFragment.java|line:58
TooFewBranchesForSwitch;PMD;/Users/rar9993/repos/research/fdroid_apps/native_apps/SAI/NONE_TRANSFORMED_;/Users/rar9993/repos/research/fdroid_apps/native_apps/SAI/app/src/main/java/com/aefyr/sai/ui/fragments/BackupManageAppFragment.java;file:/Users/rar9993/repos/research/fdroid_apps/native_apps/SAI/app/src/main/java/com/aefyr/sai/ui/fragments/BackupManageAppFragment.java|line:101
TooFewBranchesForSwitch;PMD;/Users/rar9993/repos/research/fdroid_apps/native_apps/SAI/NONE_TRANSFORMED_;/Users/rar9993/repos/research/fdroid_apps/native_apps/SAI/app/src/main/java/com/aefyr/sai/ui/fragments/Installer2Fragment.java;file:/Users/rar9993/repos/research/fdroid_apps/native_apps/SAI/app/src/main/java/com/aefyr/sai/ui/fragments/Installer2Fragment.java|line:107
TooFewBranchesForSwitch;PMD;/Users/rar9993/repos/research/fdroid_apps/native_apps/SAI/NONE_TRANSFORMED_;/Users/rar9993/repos/research/fdroid_apps/native_apps/SAI/app/src/main/java/com/aefyr/sai/ui/fragments/LegacyInstallerFragment.java;file:/Users/rar9993/repos/research/fdroid_apps/native_apps/SAI/app/src/main/java/com/aefyr/sai/ui/fragments/LegacyInstallerFragment.java|line:61
TooFewBranchesForSwitch;PMD;/Users/rar9993/repos/research/fdroid_apps/native_apps/SAI/NONE_TRANSFORMED_;/Users/rar9993/repos/research/fdroid_apps/native_apps/SAI/app/src/main/java/com/aefyr/sai/ui/fragments/LegacyInstallerFragment.java;file:/Users/rar9993/repos/research/fdroid_apps/native_apps/SAI/app/src/main/java/com/aefyr/sai/ui/fragments/LegacyInstallerFragment.java|line:79
TooFewBranchesForSwitch;PMD;/Users/rar9993/repos/research/fdroid_apps/native_apps/SAI/NONE_TRANSFORMED_;/Users/rar9993/repos/research/fdroid_apps/native_apps/SAI/app/src/main/java/com/aefyr/sai/ui/fragments/PreferencesFragment.java;file:/Users/rar9993/repos/research/fdroid_apps/native_apps/SAI/app/src/main/java/com/aefyr/sai/ui/fragments/PreferencesFragment.java|line:278
TooFewBranchesForSwitch;PMD;/Users/rar9993/repos/research/fdroid_apps/native_apps/SAI/NONE_TRANSFORMED_;/Users/rar9993/repos/research/fdroid_apps/native_apps/SAI/app/src/main/java/com/aefyr/sai/ui/fragments/PreferencesFragment.java;file:/Users/rar9993/repos/research/fdroid_apps/native_apps/SAI/app/src/main/java/com/aefyr/sai/ui/fragments/PreferencesFragment.java|line:288
TooFewBranchesForSwitch;PMD;/Users/rar9993/repos/research/fdroid_apps/native_apps/SAI/NONE_TRANSFORMED_;/Users/rar9993/repos/research/fdroid_apps/native_apps/SAI/app/src/main/java/com/aefyr/sai/ui/fragments/PreferencesFragment.java;file:/Users/rar9993/repos/research/fdroid_apps/native_apps/SAI/app/src/main/java/com/aefyr/sai/ui/fragments/PreferencesFragment.java|line:365
TooFewBranchesForSwitch;PMD;/Users/rar9993/repos/research/fdroid_apps/native_apps/SAI/NONE_TRANSFORMED_;/Users/rar9993/repos/research/fdroid_apps/native_apps/SAI/app/src/main/java/com/aefyr/sai/ui/fragments/PreferencesFragment.java;file:/Users/rar9993/repos/research/fdroid_apps/native_apps/SAI/app/src/main/java/com/aefyr/sai/ui/fragments/PreferencesFragment.java|line:400
RedundantFieldInitializer;PMD;/Users/rar9993/repos/research/fdroid_apps/native_apps/SAI/NONE_TRANSFORMED_;/Users/rar9993/repos/research/fdroid_apps/native_apps/SAI/app/src/main/java/com/aefyr/sai/utils/FragmentNavigator.java;file:/Users/rar9993/repos/research/fdroid_apps/native_apps/SAI/app/src/main/java/com/aefyr/sai/utils/FragmentNavigator.java|line:24
AvoidFileStream;PMD;/Users/rar9993/repos/research/fdroid_apps/native_apps/SAI/NONE_TRANSFORMED_;/Users/rar9993/repos/research/fdroid_apps/native_apps/SAI/app/src/main/java/com/aefyr/sai/utils/IOUtils.java;file:/Users/rar9993/repos/research/fdroid_apps/native_apps/SAI/app/src/main/java/com/aefyr/sai/utils/IOUtils.java|line:35
AvoidFileStream;PMD;/Users/rar9993/repos/research/fdroid_apps/native_apps/SAI/NONE_TRANSFORMED_;/Users/rar9993/repos/research/fdroid_apps/native_apps/SAI/app/src/main/java/com/aefyr/sai/utils/IOUtils.java;file:/Users/rar9993/repos/research/fdroid_apps/native_apps/SAI/app/src/main/java/com/aefyr/sai/utils/IOUtils.java|line:35
AvoidFileStream;PMD;/Users/rar9993/repos/research/fdroid_apps/native_apps/SAI/NONE_TRANSFORMED_;/Users/rar9993/repos/research/fdroid_apps/native_apps/SAI/app/src/main/java/com/aefyr/sai/utils/IOUtils.java;file:/Users/rar9993/repos/research/fdroid_apps/native_apps/SAI/app/src/main/java/com/aefyr/sai/utils/IOUtils.java|line:41
AvoidFileStream;PMD;/Users/rar9993/repos/research/fdroid_apps/native_apps/SAI/NONE_TRANSFORMED_;/Users/rar9993/repos/research/fdroid_apps/native_apps/SAI/app/src/main/java/com/aefyr/sai/utils/IOUtils.java;file:/Users/rar9993/repos/research/fdroid_apps/native_apps/SAI/app/src/main/java/com/aefyr/sai/utils/IOUtils.java|line:58
AvoidFileStream;PMD;/Users/rar9993/repos/research/fdroid_apps/native_apps/SAI/NONE_TRANSFORMED_;/Users/rar9993/repos/research/fdroid_apps/native_apps/SAI/app/src/main/java/com/aefyr/sai/utils/IOUtils.java;file:/Users/rar9993/repos/research/fdroid_apps/native_apps/SAI/app/src/main/java/com/aefyr/sai/utils/IOUtils.java|line:162
RedundantFieldInitializer;PMD;/Users/rar9993/repos/research/fdroid_apps/native_apps/SAI/NONE_TRANSFORMED_;/Users/rar9993/repos/research/fdroid_apps/native_apps/SAI/app/src/main/java/com/aefyr/sai/utils/NotificationHelper.java;file:/Users/rar9993/repos/research/fdroid_apps/native_apps/SAI/app/src/main/java/com/aefyr/sai/utils/NotificationHelper.java|line:23
UseIndexOfChar;PMD;/Users/rar9993/repos/research/fdroid_apps/native_apps/SAI/NONE_TRANSFORMED_;/Users/rar9993/repos/research/fdroid_apps/native_apps/SAI/app/src/main/java/com/aefyr/sai/utils/Utils.java;file:/Users/rar9993/repos/research/fdroid_apps/native_apps/SAI/app/src/main/java/com/aefyr/sai/utils/Utils.java|line:88
AvoidInstantiatingObjectsInLoops;PMD;/Users/rar9993/repos/research/fdroid_apps/native_apps/SAI/NONE_TRANSFORMED_;/Users/rar9993/repos/research/fdroid_apps/native_apps/SAI/app/src/main/java/com/aefyr/sai/utils/Utils.java;file:/Users/rar9993/repos/research/fdroid_apps/native_apps/SAI/app/src/main/java/com/aefyr/sai/utils/Utils.java|line:242
AvoidFileStream;PMD;/Users/rar9993/repos/research/fdroid_apps/native_apps/SAI/NONE_TRANSFORMED_;/Users/rar9993/repos/research/fdroid_apps/native_apps/SAI/app/src/main/java/com/aefyr/sai/utils/Utils.java;file:/Users/rar9993/repos/research/fdroid_apps/native_apps/SAI/app/src/main/java/com/aefyr/sai/utils/Utils.java|line:261
AvoidFileStream;PMD;/Users/rar9993/repos/research/fdroid_apps/native_apps/SAI/NONE_TRANSFORMED_;/Users/rar9993/repos/research/fdroid_apps/native_apps/SAI/app/src/main/java/com/aefyr/sai/utils/Utils.java;file:/Users/rar9993/repos/research/fdroid_apps/native_apps/SAI/app/src/main/java/com/aefyr/sai/utils/Utils.java|line:280
AvoidInstantiatingObjectsInLoops;PMD;/Users/rar9993/repos/research/fdroid_apps/native_apps/SAI/NONE_TRANSFORMED_;/Users/rar9993/repos/research/fdroid_apps/native_apps/SAI/app/src/main/java/com/aefyr/sai/viewmodels/BackupDialogViewModel.java;file:/Users/rar9993/repos/research/fdroid_apps/native_apps/SAI/app/src/main/java/com/aefyr/sai/viewmodels/BackupDialogViewModel.java|line:200
TooFewBranchesForSwitch;PMD;/Users/rar9993/repos/research/fdroid_apps/native_apps/SAI/NONE_TRANSFORMED_;/Users/rar9993/repos/research/fdroid_apps/native_apps/SAI/app/src/main/java/com/aefyr/sai/viewmodels/BackupViewModel.java;file:/Users/rar9993/repos/research/fdroid_apps/native_apps/SAI/app/src/main/java/com/aefyr/sai/viewmodels/BackupViewModel.java|line:253
TooFewBranchesForSwitch;PMD;/Users/rar9993/repos/research/fdroid_apps/native_apps/SAI/NONE_TRANSFORMED_;/Users/rar9993/repos/research/fdroid_apps/native_apps/SAI/app/src/main/java/com/aefyr/sai/viewmodels/BackupViewModel.java;file:/Users/rar9993/repos/research/fdroid_apps/native_apps/SAI/app/src/main/java/com/aefyr/sai/viewmodels/BackupViewModel.java|line:270
AvoidInstantiatingObjectsInLoops;PMD;/Users/rar9993/repos/research/fdroid_apps/native_apps/SAI/NONE_TRANSFORMED_;/Users/rar9993/repos/research/fdroid_apps/native_apps/SAI/app/src/main/java/com/aefyr/sai/viewmodels/InstallerViewModel.java;file:/Users/rar9993/repos/research/fdroid_apps/native_apps/SAI/app/src/main/java/com/aefyr/sai/viewmodels/InstallerViewModel.java|line:65
TooFewBranchesForSwitch;PMD;/Users/rar9993/repos/research/fdroid_apps/native_apps/SAI/NONE_TRANSFORMED_;/Users/rar9993/repos/research/fdroid_apps/native_apps/SAI/app/src/main/java/com/aefyr/sai/viewmodels/InstallerViewModel.java;file:/Users/rar9993/repos/research/fdroid_apps/native_apps/SAI/app/src/main/java/com/aefyr/sai/viewmodels/InstallerViewModel.java|line:107
AvoidInstantiatingObjectsInLoops;PMD;/Users/rar9993/repos/research/fdroid_apps/native_apps/SAI/NONE_TRANSFORMED_;/Users/rar9993/repos/research/fdroid_apps/native_apps/SAI/app/src/main/java/com/aefyr/sai/viewmodels/InstallerXDialogViewModel.java;file:/Users/rar9993/repos/research/fdroid_apps/native_apps/SAI/app/src/main/java/com/aefyr/sai/viewmodels/InstallerXDialogViewModel.java|line:130
AvoidInstantiatingObjectsInLoops;PMD;/Users/rar9993/repos/research/fdroid_apps/native_apps/SAI/NONE_TRANSFORMED_;/Users/rar9993/repos/research/fdroid_apps/native_apps/SAI/app/src/main/java/com/aefyr/sai/viewmodels/InstallerXDialogViewModel.java;file:/Users/rar9993/repos/research/fdroid_apps/native_apps/SAI/app/src/main/java/com/aefyr/sai/viewmodels/InstallerXDialogViewModel.java|line:134
LeakingInnerClass;DAAP;/Users/rar9993/repos/research/fdroid_apps/native_apps/SAI/NONE_TRANSFORMED_;/src/main/java/com/aefyr/sai/adapters/BackupAppFeatureAdapter.java;file:/src/main/java/com/aefyr/sai/adapters/BackupAppFeatureAdapter.java
MemberIgnoringMethod;DAAP;/Users/rar9993/repos/research/fdroid_apps/native_apps/SAI/NONE_TRANSFORMED_;/src/fdroid/java/com/aefyr/sai/flavor/FlavorInitProvider.java;file:/src/fdroid/java/com/aefyr/sai/flavor/FlavorInitProvider.java
MemberIgnoringMethod;DAAP;/Users/rar9993/repos/research/fdroid_apps/native_apps/SAI/NONE_TRANSFORMED_;/src/fdroid/java/com/aefyr/sai/billing/DefaultBillingManager.java;file:/src/fdroid/java/com/aefyr/sai/billing/DefaultBillingManager.java
MemberIgnoringMethod;DAAP;/Users/rar9993/repos/research/fdroid_apps/native_apps/SAI/NONE_TRANSFORMED_;/src/fdroid/java/com/aefyr/sai/billing/ExternalDonationServiceBillingProduct.java;file:/src/fdroid/java/com/aefyr/sai/billing/ExternalDonationServiceBillingProduct.java
MemberIgnoringMethod;DAAP;/Users/rar9993/repos/research/fdroid_apps/native_apps/SAI/NONE_TRANSFORMED_;/src/normal/java/com/aefyr/sai/flavor/FlavorInitProvider.java;file:/src/normal/java/com/aefyr/sai/flavor/FlavorInitProvider.java
MemberIgnoringMethod;DAAP;/Users/rar9993/repos/research/fdroid_apps/native_apps/SAI/NONE_TRANSFORMED_;/src/normal/java/com/aefyr/sai/billing/DefaultBillingManager.java;file:/src/normal/java/com/aefyr/sai/billing/DefaultBillingManager.java
MemberIgnoringMethod;DAAP;/Users/rar9993/repos/research/fdroid_apps/native_apps/SAI/NONE_TRANSFORMED_;/src/main/java/com/aefyr/sai/ui/fragments/BackupManageAppFragment.java;file:/src/main/java/com/aefyr/sai/ui/fragments/BackupManageAppFragment.java
MemberIgnoringMethod;DAAP;/Users/rar9993/repos/research/fdroid_apps/native_apps/SAI/NONE_TRANSFORMED_;/src/main/java/com/aefyr/sai/ui/fragments/miui/MiEntryFragment.java;file:/src/main/java/com/aefyr/sai/ui/fragments/miui/MiEntryFragment.java
MemberIgnoringMethod;DAAP;/Users/rar9993/repos/research/fdroid_apps/native_apps/SAI/NONE_TRANSFORMED_;/src/main/java/com/aefyr/sai/ui/fragments/InstallerFragment.java;file:/src/main/java/com/aefyr/sai/ui/fragments/InstallerFragment.java
MemberIgnoringMethod;DAAP;/Users/rar9993/repos/research/fdroid_apps/native_apps/SAI/NONE_TRANSFORMED_;/src/main/java/com/aefyr/sai/ui/fragments/PreferencesFragment.java;file:/src/main/java/com/aefyr/sai/ui/fragments/PreferencesFragment.java
MemberIgnoringMethod;DAAP;/Users/rar9993/repos/research/fdroid_apps/native_apps/SAI/NONE_TRANSFORMED_;/src/main/java/com/aefyr/sai/ui/fragments/DonateFragment.java;file:/src/main/java/com/aefyr/sai/ui/fragments/DonateFragment.java
MemberIgnoringMethod;DAAP;/Users/rar9993/repos/research/fdroid_apps/native_apps/SAI/NONE_TRANSFORMED_;/src/main/java/com/aefyr/sai/ui/fragments/SaiBaseFragment.java;file:/src/main/java/com/aefyr/sai/ui/fragments/SaiBaseFragment.java
MemberIgnoringMethod;DAAP;/Users/rar9993/repos/research/fdroid_apps/native_apps/SAI/NONE_TRANSFORMED_;/src/main/java/com/aefyr/sai/ui/fragments/BackupFragment.java;file:/src/main/java/com/aefyr/sai/ui/fragments/BackupFragment.java
MemberIgnoringMethod;DAAP;/Users/rar9993/repos/research/fdroid_apps/native_apps/SAI/NONE_TRANSFORMED_;/src/main/java/com/aefyr/sai/ui/fragments/LegacyInstallerFragment.java;file:/src/main/java/com/aefyr/sai/ui/fragments/LegacyInstallerFragment.java
MemberIgnoringMethod;DAAP;/Users/rar9993/repos/research/fdroid_apps/native_apps/SAI/NONE_TRANSFORMED_;/src/main/java/com/aefyr/sai/ui/fragments/Installer2Fragment.java;file:/src/main/java/com/aefyr/sai/ui/fragments/Installer2Fragment.java
MemberIgnoringMethod;DAAP;/Users/rar9993/repos/research/fdroid_apps/native_apps/SAI/NONE_TRANSFORMED_;/src/main/java/com/aefyr/sai/ui/fragments/SuperSecretPreferencesFragment.java;file:/src/main/java/com/aefyr/sai/ui/fragments/SuperSecretPreferencesFragment.java
MemberIgnoringMethod;DAAP;/Users/rar9993/repos/research/fdroid_apps/native_apps/SAI/NONE_TRANSFORMED_;/src/main/java/com/aefyr/sai/ui/dialogs/BatchBackupDialogFragment.java;file:/src/main/java/com/aefyr/sai/ui/dialogs/BatchBackupDialogFragment.java
MemberIgnoringMethod;DAAP;/Users/rar9993/repos/research/fdroid_apps/native_apps/SAI/NONE_TRANSFORMED_;/src/main/java/com/aefyr/sai/ui/dialogs/SimpleAlertDialogFragment.java;file:/src/main/java/com/aefyr/sai/ui/dialogs/SimpleAlertDialogFragment.java
MemberIgnoringMethod;DAAP;/Users/rar9993/repos/research/fdroid_apps/native_apps/SAI/NONE_TRANSFORMED_;/src/main/java/com/aefyr/sai/ui/dialogs/InstallationConfirmationDialogFragment.java;file:/src/main/java/com/aefyr/sai/ui/dialogs/InstallationConfirmationDialogFragment.java
MemberIgnoringMethod;DAAP;/Users/rar9993/repos/research/fdroid_apps/native_apps/SAI/NONE_TRANSFORMED_;/src/main/java/com/aefyr/sai/ui/dialogs/MiuiWarningDialogFragment.java;file:/src/main/java/com/aefyr/sai/ui/dialogs/MiuiWarningDialogFragment.java
MemberIgnoringMethod;DAAP;/Users/rar9993/repos/research/fdroid_apps/native_apps/SAI/NONE_TRANSFORMED_;/src/main/java/com/aefyr/sai/ui/dialogs/FilePickerDialogFragment.java;file:/src/main/java/com/aefyr/sai/ui/dialogs/FilePickerDialogFragment.java
MemberIgnoringMethod;DAAP;/Users/rar9993/repos/research/fdroid_apps/native_apps/SAI/NONE_TRANSFORMED_;/src/main/java/com/aefyr/sai/ui/dialogs/SingleChoiceListDialogFragment.java;file:/src/main/java/com/aefyr/sai/ui/dialogs/SingleChoiceListDialogFragment.java
MemberIgnoringMethod;DAAP;/Users/rar9993/repos/research/fdroid_apps/native_apps/SAI/NONE_TRANSFORMED_;/src/main/java/com/aefyr/sai/ui/dialogs/NameFormatBuilderDialogFragment.java;file:/src/main/java/com/aefyr/sai/ui/dialogs/NameFormatBuilderDialogFragment.java
MemberIgnoringMethod;DAAP;/Users/rar9993/repos/research/fdroid_apps/native_apps/SAI/NONE_TRANSFORMED_;/src/main/java/com/aefyr/sai/ui/dialogs/DarkLightThemeSelectionDialogFragment.java;file:/src/main/java/com/aefyr/sai/ui/dialogs/DarkLightThemeSelectionDialogFragment.java
MemberIgnoringMethod;DAAP;/Users/rar9993/repos/research/fdroid_apps/native_apps/SAI/NONE_TRANSFORMED_;/src/main/java/com/aefyr/sai/ui/dialogs/UriDirectoryPickerDialogFragment.java;file:/src/main/java/com/aefyr/sai/ui/dialogs/UriDirectoryPickerDialogFragment.java
MemberIgnoringMethod;DAAP;/Users/rar9993/repos/research/fdroid_apps/native_apps/SAI/NONE_TRANSFORMED_;/src/main/java/com/aefyr/sai/ui/dialogs/ThemeSelectionDialogFragment.java;file:/src/main/java/com/aefyr/sai/ui/dialogs/ThemeSelectionDialogFragment.java
MemberIgnoringMethod;DAAP;/Users/rar9993/repos/research/fdroid_apps/native_apps/SAI/NONE_TRANSFORMED_;/src/main/java/com/aefyr/sai/ui/dialogs/base/BaseBottomSheetDialogFragment.java;file:/src/main/java/com/aefyr/sai/ui/dialogs/base/BaseBottomSheetDialogFragment.java
MemberIgnoringMethod;DAAP;/Users/rar9993/repos/research/fdroid_apps/native_apps/SAI/NONE_TRANSFORMED_;/src/main/java/com/aefyr/sai/ui/activities/AboutActivity.java;file:/src/main/java/com/aefyr/sai/ui/activities/AboutActivity.java
MemberIgnoringMethod;DAAP;/Users/rar9993/repos/research/fdroid_apps/native_apps/SAI/NONE_TRANSFORMED_;/src/main/java/com/aefyr/sai/ui/activities/MainActivity.java;file:/src/main/java/com/aefyr/sai/ui/activities/MainActivity.java
MemberIgnoringMethod;DAAP;/Users/rar9993/repos/research/fdroid_apps/native_apps/SAI/NONE_TRANSFORMED_;/src/main/java/com/aefyr/sai/ui/activities/ApkActionViewProxyActivity.java;file:/src/main/java/com/aefyr/sai/ui/activities/ApkActionViewProxyActivity.java
MemberIgnoringMethod;DAAP;/Users/rar9993/repos/research/fdroid_apps/native_apps/SAI/NONE_TRANSFORMED_;/src/main/java/com/aefyr/sai/ui/activities/ThemedActivity.java;file:/src/main/java/com/aefyr/sai/ui/activities/ThemedActivity.java
MemberIgnoringMethod;DAAP;/Users/rar9993/repos/research/fdroid_apps/native_apps/SAI/NONE_TRANSFORMED_;/src/main/java/com/aefyr/sai/ui/activities/MiActivity.java;file:/src/main/java/com/aefyr/sai/ui/activities/MiActivity.java
MemberIgnoringMethod;DAAP;/Users/rar9993/repos/research/fdroid_apps/native_apps/SAI/NONE_TRANSFORMED_;/src/main/java/com/aefyr/sai/ui/activities/LicensesActivity.java;file:/src/main/java/com/aefyr/sai/ui/activities/LicensesActivity.java
MemberIgnoringMethod;DAAP;/Users/rar9993/repos/research/fdroid_apps/native_apps/SAI/NONE_TRANSFORMED_;/src/main/java/com/aefyr/sai/viewmodels/BackupViewModel.java;file:/src/main/java/com/aefyr/sai/viewmodels/BackupViewModel.java
MemberIgnoringMethod;DAAP;/Users/rar9993/repos/research/fdroid_apps/native_apps/SAI/NONE_TRANSFORMED_;/src/main/java/com/aefyr/sai/viewmodels/LicensesViewModel.java;file:/src/main/java/com/aefyr/sai/viewmodels/LicensesViewModel.java
MemberIgnoringMethod;DAAP;/Users/rar9993/repos/research/fdroid_apps/native_apps/SAI/NONE_TRANSFORMED_;/src/main/java/com/aefyr/sai/viewmodels/InstallerXDialogViewModel.java;file:/src/main/java/com/aefyr/sai/viewmodels/InstallerXDialogViewModel.java
MemberIgnoringMethod;DAAP;/Users/rar9993/repos/research/fdroid_apps/native_apps/SAI/NONE_TRANSFORMED_;/src/main/java/com/aefyr/sai/viewmodels/BackupDialogViewModel.java;file:/src/main/java/com/aefyr/sai/viewmodels/BackupDialogViewModel.java
MemberIgnoringMethod;DAAP;/Users/rar9993/repos/research/fdroid_apps/native_apps/SAI/NONE_TRANSFORMED_;/src/main/java/com/aefyr/sai/shell/Shell.java;file:/src/main/java/com/aefyr/sai/shell/Shell.java
MemberIgnoringMethod;DAAP;/Users/rar9993/repos/research/fdroid_apps/native_apps/SAI/NONE_TRANSFORMED_;/src/main/java/com/aefyr/sai/backup2/impl/storage/ApksBackupStorage.java;file:/src/main/java/com/aefyr/sai/backup2/impl/storage/ApksBackupStorage.java
MemberIgnoringMethod;DAAP;/Users/rar9993/repos/research/fdroid_apps/native_apps/SAI/NONE_TRANSFORMED_;/src/main/java/com/aefyr/sai/backup2/impl/storage/ApksSingleBackupTaskExecutor.java;file:/src/main/java/com/aefyr/sai/backup2/impl/storage/ApksSingleBackupTaskExecutor.java
MemberIgnoringMethod;DAAP;/Users/rar9993/repos/research/fdroid_apps/native_apps/SAI/NONE_TRANSFORMED_;/src/main/java/com/aefyr/sai/backup2/impl/storage/BaseBackupStorage.java;file:/src/main/java/com/aefyr/sai/backup2/impl/storage/BaseBackupStorage.java
MemberIgnoringMethod;DAAP;/Users/rar9993/repos/research/fdroid_apps/native_apps/SAI/NONE_TRANSFORMED_;/src/main/java/com/aefyr/sai/backup2/impl/local/ui/fragments/LocalBackupStorageSetupFragment.java;file:/src/main/java/com/aefyr/sai/backup2/impl/local/ui/fragments/LocalBackupStorageSetupFragment.java
MemberIgnoringMethod;DAAP;/Users/rar9993/repos/research/fdroid_apps/native_apps/SAI/NONE_TRANSFORMED_;/src/main/java/com/aefyr/sai/backup2/impl/local/LocalBackupStorage.java;file:/src/main/java/com/aefyr/sai/backup2/impl/local/LocalBackupStorage.java
MemberIgnoringMethod;DAAP;/Users/rar9993/repos/research/fdroid_apps/native_apps/SAI/NONE_TRANSFORMED_;/src/main/java/com/aefyr/sai/backup2/impl/local/LocalBackupStorageProvider.java;file:/src/main/java/com/aefyr/sai/backup2/impl/local/LocalBackupStorageProvider.java
MemberIgnoringMethod;DAAP;/Users/rar9993/repos/research/fdroid_apps/native_apps/SAI/NONE_TRANSFORMED_;/src/main/java/com/aefyr/sai/backup2/impl/DefaultBackupManager.java;file:/src/main/java/com/aefyr/sai/backup2/impl/DefaultBackupManager.java
MemberIgnoringMethod;DAAP;/Users/rar9993/repos/research/fdroid_apps/native_apps/SAI/NONE_TRANSFORMED_;/src/main/java/com/aefyr/sai/backup2/impl/db/BackupDao.java;file:/src/main/java/com/aefyr/sai/backup2/impl/db/BackupDao.java
MemberIgnoringMethod;DAAP;/Users/rar9993/repos/research/fdroid_apps/native_apps/SAI/NONE_TRANSFORMED_;/src/main/java/com/aefyr/sai/backup2/BackupIndex.java;file:/src/main/java/com/aefyr/sai/backup2/BackupIndex.java
MemberIgnoringMethod;DAAP;/Users/rar9993/repos/research/fdroid_apps/native_apps/SAI/NONE_TRANSFORMED_;/src/main/java/com/aefyr/sai/backup2/BackupManager.java;file:/src/main/java/com/aefyr/sai/backup2/BackupManager.java
MemberIgnoringMethod;DAAP;/Users/rar9993/repos/research/fdroid_apps/native_apps/SAI/NONE_TRANSFORMED_;/src/main/java/com/aefyr/sai/backup2/BackupStorage.java;file:/src/main/java/com/aefyr/sai/backup2/BackupStorage.java
MemberIgnoringMethod;DAAP;/Users/rar9993/repos/research/fdroid_apps/native_apps/SAI/NONE_TRANSFORMED_;/src/main/java/com/aefyr/sai/backup2/backuptask/config/SingleBackupTaskConfig.java;file:/src/main/java/com/aefyr/sai/backup2/backuptask/config/SingleBackupTaskConfig.java
MemberIgnoringMethod;DAAP;/Users/rar9993/repos/research/fdroid_apps/native_apps/SAI/NONE_TRANSFORMED_;/src/main/java/com/aefyr/sai/backup2/backuptask/config/BackupTaskConfig.java;file:/src/main/java/com/aefyr/sai/backup2/backuptask/config/BackupTaskConfig.java
MemberIgnoringMethod;DAAP;/Users/rar9993/repos/research/fdroid_apps/native_apps/SAI/NONE_TRANSFORMED_;/src/main/java/com/aefyr/sai/backup2/backuptask/executor/BatchBackupTaskExecutor.java;file:/src/main/java/com/aefyr/sai/backup2/backuptask/executor/BatchBackupTaskExecutor.java
MemberIgnoringMethod;DAAP;/Users/rar9993/repos/research/fdroid_apps/native_apps/SAI/NONE_TRANSFORMED_;/src/main/java/com/aefyr/sai/backup2/backuptask/executor/SingleBackupTaskExecutor.java;file:/src/main/java/com/aefyr/sai/backup2/backuptask/executor/SingleBackupTaskExecutor.java
MemberIgnoringMethod;DAAP;/Users/rar9993/repos/research/fdroid_apps/native_apps/SAI/NONE_TRANSFORMED_;/src/main/java/com/aefyr/sai/backup2/backuptask/executor/CancellableBackupTaskExecutor.java;file:/src/main/java/com/aefyr/sai/backup2/backuptask/executor/CancellableBackupTaskExecutor.java
MemberIgnoringMethod;DAAP;/Users/rar9993/repos/research/fdroid_apps/native_apps/SAI/NONE_TRANSFORMED_;/src/main/java/com/aefyr/sai/backup2/BackupApp.java;file:/src/main/java/com/aefyr/sai/backup2/BackupApp.java
MemberIgnoringMethod;DAAP;/Users/rar9993/repos/research/fdroid_apps/native_apps/SAI/NONE_TRANSFORMED_;/src/main/java/com/aefyr/sai/backup2/BackupAppDetails.java;file:/src/main/java/com/aefyr/sai/backup2/BackupAppDetails.java
MemberIgnoringMethod;DAAP;/Users/rar9993/repos/research/fdroid_apps/native_apps/SAI/NONE_TRANSFORMED_;/src/main/java/com/aefyr/sai/backup2/Backup.java;file:/src/main/java/com/aefyr/sai/backup2/Backup.java
MemberIgnoringMethod;DAAP;/Users/rar9993/repos/research/fdroid_apps/native_apps/SAI/NONE_TRANSFORMED_;/src/main/java/com/aefyr/sai/backup2/BackupStorageProvider.java;file:/src/main/java/com/aefyr/sai/backup2/BackupStorageProvider.java
MemberIgnoringMethod;DAAP;/Users/rar9993/repos/research/fdroid_apps/native_apps/SAI/NONE_TRANSFORMED_;/src/main/java/com/aefyr/sai/backup2/BackupComponent.java;file:/src/main/java/com/aefyr/sai/backup2/BackupComponent.java
MemberIgnoringMethod;DAAP;/Users/rar9993/repos/research/fdroid_apps/native_apps/SAI/NONE_TRANSFORMED_;/src/main/java/com/aefyr/sai/utils/FragmentNavigator.java;file:/src/main/java/com/aefyr/sai/utils/FragmentNavigator.java
MemberIgnoringMethod;DAAP;/Users/rar9993/repos/research/fdroid_apps/native_apps/SAI/NONE_TRANSFORMED_;/src/main/java/com/aefyr/sai/utils/Locker.java;file:/src/main/java/com/aefyr/sai/utils/Locker.java
MemberIgnoringMethod;DAAP;/Users/rar9993/repos/research/fdroid_apps/native_apps/SAI/NONE_TRANSFORMED_;/src/main/java/com/aefyr/sai/utils/BiConsumer.java;file:/src/main/java/com/aefyr/sai/utils/BiConsumer.java
MemberIgnoringMethod;DAAP;/Users/rar9993/repos/research/fdroid_apps/native_apps/SAI/NONE_TRANSFORMED_;/src/main/java/com/aefyr/sai/utils/SimpleAsyncTask.java;file:/src/main/java/com/aefyr/sai/utils/SimpleAsyncTask.java
MemberIgnoringMethod;DAAP;/Users/rar9993/repos/research/fdroid_apps/native_apps/SAI/NONE_TRANSFORMED_;/src/main/java/com/aefyr/sai/utils/Theme.java;file:/src/main/java/com/aefyr/sai/utils/Theme.java
MemberIgnoringMethod;DAAP;/Users/rar9993/repos/research/fdroid_apps/native_apps/SAI/NONE_TRANSFORMED_;/src/main/java/com/aefyr/sai/utils/TriConsumer.java;file:/src/main/java/com/aefyr/sai/utils/TriConsumer.java
MemberIgnoringMethod;DAAP;/Users/rar9993/repos/research/fdroid_apps/native_apps/SAI/NONE_TRANSFORMED_;/src/main/java/com/aefyr/sai/installerx/util/AndroidBinXmlParser.java;file:/src/main/java/com/aefyr/sai/installerx/util/AndroidBinXmlParser.java
MemberIgnoringMethod;DAAP;/Users/rar9993/repos/research/fdroid_apps/native_apps/SAI/NONE_TRANSFORMED_;/src/main/java/com/aefyr/sai/installerx/common/MutableSplitCategory.java;file:/src/main/java/com/aefyr/sai/installerx/common/MutableSplitCategory.java
MemberIgnoringMethod;DAAP;/Users/rar9993/repos/research/fdroid_apps/native_apps/SAI/NONE_TRANSFORMED_;/src/main/java/com/aefyr/sai/installerx/common/MutableSplitPart.java;file:/src/main/java/com/aefyr/sai/installerx/common/MutableSplitPart.java
MemberIgnoringMethod;DAAP;/Users/rar9993/repos/research/fdroid_apps/native_apps/SAI/NONE_TRANSFORMED_;/src/main/java/com/aefyr/sai/installerx/common/SplitApkSourceMeta.java;file:/src/main/java/com/aefyr/sai/installerx/common/SplitApkSourceMeta.java
MemberIgnoringMethod;DAAP;/Users/rar9993/repos/research/fdroid_apps/native_apps/SAI/NONE_TRANSFORMED_;/src/main/java/com/aefyr/sai/installerx/common/SplitPart.java;file:/src/main/java/com/aefyr/sai/installerx/common/SplitPart.java
MemberIgnoringMethod;DAAP;/Users/rar9993/repos/research/fdroid_apps/native_apps/SAI/NONE_TRANSFORMED_;/src/main/java/com/aefyr/sai/installerx/common/SplitCategory.java;file:/src/main/java/com/aefyr/sai/installerx/common/SplitCategory.java
MemberIgnoringMethod;DAAP;/Users/rar9993/repos/research/fdroid_apps/native_apps/SAI/NONE_TRANSFORMED_;/src/main/java/com/aefyr/sai/installerx/postprocessing/SortPostprocessor.java;file:/src/main/java/com/aefyr/sai/installerx/postprocessing/SortPostprocessor.java
MemberIgnoringMethod;DAAP;/Users/rar9993/repos/research/fdroid_apps/native_apps/SAI/NONE_TRANSFORMED_;/src/main/java/com/aefyr/sai/installerx/postprocessing/DeviceInfoAwarePostprocessor.java;file:/src/main/java/com/aefyr/sai/installerx/postprocessing/DeviceInfoAwarePostprocessor.java
MemberIgnoringMethod;DAAP;/Users/rar9993/repos/research/fdroid_apps/native_apps/SAI/NONE_TRANSFORMED_;/src/main/java/com/aefyr/sai/installerx/postprocessing/Postprocessor.java;file:/src/main/java/com/aefyr/sai/installerx/postprocessing/Postprocessor.java
MemberIgnoringMethod;DAAP;/Users/rar9993/repos/research/fdroid_apps/native_apps/SAI/NONE_TRANSFORMED_;/src/main/java/com/aefyr/sai/installerx/splitmeta/config/ConfigSplitMeta.java;file:/src/main/java/com/aefyr/sai/installerx/splitmeta/config/ConfigSplitMeta.java
MemberIgnoringMethod;DAAP;/Users/rar9993/repos/research/fdroid_apps/native_apps/SAI/NONE_TRANSFORMED_;/src/main/java/com/aefyr/sai/installerx/resolver/appmeta/brute/BruteAppMetaExtractor.java;file:/src/main/java/com/aefyr/sai/installerx/resolver/appmeta/brute/BruteAppMetaExtractor.java
MemberIgnoringMethod;DAAP;/Users/rar9993/repos/research/fdroid_apps/native_apps/SAI/NONE_TRANSFORMED_;/src/main/java/com/aefyr/sai/installerx/resolver/appmeta/apkm/ApkmAppMetaExtractor.java;file:/src/main/java/com/aefyr/sai/installerx/resolver/appmeta/apkm/ApkmAppMetaExtractor.java
MemberIgnoringMethod;DAAP;/Users/rar9993/repos/research/fdroid_apps/native_apps/SAI/NONE_TRANSFORMED_;/src/main/java/com/aefyr/sai/installerx/resolver/appmeta/AppMetaExtractor.java;file:/src/main/java/com/aefyr/sai/installerx/resolver/appmeta/AppMetaExtractor.java
MemberIgnoringMethod;DAAP;/Users/rar9993/repos/research/fdroid_apps/native_apps/SAI/NONE_TRANSFORMED_;/src/main/java/com/aefyr/sai/installerx/resolver/meta/impl/InstalledAppApkSourceFile.java;file:/src/main/java/com/aefyr/sai/installerx/resolver/meta/impl/InstalledAppApkSourceFile.java
MemberIgnoringMethod;DAAP;/Users/rar9993/repos/research/fdroid_apps/native_apps/SAI/NONE_TRANSFORMED_;/src/main/java/com/aefyr/sai/installerx/resolver/meta/impl/DefaultSplitApkSourceMetaResolver.java;file:/src/main/java/com/aefyr/sai/installerx/resolver/meta/impl/DefaultSplitApkSourceMetaResolver.java
MemberIgnoringMethod;DAAP;/Users/rar9993/repos/research/fdroid_apps/native_apps/SAI/NONE_TRANSFORMED_;/src/main/java/com/aefyr/sai/installerx/resolver/meta/ApkSourceFile.java;file:/src/main/java/com/aefyr/sai/installerx/resolver/meta/ApkSourceFile.java
MemberIgnoringMethod;DAAP;/Users/rar9993/repos/research/fdroid_apps/native_apps/SAI/NONE_TRANSFORMED_;/src/main/java/com/aefyr/sai/installerx/resolver/meta/SplitApkSourceMetaResolver.java;file:/src/main/java/com/aefyr/sai/installerx/resolver/meta/SplitApkSourceMetaResolver.java
MemberIgnoringMethod;DAAP;/Users/rar9993/repos/research/fdroid_apps/native_apps/SAI/NONE_TRANSFORMED_;/src/main/java/com/aefyr/sai/installerx/resolver/urimess/impl/DefaultUriMessResolver.java;file:/src/main/java/com/aefyr/sai/installerx/resolver/urimess/impl/DefaultUriMessResolver.java
MemberIgnoringMethod;DAAP;/Users/rar9993/repos/research/fdroid_apps/native_apps/SAI/NONE_TRANSFORMED_;/src/main/java/com/aefyr/sai/installerx/resolver/urimess/UriHost.java;file:/src/main/java/com/aefyr/sai/installerx/resolver/urimess/UriHost.java
MemberIgnoringMethod;DAAP;/Users/rar9993/repos/research/fdroid_apps/native_apps/SAI/NONE_TRANSFORMED_;/src/main/java/com/aefyr/sai/installerx/resolver/urimess/UriMessResolver.java;file:/src/main/java/com/aefyr/sai/installerx/resolver/urimess/UriMessResolver.java
MemberIgnoringMethod;DAAP;/Users/rar9993/repos/research/fdroid_apps/native_apps/SAI/NONE_TRANSFORMED_;/src/main/java/com/aefyr/sai/installerx/resolver/urimess/UriHostFactory.java;file:/src/main/java/com/aefyr/sai/installerx/resolver/urimess/UriHostFactory.java
MemberIgnoringMethod;DAAP;/Users/rar9993/repos/research/fdroid_apps/native_apps/SAI/NONE_TRANSFORMED_;/src/main/java/com/aefyr/sai/installer2/impl/BaseSaiPackageInstaller.java;file:/src/main/java/com/aefyr/sai/installer2/impl/BaseSaiPackageInstaller.java
MemberIgnoringMethod;DAAP;/Users/rar9993/repos/research/fdroid_apps/native_apps/SAI/NONE_TRANSFORMED_;/src/main/java/com/aefyr/sai/installer2/impl/shell/ShellSaiPackageInstaller.java;file:/src/main/java/com/aefyr/sai/installer2/impl/shell/ShellSaiPackageInstaller.java
MemberIgnoringMethod;DAAP;/Users/rar9993/repos/research/fdroid_apps/native_apps/SAI/NONE_TRANSFORMED_;/src/main/java/com/aefyr/sai/installer2/impl/rootless/RootlessSaiPiBroadcastReceiver.java;file:/src/main/java/com/aefyr/sai/installer2/impl/rootless/RootlessSaiPiBroadcastReceiver.java
MemberIgnoringMethod;DAAP;/Users/rar9993/repos/research/fdroid_apps/native_apps/SAI/NONE_TRANSFORMED_;/src/main/java/com/aefyr/sai/installer2/base/SaiPackageInstaller.java;file:/src/main/java/com/aefyr/sai/installer2/base/SaiPackageInstaller.java
MemberIgnoringMethod;DAAP;/Users/rar9993/repos/research/fdroid_apps/native_apps/SAI/NONE_TRANSFORMED_;/src/main/java/com/aefyr/sai/installer2/base/model/SaiPiSessionState.java;file:/src/main/java/com/aefyr/sai/installer2/base/model/SaiPiSessionState.java
MemberIgnoringMethod;DAAP;/Users/rar9993/repos/research/fdroid_apps/native_apps/SAI/NONE_TRANSFORMED_;/src/main/java/com/aefyr/sai/installer2/base/SaiPiSessionObserver.java;file:/src/main/java/com/aefyr/sai/installer2/base/SaiPiSessionObserver.java
MemberIgnoringMethod;DAAP;/Users/rar9993/repos/research/fdroid_apps/native_apps/SAI/NONE_TRANSFORMED_;/src/main/java/com/aefyr/sai/adapters/SplitApkSourceMetaAdapter.java;file:/src/main/java/com/aefyr/sai/adapters/SplitApkSourceMetaAdapter.java
MemberIgnoringMethod;DAAP;/Users/rar9993/repos/research/fdroid_apps/native_apps/SAI/NONE_TRANSFORMED_;/src/main/java/com/aefyr/sai/adapters/SaiPiSessionsAdapter.java;file:/src/main/java/com/aefyr/sai/adapters/SaiPiSessionsAdapter.java
MemberIgnoringMethod;DAAP;/Users/rar9993/repos/research/fdroid_apps/native_apps/SAI/NONE_TRANSFORMED_;/src/main/java/com/aefyr/sai/adapters/BackupComponentsAdapter.java;file:/src/main/java/com/aefyr/sai/adapters/BackupComponentsAdapter.java
MemberIgnoringMethod;DAAP;/Users/rar9993/repos/research/fdroid_apps/native_apps/SAI/NONE_TRANSFORMED_;/src/main/java/com/aefyr/sai/adapters/BackupPackagesAdapter.java;file:/src/main/java/com/aefyr/sai/adapters/BackupPackagesAdapter.java
MemberIgnoringMethod;DAAP;/Users/rar9993/repos/research/fdroid_apps/native_apps/SAI/NONE_TRANSFORMED_;/src/main/java/com/aefyr/sai/adapters/DonateAdapter.java;file:/src/main/java/com/aefyr/sai/adapters/DonateAdapter.java
MemberIgnoringMethod;DAAP;/Users/rar9993/repos/research/fdroid_apps/native_apps/SAI/NONE_TRANSFORMED_;/src/main/java/com/aefyr/sai/adapters/selection/Selection.java;file:/src/main/java/com/aefyr/sai/adapters/selection/Selection.java
MemberIgnoringMethod;DAAP;/Users/rar9993/repos/research/fdroid_apps/native_apps/SAI/NONE_TRANSFORMED_;/src/main/java/com/aefyr/sai/adapters/selection/SelectableAdapter.java;file:/src/main/java/com/aefyr/sai/adapters/selection/SelectableAdapter.java
MemberIgnoringMethod;DAAP;/Users/rar9993/repos/research/fdroid_apps/native_apps/SAI/NONE_TRANSFORMED_;/src/main/java/com/aefyr/sai/adapters/BackupAppDetailsAdapter.java;file:/src/main/java/com/aefyr/sai/adapters/BackupAppDetailsAdapter.java
MemberIgnoringMethod;DAAP;/Users/rar9993/repos/research/fdroid_apps/native_apps/SAI/NONE_TRANSFORMED_;/src/main/java/com/aefyr/sai/adapters/ThemeAdapter.java;file:/src/main/java/com/aefyr/sai/adapters/ThemeAdapter.java
MemberIgnoringMethod;DAAP;/Users/rar9993/repos/research/fdroid_apps/native_apps/SAI/NONE_TRANSFORMED_;/src/main/java/com/aefyr/sai/model/filedescriptor/FileDescriptor.java;file:/src/main/java/com/aefyr/sai/model/filedescriptor/FileDescriptor.java
MemberIgnoringMethod;DAAP;/Users/rar9993/repos/research/fdroid_apps/native_apps/SAI/NONE_TRANSFORMED_;/src/main/java/com/aefyr/sai/model/common/PackageMeta.java;file:/src/main/java/com/aefyr/sai/model/common/PackageMeta.java
MemberIgnoringMethod;DAAP;/Users/rar9993/repos/research/fdroid_apps/native_apps/SAI/NONE_TRANSFORMED_;/src/main/java/com/aefyr/sai/model/common/AppFeature.java;file:/src/main/java/com/aefyr/sai/model/common/AppFeature.java
MemberIgnoringMethod;DAAP;/Users/rar9993/repos/research/fdroid_apps/native_apps/SAI/NONE_TRANSFORMED_;/src/main/java/com/aefyr/sai/model/backup/SplitApkPart.java;file:/src/main/java/com/aefyr/sai/model/backup/SplitApkPart.java
MemberIgnoringMethod;DAAP;/Users/rar9993/repos/research/fdroid_apps/native_apps/SAI/NONE_TRANSFORMED_;/src/main/java/com/aefyr/sai/model/apksource/ApkSource.java;file:/src/main/java/com/aefyr/sai/model/apksource/ApkSource.java
MemberIgnoringMethod;DAAP;/Users/rar9993/repos/research/fdroid_apps/native_apps/SAI/NONE_TRANSFORMED_;/src/main/java/com/aefyr/sai/model/apksource/ZipBackedApkSource.java;file:/src/main/java/com/aefyr/sai/model/apksource/ZipBackedApkSource.java
MemberIgnoringMethod;DAAP;/Users/rar9993/repos/research/fdroid_apps/native_apps/SAI/NONE_TRANSFORMED_;/src/main/java/com/aefyr/sai/view/coolbar/Coolbar.java;file:/src/main/java/com/aefyr/sai/view/coolbar/Coolbar.java
MemberIgnoringMethod;DAAP;/Users/rar9993/repos/research/fdroid_apps/native_apps/SAI/NONE_TRANSFORMED_;/src/main/java/com/aefyr/sai/view/ViewSwitcherLayout.java;file:/src/main/java/com/aefyr/sai/view/ViewSwitcherLayout.java
MemberIgnoringMethod;DAAP;/Users/rar9993/repos/research/fdroid_apps/native_apps/SAI/NONE_TRANSFORMED_;/src/main/java/com/aefyr/sai/view/NonInteractiveRecyclerView.java;file:/src/main/java/com/aefyr/sai/view/NonInteractiveRecyclerView.java
MemberIgnoringMethod;DAAP;/Users/rar9993/repos/research/fdroid_apps/native_apps/SAI/NONE_TRANSFORMED_;/src/main/java/com/aefyr/sai/shizuku/SuiInitProvider.java;file:/src/main/java/com/aefyr/sai/shizuku/SuiInitProvider.java
MemberIgnoringMethod;DAAP;/Users/rar9993/repos/research/fdroid_apps/native_apps/SAI/NONE_TRANSFORMED_;/src/main/java/com/aefyr/sai/legal/LegalStuffProvider.java;file:/src/main/java/com/aefyr/sai/legal/LegalStuffProvider.java
MemberIgnoringMethod;DAAP;/Users/rar9993/repos/research/fdroid_apps/native_apps/SAI/NONE_TRANSFORMED_;/src/main/java/com/aefyr/sai/installer/SAIPackageInstaller.java;file:/src/main/java/com/aefyr/sai/installer/SAIPackageInstaller.java
MemberIgnoringMethod;DAAP;/Users/rar9993/repos/research/fdroid_apps/native_apps/SAI/NONE_TRANSFORMED_;/src/main/java/com/aefyr/sai/installer/ShellSAIPackageInstaller.java;file:/src/main/java/com/aefyr/sai/installer/ShellSAIPackageInstaller.java
MemberIgnoringMethod;DAAP;/Users/rar9993/repos/research/fdroid_apps/native_apps/SAI/NONE_TRANSFORMED_;/src/main/java/com/aefyr/sai/installer/rootless/RootlessSAIPIService.java;file:/src/main/java/com/aefyr/sai/installer/rootless/RootlessSAIPIService.java
MemberIgnoringMethod;DAAP;/Users/rar9993/repos/research/fdroid_apps/native_apps/SAI/NONE_TRANSFORMED_;/src/main/java/com/aefyr/sai/billing/DonationStatusRenderer.java;file:/src/main/java/com/aefyr/sai/billing/DonationStatusRenderer.java
MemberIgnoringMethod;DAAP;/Users/rar9993/repos/research/fdroid_apps/native_apps/SAI/NONE_TRANSFORMED_;/src/main/java/com/aefyr/sai/billing/BillingManager.java;file:/src/main/java/com/aefyr/sai/billing/BillingManager.java
MemberIgnoringMethod;DAAP;/Users/rar9993/repos/research/fdroid_apps/native_apps/SAI/NONE_TRANSFORMED_;/src/main/java/com/aefyr/sai/billing/BillingProduct.java;file:/src/main/java/com/aefyr/sai/billing/BillingProduct.java
MemberIgnoringMethod;DAAP;/Users/rar9993/repos/research/fdroid_apps/native_apps/SAI/NONE_TRANSFORMED_;/src/main/java/com/aefyr/sai/analytics/AnalyticsProvider.java;file:/src/main/java/com/aefyr/sai/analytics/AnalyticsProvider.java
LeakingThread;DAAP;/Users/rar9993/repos/research/fdroid_apps/native_apps/SAI/NONE_TRANSFORMED_;/src/main/java/com/aefyr/sai/utils/RwLock.java;file:/src/main/java/com/aefyr/sai/utils/RwLock.java
HashmapUsage;DAAP;/Users/rar9993/repos/research/fdroid_apps/native_apps/SAI/NONE_TRANSFORMED_;/src/main/java/com/aefyr/sai/installerx/postprocessing/DeviceInfoAwarePostprocessor.java;file:/src/main/java/com/aefyr/sai/installerx/postprocessing/DeviceInfoAwarePostprocessor.java
HashmapUsage;DAAP;/Users/rar9993/repos/research/fdroid_apps/native_apps/SAI/NONE_TRANSFORMED_;/src/main/java/com/aefyr/sai/installer2/impl/rootless/RootlessSaiPackageInstaller.java;file:/src/main/java/com/aefyr/sai/installer2/impl/rootless/RootlessSaiPackageInstaller.java
SlowForLoop;DAAP;/Users/rar9993/repos/research/fdroid_apps/native_apps/SAI/NONE_TRANSFORMED_;/src/main/java/com/aefyr/sai/ui/fragments/LegacyInstallerFragment.java;file:/src/main/java/com/aefyr/sai/ui/fragments/LegacyInstallerFragment.java
SlowForLoop;DAAP;/Users/rar9993/repos/research/fdroid_apps/native_apps/SAI/NONE_TRANSFORMED_;/src/main/java/com/aefyr/sai/ui/fragments/Installer2Fragment.java;file:/src/main/java/com/aefyr/sai/ui/fragments/Installer2Fragment.java
SlowForLoop;DAAP;/Users/rar9993/repos/research/fdroid_apps/native_apps/SAI/NONE_TRANSFORMED_;/src/main/java/com/aefyr/sai/ui/recycler/InstallerXAdapterDividerItemDecoration.java;file:/src/main/java/com/aefyr/sai/ui/recycler/InstallerXAdapterDividerItemDecoration.java
SlowForLoop;DAAP;/Users/rar9993/repos/research/fdroid_apps/native_apps/SAI/NONE_TRANSFORMED_;/src/main/java/com/aefyr/sai/ui/dialogs/InstallerXDialogFragment.java;file:/src/main/java/com/aefyr/sai/ui/dialogs/InstallerXDialogFragment.java
SlowForLoop;DAAP;/Users/rar9993/repos/research/fdroid_apps/native_apps/SAI/NONE_TRANSFORMED_;/src/main/java/com/aefyr/sai/ui/activities/MainActivity.java;file:/src/main/java/com/aefyr/sai/ui/activities/MainActivity.java
SlowForLoop;DAAP;/Users/rar9993/repos/research/fdroid_apps/native_apps/SAI/NONE_TRANSFORMED_;/src/main/java/com/aefyr/sai/shell/Shell.java;file:/src/main/java/com/aefyr/sai/shell/Shell.java
SlowForLoop;DAAP;/Users/rar9993/repos/research/fdroid_apps/native_apps/SAI/NONE_TRANSFORMED_;/src/main/java/com/aefyr/sai/backup2/impl/DefaultBackupManager.java;file:/src/main/java/com/aefyr/sai/backup2/impl/DefaultBackupManager.java
SlowForLoop;DAAP;/Users/rar9993/repos/research/fdroid_apps/native_apps/SAI/NONE_TRANSFORMED_;/src/main/java/com/aefyr/sai/utils/MiuiUtils.java;file:/src/main/java/com/aefyr/sai/utils/MiuiUtils.java
SlowForLoop;DAAP;/Users/rar9993/repos/research/fdroid_apps/native_apps/SAI/NONE_TRANSFORMED_;/src/main/java/com/aefyr/sai/utils/Utils.java;file:/src/main/java/com/aefyr/sai/utils/Utils.java
SlowForLoop;DAAP;/Users/rar9993/repos/research/fdroid_apps/native_apps/SAI/NONE_TRANSFORMED_;/src/main/java/com/aefyr/sai/utils/saf/FileUtils.java;file:/src/main/java/com/aefyr/sai/utils/saf/FileUtils.java
SlowForLoop;DAAP;/Users/rar9993/repos/research/fdroid_apps/native_apps/SAI/NONE_TRANSFORMED_;/src/main/java/com/aefyr/sai/installerx/util/AndroidBinXmlParser.java;file:/src/main/java/com/aefyr/sai/installerx/util/AndroidBinXmlParser.java
SlowForLoop;DAAP;/Users/rar9993/repos/research/fdroid_apps/native_apps/SAI/NONE_TRANSFORMED_;/src/main/java/com/aefyr/sai/installerx/postprocessing/DeviceInfoAwarePostprocessor.java;file:/src/main/java/com/aefyr/sai/installerx/postprocessing/DeviceInfoAwarePostprocessor.java
SlowForLoop;DAAP;/Users/rar9993/repos/research/fdroid_apps/native_apps/SAI/NONE_TRANSFORMED_;/src/main/java/com/aefyr/sai/installerx/resolver/meta/impl/DefaultSplitApkSourceMetaResolver.java;file:/src/main/java/com/aefyr/sai/installerx/resolver/meta/impl/DefaultSplitApkSourceMetaResolver.java
SlowForLoop;DAAP;/Users/rar9993/repos/research/fdroid_apps/native_apps/SAI/NONE_TRANSFORMED_;/src/main/java/com/aefyr/sai/adapters/selection/SelectableAdapter.java;file:/src/main/java/com/aefyr/sai/adapters/selection/SelectableAdapter.java
SlowForLoop;DAAP;/Users/rar9993/repos/research/fdroid_apps/native_apps/SAI/NONE_TRANSFORMED_;/src/main/java/com/aefyr/sai/model/backup/BackupNameFormatBuilder.java;file:/src/main/java/com/aefyr/sai/model/backup/BackupNameFormatBuilder.java
SlowForLoop;DAAP;/Users/rar9993/repos/research/fdroid_apps/native_apps/SAI/NONE_TRANSFORMED_;/src/main/java/com/aefyr/sai/view/coolbar/Coolbar.java;file:/src/main/java/com/aefyr/sai/view/coolbar/Coolbar.java
SlowForLoop;DAAP;/Users/rar9993/repos/research/fdroid_apps/native_apps/SAI/NONE_TRANSFORMED_;/src/main/java/com/aefyr/sai/view/ViewSwitcherLayout.java;file:/src/main/java/com/aefyr/sai/view/ViewSwitcherLayout.java
NoLowMemoryResolver;DAAP;/Users/rar9993/repos/research/fdroid_apps/native_apps/SAI/NONE_TRANSFORMED_;/src/main/java/com/aefyr/sai/ui/activities/ConfirmationIntentWrapperActivity.java;file:/src/main/java/com/aefyr/sai/ui/activities/ConfirmationIntentWrapperActivity.java
NoLowMemoryResolver;DAAP;/Users/rar9993/repos/research/fdroid_apps/native_apps/SAI/NONE_TRANSFORMED_;/src/main/java/com/aefyr/sai/ui/activities/DonateActivity.java;file:/src/main/java/com/aefyr/sai/ui/activities/DonateActivity.java
NoLowMemoryResolver;DAAP;/Users/rar9993/repos/research/fdroid_apps/native_apps/SAI/NONE_TRANSFORMED_;/src/main/java/com/aefyr/sai/ui/activities/AboutActivity.java;file:/src/main/java/com/aefyr/sai/ui/activities/AboutActivity.java
NoLowMemoryResolver;DAAP;/Users/rar9993/repos/research/fdroid_apps/native_apps/SAI/NONE_TRANSFORMED_;/src/main/java/com/aefyr/sai/ui/activities/MainActivity.java;file:/src/main/java/com/aefyr/sai/ui/activities/MainActivity.java
NoLowMemoryResolver;DAAP;/Users/rar9993/repos/research/fdroid_apps/native_apps/SAI/NONE_TRANSFORMED_;/src/main/java/com/aefyr/sai/ui/activities/ApkActionViewProxyActivity.java;file:/src/main/java/com/aefyr/sai/ui/activities/ApkActionViewProxyActivity.java
NoLowMemoryResolver;DAAP;/Users/rar9993/repos/research/fdroid_apps/native_apps/SAI/NONE_TRANSFORMED_;/src/main/java/com/aefyr/sai/ui/activities/BackupManageAppActivity.java;file:/src/main/java/com/aefyr/sai/ui/activities/BackupManageAppActivity.java
NoLowMemoryResolver;DAAP;/Users/rar9993/repos/research/fdroid_apps/native_apps/SAI/NONE_TRANSFORMED_;/src/main/java/com/aefyr/sai/ui/activities/BackupSettingsActivity.java;file:/src/main/java/com/aefyr/sai/ui/activities/BackupSettingsActivity.java
NoLowMemoryResolver;DAAP;/Users/rar9993/repos/research/fdroid_apps/native_apps/SAI/NONE_TRANSFORMED_;/src/main/java/com/aefyr/sai/ui/activities/ThemedActivity.java;file:/src/main/java/com/aefyr/sai/ui/activities/ThemedActivity.java
NoLowMemoryResolver;DAAP;/Users/rar9993/repos/research/fdroid_apps/native_apps/SAI/NONE_TRANSFORMED_;/src/main/java/com/aefyr/sai/ui/activities/MiActivity.java;file:/src/main/java/com/aefyr/sai/ui/activities/MiActivity.java
NoLowMemoryResolver;DAAP;/Users/rar9993/repos/research/fdroid_apps/native_apps/SAI/NONE_TRANSFORMED_;/src/main/java/com/aefyr/sai/ui/activities/LicensesActivity.java;file:/src/main/java/com/aefyr/sai/ui/activities/LicensesActivity.java
NoLowMemoryResolver;DAAP;/Users/rar9993/repos/research/fdroid_apps/native_apps/SAI/NONE_TRANSFORMED_;/src/main/java/com/aefyr/sai/ui/activities/PreferencesActivity.java;file:/src/main/java/com/aefyr/sai/ui/activities/PreferencesActivity.java
NoLowMemoryResolver;DAAP;/Users/rar9993/repos/research/fdroid_apps/native_apps/SAI/NONE_TRANSFORMED_;/src/main/java/com/aefyr/sai/installer2/impl/rootless/ConfirmationIntentWrapperActivity2.java;file:/src/main/java/com/aefyr/sai/installer2/impl/rootless/ConfirmationIntentWrapperActivity2.java
DroppedData;DAAP;/Users/rar9993/repos/research/fdroid_apps/native_apps/SAI/NONE_TRANSFORMED_;/src/main/java/com/aefyr/sai/ui/fragments/BackupManageAppFragment.java;file:/src/main/java/com/aefyr/sai/ui/fragments/BackupManageAppFragment.java
DroppedData;DAAP;/Users/rar9993/repos/research/fdroid_apps/native_apps/SAI/NONE_TRANSFORMED_;/src/main/java/com/aefyr/sai/ui/fragments/miui/MiEntryFragment.java;file:/src/main/java/com/aefyr/sai/ui/fragments/miui/MiEntryFragment.java
DroppedData;DAAP;/Users/rar9993/repos/research/fdroid_apps/native_apps/SAI/NONE_TRANSFORMED_;/src/main/java/com/aefyr/sai/ui/fragments/InstallerFragment.java;file:/src/main/java/com/aefyr/sai/ui/fragments/InstallerFragment.java
DroppedData;DAAP;/Users/rar9993/repos/research/fdroid_apps/native_apps/SAI/NONE_TRANSFORMED_;/src/main/java/com/aefyr/sai/ui/fragments/PreferencesFragment.java;file:/src/main/java/com/aefyr/sai/ui/fragments/PreferencesFragment.java
DroppedData;DAAP;/Users/rar9993/repos/research/fdroid_apps/native_apps/SAI/NONE_TRANSFORMED_;/src/main/java/com/aefyr/sai/ui/fragments/DonateFragment.java;file:/src/main/java/com/aefyr/sai/ui/fragments/DonateFragment.java
DroppedData;DAAP;/Users/rar9993/repos/research/fdroid_apps/native_apps/SAI/NONE_TRANSFORMED_;/src/main/java/com/aefyr/sai/ui/fragments/SaiBaseFragment.java;file:/src/main/java/com/aefyr/sai/ui/fragments/SaiBaseFragment.java
DroppedData;DAAP;/Users/rar9993/repos/research/fdroid_apps/native_apps/SAI/NONE_TRANSFORMED_;/src/main/java/com/aefyr/sai/ui/fragments/BackupFragment.java;file:/src/main/java/com/aefyr/sai/ui/fragments/BackupFragment.java
DroppedData;DAAP;/Users/rar9993/repos/research/fdroid_apps/native_apps/SAI/NONE_TRANSFORMED_;/src/main/java/com/aefyr/sai/ui/fragments/LegacyInstallerFragment.java;file:/src/main/java/com/aefyr/sai/ui/fragments/LegacyInstallerFragment.java
DroppedData;DAAP;/Users/rar9993/repos/research/fdroid_apps/native_apps/SAI/NONE_TRANSFORMED_;/src/main/java/com/aefyr/sai/ui/fragments/Installer2Fragment.java;file:/src/main/java/com/aefyr/sai/ui/fragments/Installer2Fragment.java
DroppedData;DAAP;/Users/rar9993/repos/research/fdroid_apps/native_apps/SAI/NONE_TRANSFORMED_;/src/main/java/com/aefyr/sai/ui/fragments/SuperSecretPreferencesFragment.java;file:/src/main/java/com/aefyr/sai/ui/fragments/SuperSecretPreferencesFragment.java
DroppedData;DAAP;/Users/rar9993/repos/research/fdroid_apps/native_apps/SAI/NONE_TRANSFORMED_;/src/main/java/com/aefyr/sai/ui/dialogs/BatchBackupDialogFragment.java;file:/src/main/java/com/aefyr/sai/ui/dialogs/BatchBackupDialogFragment.java
DroppedData;DAAP;/Users/rar9993/repos/research/fdroid_apps/native_apps/SAI/NONE_TRANSFORMED_;/src/main/java/com/aefyr/sai/ui/dialogs/SimpleAlertDialogFragment.java;file:/src/main/java/com/aefyr/sai/ui/dialogs/SimpleAlertDialogFragment.java
DroppedData;DAAP;/Users/rar9993/repos/research/fdroid_apps/native_apps/SAI/NONE_TRANSFORMED_;/src/main/java/com/aefyr/sai/ui/dialogs/InstallationConfirmationDialogFragment.java;file:/src/main/java/com/aefyr/sai/ui/dialogs/InstallationConfirmationDialogFragment.java
DroppedData;DAAP;/Users/rar9993/repos/research/fdroid_apps/native_apps/SAI/NONE_TRANSFORMED_;/src/main/java/com/aefyr/sai/ui/dialogs/BackupDialogFragment.java;file:/src/main/java/com/aefyr/sai/ui/dialogs/BackupDialogFragment.java
DroppedData;DAAP;/Users/rar9993/repos/research/fdroid_apps/native_apps/SAI/NONE_TRANSFORMED_;/src/main/java/com/aefyr/sai/ui/dialogs/ErrorLogDialogFragment2.java;file:/src/main/java/com/aefyr/sai/ui/dialogs/ErrorLogDialogFragment2.java
DroppedData;DAAP;/Users/rar9993/repos/research/fdroid_apps/native_apps/SAI/NONE_TRANSFORMED_;/src/main/java/com/aefyr/sai/ui/dialogs/MiuiWarningDialogFragment.java;file:/src/main/java/com/aefyr/sai/ui/dialogs/MiuiWarningDialogFragment.java
DroppedData;DAAP;/Users/rar9993/repos/research/fdroid_apps/native_apps/SAI/NONE_TRANSFORMED_;/src/main/java/com/aefyr/sai/ui/dialogs/FilePickerDialogFragment.java;file:/src/main/java/com/aefyr/sai/ui/dialogs/FilePickerDialogFragment.java
DroppedData;DAAP;/Users/rar9993/repos/research/fdroid_apps/native_apps/SAI/NONE_TRANSFORMED_;/src/main/java/com/aefyr/sai/ui/dialogs/SingleChoiceListDialogFragment.java;file:/src/main/java/com/aefyr/sai/ui/dialogs/SingleChoiceListDialogFragment.java
DroppedData;DAAP;/Users/rar9993/repos/research/fdroid_apps/native_apps/SAI/NONE_TRANSFORMED_;/src/main/java/com/aefyr/sai/ui/dialogs/NameFormatBuilderDialogFragment.java;file:/src/main/java/com/aefyr/sai/ui/dialogs/NameFormatBuilderDialogFragment.java
DroppedData;DAAP;/Users/rar9993/repos/research/fdroid_apps/native_apps/SAI/NONE_TRANSFORMED_;/src/main/java/com/aefyr/sai/ui/dialogs/AppInstalledDialogFragment.java;file:/src/main/java/com/aefyr/sai/ui/dialogs/AppInstalledDialogFragment.java
DroppedData;DAAP;/Users/rar9993/repos/research/fdroid_apps/native_apps/SAI/NONE_TRANSFORMED_;/src/main/java/com/aefyr/sai/ui/dialogs/DarkLightThemeSelectionDialogFragment.java;file:/src/main/java/com/aefyr/sai/ui/dialogs/DarkLightThemeSelectionDialogFragment.java
DroppedData;DAAP;/Users/rar9993/repos/research/fdroid_apps/native_apps/SAI/NONE_TRANSFORMED_;/src/main/java/com/aefyr/sai/ui/dialogs/RestoreBackupDialogFragment.java;file:/src/main/java/com/aefyr/sai/ui/dialogs/RestoreBackupDialogFragment.java
DroppedData;DAAP;/Users/rar9993/repos/research/fdroid_apps/native_apps/SAI/NONE_TRANSFORMED_;/src/main/java/com/aefyr/sai/ui/dialogs/DonationSuggestionDialogFragment.java;file:/src/main/java/com/aefyr/sai/ui/dialogs/DonationSuggestionDialogFragment.java
DroppedData;DAAP;/Users/rar9993/repos/research/fdroid_apps/native_apps/SAI/NONE_TRANSFORMED_;/src/main/java/com/aefyr/sai/ui/dialogs/UriDirectoryPickerDialogFragment.java;file:/src/main/java/com/aefyr/sai/ui/dialogs/UriDirectoryPickerDialogFragment.java
DroppedData;DAAP;/Users/rar9993/repos/research/fdroid_apps/native_apps/SAI/NONE_TRANSFORMED_;/src/main/java/com/aefyr/sai/ui/dialogs/InstallerXDialogFragment.java;file:/src/main/java/com/aefyr/sai/ui/dialogs/InstallerXDialogFragment.java
DroppedData;DAAP;/Users/rar9993/repos/research/fdroid_apps/native_apps/SAI/NONE_TRANSFORMED_;/src/main/java/com/aefyr/sai/ui/dialogs/OneTimeWarningDialogFragment.java;file:/src/main/java/com/aefyr/sai/ui/dialogs/OneTimeWarningDialogFragment.java
DroppedData;DAAP;/Users/rar9993/repos/research/fdroid_apps/native_apps/SAI/NONE_TRANSFORMED_;/src/main/java/com/aefyr/sai/ui/dialogs/DeleteBackupConfirmationDialog.java;file:/src/main/java/com/aefyr/sai/ui/dialogs/DeleteBackupConfirmationDialog.java
DroppedData;DAAP;/Users/rar9993/repos/research/fdroid_apps/native_apps/SAI/NONE_TRANSFORMED_;/src/main/java/com/aefyr/sai/ui/dialogs/ThemeSelectionDialogFragment.java;file:/src/main/java/com/aefyr/sai/ui/dialogs/ThemeSelectionDialogFragment.java
DroppedData;DAAP;/Users/rar9993/repos/research/fdroid_apps/native_apps/SAI/NONE_TRANSFORMED_;/src/main/java/com/aefyr/sai/ui/dialogs/base/BaseBottomSheetDialogFragment.java;file:/src/main/java/com/aefyr/sai/ui/dialogs/base/BaseBottomSheetDialogFragment.java
DroppedData;DAAP;/Users/rar9993/repos/research/fdroid_apps/native_apps/SAI/NONE_TRANSFORMED_;/src/main/java/com/aefyr/sai/ui/dialogs/ErrorLogDialogFragment.java;file:/src/main/java/com/aefyr/sai/ui/dialogs/ErrorLogDialogFragment.java
DroppedData;DAAP;/Users/rar9993/repos/research/fdroid_apps/native_apps/SAI/NONE_TRANSFORMED_;/src/main/java/com/aefyr/sai/ui/activities/ConfirmationIntentWrapperActivity.java;file:/src/main/java/com/aefyr/sai/ui/activities/ConfirmationIntentWrapperActivity.java
DroppedData;DAAP;/Users/rar9993/repos/research/fdroid_apps/native_apps/SAI/NONE_TRANSFORMED_;/src/main/java/com/aefyr/sai/ui/activities/DonateActivity.java;file:/src/main/java/com/aefyr/sai/ui/activities/DonateActivity.java
DroppedData;DAAP;/Users/rar9993/repos/research/fdroid_apps/native_apps/SAI/NONE_TRANSFORMED_;/src/main/java/com/aefyr/sai/ui/activities/AboutActivity.java;file:/src/main/java/com/aefyr/sai/ui/activities/AboutActivity.java
DroppedData;DAAP;/Users/rar9993/repos/research/fdroid_apps/native_apps/SAI/NONE_TRANSFORMED_;/src/main/java/com/aefyr/sai/ui/activities/ApkActionViewProxyActivity.java;file:/src/main/java/com/aefyr/sai/ui/activities/ApkActionViewProxyActivity.java
DroppedData;DAAP;/Users/rar9993/repos/research/fdroid_apps/native_apps/SAI/NONE_TRANSFORMED_;/src/main/java/com/aefyr/sai/ui/activities/BackupManageAppActivity.java;file:/src/main/java/com/aefyr/sai/ui/activities/BackupManageAppActivity.java
DroppedData;DAAP;/Users/rar9993/repos/research/fdroid_apps/native_apps/SAI/NONE_TRANSFORMED_;/src/main/java/com/aefyr/sai/ui/activities/BackupSettingsActivity.java;file:/src/main/java/com/aefyr/sai/ui/activities/BackupSettingsActivity.java
DroppedData;DAAP;/Users/rar9993/repos/research/fdroid_apps/native_apps/SAI/NONE_TRANSFORMED_;/src/main/java/com/aefyr/sai/ui/activities/ThemedActivity.java;file:/src/main/java/com/aefyr/sai/ui/activities/ThemedActivity.java
DroppedData;DAAP;/Users/rar9993/repos/research/fdroid_apps/native_apps/SAI/NONE_TRANSFORMED_;/src/main/java/com/aefyr/sai/ui/activities/MiActivity.java;file:/src/main/java/com/aefyr/sai/ui/activities/MiActivity.java
DroppedData;DAAP;/Users/rar9993/repos/research/fdroid_apps/native_apps/SAI/NONE_TRANSFORMED_;/src/main/java/com/aefyr/sai/ui/activities/LicensesActivity.java;file:/src/main/java/com/aefyr/sai/ui/activities/LicensesActivity.java
DroppedData;DAAP;/Users/rar9993/repos/research/fdroid_apps/native_apps/SAI/NONE_TRANSFORMED_;/src/main/java/com/aefyr/sai/ui/activities/PreferencesActivity.java;file:/src/main/java/com/aefyr/sai/ui/activities/PreferencesActivity.java
DroppedData;DAAP;/Users/rar9993/repos/research/fdroid_apps/native_apps/SAI/NONE_TRANSFORMED_;/src/main/java/com/aefyr/sai/backup2/impl/local/ui/fragments/LocalBackupStorageSetupFragment.java;file:/src/main/java/com/aefyr/sai/backup2/impl/local/ui/fragments/LocalBackupStorageSetupFragment.java
DroppedData;DAAP;/Users/rar9993/repos/research/fdroid_apps/native_apps/SAI/NONE_TRANSFORMED_;/src/main/java/com/aefyr/sai/backup2/impl/local/ui/fragments/LocalBackupStorageSettingsFragment.java;file:/src/main/java/com/aefyr/sai/backup2/impl/local/ui/fragments/LocalBackupStorageSettingsFragment.java
DroppedData;DAAP;/Users/rar9993/repos/research/fdroid_apps/native_apps/SAI/NONE_TRANSFORMED_;/src/main/java/com/aefyr/sai/installer2/impl/rootless/ConfirmationIntentWrapperActivity2.java;file:/src/main/java/com/aefyr/sai/installer2/impl/rootless/ConfirmationIntentWrapperActivity2.java
