File,Class,DTWC,DR,DW,IDFP,IDS,ISQLQ,IGS,LIC,LT,MIM,NLMR,PD,RAM,SL,UC
"/Users/rar9993/repos/research/fdroid_apps/native_apps/moneywallet/app/src/androidTest/java/com/oriondev/moneywallet/storage/database/SQLDatabaseTest.java",com.oriondev.moneywallet.storage.database.SQLDatabaseTest,0,0,0,0,0,0,0,0,0,1,0,0,0,1,0
"/Users/rar9993/repos/research/fdroid_apps/native_apps/moneywallet/app/src/main/java/com/oriondev/moneywallet/storage/database/DatabaseExporter.java",com.oriondev.moneywallet.storage.database.DatabaseExporter,0,0,0,0,0,0,0,0,0,0,0,0,0,0,0
"/Users/rar9993/repos/research/fdroid_apps/native_apps/moneywallet/app/src/main/java/com/oriondev/moneywallet/storage/database/SQLDatabaseImporter.java",com.oriondev.moneywallet.storage.database.SQLDatabaseImporter,0,0,0,0,0,0,0,0,0,0,0,0,0,0,0
"/Users/rar9993/repos/research/fdroid_apps/native_apps/moneywallet/app/src/main/java/com/oriondev/moneywallet/storage/database/SQLiteDataException.java",com.oriondev.moneywallet.storage.database.SQLiteDataException,0,0,0,0,0,0,0,0,0,0,0,0,0,0,0
"/Users/rar9993/repos/research/fdroid_apps/native_apps/moneywallet/app/src/main/java/com/oriondev/moneywallet/storage/database/Contract.java",com.oriondev.moneywallet.storage.database.Contract,0,0,0,0,0,0,0,0,0,0,0,0,0,0,0
"/Users/rar9993/repos/research/fdroid_apps/native_apps/moneywallet/app/src/main/java/com/oriondev/moneywallet/storage/database/ExportException.java",com.oriondev.moneywallet.storage.database.ExportException,0,0,0,0,0,0,0,0,0,0,0,0,0,0,0
"/Users/rar9993/repos/research/fdroid_apps/native_apps/moneywallet/app/src/main/java/com/oriondev/moneywallet/storage/database/MultiUriCursorWrapper.java",com.oriondev.moneywallet.storage.database.MultiUriCursorWrapper,0,0,0,0,0,0,0,0,0,1,0,0,0,0,0
"/Users/rar9993/repos/research/fdroid_apps/native_apps/moneywallet/app/src/main/java/com/oriondev/moneywallet/storage/database/Schema.java",com.oriondev.moneywallet.storage.database.Schema,0,0,0,0,0,0,0,0,0,0,0,0,0,0,0
"/Users/rar9993/repos/research/fdroid_apps/native_apps/moneywallet/app/src/main/java/com/oriondev/moneywallet/storage/database/ImportException.java",com.oriondev.moneywallet.storage.database.ImportException,0,0,0,0,0,0,0,0,0,0,0,0,0,0,0
"/Users/rar9993/repos/research/fdroid_apps/native_apps/moneywallet/app/src/main/java/com/oriondev/moneywallet/storage/database/SystemCategory.java",com.oriondev.moneywallet.storage.database.SystemCategory,0,0,0,0,0,0,0,0,0,0,0,0,0,0,0
"/Users/rar9993/repos/research/fdroid_apps/native_apps/moneywallet/app/src/main/java/com/oriondev/moneywallet/storage/database/LegacyEditionImporter.java",com.oriondev.moneywallet.storage.database.LegacyEditionImporter,1,0,0,0,0,0,0,0,0,0,0,0,0,0,0
"/Users/rar9993/repos/research/fdroid_apps/native_apps/moneywallet/app/src/main/java/com/oriondev/moneywallet/storage/database/SyncContentProvider.java",com.oriondev.moneywallet.storage.database.SyncContentProvider,0,0,1,0,0,0,0,0,0,1,1,0,0,0,0
"/Users/rar9993/repos/research/fdroid_apps/native_apps/moneywallet/app/src/main/java/com/oriondev/moneywallet/storage/database/DataContentProvider.java",com.oriondev.moneywallet.storage.database.DataContentProvider,0,0,1,0,0,0,0,0,0,1,1,0,0,0,0
"/Users/rar9993/repos/research/fdroid_apps/native_apps/moneywallet/app/src/main/java/com/oriondev/moneywallet/storage/database/SQLDatabaseExporter.java",com.oriondev.moneywallet.storage.database.SQLDatabaseExporter,0,0,0,0,0,0,0,0,0,0,0,0,0,0,1
"/Users/rar9993/repos/research/fdroid_apps/native_apps/moneywallet/app/src/main/java/com/oriondev/moneywallet/storage/database/DatabaseImporter.java",com.oriondev.moneywallet.storage.database.DatabaseImporter,0,0,0,0,0,0,0,0,0,0,0,0,0,0,0
"/Users/rar9993/repos/research/fdroid_apps/native_apps/moneywallet/app/src/main/java/com/oriondev/moneywallet/storage/database/SQLDatabase.java",com.oriondev.moneywallet.storage.database.SQLDatabase,0,0,0,0,0,0,0,0,0,1,0,0,0,1,0
"/Users/rar9993/repos/research/fdroid_apps/native_apps/moneywallet/app/src/proprietary/java/com/oriondev/moneywallet/model/GoogleDriveFile.java",com.oriondev.moneywallet.model.GoogleDriveFile,1,0,0,0,0,0,0,0,0,1,0,0,0,0,0
"/Users/rar9993/repos/research/fdroid_apps/native_apps/moneywallet/app/src/proprietary/java/com/oriondev/moneywallet/model/DropBoxFile.java",com.oriondev.moneywallet.model.DropBoxFile,1,0,0,0,0,0,0,0,0,1,0,0,0,0,0
"/Users/rar9993/repos/research/fdroid_apps/native_apps/moneywallet/app/src/main/java/com/oriondev/moneywallet/model/Identifiable.java",com.oriondev.moneywallet.model.Identifiable,0,0,0,0,0,0,0,0,0,0,0,0,0,0,0
"/Users/rar9993/repos/research/fdroid_apps/native_apps/moneywallet/app/src/main/java/com/oriondev/moneywallet/model/IconGroup.java",com.oriondev.moneywallet.model.IconGroup,0,0,0,0,0,0,0,0,0,0,0,0,0,0,0
"/Users/rar9993/repos/research/fdroid_apps/native_apps/moneywallet/app/src/main/java/com/oriondev/moneywallet/model/CurrencyUnit.java",com.oriondev.moneywallet.model.CurrencyUnit,0,0,0,0,0,0,0,0,0,1,0,0,0,0,0
"/Users/rar9993/repos/research/fdroid_apps/native_apps/moneywallet/app/src/main/java/com/oriondev/moneywallet/model/VectorIcon.java",com.oriondev.moneywallet.model.VectorIcon,0,0,0,0,0,0,0,0,0,1,0,0,0,0,0
"/Users/rar9993/repos/research/fdroid_apps/native_apps/moneywallet/app/src/main/java/com/oriondev/moneywallet/model/ChangeLog.java",com.oriondev.moneywallet.model.ChangeLog,0,0,0,0,0,0,0,0,0,0,0,0,0,0,0
"/Users/rar9993/repos/research/fdroid_apps/native_apps/moneywallet/app/src/main/java/com/oriondev/moneywallet/model/Pair.java",com.oriondev.moneywallet.model.Pair,0,0,0,0,0,0,0,0,0,0,0,0,0,0,0
"/Users/rar9993/repos/research/fdroid_apps/native_apps/moneywallet/app/src/main/java/com/oriondev/moneywallet/model/OverviewSetting.java",com.oriondev.moneywallet.model.OverviewSetting,0,0,0,0,0,0,0,0,0,1,0,0,0,0,0
"/Users/rar9993/repos/research/fdroid_apps/native_apps/moneywallet/app/src/main/java/com/oriondev/moneywallet/model/License.java",com.oriondev.moneywallet.model.License,0,0,0,0,0,0,0,0,0,0,0,0,0,0,0
"/Users/rar9993/repos/research/fdroid_apps/native_apps/moneywallet/app/src/main/java/com/oriondev/moneywallet/model/Place.java",com.oriondev.moneywallet.model.Place,0,0,0,0,0,0,0,0,0,1,0,0,0,0,0
"/Users/rar9993/repos/research/fdroid_apps/native_apps/moneywallet/app/src/main/java/com/oriondev/moneywallet/model/ColorIcon.java",com.oriondev.moneywallet.model.ColorIcon,0,0,0,0,0,0,0,0,0,1,0,0,0,0,0
"/Users/rar9993/repos/research/fdroid_apps/native_apps/moneywallet/app/src/main/java/com/oriondev/moneywallet/model/Category.java",com.oriondev.moneywallet.model.Category,0,0,0,0,0,0,0,0,0,1,0,0,0,0,0
"/Users/rar9993/repos/research/fdroid_apps/native_apps/moneywallet/app/src/main/java/com/oriondev/moneywallet/model/RecurrenceSetting.java",com.oriondev.moneywallet.model.RecurrenceSetting,0,0,0,0,0,0,0,0,0,1,0,0,0,0,0
"/Users/rar9993/repos/research/fdroid_apps/native_apps/moneywallet/app/src/main/java/com/oriondev/moneywallet/model/SAFFile.java",com.oriondev.moneywallet.model.SAFFile,1,0,0,0,0,0,0,0,0,1,0,0,0,0,0
"/Users/rar9993/repos/research/fdroid_apps/native_apps/moneywallet/app/src/main/java/com/oriondev/moneywallet/model/PeriodDetailSummaryData.java",com.oriondev.moneywallet.model.PeriodDetailSummaryData,0,0,0,0,0,0,0,0,0,0,0,0,0,0,0
"/Users/rar9993/repos/research/fdroid_apps/native_apps/moneywallet/app/src/main/java/com/oriondev/moneywallet/model/Icon.java",com.oriondev.moneywallet.model.Icon,0,0,0,0,0,0,0,0,0,1,0,0,0,0,0
"/Users/rar9993/repos/research/fdroid_apps/native_apps/moneywallet/app/src/main/java/com/oriondev/moneywallet/model/WalletAccount.java",com.oriondev.moneywallet.model.WalletAccount,0,0,0,0,0,0,0,0,0,1,0,0,0,0,0
"/Users/rar9993/repos/research/fdroid_apps/native_apps/moneywallet/app/src/main/java/com/oriondev/moneywallet/model/IFile.java",com.oriondev.moneywallet.model.IFile,1,0,0,0,0,0,0,0,0,0,0,0,0,0,0
"/Users/rar9993/repos/research/fdroid_apps/native_apps/moneywallet/app/src/main/java/com/oriondev/moneywallet/model/Event.java",com.oriondev.moneywallet.model.Event,0,0,0,0,0,0,0,0,0,1,0,0,0,0,0
"/Users/rar9993/repos/research/fdroid_apps/native_apps/moneywallet/app/src/main/java/com/oriondev/moneywallet/model/Coordinates.java",com.oriondev.moneywallet.model.Coordinates,0,0,0,0,0,0,0,0,0,1,0,0,0,0,0
"/Users/rar9993/repos/research/fdroid_apps/native_apps/moneywallet/app/src/main/java/com/oriondev/moneywallet/model/Person.java",com.oriondev.moneywallet.model.Person,0,0,0,0,0,0,0,0,0,1,0,0,0,0,0
"/Users/rar9993/repos/research/fdroid_apps/native_apps/moneywallet/app/src/main/java/com/oriondev/moneywallet/model/PeriodDetailFlowData.java",com.oriondev.moneywallet.model.PeriodDetailFlowData,0,0,0,0,0,0,0,0,0,0,0,0,0,0,0
"/Users/rar9993/repos/research/fdroid_apps/native_apps/moneywallet/app/src/main/java/com/oriondev/moneywallet/model/LocalFile.java",com.oriondev.moneywallet.model.LocalFile,1,0,0,0,0,0,0,0,0,1,0,0,0,0,0
"/Users/rar9993/repos/research/fdroid_apps/native_apps/moneywallet/app/src/main/java/com/oriondev/moneywallet/model/Money.java",com.oriondev.moneywallet.model.Money,0,0,0,0,0,0,0,0,0,0,0,0,0,0,0
"/Users/rar9993/repos/research/fdroid_apps/native_apps/moneywallet/app/src/main/java/com/oriondev/moneywallet/model/Wallet.java",com.oriondev.moneywallet.model.Wallet,0,0,0,0,0,0,0,0,0,1,0,0,0,0,0
"/Users/rar9993/repos/research/fdroid_apps/native_apps/moneywallet/app/src/main/java/com/oriondev/moneywallet/model/CategoryMoney.java",com.oriondev.moneywallet.model.CategoryMoney,0,0,0,0,0,0,0,0,0,0,0,0,0,0,0
"/Users/rar9993/repos/research/fdroid_apps/native_apps/moneywallet/app/src/main/java/com/oriondev/moneywallet/model/Attachment.java",com.oriondev.moneywallet.model.Attachment,1,0,0,0,0,0,0,0,0,1,0,0,0,0,0
"/Users/rar9993/repos/research/fdroid_apps/native_apps/moneywallet/app/src/main/java/com/oriondev/moneywallet/model/BackupService.java",com.oriondev.moneywallet.model.BackupService,0,0,0,0,0,0,0,0,0,0,0,0,0,0,0
"/Users/rar9993/repos/research/fdroid_apps/native_apps/moneywallet/app/src/main/java/com/oriondev/moneywallet/model/ExchangeRate.java",com.oriondev.moneywallet.model.ExchangeRate,0,0,0,0,0,0,0,0,0,0,0,0,0,0,0
"/Users/rar9993/repos/research/fdroid_apps/native_apps/moneywallet/app/src/main/java/com/oriondev/moneywallet/model/PeriodMoney.java",com.oriondev.moneywallet.model.PeriodMoney,0,0,0,0,0,0,0,0,0,0,0,0,0,0,0
"/Users/rar9993/repos/research/fdroid_apps/native_apps/moneywallet/app/src/main/java/com/oriondev/moneywallet/model/OverviewData.java",com.oriondev.moneywallet.model.OverviewData,0,0,0,0,0,0,0,0,0,0,0,0,0,0,0
"/Users/rar9993/repos/research/fdroid_apps/native_apps/moneywallet/app/src/proprietary/java/com/oriondev/moneywallet/api/google/GoogleDriveBackendService.java",com.oriondev.moneywallet.api.google.GoogleDriveBackendService,0,0,0,0,0,0,0,0,0,1,0,0,0,0,0
"/Users/rar9993/repos/research/fdroid_apps/native_apps/moneywallet/app/src/proprietary/java/com/oriondev/moneywallet/api/google/GoogleDriveBackendServiceAPI.java",com.oriondev.moneywallet.api.google.GoogleDriveBackendServiceAPI,1,0,0,0,0,0,0,0,0,1,0,0,0,0,0
"/Users/rar9993/repos/research/fdroid_apps/native_apps/moneywallet/app/src/proprietary/java/com/oriondev/moneywallet/api/BackendServiceFactory.java",com.oriondev.moneywallet.api.BackendServiceFactory,1,0,0,0,0,0,0,0,0,0,0,0,0,0,0
"/Users/rar9993/repos/research/fdroid_apps/native_apps/moneywallet/app/src/floss/java/com/oriondev/moneywallet/api/BackendServiceFactory.java",com.oriondev.moneywallet.api.BackendServiceFactory,1,0,0,0,0,0,0,0,0,0,0,0,0,0,0
"/Users/rar9993/repos/research/fdroid_apps/native_apps/moneywallet/app/src/main/java/com/oriondev/moneywallet/api/AbstractBackendServiceDelegate.java",com.oriondev.moneywallet.api.AbstractBackendServiceDelegate,0,0,0,0,0,0,0,1,0,1,0,0,0,0,0
"/Users/rar9993/repos/research/fdroid_apps/native_apps/moneywallet/app/src/main/java/com/oriondev/moneywallet/api/BackendException.java",com.oriondev.moneywallet.api.BackendException,0,0,0,0,0,0,0,0,0,1,0,0,0,0,0
"/Users/rar9993/repos/research/fdroid_apps/native_apps/moneywallet/app/src/main/java/com/oriondev/moneywallet/api/IBackendServiceAPI.java",com.oriondev.moneywallet.api.IBackendServiceAPI,1,0,0,0,0,0,0,0,0,0,0,0,0,0,0
"/Users/rar9993/repos/research/fdroid_apps/native_apps/moneywallet/app/src/main/java/com/oriondev/moneywallet/api/AbstractBackendServiceAPI.java",com.oriondev.moneywallet.api.AbstractBackendServiceAPI,1,0,0,0,0,0,0,0,0,1,0,0,0,0,0
"/Users/rar9993/repos/research/fdroid_apps/native_apps/moneywallet/app/src/proprietary/java/com/oriondev/moneywallet/api/dropbox/DropboxBackendService.java",com.oriondev.moneywallet.api.dropbox.DropboxBackendService,0,0,0,0,0,0,0,0,0,1,0,0,0,0,0
"/Users/rar9993/repos/research/fdroid_apps/native_apps/moneywallet/app/src/proprietary/java/com/oriondev/moneywallet/api/dropbox/DropboxBackendServiceAPI.java",com.oriondev.moneywallet.api.dropbox.DropboxBackendServiceAPI,1,0,0,0,0,0,0,0,0,1,0,0,0,0,0
"/Users/rar9993/repos/research/fdroid_apps/native_apps/moneywallet/app/src/test/java/com/oriondev/moneywallet/ExampleUnitTest.java",com.oriondev.moneywallet.ExampleUnitTest,0,0,0,0,0,0,0,0,0,0,0,0,0,0,0
"/Users/rar9993/repos/research/fdroid_apps/native_apps/moneywallet/app/src/main/java/com/oriondev/moneywallet/App.java",com.oriondev.moneywallet.App,0,0,0,0,0,0,0,0,0,0,1,0,0,0,0
"/Users/rar9993/repos/research/fdroid_apps/native_apps/moneywallet/app/src/test/java/com/oriondev/moneywallet/utils/EquationSolverTest.java",com.oriondev.moneywallet.utils.EquationSolverTest,0,0,0,0,0,0,0,0,0,0,0,0,0,0,0
"/Users/rar9993/repos/research/fdroid_apps/native_apps/moneywallet/app/src/main/java/com/oriondev/moneywallet/utils/ProgressOutputStream.java",com.oriondev.moneywallet.utils.ProgressOutputStream,1,0,0,0,0,0,0,1,0,1,0,0,0,0,0
"/Users/rar9993/repos/research/fdroid_apps/native_apps/moneywallet/app/src/main/java/com/oriondev/moneywallet/utils/ProgressInputStream.java",com.oriondev.moneywallet.utils.ProgressInputStream,1,0,0,0,0,0,0,1,0,1,0,0,0,0,0
"/Users/rar9993/repos/research/fdroid_apps/native_apps/moneywallet/app/src/main/java/com/oriondev/moneywallet/utils/IconLoader.java",com.oriondev.moneywallet.utils.IconLoader,0,0,0,0,0,0,0,0,0,0,0,0,0,0,0
"/Users/rar9993/repos/research/fdroid_apps/native_apps/moneywallet/app/src/main/java/com/oriondev/moneywallet/utils/MoneyFormatter.java",com.oriondev.moneywallet.utils.MoneyFormatter,0,0,0,0,0,0,0,0,0,1,0,0,0,0,0
"/Users/rar9993/repos/research/fdroid_apps/native_apps/moneywallet/app/src/main/java/com/oriondev/moneywallet/utils/Logger.java",com.oriondev.moneywallet.utils.Logger,0,0,0,0,0,0,0,0,0,0,0,0,0,0,0
"/Users/rar9993/repos/research/fdroid_apps/native_apps/moneywallet/app/src/main/java/com/oriondev/moneywallet/utils/Utils.java",com.oriondev.moneywallet.utils.Utils,0,0,0,0,0,0,0,0,0,0,0,0,0,0,0
"/Users/rar9993/repos/research/fdroid_apps/native_apps/moneywallet/app/src/main/java/com/oriondev/moneywallet/utils/EquationSolver.java",com.oriondev.moneywallet.utils.EquationSolver,0,0,0,0,0,0,0,1,0,1,0,0,0,0,0
"/Users/rar9993/repos/research/fdroid_apps/native_apps/moneywallet/app/src/main/java/com/oriondev/moneywallet/utils/CurrencyManager.java",com.oriondev.moneywallet.utils.CurrencyManager,0,0,0,0,0,0,0,0,0,0,0,0,0,1,0
"/Users/rar9993/repos/research/fdroid_apps/native_apps/moneywallet/app/src/main/java/com/oriondev/moneywallet/utils/DateFormatter.java",com.oriondev.moneywallet.utils.DateFormatter,0,0,0,0,0,0,0,0,0,0,0,0,0,0,0
"/Users/rar9993/repos/research/fdroid_apps/native_apps/moneywallet/app/src/main/java/com/oriondev/moneywallet/utils/DateUtils.java",com.oriondev.moneywallet.utils.DateUtils,0,0,0,0,0,0,0,0,0,0,0,0,0,0,0
"/Users/rar9993/repos/research/fdroid_apps/native_apps/moneywallet/app/src/osm/java/com/oriondev/moneywallet/ui/activity/PlacePickerActivity.java",com.oriondev.moneywallet.ui.activity.PlacePickerActivity,0,0,0,0,0,0,0,0,0,1,0,0,0,0,0
"/Users/rar9993/repos/research/fdroid_apps/native_apps/moneywallet/app/src/main/java/com/oriondev/moneywallet/ui/activity/CategorySortActivity.java",com.oriondev.moneywallet.ui.activity.CategorySortActivity,0,0,0,0,0,0,0,0,0,1,0,0,0,1,0
"/Users/rar9993/repos/research/fdroid_apps/native_apps/moneywallet/app/src/main/java/com/oriondev/moneywallet/ui/activity/MapActivity.java",com.oriondev.moneywallet.ui.activity.MapActivity,0,0,0,0,0,0,0,0,0,1,0,0,0,0,0
"/Users/rar9993/repos/research/fdroid_apps/native_apps/moneywallet/app/src/main/java/com/oriondev/moneywallet/ui/activity/NewEditTransactionModelActivity.java",com.oriondev.moneywallet.ui.activity.NewEditTransactionModelActivity,0,0,0,0,0,0,0,0,0,1,0,0,0,0,0
"/Users/rar9993/repos/research/fdroid_apps/native_apps/moneywallet/app/src/main/java/com/oriondev/moneywallet/ui/activity/NewEditTransactionActivity.java",com.oriondev.moneywallet.ui.activity.NewEditTransactionActivity,0,0,0,0,0,0,0,0,0,1,0,0,0,1,0
"/Users/rar9993/repos/research/fdroid_apps/native_apps/moneywallet/app/src/main/java/com/oriondev/moneywallet/ui/activity/PeriodDetailActivity.java",com.oriondev.moneywallet.ui.activity.PeriodDetailActivity,0,0,0,0,0,0,0,0,0,1,0,0,0,0,0
"/Users/rar9993/repos/research/fdroid_apps/native_apps/moneywallet/app/src/main/java/com/oriondev/moneywallet/ui/activity/LauncherActivity.java",com.oriondev.moneywallet.ui.activity.LauncherActivity,0,0,0,0,0,0,0,0,0,1,0,0,0,0,0
"/Users/rar9993/repos/research/fdroid_apps/native_apps/moneywallet/app/src/main/java/com/oriondev/moneywallet/ui/activity/CurrencyListActivity.java",com.oriondev.moneywallet.ui.activity.CurrencyListActivity,0,0,0,0,0,0,0,0,0,1,0,0,0,0,0
"/Users/rar9993/repos/research/fdroid_apps/native_apps/moneywallet/app/src/main/java/com/oriondev/moneywallet/ui/activity/DonationActivity.java",com.oriondev.moneywallet.ui.activity.DonationActivity,0,0,0,0,0,0,0,0,0,1,0,0,0,0,0
"/Users/rar9993/repos/research/fdroid_apps/native_apps/moneywallet/app/src/main/java/com/oriondev/moneywallet/ui/activity/DrawerController.java",com.oriondev.moneywallet.ui.activity.DrawerController,0,0,0,0,0,0,0,0,0,0,0,0,0,0,0
"/Users/rar9993/repos/research/fdroid_apps/native_apps/moneywallet/app/src/main/java/com/oriondev/moneywallet/ui/activity/AboutActivity.java",com.oriondev.moneywallet.ui.activity.AboutActivity,0,0,0,0,0,0,0,0,0,1,0,0,0,0,0
"/Users/rar9993/repos/research/fdroid_apps/native_apps/moneywallet/app/src/main/java/com/oriondev/moneywallet/ui/activity/NewEditTransferModelActivity.java",com.oriondev.moneywallet.ui.activity.NewEditTransferModelActivity,0,0,0,0,0,0,0,0,0,1,0,0,0,0,0
"/Users/rar9993/repos/research/fdroid_apps/native_apps/moneywallet/app/src/main/java/com/oriondev/moneywallet/ui/activity/NewEditEventActivity.java",com.oriondev.moneywallet.ui.activity.NewEditEventActivity,0,0,0,0,0,0,0,0,0,1,0,0,0,0,0
"/Users/rar9993/repos/research/fdroid_apps/native_apps/moneywallet/app/src/main/java/com/oriondev/moneywallet/ui/activity/MainActivity.java",com.oriondev.moneywallet.ui.activity.MainActivity,0,0,0,0,0,0,0,0,0,1,0,0,0,1,0
"/Users/rar9993/repos/research/fdroid_apps/native_apps/moneywallet/app/src/main/java/com/oriondev/moneywallet/ui/activity/ImportExportActivity.java",com.oriondev.moneywallet.ui.activity.ImportExportActivity,1,0,0,0,0,0,0,0,0,1,0,0,0,1,1
"/Users/rar9993/repos/research/fdroid_apps/native_apps/moneywallet/app/src/main/java/com/oriondev/moneywallet/ui/activity/NewEditWalletActivity.java",com.oriondev.moneywallet.ui.activity.NewEditWalletActivity,0,0,0,0,0,0,0,0,0,1,0,0,0,0,0
"/Users/rar9993/repos/research/fdroid_apps/native_apps/moneywallet/app/src/main/java/com/oriondev/moneywallet/ui/activity/NewEditTransferActivity.java",com.oriondev.moneywallet.ui.activity.NewEditTransferActivity,0,0,0,0,0,0,0,0,0,1,0,0,0,1,0
"/Users/rar9993/repos/research/fdroid_apps/native_apps/moneywallet/app/src/main/java/com/oriondev/moneywallet/ui/activity/BackupListActivity.java",com.oriondev.moneywallet.ui.activity.BackupListActivity,0,0,0,0,0,0,0,0,0,1,0,0,0,0,0
"/Users/rar9993/repos/research/fdroid_apps/native_apps/moneywallet/app/src/main/java/com/oriondev/moneywallet/ui/activity/NewEditCategoryActivity.java",com.oriondev.moneywallet.ui.activity.NewEditCategoryActivity,0,0,0,0,0,0,0,0,0,1,0,0,0,0,0
"/Users/rar9993/repos/research/fdroid_apps/native_apps/moneywallet/app/src/main/java/com/oriondev/moneywallet/ui/activity/WalletSortActivity.java",com.oriondev.moneywallet.ui.activity.WalletSortActivity,0,0,0,0,0,0,0,0,0,1,0,0,0,1,0
"/Users/rar9993/repos/research/fdroid_apps/native_apps/moneywallet/app/src/main/java/com/oriondev/moneywallet/ui/activity/CalculatorActivity.java",com.oriondev.moneywallet.ui.activity.CalculatorActivity,0,0,0,0,0,0,0,0,0,1,0,0,0,0,0
"/Users/rar9993/repos/research/fdroid_apps/native_apps/moneywallet/app/src/main/java/com/oriondev/moneywallet/ui/activity/NewEditBudgetActivity.java",com.oriondev.moneywallet.ui.activity.NewEditBudgetActivity,0,0,0,0,0,0,0,0,0,1,0,0,0,1,0
"/Users/rar9993/repos/research/fdroid_apps/native_apps/moneywallet/app/src/main/java/com/oriondev/moneywallet/ui/activity/NewEditDebtActivity.java",com.oriondev.moneywallet.ui.activity.NewEditDebtActivity,0,0,0,0,0,0,0,0,0,1,0,0,0,1,0
"/Users/rar9993/repos/research/fdroid_apps/native_apps/moneywallet/app/src/main/java/com/oriondev/moneywallet/ui/activity/NewEditPersonActivity.java",com.oriondev.moneywallet.ui.activity.NewEditPersonActivity,0,0,0,0,0,0,0,0,0,1,0,0,0,0,0
"/Users/rar9993/repos/research/fdroid_apps/native_apps/moneywallet/app/src/main/java/com/oriondev/moneywallet/ui/activity/IconListActivity.java",com.oriondev.moneywallet.ui.activity.IconListActivity,0,0,0,0,0,0,0,0,0,1,0,0,0,0,0
"/Users/rar9993/repos/research/fdroid_apps/native_apps/moneywallet/app/src/main/java/com/oriondev/moneywallet/ui/activity/NewEditRecurrentTransactionActivity.java",com.oriondev.moneywallet.ui.activity.NewEditRecurrentTransactionActivity,0,0,0,0,0,0,0,0,0,1,0,0,0,0,0
"/Users/rar9993/repos/research/fdroid_apps/native_apps/moneywallet/app/src/main/java/com/oriondev/moneywallet/ui/activity/TransactionListActivity.java",com.oriondev.moneywallet.ui.activity.TransactionListActivity,0,0,0,0,0,0,0,0,0,0,0,0,0,0,0
"/Users/rar9993/repos/research/fdroid_apps/native_apps/moneywallet/app/src/main/java/com/oriondev/moneywallet/ui/activity/WalletListActivity.java",com.oriondev.moneywallet.ui.activity.WalletListActivity,0,0,0,0,0,0,0,0,0,1,0,0,0,0,0
"/Users/rar9993/repos/research/fdroid_apps/native_apps/moneywallet/app/src/main/java/com/oriondev/moneywallet/ui/activity/NewEditPlaceActivity.java",com.oriondev.moneywallet.ui.activity.NewEditPlaceActivity,0,0,0,0,0,0,0,0,0,1,0,0,0,0,0
"/Users/rar9993/repos/research/fdroid_apps/native_apps/moneywallet/app/src/main/java/com/oriondev/moneywallet/ui/activity/BackendExplorerActivity.java",com.oriondev.moneywallet.ui.activity.BackendExplorerActivity,1,0,0,0,0,0,0,0,0,1,0,0,0,0,1
"/Users/rar9993/repos/research/fdroid_apps/native_apps/moneywallet/app/src/main/java/com/oriondev/moneywallet/ui/activity/LockActivity.java",com.oriondev.moneywallet.ui.activity.LockActivity,0,0,0,0,0,0,0,0,0,1,0,0,0,0,0
"/Users/rar9993/repos/research/fdroid_apps/native_apps/moneywallet/app/src/main/java/com/oriondev/moneywallet/ui/activity/ToolbarController.java",com.oriondev.moneywallet.ui.activity.ToolbarController,0,0,0,0,0,0,0,0,0,0,0,0,0,0,0
"/Users/rar9993/repos/research/fdroid_apps/native_apps/moneywallet/app/src/main/java/com/oriondev/moneywallet/ui/activity/CurrencyConverterActivity.java",com.oriondev.moneywallet.ui.activity.CurrencyConverterActivity,0,0,0,0,0,0,0,0,0,1,0,0,0,0,0
"/Users/rar9993/repos/research/fdroid_apps/native_apps/moneywallet/app/src/main/java/com/oriondev/moneywallet/ui/activity/NewEditRecurrentTransferActivity.java",com.oriondev.moneywallet.ui.activity.NewEditRecurrentTransferActivity,0,0,0,0,0,0,0,0,0,1,0,0,0,0,0
"/Users/rar9993/repos/research/fdroid_apps/native_apps/moneywallet/app/src/main/java/com/oriondev/moneywallet/ui/activity/TutorialActivity.java",com.oriondev.moneywallet.ui.activity.TutorialActivity,0,0,0,0,0,0,0,0,0,1,0,0,0,0,0
"/Users/rar9993/repos/research/fdroid_apps/native_apps/moneywallet/app/src/main/java/com/oriondev/moneywallet/ui/activity/NewEditItemActivity.java",com.oriondev.moneywallet.ui.activity.NewEditItemActivity,0,0,0,0,0,0,0,0,0,1,0,0,0,0,0
"/Users/rar9993/repos/research/fdroid_apps/native_apps/moneywallet/app/src/main/java/com/oriondev/moneywallet/ui/activity/CalendarActivity.java",com.oriondev.moneywallet.ui.activity.CalendarActivity,0,0,0,0,0,0,0,0,0,1,0,0,0,0,0
"/Users/rar9993/repos/research/fdroid_apps/native_apps/moneywallet/app/src/main/java/com/oriondev/moneywallet/ui/activity/NewEditSavingActivity.java",com.oriondev.moneywallet.ui.activity.NewEditSavingActivity,0,0,0,0,0,0,0,0,0,1,0,0,0,0,0
"/Users/rar9993/repos/research/fdroid_apps/native_apps/moneywallet/app/src/main/java/com/oriondev/moneywallet/ui/activity/NewEditCurrencyActivity.java",com.oriondev.moneywallet.ui.activity.NewEditCurrencyActivity,0,0,0,0,0,0,0,0,0,1,0,0,0,0,0
"/Users/rar9993/repos/research/fdroid_apps/native_apps/moneywallet/app/src/main/java/com/oriondev/moneywallet/ui/activity/SearchActivity.java",com.oriondev.moneywallet.ui.activity.SearchActivity,0,0,0,0,0,0,0,0,0,1,0,0,0,1,1
"/Users/rar9993/repos/research/fdroid_apps/native_apps/moneywallet/app/src/main/java/com/oriondev/moneywallet/ui/activity/CategoryPickerActivity.java",com.oriondev.moneywallet.ui.activity.CategoryPickerActivity,0,0,0,0,0,0,0,0,0,1,0,0,0,0,0
"/Users/rar9993/repos/research/fdroid_apps/native_apps/moneywallet/app/src/osm/java/com/oriondev/moneywallet/picker/MapPlacePicker.java",com.oriondev.moneywallet.picker.MapPlacePicker,0,0,0,0,0,0,0,1,0,1,1,0,0,0,0
"/Users/rar9993/repos/research/fdroid_apps/native_apps/moneywallet/app/src/gmap/java/com/oriondev/moneywallet/picker/MapPlacePicker.java",com.oriondev.moneywallet.picker.MapPlacePicker,0,0,0,0,0,0,0,1,0,1,1,0,0,0,0
"/Users/rar9993/repos/research/fdroid_apps/native_apps/moneywallet/app/src/main/java/com/oriondev/moneywallet/picker/IconPicker.java",com.oriondev.moneywallet.picker.IconPicker,0,0,0,0,0,0,0,1,0,1,1,0,0,0,0
"/Users/rar9993/repos/research/fdroid_apps/native_apps/moneywallet/app/src/main/java/com/oriondev/moneywallet/picker/PlacePicker.java",com.oriondev.moneywallet.picker.PlacePicker,0,0,0,0,0,0,0,1,0,1,1,0,0,0,0
"/Users/rar9993/repos/research/fdroid_apps/native_apps/moneywallet/app/src/main/java/com/oriondev/moneywallet/picker/ColorPicker.java",com.oriondev.moneywallet.picker.ColorPicker,0,0,0,0,0,0,0,1,0,1,1,0,0,0,0
"/Users/rar9993/repos/research/fdroid_apps/native_apps/moneywallet/app/src/main/java/com/oriondev/moneywallet/picker/AttachmentPicker.java",com.oriondev.moneywallet.picker.AttachmentPicker,1,0,0,0,0,0,0,1,0,1,1,0,0,1,0
"/Users/rar9993/repos/research/fdroid_apps/native_apps/moneywallet/app/src/main/java/com/oriondev/moneywallet/picker/WalletPicker.java",com.oriondev.moneywallet.picker.WalletPicker,0,0,0,0,0,0,0,1,0,1,1,0,0,1,0
"/Users/rar9993/repos/research/fdroid_apps/native_apps/moneywallet/app/src/main/java/com/oriondev/moneywallet/picker/LocalFilePicker.java",com.oriondev.moneywallet.picker.LocalFilePicker,1,0,0,0,0,0,0,1,0,1,1,0,0,0,0
"/Users/rar9993/repos/research/fdroid_apps/native_apps/moneywallet/app/src/main/java/com/oriondev/moneywallet/picker/PersonPicker.java",com.oriondev.moneywallet.picker.PersonPicker,0,0,0,0,0,0,0,1,0,1,1,0,0,0,0
"/Users/rar9993/repos/research/fdroid_apps/native_apps/moneywallet/app/src/main/java/com/oriondev/moneywallet/picker/CategoryPicker.java",com.oriondev.moneywallet.picker.CategoryPicker,0,0,0,0,0,0,0,1,0,1,1,0,0,0,0
"/Users/rar9993/repos/research/fdroid_apps/native_apps/moneywallet/app/src/main/java/com/oriondev/moneywallet/picker/EventPicker.java",com.oriondev.moneywallet.picker.EventPicker,0,0,0,0,0,0,0,1,0,1,1,0,0,0,0
"/Users/rar9993/repos/research/fdroid_apps/native_apps/moneywallet/app/src/main/java/com/oriondev/moneywallet/picker/MoneyPicker.java",com.oriondev.moneywallet.picker.MoneyPicker,0,0,0,0,0,0,0,1,0,1,1,0,0,0,0
"/Users/rar9993/repos/research/fdroid_apps/native_apps/moneywallet/app/src/main/java/com/oriondev/moneywallet/picker/CurrencyConverterPicker.java",com.oriondev.moneywallet.picker.CurrencyConverterPicker,0,0,0,0,0,0,0,1,0,1,1,0,0,0,0
"/Users/rar9993/repos/research/fdroid_apps/native_apps/moneywallet/app/src/main/java/com/oriondev/moneywallet/picker/OverviewSettingPicker.java",com.oriondev.moneywallet.picker.OverviewSettingPicker,0,0,0,0,0,0,0,1,0,1,1,0,0,0,0
"/Users/rar9993/repos/research/fdroid_apps/native_apps/moneywallet/app/src/main/java/com/oriondev/moneywallet/picker/CurrencyPicker.java",com.oriondev.moneywallet.picker.CurrencyPicker,0,0,0,0,0,0,0,1,0,1,1,0,0,0,0
"/Users/rar9993/repos/research/fdroid_apps/native_apps/moneywallet/app/src/main/java/com/oriondev/moneywallet/picker/DateTimePicker.java",com.oriondev.moneywallet.picker.DateTimePicker,0,0,0,0,0,0,0,1,0,1,1,0,0,0,0
"/Users/rar9993/repos/research/fdroid_apps/native_apps/moneywallet/app/src/main/java/com/oriondev/moneywallet/picker/ImportExportFormatPicker.java",com.oriondev.moneywallet.picker.ImportExportFormatPicker,0,0,0,0,0,0,0,1,0,1,1,0,0,1,0
"/Users/rar9993/repos/research/fdroid_apps/native_apps/moneywallet/app/src/main/java/com/oriondev/moneywallet/picker/RecurrencePicker.java",com.oriondev.moneywallet.picker.RecurrencePicker,0,0,0,0,0,0,0,1,0,1,1,0,0,0,0
"/Users/rar9993/repos/research/fdroid_apps/native_apps/moneywallet/app/src/main/java/com/oriondev/moneywallet/picker/ExportColumnsPicker.java",com.oriondev.moneywallet.picker.ExportColumnsPicker,0,0,0,0,0,0,0,1,0,1,1,0,0,0,0
"/Users/rar9993/repos/research/fdroid_apps/native_apps/moneywallet/app/src/main/java/com/oriondev/moneywallet/picker/BudgetTypePicker.java",com.oriondev.moneywallet.picker.BudgetTypePicker,0,0,0,0,0,0,0,1,0,1,1,0,0,0,0
"/Users/rar9993/repos/research/fdroid_apps/native_apps/moneywallet/app/src/osm/java/com/oriondev/moneywallet/view/MapViewWrapper.java",com.oriondev.moneywallet.view.MapViewWrapper,1,0,0,0,0,0,0,1,0,1,0,0,0,0,0
"/Users/rar9993/repos/research/fdroid_apps/native_apps/moneywallet/app/src/gmap/java/com/oriondev/moneywallet/view/MapViewWrapper.java",com.oriondev.moneywallet.view.MapViewWrapper,0,0,0,0,0,0,0,1,0,0,0,0,0,0,0
"/Users/rar9993/repos/research/fdroid_apps/native_apps/moneywallet/app/src/main/java/com/oriondev/moneywallet/background/IconGroupLoader.java",com.oriondev.moneywallet.background.IconGroupLoader,0,0,0,0,0,0,0,1,0,0,0,0,0,1,0
"/Users/rar9993/repos/research/fdroid_apps/native_apps/moneywallet/app/src/main/java/com/oriondev/moneywallet/background/AbstractGenericLoader.java",com.oriondev.moneywallet.background.AbstractGenericLoader,0,0,0,0,0,0,0,0,0,1,0,0,0,0,0
"/Users/rar9993/repos/research/fdroid_apps/native_apps/moneywallet/app/src/main/java/com/oriondev/moneywallet/background/OverviewDataLoader.java",com.oriondev.moneywallet.background.OverviewDataLoader,0,0,0,0,0,0,0,0,0,1,0,0,0,1,0
"/Users/rar9993/repos/research/fdroid_apps/native_apps/moneywallet/app/src/main/java/com/oriondev/moneywallet/background/LicenseLoader.java",com.oriondev.moneywallet.background.LicenseLoader,0,0,0,0,0,0,0,0,0,0,0,0,0,1,0
"/Users/rar9993/repos/research/fdroid_apps/native_apps/moneywallet/app/src/main/java/com/oriondev/moneywallet/background/PeriodDetailSummaryLoader.java",com.oriondev.moneywallet.background.PeriodDetailSummaryLoader,0,0,0,0,0,0,0,0,0,1,0,0,0,1,0
"/Users/rar9993/repos/research/fdroid_apps/native_apps/moneywallet/app/src/main/java/com/oriondev/moneywallet/background/JsonResourceLoader.java",com.oriondev.moneywallet.background.JsonResourceLoader,0,0,0,0,0,0,0,0,0,0,0,0,0,0,0
"/Users/rar9993/repos/research/fdroid_apps/native_apps/moneywallet/app/src/main/java/com/oriondev/moneywallet/background/PeriodDetailFlowLoader.java",com.oriondev.moneywallet.background.PeriodDetailFlowLoader,0,0,0,0,0,0,0,0,0,1,0,0,0,0,0
"/Users/rar9993/repos/research/fdroid_apps/native_apps/moneywallet/app/src/main/java/com/oriondev/moneywallet/background/ChangeLogLoader.java",com.oriondev.moneywallet.background.ChangeLogLoader,0,0,0,0,0,0,0,0,0,1,0,0,0,0,0
"/Users/rar9993/repos/research/fdroid_apps/native_apps/moneywallet/app/src/main/java/com/oriondev/moneywallet/ui/behavior/ScrollingFloatingActionButtonBehavior.java",com.oriondev.moneywallet.ui.behavior.ScrollingFloatingActionButtonBehavior,0,0,0,0,0,0,0,0,0,1,0,0,0,1,0
"/Users/rar9993/repos/research/fdroid_apps/native_apps/moneywallet/app/src/main/java/com/oriondev/moneywallet/ui/drawable/DoubleIconDrawable.java",com.oriondev.moneywallet.ui.drawable.DoubleIconDrawable,0,0,0,0,0,0,0,0,0,1,0,0,0,0,0
"/Users/rar9993/repos/research/fdroid_apps/native_apps/moneywallet/app/src/main/java/com/oriondev/moneywallet/ui/drawable/TextDrawable.java",com.oriondev.moneywallet.ui.drawable.TextDrawable,0,0,0,0,0,0,0,1,0,1,0,0,0,0,0
"/Users/rar9993/repos/research/fdroid_apps/native_apps/moneywallet/app/src/main/java/com/oriondev/moneywallet/ui/notification/NotificationContract.java",com.oriondev.moneywallet.ui.notification.NotificationContract,0,0,0,0,0,0,0,0,0,0,0,0,0,0,0
"/Users/rar9993/repos/research/fdroid_apps/native_apps/moneywallet/app/src/main/java/com/oriondev/moneywallet/ui/activity/base/SinglePanelAppBarActivity.java",com.oriondev.moneywallet.ui.activity.base.SinglePanelAppBarActivity,0,0,0,0,0,0,0,0,0,0,0,0,0,0,0
"/Users/rar9993/repos/research/fdroid_apps/native_apps/moneywallet/app/src/main/java/com/oriondev/moneywallet/ui/activity/base/SinglePanelViewPagerActivity.java",com.oriondev.moneywallet.ui.activity.base.SinglePanelViewPagerActivity,0,0,0,0,0,0,0,0,0,1,0,0,0,0,0
"/Users/rar9993/repos/research/fdroid_apps/native_apps/moneywallet/app/src/main/java/com/oriondev/moneywallet/ui/activity/base/SinglePanelSimpleListActivity.java",com.oriondev.moneywallet.ui.activity.base.SinglePanelSimpleListActivity,0,0,0,0,0,0,0,0,0,1,0,0,0,0,1
"/Users/rar9993/repos/research/fdroid_apps/native_apps/moneywallet/app/src/main/java/com/oriondev/moneywallet/ui/activity/base/BaseActivity.java",com.oriondev.moneywallet.ui.activity.base.BaseActivity,0,0,0,0,0,0,0,0,0,0,0,0,0,0,0
"/Users/rar9993/repos/research/fdroid_apps/native_apps/moneywallet/app/src/main/java/com/oriondev/moneywallet/ui/activity/base/ThemedActivity.java",com.oriondev.moneywallet.ui.activity.base.ThemedActivity,0,0,0,0,0,0,0,0,0,0,1,0,0,0,0
"/Users/rar9993/repos/research/fdroid_apps/native_apps/moneywallet/app/src/main/java/com/oriondev/moneywallet/ui/activity/base/MultiPanelActivity.java",com.oriondev.moneywallet.ui.activity.base.MultiPanelActivity,0,0,0,0,0,0,0,0,0,1,0,0,0,0,0
"/Users/rar9993/repos/research/fdroid_apps/native_apps/moneywallet/app/src/main/java/com/oriondev/moneywallet/ui/activity/base/SinglePanelActivity.java",com.oriondev.moneywallet.ui.activity.base.SinglePanelActivity,0,0,0,0,0,0,0,0,0,1,0,0,0,0,1
"/Users/rar9993/repos/research/fdroid_apps/native_apps/moneywallet/app/src/main/java/com/oriondev/moneywallet/ui/activity/base/SinglePanelScrollActivity.java",com.oriondev.moneywallet.ui.activity.base.SinglePanelScrollActivity,0,0,0,0,0,0,0,0,0,0,0,0,0,0,0
"/Users/rar9993/repos/research/fdroid_apps/native_apps/moneywallet/app/src/main/java/com/oriondev/moneywallet/ui/adapter/recycler/PeriodDetailSummaryAdapter.java",com.oriondev.moneywallet.ui.adapter.recycler.PeriodDetailSummaryAdapter,0,0,0,0,0,0,0,1,0,1,0,0,0,0,0
"/Users/rar9993/repos/research/fdroid_apps/native_apps/moneywallet/app/src/main/java/com/oriondev/moneywallet/ui/adapter/recycler/RecurrentTransactionCursorAdapter.java",com.oriondev.moneywallet.ui.adapter.recycler.RecurrentTransactionCursorAdapter,0,0,0,0,0,0,0,1,0,1,0,0,0,0,1
"/Users/rar9993/repos/research/fdroid_apps/native_apps/moneywallet/app/src/main/java/com/oriondev/moneywallet/ui/adapter/recycler/IconAdapter.java",com.oriondev.moneywallet.ui.adapter.recycler.IconAdapter,0,0,0,0,0,0,0,1,0,1,0,0,0,1,0
"/Users/rar9993/repos/research/fdroid_apps/native_apps/moneywallet/app/src/main/java/com/oriondev/moneywallet/ui/adapter/recycler/WalletSortCursorAdapter.java",com.oriondev.moneywallet.ui.adapter.recycler.WalletSortCursorAdapter,0,0,0,0,0,0,0,1,0,1,0,0,0,1,1
"/Users/rar9993/repos/research/fdroid_apps/native_apps/moneywallet/app/src/main/java/com/oriondev/moneywallet/ui/adapter/recycler/EventCursorAdapter.java",com.oriondev.moneywallet.ui.adapter.recycler.EventCursorAdapter,0,0,0,0,0,0,0,1,0,1,0,0,0,0,1
"/Users/rar9993/repos/research/fdroid_apps/native_apps/moneywallet/app/src/main/java/com/oriondev/moneywallet/ui/adapter/recycler/BackupServiceAdapter.java",com.oriondev.moneywallet.ui.adapter.recycler.BackupServiceAdapter,0,0,0,0,0,0,0,1,0,1,0,0,0,0,0
"/Users/rar9993/repos/research/fdroid_apps/native_apps/moneywallet/app/src/main/java/com/oriondev/moneywallet/ui/adapter/recycler/WalletCursorAdapter.java",com.oriondev.moneywallet.ui.adapter.recycler.WalletCursorAdapter,0,0,0,0,0,0,0,1,0,1,0,0,0,0,1
"/Users/rar9993/repos/research/fdroid_apps/native_apps/moneywallet/app/src/main/java/com/oriondev/moneywallet/ui/adapter/recycler/TransferCursorAdapter.java",com.oriondev.moneywallet.ui.adapter.recycler.TransferCursorAdapter,0,0,0,0,0,0,0,1,0,1,0,0,0,0,1
"/Users/rar9993/repos/research/fdroid_apps/native_apps/moneywallet/app/src/main/java/com/oriondev/moneywallet/ui/adapter/recycler/BudgetTypeSelectorAdapter.java",com.oriondev.moneywallet.ui.adapter.recycler.BudgetTypeSelectorAdapter,0,0,0,0,0,0,0,1,0,1,0,0,0,0,0
"/Users/rar9993/repos/research/fdroid_apps/native_apps/moneywallet/app/src/main/java/com/oriondev/moneywallet/ui/adapter/recycler/TransactionModelCursorAdapter.java",com.oriondev.moneywallet.ui.adapter.recycler.TransactionModelCursorAdapter,0,0,0,0,0,0,0,1,0,1,0,0,0,0,1
"/Users/rar9993/repos/research/fdroid_apps/native_apps/moneywallet/app/src/main/java/com/oriondev/moneywallet/ui/adapter/recycler/TransferModelCursorAdapter.java",com.oriondev.moneywallet.ui.adapter.recycler.TransferModelCursorAdapter,0,0,0,0,0,0,0,1,0,1,0,0,0,0,1
"/Users/rar9993/repos/research/fdroid_apps/native_apps/moneywallet/app/src/main/java/com/oriondev/moneywallet/ui/adapter/recycler/PeriodDetailFlowAdapter.java",com.oriondev.moneywallet.ui.adapter.recycler.PeriodDetailFlowAdapter,0,0,0,0,0,0,0,1,0,1,0,0,0,0,0
"/Users/rar9993/repos/research/fdroid_apps/native_apps/moneywallet/app/src/main/java/com/oriondev/moneywallet/ui/adapter/recycler/OverviewItemAdapter.java",com.oriondev.moneywallet.ui.adapter.recycler.OverviewItemAdapter,0,0,0,0,0,0,0,1,0,1,0,0,0,0,0
"/Users/rar9993/repos/research/fdroid_apps/native_apps/moneywallet/app/src/main/java/com/oriondev/moneywallet/ui/adapter/recycler/RecurrentTransferCursorAdapter.java",com.oriondev.moneywallet.ui.adapter.recycler.RecurrentTransferCursorAdapter,0,0,0,0,0,0,0,1,0,1,0,0,0,0,1
"/Users/rar9993/repos/research/fdroid_apps/native_apps/moneywallet/app/src/main/java/com/oriondev/moneywallet/ui/adapter/recycler/SavingCursorAdapter.java",com.oriondev.moneywallet.ui.adapter.recycler.SavingCursorAdapter,0,0,0,0,0,0,0,1,0,1,0,0,0,0,1
"/Users/rar9993/repos/research/fdroid_apps/native_apps/moneywallet/app/src/main/java/com/oriondev/moneywallet/ui/adapter/recycler/PeopleSelectorCursorAdapter.java",com.oriondev.moneywallet.ui.adapter.recycler.PeopleSelectorCursorAdapter,0,0,0,0,0,0,0,1,0,1,0,0,0,0,1
"/Users/rar9993/repos/research/fdroid_apps/native_apps/moneywallet/app/src/main/java/com/oriondev/moneywallet/ui/adapter/recycler/CategoryCursorAdapter.java",com.oriondev.moneywallet.ui.adapter.recycler.CategoryCursorAdapter,0,0,0,0,0,0,0,1,0,0,0,0,0,0,1
"/Users/rar9993/repos/research/fdroid_apps/native_apps/moneywallet/app/src/main/java/com/oriondev/moneywallet/ui/adapter/recycler/CategorySortCursorAdapter.java",com.oriondev.moneywallet.ui.adapter.recycler.CategorySortCursorAdapter,0,0,0,0,0,0,0,1,0,1,0,0,0,1,1
"/Users/rar9993/repos/research/fdroid_apps/native_apps/moneywallet/app/src/main/java/com/oriondev/moneywallet/ui/adapter/recycler/TransactionCursorAdapter.java",com.oriondev.moneywallet.ui.adapter.recycler.TransactionCursorAdapter,0,0,0,0,0,0,0,1,0,1,0,0,0,0,1
"/Users/rar9993/repos/research/fdroid_apps/native_apps/moneywallet/app/src/main/java/com/oriondev/moneywallet/ui/adapter/recycler/AbstractCursorAdapter.java",com.oriondev.moneywallet.ui.adapter.recycler.AbstractCursorAdapter,0,0,0,0,0,0,0,1,0,1,0,0,0,0,0
"/Users/rar9993/repos/research/fdroid_apps/native_apps/moneywallet/app/src/main/java/com/oriondev/moneywallet/ui/adapter/recycler/BackupFileAdapter.java",com.oriondev.moneywallet.ui.adapter.recycler.BackupFileAdapter,1,0,0,0,0,0,0,1,0,1,0,0,0,0,0
"/Users/rar9993/repos/research/fdroid_apps/native_apps/moneywallet/app/src/main/java/com/oriondev/moneywallet/ui/adapter/recycler/BudgetCursorAdapter.java",com.oriondev.moneywallet.ui.adapter.recycler.BudgetCursorAdapter,0,0,0,0,0,0,0,1,0,1,0,0,0,0,1
"/Users/rar9993/repos/research/fdroid_apps/native_apps/moneywallet/app/src/main/java/com/oriondev/moneywallet/ui/adapter/recycler/DataFormatSelectorAdapter.java",com.oriondev.moneywallet.ui.adapter.recycler.DataFormatSelectorAdapter,0,0,0,0,0,0,0,1,0,1,0,0,0,0,0
"/Users/rar9993/repos/research/fdroid_apps/native_apps/moneywallet/app/src/main/java/com/oriondev/moneywallet/ui/adapter/recycler/EventSelectorCursorAdapter.java",com.oriondev.moneywallet.ui.adapter.recycler.EventSelectorCursorAdapter,0,0,0,0,0,0,0,1,0,1,0,0,0,0,1
"/Users/rar9993/repos/research/fdroid_apps/native_apps/moneywallet/app/src/main/java/com/oriondev/moneywallet/ui/adapter/recycler/LicenseAdapter.java",com.oriondev.moneywallet.ui.adapter.recycler.LicenseAdapter,0,0,0,0,0,0,0,1,0,1,0,0,0,0,0
"/Users/rar9993/repos/research/fdroid_apps/native_apps/moneywallet/app/src/main/java/com/oriondev/moneywallet/ui/adapter/recycler/PlaceCursorAdapter.java",com.oriondev.moneywallet.ui.adapter.recycler.PlaceCursorAdapter,0,0,0,0,0,0,0,1,0,1,0,0,0,0,1
"/Users/rar9993/repos/research/fdroid_apps/native_apps/moneywallet/app/src/main/java/com/oriondev/moneywallet/ui/adapter/recycler/CurrencyCursorAdapter.java",com.oriondev.moneywallet.ui.adapter.recycler.CurrencyCursorAdapter,0,0,0,0,0,0,0,1,0,1,0,0,0,0,1
"/Users/rar9993/repos/research/fdroid_apps/native_apps/moneywallet/app/src/main/java/com/oriondev/moneywallet/ui/adapter/recycler/SettingCategoryAdapter.java",com.oriondev.moneywallet.ui.adapter.recycler.SettingCategoryAdapter,0,0,0,0,0,0,0,1,0,1,0,0,0,0,0
"/Users/rar9993/repos/research/fdroid_apps/native_apps/moneywallet/app/src/main/java/com/oriondev/moneywallet/ui/adapter/recycler/ChangeLogAdapter.java",com.oriondev.moneywallet.ui.adapter.recycler.ChangeLogAdapter,0,0,0,0,0,0,0,0,0,1,0,0,0,0,0
"/Users/rar9993/repos/research/fdroid_apps/native_apps/moneywallet/app/src/main/java/com/oriondev/moneywallet/ui/adapter/recycler/PlaceSelectorCursorAdapter.java",com.oriondev.moneywallet.ui.adapter.recycler.PlaceSelectorCursorAdapter,0,0,0,0,0,0,0,1,0,1,0,0,0,0,1
"/Users/rar9993/repos/research/fdroid_apps/native_apps/moneywallet/app/src/main/java/com/oriondev/moneywallet/ui/adapter/recycler/PersonCursorAdapter.java",com.oriondev.moneywallet.ui.adapter.recycler.PersonCursorAdapter,0,0,0,0,0,0,0,1,0,1,0,0,0,0,1
"/Users/rar9993/repos/research/fdroid_apps/native_apps/moneywallet/app/src/main/java/com/oriondev/moneywallet/ui/adapter/recycler/DebtCursorAdapter.java",com.oriondev.moneywallet.ui.adapter.recycler.DebtCursorAdapter,0,0,0,0,0,0,0,1,0,1,0,0,0,0,1
"/Users/rar9993/repos/research/fdroid_apps/native_apps/moneywallet/app/src/main/java/com/oriondev/moneywallet/ui/adapter/recycler/ParentCategorySelectorCursorAdapter.java",com.oriondev.moneywallet.ui.adapter.recycler.ParentCategorySelectorCursorAdapter,0,0,0,0,0,0,0,1,0,1,0,0,0,0,1
"/Users/rar9993/repos/research/fdroid_apps/native_apps/moneywallet/app/src/main/java/com/oriondev/moneywallet/ui/adapter/recycler/WalletSelectorCursorAdapter.java",com.oriondev.moneywallet.ui.adapter.recycler.WalletSelectorCursorAdapter,0,0,0,0,0,0,0,1,0,1,0,0,0,0,1
"/Users/rar9993/repos/research/fdroid_apps/native_apps/moneywallet/app/src/main/java/com/oriondev/moneywallet/ui/adapter/pager/OverviewChartViewPagerAdapter.java",com.oriondev.moneywallet.ui.adapter.pager.OverviewChartViewPagerAdapter,0,0,0,0,0,0,0,0,0,1,0,0,0,0,0
"/Users/rar9993/repos/research/fdroid_apps/native_apps/moneywallet/app/src/main/java/com/oriondev/moneywallet/ui/adapter/pager/EventViewPagerAdapter.java",com.oriondev.moneywallet.ui.adapter.pager.EventViewPagerAdapter,0,0,0,0,0,0,0,0,0,1,0,0,0,0,0
"/Users/rar9993/repos/research/fdroid_apps/native_apps/moneywallet/app/src/main/java/com/oriondev/moneywallet/ui/adapter/pager/BudgetViewPagerAdapter.java",com.oriondev.moneywallet.ui.adapter.pager.BudgetViewPagerAdapter,0,0,0,0,0,0,0,0,0,1,0,0,0,0,0
"/Users/rar9993/repos/research/fdroid_apps/native_apps/moneywallet/app/src/main/java/com/oriondev/moneywallet/ui/adapter/pager/SavingViewPagerAdapter.java",com.oriondev.moneywallet.ui.adapter.pager.SavingViewPagerAdapter,0,0,0,0,0,0,0,0,0,1,0,0,0,0,0
"/Users/rar9993/repos/research/fdroid_apps/native_apps/moneywallet/app/src/main/java/com/oriondev/moneywallet/ui/adapter/pager/RecurrenceViewPagerAdapter.java",com.oriondev.moneywallet.ui.adapter.pager.RecurrenceViewPagerAdapter,0,0,0,0,0,0,0,0,0,1,0,0,0,0,0
"/Users/rar9993/repos/research/fdroid_apps/native_apps/moneywallet/app/src/main/java/com/oriondev/moneywallet/ui/adapter/pager/ModelViewPagerAdapter.java",com.oriondev.moneywallet.ui.adapter.pager.ModelViewPagerAdapter,0,0,0,0,0,0,0,0,0,1,0,0,0,0,0
"/Users/rar9993/repos/research/fdroid_apps/native_apps/moneywallet/app/src/main/java/com/oriondev/moneywallet/ui/adapter/pager/CategoryViewPagerAdapter.java",com.oriondev.moneywallet.ui.adapter.pager.CategoryViewPagerAdapter,0,0,0,0,0,0,0,0,0,0,0,0,0,0,0
"/Users/rar9993/repos/research/fdroid_apps/native_apps/moneywallet/app/src/main/java/com/oriondev/moneywallet/ui/adapter/pager/BarChartViewPagerAdapter.java",com.oriondev.moneywallet.ui.adapter.pager.BarChartViewPagerAdapter,0,0,0,0,0,0,0,0,0,1,0,0,0,0,0
"/Users/rar9993/repos/research/fdroid_apps/native_apps/moneywallet/app/src/main/java/com/oriondev/moneywallet/ui/adapter/pager/PieChartViewPagerAdapter.java",com.oriondev.moneywallet.ui.adapter.pager.PieChartViewPagerAdapter,0,0,0,0,0,0,0,0,0,1,0,0,0,0,0
"/Users/rar9993/repos/research/fdroid_apps/native_apps/moneywallet/app/src/main/java/com/oriondev/moneywallet/ui/adapter/pager/DebtViewPagerAdapter.java",com.oriondev.moneywallet.ui.adapter.pager.DebtViewPagerAdapter,0,0,0,0,0,0,0,0,0,1,0,0,0,0,0
"/Users/rar9993/repos/research/fdroid_apps/native_apps/moneywallet/app/src/main/java/com/oriondev/moneywallet/ui/adapter/pager/TransactionViewPagerAdapter.java",com.oriondev.moneywallet.ui.adapter.pager.TransactionViewPagerAdapter,0,0,0,0,0,0,0,0,0,1,0,0,0,0,0
"/Users/rar9993/repos/research/fdroid_apps/native_apps/moneywallet/app/src/main/java/com/oriondev/moneywallet/ui/adapter/pager/PeriodViewPagerAdapter.java",com.oriondev.moneywallet.ui.adapter.pager.PeriodViewPagerAdapter,0,0,0,0,0,0,0,0,0,1,0,0,0,0,0
"/Users/rar9993/repos/research/fdroid_apps/native_apps/moneywallet/app/src/main/java/com/oriondev/moneywallet/ui/preference/ThemedPreference.java",com.oriondev.moneywallet.ui.preference.ThemedPreference,0,0,0,0,0,0,0,0,0,0,0,0,0,0,0
"/Users/rar9993/repos/research/fdroid_apps/native_apps/moneywallet/app/src/main/java/com/oriondev/moneywallet/ui/preference/ColorPreference.java",com.oriondev.moneywallet.ui.preference.ColorPreference,0,0,0,0,0,0,0,0,0,1,0,0,0,0,0
"/Users/rar9993/repos/research/fdroid_apps/native_apps/moneywallet/app/src/main/java/com/oriondev/moneywallet/ui/preference/ThemedPreferenceCategory.java",com.oriondev.moneywallet.ui.preference.ThemedPreferenceCategory,0,0,0,0,0,0,0,0,0,0,0,0,0,0,0
"/Users/rar9993/repos/research/fdroid_apps/native_apps/moneywallet/app/src/main/java/com/oriondev/moneywallet/ui/preference/ThemedSwitchPreference.java",com.oriondev.moneywallet.ui.preference.ThemedSwitchPreference,0,0,0,0,0,0,0,0,0,0,0,0,0,0,0
"/Users/rar9993/repos/research/fdroid_apps/native_apps/moneywallet/app/src/main/java/com/oriondev/moneywallet/ui/preference/ThemedListPreference.java",com.oriondev.moneywallet.ui.preference.ThemedListPreference,0,0,0,0,0,0,0,0,0,1,0,0,0,1,0
"/Users/rar9993/repos/research/fdroid_apps/native_apps/moneywallet/app/src/main/java/com/oriondev/moneywallet/ui/preference/ThemedInputPreference.java",com.oriondev.moneywallet.ui.preference.ThemedInputPreference,0,0,0,0,0,0,0,0,0,1,0,0,0,0,0
"/Users/rar9993/repos/research/fdroid_apps/native_apps/moneywallet/app/src/main/java/com/oriondev/moneywallet/ui/fragment/singlepanel/OverviewSinglePanelFragment.java",com.oriondev.moneywallet.ui.fragment.singlepanel.OverviewSinglePanelFragment,0,0,0,0,0,0,0,0,0,1,0,0,0,0,0
"/Users/rar9993/repos/research/fdroid_apps/native_apps/moneywallet/app/src/main/java/com/oriondev/moneywallet/ui/fragment/single/PeriodDetailSummaryFragment.java",com.oriondev.moneywallet.ui.fragment.single.PeriodDetailSummaryFragment,0,0,0,0,0,0,0,0,0,1,1,0,0,0,0
"/Users/rar9993/repos/research/fdroid_apps/native_apps/moneywallet/app/src/main/java/com/oriondev/moneywallet/ui/fragment/single/AboutFragment.java",com.oriondev.moneywallet.ui.fragment.single.AboutFragment,0,0,0,0,0,0,0,1,0,1,0,0,0,1,0
"/Users/rar9993/repos/research/fdroid_apps/native_apps/moneywallet/app/src/main/java/com/oriondev/moneywallet/ui/fragment/single/PeriodDetailFlowFragment.java",com.oriondev.moneywallet.ui.fragment.single.PeriodDetailFlowFragment,0,0,0,0,0,0,0,0,0,1,1,0,0,0,0
"/Users/rar9993/repos/research/fdroid_apps/native_apps/moneywallet/app/src/main/java/com/oriondev/moneywallet/ui/fragment/multipanel/BackupMultiPanelFragment.java",com.oriondev.moneywallet.ui.fragment.multipanel.BackupMultiPanelFragment,0,0,0,0,0,0,0,0,0,1,0,0,0,0,0
"/Users/rar9993/repos/research/fdroid_apps/native_apps/moneywallet/app/src/main/java/com/oriondev/moneywallet/ui/fragment/multipanel/SettingMultiPanelFragment.java",com.oriondev.moneywallet.ui.fragment.multipanel.SettingMultiPanelFragment,0,0,0,0,0,0,0,0,0,1,0,0,0,0,0
"/Users/rar9993/repos/research/fdroid_apps/native_apps/moneywallet/app/src/main/java/com/oriondev/moneywallet/ui/fragment/multipanel/PlaceMultiPanelFragment.java",com.oriondev.moneywallet.ui.fragment.multipanel.PlaceMultiPanelFragment,0,0,0,0,0,0,0,0,0,1,0,0,0,0,0
"/Users/rar9993/repos/research/fdroid_apps/native_apps/moneywallet/app/src/main/java/com/oriondev/moneywallet/ui/fragment/multipanel/TransactionMultiPanelViewPagerFragment.java",com.oriondev.moneywallet.ui.fragment.multipanel.TransactionMultiPanelViewPagerFragment,0,0,0,0,0,0,0,0,0,1,0,0,0,0,0
"/Users/rar9993/repos/research/fdroid_apps/native_apps/moneywallet/app/src/main/java/com/oriondev/moneywallet/ui/fragment/multipanel/BudgetMultiPanelViewPagerFragment.java",com.oriondev.moneywallet.ui.fragment.multipanel.BudgetMultiPanelViewPagerFragment,0,0,0,0,0,0,0,0,0,1,0,0,0,0,0
"/Users/rar9993/repos/research/fdroid_apps/native_apps/moneywallet/app/src/main/java/com/oriondev/moneywallet/ui/fragment/multipanel/DebtMultiPanelViewPagerFragment.java",com.oriondev.moneywallet.ui.fragment.multipanel.DebtMultiPanelViewPagerFragment,0,0,0,0,0,0,0,0,0,1,0,0,0,0,0
"/Users/rar9993/repos/research/fdroid_apps/native_apps/moneywallet/app/src/main/java/com/oriondev/moneywallet/ui/fragment/multipanel/PersonMultiPanelFragment.java",com.oriondev.moneywallet.ui.fragment.multipanel.PersonMultiPanelFragment,0,0,0,0,0,0,0,0,0,1,0,0,0,0,0
"/Users/rar9993/repos/research/fdroid_apps/native_apps/moneywallet/app/src/main/java/com/oriondev/moneywallet/ui/fragment/multipanel/CalendarMultiPanelFragment.java",com.oriondev.moneywallet.ui.fragment.multipanel.CalendarMultiPanelFragment,0,0,0,0,0,0,0,0,0,1,0,0,0,0,1
"/Users/rar9993/repos/research/fdroid_apps/native_apps/moneywallet/app/src/main/java/com/oriondev/moneywallet/ui/fragment/multipanel/SavingMultiPanelViewPagerFragment.java",com.oriondev.moneywallet.ui.fragment.multipanel.SavingMultiPanelViewPagerFragment,0,0,0,0,0,0,0,0,0,1,0,0,0,0,0
"/Users/rar9993/repos/research/fdroid_apps/native_apps/moneywallet/app/src/main/java/com/oriondev/moneywallet/ui/fragment/multipanel/ModelMultiPanelViewPagerFragment.java",com.oriondev.moneywallet.ui.fragment.multipanel.ModelMultiPanelViewPagerFragment,0,0,0,0,0,0,0,0,0,1,0,0,0,0,0
"/Users/rar9993/repos/research/fdroid_apps/native_apps/moneywallet/app/src/main/java/com/oriondev/moneywallet/ui/fragment/multipanel/CategoryMultiPanelViewPagerFragment.java",com.oriondev.moneywallet.ui.fragment.multipanel.CategoryMultiPanelViewPagerFragment,0,0,0,0,0,0,0,0,0,1,0,0,0,0,0
"/Users/rar9993/repos/research/fdroid_apps/native_apps/moneywallet/app/src/main/java/com/oriondev/moneywallet/ui/fragment/multipanel/EventMultiPanelViewPagerFragment.java",com.oriondev.moneywallet.ui.fragment.multipanel.EventMultiPanelViewPagerFragment,0,0,0,0,0,0,0,0,0,1,0,0,0,0,0
"/Users/rar9993/repos/research/fdroid_apps/native_apps/moneywallet/app/src/main/java/com/oriondev/moneywallet/ui/fragment/multipanel/WalletMultiPanelFragment.java",com.oriondev.moneywallet.ui.fragment.multipanel.WalletMultiPanelFragment,0,0,0,0,0,0,0,0,0,1,0,0,0,1,1
"/Users/rar9993/repos/research/fdroid_apps/native_apps/moneywallet/app/src/main/java/com/oriondev/moneywallet/ui/fragment/multipanel/RecurrenceMultiPanelViewPagerFragment.java",com.oriondev.moneywallet.ui.fragment.multipanel.RecurrenceMultiPanelViewPagerFragment,0,0,0,0,0,0,0,0,0,1,0,0,0,0,0
"/Users/rar9993/repos/research/fdroid_apps/native_apps/moneywallet/app/src/main/java/com/oriondev/moneywallet/ui/fragment/multipanel/TransactionMultiPanelFragment.java",com.oriondev.moneywallet.ui.fragment.multipanel.TransactionMultiPanelFragment,0,0,0,0,0,0,0,0,0,1,0,0,0,0,0
"/Users/rar9993/repos/research/fdroid_apps/native_apps/moneywallet/app/src/main/java/com/oriondev/moneywallet/ui/fragment/dialog/CustomDigitSetupDialog.java",com.oriondev.moneywallet.ui.fragment.dialog.CustomDigitSetupDialog,0,0,0,0,0,0,0,0,0,1,1,0,0,0,0
"/Users/rar9993/repos/research/fdroid_apps/native_apps/moneywallet/app/src/main/java/com/oriondev/moneywallet/ui/fragment/dialog/BudgetTypePickerDialog.java",com.oriondev.moneywallet.ui.fragment.dialog.BudgetTypePickerDialog,0,0,0,0,0,0,0,1,0,0,1,0,0,0,0
"/Users/rar9993/repos/research/fdroid_apps/native_apps/moneywallet/app/src/main/java/com/oriondev/moneywallet/ui/fragment/dialog/CurrencyConverterDialog.java",com.oriondev.moneywallet.ui.fragment.dialog.CurrencyConverterDialog,0,0,0,0,0,0,0,1,0,0,1,0,0,0,0
"/Users/rar9993/repos/research/fdroid_apps/native_apps/moneywallet/app/src/main/java/com/oriondev/moneywallet/ui/fragment/dialog/RecurrencePickerDialog.java",com.oriondev.moneywallet.ui.fragment.dialog.RecurrencePickerDialog,0,0,0,0,0,0,0,1,0,1,1,0,0,0,0
"/Users/rar9993/repos/research/fdroid_apps/native_apps/moneywallet/app/src/main/java/com/oriondev/moneywallet/ui/fragment/dialog/DataFormatPickerDialog.java",com.oriondev.moneywallet.ui.fragment.dialog.DataFormatPickerDialog,0,0,0,0,0,0,0,1,0,0,1,0,0,0,0
"/Users/rar9993/repos/research/fdroid_apps/native_apps/moneywallet/app/src/main/java/com/oriondev/moneywallet/ui/fragment/dialog/GenericProgressDialog.java",com.oriondev.moneywallet.ui.fragment.dialog.GenericProgressDialog,0,0,0,0,0,0,0,0,0,1,1,0,0,0,0
"/Users/rar9993/repos/research/fdroid_apps/native_apps/moneywallet/app/src/main/java/com/oriondev/moneywallet/ui/fragment/dialog/AutoBackupSettingDialog.java",com.oriondev.moneywallet.ui.fragment.dialog.AutoBackupSettingDialog,1,0,0,0,0,0,0,0,0,1,1,0,0,0,0
"/Users/rar9993/repos/research/fdroid_apps/native_apps/moneywallet/app/src/main/java/com/oriondev/moneywallet/ui/fragment/dialog/LicenseDialog.java",com.oriondev.moneywallet.ui.fragment.dialog.LicenseDialog,0,0,0,0,0,0,0,1,0,1,1,0,0,0,0
"/Users/rar9993/repos/research/fdroid_apps/native_apps/moneywallet/app/src/main/java/com/oriondev/moneywallet/ui/fragment/dialog/ParentCategoryPickerDialog.java",com.oriondev.moneywallet.ui.fragment.dialog.ParentCategoryPickerDialog,0,0,0,0,0,0,0,1,0,1,1,0,0,0,1
"/Users/rar9993/repos/research/fdroid_apps/native_apps/moneywallet/app/src/main/java/com/oriondev/moneywallet/ui/fragment/dialog/ExportColumnsDialogFragment.java",com.oriondev.moneywallet.ui.fragment.dialog.ExportColumnsDialogFragment,0,0,0,0,0,0,0,1,0,0,1,0,0,1,0
"/Users/rar9993/repos/research/fdroid_apps/native_apps/moneywallet/app/src/main/java/com/oriondev/moneywallet/ui/fragment/dialog/PeoplePickerDialog.java",com.oriondev.moneywallet.ui.fragment.dialog.PeoplePickerDialog,0,0,0,0,0,0,0,1,0,1,1,0,0,1,1
"/Users/rar9993/repos/research/fdroid_apps/native_apps/moneywallet/app/src/main/java/com/oriondev/moneywallet/ui/fragment/dialog/OverviewSettingDialog.java",com.oriondev.moneywallet.ui.fragment.dialog.OverviewSettingDialog,0,0,0,0,0,0,0,1,0,0,1,0,0,0,0
"/Users/rar9993/repos/research/fdroid_apps/native_apps/moneywallet/app/src/main/java/com/oriondev/moneywallet/ui/fragment/dialog/WalletPickerDialog.java",com.oriondev.moneywallet.ui.fragment.dialog.WalletPickerDialog,0,0,0,0,0,0,0,1,0,1,1,0,0,1,1
"/Users/rar9993/repos/research/fdroid_apps/native_apps/moneywallet/app/src/main/java/com/oriondev/moneywallet/ui/fragment/dialog/PlacePickerDialog.java",com.oriondev.moneywallet.ui.fragment.dialog.PlacePickerDialog,0,0,0,0,0,0,0,1,0,1,1,0,0,0,1
"/Users/rar9993/repos/research/fdroid_apps/native_apps/moneywallet/app/src/main/java/com/oriondev/moneywallet/ui/fragment/dialog/ChangeLogDialog.java",com.oriondev.moneywallet.ui.fragment.dialog.ChangeLogDialog,0,0,0,0,0,0,0,0,0,1,1,0,0,0,0
"/Users/rar9993/repos/research/fdroid_apps/native_apps/moneywallet/app/src/main/java/com/oriondev/moneywallet/ui/fragment/dialog/EventPickerDialog.java",com.oriondev.moneywallet.ui.fragment.dialog.EventPickerDialog,0,0,0,0,0,0,0,1,0,1,1,0,0,0,1
"/Users/rar9993/repos/research/fdroid_apps/native_apps/moneywallet/app/src/main/java/com/oriondev/moneywallet/ui/fragment/stub/StubMultiPanelViewPagerFragment.java",com.oriondev.moneywallet.ui.fragment.stub.StubMultiPanelViewPagerFragment,0,0,0,0,0,0,0,0,0,0,0,0,0,0,0
"/Users/rar9993/repos/research/fdroid_apps/native_apps/moneywallet/app/src/main/java/com/oriondev/moneywallet/ui/fragment/stub/StubMultiPanelFragment.java",com.oriondev.moneywallet.ui.fragment.stub.StubMultiPanelFragment,0,0,0,0,0,0,0,0,0,0,0,0,0,0,0
"/Users/rar9993/repos/research/fdroid_apps/native_apps/moneywallet/app/src/main/java/com/oriondev/moneywallet/ui/fragment/stub/StubListFragment.java",com.oriondev.moneywallet.ui.fragment.stub.StubListFragment,0,0,0,0,0,0,0,1,0,0,1,0,0,1,0
"/Users/rar9993/repos/research/fdroid_apps/native_apps/moneywallet/app/src/main/java/com/oriondev/moneywallet/ui/fragment/primary/EventListFragment.java",com.oriondev.moneywallet.ui.fragment.primary.EventListFragment,0,0,0,0,0,0,0,0,0,1,0,0,0,0,0
"/Users/rar9993/repos/research/fdroid_apps/native_apps/moneywallet/app/src/main/java/com/oriondev/moneywallet/ui/fragment/primary/SavingListFragment.java",com.oriondev.moneywallet.ui.fragment.primary.SavingListFragment,0,0,0,0,0,0,0,0,0,1,0,0,0,0,0
"/Users/rar9993/repos/research/fdroid_apps/native_apps/moneywallet/app/src/main/java/com/oriondev/moneywallet/ui/fragment/primary/TransactionListFragment.java",com.oriondev.moneywallet.ui.fragment.primary.TransactionListFragment,0,0,0,0,0,0,0,0,0,0,0,0,0,0,0
"/Users/rar9993/repos/research/fdroid_apps/native_apps/moneywallet/app/src/main/java/com/oriondev/moneywallet/ui/fragment/primary/RecurrentTransactionListFragment.java",com.oriondev.moneywallet.ui.fragment.primary.RecurrentTransactionListFragment,0,0,0,0,0,0,0,0,0,0,0,0,0,0,0
"/Users/rar9993/repos/research/fdroid_apps/native_apps/moneywallet/app/src/main/java/com/oriondev/moneywallet/ui/fragment/primary/BudgetListFragment.java",com.oriondev.moneywallet.ui.fragment.primary.BudgetListFragment,0,0,0,0,0,0,0,0,0,1,0,0,0,0,0
"/Users/rar9993/repos/research/fdroid_apps/native_apps/moneywallet/app/src/main/java/com/oriondev/moneywallet/ui/fragment/primary/DebtListFragment.java",com.oriondev.moneywallet.ui.fragment.primary.DebtListFragment,0,0,0,0,0,0,0,0,0,1,0,0,0,0,0
"/Users/rar9993/repos/research/fdroid_apps/native_apps/moneywallet/app/src/main/java/com/oriondev/moneywallet/ui/fragment/primary/TransferListFragment.java",com.oriondev.moneywallet.ui.fragment.primary.TransferListFragment,0,0,0,0,0,0,0,0,0,0,0,0,0,0,0
"/Users/rar9993/repos/research/fdroid_apps/native_apps/moneywallet/app/src/main/java/com/oriondev/moneywallet/ui/fragment/primary/RecurrentTransferListFragment.java",com.oriondev.moneywallet.ui.fragment.primary.RecurrentTransferListFragment,0,0,0,0,0,0,0,0,0,0,0,0,0,0,0
"/Users/rar9993/repos/research/fdroid_apps/native_apps/moneywallet/app/src/main/java/com/oriondev/moneywallet/ui/fragment/primary/TransferModelListFragment.java",com.oriondev.moneywallet.ui.fragment.primary.TransferModelListFragment,0,0,0,0,0,0,0,0,0,0,0,0,0,0,0
"/Users/rar9993/repos/research/fdroid_apps/native_apps/moneywallet/app/src/main/java/com/oriondev/moneywallet/ui/fragment/primary/CategoryListFragment.java",com.oriondev.moneywallet.ui.fragment.primary.CategoryListFragment,0,0,0,0,0,0,0,1,0,1,0,0,0,0,0
"/Users/rar9993/repos/research/fdroid_apps/native_apps/moneywallet/app/src/main/java/com/oriondev/moneywallet/ui/fragment/primary/TransactionModelListFragment.java",com.oriondev.moneywallet.ui.fragment.primary.TransactionModelListFragment,0,0,0,0,0,0,0,0,0,0,0,0,0,0,0
"/Users/rar9993/repos/research/fdroid_apps/native_apps/moneywallet/app/src/main/java/com/oriondev/moneywallet/ui/fragment/base/MultiPanelAppBarFragment.java",com.oriondev.moneywallet.ui.fragment.base.MultiPanelAppBarFragment,0,0,0,0,0,0,0,0,0,1,0,0,0,0,0
"/Users/rar9993/repos/research/fdroid_apps/native_apps/moneywallet/app/src/main/java/com/oriondev/moneywallet/ui/fragment/base/NavigableFragment.java",com.oriondev.moneywallet.ui.fragment.base.NavigableFragment,0,0,0,0,0,0,0,0,0,0,0,0,0,0,0
"/Users/rar9993/repos/research/fdroid_apps/native_apps/moneywallet/app/src/main/java/com/oriondev/moneywallet/ui/fragment/base/SecondaryPanelFragment.java",com.oriondev.moneywallet.ui.fragment.base.SecondaryPanelFragment,0,0,0,0,0,0,0,0,0,1,1,0,0,0,1
"/Users/rar9993/repos/research/fdroid_apps/native_apps/moneywallet/app/src/main/java/com/oriondev/moneywallet/ui/fragment/base/MultiPanelFragment.java",com.oriondev.moneywallet.ui.fragment.base.MultiPanelFragment,0,0,0,0,0,0,0,0,0,1,1,0,0,0,0
"/Users/rar9993/repos/research/fdroid_apps/native_apps/moneywallet/app/src/main/java/com/oriondev/moneywallet/ui/fragment/base/MultiPanelViewPagerMultiItemFragment.java",com.oriondev.moneywallet.ui.fragment.base.MultiPanelViewPagerMultiItemFragment,0,0,0,0,0,0,0,0,0,1,0,0,0,0,0
"/Users/rar9993/repos/research/fdroid_apps/native_apps/moneywallet/app/src/main/java/com/oriondev/moneywallet/ui/fragment/base/SinglePanelFragment.java",com.oriondev.moneywallet.ui.fragment.base.SinglePanelFragment,0,0,0,0,0,0,0,0,0,1,1,0,0,0,1
"/Users/rar9993/repos/research/fdroid_apps/native_apps/moneywallet/app/src/main/java/com/oriondev/moneywallet/ui/fragment/base/MultiPanelViewPagerFragment.java",com.oriondev.moneywallet.ui.fragment.base.MultiPanelViewPagerFragment,0,0,0,0,0,0,0,0,0,1,0,0,0,0,0
"/Users/rar9993/repos/research/fdroid_apps/native_apps/moneywallet/app/src/main/java/com/oriondev/moneywallet/ui/fragment/base/MultiPanelCursorListFragment.java",com.oriondev.moneywallet.ui.fragment.base.MultiPanelCursorListFragment,0,0,0,0,0,0,0,0,0,1,0,0,0,0,1
"/Users/rar9993/repos/research/fdroid_apps/native_apps/moneywallet/app/src/main/java/com/oriondev/moneywallet/ui/fragment/base/MultiPanelViewPagerItemFragment.java",com.oriondev.moneywallet.ui.fragment.base.MultiPanelViewPagerItemFragment,0,0,0,0,0,0,0,0,0,1,0,0,0,0,0
"/Users/rar9993/repos/research/fdroid_apps/native_apps/moneywallet/app/src/main/java/com/oriondev/moneywallet/ui/fragment/base/MultiPanelAppBarItemFragment.java",com.oriondev.moneywallet.ui.fragment.base.MultiPanelAppBarItemFragment,0,0,0,0,0,0,0,0,0,1,0,0,0,0,0
"/Users/rar9993/repos/research/fdroid_apps/native_apps/moneywallet/app/src/main/java/com/oriondev/moneywallet/ui/fragment/base/MultiPanelController.java",com.oriondev.moneywallet.ui.fragment.base.MultiPanelController,0,0,0,0,0,0,0,0,0,0,0,0,0,0,0
"/Users/rar9993/repos/research/fdroid_apps/native_apps/moneywallet/app/src/main/java/com/oriondev/moneywallet/ui/fragment/base/CursorListFragment.java",com.oriondev.moneywallet.ui.fragment.base.CursorListFragment,0,0,0,0,0,0,0,0,0,1,1,0,0,0,1
"/Users/rar9993/repos/research/fdroid_apps/native_apps/moneywallet/app/src/main/java/com/oriondev/moneywallet/ui/fragment/base/MultiPanelCursorListItemFragment.java",com.oriondev.moneywallet.ui.fragment.base.MultiPanelCursorListItemFragment,0,0,0,0,0,0,0,0,0,1,0,0,0,0,0
"/Users/rar9993/repos/research/fdroid_apps/native_apps/moneywallet/app/src/main/java/com/oriondev/moneywallet/ui/fragment/secondary/PlaceItemFragment.java",com.oriondev.moneywallet.ui.fragment.secondary.PlaceItemFragment,0,0,0,0,0,0,0,0,0,1,0,0,0,0,1
"/Users/rar9993/repos/research/fdroid_apps/native_apps/moneywallet/app/src/main/java/com/oriondev/moneywallet/ui/fragment/secondary/SavingItemFragment.java",com.oriondev.moneywallet.ui.fragment.secondary.SavingItemFragment,0,0,0,0,0,0,0,0,0,1,0,0,0,0,1
"/Users/rar9993/repos/research/fdroid_apps/native_apps/moneywallet/app/src/main/java/com/oriondev/moneywallet/ui/fragment/secondary/TransactionItemFragment.java",com.oriondev.moneywallet.ui.fragment.secondary.TransactionItemFragment,0,0,0,0,0,0,0,0,0,1,0,0,0,1,1
"/Users/rar9993/repos/research/fdroid_apps/native_apps/moneywallet/app/src/main/java/com/oriondev/moneywallet/ui/fragment/secondary/WalletItemFragment.java",com.oriondev.moneywallet.ui.fragment.secondary.WalletItemFragment,0,0,0,0,0,0,0,0,0,1,0,0,0,0,1
"/Users/rar9993/repos/research/fdroid_apps/native_apps/moneywallet/app/src/main/java/com/oriondev/moneywallet/ui/fragment/secondary/DatabaseSettingFragment.java",com.oriondev.moneywallet.ui.fragment.secondary.DatabaseSettingFragment,0,0,0,0,0,0,0,0,0,1,1,0,0,0,0
"/Users/rar9993/repos/research/fdroid_apps/native_apps/moneywallet/app/src/main/java/com/oriondev/moneywallet/ui/fragment/secondary/EventItemFragment.java",com.oriondev.moneywallet.ui.fragment.secondary.EventItemFragment,0,0,0,0,0,0,0,0,0,1,0,0,0,0,1
"/Users/rar9993/repos/research/fdroid_apps/native_apps/moneywallet/app/src/main/java/com/oriondev/moneywallet/ui/fragment/secondary/BudgetItemFragment.java",com.oriondev.moneywallet.ui.fragment.secondary.BudgetItemFragment,0,0,0,0,0,0,0,0,0,1,0,0,0,1,1
"/Users/rar9993/repos/research/fdroid_apps/native_apps/moneywallet/app/src/main/java/com/oriondev/moneywallet/ui/fragment/secondary/PersonItemFragment.java",com.oriondev.moneywallet.ui.fragment.secondary.PersonItemFragment,0,0,0,0,0,0,0,0,0,1,0,0,0,0,1
"/Users/rar9993/repos/research/fdroid_apps/native_apps/moneywallet/app/src/main/java/com/oriondev/moneywallet/ui/fragment/secondary/RecurrentTransactionItemFragment.java",com.oriondev.moneywallet.ui.fragment.secondary.RecurrentTransactionItemFragment,0,0,0,0,0,0,0,0,0,1,0,0,0,0,1
"/Users/rar9993/repos/research/fdroid_apps/native_apps/moneywallet/app/src/main/java/com/oriondev/moneywallet/ui/fragment/secondary/RecurrentTransferItemFragment.java",com.oriondev.moneywallet.ui.fragment.secondary.RecurrentTransferItemFragment,0,0,0,0,0,0,0,0,0,1,0,0,0,0,1
"/Users/rar9993/repos/research/fdroid_apps/native_apps/moneywallet/app/src/main/java/com/oriondev/moneywallet/ui/fragment/secondary/TransferModelItemFragment.java",com.oriondev.moneywallet.ui.fragment.secondary.TransferModelItemFragment,0,0,0,0,0,0,0,0,0,1,0,0,0,0,1
"/Users/rar9993/repos/research/fdroid_apps/native_apps/moneywallet/app/src/main/java/com/oriondev/moneywallet/ui/fragment/secondary/CategoryItemFragment.java",com.oriondev.moneywallet.ui.fragment.secondary.CategoryItemFragment,0,0,0,0,0,0,0,0,0,1,0,0,0,0,1
"/Users/rar9993/repos/research/fdroid_apps/native_apps/moneywallet/app/src/main/java/com/oriondev/moneywallet/ui/fragment/secondary/TransferItemFragment.java",com.oriondev.moneywallet.ui.fragment.secondary.TransferItemFragment,0,0,0,0,0,0,0,0,0,1,0,0,0,1,1
"/Users/rar9993/repos/research/fdroid_apps/native_apps/moneywallet/app/src/main/java/com/oriondev/moneywallet/ui/fragment/secondary/DebtItemFragment.java",com.oriondev.moneywallet.ui.fragment.secondary.DebtItemFragment,0,0,0,0,0,0,0,0,0,1,0,0,0,1,1
"/Users/rar9993/repos/research/fdroid_apps/native_apps/moneywallet/app/src/main/java/com/oriondev/moneywallet/ui/fragment/secondary/TransactionModelItemFragment.java",com.oriondev.moneywallet.ui.fragment.secondary.TransactionModelItemFragment,0,0,0,0,0,0,0,0,0,1,0,0,0,0,1
"/Users/rar9993/repos/research/fdroid_apps/native_apps/moneywallet/app/src/main/java/com/oriondev/moneywallet/ui/fragment/secondary/UtilitySettingFragment.java",com.oriondev.moneywallet.ui.fragment.secondary.UtilitySettingFragment,0,0,0,0,0,0,0,0,0,1,1,0,0,0,0
"/Users/rar9993/repos/research/fdroid_apps/native_apps/moneywallet/app/src/main/java/com/oriondev/moneywallet/ui/fragment/secondary/UserInterfaceSettingFragment.java",com.oriondev.moneywallet.ui.fragment.secondary.UserInterfaceSettingFragment,0,0,0,0,0,0,0,0,0,1,1,0,0,1,0
"/Users/rar9993/repos/research/fdroid_apps/native_apps/moneywallet/app/src/main/java/com/oriondev/moneywallet/ui/fragment/secondary/BackupHandlerFragment.java",com.oriondev.moneywallet.ui.fragment.secondary.BackupHandlerFragment,1,0,0,0,0,0,0,0,0,1,1,0,0,0,1
"/Users/rar9993/repos/research/fdroid_apps/native_apps/moneywallet/app/src/main/java/com/oriondev/moneywallet/ui/view/CardButton.java",com.oriondev.moneywallet.ui.view.CardButton,0,0,0,0,0,0,0,0,0,0,0,0,0,0,0
"/Users/rar9993/repos/research/fdroid_apps/native_apps/moneywallet/app/src/main/java/com/oriondev/moneywallet/ui/view/ForegroundCardView.java",com.oriondev.moneywallet.ui.view.ForegroundCardView,0,0,0,0,0,0,0,0,0,1,0,0,0,0,0
"/Users/rar9993/repos/research/fdroid_apps/native_apps/moneywallet/app/src/main/java/com/oriondev/moneywallet/ui/view/SquaredImageView.java",com.oriondev.moneywallet.ui.view.SquaredImageView,0,0,0,0,0,0,0,0,0,0,0,0,0,0,0
"/Users/rar9993/repos/research/fdroid_apps/native_apps/moneywallet/app/src/main/java/com/oriondev/moneywallet/ui/view/AttachmentView.java",com.oriondev.moneywallet.ui.view.AttachmentView,0,0,0,0,0,0,0,1,0,1,0,0,0,1,0
"/Users/rar9993/repos/research/fdroid_apps/native_apps/moneywallet/app/src/main/java/com/oriondev/moneywallet/ui/view/AdvancedRecyclerView.java",com.oriondev.moneywallet.ui.view.AdvancedRecyclerView,0,0,0,0,0,0,0,0,0,1,0,0,0,0,0
"/Users/rar9993/repos/research/fdroid_apps/native_apps/moneywallet/app/src/main/java/com/oriondev/moneywallet/ui/view/RecurrenceView.java",com.oriondev.moneywallet.ui.view.RecurrenceView,0,0,0,0,0,0,0,0,0,1,0,0,0,0,0
"/Users/rar9993/repos/research/fdroid_apps/native_apps/moneywallet/app/src/main/java/com/oriondev/moneywallet/ui/view/CircleView.java",com.oriondev.moneywallet.ui.view.CircleView,0,0,0,0,0,0,0,0,0,1,0,0,0,0,0
"/Users/rar9993/repos/research/fdroid_apps/native_apps/moneywallet/app/src/main/java/com/oriondev/moneywallet/ui/view/CategoryChildIndicator.java",com.oriondev.moneywallet.ui.view.CategoryChildIndicator,0,0,0,0,0,0,0,0,0,1,0,0,0,0,0
"/Users/rar9993/repos/research/fdroid_apps/native_apps/moneywallet/app/src/main/java/com/oriondev/moneywallet/ui/view/MaterialProgressBar.java",com.oriondev.moneywallet.ui.view.MaterialProgressBar,0,0,0,0,0,0,0,0,0,1,0,0,0,0,0
"/Users/rar9993/repos/research/fdroid_apps/native_apps/moneywallet/app/src/main/java/com/oriondev/moneywallet/ui/view/calendar/MonthView.java",com.oriondev.moneywallet.ui.view.calendar.MonthView,0,0,0,0,0,0,0,1,1,1,0,0,0,0,0
"/Users/rar9993/repos/research/fdroid_apps/native_apps/moneywallet/app/src/main/java/com/oriondev/moneywallet/ui/view/calendar/OnDateSelectedListener.java",com.oriondev.moneywallet.ui.view.calendar.OnDateSelectedListener,0,0,0,0,0,0,0,0,0,0,0,0,0,0,0
"/Users/rar9993/repos/research/fdroid_apps/native_apps/moneywallet/app/src/main/java/com/oriondev/moneywallet/ui/view/calendar/DotView.java",com.oriondev.moneywallet.ui.view.calendar.DotView,0,0,0,0,0,0,0,0,0,1,0,0,0,0,0
"/Users/rar9993/repos/research/fdroid_apps/native_apps/moneywallet/app/src/main/java/com/oriondev/moneywallet/ui/view/calendar/TimelineView.java",com.oriondev.moneywallet.ui.view.calendar.TimelineView,0,0,0,0,0,0,0,1,1,1,0,0,0,0,0
"/Users/rar9993/repos/research/fdroid_apps/native_apps/moneywallet/app/src/main/java/com/oriondev/moneywallet/ui/view/chart/PieData.java",com.oriondev.moneywallet.ui.view.chart.PieData,0,0,0,0,0,0,0,0,0,0,0,0,0,0,0
"/Users/rar9993/repos/research/fdroid_apps/native_apps/moneywallet/app/src/main/java/com/oriondev/moneywallet/ui/view/chart/PieSlice.java",com.oriondev.moneywallet.ui.view.chart.PieSlice,0,0,0,0,0,0,0,0,0,1,0,0,0,0,0
"/Users/rar9993/repos/research/fdroid_apps/native_apps/moneywallet/app/src/main/java/com/oriondev/moneywallet/ui/view/chart/PieChart.java",com.oriondev.moneywallet.ui.view.chart.PieChart,0,0,0,0,0,0,0,0,1,1,0,0,0,1,0
"/Users/rar9993/repos/research/fdroid_apps/native_apps/moneywallet/app/src/main/java/com/oriondev/moneywallet/ui/view/theme/ThemedLayoutInflater.java",com.oriondev.moneywallet.ui.view.theme.ThemedLayoutInflater,0,0,0,0,0,0,0,0,0,1,0,0,0,0,0
"/Users/rar9993/repos/research/fdroid_apps/native_apps/moneywallet/app/src/main/java/com/oriondev/moneywallet/ui/view/theme/ThemedLinearLayout.java",com.oriondev.moneywallet.ui.view.theme.ThemedLinearLayout,0,0,0,0,0,0,0,0,0,1,0,0,0,0,0
"/Users/rar9993/repos/research/fdroid_apps/native_apps/moneywallet/app/src/main/java/com/oriondev/moneywallet/ui/view/theme/ThemedSquaredImageView.java",com.oriondev.moneywallet.ui.view.theme.ThemedSquaredImageView,0,0,0,0,0,0,0,0,0,1,0,0,0,0,0
"/Users/rar9993/repos/research/fdroid_apps/native_apps/moneywallet/app/src/main/java/com/oriondev/moneywallet/ui/view/theme/ThemedScrollView.java",com.oriondev.moneywallet.ui.view.theme.ThemedScrollView,0,0,0,0,0,0,0,0,0,0,0,0,0,0,0
"/Users/rar9993/repos/research/fdroid_apps/native_apps/moneywallet/app/src/main/java/com/oriondev/moneywallet/ui/view/theme/ThemedPinLockView.java",com.oriondev.moneywallet.ui.view.theme.ThemedPinLockView,0,0,0,0,0,0,0,0,0,1,0,0,0,0,0
"/Users/rar9993/repos/research/fdroid_apps/native_apps/moneywallet/app/src/main/java/com/oriondev/moneywallet/ui/view/theme/ThemedSeekBar.java",com.oriondev.moneywallet.ui.view.theme.ThemedSeekBar,0,0,0,0,0,0,0,0,0,0,0,0,0,0,0
"/Users/rar9993/repos/research/fdroid_apps/native_apps/moneywallet/app/src/main/java/com/oriondev/moneywallet/ui/view/theme/ThemedRadarChart.java",com.oriondev.moneywallet.ui.view.theme.ThemedRadarChart,0,0,0,0,0,0,0,0,0,0,0,0,0,0,0
"/Users/rar9993/repos/research/fdroid_apps/native_apps/moneywallet/app/src/main/java/com/oriondev/moneywallet/ui/view/theme/ThemedCardButton.java",com.oriondev.moneywallet.ui.view.theme.ThemedCardButton,0,0,0,0,0,0,0,0,0,0,0,0,0,0,0
"/Users/rar9993/repos/research/fdroid_apps/native_apps/moneywallet/app/src/main/java/com/oriondev/moneywallet/ui/view/theme/Util.java",com.oriondev.moneywallet.ui.view.theme.Util,0,0,0,0,0,0,0,0,0,0,0,0,0,0,0
"/Users/rar9993/repos/research/fdroid_apps/native_apps/moneywallet/app/src/main/java/com/oriondev/moneywallet/ui/view/theme/ThemedTabLayout.java",com.oriondev.moneywallet.ui.view.theme.ThemedTabLayout,0,0,0,0,0,0,0,0,0,1,0,0,0,1,0
"/Users/rar9993/repos/research/fdroid_apps/native_apps/moneywallet/app/src/main/java/com/oriondev/moneywallet/ui/view/theme/ThemedCategoryChildIndicator.java",com.oriondev.moneywallet.ui.view.theme.ThemedCategoryChildIndicator,0,0,0,0,0,0,0,0,0,0,0,0,0,0,0
"/Users/rar9993/repos/research/fdroid_apps/native_apps/moneywallet/app/src/main/java/com/oriondev/moneywallet/ui/view/theme/ThemedViewPager.java",com.oriondev.moneywallet.ui.view.theme.ThemedViewPager,0,0,0,0,0,0,0,0,0,0,0,0,0,0,0
"/Users/rar9993/repos/research/fdroid_apps/native_apps/moneywallet/app/src/main/java/com/oriondev/moneywallet/ui/view/theme/ThemedCoordinatorLayout.java",com.oriondev.moneywallet.ui.view.theme.ThemedCoordinatorLayout,0,0,0,0,0,0,0,0,0,1,0,0,0,0,0
"/Users/rar9993/repos/research/fdroid_apps/native_apps/moneywallet/app/src/main/java/com/oriondev/moneywallet/ui/view/theme/ThemedPatternLockView.java",com.oriondev.moneywallet.ui.view.theme.ThemedPatternLockView,0,0,0,0,0,0,0,0,0,1,0,0,0,0,0
"/Users/rar9993/repos/research/fdroid_apps/native_apps/moneywallet/app/src/main/java/com/oriondev/moneywallet/ui/view/theme/ThemedNestedScrollView.java",com.oriondev.moneywallet.ui.view.theme.ThemedNestedScrollView,0,0,0,0,0,0,0,0,0,0,0,0,0,0,0
"/Users/rar9993/repos/research/fdroid_apps/native_apps/moneywallet/app/src/main/java/com/oriondev/moneywallet/ui/view/theme/ThemedMaterialSpinner.java",com.oriondev.moneywallet.ui.view.theme.ThemedMaterialSpinner,0,0,0,0,0,0,0,0,0,1,0,0,0,0,0
"/Users/rar9993/repos/research/fdroid_apps/native_apps/moneywallet/app/src/main/java/com/oriondev/moneywallet/ui/view/theme/ThemedCardView.java",com.oriondev.moneywallet.ui.view.theme.ThemedCardView,0,0,0,0,0,0,0,0,0,0,0,0,0,0,0
"/Users/rar9993/repos/research/fdroid_apps/native_apps/moneywallet/app/src/main/java/com/oriondev/moneywallet/ui/view/theme/ThemedRelativeLayout.java",com.oriondev.moneywallet.ui.view.theme.ThemedRelativeLayout,0,0,0,0,0,0,0,0,0,1,0,0,0,0,0
"/Users/rar9993/repos/research/fdroid_apps/native_apps/moneywallet/app/src/main/java/com/oriondev/moneywallet/ui/view/theme/ThemedButton.java",com.oriondev.moneywallet.ui.view.theme.ThemedButton,0,0,0,0,0,0,0,0,0,1,0,0,0,0,0
"/Users/rar9993/repos/research/fdroid_apps/native_apps/moneywallet/app/src/main/java/com/oriondev/moneywallet/ui/view/theme/ThemedDialog.java",com.oriondev.moneywallet.ui.view.theme.ThemedDialog,0,0,0,0,0,0,0,0,0,0,0,0,0,0,0
"/Users/rar9993/repos/research/fdroid_apps/native_apps/moneywallet/app/src/main/java/com/oriondev/moneywallet/ui/view/theme/ThemedMonthView.java",com.oriondev.moneywallet.ui.view.theme.ThemedMonthView,0,0,0,0,0,0,0,0,0,1,0,0,0,0,0
"/Users/rar9993/repos/research/fdroid_apps/native_apps/moneywallet/app/src/main/java/com/oriondev/moneywallet/ui/view/theme/ThemedImageView.java",com.oriondev.moneywallet.ui.view.theme.ThemedImageView,0,0,0,0,0,0,0,0,0,1,0,0,0,0,0
"/Users/rar9993/repos/research/fdroid_apps/native_apps/moneywallet/app/src/main/java/com/oriondev/moneywallet/ui/view/theme/EdgeGlowUtil.java",com.oriondev.moneywallet.ui.view.theme.EdgeGlowUtil,0,0,0,0,0,0,0,0,0,1,0,0,0,0,0
"/Users/rar9993/repos/research/fdroid_apps/native_apps/moneywallet/app/src/main/java/com/oriondev/moneywallet/ui/view/theme/ThemedKeypadImageButton.java",com.oriondev.moneywallet.ui.view.theme.ThemedKeypadImageButton,0,0,0,0,0,0,0,0,0,1,0,0,0,0,0
"/Users/rar9993/repos/research/fdroid_apps/native_apps/moneywallet/app/src/main/java/com/oriondev/moneywallet/ui/view/theme/ThemedTimelineView.java",com.oriondev.moneywallet.ui.view.theme.ThemedTimelineView,0,0,0,0,0,0,0,0,0,0,0,0,0,0,0
"/Users/rar9993/repos/research/fdroid_apps/native_apps/moneywallet/app/src/main/java/com/oriondev/moneywallet/ui/view/theme/ThemedForegroundCardView.java",com.oriondev.moneywallet.ui.view.theme.ThemedForegroundCardView,0,0,0,0,0,0,0,0,0,0,0,0,0,0,0
"/Users/rar9993/repos/research/fdroid_apps/native_apps/moneywallet/app/src/main/java/com/oriondev/moneywallet/ui/view/theme/ThemedEditText.java",com.oriondev.moneywallet.ui.view.theme.ThemedEditText,0,0,0,0,0,0,0,0,0,1,0,0,0,0,0
"/Users/rar9993/repos/research/fdroid_apps/native_apps/moneywallet/app/src/main/java/com/oriondev/moneywallet/ui/view/theme/ThemedToolbar.java",com.oriondev.moneywallet.ui.view.theme.ThemedToolbar,0,0,0,0,0,0,0,0,0,1,0,0,0,1,1
"/Users/rar9993/repos/research/fdroid_apps/native_apps/moneywallet/app/src/main/java/com/oriondev/moneywallet/ui/view/theme/ThemedPieChart.java",com.oriondev.moneywallet.ui.view.theme.ThemedPieChart,0,0,0,0,0,0,0,0,0,0,0,0,0,0,0
"/Users/rar9993/repos/research/fdroid_apps/native_apps/moneywallet/app/src/main/java/com/oriondev/moneywallet/ui/view/theme/TintHelper.java",com.oriondev.moneywallet.ui.view.theme.TintHelper,0,0,0,0,0,0,0,0,0,0,0,0,0,0,0
"/Users/rar9993/repos/research/fdroid_apps/native_apps/moneywallet/app/src/main/java/com/oriondev/moneywallet/ui/view/theme/ThemedRadioButton.java",com.oriondev.moneywallet.ui.view.theme.ThemedRadioButton,0,0,0,0,0,0,0,0,0,0,0,0,0,0,0
"/Users/rar9993/repos/research/fdroid_apps/native_apps/moneywallet/app/src/main/java/com/oriondev/moneywallet/ui/view/theme/ThemedBarChart.java",com.oriondev.moneywallet.ui.view.theme.ThemedBarChart,0,0,0,0,0,0,0,0,0,0,0,0,0,0,0
"/Users/rar9993/repos/research/fdroid_apps/native_apps/moneywallet/app/src/main/java/com/oriondev/moneywallet/ui/view/theme/ThemedFrameLayout.java",com.oriondev.moneywallet.ui.view.theme.ThemedFrameLayout,0,0,0,0,0,0,0,0,0,1,0,0,0,0,0
"/Users/rar9993/repos/research/fdroid_apps/native_apps/moneywallet/app/src/main/java/com/oriondev/moneywallet/ui/view/theme/ThemedSwitchCompat.java",com.oriondev.moneywallet.ui.view.theme.ThemedSwitchCompat,0,0,0,0,0,0,0,0,0,0,0,0,0,0,0
"/Users/rar9993/repos/research/fdroid_apps/native_apps/moneywallet/app/src/main/java/com/oriondev/moneywallet/ui/view/theme/ThemedMaterialEditText.java",com.oriondev.moneywallet.ui.view.theme.ThemedMaterialEditText,0,0,0,0,0,0,0,0,0,1,0,0,0,0,0
"/Users/rar9993/repos/research/fdroid_apps/native_apps/moneywallet/app/src/main/java/com/oriondev/moneywallet/ui/view/theme/ThemeEngine.java",com.oriondev.moneywallet.ui.view.theme.ThemeEngine,0,0,0,0,0,0,0,0,0,1,0,0,0,1,0
"/Users/rar9993/repos/research/fdroid_apps/native_apps/moneywallet/app/src/main/java/com/oriondev/moneywallet/ui/view/theme/ThemedLineChart.java",com.oriondev.moneywallet.ui.view.theme.ThemedLineChart,0,0,0,0,0,0,0,0,0,0,0,0,0,0,0
"/Users/rar9993/repos/research/fdroid_apps/native_apps/moneywallet/app/src/main/java/com/oriondev/moneywallet/ui/view/theme/ThemedFloatingActionButton.java",com.oriondev.moneywallet.ui.view.theme.ThemedFloatingActionButton,0,0,0,0,0,0,0,0,0,0,0,0,0,0,0
"/Users/rar9993/repos/research/fdroid_apps/native_apps/moneywallet/app/src/main/java/com/oriondev/moneywallet/ui/view/theme/ThemedAppBarLayout.java",com.oriondev.moneywallet.ui.view.theme.ThemedAppBarLayout,0,0,0,0,0,0,0,0,0,1,0,0,0,0,0
"/Users/rar9993/repos/research/fdroid_apps/native_apps/moneywallet/app/src/main/java/com/oriondev/moneywallet/ui/view/theme/ThemedCheckBox.java",com.oriondev.moneywallet.ui.view.theme.ThemedCheckBox,0,0,0,0,0,0,0,0,0,0,0,0,0,0,0
"/Users/rar9993/repos/research/fdroid_apps/native_apps/moneywallet/app/src/main/java/com/oriondev/moneywallet/ui/view/theme/ITheme.java",com.oriondev.moneywallet.ui.view.theme.ITheme,0,0,0,0,0,0,0,0,0,0,0,0,0,0,0
"/Users/rar9993/repos/research/fdroid_apps/native_apps/moneywallet/app/src/main/java/com/oriondev/moneywallet/ui/view/theme/ThemedKeypadButton.java",com.oriondev.moneywallet.ui.view.theme.ThemedKeypadButton,0,0,0,0,0,0,0,0,0,1,0,0,0,0,0
"/Users/rar9993/repos/research/fdroid_apps/native_apps/moneywallet/app/src/main/java/com/oriondev/moneywallet/ui/view/theme/ThemedTextView.java",com.oriondev.moneywallet.ui.view.theme.ThemedTextView,0,0,0,0,0,0,0,0,0,1,0,0,0,0,0
"/Users/rar9993/repos/research/fdroid_apps/native_apps/moneywallet/app/src/main/java/com/oriondev/moneywallet/ui/view/theme/ThemedConstraintLayout.java",com.oriondev.moneywallet.ui.view.theme.ThemedConstraintLayout,0,0,0,0,0,0,0,0,0,1,0,0,0,0,0
"/Users/rar9993/repos/research/fdroid_apps/native_apps/moneywallet/app/src/main/java/com/oriondev/moneywallet/ui/view/theme/ThemedHorizontalScrollView.java",com.oriondev.moneywallet.ui.view.theme.ThemedHorizontalScrollView,0,0,0,0,0,0,0,0,0,0,0,0,0,0,0
"/Users/rar9993/repos/research/fdroid_apps/native_apps/moneywallet/app/src/main/java/com/oriondev/moneywallet/ui/view/theme/ThemedViewPagerIndicator.java",com.oriondev.moneywallet.ui.view.theme.ThemedViewPagerIndicator,0,0,0,0,0,0,0,0,0,0,0,0,0,0,0
"/Users/rar9993/repos/research/fdroid_apps/native_apps/moneywallet/app/src/main/java/com/oriondev/moneywallet/ui/view/theme/ThemedMaterialTextView.java",com.oriondev.moneywallet.ui.view.theme.ThemedMaterialTextView,0,0,0,0,0,0,0,0,0,0,0,0,0,0,0
"/Users/rar9993/repos/research/fdroid_apps/native_apps/moneywallet/app/src/main/java/com/oriondev/moneywallet/ui/view/theme/ThemedProgressWheel.java",com.oriondev.moneywallet.ui.view.theme.ThemedProgressWheel,0,0,0,0,0,0,0,0,0,0,0,0,0,0,0
"/Users/rar9993/repos/research/fdroid_apps/native_apps/moneywallet/app/src/main/java/com/oriondev/moneywallet/ui/view/theme/ThemedRecyclerView.java",com.oriondev.moneywallet.ui.view.theme.ThemedRecyclerView,0,0,0,0,0,0,0,0,0,0,0,0,0,0,0
"/Users/rar9993/repos/research/fdroid_apps/native_apps/moneywallet/app/src/main/java/com/oriondev/moneywallet/ui/view/theme/ThemedMaterialProgressBar.java",com.oriondev.moneywallet.ui.view.theme.ThemedMaterialProgressBar,0,0,0,0,0,0,0,0,0,0,0,0,0,0,0
"/Users/rar9993/repos/research/fdroid_apps/native_apps/moneywallet/app/src/main/java/com/oriondev/moneywallet/ui/view/text/Validator.java",com.oriondev.moneywallet.ui.view.text.Validator,0,0,0,0,0,0,0,0,0,0,0,0,0,0,0
"/Users/rar9993/repos/research/fdroid_apps/native_apps/moneywallet/app/src/main/java/com/oriondev/moneywallet/ui/view/text/Utils.java",com.oriondev.moneywallet.ui.view.text.Utils,0,0,0,0,0,0,0,0,0,0,0,0,0,0,0
"/Users/rar9993/repos/research/fdroid_apps/native_apps/moneywallet/app/src/main/java/com/oriondev/moneywallet/ui/view/text/NonEmptyTextValidator.java",com.oriondev.moneywallet.ui.view.text.NonEmptyTextValidator,0,0,0,0,0,0,0,0,0,1,0,0,0,0,0
"/Users/rar9993/repos/research/fdroid_apps/native_apps/moneywallet/app/src/main/java/com/oriondev/moneywallet/ui/view/text/MaterialTextView.java",com.oriondev.moneywallet.ui.view.text.MaterialTextView,0,0,0,0,0,0,0,0,0,1,0,0,0,0,0
"/Users/rar9993/repos/research/fdroid_apps/native_apps/moneywallet/app/src/main/java/com/oriondev/moneywallet/ui/view/text/MaterialEditText.java",com.oriondev.moneywallet.ui.view.text.MaterialEditText,0,0,0,0,0,0,0,1,0,1,0,0,0,0,0
"/Users/rar9993/repos/research/fdroid_apps/native_apps/moneywallet/app/src/main/java/com/oriondev/moneywallet/storage/database/legacy/LegacyDatabaseSchema.java",com.oriondev.moneywallet.storage.database.legacy.LegacyDatabaseSchema,0,0,0,0,0,0,0,0,0,0,0,0,0,0,0
"/Users/rar9993/repos/research/fdroid_apps/native_apps/moneywallet/app/src/main/java/com/oriondev/moneywallet/storage/database/legacy/LegacyDatabaseImporter.java",com.oriondev.moneywallet.storage.database.legacy.LegacyDatabaseImporter,1,0,0,0,0,0,0,0,0,1,0,0,0,1,0
"/Users/rar9993/repos/research/fdroid_apps/native_apps/moneywallet/app/src/main/java/com/oriondev/moneywallet/storage/database/legacy/LegacyUserPreferences.java",com.oriondev.moneywallet.storage.database.legacy.LegacyUserPreferences,0,0,0,0,0,0,0,0,0,0,0,0,0,0,0
"/Users/rar9993/repos/research/fdroid_apps/native_apps/moneywallet/app/src/main/java/com/oriondev/moneywallet/storage/database/json/JSONDatabaseImporter.java",com.oriondev.moneywallet.storage.database.json.JSONDatabaseImporter,0,0,0,0,0,0,0,0,0,0,0,0,0,0,0
"/Users/rar9993/repos/research/fdroid_apps/native_apps/moneywallet/app/src/main/java/com/oriondev/moneywallet/storage/database/json/JSONDatabase.java",com.oriondev.moneywallet.storage.database.json.JSONDatabase,0,0,0,0,0,0,0,0,0,0,0,0,0,0,0
"/Users/rar9993/repos/research/fdroid_apps/native_apps/moneywallet/app/src/main/java/com/oriondev/moneywallet/storage/database/json/JSONDataStreamReader.java",com.oriondev.moneywallet.storage.database.json.JSONDataStreamReader,0,0,0,0,0,0,0,0,0,0,0,0,0,0,0
"/Users/rar9993/repos/research/fdroid_apps/native_apps/moneywallet/app/src/main/java/com/oriondev/moneywallet/storage/database/json/JSONDataInputFactory.java",com.oriondev.moneywallet.storage.database.json.JSONDataInputFactory,0,0,0,0,0,0,0,0,0,1,0,0,0,0,0
"/Users/rar9993/repos/research/fdroid_apps/native_apps/moneywallet/app/src/main/java/com/oriondev/moneywallet/storage/database/json/JSONDataStreamWriter.java",com.oriondev.moneywallet.storage.database.json.JSONDataStreamWriter,0,0,0,0,0,0,0,0,0,0,0,0,0,1,0
"/Users/rar9993/repos/research/fdroid_apps/native_apps/moneywallet/app/src/main/java/com/oriondev/moneywallet/storage/database/json/JSONDataOutputFactory.java",com.oriondev.moneywallet.storage.database.json.JSONDataOutputFactory,0,0,0,0,1,0,0,0,0,1,0,0,0,0,0
"/Users/rar9993/repos/research/fdroid_apps/native_apps/moneywallet/app/src/main/java/com/oriondev/moneywallet/storage/database/json/JSONDatabaseExporter.java",com.oriondev.moneywallet.storage.database.json.JSONDatabaseExporter,0,0,0,0,0,0,0,0,0,0,0,0,0,0,0
"/Users/rar9993/repos/research/fdroid_apps/native_apps/moneywallet/app/src/main/java/com/oriondev/moneywallet/storage/database/model/RecurrentTransaction.java",com.oriondev.moneywallet.storage.database.model.RecurrentTransaction,0,0,0,0,0,0,0,0,0,0,0,0,0,0,0
"/Users/rar9993/repos/research/fdroid_apps/native_apps/moneywallet/app/src/main/java/com/oriondev/moneywallet/storage/database/model/Place.java",com.oriondev.moneywallet.storage.database.model.Place,0,0,0,0,0,0,0,0,0,0,0,0,0,0,0
"/Users/rar9993/repos/research/fdroid_apps/native_apps/moneywallet/app/src/main/java/com/oriondev/moneywallet/storage/database/model/RecurrentTransfer.java",com.oriondev.moneywallet.storage.database.model.RecurrentTransfer,0,0,0,0,0,0,0,0,0,0,0,0,0,0,0
"/Users/rar9993/repos/research/fdroid_apps/native_apps/moneywallet/app/src/main/java/com/oriondev/moneywallet/storage/database/model/Category.java",com.oriondev.moneywallet.storage.database.model.Category,0,0,0,0,0,0,0,0,0,0,0,0,0,0,0
"/Users/rar9993/repos/research/fdroid_apps/native_apps/moneywallet/app/src/main/java/com/oriondev/moneywallet/storage/database/model/Budget.java",com.oriondev.moneywallet.storage.database.model.Budget,0,0,0,0,0,0,0,0,0,0,0,0,0,0,0
"/Users/rar9993/repos/research/fdroid_apps/native_apps/moneywallet/app/src/main/java/com/oriondev/moneywallet/storage/database/model/BaseItem.java",com.oriondev.moneywallet.storage.database.model.BaseItem,0,0,0,0,0,0,0,0,0,0,0,0,0,0,0
"/Users/rar9993/repos/research/fdroid_apps/native_apps/moneywallet/app/src/main/java/com/oriondev/moneywallet/storage/database/model/TransferAttachment.java",com.oriondev.moneywallet.storage.database.model.TransferAttachment,0,0,0,0,0,0,0,0,0,0,0,0,0,0,0
"/Users/rar9993/repos/research/fdroid_apps/native_apps/moneywallet/app/src/main/java/com/oriondev/moneywallet/storage/database/model/Event.java",com.oriondev.moneywallet.storage.database.model.Event,0,0,0,0,0,0,0,0,0,0,0,0,0,0,0
"/Users/rar9993/repos/research/fdroid_apps/native_apps/moneywallet/app/src/main/java/com/oriondev/moneywallet/storage/database/model/EventPerson.java",com.oriondev.moneywallet.storage.database.model.EventPerson,0,0,0,0,0,0,0,0,0,0,0,0,0,0,0
"/Users/rar9993/repos/research/fdroid_apps/native_apps/moneywallet/app/src/main/java/com/oriondev/moneywallet/storage/database/model/Person.java",com.oriondev.moneywallet.storage.database.model.Person,0,0,0,0,0,0,0,0,0,0,0,0,0,0,0
"/Users/rar9993/repos/research/fdroid_apps/native_apps/moneywallet/app/src/main/java/com/oriondev/moneywallet/storage/database/model/TransactionAttachment.java",com.oriondev.moneywallet.storage.database.model.TransactionAttachment,0,0,0,0,0,0,0,0,0,0,0,0,0,0,0
"/Users/rar9993/repos/research/fdroid_apps/native_apps/moneywallet/app/src/main/java/com/oriondev/moneywallet/storage/database/model/Saving.java",com.oriondev.moneywallet.storage.database.model.Saving,0,0,0,0,0,0,0,0,0,0,0,0,0,0,0
"/Users/rar9993/repos/research/fdroid_apps/native_apps/moneywallet/app/src/main/java/com/oriondev/moneywallet/storage/database/model/Wallet.java",com.oriondev.moneywallet.storage.database.model.Wallet,0,0,0,0,0,0,0,0,0,0,0,0,0,0,0
"/Users/rar9993/repos/research/fdroid_apps/native_apps/moneywallet/app/src/main/java/com/oriondev/moneywallet/storage/database/model/Currency.java",com.oriondev.moneywallet.storage.database.model.Currency,0,0,0,0,0,0,0,0,0,0,0,0,0,0,0
"/Users/rar9993/repos/research/fdroid_apps/native_apps/moneywallet/app/src/main/java/com/oriondev/moneywallet/storage/database/model/TransactionPerson.java",com.oriondev.moneywallet.storage.database.model.TransactionPerson,0,0,0,0,0,0,0,0,0,0,0,0,0,0,0
"/Users/rar9993/repos/research/fdroid_apps/native_apps/moneywallet/app/src/main/java/com/oriondev/moneywallet/storage/database/model/BudgetWallet.java",com.oriondev.moneywallet.storage.database.model.BudgetWallet,0,0,0,0,0,0,0,0,0,0,0,0,0,0,0
"/Users/rar9993/repos/research/fdroid_apps/native_apps/moneywallet/app/src/main/java/com/oriondev/moneywallet/storage/database/model/Debt.java",com.oriondev.moneywallet.storage.database.model.Debt,0,0,0,0,0,0,0,0,0,0,0,0,0,0,0
"/Users/rar9993/repos/research/fdroid_apps/native_apps/moneywallet/app/src/main/java/com/oriondev/moneywallet/storage/database/model/DebtPerson.java",com.oriondev.moneywallet.storage.database.model.DebtPerson,0,0,0,0,0,0,0,0,0,0,0,0,0,0,0
"/Users/rar9993/repos/research/fdroid_apps/native_apps/moneywallet/app/src/main/java/com/oriondev/moneywallet/storage/database/model/Transfer.java",com.oriondev.moneywallet.storage.database.model.Transfer,0,0,0,0,0,0,0,0,0,0,0,0,0,0,0
"/Users/rar9993/repos/research/fdroid_apps/native_apps/moneywallet/app/src/main/java/com/oriondev/moneywallet/storage/database/model/Attachment.java",com.oriondev.moneywallet.storage.database.model.Attachment,0,0,0,0,0,0,0,0,0,0,0,0,0,0,0
"/Users/rar9993/repos/research/fdroid_apps/native_apps/moneywallet/app/src/main/java/com/oriondev/moneywallet/storage/database/model/TransferModel.java",com.oriondev.moneywallet.storage.database.model.TransferModel,0,0,0,0,0,0,0,0,0,0,0,0,0,0,0
"/Users/rar9993/repos/research/fdroid_apps/native_apps/moneywallet/app/src/main/java/com/oriondev/moneywallet/storage/database/model/TransactionModel.java",com.oriondev.moneywallet.storage.database.model.TransactionModel,0,0,0,0,0,0,0,0,0,0,0,0,0,0,0
"/Users/rar9993/repos/research/fdroid_apps/native_apps/moneywallet/app/src/main/java/com/oriondev/moneywallet/storage/database/model/TransferPerson.java",com.oriondev.moneywallet.storage.database.model.TransferPerson,0,0,0,0,0,0,0,0,0,0,0,0,0,0,0
"/Users/rar9993/repos/research/fdroid_apps/native_apps/moneywallet/app/src/main/java/com/oriondev/moneywallet/storage/database/model/Transaction.java",com.oriondev.moneywallet.storage.database.model.Transaction,0,0,0,0,0,0,0,0,0,0,0,0,0,0,0
"/Users/rar9993/repos/research/fdroid_apps/native_apps/moneywallet/app/src/main/java/com/oriondev/moneywallet/storage/database/backup/BackupManager.java",com.oriondev.moneywallet.storage.database.backup.BackupManager,0,0,0,0,0,0,0,0,0,0,0,0,0,0,0
"/Users/rar9993/repos/research/fdroid_apps/native_apps/moneywallet/app/src/main/java/com/oriondev/moneywallet/storage/database/backup/DefaultBackupExporter.java",com.oriondev.moneywallet.storage.database.backup.DefaultBackupExporter,0,0,0,0,0,0,0,0,0,1,0,0,0,0,0
"/Users/rar9993/repos/research/fdroid_apps/native_apps/moneywallet/app/src/main/java/com/oriondev/moneywallet/storage/database/backup/AbstractBackupExporter.java",com.oriondev.moneywallet.storage.database.backup.AbstractBackupExporter,1,0,0,0,0,0,0,0,0,1,0,0,0,0,0
"/Users/rar9993/repos/research/fdroid_apps/native_apps/moneywallet/app/src/main/java/com/oriondev/moneywallet/storage/database/backup/DefaultBackupImporter.java",com.oriondev.moneywallet.storage.database.backup.DefaultBackupImporter,0,0,0,0,0,0,0,0,0,0,0,0,0,0,0
"/Users/rar9993/repos/research/fdroid_apps/native_apps/moneywallet/app/src/main/java/com/oriondev/moneywallet/storage/database/backup/LegacyBackupImporter.java",com.oriondev.moneywallet.storage.database.backup.LegacyBackupImporter,0,0,0,0,0,0,0,0,0,1,0,0,0,0,0
"/Users/rar9993/repos/research/fdroid_apps/native_apps/moneywallet/app/src/main/java/com/oriondev/moneywallet/storage/database/backup/AbstractBackupImporter.java",com.oriondev.moneywallet.storage.database.backup.AbstractBackupImporter,1,0,0,0,0,0,0,0,0,1,0,0,0,0,0
"/Users/rar9993/repos/research/fdroid_apps/native_apps/moneywallet/app/src/main/java/com/oriondev/moneywallet/storage/database/data/xls/XLSDataExporter.java",com.oriondev.moneywallet.storage.database.data.xls.XLSDataExporter,1,0,0,0,0,0,0,0,0,1,0,0,0,1,0
"/Users/rar9993/repos/research/fdroid_apps/native_apps/moneywallet/app/src/main/java/com/oriondev/moneywallet/storage/database/data/xls/Constants.java",com.oriondev.moneywallet.storage.database.data.xls.Constants,0,0,0,0,0,0,0,0,0,0,0,0,0,0,0
"/Users/rar9993/repos/research/fdroid_apps/native_apps/moneywallet/app/src/main/java/com/oriondev/moneywallet/storage/database/data/AbstractDataImporter.java",com.oriondev.moneywallet.storage.database.data.AbstractDataImporter,1,0,0,0,0,0,0,0,0,1,0,0,0,1,0
"/Users/rar9993/repos/research/fdroid_apps/native_apps/moneywallet/app/src/main/java/com/oriondev/moneywallet/storage/database/data/AbstractDataExporter.java",com.oriondev.moneywallet.storage.database.data.AbstractDataExporter,1,0,0,0,0,0,0,0,0,1,0,0,0,0,0
"/Users/rar9993/repos/research/fdroid_apps/native_apps/moneywallet/app/src/main/java/com/oriondev/moneywallet/storage/database/data/pdf/PDFDataExporter.java",com.oriondev.moneywallet.storage.database.data.pdf.PDFDataExporter,1,0,0,0,0,0,0,0,0,1,0,0,0,1,0
"/Users/rar9993/repos/research/fdroid_apps/native_apps/moneywallet/app/src/main/java/com/oriondev/moneywallet/storage/database/data/pdf/Constants.java",com.oriondev.moneywallet.storage.database.data.pdf.Constants,0,0,0,0,0,0,0,0,0,0,0,0,0,0,0
"/Users/rar9993/repos/research/fdroid_apps/native_apps/moneywallet/app/src/main/java/com/oriondev/moneywallet/storage/database/data/csv/CSVDataExporter.java",com.oriondev.moneywallet.storage.database.data.csv.CSVDataExporter,1,0,0,0,0,0,0,0,0,1,0,0,0,1,0
"/Users/rar9993/repos/research/fdroid_apps/native_apps/moneywallet/app/src/main/java/com/oriondev/moneywallet/storage/database/data/csv/CSVDataImporter.java",com.oriondev.moneywallet.storage.database.data.csv.CSVDataImporter,1,0,0,0,0,0,0,0,0,1,0,0,0,0,0
"/Users/rar9993/repos/research/fdroid_apps/native_apps/moneywallet/app/src/main/java/com/oriondev/moneywallet/storage/database/data/csv/Constants.java",com.oriondev.moneywallet.storage.database.data.csv.Constants,0,0,0,0,0,0,0,0,0,0,0,0,0,0,0
"/Users/rar9993/repos/research/fdroid_apps/native_apps/moneywallet/app/src/main/java/com/oriondev/moneywallet/storage/cache/TypefaceCache.java",com.oriondev.moneywallet.storage.cache.TypefaceCache,0,0,0,0,0,0,0,0,0,0,0,0,0,0,0
"/Users/rar9993/repos/research/fdroid_apps/native_apps/moneywallet/app/src/main/java/com/oriondev/moneywallet/storage/cache/ExchangeRateCache.java",com.oriondev.moneywallet.storage.cache.ExchangeRateCache,0,0,0,0,0,0,0,1,0,0,0,0,0,0,0
"/Users/rar9993/repos/research/fdroid_apps/native_apps/moneywallet/app/src/main/java/com/oriondev/moneywallet/storage/cache/SQLCache.java",com.oriondev.moneywallet.storage.cache.SQLCache,0,0,0,0,0,0,0,0,0,1,0,0,0,0,1
"/Users/rar9993/repos/research/fdroid_apps/native_apps/moneywallet/app/src/main/java/com/oriondev/moneywallet/storage/wrapper/AbstractHeaderCursor.java",com.oriondev.moneywallet.storage.wrapper.AbstractHeaderCursor,0,0,0,0,0,0,0,0,0,1,0,0,0,1,0
"/Users/rar9993/repos/research/fdroid_apps/native_apps/moneywallet/app/src/main/java/com/oriondev/moneywallet/storage/wrapper/DateRangeHeader.java",com.oriondev.moneywallet.storage.wrapper.DateRangeHeader,0,0,0,0,0,0,0,0,0,0,0,0,0,0,0
"/Users/rar9993/repos/research/fdroid_apps/native_apps/moneywallet/app/src/main/java/com/oriondev/moneywallet/storage/wrapper/TransferHeaderCursor.java",com.oriondev.moneywallet.storage.wrapper.TransferHeaderCursor,0,0,0,0,0,0,0,0,0,1,0,0,0,0,1
"/Users/rar9993/repos/research/fdroid_apps/native_apps/moneywallet/app/src/main/java/com/oriondev/moneywallet/storage/wrapper/DebtHeaderCursor.java",com.oriondev.moneywallet.storage.wrapper.DebtHeaderCursor,0,0,0,0,0,0,0,1,0,1,0,0,0,0,1
"/Users/rar9993/repos/research/fdroid_apps/native_apps/moneywallet/app/src/main/java/com/oriondev/moneywallet/storage/wrapper/TransactionHeaderCursor.java",com.oriondev.moneywallet.storage.wrapper.TransactionHeaderCursor,0,0,0,0,0,0,0,0,0,1,0,0,0,0,1
"/Users/rar9993/repos/research/fdroid_apps/native_apps/moneywallet/app/src/main/java/com/oriondev/moneywallet/storage/preference/PreferenceManager.java",com.oriondev.moneywallet.storage.preference.PreferenceManager,0,0,0,0,0,0,0,0,0,1,0,0,0,0,0
"/Users/rar9993/repos/research/fdroid_apps/native_apps/moneywallet/app/src/main/java/com/oriondev/moneywallet/storage/preference/CurrentWalletController.java",com.oriondev.moneywallet.storage.preference.CurrentWalletController,0,0,0,0,0,0,0,0,0,0,0,0,0,0,0
"/Users/rar9993/repos/research/fdroid_apps/native_apps/moneywallet/app/src/main/java/com/oriondev/moneywallet/storage/preference/BackendManager.java",com.oriondev.moneywallet.storage.preference.BackendManager,0,0,0,0,0,0,0,0,0,0,0,0,0,0,0
"/Users/rar9993/repos/research/fdroid_apps/native_apps/moneywallet/app/src/main/java/com/oriondev/moneywallet/api/saf/SAFBackendServiceAPI.java",com.oriondev.moneywallet.api.saf.SAFBackendServiceAPI,1,0,0,0,0,0,0,0,0,1,0,0,0,0,0
"/Users/rar9993/repos/research/fdroid_apps/native_apps/moneywallet/app/src/main/java/com/oriondev/moneywallet/api/saf/SAFBackendService.java",com.oriondev.moneywallet.api.saf.SAFBackendService,0,0,0,0,0,0,0,0,0,1,0,0,0,0,0
"/Users/rar9993/repos/research/fdroid_apps/native_apps/moneywallet/app/src/main/java/com/oriondev/moneywallet/api/disk/DiskBackendServiceAPI.java",com.oriondev.moneywallet.api.disk.DiskBackendServiceAPI,1,0,0,0,0,0,0,0,0,0,0,0,0,0,0
"/Users/rar9993/repos/research/fdroid_apps/native_apps/moneywallet/app/src/main/java/com/oriondev/moneywallet/api/disk/DiskBackendService.java",com.oriondev.moneywallet.api.disk.DiskBackendService,0,0,0,0,0,0,0,0,0,0,0,0,0,0,0
"/Users/rar9993/repos/research/fdroid_apps/native_apps/moneywallet/app/src/main/java/com/oriondev/moneywallet/service/UpgradeLegacyEditionIntentService.java",com.oriondev.moneywallet.service.UpgradeLegacyEditionIntentService,0,0,0,0,0,0,0,0,0,1,1,0,0,0,0
"/Users/rar9993/repos/research/fdroid_apps/native_apps/moneywallet/app/src/main/java/com/oriondev/moneywallet/service/BackendHandlerIntentService.java",com.oriondev.moneywallet.service.BackendHandlerIntentService,1,0,0,0,0,0,0,0,0,1,1,0,0,0,0
"/Users/rar9993/repos/research/fdroid_apps/native_apps/moneywallet/app/src/main/java/com/oriondev/moneywallet/service/RecurrenceHandlerIntentService.java",com.oriondev.moneywallet.service.RecurrenceHandlerIntentService,0,0,0,0,0,0,0,0,0,1,0,0,0,0,0
"/Users/rar9993/repos/research/fdroid_apps/native_apps/moneywallet/app/src/main/java/com/oriondev/moneywallet/service/ImportExportIntentService.java",com.oriondev.moneywallet.service.ImportExportIntentService,1,0,0,0,0,0,0,0,0,1,1,0,0,1,0
"/Users/rar9993/repos/research/fdroid_apps/native_apps/moneywallet/app/src/main/java/com/oriondev/moneywallet/service/BackupHandlerIntentService.java",com.oriondev.moneywallet.service.BackupHandlerIntentService,0,0,0,0,0,0,0,1,0,1,1,0,0,0,0
"/Users/rar9993/repos/research/fdroid_apps/native_apps/moneywallet/app/src/main/java/com/oriondev/moneywallet/service/AttachmentHandlerIntentService.java",com.oriondev.moneywallet.service.AttachmentHandlerIntentService,1,0,0,0,0,0,0,0,0,1,1,0,0,0,0
"/Users/rar9993/repos/research/fdroid_apps/native_apps/moneywallet/app/src/main/java/com/oriondev/moneywallet/service/AbstractCurrencyRateDownloadIntentService.java",com.oriondev.moneywallet.service.AbstractCurrencyRateDownloadIntentService,0,0,0,0,0,0,0,1,0,1,1,0,0,0,0
"/Users/rar9993/repos/research/fdroid_apps/native_apps/moneywallet/app/src/main/java/com/oriondev/moneywallet/service/openexchangerates/OpenExchangeRatesCurrencyRateDownloadIntentService.java",com.oriondev.moneywallet.service.openexchangerates.OpenExchangeRatesCurrencyRateDownloadIntentService,0,0,0,0,0,0,0,0,0,1,0,0,0,0,0
"/Users/rar9993/repos/research/fdroid_apps/native_apps/moneywallet/app/src/main/java/com/oriondev/moneywallet/broadcast/RecurrenceBroadcastReceiver.java",com.oriondev.moneywallet.broadcast.RecurrenceBroadcastReceiver,0,0,0,0,0,0,0,0,0,0,0,0,0,0,0
"/Users/rar9993/repos/research/fdroid_apps/native_apps/moneywallet/app/src/main/java/com/oriondev/moneywallet/broadcast/Message.java",com.oriondev.moneywallet.broadcast.Message,0,0,0,0,0,0,0,0,0,0,0,0,0,0,0
"/Users/rar9993/repos/research/fdroid_apps/native_apps/moneywallet/app/src/main/java/com/oriondev/moneywallet/broadcast/AutoBackupBroadcastReceiver.java",com.oriondev.moneywallet.broadcast.AutoBackupBroadcastReceiver,1,0,0,0,0,0,0,0,0,1,0,0,0,0,0
"/Users/rar9993/repos/research/fdroid_apps/native_apps/moneywallet/app/src/main/java/com/oriondev/moneywallet/broadcast/DailyBroadcastReceiver.java",com.oriondev.moneywallet.broadcast.DailyBroadcastReceiver,0,0,0,0,0,0,0,0,0,0,0,0,0,0,0
"/Users/rar9993/repos/research/fdroid_apps/native_apps/moneywallet/app/src/main/java/com/oriondev/moneywallet/broadcast/NotificationBroadcastReceiver.java",com.oriondev.moneywallet.broadcast.NotificationBroadcastReceiver,0,0,0,0,0,0,0,0,0,1,0,0,0,0,0
"/Users/rar9993/repos/research/fdroid_apps/native_apps/moneywallet/app/src/main/java/com/oriondev/moneywallet/broadcast/BootBroadcastReceiver.java",com.oriondev.moneywallet.broadcast.BootBroadcastReceiver,0,0,0,0,0,0,0,0,0,0,0,0,0,0,0
"/Users/rar9993/repos/research/fdroid_apps/native_apps/moneywallet/app/src/main/java/com/oriondev/moneywallet/broadcast/LocalAction.java",com.oriondev.moneywallet.broadcast.LocalAction,0,0,0,0,0,0,0,0,0,0,0,0,0,0,0
