Issue;Tool;Project;File;Location
DataTransmissionWithoutCompression;aDoctor;/Users/rar9993/repos/research/fdroid_apps/native_apps/PhotoPhase/NONE_TRANSFORMED_;/Users/rar9993/repos/research/fdroid_apps/native_apps/PhotoPhase/app/src/main/java/com/ruesga/android/wallpapers/photophase/MediaPictureDiscoverer.java;file:/Users/rar9993/repos/research/fdroid_apps/native_apps/PhotoPhase/app/src/main/java/com/ruesga/android/wallpapers/photophase/MediaPictureDiscoverer.java|class:com.ruesga.android.wallpapers.photophase.MediaPictureDiscoverer
LeakingInnerClass;aDoctor;/Users/rar9993/repos/research/fdroid_apps/native_apps/PhotoPhase/NONE_TRANSFORMED_;/Users/rar9993/repos/research/fdroid_apps/native_apps/PhotoPhase/app/src/main/java/com/ruesga/android/wallpapers/photophase/MediaPictureDiscoverer.java;file:/Users/rar9993/repos/research/fdroid_apps/native_apps/PhotoPhase/app/src/main/java/com/ruesga/android/wallpapers/photophase/MediaPictureDiscoverer.java|class:com.ruesga.android.wallpapers.photophase.MediaPictureDiscoverer
SlowForLoop;aDoctor;/Users/rar9993/repos/research/fdroid_apps/native_apps/PhotoPhase/NONE_TRANSFORMED_;/Users/rar9993/repos/research/fdroid_apps/native_apps/PhotoPhase/app/src/main/java/com/ruesga/android/wallpapers/photophase/MediaPictureDiscoverer.java;file:/Users/rar9993/repos/research/fdroid_apps/native_apps/PhotoPhase/app/src/main/java/com/ruesga/android/wallpapers/photophase/MediaPictureDiscoverer.java|class:com.ruesga.android.wallpapers.photophase.MediaPictureDiscoverer
MemberIgnoringMethod;aDoctor;/Users/rar9993/repos/research/fdroid_apps/native_apps/PhotoPhase/NONE_TRANSFORMED_;/Users/rar9993/repos/research/fdroid_apps/native_apps/PhotoPhase/app/src/main/java/com/ruesga/android/wallpapers/photophase/PhotoPhaseApplication.java;file:/Users/rar9993/repos/research/fdroid_apps/native_apps/PhotoPhase/app/src/main/java/com/ruesga/android/wallpapers/photophase/PhotoPhaseApplication.java|class:com.ruesga.android.wallpapers.photophase.PhotoPhaseApplication
NoLowMemoryResolver;aDoctor;/Users/rar9993/repos/research/fdroid_apps/native_apps/PhotoPhase/NONE_TRANSFORMED_;/Users/rar9993/repos/research/fdroid_apps/native_apps/PhotoPhase/app/src/main/java/com/ruesga/android/wallpapers/photophase/PhotoPhaseApplication.java;file:/Users/rar9993/repos/research/fdroid_apps/native_apps/PhotoPhase/app/src/main/java/com/ruesga/android/wallpapers/photophase/PhotoPhaseApplication.java|class:com.ruesga.android.wallpapers.photophase.PhotoPhaseApplication
LeakingInnerClass;aDoctor;/Users/rar9993/repos/research/fdroid_apps/native_apps/PhotoPhase/NONE_TRANSFORMED_;/Users/rar9993/repos/research/fdroid_apps/native_apps/PhotoPhase/app/src/main/java/com/ruesga/android/wallpapers/photophase/EGLWallpaperService.java;file:/Users/rar9993/repos/research/fdroid_apps/native_apps/PhotoPhase/app/src/main/java/com/ruesga/android/wallpapers/photophase/EGLWallpaperService.java|class:com.ruesga.android.wallpapers.photophase.EGLWallpaperService
NoLowMemoryResolver;aDoctor;/Users/rar9993/repos/research/fdroid_apps/native_apps/PhotoPhase/NONE_TRANSFORMED_;/Users/rar9993/repos/research/fdroid_apps/native_apps/PhotoPhase/app/src/main/java/com/ruesga/android/wallpapers/photophase/EGLWallpaperService.java;file:/Users/rar9993/repos/research/fdroid_apps/native_apps/PhotoPhase/app/src/main/java/com/ruesga/android/wallpapers/photophase/EGLWallpaperService.java|class:com.ruesga.android.wallpapers.photophase.EGLWallpaperService
LeakingInnerClass;aDoctor;/Users/rar9993/repos/research/fdroid_apps/native_apps/PhotoPhase/NONE_TRANSFORMED_;/Users/rar9993/repos/research/fdroid_apps/native_apps/PhotoPhase/app/src/main/java/com/ruesga/android/wallpapers/photophase/PhotoPhaseWallpaper.java;file:/Users/rar9993/repos/research/fdroid_apps/native_apps/PhotoPhase/app/src/main/java/com/ruesga/android/wallpapers/photophase/PhotoPhaseWallpaper.java|class:com.ruesga.android.wallpapers.photophase.PhotoPhaseWallpaper
LeakingThread;aDoctor;/Users/rar9993/repos/research/fdroid_apps/native_apps/PhotoPhase/NONE_TRANSFORMED_;/Users/rar9993/repos/research/fdroid_apps/native_apps/PhotoPhase/app/src/main/java/com/ruesga/android/wallpapers/photophase/PhotoPhaseWallpaper.java;file:/Users/rar9993/repos/research/fdroid_apps/native_apps/PhotoPhase/app/src/main/java/com/ruesga/android/wallpapers/photophase/PhotoPhaseWallpaper.java|class:com.ruesga.android.wallpapers.photophase.PhotoPhaseWallpaper
MemberIgnoringMethod;aDoctor;/Users/rar9993/repos/research/fdroid_apps/native_apps/PhotoPhase/NONE_TRANSFORMED_;/Users/rar9993/repos/research/fdroid_apps/native_apps/PhotoPhase/app/src/main/java/com/ruesga/android/wallpapers/photophase/PhotoPhaseWallpaper.java;file:/Users/rar9993/repos/research/fdroid_apps/native_apps/PhotoPhase/app/src/main/java/com/ruesga/android/wallpapers/photophase/PhotoPhaseWallpaper.java|class:com.ruesga.android.wallpapers.photophase.PhotoPhaseWallpaper
MemberIgnoringMethod;aDoctor;/Users/rar9993/repos/research/fdroid_apps/native_apps/PhotoPhase/NONE_TRANSFORMED_;/Users/rar9993/repos/research/fdroid_apps/native_apps/PhotoPhase/app/src/main/java/com/ruesga/android/wallpapers/photophase/PhotoFrame.java;file:/Users/rar9993/repos/research/fdroid_apps/native_apps/PhotoPhase/app/src/main/java/com/ruesga/android/wallpapers/photophase/PhotoFrame.java|class:com.ruesga.android.wallpapers.photophase.PhotoFrame
DataTransmissionWithoutCompression;aDoctor;/Users/rar9993/repos/research/fdroid_apps/native_apps/PhotoPhase/NONE_TRANSFORMED_;/Users/rar9993/repos/research/fdroid_apps/native_apps/PhotoPhase/app/src/main/java/com/ruesga/android/wallpapers/photophase/PhotoPhaseRenderer.java;file:/Users/rar9993/repos/research/fdroid_apps/native_apps/PhotoPhase/app/src/main/java/com/ruesga/android/wallpapers/photophase/PhotoPhaseRenderer.java|class:com.ruesga.android.wallpapers.photophase.PhotoPhaseRenderer
LeakingThread;aDoctor;/Users/rar9993/repos/research/fdroid_apps/native_apps/PhotoPhase/NONE_TRANSFORMED_;/Users/rar9993/repos/research/fdroid_apps/native_apps/PhotoPhase/app/src/main/java/com/ruesga/android/wallpapers/photophase/PhotoPhaseRenderer.java;file:/Users/rar9993/repos/research/fdroid_apps/native_apps/PhotoPhase/app/src/main/java/com/ruesga/android/wallpapers/photophase/PhotoPhaseRenderer.java|class:com.ruesga.android.wallpapers.photophase.PhotoPhaseRenderer
MemberIgnoringMethod;aDoctor;/Users/rar9993/repos/research/fdroid_apps/native_apps/PhotoPhase/NONE_TRANSFORMED_;/Users/rar9993/repos/research/fdroid_apps/native_apps/PhotoPhase/app/src/main/java/com/ruesga/android/wallpapers/photophase/PhotoPhaseRenderer.java;file:/Users/rar9993/repos/research/fdroid_apps/native_apps/PhotoPhase/app/src/main/java/com/ruesga/android/wallpapers/photophase/PhotoPhaseRenderer.java|class:com.ruesga.android.wallpapers.photophase.PhotoPhaseRenderer
LeakingInnerClass;aDoctor;/Users/rar9993/repos/research/fdroid_apps/native_apps/PhotoPhase/NONE_TRANSFORMED_;/Users/rar9993/repos/research/fdroid_apps/native_apps/PhotoPhase/app/src/main/java/com/ruesga/android/wallpapers/photophase/GLES20WallpaperService.java;file:/Users/rar9993/repos/research/fdroid_apps/native_apps/PhotoPhase/app/src/main/java/com/ruesga/android/wallpapers/photophase/GLES20WallpaperService.java|class:com.ruesga.android.wallpapers.photophase.GLES20WallpaperService
DataTransmissionWithoutCompression;aDoctor;/Users/rar9993/repos/research/fdroid_apps/native_apps/PhotoPhase/NONE_TRANSFORMED_;/Users/rar9993/repos/research/fdroid_apps/native_apps/PhotoPhase/app/src/main/java/com/ruesga/android/wallpapers/photophase/PhotoViewerActivity.java;file:/Users/rar9993/repos/research/fdroid_apps/native_apps/PhotoPhase/app/src/main/java/com/ruesga/android/wallpapers/photophase/PhotoViewerActivity.java|class:com.ruesga.android.wallpapers.photophase.PhotoViewerActivity
MemberIgnoringMethod;aDoctor;/Users/rar9993/repos/research/fdroid_apps/native_apps/PhotoPhase/NONE_TRANSFORMED_;/Users/rar9993/repos/research/fdroid_apps/native_apps/PhotoPhase/app/src/main/java/com/ruesga/android/wallpapers/photophase/PhotoViewerActivity.java;file:/Users/rar9993/repos/research/fdroid_apps/native_apps/PhotoPhase/app/src/main/java/com/ruesga/android/wallpapers/photophase/PhotoViewerActivity.java|class:com.ruesga.android.wallpapers.photophase.PhotoViewerActivity
NoLowMemoryResolver;aDoctor;/Users/rar9993/repos/research/fdroid_apps/native_apps/PhotoPhase/NONE_TRANSFORMED_;/Users/rar9993/repos/research/fdroid_apps/native_apps/PhotoPhase/app/src/main/java/com/ruesga/android/wallpapers/photophase/PhotoViewerActivity.java;file:/Users/rar9993/repos/research/fdroid_apps/native_apps/PhotoPhase/app/src/main/java/com/ruesga/android/wallpapers/photophase/PhotoViewerActivity.java|class:com.ruesga.android.wallpapers.photophase.PhotoViewerActivity
SlowForLoop;aDoctor;/Users/rar9993/repos/research/fdroid_apps/native_apps/PhotoPhase/NONE_TRANSFORMED_;/Users/rar9993/repos/research/fdroid_apps/native_apps/PhotoPhase/app/src/main/java/com/ruesga/android/wallpapers/photophase/PhotoViewerActivity.java;file:/Users/rar9993/repos/research/fdroid_apps/native_apps/PhotoPhase/app/src/main/java/com/ruesga/android/wallpapers/photophase/PhotoViewerActivity.java|class:com.ruesga.android.wallpapers.photophase.PhotoViewerActivity
SlowForLoop;aDoctor;/Users/rar9993/repos/research/fdroid_apps/native_apps/PhotoPhase/NONE_TRANSFORMED_;/Users/rar9993/repos/research/fdroid_apps/native_apps/PhotoPhase/app/src/main/java/com/ruesga/android/wallpapers/photophase/PhotoPhaseWallpaperWorld.java;file:/Users/rar9993/repos/research/fdroid_apps/native_apps/PhotoPhase/app/src/main/java/com/ruesga/android/wallpapers/photophase/PhotoPhaseWallpaperWorld.java|class:com.ruesga.android.wallpapers.photophase.PhotoPhaseWallpaperWorld
MemberIgnoringMethod;aDoctor;/Users/rar9993/repos/research/fdroid_apps/native_apps/PhotoPhase/NONE_TRANSFORMED_;/Users/rar9993/repos/research/fdroid_apps/native_apps/PhotoPhase/app/src/main/java/com/ruesga/android/wallpapers/photophase/AndroidHelper.java;file:/Users/rar9993/repos/research/fdroid_apps/native_apps/PhotoPhase/app/src/main/java/com/ruesga/android/wallpapers/photophase/AndroidHelper.java|class:com.ruesga.android.wallpapers.photophase.AndroidHelper
SlowForLoop;aDoctor;/Users/rar9993/repos/research/fdroid_apps/native_apps/PhotoPhase/NONE_TRANSFORMED_;/Users/rar9993/repos/research/fdroid_apps/native_apps/PhotoPhase/app/src/main/java/com/ruesga/android/wallpapers/photophase/AndroidHelper.java;file:/Users/rar9993/repos/research/fdroid_apps/native_apps/PhotoPhase/app/src/main/java/com/ruesga/android/wallpapers/photophase/AndroidHelper.java|class:com.ruesga.android.wallpapers.photophase.AndroidHelper
LeakingInnerClass;aDoctor;/Users/rar9993/repos/research/fdroid_apps/native_apps/PhotoPhase/NONE_TRANSFORMED_;/Users/rar9993/repos/research/fdroid_apps/native_apps/PhotoPhase/app/src/main/java/com/ruesga/android/wallpapers/photophase/GLESWallpaperService.java;file:/Users/rar9993/repos/research/fdroid_apps/native_apps/PhotoPhase/app/src/main/java/com/ruesga/android/wallpapers/photophase/GLESWallpaperService.java|class:com.ruesga.android.wallpapers.photophase.GLESWallpaperService
LeakingThread;aDoctor;/Users/rar9993/repos/research/fdroid_apps/native_apps/PhotoPhase/NONE_TRANSFORMED_;/Users/rar9993/repos/research/fdroid_apps/native_apps/PhotoPhase/app/src/main/java/com/ruesga/android/wallpapers/photophase/GLESWallpaperService.java;file:/Users/rar9993/repos/research/fdroid_apps/native_apps/PhotoPhase/app/src/main/java/com/ruesga/android/wallpapers/photophase/GLESWallpaperService.java|class:com.ruesga.android.wallpapers.photophase.GLESWallpaperService
DataTransmissionWithoutCompression;aDoctor;/Users/rar9993/repos/research/fdroid_apps/native_apps/PhotoPhase/NONE_TRANSFORMED_;/Users/rar9993/repos/research/fdroid_apps/native_apps/PhotoPhase/app/src/main/java/com/ruesga/android/wallpapers/photophase/textures/PhotoPhaseTextureManager.java;file:/Users/rar9993/repos/research/fdroid_apps/native_apps/PhotoPhase/app/src/main/java/com/ruesga/android/wallpapers/photophase/textures/PhotoPhaseTextureManager.java|class:com.ruesga.android.wallpapers.photophase.textures.PhotoPhaseTextureManager
LeakingInnerClass;aDoctor;/Users/rar9993/repos/research/fdroid_apps/native_apps/PhotoPhase/NONE_TRANSFORMED_;/Users/rar9993/repos/research/fdroid_apps/native_apps/PhotoPhase/app/src/main/java/com/ruesga/android/wallpapers/photophase/textures/PhotoPhaseTextureManager.java;file:/Users/rar9993/repos/research/fdroid_apps/native_apps/PhotoPhase/app/src/main/java/com/ruesga/android/wallpapers/photophase/textures/PhotoPhaseTextureManager.java|class:com.ruesga.android.wallpapers.photophase.textures.PhotoPhaseTextureManager
LeakingThread;aDoctor;/Users/rar9993/repos/research/fdroid_apps/native_apps/PhotoPhase/NONE_TRANSFORMED_;/Users/rar9993/repos/research/fdroid_apps/native_apps/PhotoPhase/app/src/main/java/com/ruesga/android/wallpapers/photophase/textures/PhotoPhaseTextureManager.java;file:/Users/rar9993/repos/research/fdroid_apps/native_apps/PhotoPhase/app/src/main/java/com/ruesga/android/wallpapers/photophase/textures/PhotoPhaseTextureManager.java|class:com.ruesga.android.wallpapers.photophase.textures.PhotoPhaseTextureManager
SlowForLoop;aDoctor;/Users/rar9993/repos/research/fdroid_apps/native_apps/PhotoPhase/NONE_TRANSFORMED_;/Users/rar9993/repos/research/fdroid_apps/native_apps/PhotoPhase/app/src/main/java/com/ruesga/android/wallpapers/photophase/textures/PhotoPhaseTextureManager.java;file:/Users/rar9993/repos/research/fdroid_apps/native_apps/PhotoPhase/app/src/main/java/com/ruesga/android/wallpapers/photophase/textures/PhotoPhaseTextureManager.java|class:com.ruesga.android.wallpapers.photophase.textures.PhotoPhaseTextureManager
MemberIgnoringMethod;aDoctor;/Users/rar9993/repos/research/fdroid_apps/native_apps/PhotoPhase/NONE_TRANSFORMED_;/Users/rar9993/repos/research/fdroid_apps/native_apps/PhotoPhase/app/src/main/java/com/ruesga/android/wallpapers/photophase/preferences/AppCompatPreferenceActivity.java;file:/Users/rar9993/repos/research/fdroid_apps/native_apps/PhotoPhase/app/src/main/java/com/ruesga/android/wallpapers/photophase/preferences/AppCompatPreferenceActivity.java|class:com.ruesga.android.wallpapers.photophase.preferences.AppCompatPreferenceActivity
NoLowMemoryResolver;aDoctor;/Users/rar9993/repos/research/fdroid_apps/native_apps/PhotoPhase/NONE_TRANSFORMED_;/Users/rar9993/repos/research/fdroid_apps/native_apps/PhotoPhase/app/src/main/java/com/ruesga/android/wallpapers/photophase/preferences/AppCompatPreferenceActivity.java;file:/Users/rar9993/repos/research/fdroid_apps/native_apps/PhotoPhase/app/src/main/java/com/ruesga/android/wallpapers/photophase/preferences/AppCompatPreferenceActivity.java|class:com.ruesga.android.wallpapers.photophase.preferences.AppCompatPreferenceActivity
MemberIgnoringMethod;aDoctor;/Users/rar9993/repos/research/fdroid_apps/native_apps/PhotoPhase/NONE_TRANSFORMED_;/Users/rar9993/repos/research/fdroid_apps/native_apps/PhotoPhase/app/src/main/java/com/ruesga/android/wallpapers/photophase/preferences/MediaPreferenceFragment.java;file:/Users/rar9993/repos/research/fdroid_apps/native_apps/PhotoPhase/app/src/main/java/com/ruesga/android/wallpapers/photophase/preferences/MediaPreferenceFragment.java|class:com.ruesga.android.wallpapers.photophase.preferences.MediaPreferenceFragment
NoLowMemoryResolver;aDoctor;/Users/rar9993/repos/research/fdroid_apps/native_apps/PhotoPhase/NONE_TRANSFORMED_;/Users/rar9993/repos/research/fdroid_apps/native_apps/PhotoPhase/app/src/main/java/com/ruesga/android/wallpapers/photophase/preferences/MediaPreferenceFragment.java;file:/Users/rar9993/repos/research/fdroid_apps/native_apps/PhotoPhase/app/src/main/java/com/ruesga/android/wallpapers/photophase/preferences/MediaPreferenceFragment.java|class:com.ruesga.android.wallpapers.photophase.preferences.MediaPreferenceFragment
SlowForLoop;aDoctor;/Users/rar9993/repos/research/fdroid_apps/native_apps/PhotoPhase/NONE_TRANSFORMED_;/Users/rar9993/repos/research/fdroid_apps/native_apps/PhotoPhase/app/src/main/java/com/ruesga/android/wallpapers/photophase/preferences/MediaPreferenceFragment.java;file:/Users/rar9993/repos/research/fdroid_apps/native_apps/PhotoPhase/app/src/main/java/com/ruesga/android/wallpapers/photophase/preferences/MediaPreferenceFragment.java|class:com.ruesga.android.wallpapers.photophase.preferences.MediaPreferenceFragment
MemberIgnoringMethod;aDoctor;/Users/rar9993/repos/research/fdroid_apps/native_apps/PhotoPhase/NONE_TRANSFORMED_;/Users/rar9993/repos/research/fdroid_apps/native_apps/PhotoPhase/app/src/main/java/com/ruesga/android/wallpapers/photophase/preferences/SwitchPreference.java;file:/Users/rar9993/repos/research/fdroid_apps/native_apps/PhotoPhase/app/src/main/java/com/ruesga/android/wallpapers/photophase/preferences/SwitchPreference.java|class:com.ruesga.android.wallpapers.photophase.preferences.SwitchPreference
MemberIgnoringMethod;aDoctor;/Users/rar9993/repos/research/fdroid_apps/native_apps/PhotoPhase/NONE_TRANSFORMED_;/Users/rar9993/repos/research/fdroid_apps/native_apps/PhotoPhase/app/src/main/java/com/ruesga/android/wallpapers/photophase/preferences/PhotoPhasePreferences.java;file:/Users/rar9993/repos/research/fdroid_apps/native_apps/PhotoPhase/app/src/main/java/com/ruesga/android/wallpapers/photophase/preferences/PhotoPhasePreferences.java|class:com.ruesga.android.wallpapers.photophase.preferences.PhotoPhasePreferences
MemberIgnoringMethod;aDoctor;/Users/rar9993/repos/research/fdroid_apps/native_apps/PhotoPhase/NONE_TRANSFORMED_;/Users/rar9993/repos/research/fdroid_apps/native_apps/PhotoPhase/app/src/main/java/com/ruesga/android/wallpapers/photophase/preferences/MultiSelectListPreferenceCompat.java;file:/Users/rar9993/repos/research/fdroid_apps/native_apps/PhotoPhase/app/src/main/java/com/ruesga/android/wallpapers/photophase/preferences/MultiSelectListPreferenceCompat.java|class:com.ruesga.android.wallpapers.photophase.preferences.MultiSelectListPreferenceCompat
MemberIgnoringMethod;aDoctor;/Users/rar9993/repos/research/fdroid_apps/native_apps/PhotoPhase/NONE_TRANSFORMED_;/Users/rar9993/repos/research/fdroid_apps/native_apps/PhotoPhase/app/src/main/java/com/ruesga/android/wallpapers/photophase/preferences/DiscreteSeekBarPreference.java;file:/Users/rar9993/repos/research/fdroid_apps/native_apps/PhotoPhase/app/src/main/java/com/ruesga/android/wallpapers/photophase/preferences/DiscreteSeekBarPreference.java|class:com.ruesga.android.wallpapers.photophase.preferences.DiscreteSeekBarPreference
DataTransmissionWithoutCompression;aDoctor;/Users/rar9993/repos/research/fdroid_apps/native_apps/PhotoPhase/NONE_TRANSFORMED_;/Users/rar9993/repos/research/fdroid_apps/native_apps/PhotoPhase/app/src/main/java/com/ruesga/android/wallpapers/photophase/preferences/ChoosePicturesFragment.java;file:/Users/rar9993/repos/research/fdroid_apps/native_apps/PhotoPhase/app/src/main/java/com/ruesga/android/wallpapers/photophase/preferences/ChoosePicturesFragment.java|class:com.ruesga.android.wallpapers.photophase.preferences.ChoosePicturesFragment
LeakingInnerClass;aDoctor;/Users/rar9993/repos/research/fdroid_apps/native_apps/PhotoPhase/NONE_TRANSFORMED_;/Users/rar9993/repos/research/fdroid_apps/native_apps/PhotoPhase/app/src/main/java/com/ruesga/android/wallpapers/photophase/preferences/ChoosePicturesFragment.java;file:/Users/rar9993/repos/research/fdroid_apps/native_apps/PhotoPhase/app/src/main/java/com/ruesga/android/wallpapers/photophase/preferences/ChoosePicturesFragment.java|class:com.ruesga.android.wallpapers.photophase.preferences.ChoosePicturesFragment
MemberIgnoringMethod;aDoctor;/Users/rar9993/repos/research/fdroid_apps/native_apps/PhotoPhase/NONE_TRANSFORMED_;/Users/rar9993/repos/research/fdroid_apps/native_apps/PhotoPhase/app/src/main/java/com/ruesga/android/wallpapers/photophase/preferences/ChoosePicturesFragment.java;file:/Users/rar9993/repos/research/fdroid_apps/native_apps/PhotoPhase/app/src/main/java/com/ruesga/android/wallpapers/photophase/preferences/ChoosePicturesFragment.java|class:com.ruesga.android.wallpapers.photophase.preferences.ChoosePicturesFragment
NoLowMemoryResolver;aDoctor;/Users/rar9993/repos/research/fdroid_apps/native_apps/PhotoPhase/NONE_TRANSFORMED_;/Users/rar9993/repos/research/fdroid_apps/native_apps/PhotoPhase/app/src/main/java/com/ruesga/android/wallpapers/photophase/preferences/ChoosePicturesFragment.java;file:/Users/rar9993/repos/research/fdroid_apps/native_apps/PhotoPhase/app/src/main/java/com/ruesga/android/wallpapers/photophase/preferences/ChoosePicturesFragment.java|class:com.ruesga.android.wallpapers.photophase.preferences.ChoosePicturesFragment
SlowForLoop;aDoctor;/Users/rar9993/repos/research/fdroid_apps/native_apps/PhotoPhase/NONE_TRANSFORMED_;/Users/rar9993/repos/research/fdroid_apps/native_apps/PhotoPhase/app/src/main/java/com/ruesga/android/wallpapers/photophase/preferences/ChoosePicturesFragment.java;file:/Users/rar9993/repos/research/fdroid_apps/native_apps/PhotoPhase/app/src/main/java/com/ruesga/android/wallpapers/photophase/preferences/ChoosePicturesFragment.java|class:com.ruesga.android.wallpapers.photophase.preferences.ChoosePicturesFragment
MemberIgnoringMethod;aDoctor;/Users/rar9993/repos/research/fdroid_apps/native_apps/PhotoPhase/NONE_TRANSFORMED_;/Users/rar9993/repos/research/fdroid_apps/native_apps/PhotoPhase/app/src/main/java/com/ruesga/android/wallpapers/photophase/preferences/LiveEffectsPreviewFragment.java;file:/Users/rar9993/repos/research/fdroid_apps/native_apps/PhotoPhase/app/src/main/java/com/ruesga/android/wallpapers/photophase/preferences/LiveEffectsPreviewFragment.java|class:com.ruesga.android.wallpapers.photophase.preferences.LiveEffectsPreviewFragment
MemberIgnoringMethod;aDoctor;/Users/rar9993/repos/research/fdroid_apps/native_apps/PhotoPhase/NONE_TRANSFORMED_;/Users/rar9993/repos/research/fdroid_apps/native_apps/PhotoPhase/app/src/main/java/com/ruesga/android/wallpapers/photophase/preferences/LiveTransitionsPreviewFragment.java;file:/Users/rar9993/repos/research/fdroid_apps/native_apps/PhotoPhase/app/src/main/java/com/ruesga/android/wallpapers/photophase/preferences/LiveTransitionsPreviewFragment.java|class:com.ruesga.android.wallpapers.photophase.preferences.LiveTransitionsPreviewFragment
NoLowMemoryResolver;aDoctor;/Users/rar9993/repos/research/fdroid_apps/native_apps/PhotoPhase/NONE_TRANSFORMED_;/Users/rar9993/repos/research/fdroid_apps/native_apps/PhotoPhase/app/src/main/java/com/ruesga/android/wallpapers/photophase/preferences/LivePreviewFragment.java;file:/Users/rar9993/repos/research/fdroid_apps/native_apps/PhotoPhase/app/src/main/java/com/ruesga/android/wallpapers/photophase/preferences/LivePreviewFragment.java|class:com.ruesga.android.wallpapers.photophase.preferences.LivePreviewFragment
MemberIgnoringMethod;aDoctor;/Users/rar9993/repos/research/fdroid_apps/native_apps/PhotoPhase/NONE_TRANSFORMED_;/Users/rar9993/repos/research/fdroid_apps/native_apps/PhotoPhase/app/src/main/java/com/ruesga/android/wallpapers/photophase/preferences/LiveBordersPreviewFragment.java;file:/Users/rar9993/repos/research/fdroid_apps/native_apps/PhotoPhase/app/src/main/java/com/ruesga/android/wallpapers/photophase/preferences/LiveBordersPreviewFragment.java|class:com.ruesga.android.wallpapers.photophase.preferences.LiveBordersPreviewFragment
LeakingInnerClass;aDoctor;/Users/rar9993/repos/research/fdroid_apps/native_apps/PhotoPhase/NONE_TRANSFORMED_;/Users/rar9993/repos/research/fdroid_apps/native_apps/PhotoPhase/app/src/main/java/com/ruesga/android/wallpapers/photophase/preferences/DiscreteSeekBarProgressPreference.java;file:/Users/rar9993/repos/research/fdroid_apps/native_apps/PhotoPhase/app/src/main/java/com/ruesga/android/wallpapers/photophase/preferences/DiscreteSeekBarProgressPreference.java|class:com.ruesga.android.wallpapers.photophase.preferences.DiscreteSeekBarProgressPreference
MemberIgnoringMethod;aDoctor;/Users/rar9993/repos/research/fdroid_apps/native_apps/PhotoPhase/NONE_TRANSFORMED_;/Users/rar9993/repos/research/fdroid_apps/native_apps/PhotoPhase/app/src/main/java/com/ruesga/android/wallpapers/photophase/preferences/DiscreteSeekBarProgressPreference.java;file:/Users/rar9993/repos/research/fdroid_apps/native_apps/PhotoPhase/app/src/main/java/com/ruesga/android/wallpapers/photophase/preferences/DiscreteSeekBarProgressPreference.java|class:com.ruesga.android.wallpapers.photophase.preferences.DiscreteSeekBarProgressPreference
MemberIgnoringMethod;aDoctor;/Users/rar9993/repos/research/fdroid_apps/native_apps/PhotoPhase/NONE_TRANSFORMED_;/Users/rar9993/repos/research/fdroid_apps/native_apps/PhotoPhase/app/src/main/java/com/ruesga/android/wallpapers/photophase/preferences/GeneralPreferenceFragment.java;file:/Users/rar9993/repos/research/fdroid_apps/native_apps/PhotoPhase/app/src/main/java/com/ruesga/android/wallpapers/photophase/preferences/GeneralPreferenceFragment.java|class:com.ruesga.android.wallpapers.photophase.preferences.GeneralPreferenceFragment
NoLowMemoryResolver;aDoctor;/Users/rar9993/repos/research/fdroid_apps/native_apps/PhotoPhase/NONE_TRANSFORMED_;/Users/rar9993/repos/research/fdroid_apps/native_apps/PhotoPhase/app/src/main/java/com/ruesga/android/wallpapers/photophase/preferences/GeneralPreferenceFragment.java;file:/Users/rar9993/repos/research/fdroid_apps/native_apps/PhotoPhase/app/src/main/java/com/ruesga/android/wallpapers/photophase/preferences/GeneralPreferenceFragment.java|class:com.ruesga.android.wallpapers.photophase.preferences.GeneralPreferenceFragment
MemberIgnoringMethod;aDoctor;/Users/rar9993/repos/research/fdroid_apps/native_apps/PhotoPhase/NONE_TRANSFORMED_;/Users/rar9993/repos/research/fdroid_apps/native_apps/PhotoPhase/app/src/main/java/com/ruesga/android/wallpapers/photophase/preferences/DispositionFragment.java;file:/Users/rar9993/repos/research/fdroid_apps/native_apps/PhotoPhase/app/src/main/java/com/ruesga/android/wallpapers/photophase/preferences/DispositionFragment.java|class:com.ruesga.android.wallpapers.photophase.preferences.DispositionFragment
NoLowMemoryResolver;aDoctor;/Users/rar9993/repos/research/fdroid_apps/native_apps/PhotoPhase/NONE_TRANSFORMED_;/Users/rar9993/repos/research/fdroid_apps/native_apps/PhotoPhase/app/src/main/java/com/ruesga/android/wallpapers/photophase/preferences/DispositionFragment.java;file:/Users/rar9993/repos/research/fdroid_apps/native_apps/PhotoPhase/app/src/main/java/com/ruesga/android/wallpapers/photophase/preferences/DispositionFragment.java|class:com.ruesga.android.wallpapers.photophase.preferences.DispositionFragment
UnclosedCloseable;aDoctor;/Users/rar9993/repos/research/fdroid_apps/native_apps/PhotoPhase/NONE_TRANSFORMED_;/Users/rar9993/repos/research/fdroid_apps/native_apps/PhotoPhase/app/src/main/java/com/ruesga/android/wallpapers/photophase/preferences/DispositionFragment.java;file:/Users/rar9993/repos/research/fdroid_apps/native_apps/PhotoPhase/app/src/main/java/com/ruesga/android/wallpapers/photophase/preferences/DispositionFragment.java|class:com.ruesga.android.wallpapers.photophase.preferences.DispositionFragment
MemberIgnoringMethod;aDoctor;/Users/rar9993/repos/research/fdroid_apps/native_apps/PhotoPhase/NONE_TRANSFORMED_;/Users/rar9993/repos/research/fdroid_apps/native_apps/PhotoPhase/app/src/main/java/com/ruesga/android/wallpapers/photophase/preferences/LayoutPreferenceFragment.java;file:/Users/rar9993/repos/research/fdroid_apps/native_apps/PhotoPhase/app/src/main/java/com/ruesga/android/wallpapers/photophase/preferences/LayoutPreferenceFragment.java|class:com.ruesga.android.wallpapers.photophase.preferences.LayoutPreferenceFragment
NoLowMemoryResolver;aDoctor;/Users/rar9993/repos/research/fdroid_apps/native_apps/PhotoPhase/NONE_TRANSFORMED_;/Users/rar9993/repos/research/fdroid_apps/native_apps/PhotoPhase/app/src/main/java/com/ruesga/android/wallpapers/photophase/preferences/LayoutPreferenceFragment.java;file:/Users/rar9993/repos/research/fdroid_apps/native_apps/PhotoPhase/app/src/main/java/com/ruesga/android/wallpapers/photophase/preferences/LayoutPreferenceFragment.java|class:com.ruesga.android.wallpapers.photophase.preferences.LayoutPreferenceFragment
MemberIgnoringMethod;aDoctor;/Users/rar9993/repos/research/fdroid_apps/native_apps/PhotoPhase/NONE_TRANSFORMED_;/Users/rar9993/repos/research/fdroid_apps/native_apps/PhotoPhase/app/src/main/java/com/ruesga/android/wallpapers/photophase/preferences/CastPreferenceFragment.java;file:/Users/rar9993/repos/research/fdroid_apps/native_apps/PhotoPhase/app/src/main/java/com/ruesga/android/wallpapers/photophase/preferences/CastPreferenceFragment.java|class:com.ruesga.android.wallpapers.photophase.preferences.CastPreferenceFragment
NoLowMemoryResolver;aDoctor;/Users/rar9993/repos/research/fdroid_apps/native_apps/PhotoPhase/NONE_TRANSFORMED_;/Users/rar9993/repos/research/fdroid_apps/native_apps/PhotoPhase/app/src/main/java/com/ruesga/android/wallpapers/photophase/preferences/CastPreferenceFragment.java;file:/Users/rar9993/repos/research/fdroid_apps/native_apps/PhotoPhase/app/src/main/java/com/ruesga/android/wallpapers/photophase/preferences/CastPreferenceFragment.java|class:com.ruesga.android.wallpapers.photophase.preferences.CastPreferenceFragment
MemberIgnoringMethod;aDoctor;/Users/rar9993/repos/research/fdroid_apps/native_apps/PhotoPhase/NONE_TRANSFORMED_;/Users/rar9993/repos/research/fdroid_apps/native_apps/PhotoPhase/app/src/main/java/com/ruesga/android/wallpapers/photophase/preferences/ColorPickerPreference.java;file:/Users/rar9993/repos/research/fdroid_apps/native_apps/PhotoPhase/app/src/main/java/com/ruesga/android/wallpapers/photophase/preferences/ColorPickerPreference.java|class:com.ruesga.android.wallpapers.photophase.preferences.ColorPickerPreference
SlowForLoop;aDoctor;/Users/rar9993/repos/research/fdroid_apps/native_apps/PhotoPhase/NONE_TRANSFORMED_;/Users/rar9993/repos/research/fdroid_apps/native_apps/PhotoPhase/app/src/main/java/com/ruesga/android/wallpapers/photophase/preferences/ColorPickerPreference.java;file:/Users/rar9993/repos/research/fdroid_apps/native_apps/PhotoPhase/app/src/main/java/com/ruesga/android/wallpapers/photophase/preferences/ColorPickerPreference.java|class:com.ruesga.android.wallpapers.photophase.preferences.ColorPickerPreference
SlowForLoop;aDoctor;/Users/rar9993/repos/research/fdroid_apps/native_apps/PhotoPhase/NONE_TRANSFORMED_;/Users/rar9993/repos/research/fdroid_apps/native_apps/PhotoPhase/app/src/main/java/com/ruesga/android/wallpapers/photophase/preferences/PreferencesProvider.java;file:/Users/rar9993/repos/research/fdroid_apps/native_apps/PhotoPhase/app/src/main/java/com/ruesga/android/wallpapers/photophase/preferences/PreferencesProvider.java|class:com.ruesga.android.wallpapers.photophase.preferences.PreferencesProvider
DataTransmissionWithoutCompression;aDoctor;/Users/rar9993/repos/research/fdroid_apps/native_apps/PhotoPhase/NONE_TRANSFORMED_;/Users/rar9993/repos/research/fdroid_apps/native_apps/PhotoPhase/app/src/main/java/com/ruesga/android/wallpapers/photophase/tasks/AsyncPictureLoaderTask.java;file:/Users/rar9993/repos/research/fdroid_apps/native_apps/PhotoPhase/app/src/main/java/com/ruesga/android/wallpapers/photophase/tasks/AsyncPictureLoaderTask.java|class:com.ruesga.android.wallpapers.photophase.tasks.AsyncPictureLoaderTask
LeakingThread;aDoctor;/Users/rar9993/repos/research/fdroid_apps/native_apps/PhotoPhase/NONE_TRANSFORMED_;/Users/rar9993/repos/research/fdroid_apps/native_apps/PhotoPhase/app/src/main/java/com/ruesga/android/wallpapers/photophase/tasks/AsyncPictureLoaderTask.java;file:/Users/rar9993/repos/research/fdroid_apps/native_apps/PhotoPhase/app/src/main/java/com/ruesga/android/wallpapers/photophase/tasks/AsyncPictureLoaderTask.java|class:com.ruesga.android.wallpapers.photophase.tasks.AsyncPictureLoaderTask
MemberIgnoringMethod;aDoctor;/Users/rar9993/repos/research/fdroid_apps/native_apps/PhotoPhase/NONE_TRANSFORMED_;/Users/rar9993/repos/research/fdroid_apps/native_apps/PhotoPhase/app/src/main/java/com/ruesga/android/wallpapers/photophase/borders/Border.java;file:/Users/rar9993/repos/research/fdroid_apps/native_apps/PhotoPhase/app/src/main/java/com/ruesga/android/wallpapers/photophase/borders/Border.java|class:com.ruesga.android.wallpapers.photophase.borders.Border
SlowForLoop;aDoctor;/Users/rar9993/repos/research/fdroid_apps/native_apps/PhotoPhase/NONE_TRANSFORMED_;/Users/rar9993/repos/research/fdroid_apps/native_apps/PhotoPhase/app/src/main/java/com/ruesga/android/wallpapers/photophase/borders/Border.java;file:/Users/rar9993/repos/research/fdroid_apps/native_apps/PhotoPhase/app/src/main/java/com/ruesga/android/wallpapers/photophase/borders/Border.java|class:com.ruesga.android.wallpapers.photophase.borders.Border
MemberIgnoringMethod;aDoctor;/Users/rar9993/repos/research/fdroid_apps/native_apps/PhotoPhase/NONE_TRANSFORMED_;/Users/rar9993/repos/research/fdroid_apps/native_apps/PhotoPhase/app/src/main/java/com/ruesga/android/wallpapers/photophase/borders/NullBorder.java;file:/Users/rar9993/repos/research/fdroid_apps/native_apps/PhotoPhase/app/src/main/java/com/ruesga/android/wallpapers/photophase/borders/NullBorder.java|class:com.ruesga.android.wallpapers.photophase.borders.NullBorder
SlowForLoop;aDoctor;/Users/rar9993/repos/research/fdroid_apps/native_apps/PhotoPhase/NONE_TRANSFORMED_;/Users/rar9993/repos/research/fdroid_apps/native_apps/PhotoPhase/app/src/main/java/com/ruesga/android/wallpapers/photophase/cast/CIDRUtils.java;file:/Users/rar9993/repos/research/fdroid_apps/native_apps/PhotoPhase/app/src/main/java/com/ruesga/android/wallpapers/photophase/cast/CIDRUtils.java|class:com.ruesga.android.wallpapers.photophase.cast.CIDRUtils
DataTransmissionWithoutCompression;aDoctor;/Users/rar9993/repos/research/fdroid_apps/native_apps/PhotoPhase/NONE_TRANSFORMED_;/Users/rar9993/repos/research/fdroid_apps/native_apps/PhotoPhase/app/src/main/java/com/ruesga/android/wallpapers/photophase/cast/CastUtils.java;file:/Users/rar9993/repos/research/fdroid_apps/native_apps/PhotoPhase/app/src/main/java/com/ruesga/android/wallpapers/photophase/cast/CastUtils.java|class:com.ruesga.android.wallpapers.photophase.cast.CastUtils
DataTransmissionWithoutCompression;aDoctor;/Users/rar9993/repos/research/fdroid_apps/native_apps/PhotoPhase/NONE_TRANSFORMED_;/Users/rar9993/repos/research/fdroid_apps/native_apps/PhotoPhase/app/src/main/java/com/ruesga/android/wallpapers/photophase/cast/CastNotification.java;file:/Users/rar9993/repos/research/fdroid_apps/native_apps/PhotoPhase/app/src/main/java/com/ruesga/android/wallpapers/photophase/cast/CastNotification.java|class:com.ruesga.android.wallpapers.photophase.cast.CastNotification
DataTransmissionWithoutCompression;aDoctor;/Users/rar9993/repos/research/fdroid_apps/native_apps/PhotoPhase/NONE_TRANSFORMED_;/Users/rar9993/repos/research/fdroid_apps/native_apps/PhotoPhase/app/src/main/java/com/ruesga/android/wallpapers/photophase/cast/CastService.java;file:/Users/rar9993/repos/research/fdroid_apps/native_apps/PhotoPhase/app/src/main/java/com/ruesga/android/wallpapers/photophase/cast/CastService.java|class:com.ruesga.android.wallpapers.photophase.cast.CastService
MemberIgnoringMethod;aDoctor;/Users/rar9993/repos/research/fdroid_apps/native_apps/PhotoPhase/NONE_TRANSFORMED_;/Users/rar9993/repos/research/fdroid_apps/native_apps/PhotoPhase/app/src/main/java/com/ruesga/android/wallpapers/photophase/cast/CastService.java;file:/Users/rar9993/repos/research/fdroid_apps/native_apps/PhotoPhase/app/src/main/java/com/ruesga/android/wallpapers/photophase/cast/CastService.java|class:com.ruesga.android.wallpapers.photophase.cast.CastService
NoLowMemoryResolver;aDoctor;/Users/rar9993/repos/research/fdroid_apps/native_apps/PhotoPhase/NONE_TRANSFORMED_;/Users/rar9993/repos/research/fdroid_apps/native_apps/PhotoPhase/app/src/main/java/com/ruesga/android/wallpapers/photophase/cast/CastService.java;file:/Users/rar9993/repos/research/fdroid_apps/native_apps/PhotoPhase/app/src/main/java/com/ruesga/android/wallpapers/photophase/cast/CastService.java|class:com.ruesga.android.wallpapers.photophase.cast.CastService
DataTransmissionWithoutCompression;aDoctor;/Users/rar9993/repos/research/fdroid_apps/native_apps/PhotoPhase/NONE_TRANSFORMED_;/Users/rar9993/repos/research/fdroid_apps/native_apps/PhotoPhase/app/src/main/java/com/ruesga/android/wallpapers/photophase/cast/CastPhotoQueueActivity.java;file:/Users/rar9993/repos/research/fdroid_apps/native_apps/PhotoPhase/app/src/main/java/com/ruesga/android/wallpapers/photophase/cast/CastPhotoQueueActivity.java|class:com.ruesga.android.wallpapers.photophase.cast.CastPhotoQueueActivity
LeakingInnerClass;aDoctor;/Users/rar9993/repos/research/fdroid_apps/native_apps/PhotoPhase/NONE_TRANSFORMED_;/Users/rar9993/repos/research/fdroid_apps/native_apps/PhotoPhase/app/src/main/java/com/ruesga/android/wallpapers/photophase/cast/CastPhotoQueueActivity.java;file:/Users/rar9993/repos/research/fdroid_apps/native_apps/PhotoPhase/app/src/main/java/com/ruesga/android/wallpapers/photophase/cast/CastPhotoQueueActivity.java|class:com.ruesga.android.wallpapers.photophase.cast.CastPhotoQueueActivity
LeakingThread;aDoctor;/Users/rar9993/repos/research/fdroid_apps/native_apps/PhotoPhase/NONE_TRANSFORMED_;/Users/rar9993/repos/research/fdroid_apps/native_apps/PhotoPhase/app/src/main/java/com/ruesga/android/wallpapers/photophase/cast/CastPhotoQueueActivity.java;file:/Users/rar9993/repos/research/fdroid_apps/native_apps/PhotoPhase/app/src/main/java/com/ruesga/android/wallpapers/photophase/cast/CastPhotoQueueActivity.java|class:com.ruesga.android.wallpapers.photophase.cast.CastPhotoQueueActivity
MemberIgnoringMethod;aDoctor;/Users/rar9993/repos/research/fdroid_apps/native_apps/PhotoPhase/NONE_TRANSFORMED_;/Users/rar9993/repos/research/fdroid_apps/native_apps/PhotoPhase/app/src/main/java/com/ruesga/android/wallpapers/photophase/cast/CastPhotoQueueActivity.java;file:/Users/rar9993/repos/research/fdroid_apps/native_apps/PhotoPhase/app/src/main/java/com/ruesga/android/wallpapers/photophase/cast/CastPhotoQueueActivity.java|class:com.ruesga.android.wallpapers.photophase.cast.CastPhotoQueueActivity
NoLowMemoryResolver;aDoctor;/Users/rar9993/repos/research/fdroid_apps/native_apps/PhotoPhase/NONE_TRANSFORMED_;/Users/rar9993/repos/research/fdroid_apps/native_apps/PhotoPhase/app/src/main/java/com/ruesga/android/wallpapers/photophase/cast/CastPhotoQueueActivity.java;file:/Users/rar9993/repos/research/fdroid_apps/native_apps/PhotoPhase/app/src/main/java/com/ruesga/android/wallpapers/photophase/cast/CastPhotoQueueActivity.java|class:com.ruesga.android.wallpapers.photophase.cast.CastPhotoQueueActivity
SlowForLoop;aDoctor;/Users/rar9993/repos/research/fdroid_apps/native_apps/PhotoPhase/NONE_TRANSFORMED_;/Users/rar9993/repos/research/fdroid_apps/native_apps/PhotoPhase/app/src/main/java/com/ruesga/android/wallpapers/photophase/cast/CastPhotoQueueActivity.java;file:/Users/rar9993/repos/research/fdroid_apps/native_apps/PhotoPhase/app/src/main/java/com/ruesga/android/wallpapers/photophase/cast/CastPhotoQueueActivity.java|class:com.ruesga.android.wallpapers.photophase.cast.CastPhotoQueueActivity
LeakingInnerClass;aDoctor;/Users/rar9993/repos/research/fdroid_apps/native_apps/PhotoPhase/NONE_TRANSFORMED_;/Users/rar9993/repos/research/fdroid_apps/native_apps/PhotoPhase/app/src/main/java/com/ruesga/android/wallpapers/photophase/cast/CastDiscover.java;file:/Users/rar9993/repos/research/fdroid_apps/native_apps/PhotoPhase/app/src/main/java/com/ruesga/android/wallpapers/photophase/cast/CastDiscover.java|class:com.ruesga.android.wallpapers.photophase.cast.CastDiscover
LeakingInnerClass;aDoctor;/Users/rar9993/repos/research/fdroid_apps/native_apps/PhotoPhase/NONE_TRANSFORMED_;/Users/rar9993/repos/research/fdroid_apps/native_apps/PhotoPhase/app/src/main/java/com/ruesga/android/wallpapers/photophase/cast/CastRouteActivity.java;file:/Users/rar9993/repos/research/fdroid_apps/native_apps/PhotoPhase/app/src/main/java/com/ruesga/android/wallpapers/photophase/cast/CastRouteActivity.java|class:com.ruesga.android.wallpapers.photophase.cast.CastRouteActivity
MemberIgnoringMethod;aDoctor;/Users/rar9993/repos/research/fdroid_apps/native_apps/PhotoPhase/NONE_TRANSFORMED_;/Users/rar9993/repos/research/fdroid_apps/native_apps/PhotoPhase/app/src/main/java/com/ruesga/android/wallpapers/photophase/cast/CastRouteActivity.java;file:/Users/rar9993/repos/research/fdroid_apps/native_apps/PhotoPhase/app/src/main/java/com/ruesga/android/wallpapers/photophase/cast/CastRouteActivity.java|class:com.ruesga.android.wallpapers.photophase.cast.CastRouteActivity
NoLowMemoryResolver;aDoctor;/Users/rar9993/repos/research/fdroid_apps/native_apps/PhotoPhase/NONE_TRANSFORMED_;/Users/rar9993/repos/research/fdroid_apps/native_apps/PhotoPhase/app/src/main/java/com/ruesga/android/wallpapers/photophase/cast/CastRouteActivity.java;file:/Users/rar9993/repos/research/fdroid_apps/native_apps/PhotoPhase/app/src/main/java/com/ruesga/android/wallpapers/photophase/cast/CastRouteActivity.java|class:com.ruesga.android.wallpapers.photophase.cast.CastRouteActivity
SlowForLoop;aDoctor;/Users/rar9993/repos/research/fdroid_apps/native_apps/PhotoPhase/NONE_TRANSFORMED_;/Users/rar9993/repos/research/fdroid_apps/native_apps/PhotoPhase/app/src/main/java/com/ruesga/android/wallpapers/photophase/cast/CastRouteActivity.java;file:/Users/rar9993/repos/research/fdroid_apps/native_apps/PhotoPhase/app/src/main/java/com/ruesga/android/wallpapers/photophase/cast/CastRouteActivity.java|class:com.ruesga.android.wallpapers.photophase.cast.CastRouteActivity
DataTransmissionWithoutCompression;aDoctor;/Users/rar9993/repos/research/fdroid_apps/native_apps/PhotoPhase/NONE_TRANSFORMED_;/Users/rar9993/repos/research/fdroid_apps/native_apps/PhotoPhase/app/src/main/java/com/ruesga/android/wallpapers/photophase/cast/CastServer.java;file:/Users/rar9993/repos/research/fdroid_apps/native_apps/PhotoPhase/app/src/main/java/com/ruesga/android/wallpapers/photophase/cast/CastServer.java|class:com.ruesga.android.wallpapers.photophase.cast.CastServer
WakeLock;aDoctor;/Users/rar9993/repos/research/fdroid_apps/native_apps/PhotoPhase/NONE_TRANSFORMED_;/Users/rar9993/repos/research/fdroid_apps/native_apps/PhotoPhase/app/src/main/java/com/ruesga/android/wallpapers/photophase/cast/CastServer.java;file:/Users/rar9993/repos/research/fdroid_apps/native_apps/PhotoPhase/app/src/main/java/com/ruesga/android/wallpapers/photophase/cast/CastServer.java|class:com.ruesga.android.wallpapers.photophase.cast.CastServer
LeakingInnerClass;aDoctor;/Users/rar9993/repos/research/fdroid_apps/native_apps/PhotoPhase/NONE_TRANSFORMED_;/Users/rar9993/repos/research/fdroid_apps/native_apps/PhotoPhase/app/src/main/java/com/ruesga/android/wallpapers/photophase/cast/CastServer.java;file:/Users/rar9993/repos/research/fdroid_apps/native_apps/PhotoPhase/app/src/main/java/com/ruesga/android/wallpapers/photophase/cast/CastServer.java|class:com.ruesga.android.wallpapers.photophase.cast.CastServer
MemberIgnoringMethod;aDoctor;/Users/rar9993/repos/research/fdroid_apps/native_apps/PhotoPhase/NONE_TRANSFORMED_;/Users/rar9993/repos/research/fdroid_apps/native_apps/PhotoPhase/app/src/main/java/com/ruesga/android/wallpapers/photophase/cast/CastServer.java;file:/Users/rar9993/repos/research/fdroid_apps/native_apps/PhotoPhase/app/src/main/java/com/ruesga/android/wallpapers/photophase/cast/CastServer.java|class:com.ruesga.android.wallpapers.photophase.cast.CastServer
LeakingInnerClass;aDoctor;/Users/rar9993/repos/research/fdroid_apps/native_apps/PhotoPhase/NONE_TRANSFORMED_;/Users/rar9993/repos/research/fdroid_apps/native_apps/PhotoPhase/app/src/main/java/com/ruesga/android/wallpapers/photophase/cast/mdsn/MDNSDiscover.java;file:/Users/rar9993/repos/research/fdroid_apps/native_apps/PhotoPhase/app/src/main/java/com/ruesga/android/wallpapers/photophase/cast/mdsn/MDNSDiscover.java|class:com.ruesga.android.wallpapers.photophase.cast.mdsn.MDNSDiscover
SlowForLoop;aDoctor;/Users/rar9993/repos/research/fdroid_apps/native_apps/PhotoPhase/NONE_TRANSFORMED_;/Users/rar9993/repos/research/fdroid_apps/native_apps/PhotoPhase/app/src/main/java/com/ruesga/android/wallpapers/photophase/cast/mdsn/MDNSDiscover.java;file:/Users/rar9993/repos/research/fdroid_apps/native_apps/PhotoPhase/app/src/main/java/com/ruesga/android/wallpapers/photophase/cast/mdsn/MDNSDiscover.java|class:com.ruesga.android.wallpapers.photophase.cast.mdsn.MDNSDiscover
LeakingInnerClass;aDoctor;/Users/rar9993/repos/research/fdroid_apps/native_apps/PhotoPhase/NONE_TRANSFORMED_;/Users/rar9993/repos/research/fdroid_apps/native_apps/PhotoPhase/app/src/main/java/com/ruesga/android/wallpapers/photophase/cast/mdsn/DiscoverResolver.java;file:/Users/rar9993/repos/research/fdroid_apps/native_apps/PhotoPhase/app/src/main/java/com/ruesga/android/wallpapers/photophase/cast/mdsn/DiscoverResolver.java|class:com.ruesga.android.wallpapers.photophase.cast.mdsn.DiscoverResolver
MemberIgnoringMethod;aDoctor;/Users/rar9993/repos/research/fdroid_apps/native_apps/PhotoPhase/NONE_TRANSFORMED_;/Users/rar9993/repos/research/fdroid_apps/native_apps/PhotoPhase/app/src/main/java/com/ruesga/android/wallpapers/photophase/cast/mdsn/DiscoverResolver.java;file:/Users/rar9993/repos/research/fdroid_apps/native_apps/PhotoPhase/app/src/main/java/com/ruesga/android/wallpapers/photophase/cast/mdsn/DiscoverResolver.java|class:com.ruesga.android.wallpapers.photophase.cast.mdsn.DiscoverResolver
LeakingInnerClass;aDoctor;/Users/rar9993/repos/research/fdroid_apps/native_apps/PhotoPhase/NONE_TRANSFORMED_;/Users/rar9993/repos/research/fdroid_apps/native_apps/PhotoPhase/app/src/main/java/com/ruesga/android/wallpapers/photophase/cast/mdsn/MapDebouncer.java;file:/Users/rar9993/repos/research/fdroid_apps/native_apps/PhotoPhase/app/src/main/java/com/ruesga/android/wallpapers/photophase/cast/mdsn/MapDebouncer.java|class:com.ruesga.android.wallpapers.photophase.cast.mdsn.MapDebouncer
LeakingThread;aDoctor;/Users/rar9993/repos/research/fdroid_apps/native_apps/PhotoPhase/NONE_TRANSFORMED_;/Users/rar9993/repos/research/fdroid_apps/native_apps/PhotoPhase/app/src/main/java/com/ruesga/android/wallpapers/photophase/cast/mdsn/MapDebouncer.java;file:/Users/rar9993/repos/research/fdroid_apps/native_apps/PhotoPhase/app/src/main/java/com/ruesga/android/wallpapers/photophase/cast/mdsn/MapDebouncer.java|class:com.ruesga.android.wallpapers.photophase.cast.mdsn.MapDebouncer
MemberIgnoringMethod;aDoctor;/Users/rar9993/repos/research/fdroid_apps/native_apps/PhotoPhase/NONE_TRANSFORMED_;/Users/rar9993/repos/research/fdroid_apps/native_apps/PhotoPhase/app/src/main/java/com/ruesga/android/wallpapers/photophase/cast/mdsn/MapDebouncer.java;file:/Users/rar9993/repos/research/fdroid_apps/native_apps/PhotoPhase/app/src/main/java/com/ruesga/android/wallpapers/photophase/cast/mdsn/MapDebouncer.java|class:com.ruesga.android.wallpapers.photophase.cast.mdsn.MapDebouncer
DataTransmissionWithoutCompression;aDoctor;/Users/rar9993/repos/research/fdroid_apps/native_apps/PhotoPhase/NONE_TRANSFORMED_;/Users/rar9993/repos/research/fdroid_apps/native_apps/PhotoPhase/app/src/main/java/com/ruesga/android/wallpapers/photophase/providers/TemporaryContentAccessProvider.java;file:/Users/rar9993/repos/research/fdroid_apps/native_apps/PhotoPhase/app/src/main/java/com/ruesga/android/wallpapers/photophase/providers/TemporaryContentAccessProvider.java|class:com.ruesga.android.wallpapers.photophase.providers.TemporaryContentAccessProvider
LeakingThread;aDoctor;/Users/rar9993/repos/research/fdroid_apps/native_apps/PhotoPhase/NONE_TRANSFORMED_;/Users/rar9993/repos/research/fdroid_apps/native_apps/PhotoPhase/app/src/main/java/com/ruesga/android/wallpapers/photophase/providers/TemporaryContentAccessProvider.java;file:/Users/rar9993/repos/research/fdroid_apps/native_apps/PhotoPhase/app/src/main/java/com/ruesga/android/wallpapers/photophase/providers/TemporaryContentAccessProvider.java|class:com.ruesga.android.wallpapers.photophase.providers.TemporaryContentAccessProvider
MemberIgnoringMethod;aDoctor;/Users/rar9993/repos/research/fdroid_apps/native_apps/PhotoPhase/NONE_TRANSFORMED_;/Users/rar9993/repos/research/fdroid_apps/native_apps/PhotoPhase/app/src/main/java/com/ruesga/android/wallpapers/photophase/providers/TemporaryContentAccessProvider.java;file:/Users/rar9993/repos/research/fdroid_apps/native_apps/PhotoPhase/app/src/main/java/com/ruesga/android/wallpapers/photophase/providers/TemporaryContentAccessProvider.java|class:com.ruesga.android.wallpapers.photophase.providers.TemporaryContentAccessProvider
NoLowMemoryResolver;aDoctor;/Users/rar9993/repos/research/fdroid_apps/native_apps/PhotoPhase/NONE_TRANSFORMED_;/Users/rar9993/repos/research/fdroid_apps/native_apps/PhotoPhase/app/src/main/java/com/ruesga/android/wallpapers/photophase/providers/TemporaryContentAccessProvider.java;file:/Users/rar9993/repos/research/fdroid_apps/native_apps/PhotoPhase/app/src/main/java/com/ruesga/android/wallpapers/photophase/providers/TemporaryContentAccessProvider.java|class:com.ruesga.android.wallpapers.photophase.providers.TemporaryContentAccessProvider
SlowForLoop;aDoctor;/Users/rar9993/repos/research/fdroid_apps/native_apps/PhotoPhase/NONE_TRANSFORMED_;/Users/rar9993/repos/research/fdroid_apps/native_apps/PhotoPhase/app/src/main/java/com/ruesga/android/wallpapers/photophase/providers/TemporaryContentAccessProvider.java;file:/Users/rar9993/repos/research/fdroid_apps/native_apps/PhotoPhase/app/src/main/java/com/ruesga/android/wallpapers/photophase/providers/TemporaryContentAccessProvider.java|class:com.ruesga.android.wallpapers.photophase.providers.TemporaryContentAccessProvider
UnclosedCloseable;aDoctor;/Users/rar9993/repos/research/fdroid_apps/native_apps/PhotoPhase/NONE_TRANSFORMED_;/Users/rar9993/repos/research/fdroid_apps/native_apps/PhotoPhase/app/src/main/java/com/ruesga/android/wallpapers/photophase/providers/TemporaryContentAccessProvider.java;file:/Users/rar9993/repos/research/fdroid_apps/native_apps/PhotoPhase/app/src/main/java/com/ruesga/android/wallpapers/photophase/providers/TemporaryContentAccessProvider.java|class:com.ruesga.android.wallpapers.photophase.providers.TemporaryContentAccessProvider
SlowForLoop;aDoctor;/Users/rar9993/repos/research/fdroid_apps/native_apps/PhotoPhase/NONE_TRANSFORMED_;/Users/rar9993/repos/research/fdroid_apps/native_apps/PhotoPhase/app/src/main/java/com/ruesga/android/wallpapers/photophase/shapes/OopsShape.java;file:/Users/rar9993/repos/research/fdroid_apps/native_apps/PhotoPhase/app/src/main/java/com/ruesga/android/wallpapers/photophase/shapes/OopsShape.java|class:com.ruesga.android.wallpapers.photophase.shapes.OopsShape
SlowForLoop;aDoctor;/Users/rar9993/repos/research/fdroid_apps/native_apps/PhotoPhase/NONE_TRANSFORMED_;/Users/rar9993/repos/research/fdroid_apps/native_apps/PhotoPhase/app/src/main/java/com/ruesga/android/wallpapers/photophase/utils/MERAlgorithm.java;file:/Users/rar9993/repos/research/fdroid_apps/native_apps/PhotoPhase/app/src/main/java/com/ruesga/android/wallpapers/photophase/utils/MERAlgorithm.java|class:com.ruesga.android.wallpapers.photophase.utils.MERAlgorithm
DataTransmissionWithoutCompression;aDoctor;/Users/rar9993/repos/research/fdroid_apps/native_apps/PhotoPhase/NONE_TRANSFORMED_;/Users/rar9993/repos/research/fdroid_apps/native_apps/PhotoPhase/app/src/main/java/com/ruesga/android/wallpapers/photophase/utils/BitmapUtils.java;file:/Users/rar9993/repos/research/fdroid_apps/native_apps/PhotoPhase/app/src/main/java/com/ruesga/android/wallpapers/photophase/utils/BitmapUtils.java|class:com.ruesga.android.wallpapers.photophase.utils.BitmapUtils
DataTransmissionWithoutCompression;aDoctor;/Users/rar9993/repos/research/fdroid_apps/native_apps/PhotoPhase/NONE_TRANSFORMED_;/Users/rar9993/repos/research/fdroid_apps/native_apps/PhotoPhase/app/src/main/java/com/ruesga/android/wallpapers/photophase/utils/GLESUtil.java;file:/Users/rar9993/repos/research/fdroid_apps/native_apps/PhotoPhase/app/src/main/java/com/ruesga/android/wallpapers/photophase/utils/GLESUtil.java|class:com.ruesga.android.wallpapers.photophase.utils.GLESUtil
SlowForLoop;aDoctor;/Users/rar9993/repos/research/fdroid_apps/native_apps/PhotoPhase/NONE_TRANSFORMED_;/Users/rar9993/repos/research/fdroid_apps/native_apps/PhotoPhase/app/src/main/java/com/ruesga/android/wallpapers/photophase/utils/GLESUtil.java;file:/Users/rar9993/repos/research/fdroid_apps/native_apps/PhotoPhase/app/src/main/java/com/ruesga/android/wallpapers/photophase/utils/GLESUtil.java|class:com.ruesga.android.wallpapers.photophase.utils.GLESUtil
SlowForLoop;aDoctor;/Users/rar9993/repos/research/fdroid_apps/native_apps/PhotoPhase/NONE_TRANSFORMED_;/Users/rar9993/repos/research/fdroid_apps/native_apps/PhotoPhase/app/src/main/java/com/ruesga/android/wallpapers/photophase/utils/DispositionUtil.java;file:/Users/rar9993/repos/research/fdroid_apps/native_apps/PhotoPhase/app/src/main/java/com/ruesga/android/wallpapers/photophase/utils/DispositionUtil.java|class:com.ruesga.android.wallpapers.photophase.utils.DispositionUtil
MemberIgnoringMethod;aDoctor;/Users/rar9993/repos/research/fdroid_apps/native_apps/PhotoPhase/NONE_TRANSFORMED_;/Users/rar9993/repos/research/fdroid_apps/native_apps/PhotoPhase/app/src/main/java/com/ruesga/android/wallpapers/photophase/adapters/AlbumPictureAdapter.java;file:/Users/rar9993/repos/research/fdroid_apps/native_apps/PhotoPhase/app/src/main/java/com/ruesga/android/wallpapers/photophase/adapters/AlbumPictureAdapter.java|class:com.ruesga.android.wallpapers.photophase.adapters.AlbumPictureAdapter
SlowForLoop;aDoctor;/Users/rar9993/repos/research/fdroid_apps/native_apps/PhotoPhase/NONE_TRANSFORMED_;/Users/rar9993/repos/research/fdroid_apps/native_apps/PhotoPhase/app/src/main/java/com/ruesga/android/wallpapers/photophase/adapters/AlbumPictureAdapter.java;file:/Users/rar9993/repos/research/fdroid_apps/native_apps/PhotoPhase/app/src/main/java/com/ruesga/android/wallpapers/photophase/adapters/AlbumPictureAdapter.java|class:com.ruesga.android.wallpapers.photophase.adapters.AlbumPictureAdapter
LeakingThread;aDoctor;/Users/rar9993/repos/research/fdroid_apps/native_apps/PhotoPhase/NONE_TRANSFORMED_;/Users/rar9993/repos/research/fdroid_apps/native_apps/PhotoPhase/app/src/main/java/com/ruesga/android/wallpapers/photophase/adapters/DispositionAdapter.java;file:/Users/rar9993/repos/research/fdroid_apps/native_apps/PhotoPhase/app/src/main/java/com/ruesga/android/wallpapers/photophase/adapters/DispositionAdapter.java|class:com.ruesga.android.wallpapers.photophase.adapters.DispositionAdapter
SlowForLoop;aDoctor;/Users/rar9993/repos/research/fdroid_apps/native_apps/PhotoPhase/NONE_TRANSFORMED_;/Users/rar9993/repos/research/fdroid_apps/native_apps/PhotoPhase/app/src/main/java/com/ruesga/android/wallpapers/photophase/adapters/DispositionAdapter.java;file:/Users/rar9993/repos/research/fdroid_apps/native_apps/PhotoPhase/app/src/main/java/com/ruesga/android/wallpapers/photophase/adapters/DispositionAdapter.java|class:com.ruesga.android.wallpapers.photophase.adapters.DispositionAdapter
LeakingInnerClass;aDoctor;/Users/rar9993/repos/research/fdroid_apps/native_apps/PhotoPhase/NONE_TRANSFORMED_;/Users/rar9993/repos/research/fdroid_apps/native_apps/PhotoPhase/app/src/main/java/com/ruesga/android/wallpapers/photophase/adapters/LivePreviewAdapter.java;file:/Users/rar9993/repos/research/fdroid_apps/native_apps/PhotoPhase/app/src/main/java/com/ruesga/android/wallpapers/photophase/adapters/LivePreviewAdapter.java|class:com.ruesga.android.wallpapers.photophase.adapters.LivePreviewAdapter
MemberIgnoringMethod;aDoctor;/Users/rar9993/repos/research/fdroid_apps/native_apps/PhotoPhase/NONE_TRANSFORMED_;/Users/rar9993/repos/research/fdroid_apps/native_apps/PhotoPhase/app/src/main/java/com/ruesga/android/wallpapers/photophase/adapters/LivePreviewAdapter.java;file:/Users/rar9993/repos/research/fdroid_apps/native_apps/PhotoPhase/app/src/main/java/com/ruesga/android/wallpapers/photophase/adapters/LivePreviewAdapter.java|class:com.ruesga.android.wallpapers.photophase.adapters.LivePreviewAdapter
MemberIgnoringMethod;aDoctor;/Users/rar9993/repos/research/fdroid_apps/native_apps/PhotoPhase/NONE_TRANSFORMED_;/Users/rar9993/repos/research/fdroid_apps/native_apps/PhotoPhase/app/src/main/java/com/ruesga/android/wallpapers/photophase/transitions/Transition.java;file:/Users/rar9993/repos/research/fdroid_apps/native_apps/PhotoPhase/app/src/main/java/com/ruesga/android/wallpapers/photophase/transitions/Transition.java|class:com.ruesga.android.wallpapers.photophase.transitions.Transition
SlowForLoop;aDoctor;/Users/rar9993/repos/research/fdroid_apps/native_apps/PhotoPhase/NONE_TRANSFORMED_;/Users/rar9993/repos/research/fdroid_apps/native_apps/PhotoPhase/app/src/main/java/com/ruesga/android/wallpapers/photophase/transitions/Transition.java;file:/Users/rar9993/repos/research/fdroid_apps/native_apps/PhotoPhase/app/src/main/java/com/ruesga/android/wallpapers/photophase/transitions/Transition.java|class:com.ruesga.android.wallpapers.photophase.transitions.Transition
MemberIgnoringMethod;aDoctor;/Users/rar9993/repos/research/fdroid_apps/native_apps/PhotoPhase/NONE_TRANSFORMED_;/Users/rar9993/repos/research/fdroid_apps/native_apps/PhotoPhase/app/src/main/java/com/ruesga/android/wallpapers/photophase/transitions/NullTransition.java;file:/Users/rar9993/repos/research/fdroid_apps/native_apps/PhotoPhase/app/src/main/java/com/ruesga/android/wallpapers/photophase/transitions/NullTransition.java|class:com.ruesga.android.wallpapers.photophase.transitions.NullTransition
MemberIgnoringMethod;aDoctor;/Users/rar9993/repos/research/fdroid_apps/native_apps/PhotoPhase/NONE_TRANSFORMED_;/Users/rar9993/repos/research/fdroid_apps/native_apps/PhotoPhase/app/src/main/java/com/ruesga/android/wallpapers/photophase/transitions/ApertureTransition.java;file:/Users/rar9993/repos/research/fdroid_apps/native_apps/PhotoPhase/app/src/main/java/com/ruesga/android/wallpapers/photophase/transitions/ApertureTransition.java|class:com.ruesga.android.wallpapers.photophase.transitions.ApertureTransition
MemberIgnoringMethod;aDoctor;/Users/rar9993/repos/research/fdroid_apps/native_apps/PhotoPhase/NONE_TRANSFORMED_;/Users/rar9993/repos/research/fdroid_apps/native_apps/PhotoPhase/app/src/main/java/com/ruesga/android/wallpapers/photophase/transitions/FlipTransition.java;file:/Users/rar9993/repos/research/fdroid_apps/native_apps/PhotoPhase/app/src/main/java/com/ruesga/android/wallpapers/photophase/transitions/FlipTransition.java|class:com.ruesga.android.wallpapers.photophase.transitions.FlipTransition
MemberIgnoringMethod;aDoctor;/Users/rar9993/repos/research/fdroid_apps/native_apps/PhotoPhase/NONE_TRANSFORMED_;/Users/rar9993/repos/research/fdroid_apps/native_apps/PhotoPhase/app/src/main/java/com/ruesga/android/wallpapers/photophase/transitions/BlurTransition.java;file:/Users/rar9993/repos/research/fdroid_apps/native_apps/PhotoPhase/app/src/main/java/com/ruesga/android/wallpapers/photophase/transitions/BlurTransition.java|class:com.ruesga.android.wallpapers.photophase.transitions.BlurTransition
MemberIgnoringMethod;aDoctor;/Users/rar9993/repos/research/fdroid_apps/native_apps/PhotoPhase/NONE_TRANSFORMED_;/Users/rar9993/repos/research/fdroid_apps/native_apps/PhotoPhase/app/src/main/java/com/ruesga/android/wallpapers/photophase/transitions/MixTransition.java;file:/Users/rar9993/repos/research/fdroid_apps/native_apps/PhotoPhase/app/src/main/java/com/ruesga/android/wallpapers/photophase/transitions/MixTransition.java|class:com.ruesga.android.wallpapers.photophase.transitions.MixTransition
MemberIgnoringMethod;aDoctor;/Users/rar9993/repos/research/fdroid_apps/native_apps/PhotoPhase/NONE_TRANSFORMED_;/Users/rar9993/repos/research/fdroid_apps/native_apps/PhotoPhase/app/src/main/java/com/ruesga/android/wallpapers/photophase/transitions/CubeTransition.java;file:/Users/rar9993/repos/research/fdroid_apps/native_apps/PhotoPhase/app/src/main/java/com/ruesga/android/wallpapers/photophase/transitions/CubeTransition.java|class:com.ruesga.android.wallpapers.photophase.transitions.CubeTransition
MemberIgnoringMethod;aDoctor;/Users/rar9993/repos/research/fdroid_apps/native_apps/PhotoPhase/NONE_TRANSFORMED_;/Users/rar9993/repos/research/fdroid_apps/native_apps/PhotoPhase/app/src/main/java/com/ruesga/android/wallpapers/photophase/transitions/SwapTransition.java;file:/Users/rar9993/repos/research/fdroid_apps/native_apps/PhotoPhase/app/src/main/java/com/ruesga/android/wallpapers/photophase/transitions/SwapTransition.java|class:com.ruesga.android.wallpapers.photophase.transitions.SwapTransition
MemberIgnoringMethod;aDoctor;/Users/rar9993/repos/research/fdroid_apps/native_apps/PhotoPhase/NONE_TRANSFORMED_;/Users/rar9993/repos/research/fdroid_apps/native_apps/PhotoPhase/app/src/main/java/com/ruesga/android/wallpapers/photophase/transitions/WindowTransition.java;file:/Users/rar9993/repos/research/fdroid_apps/native_apps/PhotoPhase/app/src/main/java/com/ruesga/android/wallpapers/photophase/transitions/WindowTransition.java|class:com.ruesga.android.wallpapers.photophase.transitions.WindowTransition
MemberIgnoringMethod;aDoctor;/Users/rar9993/repos/research/fdroid_apps/native_apps/PhotoPhase/NONE_TRANSFORMED_;/Users/rar9993/repos/research/fdroid_apps/native_apps/PhotoPhase/app/src/main/java/com/ruesga/android/wallpapers/photophase/transitions/VertigoTransition.java;file:/Users/rar9993/repos/research/fdroid_apps/native_apps/PhotoPhase/app/src/main/java/com/ruesga/android/wallpapers/photophase/transitions/VertigoTransition.java|class:com.ruesga.android.wallpapers.photophase.transitions.VertigoTransition
MemberIgnoringMethod;aDoctor;/Users/rar9993/repos/research/fdroid_apps/native_apps/PhotoPhase/NONE_TRANSFORMED_;/Users/rar9993/repos/research/fdroid_apps/native_apps/PhotoPhase/app/src/main/java/com/ruesga/android/wallpapers/photophase/transitions/FadeTransition.java;file:/Users/rar9993/repos/research/fdroid_apps/native_apps/PhotoPhase/app/src/main/java/com/ruesga/android/wallpapers/photophase/transitions/FadeTransition.java|class:com.ruesga.android.wallpapers.photophase.transitions.FadeTransition
MemberIgnoringMethod;aDoctor;/Users/rar9993/repos/research/fdroid_apps/native_apps/PhotoPhase/NONE_TRANSFORMED_;/Users/rar9993/repos/research/fdroid_apps/native_apps/PhotoPhase/app/src/main/java/com/ruesga/android/wallpapers/photophase/transitions/TranslateTransition.java;file:/Users/rar9993/repos/research/fdroid_apps/native_apps/PhotoPhase/app/src/main/java/com/ruesga/android/wallpapers/photophase/transitions/TranslateTransition.java|class:com.ruesga.android.wallpapers.photophase.transitions.TranslateTransition
MemberIgnoringMethod;aDoctor;/Users/rar9993/repos/research/fdroid_apps/native_apps/PhotoPhase/NONE_TRANSFORMED_;/Users/rar9993/repos/research/fdroid_apps/native_apps/PhotoPhase/app/src/main/java/com/ruesga/android/wallpapers/photophase/effects/PhotoPhaseEffect.java;file:/Users/rar9993/repos/research/fdroid_apps/native_apps/PhotoPhase/app/src/main/java/com/ruesga/android/wallpapers/photophase/effects/PhotoPhaseEffect.java|class:com.ruesga.android.wallpapers.photophase.effects.PhotoPhaseEffect
SlowForLoop;aDoctor;/Users/rar9993/repos/research/fdroid_apps/native_apps/PhotoPhase/NONE_TRANSFORMED_;/Users/rar9993/repos/research/fdroid_apps/native_apps/PhotoPhase/app/src/main/java/com/ruesga/android/wallpapers/photophase/effects/PhotoPhaseEffect.java;file:/Users/rar9993/repos/research/fdroid_apps/native_apps/PhotoPhase/app/src/main/java/com/ruesga/android/wallpapers/photophase/effects/PhotoPhaseEffect.java|class:com.ruesga.android.wallpapers.photophase.effects.PhotoPhaseEffect
MemberIgnoringMethod;aDoctor;/Users/rar9993/repos/research/fdroid_apps/native_apps/PhotoPhase/NONE_TRANSFORMED_;/Users/rar9993/repos/research/fdroid_apps/native_apps/PhotoPhase/app/src/main/java/com/ruesga/android/wallpapers/photophase/effects/NullEffect.java;file:/Users/rar9993/repos/research/fdroid_apps/native_apps/PhotoPhase/app/src/main/java/com/ruesga/android/wallpapers/photophase/effects/NullEffect.java|class:com.ruesga.android.wallpapers.photophase.effects.NullEffect
MemberIgnoringMethod;aDoctor;/Users/rar9993/repos/research/fdroid_apps/native_apps/PhotoPhase/NONE_TRANSFORMED_;/Users/rar9993/repos/research/fdroid_apps/native_apps/PhotoPhase/app/src/main/java/com/ruesga/android/wallpapers/photophase/widgets/PlayPauseDrawable.java;file:/Users/rar9993/repos/research/fdroid_apps/native_apps/PhotoPhase/app/src/main/java/com/ruesga/android/wallpapers/photophase/widgets/PlayPauseDrawable.java|class:com.ruesga.android.wallpapers.photophase.widgets.PlayPauseDrawable
LeakingInnerClass;aDoctor;/Users/rar9993/repos/research/fdroid_apps/native_apps/PhotoPhase/NONE_TRANSFORMED_;/Users/rar9993/repos/research/fdroid_apps/native_apps/PhotoPhase/app/src/main/java/com/ruesga/android/wallpapers/photophase/widgets/DispositionView.java;file:/Users/rar9993/repos/research/fdroid_apps/native_apps/PhotoPhase/app/src/main/java/com/ruesga/android/wallpapers/photophase/widgets/DispositionView.java|class:com.ruesga.android.wallpapers.photophase.widgets.DispositionView
LeakingThread;aDoctor;/Users/rar9993/repos/research/fdroid_apps/native_apps/PhotoPhase/NONE_TRANSFORMED_;/Users/rar9993/repos/research/fdroid_apps/native_apps/PhotoPhase/app/src/main/java/com/ruesga/android/wallpapers/photophase/widgets/DispositionView.java;file:/Users/rar9993/repos/research/fdroid_apps/native_apps/PhotoPhase/app/src/main/java/com/ruesga/android/wallpapers/photophase/widgets/DispositionView.java|class:com.ruesga.android.wallpapers.photophase.widgets.DispositionView
MemberIgnoringMethod;aDoctor;/Users/rar9993/repos/research/fdroid_apps/native_apps/PhotoPhase/NONE_TRANSFORMED_;/Users/rar9993/repos/research/fdroid_apps/native_apps/PhotoPhase/app/src/main/java/com/ruesga/android/wallpapers/photophase/widgets/DispositionView.java;file:/Users/rar9993/repos/research/fdroid_apps/native_apps/PhotoPhase/app/src/main/java/com/ruesga/android/wallpapers/photophase/widgets/DispositionView.java|class:com.ruesga.android.wallpapers.photophase.widgets.DispositionView
SlowForLoop;aDoctor;/Users/rar9993/repos/research/fdroid_apps/native_apps/PhotoPhase/NONE_TRANSFORMED_;/Users/rar9993/repos/research/fdroid_apps/native_apps/PhotoPhase/app/src/main/java/com/ruesga/android/wallpapers/photophase/widgets/DispositionView.java;file:/Users/rar9993/repos/research/fdroid_apps/native_apps/PhotoPhase/app/src/main/java/com/ruesga/android/wallpapers/photophase/widgets/DispositionView.java|class:com.ruesga.android.wallpapers.photophase.widgets.DispositionView
DataTransmissionWithoutCompression;aDoctor;/Users/rar9993/repos/research/fdroid_apps/native_apps/PhotoPhase/NONE_TRANSFORMED_;/Users/rar9993/repos/research/fdroid_apps/native_apps/PhotoPhase/app/src/main/java/com/ruesga/android/wallpapers/photophase/widgets/PictureItemView.java;file:/Users/rar9993/repos/research/fdroid_apps/native_apps/PhotoPhase/app/src/main/java/com/ruesga/android/wallpapers/photophase/widgets/PictureItemView.java|class:com.ruesga.android.wallpapers.photophase.widgets.PictureItemView
LeakingInnerClass;aDoctor;/Users/rar9993/repos/research/fdroid_apps/native_apps/PhotoPhase/NONE_TRANSFORMED_;/Users/rar9993/repos/research/fdroid_apps/native_apps/PhotoPhase/app/src/main/java/com/ruesga/android/wallpapers/photophase/widgets/PictureItemView.java;file:/Users/rar9993/repos/research/fdroid_apps/native_apps/PhotoPhase/app/src/main/java/com/ruesga/android/wallpapers/photophase/widgets/PictureItemView.java|class:com.ruesga.android.wallpapers.photophase.widgets.PictureItemView
MemberIgnoringMethod;aDoctor;/Users/rar9993/repos/research/fdroid_apps/native_apps/PhotoPhase/NONE_TRANSFORMED_;/Users/rar9993/repos/research/fdroid_apps/native_apps/PhotoPhase/app/src/main/java/com/ruesga/android/wallpapers/photophase/widgets/PictureItemView.java;file:/Users/rar9993/repos/research/fdroid_apps/native_apps/PhotoPhase/app/src/main/java/com/ruesga/android/wallpapers/photophase/widgets/PictureItemView.java|class:com.ruesga.android.wallpapers.photophase.widgets.PictureItemView
LeakingInnerClass;aDoctor;/Users/rar9993/repos/research/fdroid_apps/native_apps/PhotoPhase/NONE_TRANSFORMED_;/Users/rar9993/repos/research/fdroid_apps/native_apps/PhotoPhase/app/src/main/java/com/ruesga/android/wallpapers/photophase/widgets/LivePreviewView.java;file:/Users/rar9993/repos/research/fdroid_apps/native_apps/PhotoPhase/app/src/main/java/com/ruesga/android/wallpapers/photophase/widgets/LivePreviewView.java|class:com.ruesga.android.wallpapers.photophase.widgets.LivePreviewView
LeakingThread;aDoctor;/Users/rar9993/repos/research/fdroid_apps/native_apps/PhotoPhase/NONE_TRANSFORMED_;/Users/rar9993/repos/research/fdroid_apps/native_apps/PhotoPhase/app/src/main/java/com/ruesga/android/wallpapers/photophase/widgets/LivePreviewView.java;file:/Users/rar9993/repos/research/fdroid_apps/native_apps/PhotoPhase/app/src/main/java/com/ruesga/android/wallpapers/photophase/widgets/LivePreviewView.java|class:com.ruesga.android.wallpapers.photophase.widgets.LivePreviewView
MemberIgnoringMethod;aDoctor;/Users/rar9993/repos/research/fdroid_apps/native_apps/PhotoPhase/NONE_TRANSFORMED_;/Users/rar9993/repos/research/fdroid_apps/native_apps/PhotoPhase/app/src/main/java/com/ruesga/android/wallpapers/photophase/widgets/LivePreviewView.java;file:/Users/rar9993/repos/research/fdroid_apps/native_apps/PhotoPhase/app/src/main/java/com/ruesga/android/wallpapers/photophase/widgets/LivePreviewView.java|class:com.ruesga.android.wallpapers.photophase.widgets.LivePreviewView
DataTransmissionWithoutCompression;aDoctor;/Users/rar9993/repos/research/fdroid_apps/native_apps/PhotoPhase/NONE_TRANSFORMED_;/Users/rar9993/repos/research/fdroid_apps/native_apps/PhotoPhase/app/src/main/java/com/ruesga/android/wallpapers/photophase/widgets/AlbumInfoView.java;file:/Users/rar9993/repos/research/fdroid_apps/native_apps/PhotoPhase/app/src/main/java/com/ruesga/android/wallpapers/photophase/widgets/AlbumInfoView.java|class:com.ruesga.android.wallpapers.photophase.widgets.AlbumInfoView
LeakingInnerClass;aDoctor;/Users/rar9993/repos/research/fdroid_apps/native_apps/PhotoPhase/NONE_TRANSFORMED_;/Users/rar9993/repos/research/fdroid_apps/native_apps/PhotoPhase/app/src/main/java/com/ruesga/android/wallpapers/photophase/widgets/AlbumInfoView.java;file:/Users/rar9993/repos/research/fdroid_apps/native_apps/PhotoPhase/app/src/main/java/com/ruesga/android/wallpapers/photophase/widgets/AlbumInfoView.java|class:com.ruesga.android.wallpapers.photophase.widgets.AlbumInfoView
MemberIgnoringMethod;aDoctor;/Users/rar9993/repos/research/fdroid_apps/native_apps/PhotoPhase/NONE_TRANSFORMED_;/Users/rar9993/repos/research/fdroid_apps/native_apps/PhotoPhase/app/src/main/java/com/ruesga/android/wallpapers/photophase/widgets/AlbumInfoView.java;file:/Users/rar9993/repos/research/fdroid_apps/native_apps/PhotoPhase/app/src/main/java/com/ruesga/android/wallpapers/photophase/widgets/AlbumInfoView.java|class:com.ruesga.android.wallpapers.photophase.widgets.AlbumInfoView
UnclosedCloseable;aDoctor;/Users/rar9993/repos/research/fdroid_apps/native_apps/PhotoPhase/NONE_TRANSFORMED_;/Users/rar9993/repos/research/fdroid_apps/native_apps/PhotoPhase/app/src/main/java/com/ruesga/android/wallpapers/photophase/widgets/AlbumInfoView.java;file:/Users/rar9993/repos/research/fdroid_apps/native_apps/PhotoPhase/app/src/main/java/com/ruesga/android/wallpapers/photophase/widgets/AlbumInfoView.java|class:com.ruesga.android.wallpapers.photophase.widgets.AlbumInfoView
LeakingInnerClass;aDoctor;/Users/rar9993/repos/research/fdroid_apps/native_apps/PhotoPhase/NONE_TRANSFORMED_;/Users/rar9993/repos/research/fdroid_apps/native_apps/PhotoPhase/app/src/main/java/com/ruesga/android/wallpapers/photophase/widgets/ResizeFrame.java;file:/Users/rar9993/repos/research/fdroid_apps/native_apps/PhotoPhase/app/src/main/java/com/ruesga/android/wallpapers/photophase/widgets/ResizeFrame.java|class:com.ruesga.android.wallpapers.photophase.widgets.ResizeFrame
MemberIgnoringMethod;aDoctor;/Users/rar9993/repos/research/fdroid_apps/native_apps/PhotoPhase/NONE_TRANSFORMED_;/Users/rar9993/repos/research/fdroid_apps/native_apps/PhotoPhase/app/src/main/java/com/ruesga/android/wallpapers/photophase/widgets/ResizeFrame.java;file:/Users/rar9993/repos/research/fdroid_apps/native_apps/PhotoPhase/app/src/main/java/com/ruesga/android/wallpapers/photophase/widgets/ResizeFrame.java|class:com.ruesga.android.wallpapers.photophase.widgets.ResizeFrame
MemberIgnoringMethod;aDoctor;/Users/rar9993/repos/research/fdroid_apps/native_apps/PhotoPhase/NONE_TRANSFORMED_;/Users/rar9993/repos/research/fdroid_apps/native_apps/PhotoPhase/floss/src/main/java/com/ruesga/android/wallpapers/photophase/cast/FlossCastTaskManager.java;file:/Users/rar9993/repos/research/fdroid_apps/native_apps/PhotoPhase/floss/src/main/java/com/ruesga/android/wallpapers/photophase/cast/FlossCastTaskManager.java|class:com.ruesga.android.wallpapers.photophase.cast.FlossCastTaskManager
RedundantFieldInitializer;PMD;/Users/rar9993/repos/research/fdroid_apps/native_apps/PhotoPhase/NONE_TRANSFORMED_;/Users/rar9993/repos/research/fdroid_apps/native_apps/PhotoPhase/app/src/main/java/com/ruesga/android/wallpapers/photophase/AndroidHelper.java;file:/Users/rar9993/repos/research/fdroid_apps/native_apps/PhotoPhase/app/src/main/java/com/ruesga/android/wallpapers/photophase/AndroidHelper.java|line:263
RedundantFieldInitializer;PMD;/Users/rar9993/repos/research/fdroid_apps/native_apps/PhotoPhase/NONE_TRANSFORMED_;/Users/rar9993/repos/research/fdroid_apps/native_apps/PhotoPhase/app/src/main/java/com/ruesga/android/wallpapers/photophase/GLESWallpaperService.java;file:/Users/rar9993/repos/research/fdroid_apps/native_apps/PhotoPhase/app/src/main/java/com/ruesga/android/wallpapers/photophase/GLESWallpaperService.java|line:84
RedundantFieldInitializer;PMD;/Users/rar9993/repos/research/fdroid_apps/native_apps/PhotoPhase/NONE_TRANSFORMED_;/Users/rar9993/repos/research/fdroid_apps/native_apps/PhotoPhase/app/src/main/java/com/ruesga/android/wallpapers/photophase/GLESWallpaperService.java;file:/Users/rar9993/repos/research/fdroid_apps/native_apps/PhotoPhase/app/src/main/java/com/ruesga/android/wallpapers/photophase/GLESWallpaperService.java|line:85
RedundantFieldInitializer;PMD;/Users/rar9993/repos/research/fdroid_apps/native_apps/PhotoPhase/NONE_TRANSFORMED_;/Users/rar9993/repos/research/fdroid_apps/native_apps/PhotoPhase/app/src/main/java/com/ruesga/android/wallpapers/photophase/GLESWallpaperService.java;file:/Users/rar9993/repos/research/fdroid_apps/native_apps/PhotoPhase/app/src/main/java/com/ruesga/android/wallpapers/photophase/GLESWallpaperService.java|line:86
OptimizableToArrayCall;PMD;/Users/rar9993/repos/research/fdroid_apps/native_apps/PhotoPhase/NONE_TRANSFORMED_;/Users/rar9993/repos/research/fdroid_apps/native_apps/PhotoPhase/app/src/main/java/com/ruesga/android/wallpapers/photophase/MediaPictureDiscoverer.java;file:/Users/rar9993/repos/research/fdroid_apps/native_apps/PhotoPhase/app/src/main/java/com/ruesga/android/wallpapers/photophase/MediaPictureDiscoverer.java|line:164
AvoidInstantiatingObjectsInLoops;PMD;/Users/rar9993/repos/research/fdroid_apps/native_apps/PhotoPhase/NONE_TRANSFORMED_;/Users/rar9993/repos/research/fdroid_apps/native_apps/PhotoPhase/app/src/main/java/com/ruesga/android/wallpapers/photophase/MediaPictureDiscoverer.java;file:/Users/rar9993/repos/research/fdroid_apps/native_apps/PhotoPhase/app/src/main/java/com/ruesga/android/wallpapers/photophase/MediaPictureDiscoverer.java|line:204
OptimizableToArrayCall;PMD;/Users/rar9993/repos/research/fdroid_apps/native_apps/PhotoPhase/NONE_TRANSFORMED_;/Users/rar9993/repos/research/fdroid_apps/native_apps/PhotoPhase/app/src/main/java/com/ruesga/android/wallpapers/photophase/MediaPictureDiscoverer.java;file:/Users/rar9993/repos/research/fdroid_apps/native_apps/PhotoPhase/app/src/main/java/com/ruesga/android/wallpapers/photophase/MediaPictureDiscoverer.java|line:216
AvoidInstantiatingObjectsInLoops;PMD;/Users/rar9993/repos/research/fdroid_apps/native_apps/PhotoPhase/NONE_TRANSFORMED_;/Users/rar9993/repos/research/fdroid_apps/native_apps/PhotoPhase/app/src/main/java/com/ruesga/android/wallpapers/photophase/MediaPictureDiscoverer.java;file:/Users/rar9993/repos/research/fdroid_apps/native_apps/PhotoPhase/app/src/main/java/com/ruesga/android/wallpapers/photophase/MediaPictureDiscoverer.java|line:324
RedundantFieldInitializer;PMD;/Users/rar9993/repos/research/fdroid_apps/native_apps/PhotoPhase/NONE_TRANSFORMED_;/Users/rar9993/repos/research/fdroid_apps/native_apps/PhotoPhase/app/src/main/java/com/ruesga/android/wallpapers/photophase/PhotoPhaseRenderer.java;file:/Users/rar9993/repos/research/fdroid_apps/native_apps/PhotoPhase/app/src/main/java/com/ruesga/android/wallpapers/photophase/PhotoPhaseRenderer.java|line:105
UselessStringValueOf;PMD;/Users/rar9993/repos/research/fdroid_apps/native_apps/PhotoPhase/NONE_TRANSFORMED_;/Users/rar9993/repos/research/fdroid_apps/native_apps/PhotoPhase/app/src/main/java/com/ruesga/android/wallpapers/photophase/PhotoPhaseWallpaperWorld.java;file:/Users/rar9993/repos/research/fdroid_apps/native_apps/PhotoPhase/app/src/main/java/com/ruesga/android/wallpapers/photophase/PhotoPhaseWallpaperWorld.java|line:308
AvoidInstantiatingObjectsInLoops;PMD;/Users/rar9993/repos/research/fdroid_apps/native_apps/PhotoPhase/NONE_TRANSFORMED_;/Users/rar9993/repos/research/fdroid_apps/native_apps/PhotoPhase/app/src/main/java/com/ruesga/android/wallpapers/photophase/PhotoPhaseWallpaperWorld.java;file:/Users/rar9993/repos/research/fdroid_apps/native_apps/PhotoPhase/app/src/main/java/com/ruesga/android/wallpapers/photophase/PhotoPhaseWallpaperWorld.java|line:322
RedundantFieldInitializer;PMD;/Users/rar9993/repos/research/fdroid_apps/native_apps/PhotoPhase/NONE_TRANSFORMED_;/Users/rar9993/repos/research/fdroid_apps/native_apps/PhotoPhase/app/src/main/java/com/ruesga/android/wallpapers/photophase/PhotoViewerActivity.java;file:/Users/rar9993/repos/research/fdroid_apps/native_apps/PhotoPhase/app/src/main/java/com/ruesga/android/wallpapers/photophase/PhotoViewerActivity.java|line:104
UseIndexOfChar;PMD;/Users/rar9993/repos/research/fdroid_apps/native_apps/PhotoPhase/NONE_TRANSFORMED_;/Users/rar9993/repos/research/fdroid_apps/native_apps/PhotoPhase/app/src/main/java/com/ruesga/android/wallpapers/photophase/cast/CIDRUtils.java;file:/Users/rar9993/repos/research/fdroid_apps/native_apps/PhotoPhase/app/src/main/java/com/ruesga/android/wallpapers/photophase/cast/CIDRUtils.java|line:48
AvoidInstantiatingObjectsInLoops;PMD;/Users/rar9993/repos/research/fdroid_apps/native_apps/PhotoPhase/NONE_TRANSFORMED_;/Users/rar9993/repos/research/fdroid_apps/native_apps/PhotoPhase/app/src/main/java/com/ruesga/android/wallpapers/photophase/cast/CastDiscover.java;file:/Users/rar9993/repos/research/fdroid_apps/native_apps/PhotoPhase/app/src/main/java/com/ruesga/android/wallpapers/photophase/cast/CastDiscover.java|line:49
RedundantFieldInitializer;PMD;/Users/rar9993/repos/research/fdroid_apps/native_apps/PhotoPhase/NONE_TRANSFORMED_;/Users/rar9993/repos/research/fdroid_apps/native_apps/PhotoPhase/app/src/main/java/com/ruesga/android/wallpapers/photophase/cast/CastMessages.java;file:/Users/rar9993/repos/research/fdroid_apps/native_apps/PhotoPhase/app/src/main/java/com/ruesga/android/wallpapers/photophase/cast/CastMessages.java|line:58
TooFewBranchesForSwitch;PMD;/Users/rar9993/repos/research/fdroid_apps/native_apps/PhotoPhase/NONE_TRANSFORMED_;/Users/rar9993/repos/research/fdroid_apps/native_apps/PhotoPhase/app/src/main/java/com/ruesga/android/wallpapers/photophase/cast/CastRouteActivity.java;file:/Users/rar9993/repos/research/fdroid_apps/native_apps/PhotoPhase/app/src/main/java/com/ruesga/android/wallpapers/photophase/cast/CastRouteActivity.java|line:78
AvoidFileStream;PMD;/Users/rar9993/repos/research/fdroid_apps/native_apps/PhotoPhase/NONE_TRANSFORMED_;/Users/rar9993/repos/research/fdroid_apps/native_apps/PhotoPhase/app/src/main/java/com/ruesga/android/wallpapers/photophase/cast/CastServer.java;file:/Users/rar9993/repos/research/fdroid_apps/native_apps/PhotoPhase/app/src/main/java/com/ruesga/android/wallpapers/photophase/cast/CastServer.java|line:376
AvoidInstantiatingObjectsInLoops;PMD;/Users/rar9993/repos/research/fdroid_apps/native_apps/PhotoPhase/NONE_TRANSFORMED_;/Users/rar9993/repos/research/fdroid_apps/native_apps/PhotoPhase/app/src/main/java/com/ruesga/android/wallpapers/photophase/cast/CastServer.java;file:/Users/rar9993/repos/research/fdroid_apps/native_apps/PhotoPhase/app/src/main/java/com/ruesga/android/wallpapers/photophase/cast/CastServer.java|line:428
RedundantFieldInitializer;PMD;/Users/rar9993/repos/research/fdroid_apps/native_apps/PhotoPhase/NONE_TRANSFORMED_;/Users/rar9993/repos/research/fdroid_apps/native_apps/PhotoPhase/app/src/main/java/com/ruesga/android/wallpapers/photophase/cast/CastService.java;file:/Users/rar9993/repos/research/fdroid_apps/native_apps/PhotoPhase/app/src/main/java/com/ruesga/android/wallpapers/photophase/cast/CastService.java|line:106
RedundantFieldInitializer;PMD;/Users/rar9993/repos/research/fdroid_apps/native_apps/PhotoPhase/NONE_TRANSFORMED_;/Users/rar9993/repos/research/fdroid_apps/native_apps/PhotoPhase/app/src/main/java/com/ruesga/android/wallpapers/photophase/cast/CastService.java;file:/Users/rar9993/repos/research/fdroid_apps/native_apps/PhotoPhase/app/src/main/java/com/ruesga/android/wallpapers/photophase/cast/CastService.java|line:107
OptimizableToArrayCall;PMD;/Users/rar9993/repos/research/fdroid_apps/native_apps/PhotoPhase/NONE_TRANSFORMED_;/Users/rar9993/repos/research/fdroid_apps/native_apps/PhotoPhase/app/src/main/java/com/ruesga/android/wallpapers/photophase/cast/CastService.java;file:/Users/rar9993/repos/research/fdroid_apps/native_apps/PhotoPhase/app/src/main/java/com/ruesga/android/wallpapers/photophase/cast/CastService.java|line:344
UseIndexOfChar;PMD;/Users/rar9993/repos/research/fdroid_apps/native_apps/PhotoPhase/NONE_TRANSFORMED_;/Users/rar9993/repos/research/fdroid_apps/native_apps/PhotoPhase/app/src/main/java/com/ruesga/android/wallpapers/photophase/cast/CastUtils.java;file:/Users/rar9993/repos/research/fdroid_apps/native_apps/PhotoPhase/app/src/main/java/com/ruesga/android/wallpapers/photophase/cast/CastUtils.java|line:53
UseIndexOfChar;PMD;/Users/rar9993/repos/research/fdroid_apps/native_apps/PhotoPhase/NONE_TRANSFORMED_;/Users/rar9993/repos/research/fdroid_apps/native_apps/PhotoPhase/app/src/main/java/com/ruesga/android/wallpapers/photophase/cast/CastUtils.java;file:/Users/rar9993/repos/research/fdroid_apps/native_apps/PhotoPhase/app/src/main/java/com/ruesga/android/wallpapers/photophase/cast/CastUtils.java|line:85
UseIndexOfChar;PMD;/Users/rar9993/repos/research/fdroid_apps/native_apps/PhotoPhase/NONE_TRANSFORMED_;/Users/rar9993/repos/research/fdroid_apps/native_apps/PhotoPhase/app/src/main/java/com/ruesga/android/wallpapers/photophase/cast/CastUtils.java;file:/Users/rar9993/repos/research/fdroid_apps/native_apps/PhotoPhase/app/src/main/java/com/ruesga/android/wallpapers/photophase/cast/CastUtils.java|line:101
UseIndexOfChar;PMD;/Users/rar9993/repos/research/fdroid_apps/native_apps/PhotoPhase/NONE_TRANSFORMED_;/Users/rar9993/repos/research/fdroid_apps/native_apps/PhotoPhase/app/src/main/java/com/ruesga/android/wallpapers/photophase/cast/CastUtils.java;file:/Users/rar9993/repos/research/fdroid_apps/native_apps/PhotoPhase/app/src/main/java/com/ruesga/android/wallpapers/photophase/cast/CastUtils.java|line:102
UseIndexOfChar;PMD;/Users/rar9993/repos/research/fdroid_apps/native_apps/PhotoPhase/NONE_TRANSFORMED_;/Users/rar9993/repos/research/fdroid_apps/native_apps/PhotoPhase/app/src/main/java/com/ruesga/android/wallpapers/photophase/cast/CastUtils.java;file:/Users/rar9993/repos/research/fdroid_apps/native_apps/PhotoPhase/app/src/main/java/com/ruesga/android/wallpapers/photophase/cast/CastUtils.java|line:102
UseIndexOfChar;PMD;/Users/rar9993/repos/research/fdroid_apps/native_apps/PhotoPhase/NONE_TRANSFORMED_;/Users/rar9993/repos/research/fdroid_apps/native_apps/PhotoPhase/app/src/main/java/com/ruesga/android/wallpapers/photophase/cast/CastUtils.java;file:/Users/rar9993/repos/research/fdroid_apps/native_apps/PhotoPhase/app/src/main/java/com/ruesga/android/wallpapers/photophase/cast/CastUtils.java|line:104
AvoidInstantiatingObjectsInLoops;PMD;/Users/rar9993/repos/research/fdroid_apps/native_apps/PhotoPhase/NONE_TRANSFORMED_;/Users/rar9993/repos/research/fdroid_apps/native_apps/PhotoPhase/app/src/main/java/com/ruesga/android/wallpapers/photophase/cast/mdsn/MDNSDiscover.java;file:/Users/rar9993/repos/research/fdroid_apps/native_apps/PhotoPhase/app/src/main/java/com/ruesga/android/wallpapers/photophase/cast/mdsn/MDNSDiscover.java|line:290
AvoidInstantiatingObjectsInLoops;PMD;/Users/rar9993/repos/research/fdroid_apps/native_apps/PhotoPhase/NONE_TRANSFORMED_;/Users/rar9993/repos/research/fdroid_apps/native_apps/PhotoPhase/app/src/main/java/com/ruesga/android/wallpapers/photophase/cast/mdsn/MDNSDiscover.java;file:/Users/rar9993/repos/research/fdroid_apps/native_apps/PhotoPhase/app/src/main/java/com/ruesga/android/wallpapers/photophase/cast/mdsn/MDNSDiscover.java|line:369
AvoidInstantiatingObjectsInLoops;PMD;/Users/rar9993/repos/research/fdroid_apps/native_apps/PhotoPhase/NONE_TRANSFORMED_;/Users/rar9993/repos/research/fdroid_apps/native_apps/PhotoPhase/app/src/main/java/com/ruesga/android/wallpapers/photophase/cast/mdsn/MDNSDiscover.java;file:/Users/rar9993/repos/research/fdroid_apps/native_apps/PhotoPhase/app/src/main/java/com/ruesga/android/wallpapers/photophase/cast/mdsn/MDNSDiscover.java|line:371
AvoidInstantiatingObjectsInLoops;PMD;/Users/rar9993/repos/research/fdroid_apps/native_apps/PhotoPhase/NONE_TRANSFORMED_;/Users/rar9993/repos/research/fdroid_apps/native_apps/PhotoPhase/app/src/main/java/com/ruesga/android/wallpapers/photophase/cast/mdsn/MDNSDiscover.java;file:/Users/rar9993/repos/research/fdroid_apps/native_apps/PhotoPhase/app/src/main/java/com/ruesga/android/wallpapers/photophase/cast/mdsn/MDNSDiscover.java|line:409
AvoidInstantiatingObjectsInLoops;PMD;/Users/rar9993/repos/research/fdroid_apps/native_apps/PhotoPhase/NONE_TRANSFORMED_;/Users/rar9993/repos/research/fdroid_apps/native_apps/PhotoPhase/app/src/main/java/com/ruesga/android/wallpapers/photophase/cast/mdsn/MDNSDiscover.java;file:/Users/rar9993/repos/research/fdroid_apps/native_apps/PhotoPhase/app/src/main/java/com/ruesga/android/wallpapers/photophase/cast/mdsn/MDNSDiscover.java|line:409
AvoidInstantiatingObjectsInLoops;PMD;/Users/rar9993/repos/research/fdroid_apps/native_apps/PhotoPhase/NONE_TRANSFORMED_;/Users/rar9993/repos/research/fdroid_apps/native_apps/PhotoPhase/app/src/main/java/com/ruesga/android/wallpapers/photophase/cast/mdsn/MDNSDiscover.java;file:/Users/rar9993/repos/research/fdroid_apps/native_apps/PhotoPhase/app/src/main/java/com/ruesga/android/wallpapers/photophase/cast/mdsn/MDNSDiscover.java|line:414
AvoidInstantiatingObjectsInLoops;PMD;/Users/rar9993/repos/research/fdroid_apps/native_apps/PhotoPhase/NONE_TRANSFORMED_;/Users/rar9993/repos/research/fdroid_apps/native_apps/PhotoPhase/app/src/main/java/com/ruesga/android/wallpapers/photophase/cast/mdsn/MDNSDiscover.java;file:/Users/rar9993/repos/research/fdroid_apps/native_apps/PhotoPhase/app/src/main/java/com/ruesga/android/wallpapers/photophase/cast/mdsn/MDNSDiscover.java|line:418
RedundantFieldInitializer;PMD;/Users/rar9993/repos/research/fdroid_apps/native_apps/PhotoPhase/NONE_TRANSFORMED_;/Users/rar9993/repos/research/fdroid_apps/native_apps/PhotoPhase/app/src/main/java/com/ruesga/android/wallpapers/photophase/model/Album.java;file:/Users/rar9993/repos/research/fdroid_apps/native_apps/PhotoPhase/app/src/main/java/com/ruesga/android/wallpapers/photophase/model/Album.java|line:40
OptimizableToArrayCall;PMD;/Users/rar9993/repos/research/fdroid_apps/native_apps/PhotoPhase/NONE_TRANSFORMED_;/Users/rar9993/repos/research/fdroid_apps/native_apps/PhotoPhase/app/src/main/java/com/ruesga/android/wallpapers/photophase/preferences/ChoosePicturesFragment.java;file:/Users/rar9993/repos/research/fdroid_apps/native_apps/PhotoPhase/app/src/main/java/com/ruesga/android/wallpapers/photophase/preferences/ChoosePicturesFragment.java|line:163
OptimizableToArrayCall;PMD;/Users/rar9993/repos/research/fdroid_apps/native_apps/PhotoPhase/NONE_TRANSFORMED_;/Users/rar9993/repos/research/fdroid_apps/native_apps/PhotoPhase/app/src/main/java/com/ruesga/android/wallpapers/photophase/preferences/ChoosePicturesFragment.java;file:/Users/rar9993/repos/research/fdroid_apps/native_apps/PhotoPhase/app/src/main/java/com/ruesga/android/wallpapers/photophase/preferences/ChoosePicturesFragment.java|line:178
TooFewBranchesForSwitch;PMD;/Users/rar9993/repos/research/fdroid_apps/native_apps/PhotoPhase/NONE_TRANSFORMED_;/Users/rar9993/repos/research/fdroid_apps/native_apps/PhotoPhase/app/src/main/java/com/ruesga/android/wallpapers/photophase/preferences/ChoosePicturesFragment.java;file:/Users/rar9993/repos/research/fdroid_apps/native_apps/PhotoPhase/app/src/main/java/com/ruesga/android/wallpapers/photophase/preferences/ChoosePicturesFragment.java|line:628
AvoidInstantiatingObjectsInLoops;PMD;/Users/rar9993/repos/research/fdroid_apps/native_apps/PhotoPhase/NONE_TRANSFORMED_;/Users/rar9993/repos/research/fdroid_apps/native_apps/PhotoPhase/app/src/main/java/com/ruesga/android/wallpapers/photophase/preferences/ChoosePicturesFragment.java;file:/Users/rar9993/repos/research/fdroid_apps/native_apps/PhotoPhase/app/src/main/java/com/ruesga/android/wallpapers/photophase/preferences/ChoosePicturesFragment.java|line:694
AvoidInstantiatingObjectsInLoops;PMD;/Users/rar9993/repos/research/fdroid_apps/native_apps/PhotoPhase/NONE_TRANSFORMED_;/Users/rar9993/repos/research/fdroid_apps/native_apps/PhotoPhase/app/src/main/java/com/ruesga/android/wallpapers/photophase/preferences/ChoosePicturesFragment.java;file:/Users/rar9993/repos/research/fdroid_apps/native_apps/PhotoPhase/app/src/main/java/com/ruesga/android/wallpapers/photophase/preferences/ChoosePicturesFragment.java|line:695
AvoidInstantiatingObjectsInLoops;PMD;/Users/rar9993/repos/research/fdroid_apps/native_apps/PhotoPhase/NONE_TRANSFORMED_;/Users/rar9993/repos/research/fdroid_apps/native_apps/PhotoPhase/app/src/main/java/com/ruesga/android/wallpapers/photophase/preferences/ChoosePicturesFragment.java;file:/Users/rar9993/repos/research/fdroid_apps/native_apps/PhotoPhase/app/src/main/java/com/ruesga/android/wallpapers/photophase/preferences/ChoosePicturesFragment.java|line:717
AvoidInstantiatingObjectsInLoops;PMD;/Users/rar9993/repos/research/fdroid_apps/native_apps/PhotoPhase/NONE_TRANSFORMED_;/Users/rar9993/repos/research/fdroid_apps/native_apps/PhotoPhase/app/src/main/java/com/ruesga/android/wallpapers/photophase/preferences/ChoosePicturesFragment.java;file:/Users/rar9993/repos/research/fdroid_apps/native_apps/PhotoPhase/app/src/main/java/com/ruesga/android/wallpapers/photophase/preferences/ChoosePicturesFragment.java|line:868
AvoidInstantiatingObjectsInLoops;PMD;/Users/rar9993/repos/research/fdroid_apps/native_apps/PhotoPhase/NONE_TRANSFORMED_;/Users/rar9993/repos/research/fdroid_apps/native_apps/PhotoPhase/app/src/main/java/com/ruesga/android/wallpapers/photophase/preferences/ChoosePicturesFragment.java;file:/Users/rar9993/repos/research/fdroid_apps/native_apps/PhotoPhase/app/src/main/java/com/ruesga/android/wallpapers/photophase/preferences/ChoosePicturesFragment.java|line:1147
TooFewBranchesForSwitch;PMD;/Users/rar9993/repos/research/fdroid_apps/native_apps/PhotoPhase/NONE_TRANSFORMED_;/Users/rar9993/repos/research/fdroid_apps/native_apps/PhotoPhase/app/src/main/java/com/ruesga/android/wallpapers/photophase/preferences/LivePreviewFragment.java;file:/Users/rar9993/repos/research/fdroid_apps/native_apps/PhotoPhase/app/src/main/java/com/ruesga/android/wallpapers/photophase/preferences/LivePreviewFragment.java|line:66
TooFewBranchesForSwitch;PMD;/Users/rar9993/repos/research/fdroid_apps/native_apps/PhotoPhase/NONE_TRANSFORMED_;/Users/rar9993/repos/research/fdroid_apps/native_apps/PhotoPhase/app/src/main/java/com/ruesga/android/wallpapers/photophase/preferences/PhotoPhasePreferences.java;file:/Users/rar9993/repos/research/fdroid_apps/native_apps/PhotoPhase/app/src/main/java/com/ruesga/android/wallpapers/photophase/preferences/PhotoPhasePreferences.java|line:123
OptimizableToArrayCall;PMD;/Users/rar9993/repos/research/fdroid_apps/native_apps/PhotoPhase/NONE_TRANSFORMED_;/Users/rar9993/repos/research/fdroid_apps/native_apps/PhotoPhase/app/src/main/java/com/ruesga/android/wallpapers/photophase/preferences/PreferencesProvider.java;file:/Users/rar9993/repos/research/fdroid_apps/native_apps/PhotoPhase/app/src/main/java/com/ruesga/android/wallpapers/photophase/preferences/PreferencesProvider.java|line:246
OptimizableToArrayCall;PMD;/Users/rar9993/repos/research/fdroid_apps/native_apps/PhotoPhase/NONE_TRANSFORMED_;/Users/rar9993/repos/research/fdroid_apps/native_apps/PhotoPhase/app/src/main/java/com/ruesga/android/wallpapers/photophase/preferences/PreferencesProvider.java;file:/Users/rar9993/repos/research/fdroid_apps/native_apps/PhotoPhase/app/src/main/java/com/ruesga/android/wallpapers/photophase/preferences/PreferencesProvider.java|line:291
OptimizableToArrayCall;PMD;/Users/rar9993/repos/research/fdroid_apps/native_apps/PhotoPhase/NONE_TRANSFORMED_;/Users/rar9993/repos/research/fdroid_apps/native_apps/PhotoPhase/app/src/main/java/com/ruesga/android/wallpapers/photophase/preferences/PreferencesProvider.java;file:/Users/rar9993/repos/research/fdroid_apps/native_apps/PhotoPhase/app/src/main/java/com/ruesga/android/wallpapers/photophase/preferences/PreferencesProvider.java|line:350
UseIndexOfChar;PMD;/Users/rar9993/repos/research/fdroid_apps/native_apps/PhotoPhase/NONE_TRANSFORMED_;/Users/rar9993/repos/research/fdroid_apps/native_apps/PhotoPhase/app/src/main/java/com/ruesga/android/wallpapers/photophase/preferences/PreferencesProvider.java;file:/Users/rar9993/repos/research/fdroid_apps/native_apps/PhotoPhase/app/src/main/java/com/ruesga/android/wallpapers/photophase/preferences/PreferencesProvider.java|line:645
UseIndexOfChar;PMD;/Users/rar9993/repos/research/fdroid_apps/native_apps/PhotoPhase/NONE_TRANSFORMED_;/Users/rar9993/repos/research/fdroid_apps/native_apps/PhotoPhase/app/src/main/java/com/ruesga/android/wallpapers/photophase/preferences/PreferencesProvider.java;file:/Users/rar9993/repos/research/fdroid_apps/native_apps/PhotoPhase/app/src/main/java/com/ruesga/android/wallpapers/photophase/preferences/PreferencesProvider.java|line:646
UseIndexOfChar;PMD;/Users/rar9993/repos/research/fdroid_apps/native_apps/PhotoPhase/NONE_TRANSFORMED_;/Users/rar9993/repos/research/fdroid_apps/native_apps/PhotoPhase/app/src/main/java/com/ruesga/android/wallpapers/photophase/preferences/PreferencesProvider.java;file:/Users/rar9993/repos/research/fdroid_apps/native_apps/PhotoPhase/app/src/main/java/com/ruesga/android/wallpapers/photophase/preferences/PreferencesProvider.java|line:654
AvoidInstantiatingObjectsInLoops;PMD;/Users/rar9993/repos/research/fdroid_apps/native_apps/PhotoPhase/NONE_TRANSFORMED_;/Users/rar9993/repos/research/fdroid_apps/native_apps/PhotoPhase/app/src/main/java/com/ruesga/android/wallpapers/photophase/providers/TemporaryContentAccessProvider.java;file:/Users/rar9993/repos/research/fdroid_apps/native_apps/PhotoPhase/app/src/main/java/com/ruesga/android/wallpapers/photophase/providers/TemporaryContentAccessProvider.java|line:83
RedundantFieldInitializer;PMD;/Users/rar9993/repos/research/fdroid_apps/native_apps/PhotoPhase/NONE_TRANSFORMED_;/Users/rar9993/repos/research/fdroid_apps/native_apps/PhotoPhase/app/src/main/java/com/ruesga/android/wallpapers/photophase/textures/PhotoPhaseTextureManager.java;file:/Users/rar9993/repos/research/fdroid_apps/native_apps/PhotoPhase/app/src/main/java/com/ruesga/android/wallpapers/photophase/textures/PhotoPhaseTextureManager.java|line:91
AvoidInstantiatingObjectsInLoops;PMD;/Users/rar9993/repos/research/fdroid_apps/native_apps/PhotoPhase/NONE_TRANSFORMED_;/Users/rar9993/repos/research/fdroid_apps/native_apps/PhotoPhase/app/src/main/java/com/ruesga/android/wallpapers/photophase/textures/PhotoPhaseTextureManager.java;file:/Users/rar9993/repos/research/fdroid_apps/native_apps/PhotoPhase/app/src/main/java/com/ruesga/android/wallpapers/photophase/textures/PhotoPhaseTextureManager.java|line:278
AvoidInstantiatingObjectsInLoops;PMD;/Users/rar9993/repos/research/fdroid_apps/native_apps/PhotoPhase/NONE_TRANSFORMED_;/Users/rar9993/repos/research/fdroid_apps/native_apps/PhotoPhase/app/src/main/java/com/ruesga/android/wallpapers/photophase/textures/PhotoPhaseTextureManager.java;file:/Users/rar9993/repos/research/fdroid_apps/native_apps/PhotoPhase/app/src/main/java/com/ruesga/android/wallpapers/photophase/textures/PhotoPhaseTextureManager.java|line:648
RedundantFieldInitializer;PMD;/Users/rar9993/repos/research/fdroid_apps/native_apps/PhotoPhase/NONE_TRANSFORMED_;/Users/rar9993/repos/research/fdroid_apps/native_apps/PhotoPhase/app/src/main/java/com/ruesga/android/wallpapers/photophase/textures/SimpleTextureManager.java;file:/Users/rar9993/repos/research/fdroid_apps/native_apps/PhotoPhase/app/src/main/java/com/ruesga/android/wallpapers/photophase/textures/SimpleTextureManager.java|line:48
AvoidInstantiatingObjectsInLoops;PMD;/Users/rar9993/repos/research/fdroid_apps/native_apps/PhotoPhase/NONE_TRANSFORMED_;/Users/rar9993/repos/research/fdroid_apps/native_apps/PhotoPhase/app/src/main/java/com/ruesga/android/wallpapers/photophase/utils/DispositionUtil.java;file:/Users/rar9993/repos/research/fdroid_apps/native_apps/PhotoPhase/app/src/main/java/com/ruesga/android/wallpapers/photophase/utils/DispositionUtil.java|line:51
AppendCharacterWithChar;PMD;/Users/rar9993/repos/research/fdroid_apps/native_apps/PhotoPhase/NONE_TRANSFORMED_;/Users/rar9993/repos/research/fdroid_apps/native_apps/PhotoPhase/app/src/main/java/com/ruesga/android/wallpapers/photophase/utils/DispositionUtil.java;file:/Users/rar9993/repos/research/fdroid_apps/native_apps/PhotoPhase/app/src/main/java/com/ruesga/android/wallpapers/photophase/utils/DispositionUtil.java|line:76
AppendCharacterWithChar;PMD;/Users/rar9993/repos/research/fdroid_apps/native_apps/PhotoPhase/NONE_TRANSFORMED_;/Users/rar9993/repos/research/fdroid_apps/native_apps/PhotoPhase/app/src/main/java/com/ruesga/android/wallpapers/photophase/utils/DispositionUtil.java;file:/Users/rar9993/repos/research/fdroid_apps/native_apps/PhotoPhase/app/src/main/java/com/ruesga/android/wallpapers/photophase/utils/DispositionUtil.java|line:78
AppendCharacterWithChar;PMD;/Users/rar9993/repos/research/fdroid_apps/native_apps/PhotoPhase/NONE_TRANSFORMED_;/Users/rar9993/repos/research/fdroid_apps/native_apps/PhotoPhase/app/src/main/java/com/ruesga/android/wallpapers/photophase/utils/DispositionUtil.java;file:/Users/rar9993/repos/research/fdroid_apps/native_apps/PhotoPhase/app/src/main/java/com/ruesga/android/wallpapers/photophase/utils/DispositionUtil.java|line:80
AppendCharacterWithChar;PMD;/Users/rar9993/repos/research/fdroid_apps/native_apps/PhotoPhase/NONE_TRANSFORMED_;/Users/rar9993/repos/research/fdroid_apps/native_apps/PhotoPhase/app/src/main/java/com/ruesga/android/wallpapers/photophase/utils/DispositionUtil.java;file:/Users/rar9993/repos/research/fdroid_apps/native_apps/PhotoPhase/app/src/main/java/com/ruesga/android/wallpapers/photophase/utils/DispositionUtil.java|line:82
AppendCharacterWithChar;PMD;/Users/rar9993/repos/research/fdroid_apps/native_apps/PhotoPhase/NONE_TRANSFORMED_;/Users/rar9993/repos/research/fdroid_apps/native_apps/PhotoPhase/app/src/main/java/com/ruesga/android/wallpapers/photophase/utils/DispositionUtil.java;file:/Users/rar9993/repos/research/fdroid_apps/native_apps/PhotoPhase/app/src/main/java/com/ruesga/android/wallpapers/photophase/utils/DispositionUtil.java|line:85
RedundantFieldInitializer;PMD;/Users/rar9993/repos/research/fdroid_apps/native_apps/PhotoPhase/NONE_TRANSFORMED_;/Users/rar9993/repos/research/fdroid_apps/native_apps/PhotoPhase/app/src/main/java/com/ruesga/android/wallpapers/photophase/utils/GLESUtil.java;file:/Users/rar9993/repos/research/fdroid_apps/native_apps/PhotoPhase/app/src/main/java/com/ruesga/android/wallpapers/photophase/utils/GLESUtil.java|line:62
RedundantFieldInitializer;PMD;/Users/rar9993/repos/research/fdroid_apps/native_apps/PhotoPhase/NONE_TRANSFORMED_;/Users/rar9993/repos/research/fdroid_apps/native_apps/PhotoPhase/app/src/main/java/com/ruesga/android/wallpapers/photophase/utils/GLESUtil.java;file:/Users/rar9993/repos/research/fdroid_apps/native_apps/PhotoPhase/app/src/main/java/com/ruesga/android/wallpapers/photophase/utils/GLESUtil.java|line:192
AvoidInstantiatingObjectsInLoops;PMD;/Users/rar9993/repos/research/fdroid_apps/native_apps/PhotoPhase/NONE_TRANSFORMED_;/Users/rar9993/repos/research/fdroid_apps/native_apps/PhotoPhase/app/src/main/java/com/ruesga/android/wallpapers/photophase/utils/MERAlgorithm.java;file:/Users/rar9993/repos/research/fdroid_apps/native_apps/PhotoPhase/app/src/main/java/com/ruesga/android/wallpapers/photophase/utils/MERAlgorithm.java|line:86
AvoidInstantiatingObjectsInLoops;PMD;/Users/rar9993/repos/research/fdroid_apps/native_apps/PhotoPhase/NONE_TRANSFORMED_;/Users/rar9993/repos/research/fdroid_apps/native_apps/PhotoPhase/app/src/main/java/com/ruesga/android/wallpapers/photophase/utils/MERAlgorithm.java;file:/Users/rar9993/repos/research/fdroid_apps/native_apps/PhotoPhase/app/src/main/java/com/ruesga/android/wallpapers/photophase/utils/MERAlgorithm.java|line:97
RedundantFieldInitializer;PMD;/Users/rar9993/repos/research/fdroid_apps/native_apps/PhotoPhase/NONE_TRANSFORMED_;/Users/rar9993/repos/research/fdroid_apps/native_apps/PhotoPhase/app/src/main/java/com/ruesga/android/wallpapers/photophase/widgets/DispositionView.java;file:/Users/rar9993/repos/research/fdroid_apps/native_apps/PhotoPhase/app/src/main/java/com/ruesga/android/wallpapers/photophase/widgets/DispositionView.java|line:87
RedundantFieldInitializer;PMD;/Users/rar9993/repos/research/fdroid_apps/native_apps/PhotoPhase/NONE_TRANSFORMED_;/Users/rar9993/repos/research/fdroid_apps/native_apps/PhotoPhase/app/src/main/java/com/ruesga/android/wallpapers/photophase/widgets/DispositionView.java;file:/Users/rar9993/repos/research/fdroid_apps/native_apps/PhotoPhase/app/src/main/java/com/ruesga/android/wallpapers/photophase/widgets/DispositionView.java|line:88
AvoidInstantiatingObjectsInLoops;PMD;/Users/rar9993/repos/research/fdroid_apps/native_apps/PhotoPhase/NONE_TRANSFORMED_;/Users/rar9993/repos/research/fdroid_apps/native_apps/PhotoPhase/app/src/main/java/com/ruesga/android/wallpapers/photophase/widgets/DispositionView.java;file:/Users/rar9993/repos/research/fdroid_apps/native_apps/PhotoPhase/app/src/main/java/com/ruesga/android/wallpapers/photophase/widgets/DispositionView.java|line:286
MemberIgnoringMethod;DAAP;/Users/rar9993/repos/research/fdroid_apps/native_apps/PhotoPhase/NONE_TRANSFORMED_;/src/main/java/com/ruesga/android/wallpapers/photophase/cast/FlossCastTaskManager.java;file:/src/main/java/com/ruesga/android/wallpapers/photophase/cast/FlossCastTaskManager.java
MemberIgnoringMethod;DAAP;/Users/rar9993/repos/research/fdroid_apps/native_apps/PhotoPhase/NONE_TRANSFORMED_;/src/main/java/com/ruesga/android/wallpapers/photophase/MediaPictureDiscoverer.java;file:/src/main/java/com/ruesga/android/wallpapers/photophase/MediaPictureDiscoverer.java
MemberIgnoringMethod;DAAP;/Users/rar9993/repos/research/fdroid_apps/native_apps/PhotoPhase/NONE_TRANSFORMED_;/src/main/java/com/ruesga/android/wallpapers/photophase/textures/TextureManager.java;file:/src/main/java/com/ruesga/android/wallpapers/photophase/textures/TextureManager.java
MemberIgnoringMethod;DAAP;/Users/rar9993/repos/research/fdroid_apps/native_apps/PhotoPhase/NONE_TRANSFORMED_;/src/main/java/com/ruesga/android/wallpapers/photophase/textures/TextureRequestor.java;file:/src/main/java/com/ruesga/android/wallpapers/photophase/textures/TextureRequestor.java
MemberIgnoringMethod;DAAP;/Users/rar9993/repos/research/fdroid_apps/native_apps/PhotoPhase/NONE_TRANSFORMED_;/src/main/java/com/ruesga/android/wallpapers/photophase/PhotoPhaseApplication.java;file:/src/main/java/com/ruesga/android/wallpapers/photophase/PhotoPhaseApplication.java
MemberIgnoringMethod;DAAP;/Users/rar9993/repos/research/fdroid_apps/native_apps/PhotoPhase/NONE_TRANSFORMED_;/src/main/java/com/ruesga/android/wallpapers/photophase/preferences/AppCompatPreferenceActivity.java;file:/src/main/java/com/ruesga/android/wallpapers/photophase/preferences/AppCompatPreferenceActivity.java
MemberIgnoringMethod;DAAP;/Users/rar9993/repos/research/fdroid_apps/native_apps/PhotoPhase/NONE_TRANSFORMED_;/src/main/java/com/ruesga/android/wallpapers/photophase/preferences/MediaPreferenceFragment.java;file:/src/main/java/com/ruesga/android/wallpapers/photophase/preferences/MediaPreferenceFragment.java
MemberIgnoringMethod;DAAP;/Users/rar9993/repos/research/fdroid_apps/native_apps/PhotoPhase/NONE_TRANSFORMED_;/src/main/java/com/ruesga/android/wallpapers/photophase/preferences/SwitchPreference.java;file:/src/main/java/com/ruesga/android/wallpapers/photophase/preferences/SwitchPreference.java
MemberIgnoringMethod;DAAP;/Users/rar9993/repos/research/fdroid_apps/native_apps/PhotoPhase/NONE_TRANSFORMED_;/src/main/java/com/ruesga/android/wallpapers/photophase/preferences/PhotoPhasePreferences.java;file:/src/main/java/com/ruesga/android/wallpapers/photophase/preferences/PhotoPhasePreferences.java
MemberIgnoringMethod;DAAP;/Users/rar9993/repos/research/fdroid_apps/native_apps/PhotoPhase/NONE_TRANSFORMED_;/src/main/java/com/ruesga/android/wallpapers/photophase/preferences/LandscapeDispositionFragment.java;file:/src/main/java/com/ruesga/android/wallpapers/photophase/preferences/LandscapeDispositionFragment.java
MemberIgnoringMethod;DAAP;/Users/rar9993/repos/research/fdroid_apps/native_apps/PhotoPhase/NONE_TRANSFORMED_;/src/main/java/com/ruesga/android/wallpapers/photophase/preferences/MultiSelectListPreferenceCompat.java;file:/src/main/java/com/ruesga/android/wallpapers/photophase/preferences/MultiSelectListPreferenceCompat.java
MemberIgnoringMethod;DAAP;/Users/rar9993/repos/research/fdroid_apps/native_apps/PhotoPhase/NONE_TRANSFORMED_;/src/main/java/com/ruesga/android/wallpapers/photophase/preferences/DiscreteSeekBarPreference.java;file:/src/main/java/com/ruesga/android/wallpapers/photophase/preferences/DiscreteSeekBarPreference.java
MemberIgnoringMethod;DAAP;/Users/rar9993/repos/research/fdroid_apps/native_apps/PhotoPhase/NONE_TRANSFORMED_;/src/main/java/com/ruesga/android/wallpapers/photophase/preferences/ChoosePicturesFragment.java;file:/src/main/java/com/ruesga/android/wallpapers/photophase/preferences/ChoosePicturesFragment.java
MemberIgnoringMethod;DAAP;/Users/rar9993/repos/research/fdroid_apps/native_apps/PhotoPhase/NONE_TRANSFORMED_;/src/main/java/com/ruesga/android/wallpapers/photophase/preferences/LiveEffectsPreviewFragment.java;file:/src/main/java/com/ruesga/android/wallpapers/photophase/preferences/LiveEffectsPreviewFragment.java
MemberIgnoringMethod;DAAP;/Users/rar9993/repos/research/fdroid_apps/native_apps/PhotoPhase/NONE_TRANSFORMED_;/src/main/java/com/ruesga/android/wallpapers/photophase/preferences/LiveTransitionsPreviewFragment.java;file:/src/main/java/com/ruesga/android/wallpapers/photophase/preferences/LiveTransitionsPreviewFragment.java
MemberIgnoringMethod;DAAP;/Users/rar9993/repos/research/fdroid_apps/native_apps/PhotoPhase/NONE_TRANSFORMED_;/src/main/java/com/ruesga/android/wallpapers/photophase/preferences/OnBackPressedListener.java;file:/src/main/java/com/ruesga/android/wallpapers/photophase/preferences/OnBackPressedListener.java
MemberIgnoringMethod;DAAP;/Users/rar9993/repos/research/fdroid_apps/native_apps/PhotoPhase/NONE_TRANSFORMED_;/src/main/java/com/ruesga/android/wallpapers/photophase/preferences/LivePreviewFragment.java;file:/src/main/java/com/ruesga/android/wallpapers/photophase/preferences/LivePreviewFragment.java
MemberIgnoringMethod;DAAP;/Users/rar9993/repos/research/fdroid_apps/native_apps/PhotoPhase/NONE_TRANSFORMED_;/src/main/java/com/ruesga/android/wallpapers/photophase/preferences/LiveBordersPreviewFragment.java;file:/src/main/java/com/ruesga/android/wallpapers/photophase/preferences/LiveBordersPreviewFragment.java
MemberIgnoringMethod;DAAP;/Users/rar9993/repos/research/fdroid_apps/native_apps/PhotoPhase/NONE_TRANSFORMED_;/src/main/java/com/ruesga/android/wallpapers/photophase/preferences/DiscreteSeekBarProgressPreference.java;file:/src/main/java/com/ruesga/android/wallpapers/photophase/preferences/DiscreteSeekBarProgressPreference.java
MemberIgnoringMethod;DAAP;/Users/rar9993/repos/research/fdroid_apps/native_apps/PhotoPhase/NONE_TRANSFORMED_;/src/main/java/com/ruesga/android/wallpapers/photophase/preferences/PortraitDispositionFragment.java;file:/src/main/java/com/ruesga/android/wallpapers/photophase/preferences/PortraitDispositionFragment.java
MemberIgnoringMethod;DAAP;/Users/rar9993/repos/research/fdroid_apps/native_apps/PhotoPhase/NONE_TRANSFORMED_;/src/main/java/com/ruesga/android/wallpapers/photophase/preferences/GeneralPreferenceFragment.java;file:/src/main/java/com/ruesga/android/wallpapers/photophase/preferences/GeneralPreferenceFragment.java
MemberIgnoringMethod;DAAP;/Users/rar9993/repos/research/fdroid_apps/native_apps/PhotoPhase/NONE_TRANSFORMED_;/src/main/java/com/ruesga/android/wallpapers/photophase/preferences/DispositionFragment.java;file:/src/main/java/com/ruesga/android/wallpapers/photophase/preferences/DispositionFragment.java
MemberIgnoringMethod;DAAP;/Users/rar9993/repos/research/fdroid_apps/native_apps/PhotoPhase/NONE_TRANSFORMED_;/src/main/java/com/ruesga/android/wallpapers/photophase/preferences/LayoutPreferenceFragment.java;file:/src/main/java/com/ruesga/android/wallpapers/photophase/preferences/LayoutPreferenceFragment.java
MemberIgnoringMethod;DAAP;/Users/rar9993/repos/research/fdroid_apps/native_apps/PhotoPhase/NONE_TRANSFORMED_;/src/main/java/com/ruesga/android/wallpapers/photophase/preferences/CastPreferenceFragment.java;file:/src/main/java/com/ruesga/android/wallpapers/photophase/preferences/CastPreferenceFragment.java
MemberIgnoringMethod;DAAP;/Users/rar9993/repos/research/fdroid_apps/native_apps/PhotoPhase/NONE_TRANSFORMED_;/src/main/java/com/ruesga/android/wallpapers/photophase/preferences/ColorPickerPreference.java;file:/src/main/java/com/ruesga/android/wallpapers/photophase/preferences/ColorPickerPreference.java
MemberIgnoringMethod;DAAP;/Users/rar9993/repos/research/fdroid_apps/native_apps/PhotoPhase/NONE_TRANSFORMED_;/src/main/java/com/ruesga/android/wallpapers/photophase/tasks/AsyncPictureLoaderTask.java;file:/src/main/java/com/ruesga/android/wallpapers/photophase/tasks/AsyncPictureLoaderTask.java
MemberIgnoringMethod;DAAP;/Users/rar9993/repos/research/fdroid_apps/native_apps/PhotoPhase/NONE_TRANSFORMED_;/src/main/java/com/ruesga/android/wallpapers/photophase/EGLWallpaperService.java;file:/src/main/java/com/ruesga/android/wallpapers/photophase/EGLWallpaperService.java
MemberIgnoringMethod;DAAP;/Users/rar9993/repos/research/fdroid_apps/native_apps/PhotoPhase/NONE_TRANSFORMED_;/src/main/java/com/ruesga/android/wallpapers/photophase/PhotoPhaseWallpaper.java;file:/src/main/java/com/ruesga/android/wallpapers/photophase/PhotoPhaseWallpaper.java
MemberIgnoringMethod;DAAP;/Users/rar9993/repos/research/fdroid_apps/native_apps/PhotoPhase/NONE_TRANSFORMED_;/src/main/java/com/ruesga/android/wallpapers/photophase/borders/Border.java;file:/src/main/java/com/ruesga/android/wallpapers/photophase/borders/Border.java
MemberIgnoringMethod;DAAP;/Users/rar9993/repos/research/fdroid_apps/native_apps/PhotoPhase/NONE_TRANSFORMED_;/src/main/java/com/ruesga/android/wallpapers/photophase/borders/NullBorder.java;file:/src/main/java/com/ruesga/android/wallpapers/photophase/borders/NullBorder.java
MemberIgnoringMethod;DAAP;/Users/rar9993/repos/research/fdroid_apps/native_apps/PhotoPhase/NONE_TRANSFORMED_;/src/main/java/com/ruesga/android/wallpapers/photophase/cast/CastReceiver.java;file:/src/main/java/com/ruesga/android/wallpapers/photophase/cast/CastReceiver.java
MemberIgnoringMethod;DAAP;/Users/rar9993/repos/research/fdroid_apps/native_apps/PhotoPhase/NONE_TRANSFORMED_;/src/main/java/com/ruesga/android/wallpapers/photophase/cast/CastService.java;file:/src/main/java/com/ruesga/android/wallpapers/photophase/cast/CastService.java
MemberIgnoringMethod;DAAP;/Users/rar9993/repos/research/fdroid_apps/native_apps/PhotoPhase/NONE_TRANSFORMED_;/src/main/java/com/ruesga/android/wallpapers/photophase/cast/CastPhotoQueueActivity.java;file:/src/main/java/com/ruesga/android/wallpapers/photophase/cast/CastPhotoQueueActivity.java
MemberIgnoringMethod;DAAP;/Users/rar9993/repos/research/fdroid_apps/native_apps/PhotoPhase/NONE_TRANSFORMED_;/src/main/java/com/ruesga/android/wallpapers/photophase/cast/CastDiscover.java;file:/src/main/java/com/ruesga/android/wallpapers/photophase/cast/CastDiscover.java
MemberIgnoringMethod;DAAP;/Users/rar9993/repos/research/fdroid_apps/native_apps/PhotoPhase/NONE_TRANSFORMED_;/src/main/java/com/ruesga/android/wallpapers/photophase/cast/mdsn/MDNSDiscover.java;file:/src/main/java/com/ruesga/android/wallpapers/photophase/cast/mdsn/MDNSDiscover.java
MemberIgnoringMethod;DAAP;/Users/rar9993/repos/research/fdroid_apps/native_apps/PhotoPhase/NONE_TRANSFORMED_;/src/main/java/com/ruesga/android/wallpapers/photophase/cast/mdsn/DiscoverResolver.java;file:/src/main/java/com/ruesga/android/wallpapers/photophase/cast/mdsn/DiscoverResolver.java
MemberIgnoringMethod;DAAP;/Users/rar9993/repos/research/fdroid_apps/native_apps/PhotoPhase/NONE_TRANSFORMED_;/src/main/java/com/ruesga/android/wallpapers/photophase/cast/mdsn/MapDebouncer.java;file:/src/main/java/com/ruesga/android/wallpapers/photophase/cast/mdsn/MapDebouncer.java
MemberIgnoringMethod;DAAP;/Users/rar9993/repos/research/fdroid_apps/native_apps/PhotoPhase/NONE_TRANSFORMED_;/src/main/java/com/ruesga/android/wallpapers/photophase/cast/CastRouteActivity.java;file:/src/main/java/com/ruesga/android/wallpapers/photophase/cast/CastRouteActivity.java
MemberIgnoringMethod;DAAP;/Users/rar9993/repos/research/fdroid_apps/native_apps/PhotoPhase/NONE_TRANSFORMED_;/src/main/java/com/ruesga/android/wallpapers/photophase/cast/CastServer.java;file:/src/main/java/com/ruesga/android/wallpapers/photophase/cast/CastServer.java
MemberIgnoringMethod;DAAP;/Users/rar9993/repos/research/fdroid_apps/native_apps/PhotoPhase/NONE_TRANSFORMED_;/src/main/java/com/ruesga/android/wallpapers/photophase/PhotoFrame.java;file:/src/main/java/com/ruesga/android/wallpapers/photophase/PhotoFrame.java
MemberIgnoringMethod;DAAP;/Users/rar9993/repos/research/fdroid_apps/native_apps/PhotoPhase/NONE_TRANSFORMED_;/src/main/java/com/ruesga/android/wallpapers/photophase/PhotoPhaseRenderer.java;file:/src/main/java/com/ruesga/android/wallpapers/photophase/PhotoPhaseRenderer.java
MemberIgnoringMethod;DAAP;/Users/rar9993/repos/research/fdroid_apps/native_apps/PhotoPhase/NONE_TRANSFORMED_;/src/main/java/com/ruesga/android/wallpapers/photophase/shapes/DrawableShape.java;file:/src/main/java/com/ruesga/android/wallpapers/photophase/shapes/DrawableShape.java
MemberIgnoringMethod;DAAP;/Users/rar9993/repos/research/fdroid_apps/native_apps/PhotoPhase/NONE_TRANSFORMED_;/src/main/java/com/ruesga/android/wallpapers/photophase/GLES20WallpaperService.java;file:/src/main/java/com/ruesga/android/wallpapers/photophase/GLES20WallpaperService.java
MemberIgnoringMethod;DAAP;/Users/rar9993/repos/research/fdroid_apps/native_apps/PhotoPhase/NONE_TRANSFORMED_;/src/main/java/com/ruesga/android/wallpapers/photophase/PhotoViewerActivity.java;file:/src/main/java/com/ruesga/android/wallpapers/photophase/PhotoViewerActivity.java
MemberIgnoringMethod;DAAP;/Users/rar9993/repos/research/fdroid_apps/native_apps/PhotoPhase/NONE_TRANSFORMED_;/src/main/java/com/ruesga/android/wallpapers/photophase/adapters/AlbumPictureAdapter.java;file:/src/main/java/com/ruesga/android/wallpapers/photophase/adapters/AlbumPictureAdapter.java
MemberIgnoringMethod;DAAP;/Users/rar9993/repos/research/fdroid_apps/native_apps/PhotoPhase/NONE_TRANSFORMED_;/src/main/java/com/ruesga/android/wallpapers/photophase/adapters/LivePreviewAdapter.java;file:/src/main/java/com/ruesga/android/wallpapers/photophase/adapters/LivePreviewAdapter.java
MemberIgnoringMethod;DAAP;/Users/rar9993/repos/research/fdroid_apps/native_apps/PhotoPhase/NONE_TRANSFORMED_;/src/main/java/com/ruesga/android/wallpapers/photophase/transitions/Transition.java;file:/src/main/java/com/ruesga/android/wallpapers/photophase/transitions/Transition.java
MemberIgnoringMethod;DAAP;/Users/rar9993/repos/research/fdroid_apps/native_apps/PhotoPhase/NONE_TRANSFORMED_;/src/main/java/com/ruesga/android/wallpapers/photophase/transitions/NullTransition.java;file:/src/main/java/com/ruesga/android/wallpapers/photophase/transitions/NullTransition.java
MemberIgnoringMethod;DAAP;/Users/rar9993/repos/research/fdroid_apps/native_apps/PhotoPhase/NONE_TRANSFORMED_;/src/main/java/com/ruesga/android/wallpapers/photophase/transitions/ApertureTransition.java;file:/src/main/java/com/ruesga/android/wallpapers/photophase/transitions/ApertureTransition.java
MemberIgnoringMethod;DAAP;/Users/rar9993/repos/research/fdroid_apps/native_apps/PhotoPhase/NONE_TRANSFORMED_;/src/main/java/com/ruesga/android/wallpapers/photophase/transitions/FlipTransition.java;file:/src/main/java/com/ruesga/android/wallpapers/photophase/transitions/FlipTransition.java
MemberIgnoringMethod;DAAP;/Users/rar9993/repos/research/fdroid_apps/native_apps/PhotoPhase/NONE_TRANSFORMED_;/src/main/java/com/ruesga/android/wallpapers/photophase/transitions/BlurTransition.java;file:/src/main/java/com/ruesga/android/wallpapers/photophase/transitions/BlurTransition.java
MemberIgnoringMethod;DAAP;/Users/rar9993/repos/research/fdroid_apps/native_apps/PhotoPhase/NONE_TRANSFORMED_;/src/main/java/com/ruesga/android/wallpapers/photophase/transitions/MixTransition.java;file:/src/main/java/com/ruesga/android/wallpapers/photophase/transitions/MixTransition.java
MemberIgnoringMethod;DAAP;/Users/rar9993/repos/research/fdroid_apps/native_apps/PhotoPhase/NONE_TRANSFORMED_;/src/main/java/com/ruesga/android/wallpapers/photophase/transitions/CubeTransition.java;file:/src/main/java/com/ruesga/android/wallpapers/photophase/transitions/CubeTransition.java
MemberIgnoringMethod;DAAP;/Users/rar9993/repos/research/fdroid_apps/native_apps/PhotoPhase/NONE_TRANSFORMED_;/src/main/java/com/ruesga/android/wallpapers/photophase/transitions/SwapTransition.java;file:/src/main/java/com/ruesga/android/wallpapers/photophase/transitions/SwapTransition.java
MemberIgnoringMethod;DAAP;/Users/rar9993/repos/research/fdroid_apps/native_apps/PhotoPhase/NONE_TRANSFORMED_;/src/main/java/com/ruesga/android/wallpapers/photophase/transitions/WindowTransition.java;file:/src/main/java/com/ruesga/android/wallpapers/photophase/transitions/WindowTransition.java
MemberIgnoringMethod;DAAP;/Users/rar9993/repos/research/fdroid_apps/native_apps/PhotoPhase/NONE_TRANSFORMED_;/src/main/java/com/ruesga/android/wallpapers/photophase/transitions/VertigoTransition.java;file:/src/main/java/com/ruesga/android/wallpapers/photophase/transitions/VertigoTransition.java
MemberIgnoringMethod;DAAP;/Users/rar9993/repos/research/fdroid_apps/native_apps/PhotoPhase/NONE_TRANSFORMED_;/src/main/java/com/ruesga/android/wallpapers/photophase/transitions/FadeTransition.java;file:/src/main/java/com/ruesga/android/wallpapers/photophase/transitions/FadeTransition.java
MemberIgnoringMethod;DAAP;/Users/rar9993/repos/research/fdroid_apps/native_apps/PhotoPhase/NONE_TRANSFORMED_;/src/main/java/com/ruesga/android/wallpapers/photophase/transitions/TranslateTransition.java;file:/src/main/java/com/ruesga/android/wallpapers/photophase/transitions/TranslateTransition.java
MemberIgnoringMethod;DAAP;/Users/rar9993/repos/research/fdroid_apps/native_apps/PhotoPhase/NONE_TRANSFORMED_;/src/main/java/com/ruesga/android/wallpapers/photophase/effects/PhotoPhaseEffect.java;file:/src/main/java/com/ruesga/android/wallpapers/photophase/effects/PhotoPhaseEffect.java
MemberIgnoringMethod;DAAP;/Users/rar9993/repos/research/fdroid_apps/native_apps/PhotoPhase/NONE_TRANSFORMED_;/src/main/java/com/ruesga/android/wallpapers/photophase/effects/NullEffect.java;file:/src/main/java/com/ruesga/android/wallpapers/photophase/effects/NullEffect.java
MemberIgnoringMethod;DAAP;/Users/rar9993/repos/research/fdroid_apps/native_apps/PhotoPhase/NONE_TRANSFORMED_;/src/main/java/com/ruesga/android/wallpapers/photophase/GLESWallpaperService.java;file:/src/main/java/com/ruesga/android/wallpapers/photophase/GLESWallpaperService.java
MemberIgnoringMethod;DAAP;/Users/rar9993/repos/research/fdroid_apps/native_apps/PhotoPhase/NONE_TRANSFORMED_;/src/main/java/com/ruesga/android/wallpapers/photophase/widgets/PlayPauseDrawable.java;file:/src/main/java/com/ruesga/android/wallpapers/photophase/widgets/PlayPauseDrawable.java
MemberIgnoringMethod;DAAP;/Users/rar9993/repos/research/fdroid_apps/native_apps/PhotoPhase/NONE_TRANSFORMED_;/src/main/java/com/ruesga/android/wallpapers/photophase/widgets/DispositionView.java;file:/src/main/java/com/ruesga/android/wallpapers/photophase/widgets/DispositionView.java
MemberIgnoringMethod;DAAP;/Users/rar9993/repos/research/fdroid_apps/native_apps/PhotoPhase/NONE_TRANSFORMED_;/src/main/java/com/ruesga/android/wallpapers/photophase/widgets/PictureItemView.java;file:/src/main/java/com/ruesga/android/wallpapers/photophase/widgets/PictureItemView.java
MemberIgnoringMethod;DAAP;/Users/rar9993/repos/research/fdroid_apps/native_apps/PhotoPhase/NONE_TRANSFORMED_;/src/main/java/com/ruesga/android/wallpapers/photophase/widgets/SquareImageView.java;file:/src/main/java/com/ruesga/android/wallpapers/photophase/widgets/SquareImageView.java
MemberIgnoringMethod;DAAP;/Users/rar9993/repos/research/fdroid_apps/native_apps/PhotoPhase/NONE_TRANSFORMED_;/src/main/java/com/ruesga/android/wallpapers/photophase/widgets/LivePreviewView.java;file:/src/main/java/com/ruesga/android/wallpapers/photophase/widgets/LivePreviewView.java
MemberIgnoringMethod;DAAP;/Users/rar9993/repos/research/fdroid_apps/native_apps/PhotoPhase/NONE_TRANSFORMED_;/src/main/java/com/ruesga/android/wallpapers/photophase/widgets/AlbumInfoView.java;file:/src/main/java/com/ruesga/android/wallpapers/photophase/widgets/AlbumInfoView.java
MemberIgnoringMethod;DAAP;/Users/rar9993/repos/research/fdroid_apps/native_apps/PhotoPhase/NONE_TRANSFORMED_;/src/main/java/com/ruesga/android/wallpapers/photophase/widgets/ResizeFrame.java;file:/src/main/java/com/ruesga/android/wallpapers/photophase/widgets/ResizeFrame.java
SlowForLoop;DAAP;/Users/rar9993/repos/research/fdroid_apps/native_apps/PhotoPhase/NONE_TRANSFORMED_;/src/main/java/com/ruesga/android/wallpapers/photophase/MediaPictureDiscoverer.java;file:/src/main/java/com/ruesga/android/wallpapers/photophase/MediaPictureDiscoverer.java
SlowForLoop;DAAP;/Users/rar9993/repos/research/fdroid_apps/native_apps/PhotoPhase/NONE_TRANSFORMED_;/src/main/java/com/ruesga/android/wallpapers/photophase/textures/PhotoPhaseTextureManager.java;file:/src/main/java/com/ruesga/android/wallpapers/photophase/textures/PhotoPhaseTextureManager.java
SlowForLoop;DAAP;/Users/rar9993/repos/research/fdroid_apps/native_apps/PhotoPhase/NONE_TRANSFORMED_;/src/main/java/com/ruesga/android/wallpapers/photophase/preferences/MediaPreferenceFragment.java;file:/src/main/java/com/ruesga/android/wallpapers/photophase/preferences/MediaPreferenceFragment.java
SlowForLoop;DAAP;/Users/rar9993/repos/research/fdroid_apps/native_apps/PhotoPhase/NONE_TRANSFORMED_;/src/main/java/com/ruesga/android/wallpapers/photophase/preferences/ChoosePicturesFragment.java;file:/src/main/java/com/ruesga/android/wallpapers/photophase/preferences/ChoosePicturesFragment.java
SlowForLoop;DAAP;/Users/rar9993/repos/research/fdroid_apps/native_apps/PhotoPhase/NONE_TRANSFORMED_;/src/main/java/com/ruesga/android/wallpapers/photophase/preferences/ColorPickerPreference.java;file:/src/main/java/com/ruesga/android/wallpapers/photophase/preferences/ColorPickerPreference.java
SlowForLoop;DAAP;/Users/rar9993/repos/research/fdroid_apps/native_apps/PhotoPhase/NONE_TRANSFORMED_;/src/main/java/com/ruesga/android/wallpapers/photophase/preferences/PreferencesProvider.java;file:/src/main/java/com/ruesga/android/wallpapers/photophase/preferences/PreferencesProvider.java
SlowForLoop;DAAP;/Users/rar9993/repos/research/fdroid_apps/native_apps/PhotoPhase/NONE_TRANSFORMED_;/src/main/java/com/ruesga/android/wallpapers/photophase/borders/Border.java;file:/src/main/java/com/ruesga/android/wallpapers/photophase/borders/Border.java
SlowForLoop;DAAP;/Users/rar9993/repos/research/fdroid_apps/native_apps/PhotoPhase/NONE_TRANSFORMED_;/src/main/java/com/ruesga/android/wallpapers/photophase/cast/CIDRUtils.java;file:/src/main/java/com/ruesga/android/wallpapers/photophase/cast/CIDRUtils.java
SlowForLoop;DAAP;/Users/rar9993/repos/research/fdroid_apps/native_apps/PhotoPhase/NONE_TRANSFORMED_;/src/main/java/com/ruesga/android/wallpapers/photophase/cast/CastPhotoQueueActivity.java;file:/src/main/java/com/ruesga/android/wallpapers/photophase/cast/CastPhotoQueueActivity.java
SlowForLoop;DAAP;/Users/rar9993/repos/research/fdroid_apps/native_apps/PhotoPhase/NONE_TRANSFORMED_;/src/main/java/com/ruesga/android/wallpapers/photophase/cast/mdsn/MDNSDiscover.java;file:/src/main/java/com/ruesga/android/wallpapers/photophase/cast/mdsn/MDNSDiscover.java
SlowForLoop;DAAP;/Users/rar9993/repos/research/fdroid_apps/native_apps/PhotoPhase/NONE_TRANSFORMED_;/src/main/java/com/ruesga/android/wallpapers/photophase/cast/CastRouteActivity.java;file:/src/main/java/com/ruesga/android/wallpapers/photophase/cast/CastRouteActivity.java
SlowForLoop;DAAP;/Users/rar9993/repos/research/fdroid_apps/native_apps/PhotoPhase/NONE_TRANSFORMED_;/src/main/java/com/ruesga/android/wallpapers/photophase/providers/TemporaryContentAccessProvider.java;file:/src/main/java/com/ruesga/android/wallpapers/photophase/providers/TemporaryContentAccessProvider.java
SlowForLoop;DAAP;/Users/rar9993/repos/research/fdroid_apps/native_apps/PhotoPhase/NONE_TRANSFORMED_;/src/main/java/com/ruesga/android/wallpapers/photophase/shapes/OopsShape.java;file:/src/main/java/com/ruesga/android/wallpapers/photophase/shapes/OopsShape.java
SlowForLoop;DAAP;/Users/rar9993/repos/research/fdroid_apps/native_apps/PhotoPhase/NONE_TRANSFORMED_;/src/main/java/com/ruesga/android/wallpapers/photophase/utils/MERAlgorithm.java;file:/src/main/java/com/ruesga/android/wallpapers/photophase/utils/MERAlgorithm.java
SlowForLoop;DAAP;/Users/rar9993/repos/research/fdroid_apps/native_apps/PhotoPhase/NONE_TRANSFORMED_;/src/main/java/com/ruesga/android/wallpapers/photophase/utils/GLESUtil.java;file:/src/main/java/com/ruesga/android/wallpapers/photophase/utils/GLESUtil.java
SlowForLoop;DAAP;/Users/rar9993/repos/research/fdroid_apps/native_apps/PhotoPhase/NONE_TRANSFORMED_;/src/main/java/com/ruesga/android/wallpapers/photophase/utils/DispositionUtil.java;file:/src/main/java/com/ruesga/android/wallpapers/photophase/utils/DispositionUtil.java
SlowForLoop;DAAP;/Users/rar9993/repos/research/fdroid_apps/native_apps/PhotoPhase/NONE_TRANSFORMED_;/src/main/java/com/ruesga/android/wallpapers/photophase/PhotoViewerActivity.java;file:/src/main/java/com/ruesga/android/wallpapers/photophase/PhotoViewerActivity.java
SlowForLoop;DAAP;/Users/rar9993/repos/research/fdroid_apps/native_apps/PhotoPhase/NONE_TRANSFORMED_;/src/main/java/com/ruesga/android/wallpapers/photophase/adapters/AlbumPictureAdapter.java;file:/src/main/java/com/ruesga/android/wallpapers/photophase/adapters/AlbumPictureAdapter.java
SlowForLoop;DAAP;/Users/rar9993/repos/research/fdroid_apps/native_apps/PhotoPhase/NONE_TRANSFORMED_;/src/main/java/com/ruesga/android/wallpapers/photophase/adapters/DispositionAdapter.java;file:/src/main/java/com/ruesga/android/wallpapers/photophase/adapters/DispositionAdapter.java
SlowForLoop;DAAP;/Users/rar9993/repos/research/fdroid_apps/native_apps/PhotoPhase/NONE_TRANSFORMED_;/src/main/java/com/ruesga/android/wallpapers/photophase/PhotoPhaseWallpaperWorld.java;file:/src/main/java/com/ruesga/android/wallpapers/photophase/PhotoPhaseWallpaperWorld.java
SlowForLoop;DAAP;/Users/rar9993/repos/research/fdroid_apps/native_apps/PhotoPhase/NONE_TRANSFORMED_;/src/main/java/com/ruesga/android/wallpapers/photophase/transitions/Transition.java;file:/src/main/java/com/ruesga/android/wallpapers/photophase/transitions/Transition.java
SlowForLoop;DAAP;/Users/rar9993/repos/research/fdroid_apps/native_apps/PhotoPhase/NONE_TRANSFORMED_;/src/main/java/com/ruesga/android/wallpapers/photophase/AndroidHelper.java;file:/src/main/java/com/ruesga/android/wallpapers/photophase/AndroidHelper.java
SlowForLoop;DAAP;/Users/rar9993/repos/research/fdroid_apps/native_apps/PhotoPhase/NONE_TRANSFORMED_;/src/main/java/com/ruesga/android/wallpapers/photophase/effects/PhotoPhaseEffect.java;file:/src/main/java/com/ruesga/android/wallpapers/photophase/effects/PhotoPhaseEffect.java
SlowForLoop;DAAP;/Users/rar9993/repos/research/fdroid_apps/native_apps/PhotoPhase/NONE_TRANSFORMED_;/src/main/java/com/ruesga/android/wallpapers/photophase/widgets/DispositionView.java;file:/src/main/java/com/ruesga/android/wallpapers/photophase/widgets/DispositionView.java
NoLowMemoryResolver;DAAP;/Users/rar9993/repos/research/fdroid_apps/native_apps/PhotoPhase/NONE_TRANSFORMED_;/src/main/java/com/ruesga/android/wallpapers/photophase/preferences/AppCompatPreferenceActivity.java;file:/src/main/java/com/ruesga/android/wallpapers/photophase/preferences/AppCompatPreferenceActivity.java
NoLowMemoryResolver;DAAP;/Users/rar9993/repos/research/fdroid_apps/native_apps/PhotoPhase/NONE_TRANSFORMED_;/src/main/java/com/ruesga/android/wallpapers/photophase/preferences/PhotoPhasePreferences.java;file:/src/main/java/com/ruesga/android/wallpapers/photophase/preferences/PhotoPhasePreferences.java
NoLowMemoryResolver;DAAP;/Users/rar9993/repos/research/fdroid_apps/native_apps/PhotoPhase/NONE_TRANSFORMED_;/src/main/java/com/ruesga/android/wallpapers/photophase/cast/CastPhotoQueueActivity.java;file:/src/main/java/com/ruesga/android/wallpapers/photophase/cast/CastPhotoQueueActivity.java
NoLowMemoryResolver;DAAP;/Users/rar9993/repos/research/fdroid_apps/native_apps/PhotoPhase/NONE_TRANSFORMED_;/src/main/java/com/ruesga/android/wallpapers/photophase/cast/CastRouteActivity.java;file:/src/main/java/com/ruesga/android/wallpapers/photophase/cast/CastRouteActivity.java
NoLowMemoryResolver;DAAP;/Users/rar9993/repos/research/fdroid_apps/native_apps/PhotoPhase/NONE_TRANSFORMED_;/src/main/java/com/ruesga/android/wallpapers/photophase/PhotoViewerActivity.java;file:/src/main/java/com/ruesga/android/wallpapers/photophase/PhotoViewerActivity.java
CollectionOfViews;DAAP;/Users/rar9993/repos/research/fdroid_apps/native_apps/PhotoPhase/NONE_TRANSFORMED_;/src/main/java/com/ruesga/android/wallpapers/photophase/preferences/ChoosePicturesFragment.java;file:/src/main/java/com/ruesga/android/wallpapers/photophase/preferences/ChoosePicturesFragment.java
CollectionOfBitmaps;DAAP;/Users/rar9993/repos/research/fdroid_apps/native_apps/PhotoPhase/NONE_TRANSFORMED_;/src/main/java/com/ruesga/android/wallpapers/photophase/cast/CastPhotoQueueActivity.java;file:/src/main/java/com/ruesga/android/wallpapers/photophase/cast/CastPhotoQueueActivity.java
DroppedData;DAAP;/Users/rar9993/repos/research/fdroid_apps/native_apps/PhotoPhase/NONE_TRANSFORMED_;/src/main/java/com/ruesga/android/wallpapers/photophase/preferences/AppCompatPreferenceActivity.java;file:/src/main/java/com/ruesga/android/wallpapers/photophase/preferences/AppCompatPreferenceActivity.java
DroppedData;DAAP;/Users/rar9993/repos/research/fdroid_apps/native_apps/PhotoPhase/NONE_TRANSFORMED_;/src/main/java/com/ruesga/android/wallpapers/photophase/preferences/MediaPreferenceFragment.java;file:/src/main/java/com/ruesga/android/wallpapers/photophase/preferences/MediaPreferenceFragment.java
DroppedData;DAAP;/Users/rar9993/repos/research/fdroid_apps/native_apps/PhotoPhase/NONE_TRANSFORMED_;/src/main/java/com/ruesga/android/wallpapers/photophase/preferences/PhotoPhasePreferences.java;file:/src/main/java/com/ruesga/android/wallpapers/photophase/preferences/PhotoPhasePreferences.java
DroppedData;DAAP;/Users/rar9993/repos/research/fdroid_apps/native_apps/PhotoPhase/NONE_TRANSFORMED_;/src/main/java/com/ruesga/android/wallpapers/photophase/preferences/LandscapeDispositionFragment.java;file:/src/main/java/com/ruesga/android/wallpapers/photophase/preferences/LandscapeDispositionFragment.java
DroppedData;DAAP;/Users/rar9993/repos/research/fdroid_apps/native_apps/PhotoPhase/NONE_TRANSFORMED_;/src/main/java/com/ruesga/android/wallpapers/photophase/preferences/ChoosePicturesFragment.java;file:/src/main/java/com/ruesga/android/wallpapers/photophase/preferences/ChoosePicturesFragment.java
DroppedData;DAAP;/Users/rar9993/repos/research/fdroid_apps/native_apps/PhotoPhase/NONE_TRANSFORMED_;/src/main/java/com/ruesga/android/wallpapers/photophase/preferences/LiveEffectsPreviewFragment.java;file:/src/main/java/com/ruesga/android/wallpapers/photophase/preferences/LiveEffectsPreviewFragment.java
DroppedData;DAAP;/Users/rar9993/repos/research/fdroid_apps/native_apps/PhotoPhase/NONE_TRANSFORMED_;/src/main/java/com/ruesga/android/wallpapers/photophase/preferences/LiveTransitionsPreviewFragment.java;file:/src/main/java/com/ruesga/android/wallpapers/photophase/preferences/LiveTransitionsPreviewFragment.java
DroppedData;DAAP;/Users/rar9993/repos/research/fdroid_apps/native_apps/PhotoPhase/NONE_TRANSFORMED_;/src/main/java/com/ruesga/android/wallpapers/photophase/preferences/LivePreviewFragment.java;file:/src/main/java/com/ruesga/android/wallpapers/photophase/preferences/LivePreviewFragment.java
DroppedData;DAAP;/Users/rar9993/repos/research/fdroid_apps/native_apps/PhotoPhase/NONE_TRANSFORMED_;/src/main/java/com/ruesga/android/wallpapers/photophase/preferences/LiveBordersPreviewFragment.java;file:/src/main/java/com/ruesga/android/wallpapers/photophase/preferences/LiveBordersPreviewFragment.java
DroppedData;DAAP;/Users/rar9993/repos/research/fdroid_apps/native_apps/PhotoPhase/NONE_TRANSFORMED_;/src/main/java/com/ruesga/android/wallpapers/photophase/preferences/PortraitDispositionFragment.java;file:/src/main/java/com/ruesga/android/wallpapers/photophase/preferences/PortraitDispositionFragment.java
DroppedData;DAAP;/Users/rar9993/repos/research/fdroid_apps/native_apps/PhotoPhase/NONE_TRANSFORMED_;/src/main/java/com/ruesga/android/wallpapers/photophase/preferences/GeneralPreferenceFragment.java;file:/src/main/java/com/ruesga/android/wallpapers/photophase/preferences/GeneralPreferenceFragment.java
DroppedData;DAAP;/Users/rar9993/repos/research/fdroid_apps/native_apps/PhotoPhase/NONE_TRANSFORMED_;/src/main/java/com/ruesga/android/wallpapers/photophase/preferences/DispositionFragment.java;file:/src/main/java/com/ruesga/android/wallpapers/photophase/preferences/DispositionFragment.java
DroppedData;DAAP;/Users/rar9993/repos/research/fdroid_apps/native_apps/PhotoPhase/NONE_TRANSFORMED_;/src/main/java/com/ruesga/android/wallpapers/photophase/preferences/LayoutPreferenceFragment.java;file:/src/main/java/com/ruesga/android/wallpapers/photophase/preferences/LayoutPreferenceFragment.java
DroppedData;DAAP;/Users/rar9993/repos/research/fdroid_apps/native_apps/PhotoPhase/NONE_TRANSFORMED_;/src/main/java/com/ruesga/android/wallpapers/photophase/preferences/CastPreferenceFragment.java;file:/src/main/java/com/ruesga/android/wallpapers/photophase/preferences/CastPreferenceFragment.java
DroppedData;DAAP;/Users/rar9993/repos/research/fdroid_apps/native_apps/PhotoPhase/NONE_TRANSFORMED_;/src/main/java/com/ruesga/android/wallpapers/photophase/cast/CastPhotoQueueActivity.java;file:/src/main/java/com/ruesga/android/wallpapers/photophase/cast/CastPhotoQueueActivity.java
MemberIgnoringMethod;DAAP;/Users/rar9993/repos/research/fdroid_apps/native_apps/PhotoPhase/NONE_TRANSFORMED_;/src/main/java/com/ruesga/android/wallpapers/photophase/cast/ICastTaskManager.java;file:/src/main/java/com/ruesga/android/wallpapers/photophase/cast/ICastTaskManager.java
