Issue;Tool;Project;File;Location
MemberIgnoringMethod;aDoctor;/Users/rar9993/repos/research/fdroid_apps/native_apps/OpenCamera-Sensors/NONE_TRANSFORMED_;/Users/rar9993/repos/research/fdroid_apps/native_apps/OpenCamera-Sensors/app/src/main/java/net/sourceforge/opencamera/MyTileService.java;file:/Users/rar9993/repos/research/fdroid_apps/native_apps/OpenCamera-Sensors/app/src/main/java/net/sourceforge/opencamera/MyTileService.java|class:net.sourceforge.opencamera.MyTileService
DataTransmissionWithoutCompression;aDoctor;/Users/rar9993/repos/research/fdroid_apps/native_apps/OpenCamera-Sensors/NONE_TRANSFORMED_;/Users/rar9993/repos/research/fdroid_apps/native_apps/OpenCamera-Sensors/app/src/main/java/net/sourceforge/opencamera/MyPreferenceFragment.java;file:/Users/rar9993/repos/research/fdroid_apps/native_apps/OpenCamera-Sensors/app/src/main/java/net/sourceforge/opencamera/MyPreferenceFragment.java|class:net.sourceforge.opencamera.MyPreferenceFragment
MemberIgnoringMethod;aDoctor;/Users/rar9993/repos/research/fdroid_apps/native_apps/OpenCamera-Sensors/NONE_TRANSFORMED_;/Users/rar9993/repos/research/fdroid_apps/native_apps/OpenCamera-Sensors/app/src/main/java/net/sourceforge/opencamera/MyPreferenceFragment.java;file:/Users/rar9993/repos/research/fdroid_apps/native_apps/OpenCamera-Sensors/app/src/main/java/net/sourceforge/opencamera/MyPreferenceFragment.java|class:net.sourceforge.opencamera.MyPreferenceFragment
NoLowMemoryResolver;aDoctor;/Users/rar9993/repos/research/fdroid_apps/native_apps/OpenCamera-Sensors/NONE_TRANSFORMED_;/Users/rar9993/repos/research/fdroid_apps/native_apps/OpenCamera-Sensors/app/src/main/java/net/sourceforge/opencamera/MyPreferenceFragment.java;file:/Users/rar9993/repos/research/fdroid_apps/native_apps/OpenCamera-Sensors/app/src/main/java/net/sourceforge/opencamera/MyPreferenceFragment.java|class:net.sourceforge.opencamera.MyPreferenceFragment
SlowForLoop;aDoctor;/Users/rar9993/repos/research/fdroid_apps/native_apps/OpenCamera-Sensors/NONE_TRANSFORMED_;/Users/rar9993/repos/research/fdroid_apps/native_apps/OpenCamera-Sensors/app/src/main/java/net/sourceforge/opencamera/MyPreferenceFragment.java;file:/Users/rar9993/repos/research/fdroid_apps/native_apps/OpenCamera-Sensors/app/src/main/java/net/sourceforge/opencamera/MyPreferenceFragment.java|class:net.sourceforge.opencamera.MyPreferenceFragment
DataTransmissionWithoutCompression;aDoctor;/Users/rar9993/repos/research/fdroid_apps/native_apps/OpenCamera-Sensors/NONE_TRANSFORMED_;/Users/rar9993/repos/research/fdroid_apps/native_apps/OpenCamera-Sensors/app/src/main/java/net/sourceforge/opencamera/StorageUtilsWrapper.java;file:/Users/rar9993/repos/research/fdroid_apps/native_apps/OpenCamera-Sensors/app/src/main/java/net/sourceforge/opencamera/StorageUtilsWrapper.java|class:net.sourceforge.opencamera.StorageUtilsWrapper
MemberIgnoringMethod;aDoctor;/Users/rar9993/repos/research/fdroid_apps/native_apps/OpenCamera-Sensors/NONE_TRANSFORMED_;/Users/rar9993/repos/research/fdroid_apps/native_apps/OpenCamera-Sensors/app/src/main/java/net/sourceforge/opencamera/StorageUtilsWrapper.java;file:/Users/rar9993/repos/research/fdroid_apps/native_apps/OpenCamera-Sensors/app/src/main/java/net/sourceforge/opencamera/StorageUtilsWrapper.java|class:net.sourceforge.opencamera.StorageUtilsWrapper
MemberIgnoringMethod;aDoctor;/Users/rar9993/repos/research/fdroid_apps/native_apps/OpenCamera-Sensors/NONE_TRANSFORMED_;/Users/rar9993/repos/research/fdroid_apps/native_apps/OpenCamera-Sensors/app/src/main/java/net/sourceforge/opencamera/MyTileServiceVideo.java;file:/Users/rar9993/repos/research/fdroid_apps/native_apps/OpenCamera-Sensors/app/src/main/java/net/sourceforge/opencamera/MyTileServiceVideo.java|class:net.sourceforge.opencamera.MyTileServiceVideo
LeakingInnerClass;aDoctor;/Users/rar9993/repos/research/fdroid_apps/native_apps/OpenCamera-Sensors/NONE_TRANSFORMED_;/Users/rar9993/repos/research/fdroid_apps/native_apps/OpenCamera-Sensors/app/src/main/java/net/sourceforge/opencamera/GyroSensor.java;file:/Users/rar9993/repos/research/fdroid_apps/native_apps/OpenCamera-Sensors/app/src/main/java/net/sourceforge/opencamera/GyroSensor.java|class:net.sourceforge.opencamera.GyroSensor
MemberIgnoringMethod;aDoctor;/Users/rar9993/repos/research/fdroid_apps/native_apps/OpenCamera-Sensors/NONE_TRANSFORMED_;/Users/rar9993/repos/research/fdroid_apps/native_apps/OpenCamera-Sensors/app/src/main/java/net/sourceforge/opencamera/GyroSensor.java;file:/Users/rar9993/repos/research/fdroid_apps/native_apps/OpenCamera-Sensors/app/src/main/java/net/sourceforge/opencamera/GyroSensor.java|class:net.sourceforge.opencamera.GyroSensor
SlowForLoop;aDoctor;/Users/rar9993/repos/research/fdroid_apps/native_apps/OpenCamera-Sensors/NONE_TRANSFORMED_;/Users/rar9993/repos/research/fdroid_apps/native_apps/OpenCamera-Sensors/app/src/main/java/net/sourceforge/opencamera/GyroSensor.java;file:/Users/rar9993/repos/research/fdroid_apps/native_apps/OpenCamera-Sensors/app/src/main/java/net/sourceforge/opencamera/GyroSensor.java|class:net.sourceforge.opencamera.GyroSensor
DataTransmissionWithoutCompression;aDoctor;/Users/rar9993/repos/research/fdroid_apps/native_apps/OpenCamera-Sensors/NONE_TRANSFORMED_;/Users/rar9993/repos/research/fdroid_apps/native_apps/OpenCamera-Sensors/app/src/main/java/net/sourceforge/opencamera/MainActivity.java;file:/Users/rar9993/repos/research/fdroid_apps/native_apps/OpenCamera-Sensors/app/src/main/java/net/sourceforge/opencamera/MainActivity.java|class:net.sourceforge.opencamera.MainActivity
InternalGetterSetter;aDoctor;/Users/rar9993/repos/research/fdroid_apps/native_apps/OpenCamera-Sensors/NONE_TRANSFORMED_;/Users/rar9993/repos/research/fdroid_apps/native_apps/OpenCamera-Sensors/app/src/main/java/net/sourceforge/opencamera/MainActivity.java;file:/Users/rar9993/repos/research/fdroid_apps/native_apps/OpenCamera-Sensors/app/src/main/java/net/sourceforge/opencamera/MainActivity.java|class:net.sourceforge.opencamera.MainActivity
LeakingInnerClass;aDoctor;/Users/rar9993/repos/research/fdroid_apps/native_apps/OpenCamera-Sensors/NONE_TRANSFORMED_;/Users/rar9993/repos/research/fdroid_apps/native_apps/OpenCamera-Sensors/app/src/main/java/net/sourceforge/opencamera/MainActivity.java;file:/Users/rar9993/repos/research/fdroid_apps/native_apps/OpenCamera-Sensors/app/src/main/java/net/sourceforge/opencamera/MainActivity.java|class:net.sourceforge.opencamera.MainActivity
MemberIgnoringMethod;aDoctor;/Users/rar9993/repos/research/fdroid_apps/native_apps/OpenCamera-Sensors/NONE_TRANSFORMED_;/Users/rar9993/repos/research/fdroid_apps/native_apps/OpenCamera-Sensors/app/src/main/java/net/sourceforge/opencamera/MainActivity.java;file:/Users/rar9993/repos/research/fdroid_apps/native_apps/OpenCamera-Sensors/app/src/main/java/net/sourceforge/opencamera/MainActivity.java|class:net.sourceforge.opencamera.MainActivity
NoLowMemoryResolver;aDoctor;/Users/rar9993/repos/research/fdroid_apps/native_apps/OpenCamera-Sensors/NONE_TRANSFORMED_;/Users/rar9993/repos/research/fdroid_apps/native_apps/OpenCamera-Sensors/app/src/main/java/net/sourceforge/opencamera/MainActivity.java;file:/Users/rar9993/repos/research/fdroid_apps/native_apps/OpenCamera-Sensors/app/src/main/java/net/sourceforge/opencamera/MainActivity.java|class:net.sourceforge.opencamera.MainActivity
SlowForLoop;aDoctor;/Users/rar9993/repos/research/fdroid_apps/native_apps/OpenCamera-Sensors/NONE_TRANSFORMED_;/Users/rar9993/repos/research/fdroid_apps/native_apps/OpenCamera-Sensors/app/src/main/java/net/sourceforge/opencamera/MainActivity.java;file:/Users/rar9993/repos/research/fdroid_apps/native_apps/OpenCamera-Sensors/app/src/main/java/net/sourceforge/opencamera/MainActivity.java|class:net.sourceforge.opencamera.MainActivity
SlowForLoop;aDoctor;/Users/rar9993/repos/research/fdroid_apps/native_apps/OpenCamera-Sensors/NONE_TRANSFORMED_;/Users/rar9993/repos/research/fdroid_apps/native_apps/OpenCamera-Sensors/app/src/main/java/net/sourceforge/opencamera/SaveLocationHistory.java;file:/Users/rar9993/repos/research/fdroid_apps/native_apps/OpenCamera-Sensors/app/src/main/java/net/sourceforge/opencamera/SaveLocationHistory.java|class:net.sourceforge.opencamera.SaveLocationHistory
DataTransmissionWithoutCompression;aDoctor;/Users/rar9993/repos/research/fdroid_apps/native_apps/OpenCamera-Sensors/NONE_TRANSFORMED_;/Users/rar9993/repos/research/fdroid_apps/native_apps/OpenCamera-Sensors/app/src/main/java/net/sourceforge/opencamera/HDRProcessor.java;file:/Users/rar9993/repos/research/fdroid_apps/native_apps/OpenCamera-Sensors/app/src/main/java/net/sourceforge/opencamera/HDRProcessor.java|class:net.sourceforge.opencamera.HDRProcessor
LeakingInnerClass;aDoctor;/Users/rar9993/repos/research/fdroid_apps/native_apps/OpenCamera-Sensors/NONE_TRANSFORMED_;/Users/rar9993/repos/research/fdroid_apps/native_apps/OpenCamera-Sensors/app/src/main/java/net/sourceforge/opencamera/HDRProcessor.java;file:/Users/rar9993/repos/research/fdroid_apps/native_apps/OpenCamera-Sensors/app/src/main/java/net/sourceforge/opencamera/HDRProcessor.java|class:net.sourceforge.opencamera.HDRProcessor
MemberIgnoringMethod;aDoctor;/Users/rar9993/repos/research/fdroid_apps/native_apps/OpenCamera-Sensors/NONE_TRANSFORMED_;/Users/rar9993/repos/research/fdroid_apps/native_apps/OpenCamera-Sensors/app/src/main/java/net/sourceforge/opencamera/HDRProcessor.java;file:/Users/rar9993/repos/research/fdroid_apps/native_apps/OpenCamera-Sensors/app/src/main/java/net/sourceforge/opencamera/HDRProcessor.java|class:net.sourceforge.opencamera.HDRProcessor
SlowForLoop;aDoctor;/Users/rar9993/repos/research/fdroid_apps/native_apps/OpenCamera-Sensors/NONE_TRANSFORMED_;/Users/rar9993/repos/research/fdroid_apps/native_apps/OpenCamera-Sensors/app/src/main/java/net/sourceforge/opencamera/HDRProcessor.java;file:/Users/rar9993/repos/research/fdroid_apps/native_apps/OpenCamera-Sensors/app/src/main/java/net/sourceforge/opencamera/HDRProcessor.java|class:net.sourceforge.opencamera.HDRProcessor
MemberIgnoringMethod;aDoctor;/Users/rar9993/repos/research/fdroid_apps/native_apps/OpenCamera-Sensors/NONE_TRANSFORMED_;/Users/rar9993/repos/research/fdroid_apps/native_apps/OpenCamera-Sensors/app/src/main/java/net/sourceforge/opencamera/ToastBoxer.java;file:/Users/rar9993/repos/research/fdroid_apps/native_apps/OpenCamera-Sensors/app/src/main/java/net/sourceforge/opencamera/ToastBoxer.java|class:net.sourceforge.opencamera.ToastBoxer
NoLowMemoryResolver;aDoctor;/Users/rar9993/repos/research/fdroid_apps/native_apps/OpenCamera-Sensors/NONE_TRANSFORMED_;/Users/rar9993/repos/research/fdroid_apps/native_apps/OpenCamera-Sensors/app/src/main/java/net/sourceforge/opencamera/TakePhoto.java;file:/Users/rar9993/repos/research/fdroid_apps/native_apps/OpenCamera-Sensors/app/src/main/java/net/sourceforge/opencamera/TakePhoto.java|class:net.sourceforge.opencamera.TakePhoto
LeakingInnerClass;aDoctor;/Users/rar9993/repos/research/fdroid_apps/native_apps/OpenCamera-Sensors/NONE_TRANSFORMED_;/Users/rar9993/repos/research/fdroid_apps/native_apps/OpenCamera-Sensors/app/src/main/java/net/sourceforge/opencamera/AudioListener.java;file:/Users/rar9993/repos/research/fdroid_apps/native_apps/OpenCamera-Sensors/app/src/main/java/net/sourceforge/opencamera/AudioListener.java|class:net.sourceforge.opencamera.AudioListener
LeakingThread;aDoctor;/Users/rar9993/repos/research/fdroid_apps/native_apps/OpenCamera-Sensors/NONE_TRANSFORMED_;/Users/rar9993/repos/research/fdroid_apps/native_apps/OpenCamera-Sensors/app/src/main/java/net/sourceforge/opencamera/AudioListener.java;file:/Users/rar9993/repos/research/fdroid_apps/native_apps/OpenCamera-Sensors/app/src/main/java/net/sourceforge/opencamera/AudioListener.java|class:net.sourceforge.opencamera.AudioListener
SlowForLoop;aDoctor;/Users/rar9993/repos/research/fdroid_apps/native_apps/OpenCamera-Sensors/NONE_TRANSFORMED_;/Users/rar9993/repos/research/fdroid_apps/native_apps/OpenCamera-Sensors/app/src/main/java/net/sourceforge/opencamera/AudioListener.java;file:/Users/rar9993/repos/research/fdroid_apps/native_apps/OpenCamera-Sensors/app/src/main/java/net/sourceforge/opencamera/AudioListener.java|class:net.sourceforge.opencamera.AudioListener
DataTransmissionWithoutCompression;aDoctor;/Users/rar9993/repos/research/fdroid_apps/native_apps/OpenCamera-Sensors/NONE_TRANSFORMED_;/Users/rar9993/repos/research/fdroid_apps/native_apps/OpenCamera-Sensors/app/src/main/java/net/sourceforge/opencamera/MyApplicationInterface.java;file:/Users/rar9993/repos/research/fdroid_apps/native_apps/OpenCamera-Sensors/app/src/main/java/net/sourceforge/opencamera/MyApplicationInterface.java|class:net.sourceforge.opencamera.MyApplicationInterface
LeakingInnerClass;aDoctor;/Users/rar9993/repos/research/fdroid_apps/native_apps/OpenCamera-Sensors/NONE_TRANSFORMED_;/Users/rar9993/repos/research/fdroid_apps/native_apps/OpenCamera-Sensors/app/src/main/java/net/sourceforge/opencamera/MyApplicationInterface.java;file:/Users/rar9993/repos/research/fdroid_apps/native_apps/OpenCamera-Sensors/app/src/main/java/net/sourceforge/opencamera/MyApplicationInterface.java|class:net.sourceforge.opencamera.MyApplicationInterface
LeakingThread;aDoctor;/Users/rar9993/repos/research/fdroid_apps/native_apps/OpenCamera-Sensors/NONE_TRANSFORMED_;/Users/rar9993/repos/research/fdroid_apps/native_apps/OpenCamera-Sensors/app/src/main/java/net/sourceforge/opencamera/MyApplicationInterface.java;file:/Users/rar9993/repos/research/fdroid_apps/native_apps/OpenCamera-Sensors/app/src/main/java/net/sourceforge/opencamera/MyApplicationInterface.java|class:net.sourceforge.opencamera.MyApplicationInterface
MemberIgnoringMethod;aDoctor;/Users/rar9993/repos/research/fdroid_apps/native_apps/OpenCamera-Sensors/NONE_TRANSFORMED_;/Users/rar9993/repos/research/fdroid_apps/native_apps/OpenCamera-Sensors/app/src/main/java/net/sourceforge/opencamera/MyApplicationInterface.java;file:/Users/rar9993/repos/research/fdroid_apps/native_apps/OpenCamera-Sensors/app/src/main/java/net/sourceforge/opencamera/MyApplicationInterface.java|class:net.sourceforge.opencamera.MyApplicationInterface
SlowForLoop;aDoctor;/Users/rar9993/repos/research/fdroid_apps/native_apps/OpenCamera-Sensors/NONE_TRANSFORMED_;/Users/rar9993/repos/research/fdroid_apps/native_apps/OpenCamera-Sensors/app/src/main/java/net/sourceforge/opencamera/MyApplicationInterface.java;file:/Users/rar9993/repos/research/fdroid_apps/native_apps/OpenCamera-Sensors/app/src/main/java/net/sourceforge/opencamera/MyApplicationInterface.java|class:net.sourceforge.opencamera.MyApplicationInterface
NoLowMemoryResolver;aDoctor;/Users/rar9993/repos/research/fdroid_apps/native_apps/OpenCamera-Sensors/NONE_TRANSFORMED_;/Users/rar9993/repos/research/fdroid_apps/native_apps/OpenCamera-Sensors/app/src/main/java/net/sourceforge/opencamera/OpenCameraApplication.java;file:/Users/rar9993/repos/research/fdroid_apps/native_apps/OpenCamera-Sensors/app/src/main/java/net/sourceforge/opencamera/OpenCameraApplication.java|class:net.sourceforge.opencamera.OpenCameraApplication
LeakingInnerClass;aDoctor;/Users/rar9993/repos/research/fdroid_apps/native_apps/OpenCamera-Sensors/NONE_TRANSFORMED_;/Users/rar9993/repos/research/fdroid_apps/native_apps/OpenCamera-Sensors/app/src/main/java/net/sourceforge/opencamera/LocationSupplier.java;file:/Users/rar9993/repos/research/fdroid_apps/native_apps/OpenCamera-Sensors/app/src/main/java/net/sourceforge/opencamera/LocationSupplier.java|class:net.sourceforge.opencamera.LocationSupplier
MemberIgnoringMethod;aDoctor;/Users/rar9993/repos/research/fdroid_apps/native_apps/OpenCamera-Sensors/NONE_TRANSFORMED_;/Users/rar9993/repos/research/fdroid_apps/native_apps/OpenCamera-Sensors/app/src/main/java/net/sourceforge/opencamera/LocationSupplier.java;file:/Users/rar9993/repos/research/fdroid_apps/native_apps/OpenCamera-Sensors/app/src/main/java/net/sourceforge/opencamera/LocationSupplier.java|class:net.sourceforge.opencamera.LocationSupplier
SlowForLoop;aDoctor;/Users/rar9993/repos/research/fdroid_apps/native_apps/OpenCamera-Sensors/NONE_TRANSFORMED_;/Users/rar9993/repos/research/fdroid_apps/native_apps/OpenCamera-Sensors/app/src/main/java/net/sourceforge/opencamera/LocationSupplier.java;file:/Users/rar9993/repos/research/fdroid_apps/native_apps/OpenCamera-Sensors/app/src/main/java/net/sourceforge/opencamera/LocationSupplier.java|class:net.sourceforge.opencamera.LocationSupplier
DataTransmissionWithoutCompression;aDoctor;/Users/rar9993/repos/research/fdroid_apps/native_apps/OpenCamera-Sensors/NONE_TRANSFORMED_;/Users/rar9993/repos/research/fdroid_apps/native_apps/OpenCamera-Sensors/app/src/main/java/net/sourceforge/opencamera/PanoramaProcessor.java;file:/Users/rar9993/repos/research/fdroid_apps/native_apps/OpenCamera-Sensors/app/src/main/java/net/sourceforge/opencamera/PanoramaProcessor.java|class:net.sourceforge.opencamera.PanoramaProcessor
LeakingThread;aDoctor;/Users/rar9993/repos/research/fdroid_apps/native_apps/OpenCamera-Sensors/NONE_TRANSFORMED_;/Users/rar9993/repos/research/fdroid_apps/native_apps/OpenCamera-Sensors/app/src/main/java/net/sourceforge/opencamera/PanoramaProcessor.java;file:/Users/rar9993/repos/research/fdroid_apps/native_apps/OpenCamera-Sensors/app/src/main/java/net/sourceforge/opencamera/PanoramaProcessor.java|class:net.sourceforge.opencamera.PanoramaProcessor
MemberIgnoringMethod;aDoctor;/Users/rar9993/repos/research/fdroid_apps/native_apps/OpenCamera-Sensors/NONE_TRANSFORMED_;/Users/rar9993/repos/research/fdroid_apps/native_apps/OpenCamera-Sensors/app/src/main/java/net/sourceforge/opencamera/PanoramaProcessor.java;file:/Users/rar9993/repos/research/fdroid_apps/native_apps/OpenCamera-Sensors/app/src/main/java/net/sourceforge/opencamera/PanoramaProcessor.java|class:net.sourceforge.opencamera.PanoramaProcessor
SlowForLoop;aDoctor;/Users/rar9993/repos/research/fdroid_apps/native_apps/OpenCamera-Sensors/NONE_TRANSFORMED_;/Users/rar9993/repos/research/fdroid_apps/native_apps/OpenCamera-Sensors/app/src/main/java/net/sourceforge/opencamera/PanoramaProcessor.java;file:/Users/rar9993/repos/research/fdroid_apps/native_apps/OpenCamera-Sensors/app/src/main/java/net/sourceforge/opencamera/PanoramaProcessor.java|class:net.sourceforge.opencamera.PanoramaProcessor
DataTransmissionWithoutCompression;aDoctor;/Users/rar9993/repos/research/fdroid_apps/native_apps/OpenCamera-Sensors/NONE_TRANSFORMED_;/Users/rar9993/repos/research/fdroid_apps/native_apps/OpenCamera-Sensors/app/src/main/java/net/sourceforge/opencamera/ImageSaver.java;file:/Users/rar9993/repos/research/fdroid_apps/native_apps/OpenCamera-Sensors/app/src/main/java/net/sourceforge/opencamera/ImageSaver.java|class:net.sourceforge.opencamera.ImageSaver
LeakingThread;aDoctor;/Users/rar9993/repos/research/fdroid_apps/native_apps/OpenCamera-Sensors/NONE_TRANSFORMED_;/Users/rar9993/repos/research/fdroid_apps/native_apps/OpenCamera-Sensors/app/src/main/java/net/sourceforge/opencamera/ImageSaver.java;file:/Users/rar9993/repos/research/fdroid_apps/native_apps/OpenCamera-Sensors/app/src/main/java/net/sourceforge/opencamera/ImageSaver.java|class:net.sourceforge.opencamera.ImageSaver
MemberIgnoringMethod;aDoctor;/Users/rar9993/repos/research/fdroid_apps/native_apps/OpenCamera-Sensors/NONE_TRANSFORMED_;/Users/rar9993/repos/research/fdroid_apps/native_apps/OpenCamera-Sensors/app/src/main/java/net/sourceforge/opencamera/ImageSaver.java;file:/Users/rar9993/repos/research/fdroid_apps/native_apps/OpenCamera-Sensors/app/src/main/java/net/sourceforge/opencamera/ImageSaver.java|class:net.sourceforge.opencamera.ImageSaver
SlowForLoop;aDoctor;/Users/rar9993/repos/research/fdroid_apps/native_apps/OpenCamera-Sensors/NONE_TRANSFORMED_;/Users/rar9993/repos/research/fdroid_apps/native_apps/OpenCamera-Sensors/app/src/main/java/net/sourceforge/opencamera/ImageSaver.java;file:/Users/rar9993/repos/research/fdroid_apps/native_apps/OpenCamera-Sensors/app/src/main/java/net/sourceforge/opencamera/ImageSaver.java|class:net.sourceforge.opencamera.ImageSaver
LeakingThread;aDoctor;/Users/rar9993/repos/research/fdroid_apps/native_apps/OpenCamera-Sensors/NONE_TRANSFORMED_;/Users/rar9993/repos/research/fdroid_apps/native_apps/OpenCamera-Sensors/app/src/main/java/net/sourceforge/opencamera/SpeechControl.java;file:/Users/rar9993/repos/research/fdroid_apps/native_apps/OpenCamera-Sensors/app/src/main/java/net/sourceforge/opencamera/SpeechControl.java|class:net.sourceforge.opencamera.SpeechControl
MemberIgnoringMethod;aDoctor;/Users/rar9993/repos/research/fdroid_apps/native_apps/OpenCamera-Sensors/NONE_TRANSFORMED_;/Users/rar9993/repos/research/fdroid_apps/native_apps/OpenCamera-Sensors/app/src/main/java/net/sourceforge/opencamera/SpeechControl.java;file:/Users/rar9993/repos/research/fdroid_apps/native_apps/OpenCamera-Sensors/app/src/main/java/net/sourceforge/opencamera/SpeechControl.java|class:net.sourceforge.opencamera.SpeechControl
SlowForLoop;aDoctor;/Users/rar9993/repos/research/fdroid_apps/native_apps/OpenCamera-Sensors/NONE_TRANSFORMED_;/Users/rar9993/repos/research/fdroid_apps/native_apps/OpenCamera-Sensors/app/src/main/java/net/sourceforge/opencamera/SpeechControl.java;file:/Users/rar9993/repos/research/fdroid_apps/native_apps/OpenCamera-Sensors/app/src/main/java/net/sourceforge/opencamera/SpeechControl.java|class:net.sourceforge.opencamera.SpeechControl
DataTransmissionWithoutCompression;aDoctor;/Users/rar9993/repos/research/fdroid_apps/native_apps/OpenCamera-Sensors/NONE_TRANSFORMED_;/Users/rar9993/repos/research/fdroid_apps/native_apps/OpenCamera-Sensors/app/src/main/java/net/sourceforge/opencamera/SettingsManager.java;file:/Users/rar9993/repos/research/fdroid_apps/native_apps/OpenCamera-Sensors/app/src/main/java/net/sourceforge/opencamera/SettingsManager.java|class:net.sourceforge.opencamera.SettingsManager
MemberIgnoringMethod;aDoctor;/Users/rar9993/repos/research/fdroid_apps/native_apps/OpenCamera-Sensors/NONE_TRANSFORMED_;/Users/rar9993/repos/research/fdroid_apps/native_apps/OpenCamera-Sensors/app/src/main/java/net/sourceforge/opencamera/MyTileServiceFrontCamera.java;file:/Users/rar9993/repos/research/fdroid_apps/native_apps/OpenCamera-Sensors/app/src/main/java/net/sourceforge/opencamera/MyTileServiceFrontCamera.java|class:net.sourceforge.opencamera.MyTileServiceFrontCamera
LeakingInnerClass;aDoctor;/Users/rar9993/repos/research/fdroid_apps/native_apps/OpenCamera-Sensors/NONE_TRANSFORMED_;/Users/rar9993/repos/research/fdroid_apps/native_apps/OpenCamera-Sensors/app/src/main/java/net/sourceforge/opencamera/ExtendedAppInterface.java;file:/Users/rar9993/repos/research/fdroid_apps/native_apps/OpenCamera-Sensors/app/src/main/java/net/sourceforge/opencamera/ExtendedAppInterface.java|class:net.sourceforge.opencamera.ExtendedAppInterface
LeakingThread;aDoctor;/Users/rar9993/repos/research/fdroid_apps/native_apps/OpenCamera-Sensors/NONE_TRANSFORMED_;/Users/rar9993/repos/research/fdroid_apps/native_apps/OpenCamera-Sensors/app/src/main/java/net/sourceforge/opencamera/ExtendedAppInterface.java;file:/Users/rar9993/repos/research/fdroid_apps/native_apps/OpenCamera-Sensors/app/src/main/java/net/sourceforge/opencamera/ExtendedAppInterface.java|class:net.sourceforge.opencamera.ExtendedAppInterface
DataTransmissionWithoutCompression;aDoctor;/Users/rar9993/repos/research/fdroid_apps/native_apps/OpenCamera-Sensors/NONE_TRANSFORMED_;/Users/rar9993/repos/research/fdroid_apps/native_apps/OpenCamera-Sensors/app/src/main/java/net/sourceforge/opencamera/StorageUtils.java;file:/Users/rar9993/repos/research/fdroid_apps/native_apps/OpenCamera-Sensors/app/src/main/java/net/sourceforge/opencamera/StorageUtils.java|class:net.sourceforge.opencamera.StorageUtils
MemberIgnoringMethod;aDoctor;/Users/rar9993/repos/research/fdroid_apps/native_apps/OpenCamera-Sensors/NONE_TRANSFORMED_;/Users/rar9993/repos/research/fdroid_apps/native_apps/OpenCamera-Sensors/app/src/main/java/net/sourceforge/opencamera/StorageUtils.java;file:/Users/rar9993/repos/research/fdroid_apps/native_apps/OpenCamera-Sensors/app/src/main/java/net/sourceforge/opencamera/StorageUtils.java|class:net.sourceforge.opencamera.StorageUtils
SlowForLoop;aDoctor;/Users/rar9993/repos/research/fdroid_apps/native_apps/OpenCamera-Sensors/NONE_TRANSFORMED_;/Users/rar9993/repos/research/fdroid_apps/native_apps/OpenCamera-Sensors/app/src/main/java/net/sourceforge/opencamera/StorageUtils.java;file:/Users/rar9993/repos/research/fdroid_apps/native_apps/OpenCamera-Sensors/app/src/main/java/net/sourceforge/opencamera/StorageUtils.java|class:net.sourceforge.opencamera.StorageUtils
MemberIgnoringMethod;aDoctor;/Users/rar9993/repos/research/fdroid_apps/native_apps/OpenCamera-Sensors/NONE_TRANSFORMED_;/Users/rar9993/repos/research/fdroid_apps/native_apps/OpenCamera-Sensors/app/src/main/java/net/sourceforge/opencamera/ui/DrawPreview.java;file:/Users/rar9993/repos/research/fdroid_apps/native_apps/OpenCamera-Sensors/app/src/main/java/net/sourceforge/opencamera/ui/DrawPreview.java|class:net.sourceforge.opencamera.ui.DrawPreview
SlowForLoop;aDoctor;/Users/rar9993/repos/research/fdroid_apps/native_apps/OpenCamera-Sensors/NONE_TRANSFORMED_;/Users/rar9993/repos/research/fdroid_apps/native_apps/OpenCamera-Sensors/app/src/main/java/net/sourceforge/opencamera/ui/DrawPreview.java;file:/Users/rar9993/repos/research/fdroid_apps/native_apps/OpenCamera-Sensors/app/src/main/java/net/sourceforge/opencamera/ui/DrawPreview.java|class:net.sourceforge.opencamera.ui.DrawPreview
InternalGetterSetter;aDoctor;/Users/rar9993/repos/research/fdroid_apps/native_apps/OpenCamera-Sensors/NONE_TRANSFORMED_;/Users/rar9993/repos/research/fdroid_apps/native_apps/OpenCamera-Sensors/app/src/main/java/net/sourceforge/opencamera/ui/ArraySeekBarPreference.java;file:/Users/rar9993/repos/research/fdroid_apps/native_apps/OpenCamera-Sensors/app/src/main/java/net/sourceforge/opencamera/ui/ArraySeekBarPreference.java|class:net.sourceforge.opencamera.ui.ArraySeekBarPreference
MemberIgnoringMethod;aDoctor;/Users/rar9993/repos/research/fdroid_apps/native_apps/OpenCamera-Sensors/NONE_TRANSFORMED_;/Users/rar9993/repos/research/fdroid_apps/native_apps/OpenCamera-Sensors/app/src/main/java/net/sourceforge/opencamera/ui/ArraySeekBarPreference.java;file:/Users/rar9993/repos/research/fdroid_apps/native_apps/OpenCamera-Sensors/app/src/main/java/net/sourceforge/opencamera/ui/ArraySeekBarPreference.java|class:net.sourceforge.opencamera.ui.ArraySeekBarPreference
SlowForLoop;aDoctor;/Users/rar9993/repos/research/fdroid_apps/native_apps/OpenCamera-Sensors/NONE_TRANSFORMED_;/Users/rar9993/repos/research/fdroid_apps/native_apps/OpenCamera-Sensors/app/src/main/java/net/sourceforge/opencamera/ui/ArraySeekBarPreference.java;file:/Users/rar9993/repos/research/fdroid_apps/native_apps/OpenCamera-Sensors/app/src/main/java/net/sourceforge/opencamera/ui/ArraySeekBarPreference.java|class:net.sourceforge.opencamera.ui.ArraySeekBarPreference
DataTransmissionWithoutCompression;aDoctor;/Users/rar9993/repos/research/fdroid_apps/native_apps/OpenCamera-Sensors/NONE_TRANSFORMED_;/Users/rar9993/repos/research/fdroid_apps/native_apps/OpenCamera-Sensors/app/src/main/java/net/sourceforge/opencamera/ui/FolderChooserDialog.java;file:/Users/rar9993/repos/research/fdroid_apps/native_apps/OpenCamera-Sensors/app/src/main/java/net/sourceforge/opencamera/ui/FolderChooserDialog.java|class:net.sourceforge.opencamera.ui.FolderChooserDialog
NoLowMemoryResolver;aDoctor;/Users/rar9993/repos/research/fdroid_apps/native_apps/OpenCamera-Sensors/NONE_TRANSFORMED_;/Users/rar9993/repos/research/fdroid_apps/native_apps/OpenCamera-Sensors/app/src/main/java/net/sourceforge/opencamera/ui/FolderChooserDialog.java;file:/Users/rar9993/repos/research/fdroid_apps/native_apps/OpenCamera-Sensors/app/src/main/java/net/sourceforge/opencamera/ui/FolderChooserDialog.java|class:net.sourceforge.opencamera.ui.FolderChooserDialog
SlowForLoop;aDoctor;/Users/rar9993/repos/research/fdroid_apps/native_apps/OpenCamera-Sensors/NONE_TRANSFORMED_;/Users/rar9993/repos/research/fdroid_apps/native_apps/OpenCamera-Sensors/app/src/main/java/net/sourceforge/opencamera/ui/FolderChooserDialog.java;file:/Users/rar9993/repos/research/fdroid_apps/native_apps/OpenCamera-Sensors/app/src/main/java/net/sourceforge/opencamera/ui/FolderChooserDialog.java|class:net.sourceforge.opencamera.ui.FolderChooserDialog
LeakingThread;aDoctor;/Users/rar9993/repos/research/fdroid_apps/native_apps/OpenCamera-Sensors/NONE_TRANSFORMED_;/Users/rar9993/repos/research/fdroid_apps/native_apps/OpenCamera-Sensors/app/src/main/java/net/sourceforge/opencamera/ui/PopupView.java;file:/Users/rar9993/repos/research/fdroid_apps/native_apps/OpenCamera-Sensors/app/src/main/java/net/sourceforge/opencamera/ui/PopupView.java|class:net.sourceforge.opencamera.ui.PopupView
MemberIgnoringMethod;aDoctor;/Users/rar9993/repos/research/fdroid_apps/native_apps/OpenCamera-Sensors/NONE_TRANSFORMED_;/Users/rar9993/repos/research/fdroid_apps/native_apps/OpenCamera-Sensors/app/src/main/java/net/sourceforge/opencamera/ui/PopupView.java;file:/Users/rar9993/repos/research/fdroid_apps/native_apps/OpenCamera-Sensors/app/src/main/java/net/sourceforge/opencamera/ui/PopupView.java|class:net.sourceforge.opencamera.ui.PopupView
SlowForLoop;aDoctor;/Users/rar9993/repos/research/fdroid_apps/native_apps/OpenCamera-Sensors/NONE_TRANSFORMED_;/Users/rar9993/repos/research/fdroid_apps/native_apps/OpenCamera-Sensors/app/src/main/java/net/sourceforge/opencamera/ui/PopupView.java;file:/Users/rar9993/repos/research/fdroid_apps/native_apps/OpenCamera-Sensors/app/src/main/java/net/sourceforge/opencamera/ui/PopupView.java|class:net.sourceforge.opencamera.ui.PopupView
SlowForLoop;aDoctor;/Users/rar9993/repos/research/fdroid_apps/native_apps/OpenCamera-Sensors/NONE_TRANSFORMED_;/Users/rar9993/repos/research/fdroid_apps/native_apps/OpenCamera-Sensors/app/src/main/java/net/sourceforge/opencamera/ui/ManualSeekbars.java;file:/Users/rar9993/repos/research/fdroid_apps/native_apps/OpenCamera-Sensors/app/src/main/java/net/sourceforge/opencamera/ui/ManualSeekbars.java|class:net.sourceforge.opencamera.ui.ManualSeekbars
LeakingThread;aDoctor;/Users/rar9993/repos/research/fdroid_apps/native_apps/OpenCamera-Sensors/NONE_TRANSFORMED_;/Users/rar9993/repos/research/fdroid_apps/native_apps/OpenCamera-Sensors/app/src/main/java/net/sourceforge/opencamera/ui/MainUI.java;file:/Users/rar9993/repos/research/fdroid_apps/native_apps/OpenCamera-Sensors/app/src/main/java/net/sourceforge/opencamera/ui/MainUI.java|class:net.sourceforge.opencamera.ui.MainUI
MemberIgnoringMethod;aDoctor;/Users/rar9993/repos/research/fdroid_apps/native_apps/OpenCamera-Sensors/NONE_TRANSFORMED_;/Users/rar9993/repos/research/fdroid_apps/native_apps/OpenCamera-Sensors/app/src/main/java/net/sourceforge/opencamera/ui/MainUI.java;file:/Users/rar9993/repos/research/fdroid_apps/native_apps/OpenCamera-Sensors/app/src/main/java/net/sourceforge/opencamera/ui/MainUI.java|class:net.sourceforge.opencamera.ui.MainUI
SlowForLoop;aDoctor;/Users/rar9993/repos/research/fdroid_apps/native_apps/OpenCamera-Sensors/NONE_TRANSFORMED_;/Users/rar9993/repos/research/fdroid_apps/native_apps/OpenCamera-Sensors/app/src/main/java/net/sourceforge/opencamera/ui/MainUI.java;file:/Users/rar9993/repos/research/fdroid_apps/native_apps/OpenCamera-Sensors/app/src/main/java/net/sourceforge/opencamera/ui/MainUI.java|class:net.sourceforge.opencamera.ui.MainUI
DataTransmissionWithoutCompression;aDoctor;/Users/rar9993/repos/research/fdroid_apps/native_apps/OpenCamera-Sensors/NONE_TRANSFORMED_;/Users/rar9993/repos/research/fdroid_apps/native_apps/OpenCamera-Sensors/app/src/main/java/net/sourceforge/opencamera/sensorlogging/FlashController.java;file:/Users/rar9993/repos/research/fdroid_apps/native_apps/OpenCamera-Sensors/app/src/main/java/net/sourceforge/opencamera/sensorlogging/FlashController.java|class:net.sourceforge.opencamera.sensorlogging.FlashController
DataTransmissionWithoutCompression;aDoctor;/Users/rar9993/repos/research/fdroid_apps/native_apps/OpenCamera-Sensors/NONE_TRANSFORMED_;/Users/rar9993/repos/research/fdroid_apps/native_apps/OpenCamera-Sensors/app/src/main/java/net/sourceforge/opencamera/sensorlogging/RawSensorInfo.java;file:/Users/rar9993/repos/research/fdroid_apps/native_apps/OpenCamera-Sensors/app/src/main/java/net/sourceforge/opencamera/sensorlogging/RawSensorInfo.java|class:net.sourceforge.opencamera.sensorlogging.RawSensorInfo
MemberIgnoringMethod;aDoctor;/Users/rar9993/repos/research/fdroid_apps/native_apps/OpenCamera-Sensors/NONE_TRANSFORMED_;/Users/rar9993/repos/research/fdroid_apps/native_apps/OpenCamera-Sensors/app/src/main/java/net/sourceforge/opencamera/sensorlogging/RawSensorInfo.java;file:/Users/rar9993/repos/research/fdroid_apps/native_apps/OpenCamera-Sensors/app/src/main/java/net/sourceforge/opencamera/sensorlogging/RawSensorInfo.java|class:net.sourceforge.opencamera.sensorlogging.RawSensorInfo
SlowForLoop;aDoctor;/Users/rar9993/repos/research/fdroid_apps/native_apps/OpenCamera-Sensors/NONE_TRANSFORMED_;/Users/rar9993/repos/research/fdroid_apps/native_apps/OpenCamera-Sensors/app/src/main/java/net/sourceforge/opencamera/sensorlogging/RawSensorInfo.java;file:/Users/rar9993/repos/research/fdroid_apps/native_apps/OpenCamera-Sensors/app/src/main/java/net/sourceforge/opencamera/sensorlogging/RawSensorInfo.java|class:net.sourceforge.opencamera.sensorlogging.RawSensorInfo
DataTransmissionWithoutCompression;aDoctor;/Users/rar9993/repos/research/fdroid_apps/native_apps/OpenCamera-Sensors/NONE_TRANSFORMED_;/Users/rar9993/repos/research/fdroid_apps/native_apps/OpenCamera-Sensors/app/src/main/java/net/sourceforge/opencamera/sensorlogging/VideoFrameInfo.java;file:/Users/rar9993/repos/research/fdroid_apps/native_apps/OpenCamera-Sensors/app/src/main/java/net/sourceforge/opencamera/sensorlogging/VideoFrameInfo.java|class:net.sourceforge.opencamera.sensorlogging.VideoFrameInfo
MemberIgnoringMethod;aDoctor;/Users/rar9993/repos/research/fdroid_apps/native_apps/OpenCamera-Sensors/NONE_TRANSFORMED_;/Users/rar9993/repos/research/fdroid_apps/native_apps/OpenCamera-Sensors/app/src/main/java/net/sourceforge/opencamera/sensorlogging/VideoFrameInfo.java;file:/Users/rar9993/repos/research/fdroid_apps/native_apps/OpenCamera-Sensors/app/src/main/java/net/sourceforge/opencamera/sensorlogging/VideoFrameInfo.java|class:net.sourceforge.opencamera.sensorlogging.VideoFrameInfo
LeakingInnerClass;aDoctor;/Users/rar9993/repos/research/fdroid_apps/native_apps/OpenCamera-Sensors/NONE_TRANSFORMED_;/Users/rar9993/repos/research/fdroid_apps/native_apps/OpenCamera-Sensors/app/src/main/java/net/sourceforge/opencamera/cameracontroller/CameraController2.java;file:/Users/rar9993/repos/research/fdroid_apps/native_apps/OpenCamera-Sensors/app/src/main/java/net/sourceforge/opencamera/cameracontroller/CameraController2.java|class:net.sourceforge.opencamera.cameracontroller.CameraController2
LeakingThread;aDoctor;/Users/rar9993/repos/research/fdroid_apps/native_apps/OpenCamera-Sensors/NONE_TRANSFORMED_;/Users/rar9993/repos/research/fdroid_apps/native_apps/OpenCamera-Sensors/app/src/main/java/net/sourceforge/opencamera/cameracontroller/CameraController2.java;file:/Users/rar9993/repos/research/fdroid_apps/native_apps/OpenCamera-Sensors/app/src/main/java/net/sourceforge/opencamera/cameracontroller/CameraController2.java|class:net.sourceforge.opencamera.cameracontroller.CameraController2
MemberIgnoringMethod;aDoctor;/Users/rar9993/repos/research/fdroid_apps/native_apps/OpenCamera-Sensors/NONE_TRANSFORMED_;/Users/rar9993/repos/research/fdroid_apps/native_apps/OpenCamera-Sensors/app/src/main/java/net/sourceforge/opencamera/cameracontroller/CameraController2.java;file:/Users/rar9993/repos/research/fdroid_apps/native_apps/OpenCamera-Sensors/app/src/main/java/net/sourceforge/opencamera/cameracontroller/CameraController2.java|class:net.sourceforge.opencamera.cameracontroller.CameraController2
SlowForLoop;aDoctor;/Users/rar9993/repos/research/fdroid_apps/native_apps/OpenCamera-Sensors/NONE_TRANSFORMED_;/Users/rar9993/repos/research/fdroid_apps/native_apps/OpenCamera-Sensors/app/src/main/java/net/sourceforge/opencamera/cameracontroller/CameraController2.java;file:/Users/rar9993/repos/research/fdroid_apps/native_apps/OpenCamera-Sensors/app/src/main/java/net/sourceforge/opencamera/cameracontroller/CameraController2.java|class:net.sourceforge.opencamera.cameracontroller.CameraController2
MemberIgnoringMethod;aDoctor;/Users/rar9993/repos/research/fdroid_apps/native_apps/OpenCamera-Sensors/NONE_TRANSFORMED_;/Users/rar9993/repos/research/fdroid_apps/native_apps/OpenCamera-Sensors/app/src/main/java/net/sourceforge/opencamera/cameracontroller/CameraControllerManager1.java;file:/Users/rar9993/repos/research/fdroid_apps/native_apps/OpenCamera-Sensors/app/src/main/java/net/sourceforge/opencamera/cameracontroller/CameraControllerManager1.java|class:net.sourceforge.opencamera.cameracontroller.CameraControllerManager1
SlowForLoop;aDoctor;/Users/rar9993/repos/research/fdroid_apps/native_apps/OpenCamera-Sensors/NONE_TRANSFORMED_;/Users/rar9993/repos/research/fdroid_apps/native_apps/OpenCamera-Sensors/app/src/main/java/net/sourceforge/opencamera/cameracontroller/YuvImageUtils.java;file:/Users/rar9993/repos/research/fdroid_apps/native_apps/OpenCamera-Sensors/app/src/main/java/net/sourceforge/opencamera/cameracontroller/YuvImageUtils.java|class:net.sourceforge.opencamera.cameracontroller.YuvImageUtils
LeakingInnerClass;aDoctor;/Users/rar9993/repos/research/fdroid_apps/native_apps/OpenCamera-Sensors/NONE_TRANSFORMED_;/Users/rar9993/repos/research/fdroid_apps/native_apps/OpenCamera-Sensors/app/src/main/java/net/sourceforge/opencamera/cameracontroller/CameraController.java;file:/Users/rar9993/repos/research/fdroid_apps/native_apps/OpenCamera-Sensors/app/src/main/java/net/sourceforge/opencamera/cameracontroller/CameraController.java|class:net.sourceforge.opencamera.cameracontroller.CameraController
MemberIgnoringMethod;aDoctor;/Users/rar9993/repos/research/fdroid_apps/native_apps/OpenCamera-Sensors/NONE_TRANSFORMED_;/Users/rar9993/repos/research/fdroid_apps/native_apps/OpenCamera-Sensors/app/src/main/java/net/sourceforge/opencamera/cameracontroller/CameraController.java;file:/Users/rar9993/repos/research/fdroid_apps/native_apps/OpenCamera-Sensors/app/src/main/java/net/sourceforge/opencamera/cameracontroller/CameraController.java|class:net.sourceforge.opencamera.cameracontroller.CameraController
SlowForLoop;aDoctor;/Users/rar9993/repos/research/fdroid_apps/native_apps/OpenCamera-Sensors/NONE_TRANSFORMED_;/Users/rar9993/repos/research/fdroid_apps/native_apps/OpenCamera-Sensors/app/src/main/java/net/sourceforge/opencamera/cameracontroller/CameraController.java;file:/Users/rar9993/repos/research/fdroid_apps/native_apps/OpenCamera-Sensors/app/src/main/java/net/sourceforge/opencamera/cameracontroller/CameraController.java|class:net.sourceforge.opencamera.cameracontroller.CameraController
LeakingInnerClass;aDoctor;/Users/rar9993/repos/research/fdroid_apps/native_apps/OpenCamera-Sensors/NONE_TRANSFORMED_;/Users/rar9993/repos/research/fdroid_apps/native_apps/OpenCamera-Sensors/app/src/main/java/net/sourceforge/opencamera/cameracontroller/CameraController1.java;file:/Users/rar9993/repos/research/fdroid_apps/native_apps/OpenCamera-Sensors/app/src/main/java/net/sourceforge/opencamera/cameracontroller/CameraController1.java|class:net.sourceforge.opencamera.cameracontroller.CameraController1
LeakingThread;aDoctor;/Users/rar9993/repos/research/fdroid_apps/native_apps/OpenCamera-Sensors/NONE_TRANSFORMED_;/Users/rar9993/repos/research/fdroid_apps/native_apps/OpenCamera-Sensors/app/src/main/java/net/sourceforge/opencamera/cameracontroller/CameraController1.java;file:/Users/rar9993/repos/research/fdroid_apps/native_apps/OpenCamera-Sensors/app/src/main/java/net/sourceforge/opencamera/cameracontroller/CameraController1.java|class:net.sourceforge.opencamera.cameracontroller.CameraController1
MemberIgnoringMethod;aDoctor;/Users/rar9993/repos/research/fdroid_apps/native_apps/OpenCamera-Sensors/NONE_TRANSFORMED_;/Users/rar9993/repos/research/fdroid_apps/native_apps/OpenCamera-Sensors/app/src/main/java/net/sourceforge/opencamera/cameracontroller/CameraController1.java;file:/Users/rar9993/repos/research/fdroid_apps/native_apps/OpenCamera-Sensors/app/src/main/java/net/sourceforge/opencamera/cameracontroller/CameraController1.java|class:net.sourceforge.opencamera.cameracontroller.CameraController1
SlowForLoop;aDoctor;/Users/rar9993/repos/research/fdroid_apps/native_apps/OpenCamera-Sensors/NONE_TRANSFORMED_;/Users/rar9993/repos/research/fdroid_apps/native_apps/OpenCamera-Sensors/app/src/main/java/net/sourceforge/opencamera/cameracontroller/CameraController1.java;file:/Users/rar9993/repos/research/fdroid_apps/native_apps/OpenCamera-Sensors/app/src/main/java/net/sourceforge/opencamera/cameracontroller/CameraController1.java|class:net.sourceforge.opencamera.cameracontroller.CameraController1
LeakingInnerClass;aDoctor;/Users/rar9993/repos/research/fdroid_apps/native_apps/OpenCamera-Sensors/NONE_TRANSFORMED_;/Users/rar9993/repos/research/fdroid_apps/native_apps/OpenCamera-Sensors/app/src/main/java/net/sourceforge/opencamera/recsync/SoftwareSyncHelper.java;file:/Users/rar9993/repos/research/fdroid_apps/native_apps/OpenCamera-Sensors/app/src/main/java/net/sourceforge/opencamera/recsync/SoftwareSyncHelper.java|class:net.sourceforge.opencamera.recsync.SoftwareSyncHelper
LeakingThread;aDoctor;/Users/rar9993/repos/research/fdroid_apps/native_apps/OpenCamera-Sensors/NONE_TRANSFORMED_;/Users/rar9993/repos/research/fdroid_apps/native_apps/OpenCamera-Sensors/app/src/main/java/net/sourceforge/opencamera/recsync/SoftwareSyncHelper.java;file:/Users/rar9993/repos/research/fdroid_apps/native_apps/OpenCamera-Sensors/app/src/main/java/net/sourceforge/opencamera/recsync/SoftwareSyncHelper.java|class:net.sourceforge.opencamera.recsync.SoftwareSyncHelper
DataTransmissionWithoutCompression;aDoctor;/Users/rar9993/repos/research/fdroid_apps/native_apps/OpenCamera-Sensors/NONE_TRANSFORMED_;/Users/rar9993/repos/research/fdroid_apps/native_apps/OpenCamera-Sensors/app/src/main/java/net/sourceforge/opencamera/preview/Preview.java;file:/Users/rar9993/repos/research/fdroid_apps/native_apps/OpenCamera-Sensors/app/src/main/java/net/sourceforge/opencamera/preview/Preview.java|class:net.sourceforge.opencamera.preview.Preview
LeakingInnerClass;aDoctor;/Users/rar9993/repos/research/fdroid_apps/native_apps/OpenCamera-Sensors/NONE_TRANSFORMED_;/Users/rar9993/repos/research/fdroid_apps/native_apps/OpenCamera-Sensors/app/src/main/java/net/sourceforge/opencamera/preview/Preview.java;file:/Users/rar9993/repos/research/fdroid_apps/native_apps/OpenCamera-Sensors/app/src/main/java/net/sourceforge/opencamera/preview/Preview.java|class:net.sourceforge.opencamera.preview.Preview
MemberIgnoringMethod;aDoctor;/Users/rar9993/repos/research/fdroid_apps/native_apps/OpenCamera-Sensors/NONE_TRANSFORMED_;/Users/rar9993/repos/research/fdroid_apps/native_apps/OpenCamera-Sensors/app/src/main/java/net/sourceforge/opencamera/preview/Preview.java;file:/Users/rar9993/repos/research/fdroid_apps/native_apps/OpenCamera-Sensors/app/src/main/java/net/sourceforge/opencamera/preview/Preview.java|class:net.sourceforge.opencamera.preview.Preview
SlowForLoop;aDoctor;/Users/rar9993/repos/research/fdroid_apps/native_apps/OpenCamera-Sensors/NONE_TRANSFORMED_;/Users/rar9993/repos/research/fdroid_apps/native_apps/OpenCamera-Sensors/app/src/main/java/net/sourceforge/opencamera/preview/Preview.java;file:/Users/rar9993/repos/research/fdroid_apps/native_apps/OpenCamera-Sensors/app/src/main/java/net/sourceforge/opencamera/preview/Preview.java|class:net.sourceforge.opencamera.preview.Preview
LeakingThread;aDoctor;/Users/rar9993/repos/research/fdroid_apps/native_apps/OpenCamera-Sensors/NONE_TRANSFORMED_;/Users/rar9993/repos/research/fdroid_apps/native_apps/OpenCamera-Sensors/app/src/main/java/net/sourceforge/opencamera/preview/CanvasView.java;file:/Users/rar9993/repos/research/fdroid_apps/native_apps/OpenCamera-Sensors/app/src/main/java/net/sourceforge/opencamera/preview/CanvasView.java|class:net.sourceforge.opencamera.preview.CanvasView
SlowForLoop;aDoctor;/Users/rar9993/repos/research/fdroid_apps/native_apps/OpenCamera-Sensors/NONE_TRANSFORMED_;/Users/rar9993/repos/research/fdroid_apps/native_apps/OpenCamera-Sensors/app/src/main/java/net/sourceforge/opencamera/preview/VideoQualityHandler.java;file:/Users/rar9993/repos/research/fdroid_apps/native_apps/OpenCamera-Sensors/app/src/main/java/net/sourceforge/opencamera/preview/VideoQualityHandler.java|class:net.sourceforge.opencamera.preview.VideoQualityHandler
UnclosedCloseable;aDoctor;/Users/rar9993/repos/research/fdroid_apps/native_apps/OpenCamera-Sensors/NONE_TRANSFORMED_;/Users/rar9993/repos/research/fdroid_apps/native_apps/OpenCamera-Sensors/app/src/main/java/net/sourceforge/opencamera/preview/BasicApplicationInterface.java;file:/Users/rar9993/repos/research/fdroid_apps/native_apps/OpenCamera-Sensors/app/src/main/java/net/sourceforge/opencamera/preview/BasicApplicationInterface.java|class:net.sourceforge.opencamera.preview.BasicApplicationInterface
DataTransmissionWithoutCompression;aDoctor;/Users/rar9993/repos/research/fdroid_apps/native_apps/OpenCamera-Sensors/NONE_TRANSFORMED_;/Users/rar9993/repos/research/fdroid_apps/native_apps/OpenCamera-Sensors/app/src/main/java/net/sourceforge/opencamera/preview/ApplicationInterface.java;file:/Users/rar9993/repos/research/fdroid_apps/native_apps/OpenCamera-Sensors/app/src/main/java/net/sourceforge/opencamera/preview/ApplicationInterface.java|class:net.sourceforge.opencamera.preview.ApplicationInterface
LeakingInnerClass;aDoctor;/Users/rar9993/repos/research/fdroid_apps/native_apps/OpenCamera-Sensors/NONE_TRANSFORMED_;/Users/rar9993/repos/research/fdroid_apps/native_apps/OpenCamera-Sensors/app/src/main/java/net/sourceforge/opencamera/preview/ApplicationInterface.java;file:/Users/rar9993/repos/research/fdroid_apps/native_apps/OpenCamera-Sensors/app/src/main/java/net/sourceforge/opencamera/preview/ApplicationInterface.java|class:net.sourceforge.opencamera.preview.ApplicationInterface
MemberIgnoringMethod;aDoctor;/Users/rar9993/repos/research/fdroid_apps/native_apps/OpenCamera-Sensors/NONE_TRANSFORMED_;/Users/rar9993/repos/research/fdroid_apps/native_apps/OpenCamera-Sensors/app/src/main/java/net/sourceforge/opencamera/preview/ApplicationInterface.java;file:/Users/rar9993/repos/research/fdroid_apps/native_apps/OpenCamera-Sensors/app/src/main/java/net/sourceforge/opencamera/preview/ApplicationInterface.java|class:net.sourceforge.opencamera.preview.ApplicationInterface
MemberIgnoringMethod;aDoctor;/Users/rar9993/repos/research/fdroid_apps/native_apps/OpenCamera-Sensors/NONE_TRANSFORMED_;/Users/rar9993/repos/research/fdroid_apps/native_apps/OpenCamera-Sensors/app/src/main/java/net/sourceforge/opencamera/preview/VideoProfile.java;file:/Users/rar9993/repos/research/fdroid_apps/native_apps/OpenCamera-Sensors/app/src/main/java/net/sourceforge/opencamera/preview/VideoProfile.java|class:net.sourceforge.opencamera.preview.VideoProfile
LeakingThread;aDoctor;/Users/rar9993/repos/research/fdroid_apps/native_apps/OpenCamera-Sensors/NONE_TRANSFORMED_;/Users/rar9993/repos/research/fdroid_apps/native_apps/OpenCamera-Sensors/app/src/main/java/net/sourceforge/opencamera/preview/camerasurface/MySurfaceView.java;file:/Users/rar9993/repos/research/fdroid_apps/native_apps/OpenCamera-Sensors/app/src/main/java/net/sourceforge/opencamera/preview/camerasurface/MySurfaceView.java|class:net.sourceforge.opencamera.preview.camerasurface.MySurfaceView
MemberIgnoringMethod;aDoctor;/Users/rar9993/repos/research/fdroid_apps/native_apps/OpenCamera-Sensors/NONE_TRANSFORMED_;/Users/rar9993/repos/research/fdroid_apps/native_apps/OpenCamera-Sensors/app/src/main/java/net/sourceforge/opencamera/preview/camerasurface/MySurfaceView.java;file:/Users/rar9993/repos/research/fdroid_apps/native_apps/OpenCamera-Sensors/app/src/main/java/net/sourceforge/opencamera/preview/camerasurface/MySurfaceView.java|class:net.sourceforge.opencamera.preview.camerasurface.MySurfaceView
MemberIgnoringMethod;aDoctor;/Users/rar9993/repos/research/fdroid_apps/native_apps/OpenCamera-Sensors/NONE_TRANSFORMED_;/Users/rar9993/repos/research/fdroid_apps/native_apps/OpenCamera-Sensors/app/src/main/java/net/sourceforge/opencamera/preview/camerasurface/MyTextureView.java;file:/Users/rar9993/repos/research/fdroid_apps/native_apps/OpenCamera-Sensors/app/src/main/java/net/sourceforge/opencamera/preview/camerasurface/MyTextureView.java|class:net.sourceforge.opencamera.preview.camerasurface.MyTextureView
LeakingThread;aDoctor;/Users/rar9993/repos/research/fdroid_apps/native_apps/OpenCamera-Sensors/NONE_TRANSFORMED_;/Users/rar9993/repos/research/fdroid_apps/native_apps/OpenCamera-Sensors/app/src/main/java/net/sourceforge/opencamera/sensorremote/RemoteRpcServer.java;file:/Users/rar9993/repos/research/fdroid_apps/native_apps/OpenCamera-Sensors/app/src/main/java/net/sourceforge/opencamera/sensorremote/RemoteRpcServer.java|class:net.sourceforge.opencamera.sensorremote.RemoteRpcServer
UnclosedCloseable;aDoctor;/Users/rar9993/repos/research/fdroid_apps/native_apps/OpenCamera-Sensors/NONE_TRANSFORMED_;/Users/rar9993/repos/research/fdroid_apps/native_apps/OpenCamera-Sensors/app/src/main/java/net/sourceforge/opencamera/sensorremote/RemoteRpcConfig.java;file:/Users/rar9993/repos/research/fdroid_apps/native_apps/OpenCamera-Sensors/app/src/main/java/net/sourceforge/opencamera/sensorremote/RemoteRpcConfig.java|class:net.sourceforge.opencamera.sensorremote.RemoteRpcConfig
DataTransmissionWithoutCompression;aDoctor;/Users/rar9993/repos/research/fdroid_apps/native_apps/OpenCamera-Sensors/NONE_TRANSFORMED_;/Users/rar9993/repos/research/fdroid_apps/native_apps/OpenCamera-Sensors/app/src/main/java/net/sourceforge/opencamera/sensorremote/RemoteRpcRequestHandler.java;file:/Users/rar9993/repos/research/fdroid_apps/native_apps/OpenCamera-Sensors/app/src/main/java/net/sourceforge/opencamera/sensorremote/RemoteRpcRequestHandler.java|class:net.sourceforge.opencamera.sensorremote.RemoteRpcRequestHandler
SlowForLoop;aDoctor;/Users/rar9993/repos/research/fdroid_apps/native_apps/OpenCamera-Sensors/NONE_TRANSFORMED_;/Users/rar9993/repos/research/fdroid_apps/native_apps/OpenCamera-Sensors/app/src/main/java/net/sourceforge/opencamera/sensorremote/RemoteRpcRequestHandler.java;file:/Users/rar9993/repos/research/fdroid_apps/native_apps/OpenCamera-Sensors/app/src/main/java/net/sourceforge/opencamera/sensorremote/RemoteRpcRequestHandler.java|class:net.sourceforge.opencamera.sensorremote.RemoteRpcRequestHandler
LeakingThread;aDoctor;/Users/rar9993/repos/research/fdroid_apps/native_apps/OpenCamera-Sensors/NONE_TRANSFORMED_;/Users/rar9993/repos/research/fdroid_apps/native_apps/OpenCamera-Sensors/app/src/main/java/net/sourceforge/opencamera/remotecontrol/BluetoothRemoteControl.java;file:/Users/rar9993/repos/research/fdroid_apps/native_apps/OpenCamera-Sensors/app/src/main/java/net/sourceforge/opencamera/remotecontrol/BluetoothRemoteControl.java|class:net.sourceforge.opencamera.remotecontrol.BluetoothRemoteControl
LeakingInnerClass;aDoctor;/Users/rar9993/repos/research/fdroid_apps/native_apps/OpenCamera-Sensors/NONE_TRANSFORMED_;/Users/rar9993/repos/research/fdroid_apps/native_apps/OpenCamera-Sensors/app/src/main/java/net/sourceforge/opencamera/remotecontrol/BluetoothLeService.java;file:/Users/rar9993/repos/research/fdroid_apps/native_apps/OpenCamera-Sensors/app/src/main/java/net/sourceforge/opencamera/remotecontrol/BluetoothLeService.java|class:net.sourceforge.opencamera.remotecontrol.BluetoothLeService
LeakingThread;aDoctor;/Users/rar9993/repos/research/fdroid_apps/native_apps/OpenCamera-Sensors/NONE_TRANSFORMED_;/Users/rar9993/repos/research/fdroid_apps/native_apps/OpenCamera-Sensors/app/src/main/java/net/sourceforge/opencamera/remotecontrol/BluetoothLeService.java;file:/Users/rar9993/repos/research/fdroid_apps/native_apps/OpenCamera-Sensors/app/src/main/java/net/sourceforge/opencamera/remotecontrol/BluetoothLeService.java|class:net.sourceforge.opencamera.remotecontrol.BluetoothLeService
MemberIgnoringMethod;aDoctor;/Users/rar9993/repos/research/fdroid_apps/native_apps/OpenCamera-Sensors/NONE_TRANSFORMED_;/Users/rar9993/repos/research/fdroid_apps/native_apps/OpenCamera-Sensors/app/src/main/java/net/sourceforge/opencamera/remotecontrol/BluetoothLeService.java;file:/Users/rar9993/repos/research/fdroid_apps/native_apps/OpenCamera-Sensors/app/src/main/java/net/sourceforge/opencamera/remotecontrol/BluetoothLeService.java|class:net.sourceforge.opencamera.remotecontrol.BluetoothLeService
NoLowMemoryResolver;aDoctor;/Users/rar9993/repos/research/fdroid_apps/native_apps/OpenCamera-Sensors/NONE_TRANSFORMED_;/Users/rar9993/repos/research/fdroid_apps/native_apps/OpenCamera-Sensors/app/src/main/java/net/sourceforge/opencamera/remotecontrol/BluetoothLeService.java;file:/Users/rar9993/repos/research/fdroid_apps/native_apps/OpenCamera-Sensors/app/src/main/java/net/sourceforge/opencamera/remotecontrol/BluetoothLeService.java|class:net.sourceforge.opencamera.remotecontrol.BluetoothLeService
LeakingInnerClass;aDoctor;/Users/rar9993/repos/research/fdroid_apps/native_apps/OpenCamera-Sensors/NONE_TRANSFORMED_;/Users/rar9993/repos/research/fdroid_apps/native_apps/OpenCamera-Sensors/app/src/main/java/net/sourceforge/opencamera/remotecontrol/DeviceScanner.java;file:/Users/rar9993/repos/research/fdroid_apps/native_apps/OpenCamera-Sensors/app/src/main/java/net/sourceforge/opencamera/remotecontrol/DeviceScanner.java|class:net.sourceforge.opencamera.remotecontrol.DeviceScanner
LeakingThread;aDoctor;/Users/rar9993/repos/research/fdroid_apps/native_apps/OpenCamera-Sensors/NONE_TRANSFORMED_;/Users/rar9993/repos/research/fdroid_apps/native_apps/OpenCamera-Sensors/app/src/main/java/net/sourceforge/opencamera/remotecontrol/DeviceScanner.java;file:/Users/rar9993/repos/research/fdroid_apps/native_apps/OpenCamera-Sensors/app/src/main/java/net/sourceforge/opencamera/remotecontrol/DeviceScanner.java|class:net.sourceforge.opencamera.remotecontrol.DeviceScanner
MemberIgnoringMethod;aDoctor;/Users/rar9993/repos/research/fdroid_apps/native_apps/OpenCamera-Sensors/NONE_TRANSFORMED_;/Users/rar9993/repos/research/fdroid_apps/native_apps/OpenCamera-Sensors/app/src/main/java/net/sourceforge/opencamera/remotecontrol/DeviceScanner.java;file:/Users/rar9993/repos/research/fdroid_apps/native_apps/OpenCamera-Sensors/app/src/main/java/net/sourceforge/opencamera/remotecontrol/DeviceScanner.java|class:net.sourceforge.opencamera.remotecontrol.DeviceScanner
NoLowMemoryResolver;aDoctor;/Users/rar9993/repos/research/fdroid_apps/native_apps/OpenCamera-Sensors/NONE_TRANSFORMED_;/Users/rar9993/repos/research/fdroid_apps/native_apps/OpenCamera-Sensors/app/src/main/java/net/sourceforge/opencamera/remotecontrol/DeviceScanner.java;file:/Users/rar9993/repos/research/fdroid_apps/native_apps/OpenCamera-Sensors/app/src/main/java/net/sourceforge/opencamera/remotecontrol/DeviceScanner.java|class:net.sourceforge.opencamera.remotecontrol.DeviceScanner
LeakingThread;aDoctor;/Users/rar9993/repos/research/fdroid_apps/native_apps/OpenCamera-Sensors/NONE_TRANSFORMED_;/Users/rar9993/repos/research/fdroid_apps/native_apps/OpenCamera-Sensors/app/src/main/java/com/googleresearch/capturesync/PhaseAlignController.java;file:/Users/rar9993/repos/research/fdroid_apps/native_apps/OpenCamera-Sensors/app/src/main/java/com/googleresearch/capturesync/PhaseAlignController.java|class:com.googleresearch.capturesync.PhaseAlignController
MemberIgnoringMethod;aDoctor;/Users/rar9993/repos/research/fdroid_apps/native_apps/OpenCamera-Sensors/NONE_TRANSFORMED_;/Users/rar9993/repos/research/fdroid_apps/native_apps/OpenCamera-Sensors/app/src/main/java/com/googleresearch/capturesync/softwaresync/SoftwareSyncClient.java;file:/Users/rar9993/repos/research/fdroid_apps/native_apps/OpenCamera-Sensors/app/src/main/java/com/googleresearch/capturesync/softwaresync/SoftwareSyncClient.java|class:com.googleresearch.capturesync.softwaresync.SoftwareSyncClient
MemberIgnoringMethod;aDoctor;/Users/rar9993/repos/research/fdroid_apps/native_apps/OpenCamera-Sensors/NONE_TRANSFORMED_;/Users/rar9993/repos/research/fdroid_apps/native_apps/OpenCamera-Sensors/app/src/main/java/com/googleresearch/capturesync/softwaresync/SoftwareSyncLeader.java;file:/Users/rar9993/repos/research/fdroid_apps/native_apps/OpenCamera-Sensors/app/src/main/java/com/googleresearch/capturesync/softwaresync/SoftwareSyncLeader.java|class:com.googleresearch.capturesync.softwaresync.SoftwareSyncLeader
LeakingThread;aDoctor;/Users/rar9993/repos/research/fdroid_apps/native_apps/OpenCamera-Sensors/NONE_TRANSFORMED_;/Users/rar9993/repos/research/fdroid_apps/native_apps/OpenCamera-Sensors/app/src/main/java/com/googleresearch/capturesync/softwaresync/SntpListener.java;file:/Users/rar9993/repos/research/fdroid_apps/native_apps/OpenCamera-Sensors/app/src/main/java/com/googleresearch/capturesync/softwaresync/SntpListener.java|class:com.googleresearch.capturesync.softwaresync.SntpListener
MemberIgnoringMethod;aDoctor;/Users/rar9993/repos/research/fdroid_apps/native_apps/OpenCamera-Sensors/NONE_TRANSFORMED_;/Users/rar9993/repos/research/fdroid_apps/native_apps/OpenCamera-Sensors/app/src/main/java/com/googleresearch/capturesync/softwaresync/ClientInfo.java;file:/Users/rar9993/repos/research/fdroid_apps/native_apps/OpenCamera-Sensors/app/src/main/java/com/googleresearch/capturesync/softwaresync/ClientInfo.java|class:com.googleresearch.capturesync.softwaresync.ClientInfo
LeakingInnerClass;aDoctor;/Users/rar9993/repos/research/fdroid_apps/native_apps/OpenCamera-Sensors/NONE_TRANSFORMED_;/Users/rar9993/repos/research/fdroid_apps/native_apps/OpenCamera-Sensors/app/src/main/java/com/googleresearch/capturesync/softwaresync/SoftwareSyncBase.java;file:/Users/rar9993/repos/research/fdroid_apps/native_apps/OpenCamera-Sensors/app/src/main/java/com/googleresearch/capturesync/softwaresync/SoftwareSyncBase.java|class:com.googleresearch.capturesync.softwaresync.SoftwareSyncBase
LeakingThread;aDoctor;/Users/rar9993/repos/research/fdroid_apps/native_apps/OpenCamera-Sensors/NONE_TRANSFORMED_;/Users/rar9993/repos/research/fdroid_apps/native_apps/OpenCamera-Sensors/app/src/main/java/com/googleresearch/capturesync/softwaresync/SoftwareSyncBase.java;file:/Users/rar9993/repos/research/fdroid_apps/native_apps/OpenCamera-Sensors/app/src/main/java/com/googleresearch/capturesync/softwaresync/SoftwareSyncBase.java|class:com.googleresearch.capturesync.softwaresync.SoftwareSyncBase
MemberIgnoringMethod;aDoctor;/Users/rar9993/repos/research/fdroid_apps/native_apps/OpenCamera-Sensors/NONE_TRANSFORMED_;/Users/rar9993/repos/research/fdroid_apps/native_apps/OpenCamera-Sensors/app/src/main/java/com/googleresearch/capturesync/softwaresync/NetworkHelpers.java;file:/Users/rar9993/repos/research/fdroid_apps/native_apps/OpenCamera-Sensors/app/src/main/java/com/googleresearch/capturesync/softwaresync/NetworkHelpers.java|class:com.googleresearch.capturesync.softwaresync.NetworkHelpers
MemberIgnoringMethod;aDoctor;/Users/rar9993/repos/research/fdroid_apps/native_apps/OpenCamera-Sensors/NONE_TRANSFORMED_;/Users/rar9993/repos/research/fdroid_apps/native_apps/OpenCamera-Sensors/app/src/main/java/com/googleresearch/capturesync/softwaresync/SyncConstants.java;file:/Users/rar9993/repos/research/fdroid_apps/native_apps/OpenCamera-Sensors/app/src/main/java/com/googleresearch/capturesync/softwaresync/SyncConstants.java|class:com.googleresearch.capturesync.softwaresync.SyncConstants
SlowForLoop;aDoctor;/Users/rar9993/repos/research/fdroid_apps/native_apps/OpenCamera-Sensors/NONE_TRANSFORMED_;/Users/rar9993/repos/research/fdroid_apps/native_apps/OpenCamera-Sensors/app/src/main/java/com/googleresearch/capturesync/softwaresync/SimpleNetworkTimeProtocol.java;file:/Users/rar9993/repos/research/fdroid_apps/native_apps/OpenCamera-Sensors/app/src/main/java/com/googleresearch/capturesync/softwaresync/SimpleNetworkTimeProtocol.java|class:com.googleresearch.capturesync.softwaresync.SimpleNetworkTimeProtocol
MemberIgnoringMethod;aDoctor;/Users/rar9993/repos/research/fdroid_apps/native_apps/OpenCamera-Sensors/NONE_TRANSFORMED_;/Users/rar9993/repos/research/fdroid_apps/native_apps/OpenCamera-Sensors/app/src/main/java/com/googleresearch/capturesync/softwaresync/phasealign/PeriodCalculator.java;file:/Users/rar9993/repos/research/fdroid_apps/native_apps/OpenCamera-Sensors/app/src/main/java/com/googleresearch/capturesync/softwaresync/phasealign/PeriodCalculator.java|class:com.googleresearch.capturesync.softwaresync.phasealign.PeriodCalculator
SlowForLoop;aDoctor;/Users/rar9993/repos/research/fdroid_apps/native_apps/OpenCamera-Sensors/NONE_TRANSFORMED_;/Users/rar9993/repos/research/fdroid_apps/native_apps/OpenCamera-Sensors/app/src/main/java/com/googleresearch/capturesync/softwaresync/phasealign/PeriodCalculator.java;file:/Users/rar9993/repos/research/fdroid_apps/native_apps/OpenCamera-Sensors/app/src/main/java/com/googleresearch/capturesync/softwaresync/phasealign/PeriodCalculator.java|class:com.googleresearch.capturesync.softwaresync.phasealign.PeriodCalculator
RedundantFieldInitializer;PMD;/Users/rar9993/repos/research/fdroid_apps/native_apps/OpenCamera-Sensors/NONE_TRANSFORMED_;/Users/rar9993/repos/research/fdroid_apps/native_apps/OpenCamera-Sensors/app/src/main/java/com/googleresearch/capturesync/PhaseAlignController.java;file:/Users/rar9993/repos/research/fdroid_apps/native_apps/OpenCamera-Sensors/app/src/main/java/com/googleresearch/capturesync/PhaseAlignController.java|line:63
RedundantFieldInitializer;PMD;/Users/rar9993/repos/research/fdroid_apps/native_apps/OpenCamera-Sensors/NONE_TRANSFORMED_;/Users/rar9993/repos/research/fdroid_apps/native_apps/OpenCamera-Sensors/app/src/main/java/com/googleresearch/capturesync/PhaseAlignController.java;file:/Users/rar9993/repos/research/fdroid_apps/native_apps/OpenCamera-Sensors/app/src/main/java/com/googleresearch/capturesync/PhaseAlignController.java|line:64
RedundantFieldInitializer;PMD;/Users/rar9993/repos/research/fdroid_apps/native_apps/OpenCamera-Sensors/NONE_TRANSFORMED_;/Users/rar9993/repos/research/fdroid_apps/native_apps/OpenCamera-Sensors/app/src/main/java/com/googleresearch/capturesync/PhaseAlignController.java;file:/Users/rar9993/repos/research/fdroid_apps/native_apps/OpenCamera-Sensors/app/src/main/java/com/googleresearch/capturesync/PhaseAlignController.java|line:65
RedundantFieldInitializer;PMD;/Users/rar9993/repos/research/fdroid_apps/native_apps/OpenCamera-Sensors/NONE_TRANSFORMED_;/Users/rar9993/repos/research/fdroid_apps/native_apps/OpenCamera-Sensors/app/src/main/java/com/googleresearch/capturesync/SoftwareSyncController.java;file:/Users/rar9993/repos/research/fdroid_apps/native_apps/OpenCamera-Sensors/app/src/main/java/com/googleresearch/capturesync/SoftwareSyncController.java|line:71
RedundantFieldInitializer;PMD;/Users/rar9993/repos/research/fdroid_apps/native_apps/OpenCamera-Sensors/NONE_TRANSFORMED_;/Users/rar9993/repos/research/fdroid_apps/native_apps/OpenCamera-Sensors/app/src/main/java/com/googleresearch/capturesync/SoftwareSyncController.java;file:/Users/rar9993/repos/research/fdroid_apps/native_apps/OpenCamera-Sensors/app/src/main/java/com/googleresearch/capturesync/SoftwareSyncController.java|line:72
AvoidInstantiatingObjectsInLoops;PMD;/Users/rar9993/repos/research/fdroid_apps/native_apps/OpenCamera-Sensors/NONE_TRANSFORMED_;/Users/rar9993/repos/research/fdroid_apps/native_apps/OpenCamera-Sensors/app/src/main/java/com/googleresearch/capturesync/softwaresync/SimpleNetworkTimeProtocol.java;file:/Users/rar9993/repos/research/fdroid_apps/native_apps/OpenCamera-Sensors/app/src/main/java/com/googleresearch/capturesync/softwaresync/SimpleNetworkTimeProtocol.java|line:169
AvoidInstantiatingObjectsInLoops;PMD;/Users/rar9993/repos/research/fdroid_apps/native_apps/OpenCamera-Sensors/NONE_TRANSFORMED_;/Users/rar9993/repos/research/fdroid_apps/native_apps/OpenCamera-Sensors/app/src/main/java/com/googleresearch/capturesync/softwaresync/SimpleNetworkTimeProtocol.java;file:/Users/rar9993/repos/research/fdroid_apps/native_apps/OpenCamera-Sensors/app/src/main/java/com/googleresearch/capturesync/softwaresync/SimpleNetworkTimeProtocol.java|line:173
AvoidInstantiatingObjectsInLoops;PMD;/Users/rar9993/repos/research/fdroid_apps/native_apps/OpenCamera-Sensors/NONE_TRANSFORMED_;/Users/rar9993/repos/research/fdroid_apps/native_apps/OpenCamera-Sensors/app/src/main/java/com/googleresearch/capturesync/softwaresync/SntpListener.java;file:/Users/rar9993/repos/research/fdroid_apps/native_apps/OpenCamera-Sensors/app/src/main/java/com/googleresearch/capturesync/softwaresync/SntpListener.java|line:61
AvoidInstantiatingObjectsInLoops;PMD;/Users/rar9993/repos/research/fdroid_apps/native_apps/OpenCamera-Sensors/NONE_TRANSFORMED_;/Users/rar9993/repos/research/fdroid_apps/native_apps/OpenCamera-Sensors/app/src/main/java/com/googleresearch/capturesync/softwaresync/SntpListener.java;file:/Users/rar9993/repos/research/fdroid_apps/native_apps/OpenCamera-Sensors/app/src/main/java/com/googleresearch/capturesync/softwaresync/SntpListener.java|line:90
RedundantFieldInitializer;PMD;/Users/rar9993/repos/research/fdroid_apps/native_apps/OpenCamera-Sensors/NONE_TRANSFORMED_;/Users/rar9993/repos/research/fdroid_apps/native_apps/OpenCamera-Sensors/app/src/main/java/com/googleresearch/capturesync/softwaresync/SoftwareSyncBase.java;file:/Users/rar9993/repos/research/fdroid_apps/native_apps/OpenCamera-Sensors/app/src/main/java/com/googleresearch/capturesync/softwaresync/SoftwareSyncBase.java|line:58
AvoidInstantiatingObjectsInLoops;PMD;/Users/rar9993/repos/research/fdroid_apps/native_apps/OpenCamera-Sensors/NONE_TRANSFORMED_;/Users/rar9993/repos/research/fdroid_apps/native_apps/OpenCamera-Sensors/app/src/main/java/com/googleresearch/capturesync/softwaresync/SoftwareSyncBase.java;file:/Users/rar9993/repos/research/fdroid_apps/native_apps/OpenCamera-Sensors/app/src/main/java/com/googleresearch/capturesync/softwaresync/SoftwareSyncBase.java|line:215
AvoidInstantiatingObjectsInLoops;PMD;/Users/rar9993/repos/research/fdroid_apps/native_apps/OpenCamera-Sensors/NONE_TRANSFORMED_;/Users/rar9993/repos/research/fdroid_apps/native_apps/OpenCamera-Sensors/app/src/main/java/com/googleresearch/capturesync/softwaresync/SoftwareSyncBase.java;file:/Users/rar9993/repos/research/fdroid_apps/native_apps/OpenCamera-Sensors/app/src/main/java/com/googleresearch/capturesync/softwaresync/SoftwareSyncBase.java|line:226
UseStringBufferForStringAppends;PMD;/Users/rar9993/repos/research/fdroid_apps/native_apps/OpenCamera-Sensors/NONE_TRANSFORMED_;/Users/rar9993/repos/research/fdroid_apps/native_apps/OpenCamera-Sensors/app/src/main/java/com/googleresearch/capturesync/softwaresync/phasealign/PhaseResponse.java;file:/Users/rar9993/repos/research/fdroid_apps/native_apps/OpenCamera-Sensors/app/src/main/java/com/googleresearch/capturesync/softwaresync/phasealign/PhaseResponse.java|line:92
UseStringBufferForStringAppends;PMD;/Users/rar9993/repos/research/fdroid_apps/native_apps/OpenCamera-Sensors/NONE_TRANSFORMED_;/Users/rar9993/repos/research/fdroid_apps/native_apps/OpenCamera-Sensors/app/src/main/java/com/googleresearch/capturesync/softwaresync/phasealign/PhaseResponse.java;file:/Users/rar9993/repos/research/fdroid_apps/native_apps/OpenCamera-Sensors/app/src/main/java/com/googleresearch/capturesync/softwaresync/phasealign/PhaseResponse.java|line:95
UseStringBufferForStringAppends;PMD;/Users/rar9993/repos/research/fdroid_apps/native_apps/OpenCamera-Sensors/NONE_TRANSFORMED_;/Users/rar9993/repos/research/fdroid_apps/native_apps/OpenCamera-Sensors/app/src/main/java/com/googleresearch/capturesync/softwaresync/phasealign/PhaseResponse.java;file:/Users/rar9993/repos/research/fdroid_apps/native_apps/OpenCamera-Sensors/app/src/main/java/com/googleresearch/capturesync/softwaresync/phasealign/PhaseResponse.java|line:98
UseStringBufferForStringAppends;PMD;/Users/rar9993/repos/research/fdroid_apps/native_apps/OpenCamera-Sensors/NONE_TRANSFORMED_;/Users/rar9993/repos/research/fdroid_apps/native_apps/OpenCamera-Sensors/app/src/main/java/com/googleresearch/capturesync/softwaresync/phasealign/PhaseResponse.java;file:/Users/rar9993/repos/research/fdroid_apps/native_apps/OpenCamera-Sensors/app/src/main/java/com/googleresearch/capturesync/softwaresync/phasealign/PhaseResponse.java|line:101
UseStringBufferForStringAppends;PMD;/Users/rar9993/repos/research/fdroid_apps/native_apps/OpenCamera-Sensors/NONE_TRANSFORMED_;/Users/rar9993/repos/research/fdroid_apps/native_apps/OpenCamera-Sensors/app/src/main/java/com/googleresearch/capturesync/softwaresync/phasealign/PhaseResponse.java;file:/Users/rar9993/repos/research/fdroid_apps/native_apps/OpenCamera-Sensors/app/src/main/java/com/googleresearch/capturesync/softwaresync/phasealign/PhaseResponse.java|line:104
RedundantFieldInitializer;PMD;/Users/rar9993/repos/research/fdroid_apps/native_apps/OpenCamera-Sensors/NONE_TRANSFORMED_;/Users/rar9993/repos/research/fdroid_apps/native_apps/OpenCamera-Sensors/app/src/main/java/net/sourceforge/opencamera/ExtendedAppInterface.java;file:/Users/rar9993/repos/research/fdroid_apps/native_apps/OpenCamera-Sensors/app/src/main/java/net/sourceforge/opencamera/ExtendedAppInterface.java|line:62
RedundantFieldInitializer;PMD;/Users/rar9993/repos/research/fdroid_apps/native_apps/OpenCamera-Sensors/NONE_TRANSFORMED_;/Users/rar9993/repos/research/fdroid_apps/native_apps/OpenCamera-Sensors/app/src/main/java/net/sourceforge/opencamera/GyroSensor.java;file:/Users/rar9993/repos/research/fdroid_apps/native_apps/OpenCamera-Sensors/app/src/main/java/net/sourceforge/opencamera/GyroSensor.java|line:35
RedundantFieldInitializer;PMD;/Users/rar9993/repos/research/fdroid_apps/native_apps/OpenCamera-Sensors/NONE_TRANSFORMED_;/Users/rar9993/repos/research/fdroid_apps/native_apps/OpenCamera-Sensors/app/src/main/java/net/sourceforge/opencamera/HDRProcessor.java;file:/Users/rar9993/repos/research/fdroid_apps/native_apps/OpenCamera-Sensors/app/src/main/java/net/sourceforge/opencamera/HDRProcessor.java|line:52
RedundantFieldInitializer;PMD;/Users/rar9993/repos/research/fdroid_apps/native_apps/OpenCamera-Sensors/NONE_TRANSFORMED_;/Users/rar9993/repos/research/fdroid_apps/native_apps/OpenCamera-Sensors/app/src/main/java/net/sourceforge/opencamera/HDRProcessor.java;file:/Users/rar9993/repos/research/fdroid_apps/native_apps/OpenCamera-Sensors/app/src/main/java/net/sourceforge/opencamera/HDRProcessor.java|line:53
RedundantFieldInitializer;PMD;/Users/rar9993/repos/research/fdroid_apps/native_apps/OpenCamera-Sensors/NONE_TRANSFORMED_;/Users/rar9993/repos/research/fdroid_apps/native_apps/OpenCamera-Sensors/app/src/main/java/net/sourceforge/opencamera/HDRProcessor.java;file:/Users/rar9993/repos/research/fdroid_apps/native_apps/OpenCamera-Sensors/app/src/main/java/net/sourceforge/opencamera/HDRProcessor.java|line:55
AvoidFileStream;PMD;/Users/rar9993/repos/research/fdroid_apps/native_apps/OpenCamera-Sensors/NONE_TRANSFORMED_;/Users/rar9993/repos/research/fdroid_apps/native_apps/OpenCamera-Sensors/app/src/main/java/net/sourceforge/opencamera/HDRProcessor.java;file:/Users/rar9993/repos/research/fdroid_apps/native_apps/OpenCamera-Sensors/app/src/main/java/net/sourceforge/opencamera/HDRProcessor.java|line:276
AvoidInstantiatingObjectsInLoops;PMD;/Users/rar9993/repos/research/fdroid_apps/native_apps/OpenCamera-Sensors/NONE_TRANSFORMED_;/Users/rar9993/repos/research/fdroid_apps/native_apps/OpenCamera-Sensors/app/src/main/java/net/sourceforge/opencamera/HDRProcessor.java;file:/Users/rar9993/repos/research/fdroid_apps/native_apps/OpenCamera-Sensors/app/src/main/java/net/sourceforge/opencamera/HDRProcessor.java|line:1820
AvoidInstantiatingObjectsInLoops;PMD;/Users/rar9993/repos/research/fdroid_apps/native_apps/OpenCamera-Sensors/NONE_TRANSFORMED_;/Users/rar9993/repos/research/fdroid_apps/native_apps/OpenCamera-Sensors/app/src/main/java/net/sourceforge/opencamera/HDRProcessor.java;file:/Users/rar9993/repos/research/fdroid_apps/native_apps/OpenCamera-Sensors/app/src/main/java/net/sourceforge/opencamera/HDRProcessor.java|line:1920
AvoidInstantiatingObjectsInLoops;PMD;/Users/rar9993/repos/research/fdroid_apps/native_apps/OpenCamera-Sensors/NONE_TRANSFORMED_;/Users/rar9993/repos/research/fdroid_apps/native_apps/OpenCamera-Sensors/app/src/main/java/net/sourceforge/opencamera/HDRProcessor.java;file:/Users/rar9993/repos/research/fdroid_apps/native_apps/OpenCamera-Sensors/app/src/main/java/net/sourceforge/opencamera/HDRProcessor.java|line:2081
AvoidInstantiatingObjectsInLoops;PMD;/Users/rar9993/repos/research/fdroid_apps/native_apps/OpenCamera-Sensors/NONE_TRANSFORMED_;/Users/rar9993/repos/research/fdroid_apps/native_apps/OpenCamera-Sensors/app/src/main/java/net/sourceforge/opencamera/HDRProcessor.java;file:/Users/rar9993/repos/research/fdroid_apps/native_apps/OpenCamera-Sensors/app/src/main/java/net/sourceforge/opencamera/HDRProcessor.java|line:2107
AvoidInstantiatingObjectsInLoops;PMD;/Users/rar9993/repos/research/fdroid_apps/native_apps/OpenCamera-Sensors/NONE_TRANSFORMED_;/Users/rar9993/repos/research/fdroid_apps/native_apps/OpenCamera-Sensors/app/src/main/java/net/sourceforge/opencamera/HDRProcessor.java;file:/Users/rar9993/repos/research/fdroid_apps/native_apps/OpenCamera-Sensors/app/src/main/java/net/sourceforge/opencamera/HDRProcessor.java|line:2450
AvoidInstantiatingObjectsInLoops;PMD;/Users/rar9993/repos/research/fdroid_apps/native_apps/OpenCamera-Sensors/NONE_TRANSFORMED_;/Users/rar9993/repos/research/fdroid_apps/native_apps/OpenCamera-Sensors/app/src/main/java/net/sourceforge/opencamera/HDRProcessor.java;file:/Users/rar9993/repos/research/fdroid_apps/native_apps/OpenCamera-Sensors/app/src/main/java/net/sourceforge/opencamera/HDRProcessor.java|line:2461
RedundantFieldInitializer;PMD;/Users/rar9993/repos/research/fdroid_apps/native_apps/OpenCamera-Sensors/NONE_TRANSFORMED_;/Users/rar9993/repos/research/fdroid_apps/native_apps/OpenCamera-Sensors/app/src/main/java/net/sourceforge/opencamera/ImageSaver.java;file:/Users/rar9993/repos/research/fdroid_apps/native_apps/OpenCamera-Sensors/app/src/main/java/net/sourceforge/opencamera/ImageSaver.java|line:76
RedundantFieldInitializer;PMD;/Users/rar9993/repos/research/fdroid_apps/native_apps/OpenCamera-Sensors/NONE_TRANSFORMED_;/Users/rar9993/repos/research/fdroid_apps/native_apps/OpenCamera-Sensors/app/src/main/java/net/sourceforge/opencamera/ImageSaver.java;file:/Users/rar9993/repos/research/fdroid_apps/native_apps/OpenCamera-Sensors/app/src/main/java/net/sourceforge/opencamera/ImageSaver.java|line:77
AvoidInstantiatingObjectsInLoops;PMD;/Users/rar9993/repos/research/fdroid_apps/native_apps/OpenCamera-Sensors/NONE_TRANSFORMED_;/Users/rar9993/repos/research/fdroid_apps/native_apps/OpenCamera-Sensors/app/src/main/java/net/sourceforge/opencamera/ImageSaver.java;file:/Users/rar9993/repos/research/fdroid_apps/native_apps/OpenCamera-Sensors/app/src/main/java/net/sourceforge/opencamera/ImageSaver.java|line:534
RedundantFieldInitializer;PMD;/Users/rar9993/repos/research/fdroid_apps/native_apps/OpenCamera-Sensors/NONE_TRANSFORMED_;/Users/rar9993/repos/research/fdroid_apps/native_apps/OpenCamera-Sensors/app/src/main/java/net/sourceforge/opencamera/ImageSaver.java;file:/Users/rar9993/repos/research/fdroid_apps/native_apps/OpenCamera-Sensors/app/src/main/java/net/sourceforge/opencamera/ImageSaver.java|line:652
AvoidInstantiatingObjectsInLoops;PMD;/Users/rar9993/repos/research/fdroid_apps/native_apps/OpenCamera-Sensors/NONE_TRANSFORMED_;/Users/rar9993/repos/research/fdroid_apps/native_apps/OpenCamera-Sensors/app/src/main/java/net/sourceforge/opencamera/ImageSaver.java;file:/Users/rar9993/repos/research/fdroid_apps/native_apps/OpenCamera-Sensors/app/src/main/java/net/sourceforge/opencamera/ImageSaver.java|line:868
AddEmptyString;PMD;/Users/rar9993/repos/research/fdroid_apps/native_apps/OpenCamera-Sensors/NONE_TRANSFORMED_;/Users/rar9993/repos/research/fdroid_apps/native_apps/OpenCamera-Sensors/app/src/main/java/net/sourceforge/opencamera/ImageSaver.java;file:/Users/rar9993/repos/research/fdroid_apps/native_apps/OpenCamera-Sensors/app/src/main/java/net/sourceforge/opencamera/ImageSaver.java|line:1149
AddEmptyString;PMD;/Users/rar9993/repos/research/fdroid_apps/native_apps/OpenCamera-Sensors/NONE_TRANSFORMED_;/Users/rar9993/repos/research/fdroid_apps/native_apps/OpenCamera-Sensors/app/src/main/java/net/sourceforge/opencamera/ImageSaver.java;file:/Users/rar9993/repos/research/fdroid_apps/native_apps/OpenCamera-Sensors/app/src/main/java/net/sourceforge/opencamera/ImageSaver.java|line:1150
AddEmptyString;PMD;/Users/rar9993/repos/research/fdroid_apps/native_apps/OpenCamera-Sensors/NONE_TRANSFORMED_;/Users/rar9993/repos/research/fdroid_apps/native_apps/OpenCamera-Sensors/app/src/main/java/net/sourceforge/opencamera/ImageSaver.java;file:/Users/rar9993/repos/research/fdroid_apps/native_apps/OpenCamera-Sensors/app/src/main/java/net/sourceforge/opencamera/ImageSaver.java|line:1151
AddEmptyString;PMD;/Users/rar9993/repos/research/fdroid_apps/native_apps/OpenCamera-Sensors/NONE_TRANSFORMED_;/Users/rar9993/repos/research/fdroid_apps/native_apps/OpenCamera-Sensors/app/src/main/java/net/sourceforge/opencamera/ImageSaver.java;file:/Users/rar9993/repos/research/fdroid_apps/native_apps/OpenCamera-Sensors/app/src/main/java/net/sourceforge/opencamera/ImageSaver.java|line:1157
AddEmptyString;PMD;/Users/rar9993/repos/research/fdroid_apps/native_apps/OpenCamera-Sensors/NONE_TRANSFORMED_;/Users/rar9993/repos/research/fdroid_apps/native_apps/OpenCamera-Sensors/app/src/main/java/net/sourceforge/opencamera/ImageSaver.java;file:/Users/rar9993/repos/research/fdroid_apps/native_apps/OpenCamera-Sensors/app/src/main/java/net/sourceforge/opencamera/ImageSaver.java|line:1163
AddEmptyString;PMD;/Users/rar9993/repos/research/fdroid_apps/native_apps/OpenCamera-Sensors/NONE_TRANSFORMED_;/Users/rar9993/repos/research/fdroid_apps/native_apps/OpenCamera-Sensors/app/src/main/java/net/sourceforge/opencamera/ImageSaver.java;file:/Users/rar9993/repos/research/fdroid_apps/native_apps/OpenCamera-Sensors/app/src/main/java/net/sourceforge/opencamera/ImageSaver.java|line:1164
AddEmptyString;PMD;/Users/rar9993/repos/research/fdroid_apps/native_apps/OpenCamera-Sensors/NONE_TRANSFORMED_;/Users/rar9993/repos/research/fdroid_apps/native_apps/OpenCamera-Sensors/app/src/main/java/net/sourceforge/opencamera/ImageSaver.java;file:/Users/rar9993/repos/research/fdroid_apps/native_apps/OpenCamera-Sensors/app/src/main/java/net/sourceforge/opencamera/ImageSaver.java|line:1165
AddEmptyString;PMD;/Users/rar9993/repos/research/fdroid_apps/native_apps/OpenCamera-Sensors/NONE_TRANSFORMED_;/Users/rar9993/repos/research/fdroid_apps/native_apps/OpenCamera-Sensors/app/src/main/java/net/sourceforge/opencamera/ImageSaver.java;file:/Users/rar9993/repos/research/fdroid_apps/native_apps/OpenCamera-Sensors/app/src/main/java/net/sourceforge/opencamera/ImageSaver.java|line:1172
AddEmptyString;PMD;/Users/rar9993/repos/research/fdroid_apps/native_apps/OpenCamera-Sensors/NONE_TRANSFORMED_;/Users/rar9993/repos/research/fdroid_apps/native_apps/OpenCamera-Sensors/app/src/main/java/net/sourceforge/opencamera/ImageSaver.java;file:/Users/rar9993/repos/research/fdroid_apps/native_apps/OpenCamera-Sensors/app/src/main/java/net/sourceforge/opencamera/ImageSaver.java|line:1173
AddEmptyString;PMD;/Users/rar9993/repos/research/fdroid_apps/native_apps/OpenCamera-Sensors/NONE_TRANSFORMED_;/Users/rar9993/repos/research/fdroid_apps/native_apps/OpenCamera-Sensors/app/src/main/java/net/sourceforge/opencamera/ImageSaver.java;file:/Users/rar9993/repos/research/fdroid_apps/native_apps/OpenCamera-Sensors/app/src/main/java/net/sourceforge/opencamera/ImageSaver.java|line:1174
AddEmptyString;PMD;/Users/rar9993/repos/research/fdroid_apps/native_apps/OpenCamera-Sensors/NONE_TRANSFORMED_;/Users/rar9993/repos/research/fdroid_apps/native_apps/OpenCamera-Sensors/app/src/main/java/net/sourceforge/opencamera/ImageSaver.java;file:/Users/rar9993/repos/research/fdroid_apps/native_apps/OpenCamera-Sensors/app/src/main/java/net/sourceforge/opencamera/ImageSaver.java|line:1181
AddEmptyString;PMD;/Users/rar9993/repos/research/fdroid_apps/native_apps/OpenCamera-Sensors/NONE_TRANSFORMED_;/Users/rar9993/repos/research/fdroid_apps/native_apps/OpenCamera-Sensors/app/src/main/java/net/sourceforge/opencamera/ImageSaver.java;file:/Users/rar9993/repos/research/fdroid_apps/native_apps/OpenCamera-Sensors/app/src/main/java/net/sourceforge/opencamera/ImageSaver.java|line:1182
AddEmptyString;PMD;/Users/rar9993/repos/research/fdroid_apps/native_apps/OpenCamera-Sensors/NONE_TRANSFORMED_;/Users/rar9993/repos/research/fdroid_apps/native_apps/OpenCamera-Sensors/app/src/main/java/net/sourceforge/opencamera/ImageSaver.java;file:/Users/rar9993/repos/research/fdroid_apps/native_apps/OpenCamera-Sensors/app/src/main/java/net/sourceforge/opencamera/ImageSaver.java|line:1183
TooFewBranchesForSwitch;PMD;/Users/rar9993/repos/research/fdroid_apps/native_apps/OpenCamera-Sensors/NONE_TRANSFORMED_;/Users/rar9993/repos/research/fdroid_apps/native_apps/OpenCamera-Sensors/app/src/main/java/net/sourceforge/opencamera/ImageSaver.java;file:/Users/rar9993/repos/research/fdroid_apps/native_apps/OpenCamera-Sensors/app/src/main/java/net/sourceforge/opencamera/ImageSaver.java|line:1220
TooFewBranchesForSwitch;PMD;/Users/rar9993/repos/research/fdroid_apps/native_apps/OpenCamera-Sensors/NONE_TRANSFORMED_;/Users/rar9993/repos/research/fdroid_apps/native_apps/OpenCamera-Sensors/app/src/main/java/net/sourceforge/opencamera/ImageSaver.java;file:/Users/rar9993/repos/research/fdroid_apps/native_apps/OpenCamera-Sensors/app/src/main/java/net/sourceforge/opencamera/ImageSaver.java|line:1227
TooFewBranchesForSwitch;PMD;/Users/rar9993/repos/research/fdroid_apps/native_apps/OpenCamera-Sensors/NONE_TRANSFORMED_;/Users/rar9993/repos/research/fdroid_apps/native_apps/OpenCamera-Sensors/app/src/main/java/net/sourceforge/opencamera/ImageSaver.java;file:/Users/rar9993/repos/research/fdroid_apps/native_apps/OpenCamera-Sensors/app/src/main/java/net/sourceforge/opencamera/ImageSaver.java|line:1269
AvoidInstantiatingObjectsInLoops;PMD;/Users/rar9993/repos/research/fdroid_apps/native_apps/OpenCamera-Sensors/NONE_TRANSFORMED_;/Users/rar9993/repos/research/fdroid_apps/native_apps/OpenCamera-Sensors/app/src/main/java/net/sourceforge/opencamera/ImageSaver.java;file:/Users/rar9993/repos/research/fdroid_apps/native_apps/OpenCamera-Sensors/app/src/main/java/net/sourceforge/opencamera/ImageSaver.java|line:1435
AvoidFileStream;PMD;/Users/rar9993/repos/research/fdroid_apps/native_apps/OpenCamera-Sensors/NONE_TRANSFORMED_;/Users/rar9993/repos/research/fdroid_apps/native_apps/OpenCamera-Sensors/app/src/main/java/net/sourceforge/opencamera/ImageSaver.java;file:/Users/rar9993/repos/research/fdroid_apps/native_apps/OpenCamera-Sensors/app/src/main/java/net/sourceforge/opencamera/ImageSaver.java|line:1655
UseStringBufferForStringAppends;PMD;/Users/rar9993/repos/research/fdroid_apps/native_apps/OpenCamera-Sensors/NONE_TRANSFORMED_;/Users/rar9993/repos/research/fdroid_apps/native_apps/OpenCamera-Sensors/app/src/main/java/net/sourceforge/opencamera/ImageSaver.java;file:/Users/rar9993/repos/research/fdroid_apps/native_apps/OpenCamera-Sensors/app/src/main/java/net/sourceforge/opencamera/ImageSaver.java|line:2143
UseStringBufferForStringAppends;PMD;/Users/rar9993/repos/research/fdroid_apps/native_apps/OpenCamera-Sensors/NONE_TRANSFORMED_;/Users/rar9993/repos/research/fdroid_apps/native_apps/OpenCamera-Sensors/app/src/main/java/net/sourceforge/opencamera/ImageSaver.java;file:/Users/rar9993/repos/research/fdroid_apps/native_apps/OpenCamera-Sensors/app/src/main/java/net/sourceforge/opencamera/ImageSaver.java|line:2146
UseStringBufferForStringAppends;PMD;/Users/rar9993/repos/research/fdroid_apps/native_apps/OpenCamera-Sensors/NONE_TRANSFORMED_;/Users/rar9993/repos/research/fdroid_apps/native_apps/OpenCamera-Sensors/app/src/main/java/net/sourceforge/opencamera/ImageSaver.java;file:/Users/rar9993/repos/research/fdroid_apps/native_apps/OpenCamera-Sensors/app/src/main/java/net/sourceforge/opencamera/ImageSaver.java|line:2147
AvoidFileStream;PMD;/Users/rar9993/repos/research/fdroid_apps/native_apps/OpenCamera-Sensors/NONE_TRANSFORMED_;/Users/rar9993/repos/research/fdroid_apps/native_apps/OpenCamera-Sensors/app/src/main/java/net/sourceforge/opencamera/ImageSaver.java;file:/Users/rar9993/repos/research/fdroid_apps/native_apps/OpenCamera-Sensors/app/src/main/java/net/sourceforge/opencamera/ImageSaver.java|line:2467
AvoidFileStream;PMD;/Users/rar9993/repos/research/fdroid_apps/native_apps/OpenCamera-Sensors/NONE_TRANSFORMED_;/Users/rar9993/repos/research/fdroid_apps/native_apps/OpenCamera-Sensors/app/src/main/java/net/sourceforge/opencamera/ImageSaver.java;file:/Users/rar9993/repos/research/fdroid_apps/native_apps/OpenCamera-Sensors/app/src/main/java/net/sourceforge/opencamera/ImageSaver.java|line:3131
UseStringBufferForStringAppends;PMD;/Users/rar9993/repos/research/fdroid_apps/native_apps/OpenCamera-Sensors/NONE_TRANSFORMED_;/Users/rar9993/repos/research/fdroid_apps/native_apps/OpenCamera-Sensors/app/src/main/java/net/sourceforge/opencamera/MagneticSensor.java;file:/Users/rar9993/repos/research/fdroid_apps/native_apps/OpenCamera-Sensors/app/src/main/java/net/sourceforge/opencamera/MagneticSensor.java|line:128
UseStringBufferForStringAppends;PMD;/Users/rar9993/repos/research/fdroid_apps/native_apps/OpenCamera-Sensors/NONE_TRANSFORMED_;/Users/rar9993/repos/research/fdroid_apps/native_apps/OpenCamera-Sensors/app/src/main/java/net/sourceforge/opencamera/MagneticSensor.java;file:/Users/rar9993/repos/research/fdroid_apps/native_apps/OpenCamera-Sensors/app/src/main/java/net/sourceforge/opencamera/MagneticSensor.java|line:131
UseStringBufferForStringAppends;PMD;/Users/rar9993/repos/research/fdroid_apps/native_apps/OpenCamera-Sensors/NONE_TRANSFORMED_;/Users/rar9993/repos/research/fdroid_apps/native_apps/OpenCamera-Sensors/app/src/main/java/net/sourceforge/opencamera/MagneticSensor.java;file:/Users/rar9993/repos/research/fdroid_apps/native_apps/OpenCamera-Sensors/app/src/main/java/net/sourceforge/opencamera/MagneticSensor.java|line:134
UseStringBufferForStringAppends;PMD;/Users/rar9993/repos/research/fdroid_apps/native_apps/OpenCamera-Sensors/NONE_TRANSFORMED_;/Users/rar9993/repos/research/fdroid_apps/native_apps/OpenCamera-Sensors/app/src/main/java/net/sourceforge/opencamera/MagneticSensor.java;file:/Users/rar9993/repos/research/fdroid_apps/native_apps/OpenCamera-Sensors/app/src/main/java/net/sourceforge/opencamera/MagneticSensor.java|line:137
UseStringBufferForStringAppends;PMD;/Users/rar9993/repos/research/fdroid_apps/native_apps/OpenCamera-Sensors/NONE_TRANSFORMED_;/Users/rar9993/repos/research/fdroid_apps/native_apps/OpenCamera-Sensors/app/src/main/java/net/sourceforge/opencamera/MagneticSensor.java;file:/Users/rar9993/repos/research/fdroid_apps/native_apps/OpenCamera-Sensors/app/src/main/java/net/sourceforge/opencamera/MagneticSensor.java|line:140
RedundantFieldInitializer;PMD;/Users/rar9993/repos/research/fdroid_apps/native_apps/OpenCamera-Sensors/NONE_TRANSFORMED_;/Users/rar9993/repos/research/fdroid_apps/native_apps/OpenCamera-Sensors/app/src/main/java/net/sourceforge/opencamera/MagneticSensor.java;file:/Users/rar9993/repos/research/fdroid_apps/native_apps/OpenCamera-Sensors/app/src/main/java/net/sourceforge/opencamera/MagneticSensor.java|line:149
RedundantFieldInitializer;PMD;/Users/rar9993/repos/research/fdroid_apps/native_apps/OpenCamera-Sensors/NONE_TRANSFORMED_;/Users/rar9993/repos/research/fdroid_apps/native_apps/OpenCamera-Sensors/app/src/main/java/net/sourceforge/opencamera/MainActivity.java;file:/Users/rar9993/repos/research/fdroid_apps/native_apps/OpenCamera-Sensors/app/src/main/java/net/sourceforge/opencamera/MainActivity.java|line:115
RedundantFieldInitializer;PMD;/Users/rar9993/repos/research/fdroid_apps/native_apps/OpenCamera-Sensors/NONE_TRANSFORMED_;/Users/rar9993/repos/research/fdroid_apps/native_apps/OpenCamera-Sensors/app/src/main/java/net/sourceforge/opencamera/MainActivity.java;file:/Users/rar9993/repos/research/fdroid_apps/native_apps/OpenCamera-Sensors/app/src/main/java/net/sourceforge/opencamera/MainActivity.java|line:118
RedundantFieldInitializer;PMD;/Users/rar9993/repos/research/fdroid_apps/native_apps/OpenCamera-Sensors/NONE_TRANSFORMED_;/Users/rar9993/repos/research/fdroid_apps/native_apps/OpenCamera-Sensors/app/src/main/java/net/sourceforge/opencamera/MainActivity.java;file:/Users/rar9993/repos/research/fdroid_apps/native_apps/OpenCamera-Sensors/app/src/main/java/net/sourceforge/opencamera/MainActivity.java|line:184
UseStringBufferForStringAppends;PMD;/Users/rar9993/repos/research/fdroid_apps/native_apps/OpenCamera-Sensors/NONE_TRANSFORMED_;/Users/rar9993/repos/research/fdroid_apps/native_apps/OpenCamera-Sensors/app/src/main/java/net/sourceforge/opencamera/MainActivity.java;file:/Users/rar9993/repos/research/fdroid_apps/native_apps/OpenCamera-Sensors/app/src/main/java/net/sourceforge/opencamera/MainActivity.java|line:2069
AddEmptyString;PMD;/Users/rar9993/repos/research/fdroid_apps/native_apps/OpenCamera-Sensors/NONE_TRANSFORMED_;/Users/rar9993/repos/research/fdroid_apps/native_apps/OpenCamera-Sensors/app/src/main/java/net/sourceforge/opencamera/MainActivity.java;file:/Users/rar9993/repos/research/fdroid_apps/native_apps/OpenCamera-Sensors/app/src/main/java/net/sourceforge/opencamera/MainActivity.java|line:2665
RedundantFieldInitializer;PMD;/Users/rar9993/repos/research/fdroid_apps/native_apps/OpenCamera-Sensors/NONE_TRANSFORMED_;/Users/rar9993/repos/research/fdroid_apps/native_apps/OpenCamera-Sensors/app/src/main/java/net/sourceforge/opencamera/MainActivity.java;file:/Users/rar9993/repos/research/fdroid_apps/native_apps/OpenCamera-Sensors/app/src/main/java/net/sourceforge/opencamera/MainActivity.java|line:3060
RedundantFieldInitializer;PMD;/Users/rar9993/repos/research/fdroid_apps/native_apps/OpenCamera-Sensors/NONE_TRANSFORMED_;/Users/rar9993/repos/research/fdroid_apps/native_apps/OpenCamera-Sensors/app/src/main/java/net/sourceforge/opencamera/MainActivity.java;file:/Users/rar9993/repos/research/fdroid_apps/native_apps/OpenCamera-Sensors/app/src/main/java/net/sourceforge/opencamera/MainActivity.java|line:3061
UseStringBufferForStringAppends;PMD;/Users/rar9993/repos/research/fdroid_apps/native_apps/OpenCamera-Sensors/NONE_TRANSFORMED_;/Users/rar9993/repos/research/fdroid_apps/native_apps/OpenCamera-Sensors/app/src/main/java/net/sourceforge/opencamera/MainActivity.java;file:/Users/rar9993/repos/research/fdroid_apps/native_apps/OpenCamera-Sensors/app/src/main/java/net/sourceforge/opencamera/MainActivity.java|line:5210
UseStringBufferForStringAppends;PMD;/Users/rar9993/repos/research/fdroid_apps/native_apps/OpenCamera-Sensors/NONE_TRANSFORMED_;/Users/rar9993/repos/research/fdroid_apps/native_apps/OpenCamera-Sensors/app/src/main/java/net/sourceforge/opencamera/MainActivity.java;file:/Users/rar9993/repos/research/fdroid_apps/native_apps/OpenCamera-Sensors/app/src/main/java/net/sourceforge/opencamera/MainActivity.java|line:5216
AddEmptyString;PMD;/Users/rar9993/repos/research/fdroid_apps/native_apps/OpenCamera-Sensors/NONE_TRANSFORMED_;/Users/rar9993/repos/research/fdroid_apps/native_apps/OpenCamera-Sensors/app/src/main/java/net/sourceforge/opencamera/MainActivity.java;file:/Users/rar9993/repos/research/fdroid_apps/native_apps/OpenCamera-Sensors/app/src/main/java/net/sourceforge/opencamera/MainActivity.java|line:5272
UseStringBufferForStringAppends;PMD;/Users/rar9993/repos/research/fdroid_apps/native_apps/OpenCamera-Sensors/NONE_TRANSFORMED_;/Users/rar9993/repos/research/fdroid_apps/native_apps/OpenCamera-Sensors/app/src/main/java/net/sourceforge/opencamera/MainActivity.java;file:/Users/rar9993/repos/research/fdroid_apps/native_apps/OpenCamera-Sensors/app/src/main/java/net/sourceforge/opencamera/MainActivity.java|line:5283
UseStringBufferForStringAppends;PMD;/Users/rar9993/repos/research/fdroid_apps/native_apps/OpenCamera-Sensors/NONE_TRANSFORMED_;/Users/rar9993/repos/research/fdroid_apps/native_apps/OpenCamera-Sensors/app/src/main/java/net/sourceforge/opencamera/MainActivity.java;file:/Users/rar9993/repos/research/fdroid_apps/native_apps/OpenCamera-Sensors/app/src/main/java/net/sourceforge/opencamera/MainActivity.java|line:5317
UseStringBufferForStringAppends;PMD;/Users/rar9993/repos/research/fdroid_apps/native_apps/OpenCamera-Sensors/NONE_TRANSFORMED_;/Users/rar9993/repos/research/fdroid_apps/native_apps/OpenCamera-Sensors/app/src/main/java/net/sourceforge/opencamera/MainActivity.java;file:/Users/rar9993/repos/research/fdroid_apps/native_apps/OpenCamera-Sensors/app/src/main/java/net/sourceforge/opencamera/MainActivity.java|line:5319
UseStringBufferForStringAppends;PMD;/Users/rar9993/repos/research/fdroid_apps/native_apps/OpenCamera-Sensors/NONE_TRANSFORMED_;/Users/rar9993/repos/research/fdroid_apps/native_apps/OpenCamera-Sensors/app/src/main/java/net/sourceforge/opencamera/MainActivity.java;file:/Users/rar9993/repos/research/fdroid_apps/native_apps/OpenCamera-Sensors/app/src/main/java/net/sourceforge/opencamera/MainActivity.java|line:5331
UseStringBufferForStringAppends;PMD;/Users/rar9993/repos/research/fdroid_apps/native_apps/OpenCamera-Sensors/NONE_TRANSFORMED_;/Users/rar9993/repos/research/fdroid_apps/native_apps/OpenCamera-Sensors/app/src/main/java/net/sourceforge/opencamera/MainActivity.java;file:/Users/rar9993/repos/research/fdroid_apps/native_apps/OpenCamera-Sensors/app/src/main/java/net/sourceforge/opencamera/MainActivity.java|line:5341
UseStringBufferForStringAppends;PMD;/Users/rar9993/repos/research/fdroid_apps/native_apps/OpenCamera-Sensors/NONE_TRANSFORMED_;/Users/rar9993/repos/research/fdroid_apps/native_apps/OpenCamera-Sensors/app/src/main/java/net/sourceforge/opencamera/MainActivity.java;file:/Users/rar9993/repos/research/fdroid_apps/native_apps/OpenCamera-Sensors/app/src/main/java/net/sourceforge/opencamera/MainActivity.java|line:5347
UseStringBufferForStringAppends;PMD;/Users/rar9993/repos/research/fdroid_apps/native_apps/OpenCamera-Sensors/NONE_TRANSFORMED_;/Users/rar9993/repos/research/fdroid_apps/native_apps/OpenCamera-Sensors/app/src/main/java/net/sourceforge/opencamera/MainActivity.java;file:/Users/rar9993/repos/research/fdroid_apps/native_apps/OpenCamera-Sensors/app/src/main/java/net/sourceforge/opencamera/MainActivity.java|line:5350
UseStringBufferForStringAppends;PMD;/Users/rar9993/repos/research/fdroid_apps/native_apps/OpenCamera-Sensors/NONE_TRANSFORMED_;/Users/rar9993/repos/research/fdroid_apps/native_apps/OpenCamera-Sensors/app/src/main/java/net/sourceforge/opencamera/MainActivity.java;file:/Users/rar9993/repos/research/fdroid_apps/native_apps/OpenCamera-Sensors/app/src/main/java/net/sourceforge/opencamera/MainActivity.java|line:5354
UseStringBufferForStringAppends;PMD;/Users/rar9993/repos/research/fdroid_apps/native_apps/OpenCamera-Sensors/NONE_TRANSFORMED_;/Users/rar9993/repos/research/fdroid_apps/native_apps/OpenCamera-Sensors/app/src/main/java/net/sourceforge/opencamera/MainActivity.java;file:/Users/rar9993/repos/research/fdroid_apps/native_apps/OpenCamera-Sensors/app/src/main/java/net/sourceforge/opencamera/MainActivity.java|line:5359
UseStringBufferForStringAppends;PMD;/Users/rar9993/repos/research/fdroid_apps/native_apps/OpenCamera-Sensors/NONE_TRANSFORMED_;/Users/rar9993/repos/research/fdroid_apps/native_apps/OpenCamera-Sensors/app/src/main/java/net/sourceforge/opencamera/MainActivity.java;file:/Users/rar9993/repos/research/fdroid_apps/native_apps/OpenCamera-Sensors/app/src/main/java/net/sourceforge/opencamera/MainActivity.java|line:5371
UseStringBufferForStringAppends;PMD;/Users/rar9993/repos/research/fdroid_apps/native_apps/OpenCamera-Sensors/NONE_TRANSFORMED_;/Users/rar9993/repos/research/fdroid_apps/native_apps/OpenCamera-Sensors/app/src/main/java/net/sourceforge/opencamera/MainActivity.java;file:/Users/rar9993/repos/research/fdroid_apps/native_apps/OpenCamera-Sensors/app/src/main/java/net/sourceforge/opencamera/MainActivity.java|line:5376
UseStringBufferForStringAppends;PMD;/Users/rar9993/repos/research/fdroid_apps/native_apps/OpenCamera-Sensors/NONE_TRANSFORMED_;/Users/rar9993/repos/research/fdroid_apps/native_apps/OpenCamera-Sensors/app/src/main/java/net/sourceforge/opencamera/MainActivity.java;file:/Users/rar9993/repos/research/fdroid_apps/native_apps/OpenCamera-Sensors/app/src/main/java/net/sourceforge/opencamera/MainActivity.java|line:5385
UseStringBufferForStringAppends;PMD;/Users/rar9993/repos/research/fdroid_apps/native_apps/OpenCamera-Sensors/NONE_TRANSFORMED_;/Users/rar9993/repos/research/fdroid_apps/native_apps/OpenCamera-Sensors/app/src/main/java/net/sourceforge/opencamera/MainActivity.java;file:/Users/rar9993/repos/research/fdroid_apps/native_apps/OpenCamera-Sensors/app/src/main/java/net/sourceforge/opencamera/MainActivity.java|line:5392
UseStringBufferForStringAppends;PMD;/Users/rar9993/repos/research/fdroid_apps/native_apps/OpenCamera-Sensors/NONE_TRANSFORMED_;/Users/rar9993/repos/research/fdroid_apps/native_apps/OpenCamera-Sensors/app/src/main/java/net/sourceforge/opencamera/MainActivity.java;file:/Users/rar9993/repos/research/fdroid_apps/native_apps/OpenCamera-Sensors/app/src/main/java/net/sourceforge/opencamera/MainActivity.java|line:5398
UseStringBufferForStringAppends;PMD;/Users/rar9993/repos/research/fdroid_apps/native_apps/OpenCamera-Sensors/NONE_TRANSFORMED_;/Users/rar9993/repos/research/fdroid_apps/native_apps/OpenCamera-Sensors/app/src/main/java/net/sourceforge/opencamera/MainActivity.java;file:/Users/rar9993/repos/research/fdroid_apps/native_apps/OpenCamera-Sensors/app/src/main/java/net/sourceforge/opencamera/MainActivity.java|line:5405
UseStringBufferForStringAppends;PMD;/Users/rar9993/repos/research/fdroid_apps/native_apps/OpenCamera-Sensors/NONE_TRANSFORMED_;/Users/rar9993/repos/research/fdroid_apps/native_apps/OpenCamera-Sensors/app/src/main/java/net/sourceforge/opencamera/MainActivity.java;file:/Users/rar9993/repos/research/fdroid_apps/native_apps/OpenCamera-Sensors/app/src/main/java/net/sourceforge/opencamera/MainActivity.java|line:5408
UseStringBufferForStringAppends;PMD;/Users/rar9993/repos/research/fdroid_apps/native_apps/OpenCamera-Sensors/NONE_TRANSFORMED_;/Users/rar9993/repos/research/fdroid_apps/native_apps/OpenCamera-Sensors/app/src/main/java/net/sourceforge/opencamera/MainActivity.java;file:/Users/rar9993/repos/research/fdroid_apps/native_apps/OpenCamera-Sensors/app/src/main/java/net/sourceforge/opencamera/MainActivity.java|line:5414
UseStringBufferForStringAppends;PMD;/Users/rar9993/repos/research/fdroid_apps/native_apps/OpenCamera-Sensors/NONE_TRANSFORMED_;/Users/rar9993/repos/research/fdroid_apps/native_apps/OpenCamera-Sensors/app/src/main/java/net/sourceforge/opencamera/MainActivity.java;file:/Users/rar9993/repos/research/fdroid_apps/native_apps/OpenCamera-Sensors/app/src/main/java/net/sourceforge/opencamera/MainActivity.java|line:5423
UseStringBufferForStringAppends;PMD;/Users/rar9993/repos/research/fdroid_apps/native_apps/OpenCamera-Sensors/NONE_TRANSFORMED_;/Users/rar9993/repos/research/fdroid_apps/native_apps/OpenCamera-Sensors/app/src/main/java/net/sourceforge/opencamera/MainActivity.java;file:/Users/rar9993/repos/research/fdroid_apps/native_apps/OpenCamera-Sensors/app/src/main/java/net/sourceforge/opencamera/MainActivity.java|line:5427
UseStringBufferForStringAppends;PMD;/Users/rar9993/repos/research/fdroid_apps/native_apps/OpenCamera-Sensors/NONE_TRANSFORMED_;/Users/rar9993/repos/research/fdroid_apps/native_apps/OpenCamera-Sensors/app/src/main/java/net/sourceforge/opencamera/MainActivity.java;file:/Users/rar9993/repos/research/fdroid_apps/native_apps/OpenCamera-Sensors/app/src/main/java/net/sourceforge/opencamera/MainActivity.java|line:5429
UseStringBufferForStringAppends;PMD;/Users/rar9993/repos/research/fdroid_apps/native_apps/OpenCamera-Sensors/NONE_TRANSFORMED_;/Users/rar9993/repos/research/fdroid_apps/native_apps/OpenCamera-Sensors/app/src/main/java/net/sourceforge/opencamera/MainActivity.java;file:/Users/rar9993/repos/research/fdroid_apps/native_apps/OpenCamera-Sensors/app/src/main/java/net/sourceforge/opencamera/MainActivity.java|line:5434
UseStringBufferForStringAppends;PMD;/Users/rar9993/repos/research/fdroid_apps/native_apps/OpenCamera-Sensors/NONE_TRANSFORMED_;/Users/rar9993/repos/research/fdroid_apps/native_apps/OpenCamera-Sensors/app/src/main/java/net/sourceforge/opencamera/MainActivity.java;file:/Users/rar9993/repos/research/fdroid_apps/native_apps/OpenCamera-Sensors/app/src/main/java/net/sourceforge/opencamera/MainActivity.java|line:5450
UseStringBufferForStringAppends;PMD;/Users/rar9993/repos/research/fdroid_apps/native_apps/OpenCamera-Sensors/NONE_TRANSFORMED_;/Users/rar9993/repos/research/fdroid_apps/native_apps/OpenCamera-Sensors/app/src/main/java/net/sourceforge/opencamera/MainActivity.java;file:/Users/rar9993/repos/research/fdroid_apps/native_apps/OpenCamera-Sensors/app/src/main/java/net/sourceforge/opencamera/MainActivity.java|line:5461
UseStringBufferForStringAppends;PMD;/Users/rar9993/repos/research/fdroid_apps/native_apps/OpenCamera-Sensors/NONE_TRANSFORMED_;/Users/rar9993/repos/research/fdroid_apps/native_apps/OpenCamera-Sensors/app/src/main/java/net/sourceforge/opencamera/MainActivity.java;file:/Users/rar9993/repos/research/fdroid_apps/native_apps/OpenCamera-Sensors/app/src/main/java/net/sourceforge/opencamera/MainActivity.java|line:5472
UseStringBufferForStringAppends;PMD;/Users/rar9993/repos/research/fdroid_apps/native_apps/OpenCamera-Sensors/NONE_TRANSFORMED_;/Users/rar9993/repos/research/fdroid_apps/native_apps/OpenCamera-Sensors/app/src/main/java/net/sourceforge/opencamera/MainActivity.java;file:/Users/rar9993/repos/research/fdroid_apps/native_apps/OpenCamera-Sensors/app/src/main/java/net/sourceforge/opencamera/MainActivity.java|line:5486
UseStringBufferForStringAppends;PMD;/Users/rar9993/repos/research/fdroid_apps/native_apps/OpenCamera-Sensors/NONE_TRANSFORMED_;/Users/rar9993/repos/research/fdroid_apps/native_apps/OpenCamera-Sensors/app/src/main/java/net/sourceforge/opencamera/MainActivity.java;file:/Users/rar9993/repos/research/fdroid_apps/native_apps/OpenCamera-Sensors/app/src/main/java/net/sourceforge/opencamera/MainActivity.java|line:5488
UseStringBufferForStringAppends;PMD;/Users/rar9993/repos/research/fdroid_apps/native_apps/OpenCamera-Sensors/NONE_TRANSFORMED_;/Users/rar9993/repos/research/fdroid_apps/native_apps/OpenCamera-Sensors/app/src/main/java/net/sourceforge/opencamera/MainActivity.java;file:/Users/rar9993/repos/research/fdroid_apps/native_apps/OpenCamera-Sensors/app/src/main/java/net/sourceforge/opencamera/MainActivity.java|line:5504
RedundantFieldInitializer;PMD;/Users/rar9993/repos/research/fdroid_apps/native_apps/OpenCamera-Sensors/NONE_TRANSFORMED_;/Users/rar9993/repos/research/fdroid_apps/native_apps/OpenCamera-Sensors/app/src/main/java/net/sourceforge/opencamera/MyApplicationInterface.java;file:/Users/rar9993/repos/research/fdroid_apps/native_apps/OpenCamera-Sensors/app/src/main/java/net/sourceforge/opencamera/MyApplicationInterface.java|line:82
RedundantFieldInitializer;PMD;/Users/rar9993/repos/research/fdroid_apps/native_apps/OpenCamera-Sensors/NONE_TRANSFORMED_;/Users/rar9993/repos/research/fdroid_apps/native_apps/OpenCamera-Sensors/app/src/main/java/net/sourceforge/opencamera/MyApplicationInterface.java;file:/Users/rar9993/repos/research/fdroid_apps/native_apps/OpenCamera-Sensors/app/src/main/java/net/sourceforge/opencamera/MyApplicationInterface.java|line:83
RedundantFieldInitializer;PMD;/Users/rar9993/repos/research/fdroid_apps/native_apps/OpenCamera-Sensors/NONE_TRANSFORMED_;/Users/rar9993/repos/research/fdroid_apps/native_apps/OpenCamera-Sensors/app/src/main/java/net/sourceforge/opencamera/MyApplicationInterface.java;file:/Users/rar9993/repos/research/fdroid_apps/native_apps/OpenCamera-Sensors/app/src/main/java/net/sourceforge/opencamera/MyApplicationInterface.java|line:84
RedundantFieldInitializer;PMD;/Users/rar9993/repos/research/fdroid_apps/native_apps/OpenCamera-Sensors/NONE_TRANSFORMED_;/Users/rar9993/repos/research/fdroid_apps/native_apps/OpenCamera-Sensors/app/src/main/java/net/sourceforge/opencamera/MyApplicationInterface.java;file:/Users/rar9993/repos/research/fdroid_apps/native_apps/OpenCamera-Sensors/app/src/main/java/net/sourceforge/opencamera/MyApplicationInterface.java|line:97
RedundantFieldInitializer;PMD;/Users/rar9993/repos/research/fdroid_apps/native_apps/OpenCamera-Sensors/NONE_TRANSFORMED_;/Users/rar9993/repos/research/fdroid_apps/native_apps/OpenCamera-Sensors/app/src/main/java/net/sourceforge/opencamera/MyApplicationInterface.java;file:/Users/rar9993/repos/research/fdroid_apps/native_apps/OpenCamera-Sensors/app/src/main/java/net/sourceforge/opencamera/MyApplicationInterface.java|line:98
RedundantFieldInitializer;PMD;/Users/rar9993/repos/research/fdroid_apps/native_apps/OpenCamera-Sensors/NONE_TRANSFORMED_;/Users/rar9993/repos/research/fdroid_apps/native_apps/OpenCamera-Sensors/app/src/main/java/net/sourceforge/opencamera/MyApplicationInterface.java;file:/Users/rar9993/repos/research/fdroid_apps/native_apps/OpenCamera-Sensors/app/src/main/java/net/sourceforge/opencamera/MyApplicationInterface.java|line:116
AddEmptyString;PMD;/Users/rar9993/repos/research/fdroid_apps/native_apps/OpenCamera-Sensors/NONE_TRANSFORMED_;/Users/rar9993/repos/research/fdroid_apps/native_apps/OpenCamera-Sensors/app/src/main/java/net/sourceforge/opencamera/MyApplicationInterface.java;file:/Users/rar9993/repos/research/fdroid_apps/native_apps/OpenCamera-Sensors/app/src/main/java/net/sourceforge/opencamera/MyApplicationInterface.java|line:723
AddEmptyString;PMD;/Users/rar9993/repos/research/fdroid_apps/native_apps/OpenCamera-Sensors/NONE_TRANSFORMED_;/Users/rar9993/repos/research/fdroid_apps/native_apps/OpenCamera-Sensors/app/src/main/java/net/sourceforge/opencamera/MyApplicationInterface.java;file:/Users/rar9993/repos/research/fdroid_apps/native_apps/OpenCamera-Sensors/app/src/main/java/net/sourceforge/opencamera/MyApplicationInterface.java|line:732
TooFewBranchesForSwitch;PMD;/Users/rar9993/repos/research/fdroid_apps/native_apps/OpenCamera-Sensors/NONE_TRANSFORMED_;/Users/rar9993/repos/research/fdroid_apps/native_apps/OpenCamera-Sensors/app/src/main/java/net/sourceforge/opencamera/MyApplicationInterface.java;file:/Users/rar9993/repos/research/fdroid_apps/native_apps/OpenCamera-Sensors/app/src/main/java/net/sourceforge/opencamera/MyApplicationInterface.java|line:1489
TooFewBranchesForSwitch;PMD;/Users/rar9993/repos/research/fdroid_apps/native_apps/OpenCamera-Sensors/NONE_TRANSFORMED_;/Users/rar9993/repos/research/fdroid_apps/native_apps/OpenCamera-Sensors/app/src/main/java/net/sourceforge/opencamera/MyApplicationInterface.java;file:/Users/rar9993/repos/research/fdroid_apps/native_apps/OpenCamera-Sensors/app/src/main/java/net/sourceforge/opencamera/MyApplicationInterface.java|line:1671
TooFewBranchesForSwitch;PMD;/Users/rar9993/repos/research/fdroid_apps/native_apps/OpenCamera-Sensors/NONE_TRANSFORMED_;/Users/rar9993/repos/research/fdroid_apps/native_apps/OpenCamera-Sensors/app/src/main/java/net/sourceforge/opencamera/MyApplicationInterface.java;file:/Users/rar9993/repos/research/fdroid_apps/native_apps/OpenCamera-Sensors/app/src/main/java/net/sourceforge/opencamera/MyApplicationInterface.java|line:1693
RedundantFieldInitializer;PMD;/Users/rar9993/repos/research/fdroid_apps/native_apps/OpenCamera-Sensors/NONE_TRANSFORMED_;/Users/rar9993/repos/research/fdroid_apps/native_apps/OpenCamera-Sensors/app/src/main/java/net/sourceforge/opencamera/MyApplicationInterface.java;file:/Users/rar9993/repos/research/fdroid_apps/native_apps/OpenCamera-Sensors/app/src/main/java/net/sourceforge/opencamera/MyApplicationInterface.java|line:1967
UseStringBufferForStringAppends;PMD;/Users/rar9993/repos/research/fdroid_apps/native_apps/OpenCamera-Sensors/NONE_TRANSFORMED_;/Users/rar9993/repos/research/fdroid_apps/native_apps/OpenCamera-Sensors/app/src/main/java/net/sourceforge/opencamera/MyApplicationInterface.java;file:/Users/rar9993/repos/research/fdroid_apps/native_apps/OpenCamera-Sensors/app/src/main/java/net/sourceforge/opencamera/MyApplicationInterface.java|line:2020
UseStringBufferForStringAppends;PMD;/Users/rar9993/repos/research/fdroid_apps/native_apps/OpenCamera-Sensors/NONE_TRANSFORMED_;/Users/rar9993/repos/research/fdroid_apps/native_apps/OpenCamera-Sensors/app/src/main/java/net/sourceforge/opencamera/MyApplicationInterface.java;file:/Users/rar9993/repos/research/fdroid_apps/native_apps/OpenCamera-Sensors/app/src/main/java/net/sourceforge/opencamera/MyApplicationInterface.java|line:2023
UseStringBufferForStringAppends;PMD;/Users/rar9993/repos/research/fdroid_apps/native_apps/OpenCamera-Sensors/NONE_TRANSFORMED_;/Users/rar9993/repos/research/fdroid_apps/native_apps/OpenCamera-Sensors/app/src/main/java/net/sourceforge/opencamera/MyApplicationInterface.java;file:/Users/rar9993/repos/research/fdroid_apps/native_apps/OpenCamera-Sensors/app/src/main/java/net/sourceforge/opencamera/MyApplicationInterface.java|line:2024
AppendCharacterWithChar;PMD;/Users/rar9993/repos/research/fdroid_apps/native_apps/OpenCamera-Sensors/NONE_TRANSFORMED_;/Users/rar9993/repos/research/fdroid_apps/native_apps/OpenCamera-Sensors/app/src/main/java/net/sourceforge/opencamera/MyApplicationInterface.java;file:/Users/rar9993/repos/research/fdroid_apps/native_apps/OpenCamera-Sensors/app/src/main/java/net/sourceforge/opencamera/MyApplicationInterface.java|line:2030
AppendCharacterWithChar;PMD;/Users/rar9993/repos/research/fdroid_apps/native_apps/OpenCamera-Sensors/NONE_TRANSFORMED_;/Users/rar9993/repos/research/fdroid_apps/native_apps/OpenCamera-Sensors/app/src/main/java/net/sourceforge/opencamera/MyApplicationInterface.java;file:/Users/rar9993/repos/research/fdroid_apps/native_apps/OpenCamera-Sensors/app/src/main/java/net/sourceforge/opencamera/MyApplicationInterface.java|line:2071
AppendCharacterWithChar;PMD;/Users/rar9993/repos/research/fdroid_apps/native_apps/OpenCamera-Sensors/NONE_TRANSFORMED_;/Users/rar9993/repos/research/fdroid_apps/native_apps/OpenCamera-Sensors/app/src/main/java/net/sourceforge/opencamera/MyApplicationInterface.java;file:/Users/rar9993/repos/research/fdroid_apps/native_apps/OpenCamera-Sensors/app/src/main/java/net/sourceforge/opencamera/MyApplicationInterface.java|line:2078
AppendCharacterWithChar;PMD;/Users/rar9993/repos/research/fdroid_apps/native_apps/OpenCamera-Sensors/NONE_TRANSFORMED_;/Users/rar9993/repos/research/fdroid_apps/native_apps/OpenCamera-Sensors/app/src/main/java/net/sourceforge/opencamera/MyApplicationInterface.java;file:/Users/rar9993/repos/research/fdroid_apps/native_apps/OpenCamera-Sensors/app/src/main/java/net/sourceforge/opencamera/MyApplicationInterface.java|line:2086
AvoidFileStream;PMD;/Users/rar9993/repos/research/fdroid_apps/native_apps/OpenCamera-Sensors/NONE_TRANSFORMED_;/Users/rar9993/repos/research/fdroid_apps/native_apps/OpenCamera-Sensors/app/src/main/java/net/sourceforge/opencamera/MyApplicationInterface.java;file:/Users/rar9993/repos/research/fdroid_apps/native_apps/OpenCamera-Sensors/app/src/main/java/net/sourceforge/opencamera/MyApplicationInterface.java|line:2110
AvoidFileStream;PMD;/Users/rar9993/repos/research/fdroid_apps/native_apps/OpenCamera-Sensors/NONE_TRANSFORMED_;/Users/rar9993/repos/research/fdroid_apps/native_apps/OpenCamera-Sensors/app/src/main/java/net/sourceforge/opencamera/MyApplicationInterface.java;file:/Users/rar9993/repos/research/fdroid_apps/native_apps/OpenCamera-Sensors/app/src/main/java/net/sourceforge/opencamera/MyApplicationInterface.java|line:2137
AddEmptyString;PMD;/Users/rar9993/repos/research/fdroid_apps/native_apps/OpenCamera-Sensors/NONE_TRANSFORMED_;/Users/rar9993/repos/research/fdroid_apps/native_apps/OpenCamera-Sensors/app/src/main/java/net/sourceforge/opencamera/MyApplicationInterface.java;file:/Users/rar9993/repos/research/fdroid_apps/native_apps/OpenCamera-Sensors/app/src/main/java/net/sourceforge/opencamera/MyApplicationInterface.java|line:2663
AddEmptyString;PMD;/Users/rar9993/repos/research/fdroid_apps/native_apps/OpenCamera-Sensors/NONE_TRANSFORMED_;/Users/rar9993/repos/research/fdroid_apps/native_apps/OpenCamera-Sensors/app/src/main/java/net/sourceforge/opencamera/MyApplicationInterface.java;file:/Users/rar9993/repos/research/fdroid_apps/native_apps/OpenCamera-Sensors/app/src/main/java/net/sourceforge/opencamera/MyApplicationInterface.java|line:2791
TooFewBranchesForSwitch;PMD;/Users/rar9993/repos/research/fdroid_apps/native_apps/OpenCamera-Sensors/NONE_TRANSFORMED_;/Users/rar9993/repos/research/fdroid_apps/native_apps/OpenCamera-Sensors/app/src/main/java/net/sourceforge/opencamera/MyApplicationInterface.java;file:/Users/rar9993/repos/research/fdroid_apps/native_apps/OpenCamera-Sensors/app/src/main/java/net/sourceforge/opencamera/MyApplicationInterface.java|line:3185
TooFewBranchesForSwitch;PMD;/Users/rar9993/repos/research/fdroid_apps/native_apps/OpenCamera-Sensors/NONE_TRANSFORMED_;/Users/rar9993/repos/research/fdroid_apps/native_apps/OpenCamera-Sensors/app/src/main/java/net/sourceforge/opencamera/MyApplicationInterface.java;file:/Users/rar9993/repos/research/fdroid_apps/native_apps/OpenCamera-Sensors/app/src/main/java/net/sourceforge/opencamera/MyApplicationInterface.java|line:3196
RedundantFieldInitializer;PMD;/Users/rar9993/repos/research/fdroid_apps/native_apps/OpenCamera-Sensors/NONE_TRANSFORMED_;/Users/rar9993/repos/research/fdroid_apps/native_apps/OpenCamera-Sensors/app/src/main/java/net/sourceforge/opencamera/MyApplicationInterface.java;file:/Users/rar9993/repos/research/fdroid_apps/native_apps/OpenCamera-Sensors/app/src/main/java/net/sourceforge/opencamera/MyApplicationInterface.java|line:3573
RedundantFieldInitializer;PMD;/Users/rar9993/repos/research/fdroid_apps/native_apps/OpenCamera-Sensors/NONE_TRANSFORMED_;/Users/rar9993/repos/research/fdroid_apps/native_apps/OpenCamera-Sensors/app/src/main/java/net/sourceforge/opencamera/MyApplicationInterface.java;file:/Users/rar9993/repos/research/fdroid_apps/native_apps/OpenCamera-Sensors/app/src/main/java/net/sourceforge/opencamera/MyApplicationInterface.java|line:3574
AddEmptyString;PMD;/Users/rar9993/repos/research/fdroid_apps/native_apps/OpenCamera-Sensors/NONE_TRANSFORMED_;/Users/rar9993/repos/research/fdroid_apps/native_apps/OpenCamera-Sensors/app/src/main/java/net/sourceforge/opencamera/MyPreferenceFragment.java;file:/Users/rar9993/repos/research/fdroid_apps/native_apps/OpenCamera-Sensors/app/src/main/java/net/sourceforge/opencamera/MyPreferenceFragment.java|line:291
AddEmptyString;PMD;/Users/rar9993/repos/research/fdroid_apps/native_apps/OpenCamera-Sensors/NONE_TRANSFORMED_;/Users/rar9993/repos/research/fdroid_apps/native_apps/OpenCamera-Sensors/app/src/main/java/net/sourceforge/opencamera/MyPreferenceFragment.java;file:/Users/rar9993/repos/research/fdroid_apps/native_apps/OpenCamera-Sensors/app/src/main/java/net/sourceforge/opencamera/MyPreferenceFragment.java|line:293
AddEmptyString;PMD;/Users/rar9993/repos/research/fdroid_apps/native_apps/OpenCamera-Sensors/NONE_TRANSFORMED_;/Users/rar9993/repos/research/fdroid_apps/native_apps/OpenCamera-Sensors/app/src/main/java/net/sourceforge/opencamera/MyPreferenceFragment.java;file:/Users/rar9993/repos/research/fdroid_apps/native_apps/OpenCamera-Sensors/app/src/main/java/net/sourceforge/opencamera/MyPreferenceFragment.java|line:310
AddEmptyString;PMD;/Users/rar9993/repos/research/fdroid_apps/native_apps/OpenCamera-Sensors/NONE_TRANSFORMED_;/Users/rar9993/repos/research/fdroid_apps/native_apps/OpenCamera-Sensors/app/src/main/java/net/sourceforge/opencamera/MyPreferenceFragment.java;file:/Users/rar9993/repos/research/fdroid_apps/native_apps/OpenCamera-Sensors/app/src/main/java/net/sourceforge/opencamera/MyPreferenceFragment.java|line:311
AddEmptyString;PMD;/Users/rar9993/repos/research/fdroid_apps/native_apps/OpenCamera-Sensors/NONE_TRANSFORMED_;/Users/rar9993/repos/research/fdroid_apps/native_apps/OpenCamera-Sensors/app/src/main/java/net/sourceforge/opencamera/MyPreferenceFragment.java;file:/Users/rar9993/repos/research/fdroid_apps/native_apps/OpenCamera-Sensors/app/src/main/java/net/sourceforge/opencamera/MyPreferenceFragment.java|line:326
AddEmptyString;PMD;/Users/rar9993/repos/research/fdroid_apps/native_apps/OpenCamera-Sensors/NONE_TRANSFORMED_;/Users/rar9993/repos/research/fdroid_apps/native_apps/OpenCamera-Sensors/app/src/main/java/net/sourceforge/opencamera/MyPreferenceFragment.java;file:/Users/rar9993/repos/research/fdroid_apps/native_apps/OpenCamera-Sensors/app/src/main/java/net/sourceforge/opencamera/MyPreferenceFragment.java|line:327
InsufficientStringBufferDeclaration;PMD;/Users/rar9993/repos/research/fdroid_apps/native_apps/OpenCamera-Sensors/NONE_TRANSFORMED_;/Users/rar9993/repos/research/fdroid_apps/native_apps/OpenCamera-Sensors/app/src/main/java/net/sourceforge/opencamera/MyPreferenceFragment.java;file:/Users/rar9993/repos/research/fdroid_apps/native_apps/OpenCamera-Sensors/app/src/main/java/net/sourceforge/opencamera/MyPreferenceFragment.java|line:1206
InsufficientStringBufferDeclaration;PMD;/Users/rar9993/repos/research/fdroid_apps/native_apps/OpenCamera-Sensors/NONE_TRANSFORMED_;/Users/rar9993/repos/research/fdroid_apps/native_apps/OpenCamera-Sensors/app/src/main/java/net/sourceforge/opencamera/MyPreferenceFragment.java;file:/Users/rar9993/repos/research/fdroid_apps/native_apps/OpenCamera-Sensors/app/src/main/java/net/sourceforge/opencamera/MyPreferenceFragment.java|line:1260
ConsecutiveAppendsShouldReuse;PMD;/Users/rar9993/repos/research/fdroid_apps/native_apps/OpenCamera-Sensors/NONE_TRANSFORMED_;/Users/rar9993/repos/research/fdroid_apps/native_apps/OpenCamera-Sensors/app/src/main/java/net/sourceforge/opencamera/MyPreferenceFragment.java;file:/Users/rar9993/repos/research/fdroid_apps/native_apps/OpenCamera-Sensors/app/src/main/java/net/sourceforge/opencamera/MyPreferenceFragment.java|line:1273
ConsecutiveAppendsShouldReuse;PMD;/Users/rar9993/repos/research/fdroid_apps/native_apps/OpenCamera-Sensors/NONE_TRANSFORMED_;/Users/rar9993/repos/research/fdroid_apps/native_apps/OpenCamera-Sensors/app/src/main/java/net/sourceforge/opencamera/MyPreferenceFragment.java;file:/Users/rar9993/repos/research/fdroid_apps/native_apps/OpenCamera-Sensors/app/src/main/java/net/sourceforge/opencamera/MyPreferenceFragment.java|line:1274
ConsecutiveAppendsShouldReuse;PMD;/Users/rar9993/repos/research/fdroid_apps/native_apps/OpenCamera-Sensors/NONE_TRANSFORMED_;/Users/rar9993/repos/research/fdroid_apps/native_apps/OpenCamera-Sensors/app/src/main/java/net/sourceforge/opencamera/MyPreferenceFragment.java;file:/Users/rar9993/repos/research/fdroid_apps/native_apps/OpenCamera-Sensors/app/src/main/java/net/sourceforge/opencamera/MyPreferenceFragment.java|line:1275
ConsecutiveAppendsShouldReuse;PMD;/Users/rar9993/repos/research/fdroid_apps/native_apps/OpenCamera-Sensors/NONE_TRANSFORMED_;/Users/rar9993/repos/research/fdroid_apps/native_apps/OpenCamera-Sensors/app/src/main/java/net/sourceforge/opencamera/MyPreferenceFragment.java;file:/Users/rar9993/repos/research/fdroid_apps/native_apps/OpenCamera-Sensors/app/src/main/java/net/sourceforge/opencamera/MyPreferenceFragment.java|line:1276
ConsecutiveAppendsShouldReuse;PMD;/Users/rar9993/repos/research/fdroid_apps/native_apps/OpenCamera-Sensors/NONE_TRANSFORMED_;/Users/rar9993/repos/research/fdroid_apps/native_apps/OpenCamera-Sensors/app/src/main/java/net/sourceforge/opencamera/MyPreferenceFragment.java;file:/Users/rar9993/repos/research/fdroid_apps/native_apps/OpenCamera-Sensors/app/src/main/java/net/sourceforge/opencamera/MyPreferenceFragment.java|line:1289
AppendCharacterWithChar;PMD;/Users/rar9993/repos/research/fdroid_apps/native_apps/OpenCamera-Sensors/NONE_TRANSFORMED_;/Users/rar9993/repos/research/fdroid_apps/native_apps/OpenCamera-Sensors/app/src/main/java/net/sourceforge/opencamera/MyPreferenceFragment.java;file:/Users/rar9993/repos/research/fdroid_apps/native_apps/OpenCamera-Sensors/app/src/main/java/net/sourceforge/opencamera/MyPreferenceFragment.java|line:1304
AppendCharacterWithChar;PMD;/Users/rar9993/repos/research/fdroid_apps/native_apps/OpenCamera-Sensors/NONE_TRANSFORMED_;/Users/rar9993/repos/research/fdroid_apps/native_apps/OpenCamera-Sensors/app/src/main/java/net/sourceforge/opencamera/MyPreferenceFragment.java;file:/Users/rar9993/repos/research/fdroid_apps/native_apps/OpenCamera-Sensors/app/src/main/java/net/sourceforge/opencamera/MyPreferenceFragment.java|line:1310
ConsecutiveAppendsShouldReuse;PMD;/Users/rar9993/repos/research/fdroid_apps/native_apps/OpenCamera-Sensors/NONE_TRANSFORMED_;/Users/rar9993/repos/research/fdroid_apps/native_apps/OpenCamera-Sensors/app/src/main/java/net/sourceforge/opencamera/MyPreferenceFragment.java;file:/Users/rar9993/repos/research/fdroid_apps/native_apps/OpenCamera-Sensors/app/src/main/java/net/sourceforge/opencamera/MyPreferenceFragment.java|line:1313
ConsecutiveAppendsShouldReuse;PMD;/Users/rar9993/repos/research/fdroid_apps/native_apps/OpenCamera-Sensors/NONE_TRANSFORMED_;/Users/rar9993/repos/research/fdroid_apps/native_apps/OpenCamera-Sensors/app/src/main/java/net/sourceforge/opencamera/MyPreferenceFragment.java;file:/Users/rar9993/repos/research/fdroid_apps/native_apps/OpenCamera-Sensors/app/src/main/java/net/sourceforge/opencamera/MyPreferenceFragment.java|line:1314
ConsecutiveAppendsShouldReuse;PMD;/Users/rar9993/repos/research/fdroid_apps/native_apps/OpenCamera-Sensors/NONE_TRANSFORMED_;/Users/rar9993/repos/research/fdroid_apps/native_apps/OpenCamera-Sensors/app/src/main/java/net/sourceforge/opencamera/MyPreferenceFragment.java;file:/Users/rar9993/repos/research/fdroid_apps/native_apps/OpenCamera-Sensors/app/src/main/java/net/sourceforge/opencamera/MyPreferenceFragment.java|line:1315
ConsecutiveAppendsShouldReuse;PMD;/Users/rar9993/repos/research/fdroid_apps/native_apps/OpenCamera-Sensors/NONE_TRANSFORMED_;/Users/rar9993/repos/research/fdroid_apps/native_apps/OpenCamera-Sensors/app/src/main/java/net/sourceforge/opencamera/MyPreferenceFragment.java;file:/Users/rar9993/repos/research/fdroid_apps/native_apps/OpenCamera-Sensors/app/src/main/java/net/sourceforge/opencamera/MyPreferenceFragment.java|line:1316
ConsecutiveAppendsShouldReuse;PMD;/Users/rar9993/repos/research/fdroid_apps/native_apps/OpenCamera-Sensors/NONE_TRANSFORMED_;/Users/rar9993/repos/research/fdroid_apps/native_apps/OpenCamera-Sensors/app/src/main/java/net/sourceforge/opencamera/MyPreferenceFragment.java;file:/Users/rar9993/repos/research/fdroid_apps/native_apps/OpenCamera-Sensors/app/src/main/java/net/sourceforge/opencamera/MyPreferenceFragment.java|line:1317
ConsecutiveAppendsShouldReuse;PMD;/Users/rar9993/repos/research/fdroid_apps/native_apps/OpenCamera-Sensors/NONE_TRANSFORMED_;/Users/rar9993/repos/research/fdroid_apps/native_apps/OpenCamera-Sensors/app/src/main/java/net/sourceforge/opencamera/MyPreferenceFragment.java;file:/Users/rar9993/repos/research/fdroid_apps/native_apps/OpenCamera-Sensors/app/src/main/java/net/sourceforge/opencamera/MyPreferenceFragment.java|line:1318
ConsecutiveAppendsShouldReuse;PMD;/Users/rar9993/repos/research/fdroid_apps/native_apps/OpenCamera-Sensors/NONE_TRANSFORMED_;/Users/rar9993/repos/research/fdroid_apps/native_apps/OpenCamera-Sensors/app/src/main/java/net/sourceforge/opencamera/MyPreferenceFragment.java;file:/Users/rar9993/repos/research/fdroid_apps/native_apps/OpenCamera-Sensors/app/src/main/java/net/sourceforge/opencamera/MyPreferenceFragment.java|line:1319
ConsecutiveAppendsShouldReuse;PMD;/Users/rar9993/repos/research/fdroid_apps/native_apps/OpenCamera-Sensors/NONE_TRANSFORMED_;/Users/rar9993/repos/research/fdroid_apps/native_apps/OpenCamera-Sensors/app/src/main/java/net/sourceforge/opencamera/MyPreferenceFragment.java;file:/Users/rar9993/repos/research/fdroid_apps/native_apps/OpenCamera-Sensors/app/src/main/java/net/sourceforge/opencamera/MyPreferenceFragment.java|line:1320
ConsecutiveAppendsShouldReuse;PMD;/Users/rar9993/repos/research/fdroid_apps/native_apps/OpenCamera-Sensors/NONE_TRANSFORMED_;/Users/rar9993/repos/research/fdroid_apps/native_apps/OpenCamera-Sensors/app/src/main/java/net/sourceforge/opencamera/MyPreferenceFragment.java;file:/Users/rar9993/repos/research/fdroid_apps/native_apps/OpenCamera-Sensors/app/src/main/java/net/sourceforge/opencamera/MyPreferenceFragment.java|line:1321
ConsecutiveAppendsShouldReuse;PMD;/Users/rar9993/repos/research/fdroid_apps/native_apps/OpenCamera-Sensors/NONE_TRANSFORMED_;/Users/rar9993/repos/research/fdroid_apps/native_apps/OpenCamera-Sensors/app/src/main/java/net/sourceforge/opencamera/MyPreferenceFragment.java;file:/Users/rar9993/repos/research/fdroid_apps/native_apps/OpenCamera-Sensors/app/src/main/java/net/sourceforge/opencamera/MyPreferenceFragment.java|line:1322
ConsecutiveAppendsShouldReuse;PMD;/Users/rar9993/repos/research/fdroid_apps/native_apps/OpenCamera-Sensors/NONE_TRANSFORMED_;/Users/rar9993/repos/research/fdroid_apps/native_apps/OpenCamera-Sensors/app/src/main/java/net/sourceforge/opencamera/MyPreferenceFragment.java;file:/Users/rar9993/repos/research/fdroid_apps/native_apps/OpenCamera-Sensors/app/src/main/java/net/sourceforge/opencamera/MyPreferenceFragment.java|line:1323
ConsecutiveAppendsShouldReuse;PMD;/Users/rar9993/repos/research/fdroid_apps/native_apps/OpenCamera-Sensors/NONE_TRANSFORMED_;/Users/rar9993/repos/research/fdroid_apps/native_apps/OpenCamera-Sensors/app/src/main/java/net/sourceforge/opencamera/MyPreferenceFragment.java;file:/Users/rar9993/repos/research/fdroid_apps/native_apps/OpenCamera-Sensors/app/src/main/java/net/sourceforge/opencamera/MyPreferenceFragment.java|line:1328
ConsecutiveAppendsShouldReuse;PMD;/Users/rar9993/repos/research/fdroid_apps/native_apps/OpenCamera-Sensors/NONE_TRANSFORMED_;/Users/rar9993/repos/research/fdroid_apps/native_apps/OpenCamera-Sensors/app/src/main/java/net/sourceforge/opencamera/MyPreferenceFragment.java;file:/Users/rar9993/repos/research/fdroid_apps/native_apps/OpenCamera-Sensors/app/src/main/java/net/sourceforge/opencamera/MyPreferenceFragment.java|line:1338
ConsecutiveAppendsShouldReuse;PMD;/Users/rar9993/repos/research/fdroid_apps/native_apps/OpenCamera-Sensors/NONE_TRANSFORMED_;/Users/rar9993/repos/research/fdroid_apps/native_apps/OpenCamera-Sensors/app/src/main/java/net/sourceforge/opencamera/MyPreferenceFragment.java;file:/Users/rar9993/repos/research/fdroid_apps/native_apps/OpenCamera-Sensors/app/src/main/java/net/sourceforge/opencamera/MyPreferenceFragment.java|line:1339
AppendCharacterWithChar;PMD;/Users/rar9993/repos/research/fdroid_apps/native_apps/OpenCamera-Sensors/NONE_TRANSFORMED_;/Users/rar9993/repos/research/fdroid_apps/native_apps/OpenCamera-Sensors/app/src/main/java/net/sourceforge/opencamera/MyPreferenceFragment.java;file:/Users/rar9993/repos/research/fdroid_apps/native_apps/OpenCamera-Sensors/app/src/main/java/net/sourceforge/opencamera/MyPreferenceFragment.java|line:1339
ConsecutiveAppendsShouldReuse;PMD;/Users/rar9993/repos/research/fdroid_apps/native_apps/OpenCamera-Sensors/NONE_TRANSFORMED_;/Users/rar9993/repos/research/fdroid_apps/native_apps/OpenCamera-Sensors/app/src/main/java/net/sourceforge/opencamera/MyPreferenceFragment.java;file:/Users/rar9993/repos/research/fdroid_apps/native_apps/OpenCamera-Sensors/app/src/main/java/net/sourceforge/opencamera/MyPreferenceFragment.java|line:1343
ConsecutiveAppendsShouldReuse;PMD;/Users/rar9993/repos/research/fdroid_apps/native_apps/OpenCamera-Sensors/NONE_TRANSFORMED_;/Users/rar9993/repos/research/fdroid_apps/native_apps/OpenCamera-Sensors/app/src/main/java/net/sourceforge/opencamera/MyPreferenceFragment.java;file:/Users/rar9993/repos/research/fdroid_apps/native_apps/OpenCamera-Sensors/app/src/main/java/net/sourceforge/opencamera/MyPreferenceFragment.java|line:1344
ConsecutiveAppendsShouldReuse;PMD;/Users/rar9993/repos/research/fdroid_apps/native_apps/OpenCamera-Sensors/NONE_TRANSFORMED_;/Users/rar9993/repos/research/fdroid_apps/native_apps/OpenCamera-Sensors/app/src/main/java/net/sourceforge/opencamera/MyPreferenceFragment.java;file:/Users/rar9993/repos/research/fdroid_apps/native_apps/OpenCamera-Sensors/app/src/main/java/net/sourceforge/opencamera/MyPreferenceFragment.java|line:1345
AppendCharacterWithChar;PMD;/Users/rar9993/repos/research/fdroid_apps/native_apps/OpenCamera-Sensors/NONE_TRANSFORMED_;/Users/rar9993/repos/research/fdroid_apps/native_apps/OpenCamera-Sensors/app/src/main/java/net/sourceforge/opencamera/MyPreferenceFragment.java;file:/Users/rar9993/repos/research/fdroid_apps/native_apps/OpenCamera-Sensors/app/src/main/java/net/sourceforge/opencamera/MyPreferenceFragment.java|line:1345
ConsecutiveAppendsShouldReuse;PMD;/Users/rar9993/repos/research/fdroid_apps/native_apps/OpenCamera-Sensors/NONE_TRANSFORMED_;/Users/rar9993/repos/research/fdroid_apps/native_apps/OpenCamera-Sensors/app/src/main/java/net/sourceforge/opencamera/MyPreferenceFragment.java;file:/Users/rar9993/repos/research/fdroid_apps/native_apps/OpenCamera-Sensors/app/src/main/java/net/sourceforge/opencamera/MyPreferenceFragment.java|line:1353
ConsecutiveAppendsShouldReuse;PMD;/Users/rar9993/repos/research/fdroid_apps/native_apps/OpenCamera-Sensors/NONE_TRANSFORMED_;/Users/rar9993/repos/research/fdroid_apps/native_apps/OpenCamera-Sensors/app/src/main/java/net/sourceforge/opencamera/MyPreferenceFragment.java;file:/Users/rar9993/repos/research/fdroid_apps/native_apps/OpenCamera-Sensors/app/src/main/java/net/sourceforge/opencamera/MyPreferenceFragment.java|line:1354
AppendCharacterWithChar;PMD;/Users/rar9993/repos/research/fdroid_apps/native_apps/OpenCamera-Sensors/NONE_TRANSFORMED_;/Users/rar9993/repos/research/fdroid_apps/native_apps/OpenCamera-Sensors/app/src/main/java/net/sourceforge/opencamera/MyPreferenceFragment.java;file:/Users/rar9993/repos/research/fdroid_apps/native_apps/OpenCamera-Sensors/app/src/main/java/net/sourceforge/opencamera/MyPreferenceFragment.java|line:1354
ConsecutiveAppendsShouldReuse;PMD;/Users/rar9993/repos/research/fdroid_apps/native_apps/OpenCamera-Sensors/NONE_TRANSFORMED_;/Users/rar9993/repos/research/fdroid_apps/native_apps/OpenCamera-Sensors/app/src/main/java/net/sourceforge/opencamera/MyPreferenceFragment.java;file:/Users/rar9993/repos/research/fdroid_apps/native_apps/OpenCamera-Sensors/app/src/main/java/net/sourceforge/opencamera/MyPreferenceFragment.java|line:1361
ConsecutiveAppendsShouldReuse;PMD;/Users/rar9993/repos/research/fdroid_apps/native_apps/OpenCamera-Sensors/NONE_TRANSFORMED_;/Users/rar9993/repos/research/fdroid_apps/native_apps/OpenCamera-Sensors/app/src/main/java/net/sourceforge/opencamera/MyPreferenceFragment.java;file:/Users/rar9993/repos/research/fdroid_apps/native_apps/OpenCamera-Sensors/app/src/main/java/net/sourceforge/opencamera/MyPreferenceFragment.java|line:1362
ConsecutiveAppendsShouldReuse;PMD;/Users/rar9993/repos/research/fdroid_apps/native_apps/OpenCamera-Sensors/NONE_TRANSFORMED_;/Users/rar9993/repos/research/fdroid_apps/native_apps/OpenCamera-Sensors/app/src/main/java/net/sourceforge/opencamera/MyPreferenceFragment.java;file:/Users/rar9993/repos/research/fdroid_apps/native_apps/OpenCamera-Sensors/app/src/main/java/net/sourceforge/opencamera/MyPreferenceFragment.java|line:1363
AppendCharacterWithChar;PMD;/Users/rar9993/repos/research/fdroid_apps/native_apps/OpenCamera-Sensors/NONE_TRANSFORMED_;/Users/rar9993/repos/research/fdroid_apps/native_apps/OpenCamera-Sensors/app/src/main/java/net/sourceforge/opencamera/MyPreferenceFragment.java;file:/Users/rar9993/repos/research/fdroid_apps/native_apps/OpenCamera-Sensors/app/src/main/java/net/sourceforge/opencamera/MyPreferenceFragment.java|line:1363
ConsecutiveAppendsShouldReuse;PMD;/Users/rar9993/repos/research/fdroid_apps/native_apps/OpenCamera-Sensors/NONE_TRANSFORMED_;/Users/rar9993/repos/research/fdroid_apps/native_apps/OpenCamera-Sensors/app/src/main/java/net/sourceforge/opencamera/MyPreferenceFragment.java;file:/Users/rar9993/repos/research/fdroid_apps/native_apps/OpenCamera-Sensors/app/src/main/java/net/sourceforge/opencamera/MyPreferenceFragment.java|line:1380
ConsecutiveAppendsShouldReuse;PMD;/Users/rar9993/repos/research/fdroid_apps/native_apps/OpenCamera-Sensors/NONE_TRANSFORMED_;/Users/rar9993/repos/research/fdroid_apps/native_apps/OpenCamera-Sensors/app/src/main/java/net/sourceforge/opencamera/MyPreferenceFragment.java;file:/Users/rar9993/repos/research/fdroid_apps/native_apps/OpenCamera-Sensors/app/src/main/java/net/sourceforge/opencamera/MyPreferenceFragment.java|line:1381
AppendCharacterWithChar;PMD;/Users/rar9993/repos/research/fdroid_apps/native_apps/OpenCamera-Sensors/NONE_TRANSFORMED_;/Users/rar9993/repos/research/fdroid_apps/native_apps/OpenCamera-Sensors/app/src/main/java/net/sourceforge/opencamera/MyPreferenceFragment.java;file:/Users/rar9993/repos/research/fdroid_apps/native_apps/OpenCamera-Sensors/app/src/main/java/net/sourceforge/opencamera/MyPreferenceFragment.java|line:1381
ConsecutiveAppendsShouldReuse;PMD;/Users/rar9993/repos/research/fdroid_apps/native_apps/OpenCamera-Sensors/NONE_TRANSFORMED_;/Users/rar9993/repos/research/fdroid_apps/native_apps/OpenCamera-Sensors/app/src/main/java/net/sourceforge/opencamera/MyPreferenceFragment.java;file:/Users/rar9993/repos/research/fdroid_apps/native_apps/OpenCamera-Sensors/app/src/main/java/net/sourceforge/opencamera/MyPreferenceFragment.java|line:1385
ConsecutiveAppendsShouldReuse;PMD;/Users/rar9993/repos/research/fdroid_apps/native_apps/OpenCamera-Sensors/NONE_TRANSFORMED_;/Users/rar9993/repos/research/fdroid_apps/native_apps/OpenCamera-Sensors/app/src/main/java/net/sourceforge/opencamera/MyPreferenceFragment.java;file:/Users/rar9993/repos/research/fdroid_apps/native_apps/OpenCamera-Sensors/app/src/main/java/net/sourceforge/opencamera/MyPreferenceFragment.java|line:1386
ConsecutiveAppendsShouldReuse;PMD;/Users/rar9993/repos/research/fdroid_apps/native_apps/OpenCamera-Sensors/NONE_TRANSFORMED_;/Users/rar9993/repos/research/fdroid_apps/native_apps/OpenCamera-Sensors/app/src/main/java/net/sourceforge/opencamera/MyPreferenceFragment.java;file:/Users/rar9993/repos/research/fdroid_apps/native_apps/OpenCamera-Sensors/app/src/main/java/net/sourceforge/opencamera/MyPreferenceFragment.java|line:1387
ConsecutiveAppendsShouldReuse;PMD;/Users/rar9993/repos/research/fdroid_apps/native_apps/OpenCamera-Sensors/NONE_TRANSFORMED_;/Users/rar9993/repos/research/fdroid_apps/native_apps/OpenCamera-Sensors/app/src/main/java/net/sourceforge/opencamera/MyPreferenceFragment.java;file:/Users/rar9993/repos/research/fdroid_apps/native_apps/OpenCamera-Sensors/app/src/main/java/net/sourceforge/opencamera/MyPreferenceFragment.java|line:1388
ConsecutiveAppendsShouldReuse;PMD;/Users/rar9993/repos/research/fdroid_apps/native_apps/OpenCamera-Sensors/NONE_TRANSFORMED_;/Users/rar9993/repos/research/fdroid_apps/native_apps/OpenCamera-Sensors/app/src/main/java/net/sourceforge/opencamera/MyPreferenceFragment.java;file:/Users/rar9993/repos/research/fdroid_apps/native_apps/OpenCamera-Sensors/app/src/main/java/net/sourceforge/opencamera/MyPreferenceFragment.java|line:1389
ConsecutiveAppendsShouldReuse;PMD;/Users/rar9993/repos/research/fdroid_apps/native_apps/OpenCamera-Sensors/NONE_TRANSFORMED_;/Users/rar9993/repos/research/fdroid_apps/native_apps/OpenCamera-Sensors/app/src/main/java/net/sourceforge/opencamera/MyPreferenceFragment.java;file:/Users/rar9993/repos/research/fdroid_apps/native_apps/OpenCamera-Sensors/app/src/main/java/net/sourceforge/opencamera/MyPreferenceFragment.java|line:1390
ConsecutiveAppendsShouldReuse;PMD;/Users/rar9993/repos/research/fdroid_apps/native_apps/OpenCamera-Sensors/NONE_TRANSFORMED_;/Users/rar9993/repos/research/fdroid_apps/native_apps/OpenCamera-Sensors/app/src/main/java/net/sourceforge/opencamera/MyPreferenceFragment.java;file:/Users/rar9993/repos/research/fdroid_apps/native_apps/OpenCamera-Sensors/app/src/main/java/net/sourceforge/opencamera/MyPreferenceFragment.java|line:1391
ConsecutiveAppendsShouldReuse;PMD;/Users/rar9993/repos/research/fdroid_apps/native_apps/OpenCamera-Sensors/NONE_TRANSFORMED_;/Users/rar9993/repos/research/fdroid_apps/native_apps/OpenCamera-Sensors/app/src/main/java/net/sourceforge/opencamera/MyPreferenceFragment.java;file:/Users/rar9993/repos/research/fdroid_apps/native_apps/OpenCamera-Sensors/app/src/main/java/net/sourceforge/opencamera/MyPreferenceFragment.java|line:1392
ConsecutiveAppendsShouldReuse;PMD;/Users/rar9993/repos/research/fdroid_apps/native_apps/OpenCamera-Sensors/NONE_TRANSFORMED_;/Users/rar9993/repos/research/fdroid_apps/native_apps/OpenCamera-Sensors/app/src/main/java/net/sourceforge/opencamera/MyPreferenceFragment.java;file:/Users/rar9993/repos/research/fdroid_apps/native_apps/OpenCamera-Sensors/app/src/main/java/net/sourceforge/opencamera/MyPreferenceFragment.java|line:1393
ConsecutiveAppendsShouldReuse;PMD;/Users/rar9993/repos/research/fdroid_apps/native_apps/OpenCamera-Sensors/NONE_TRANSFORMED_;/Users/rar9993/repos/research/fdroid_apps/native_apps/OpenCamera-Sensors/app/src/main/java/net/sourceforge/opencamera/MyPreferenceFragment.java;file:/Users/rar9993/repos/research/fdroid_apps/native_apps/OpenCamera-Sensors/app/src/main/java/net/sourceforge/opencamera/MyPreferenceFragment.java|line:1394
ConsecutiveAppendsShouldReuse;PMD;/Users/rar9993/repos/research/fdroid_apps/native_apps/OpenCamera-Sensors/NONE_TRANSFORMED_;/Users/rar9993/repos/research/fdroid_apps/native_apps/OpenCamera-Sensors/app/src/main/java/net/sourceforge/opencamera/MyPreferenceFragment.java;file:/Users/rar9993/repos/research/fdroid_apps/native_apps/OpenCamera-Sensors/app/src/main/java/net/sourceforge/opencamera/MyPreferenceFragment.java|line:1395
ConsecutiveAppendsShouldReuse;PMD;/Users/rar9993/repos/research/fdroid_apps/native_apps/OpenCamera-Sensors/NONE_TRANSFORMED_;/Users/rar9993/repos/research/fdroid_apps/native_apps/OpenCamera-Sensors/app/src/main/java/net/sourceforge/opencamera/MyPreferenceFragment.java;file:/Users/rar9993/repos/research/fdroid_apps/native_apps/OpenCamera-Sensors/app/src/main/java/net/sourceforge/opencamera/MyPreferenceFragment.java|line:1396
ConsecutiveAppendsShouldReuse;PMD;/Users/rar9993/repos/research/fdroid_apps/native_apps/OpenCamera-Sensors/NONE_TRANSFORMED_;/Users/rar9993/repos/research/fdroid_apps/native_apps/OpenCamera-Sensors/app/src/main/java/net/sourceforge/opencamera/MyPreferenceFragment.java;file:/Users/rar9993/repos/research/fdroid_apps/native_apps/OpenCamera-Sensors/app/src/main/java/net/sourceforge/opencamera/MyPreferenceFragment.java|line:1397
ConsecutiveAppendsShouldReuse;PMD;/Users/rar9993/repos/research/fdroid_apps/native_apps/OpenCamera-Sensors/NONE_TRANSFORMED_;/Users/rar9993/repos/research/fdroid_apps/native_apps/OpenCamera-Sensors/app/src/main/java/net/sourceforge/opencamera/MyPreferenceFragment.java;file:/Users/rar9993/repos/research/fdroid_apps/native_apps/OpenCamera-Sensors/app/src/main/java/net/sourceforge/opencamera/MyPreferenceFragment.java|line:1398
ConsecutiveAppendsShouldReuse;PMD;/Users/rar9993/repos/research/fdroid_apps/native_apps/OpenCamera-Sensors/NONE_TRANSFORMED_;/Users/rar9993/repos/research/fdroid_apps/native_apps/OpenCamera-Sensors/app/src/main/java/net/sourceforge/opencamera/MyPreferenceFragment.java;file:/Users/rar9993/repos/research/fdroid_apps/native_apps/OpenCamera-Sensors/app/src/main/java/net/sourceforge/opencamera/MyPreferenceFragment.java|line:1399
ConsecutiveAppendsShouldReuse;PMD;/Users/rar9993/repos/research/fdroid_apps/native_apps/OpenCamera-Sensors/NONE_TRANSFORMED_;/Users/rar9993/repos/research/fdroid_apps/native_apps/OpenCamera-Sensors/app/src/main/java/net/sourceforge/opencamera/MyPreferenceFragment.java;file:/Users/rar9993/repos/research/fdroid_apps/native_apps/OpenCamera-Sensors/app/src/main/java/net/sourceforge/opencamera/MyPreferenceFragment.java|line:1400
ConsecutiveAppendsShouldReuse;PMD;/Users/rar9993/repos/research/fdroid_apps/native_apps/OpenCamera-Sensors/NONE_TRANSFORMED_;/Users/rar9993/repos/research/fdroid_apps/native_apps/OpenCamera-Sensors/app/src/main/java/net/sourceforge/opencamera/MyPreferenceFragment.java;file:/Users/rar9993/repos/research/fdroid_apps/native_apps/OpenCamera-Sensors/app/src/main/java/net/sourceforge/opencamera/MyPreferenceFragment.java|line:1420
ConsecutiveAppendsShouldReuse;PMD;/Users/rar9993/repos/research/fdroid_apps/native_apps/OpenCamera-Sensors/NONE_TRANSFORMED_;/Users/rar9993/repos/research/fdroid_apps/native_apps/OpenCamera-Sensors/app/src/main/java/net/sourceforge/opencamera/MyPreferenceFragment.java;file:/Users/rar9993/repos/research/fdroid_apps/native_apps/OpenCamera-Sensors/app/src/main/java/net/sourceforge/opencamera/MyPreferenceFragment.java|line:1421
ConsecutiveAppendsShouldReuse;PMD;/Users/rar9993/repos/research/fdroid_apps/native_apps/OpenCamera-Sensors/NONE_TRANSFORMED_;/Users/rar9993/repos/research/fdroid_apps/native_apps/OpenCamera-Sensors/app/src/main/java/net/sourceforge/opencamera/MyPreferenceFragment.java;file:/Users/rar9993/repos/research/fdroid_apps/native_apps/OpenCamera-Sensors/app/src/main/java/net/sourceforge/opencamera/MyPreferenceFragment.java|line:1422
ConsecutiveAppendsShouldReuse;PMD;/Users/rar9993/repos/research/fdroid_apps/native_apps/OpenCamera-Sensors/NONE_TRANSFORMED_;/Users/rar9993/repos/research/fdroid_apps/native_apps/OpenCamera-Sensors/app/src/main/java/net/sourceforge/opencamera/MyPreferenceFragment.java;file:/Users/rar9993/repos/research/fdroid_apps/native_apps/OpenCamera-Sensors/app/src/main/java/net/sourceforge/opencamera/MyPreferenceFragment.java|line:1428
ConsecutiveAppendsShouldReuse;PMD;/Users/rar9993/repos/research/fdroid_apps/native_apps/OpenCamera-Sensors/NONE_TRANSFORMED_;/Users/rar9993/repos/research/fdroid_apps/native_apps/OpenCamera-Sensors/app/src/main/java/net/sourceforge/opencamera/MyPreferenceFragment.java;file:/Users/rar9993/repos/research/fdroid_apps/native_apps/OpenCamera-Sensors/app/src/main/java/net/sourceforge/opencamera/MyPreferenceFragment.java|line:1429
ConsecutiveAppendsShouldReuse;PMD;/Users/rar9993/repos/research/fdroid_apps/native_apps/OpenCamera-Sensors/NONE_TRANSFORMED_;/Users/rar9993/repos/research/fdroid_apps/native_apps/OpenCamera-Sensors/app/src/main/java/net/sourceforge/opencamera/MyPreferenceFragment.java;file:/Users/rar9993/repos/research/fdroid_apps/native_apps/OpenCamera-Sensors/app/src/main/java/net/sourceforge/opencamera/MyPreferenceFragment.java|line:1430
ConsecutiveAppendsShouldReuse;PMD;/Users/rar9993/repos/research/fdroid_apps/native_apps/OpenCamera-Sensors/NONE_TRANSFORMED_;/Users/rar9993/repos/research/fdroid_apps/native_apps/OpenCamera-Sensors/app/src/main/java/net/sourceforge/opencamera/MyPreferenceFragment.java;file:/Users/rar9993/repos/research/fdroid_apps/native_apps/OpenCamera-Sensors/app/src/main/java/net/sourceforge/opencamera/MyPreferenceFragment.java|line:1436
ConsecutiveAppendsShouldReuse;PMD;/Users/rar9993/repos/research/fdroid_apps/native_apps/OpenCamera-Sensors/NONE_TRANSFORMED_;/Users/rar9993/repos/research/fdroid_apps/native_apps/OpenCamera-Sensors/app/src/main/java/net/sourceforge/opencamera/MyPreferenceFragment.java;file:/Users/rar9993/repos/research/fdroid_apps/native_apps/OpenCamera-Sensors/app/src/main/java/net/sourceforge/opencamera/MyPreferenceFragment.java|line:1437
ConsecutiveAppendsShouldReuse;PMD;/Users/rar9993/repos/research/fdroid_apps/native_apps/OpenCamera-Sensors/NONE_TRANSFORMED_;/Users/rar9993/repos/research/fdroid_apps/native_apps/OpenCamera-Sensors/app/src/main/java/net/sourceforge/opencamera/MyPreferenceFragment.java;file:/Users/rar9993/repos/research/fdroid_apps/native_apps/OpenCamera-Sensors/app/src/main/java/net/sourceforge/opencamera/MyPreferenceFragment.java|line:1438
ConsecutiveAppendsShouldReuse;PMD;/Users/rar9993/repos/research/fdroid_apps/native_apps/OpenCamera-Sensors/NONE_TRANSFORMED_;/Users/rar9993/repos/research/fdroid_apps/native_apps/OpenCamera-Sensors/app/src/main/java/net/sourceforge/opencamera/MyPreferenceFragment.java;file:/Users/rar9993/repos/research/fdroid_apps/native_apps/OpenCamera-Sensors/app/src/main/java/net/sourceforge/opencamera/MyPreferenceFragment.java|line:1444
ConsecutiveAppendsShouldReuse;PMD;/Users/rar9993/repos/research/fdroid_apps/native_apps/OpenCamera-Sensors/NONE_TRANSFORMED_;/Users/rar9993/repos/research/fdroid_apps/native_apps/OpenCamera-Sensors/app/src/main/java/net/sourceforge/opencamera/MyPreferenceFragment.java;file:/Users/rar9993/repos/research/fdroid_apps/native_apps/OpenCamera-Sensors/app/src/main/java/net/sourceforge/opencamera/MyPreferenceFragment.java|line:1445
ConsecutiveAppendsShouldReuse;PMD;/Users/rar9993/repos/research/fdroid_apps/native_apps/OpenCamera-Sensors/NONE_TRANSFORMED_;/Users/rar9993/repos/research/fdroid_apps/native_apps/OpenCamera-Sensors/app/src/main/java/net/sourceforge/opencamera/MyPreferenceFragment.java;file:/Users/rar9993/repos/research/fdroid_apps/native_apps/OpenCamera-Sensors/app/src/main/java/net/sourceforge/opencamera/MyPreferenceFragment.java|line:1446
ConsecutiveAppendsShouldReuse;PMD;/Users/rar9993/repos/research/fdroid_apps/native_apps/OpenCamera-Sensors/NONE_TRANSFORMED_;/Users/rar9993/repos/research/fdroid_apps/native_apps/OpenCamera-Sensors/app/src/main/java/net/sourceforge/opencamera/MyPreferenceFragment.java;file:/Users/rar9993/repos/research/fdroid_apps/native_apps/OpenCamera-Sensors/app/src/main/java/net/sourceforge/opencamera/MyPreferenceFragment.java|line:1451
ConsecutiveAppendsShouldReuse;PMD;/Users/rar9993/repos/research/fdroid_apps/native_apps/OpenCamera-Sensors/NONE_TRANSFORMED_;/Users/rar9993/repos/research/fdroid_apps/native_apps/OpenCamera-Sensors/app/src/main/java/net/sourceforge/opencamera/MyPreferenceFragment.java;file:/Users/rar9993/repos/research/fdroid_apps/native_apps/OpenCamera-Sensors/app/src/main/java/net/sourceforge/opencamera/MyPreferenceFragment.java|line:1452
ConsecutiveAppendsShouldReuse;PMD;/Users/rar9993/repos/research/fdroid_apps/native_apps/OpenCamera-Sensors/NONE_TRANSFORMED_;/Users/rar9993/repos/research/fdroid_apps/native_apps/OpenCamera-Sensors/app/src/main/java/net/sourceforge/opencamera/MyPreferenceFragment.java;file:/Users/rar9993/repos/research/fdroid_apps/native_apps/OpenCamera-Sensors/app/src/main/java/net/sourceforge/opencamera/MyPreferenceFragment.java|line:1455
ConsecutiveAppendsShouldReuse;PMD;/Users/rar9993/repos/research/fdroid_apps/native_apps/OpenCamera-Sensors/NONE_TRANSFORMED_;/Users/rar9993/repos/research/fdroid_apps/native_apps/OpenCamera-Sensors/app/src/main/java/net/sourceforge/opencamera/MyPreferenceFragment.java;file:/Users/rar9993/repos/research/fdroid_apps/native_apps/OpenCamera-Sensors/app/src/main/java/net/sourceforge/opencamera/MyPreferenceFragment.java|line:1456
ConsecutiveAppendsShouldReuse;PMD;/Users/rar9993/repos/research/fdroid_apps/native_apps/OpenCamera-Sensors/NONE_TRANSFORMED_;/Users/rar9993/repos/research/fdroid_apps/native_apps/OpenCamera-Sensors/app/src/main/java/net/sourceforge/opencamera/MyPreferenceFragment.java;file:/Users/rar9993/repos/research/fdroid_apps/native_apps/OpenCamera-Sensors/app/src/main/java/net/sourceforge/opencamera/MyPreferenceFragment.java|line:1459
ConsecutiveAppendsShouldReuse;PMD;/Users/rar9993/repos/research/fdroid_apps/native_apps/OpenCamera-Sensors/NONE_TRANSFORMED_;/Users/rar9993/repos/research/fdroid_apps/native_apps/OpenCamera-Sensors/app/src/main/java/net/sourceforge/opencamera/MyPreferenceFragment.java;file:/Users/rar9993/repos/research/fdroid_apps/native_apps/OpenCamera-Sensors/app/src/main/java/net/sourceforge/opencamera/MyPreferenceFragment.java|line:1460
ConsecutiveAppendsShouldReuse;PMD;/Users/rar9993/repos/research/fdroid_apps/native_apps/OpenCamera-Sensors/NONE_TRANSFORMED_;/Users/rar9993/repos/research/fdroid_apps/native_apps/OpenCamera-Sensors/app/src/main/java/net/sourceforge/opencamera/MyPreferenceFragment.java;file:/Users/rar9993/repos/research/fdroid_apps/native_apps/OpenCamera-Sensors/app/src/main/java/net/sourceforge/opencamera/MyPreferenceFragment.java|line:1464
ConsecutiveAppendsShouldReuse;PMD;/Users/rar9993/repos/research/fdroid_apps/native_apps/OpenCamera-Sensors/NONE_TRANSFORMED_;/Users/rar9993/repos/research/fdroid_apps/native_apps/OpenCamera-Sensors/app/src/main/java/net/sourceforge/opencamera/MyPreferenceFragment.java;file:/Users/rar9993/repos/research/fdroid_apps/native_apps/OpenCamera-Sensors/app/src/main/java/net/sourceforge/opencamera/MyPreferenceFragment.java|line:1546
ConsecutiveAppendsShouldReuse;PMD;/Users/rar9993/repos/research/fdroid_apps/native_apps/OpenCamera-Sensors/NONE_TRANSFORMED_;/Users/rar9993/repos/research/fdroid_apps/native_apps/OpenCamera-Sensors/app/src/main/java/net/sourceforge/opencamera/MyPreferenceFragment.java;file:/Users/rar9993/repos/research/fdroid_apps/native_apps/OpenCamera-Sensors/app/src/main/java/net/sourceforge/opencamera/MyPreferenceFragment.java|line:1552
ConsecutiveAppendsShouldReuse;PMD;/Users/rar9993/repos/research/fdroid_apps/native_apps/OpenCamera-Sensors/NONE_TRANSFORMED_;/Users/rar9993/repos/research/fdroid_apps/native_apps/OpenCamera-Sensors/app/src/main/java/net/sourceforge/opencamera/MyPreferenceFragment.java;file:/Users/rar9993/repos/research/fdroid_apps/native_apps/OpenCamera-Sensors/app/src/main/java/net/sourceforge/opencamera/MyPreferenceFragment.java|line:1553
ConsecutiveAppendsShouldReuse;PMD;/Users/rar9993/repos/research/fdroid_apps/native_apps/OpenCamera-Sensors/NONE_TRANSFORMED_;/Users/rar9993/repos/research/fdroid_apps/native_apps/OpenCamera-Sensors/app/src/main/java/net/sourceforge/opencamera/MyPreferenceFragment.java;file:/Users/rar9993/repos/research/fdroid_apps/native_apps/OpenCamera-Sensors/app/src/main/java/net/sourceforge/opencamera/MyPreferenceFragment.java|line:1558
ConsecutiveAppendsShouldReuse;PMD;/Users/rar9993/repos/research/fdroid_apps/native_apps/OpenCamera-Sensors/NONE_TRANSFORMED_;/Users/rar9993/repos/research/fdroid_apps/native_apps/OpenCamera-Sensors/app/src/main/java/net/sourceforge/opencamera/MyPreferenceFragment.java;file:/Users/rar9993/repos/research/fdroid_apps/native_apps/OpenCamera-Sensors/app/src/main/java/net/sourceforge/opencamera/MyPreferenceFragment.java|line:1561
ConsecutiveAppendsShouldReuse;PMD;/Users/rar9993/repos/research/fdroid_apps/native_apps/OpenCamera-Sensors/NONE_TRANSFORMED_;/Users/rar9993/repos/research/fdroid_apps/native_apps/OpenCamera-Sensors/app/src/main/java/net/sourceforge/opencamera/MyPreferenceFragment.java;file:/Users/rar9993/repos/research/fdroid_apps/native_apps/OpenCamera-Sensors/app/src/main/java/net/sourceforge/opencamera/MyPreferenceFragment.java|line:1562
AvoidInstantiatingObjectsInLoops;PMD;/Users/rar9993/repos/research/fdroid_apps/native_apps/OpenCamera-Sensors/NONE_TRANSFORMED_;/Users/rar9993/repos/research/fdroid_apps/native_apps/OpenCamera-Sensors/app/src/main/java/net/sourceforge/opencamera/MyWidgetProvider.java;file:/Users/rar9993/repos/research/fdroid_apps/native_apps/OpenCamera-Sensors/app/src/main/java/net/sourceforge/opencamera/MyWidgetProvider.java|line:47
AvoidInstantiatingObjectsInLoops;PMD;/Users/rar9993/repos/research/fdroid_apps/native_apps/OpenCamera-Sensors/NONE_TRANSFORMED_;/Users/rar9993/repos/research/fdroid_apps/native_apps/OpenCamera-Sensors/app/src/main/java/net/sourceforge/opencamera/MyWidgetProvider.java;file:/Users/rar9993/repos/research/fdroid_apps/native_apps/OpenCamera-Sensors/app/src/main/java/net/sourceforge/opencamera/MyWidgetProvider.java|line:51
AvoidInstantiatingObjectsInLoops;PMD;/Users/rar9993/repos/research/fdroid_apps/native_apps/OpenCamera-Sensors/NONE_TRANSFORMED_;/Users/rar9993/repos/research/fdroid_apps/native_apps/OpenCamera-Sensors/app/src/main/java/net/sourceforge/opencamera/MyWidgetProviderTakePhoto.java;file:/Users/rar9993/repos/research/fdroid_apps/native_apps/OpenCamera-Sensors/app/src/main/java/net/sourceforge/opencamera/MyWidgetProviderTakePhoto.java|line:28
AvoidInstantiatingObjectsInLoops;PMD;/Users/rar9993/repos/research/fdroid_apps/native_apps/OpenCamera-Sensors/NONE_TRANSFORMED_;/Users/rar9993/repos/research/fdroid_apps/native_apps/OpenCamera-Sensors/app/src/main/java/net/sourceforge/opencamera/MyWidgetProviderTakePhoto.java;file:/Users/rar9993/repos/research/fdroid_apps/native_apps/OpenCamera-Sensors/app/src/main/java/net/sourceforge/opencamera/MyWidgetProviderTakePhoto.java|line:31
RedundantFieldInitializer;PMD;/Users/rar9993/repos/research/fdroid_apps/native_apps/OpenCamera-Sensors/NONE_TRANSFORMED_;/Users/rar9993/repos/research/fdroid_apps/native_apps/OpenCamera-Sensors/app/src/main/java/net/sourceforge/opencamera/PanoramaProcessor.java;file:/Users/rar9993/repos/research/fdroid_apps/native_apps/OpenCamera-Sensors/app/src/main/java/net/sourceforge/opencamera/PanoramaProcessor.java|line:43
RedundantFieldInitializer;PMD;/Users/rar9993/repos/research/fdroid_apps/native_apps/OpenCamera-Sensors/NONE_TRANSFORMED_;/Users/rar9993/repos/research/fdroid_apps/native_apps/OpenCamera-Sensors/app/src/main/java/net/sourceforge/opencamera/PanoramaProcessor.java;file:/Users/rar9993/repos/research/fdroid_apps/native_apps/OpenCamera-Sensors/app/src/main/java/net/sourceforge/opencamera/PanoramaProcessor.java|line:44
AvoidFileStream;PMD;/Users/rar9993/repos/research/fdroid_apps/native_apps/OpenCamera-Sensors/NONE_TRANSFORMED_;/Users/rar9993/repos/research/fdroid_apps/native_apps/OpenCamera-Sensors/app/src/main/java/net/sourceforge/opencamera/PanoramaProcessor.java;file:/Users/rar9993/repos/research/fdroid_apps/native_apps/OpenCamera-Sensors/app/src/main/java/net/sourceforge/opencamera/PanoramaProcessor.java|line:485
AvoidInstantiatingObjectsInLoops;PMD;/Users/rar9993/repos/research/fdroid_apps/native_apps/OpenCamera-Sensors/NONE_TRANSFORMED_;/Users/rar9993/repos/research/fdroid_apps/native_apps/OpenCamera-Sensors/app/src/main/java/net/sourceforge/opencamera/PanoramaProcessor.java;file:/Users/rar9993/repos/research/fdroid_apps/native_apps/OpenCamera-Sensors/app/src/main/java/net/sourceforge/opencamera/PanoramaProcessor.java|line:1090
AvoidInstantiatingObjectsInLoops;PMD;/Users/rar9993/repos/research/fdroid_apps/native_apps/OpenCamera-Sensors/NONE_TRANSFORMED_;/Users/rar9993/repos/research/fdroid_apps/native_apps/OpenCamera-Sensors/app/src/main/java/net/sourceforge/opencamera/PanoramaProcessor.java;file:/Users/rar9993/repos/research/fdroid_apps/native_apps/OpenCamera-Sensors/app/src/main/java/net/sourceforge/opencamera/PanoramaProcessor.java|line:1092
AvoidInstantiatingObjectsInLoops;PMD;/Users/rar9993/repos/research/fdroid_apps/native_apps/OpenCamera-Sensors/NONE_TRANSFORMED_;/Users/rar9993/repos/research/fdroid_apps/native_apps/OpenCamera-Sensors/app/src/main/java/net/sourceforge/opencamera/PanoramaProcessor.java;file:/Users/rar9993/repos/research/fdroid_apps/native_apps/OpenCamera-Sensors/app/src/main/java/net/sourceforge/opencamera/PanoramaProcessor.java|line:1115
AvoidInstantiatingObjectsInLoops;PMD;/Users/rar9993/repos/research/fdroid_apps/native_apps/OpenCamera-Sensors/NONE_TRANSFORMED_;/Users/rar9993/repos/research/fdroid_apps/native_apps/OpenCamera-Sensors/app/src/main/java/net/sourceforge/opencamera/PanoramaProcessor.java;file:/Users/rar9993/repos/research/fdroid_apps/native_apps/OpenCamera-Sensors/app/src/main/java/net/sourceforge/opencamera/PanoramaProcessor.java|line:1123
AvoidInstantiatingObjectsInLoops;PMD;/Users/rar9993/repos/research/fdroid_apps/native_apps/OpenCamera-Sensors/NONE_TRANSFORMED_;/Users/rar9993/repos/research/fdroid_apps/native_apps/OpenCamera-Sensors/app/src/main/java/net/sourceforge/opencamera/PanoramaProcessor.java;file:/Users/rar9993/repos/research/fdroid_apps/native_apps/OpenCamera-Sensors/app/src/main/java/net/sourceforge/opencamera/PanoramaProcessor.java|line:1129
AvoidInstantiatingObjectsInLoops;PMD;/Users/rar9993/repos/research/fdroid_apps/native_apps/OpenCamera-Sensors/NONE_TRANSFORMED_;/Users/rar9993/repos/research/fdroid_apps/native_apps/OpenCamera-Sensors/app/src/main/java/net/sourceforge/opencamera/PanoramaProcessor.java;file:/Users/rar9993/repos/research/fdroid_apps/native_apps/OpenCamera-Sensors/app/src/main/java/net/sourceforge/opencamera/PanoramaProcessor.java|line:1248
AvoidFileStream;PMD;/Users/rar9993/repos/research/fdroid_apps/native_apps/OpenCamera-Sensors/NONE_TRANSFORMED_;/Users/rar9993/repos/research/fdroid_apps/native_apps/OpenCamera-Sensors/app/src/main/java/net/sourceforge/opencamera/PanoramaProcessor.java;file:/Users/rar9993/repos/research/fdroid_apps/native_apps/OpenCamera-Sensors/app/src/main/java/net/sourceforge/opencamera/PanoramaProcessor.java|line:1956
AvoidInstantiatingObjectsInLoops;PMD;/Users/rar9993/repos/research/fdroid_apps/native_apps/OpenCamera-Sensors/NONE_TRANSFORMED_;/Users/rar9993/repos/research/fdroid_apps/native_apps/OpenCamera-Sensors/app/src/main/java/net/sourceforge/opencamera/PanoramaProcessor.java;file:/Users/rar9993/repos/research/fdroid_apps/native_apps/OpenCamera-Sensors/app/src/main/java/net/sourceforge/opencamera/PanoramaProcessor.java|line:2351
AvoidInstantiatingObjectsInLoops;PMD;/Users/rar9993/repos/research/fdroid_apps/native_apps/OpenCamera-Sensors/NONE_TRANSFORMED_;/Users/rar9993/repos/research/fdroid_apps/native_apps/OpenCamera-Sensors/app/src/main/java/net/sourceforge/opencamera/PanoramaProcessor.java;file:/Users/rar9993/repos/research/fdroid_apps/native_apps/OpenCamera-Sensors/app/src/main/java/net/sourceforge/opencamera/PanoramaProcessor.java|line:2580
AvoidInstantiatingObjectsInLoops;PMD;/Users/rar9993/repos/research/fdroid_apps/native_apps/OpenCamera-Sensors/NONE_TRANSFORMED_;/Users/rar9993/repos/research/fdroid_apps/native_apps/OpenCamera-Sensors/app/src/main/java/net/sourceforge/opencamera/PanoramaProcessor.java;file:/Users/rar9993/repos/research/fdroid_apps/native_apps/OpenCamera-Sensors/app/src/main/java/net/sourceforge/opencamera/PanoramaProcessor.java|line:2622
AvoidInstantiatingObjectsInLoops;PMD;/Users/rar9993/repos/research/fdroid_apps/native_apps/OpenCamera-Sensors/NONE_TRANSFORMED_;/Users/rar9993/repos/research/fdroid_apps/native_apps/OpenCamera-Sensors/app/src/main/java/net/sourceforge/opencamera/PanoramaProcessor.java;file:/Users/rar9993/repos/research/fdroid_apps/native_apps/OpenCamera-Sensors/app/src/main/java/net/sourceforge/opencamera/PanoramaProcessor.java|line:2663
AvoidInstantiatingObjectsInLoops;PMD;/Users/rar9993/repos/research/fdroid_apps/native_apps/OpenCamera-Sensors/NONE_TRANSFORMED_;/Users/rar9993/repos/research/fdroid_apps/native_apps/OpenCamera-Sensors/app/src/main/java/net/sourceforge/opencamera/PanoramaProcessor.java;file:/Users/rar9993/repos/research/fdroid_apps/native_apps/OpenCamera-Sensors/app/src/main/java/net/sourceforge/opencamera/PanoramaProcessor.java|line:2664
AvoidInstantiatingObjectsInLoops;PMD;/Users/rar9993/repos/research/fdroid_apps/native_apps/OpenCamera-Sensors/NONE_TRANSFORMED_;/Users/rar9993/repos/research/fdroid_apps/native_apps/OpenCamera-Sensors/app/src/main/java/net/sourceforge/opencamera/PanoramaProcessor.java;file:/Users/rar9993/repos/research/fdroid_apps/native_apps/OpenCamera-Sensors/app/src/main/java/net/sourceforge/opencamera/PanoramaProcessor.java|line:2682
AvoidInstantiatingObjectsInLoops;PMD;/Users/rar9993/repos/research/fdroid_apps/native_apps/OpenCamera-Sensors/NONE_TRANSFORMED_;/Users/rar9993/repos/research/fdroid_apps/native_apps/OpenCamera-Sensors/app/src/main/java/net/sourceforge/opencamera/PanoramaProcessor.java;file:/Users/rar9993/repos/research/fdroid_apps/native_apps/OpenCamera-Sensors/app/src/main/java/net/sourceforge/opencamera/PanoramaProcessor.java|line:2700
AvoidInstantiatingObjectsInLoops;PMD;/Users/rar9993/repos/research/fdroid_apps/native_apps/OpenCamera-Sensors/NONE_TRANSFORMED_;/Users/rar9993/repos/research/fdroid_apps/native_apps/OpenCamera-Sensors/app/src/main/java/net/sourceforge/opencamera/PanoramaProcessor.java;file:/Users/rar9993/repos/research/fdroid_apps/native_apps/OpenCamera-Sensors/app/src/main/java/net/sourceforge/opencamera/PanoramaProcessor.java|line:2860
AvoidInstantiatingObjectsInLoops;PMD;/Users/rar9993/repos/research/fdroid_apps/native_apps/OpenCamera-Sensors/NONE_TRANSFORMED_;/Users/rar9993/repos/research/fdroid_apps/native_apps/OpenCamera-Sensors/app/src/main/java/net/sourceforge/opencamera/PanoramaProcessor.java;file:/Users/rar9993/repos/research/fdroid_apps/native_apps/OpenCamera-Sensors/app/src/main/java/net/sourceforge/opencamera/PanoramaProcessor.java|line:2889
AvoidInstantiatingObjectsInLoops;PMD;/Users/rar9993/repos/research/fdroid_apps/native_apps/OpenCamera-Sensors/NONE_TRANSFORMED_;/Users/rar9993/repos/research/fdroid_apps/native_apps/OpenCamera-Sensors/app/src/main/java/net/sourceforge/opencamera/PanoramaProcessor.java;file:/Users/rar9993/repos/research/fdroid_apps/native_apps/OpenCamera-Sensors/app/src/main/java/net/sourceforge/opencamera/PanoramaProcessor.java|line:3026
AvoidFileStream;PMD;/Users/rar9993/repos/research/fdroid_apps/native_apps/OpenCamera-Sensors/NONE_TRANSFORMED_;/Users/rar9993/repos/research/fdroid_apps/native_apps/OpenCamera-Sensors/app/src/main/java/net/sourceforge/opencamera/SettingsManager.java;file:/Users/rar9993/repos/research/fdroid_apps/native_apps/OpenCamera-Sensors/app/src/main/java/net/sourceforge/opencamera/SettingsManager.java|line:50
TooFewBranchesForSwitch;PMD;/Users/rar9993/repos/research/fdroid_apps/native_apps/OpenCamera-Sensors/NONE_TRANSFORMED_;/Users/rar9993/repos/research/fdroid_apps/native_apps/OpenCamera-Sensors/app/src/main/java/net/sourceforge/opencamera/SettingsManager.java;file:/Users/rar9993/repos/research/fdroid_apps/native_apps/OpenCamera-Sensors/app/src/main/java/net/sourceforge/opencamera/SettingsManager.java|line:175
AvoidFileStream;PMD;/Users/rar9993/repos/research/fdroid_apps/native_apps/OpenCamera-Sensors/NONE_TRANSFORMED_;/Users/rar9993/repos/research/fdroid_apps/native_apps/OpenCamera-Sensors/app/src/main/java/net/sourceforge/opencamera/SettingsManager.java;file:/Users/rar9993/repos/research/fdroid_apps/native_apps/OpenCamera-Sensors/app/src/main/java/net/sourceforge/opencamera/SettingsManager.java|line:209
AvoidInstantiatingObjectsInLoops;PMD;/Users/rar9993/repos/research/fdroid_apps/native_apps/OpenCamera-Sensors/NONE_TRANSFORMED_;/Users/rar9993/repos/research/fdroid_apps/native_apps/OpenCamera-Sensors/app/src/main/java/net/sourceforge/opencamera/StorageUtils.java;file:/Users/rar9993/repos/research/fdroid_apps/native_apps/OpenCamera-Sensors/app/src/main/java/net/sourceforge/opencamera/StorageUtils.java|line:480
AvoidInstantiatingObjectsInLoops;PMD;/Users/rar9993/repos/research/fdroid_apps/native_apps/OpenCamera-Sensors/NONE_TRANSFORMED_;/Users/rar9993/repos/research/fdroid_apps/native_apps/OpenCamera-Sensors/app/src/main/java/net/sourceforge/opencamera/StorageUtils.java;file:/Users/rar9993/repos/research/fdroid_apps/native_apps/OpenCamera-Sensors/app/src/main/java/net/sourceforge/opencamera/StorageUtils.java|line:737
UseIndexOfChar;PMD;/Users/rar9993/repos/research/fdroid_apps/native_apps/OpenCamera-Sensors/NONE_TRANSFORMED_;/Users/rar9993/repos/research/fdroid_apps/native_apps/OpenCamera-Sensors/app/src/main/java/net/sourceforge/opencamera/StorageUtils.java;file:/Users/rar9993/repos/research/fdroid_apps/native_apps/OpenCamera-Sensors/app/src/main/java/net/sourceforge/opencamera/StorageUtils.java|line:912
UseIndexOfChar;PMD;/Users/rar9993/repos/research/fdroid_apps/native_apps/OpenCamera-Sensors/NONE_TRANSFORMED_;/Users/rar9993/repos/research/fdroid_apps/native_apps/OpenCamera-Sensors/app/src/main/java/net/sourceforge/opencamera/StorageUtils.java;file:/Users/rar9993/repos/research/fdroid_apps/native_apps/OpenCamera-Sensors/app/src/main/java/net/sourceforge/opencamera/StorageUtils.java|line:913
UseStringBufferForStringAppends;PMD;/Users/rar9993/repos/research/fdroid_apps/native_apps/OpenCamera-Sensors/NONE_TRANSFORMED_;/Users/rar9993/repos/research/fdroid_apps/native_apps/OpenCamera-Sensors/app/src/main/java/net/sourceforge/opencamera/StorageUtils.java;file:/Users/rar9993/repos/research/fdroid_apps/native_apps/OpenCamera-Sensors/app/src/main/java/net/sourceforge/opencamera/StorageUtils.java|line:964
UseStringBufferForStringAppends;PMD;/Users/rar9993/repos/research/fdroid_apps/native_apps/OpenCamera-Sensors/NONE_TRANSFORMED_;/Users/rar9993/repos/research/fdroid_apps/native_apps/OpenCamera-Sensors/app/src/main/java/net/sourceforge/opencamera/StorageUtils.java;file:/Users/rar9993/repos/research/fdroid_apps/native_apps/OpenCamera-Sensors/app/src/main/java/net/sourceforge/opencamera/StorageUtils.java|line:965
UseStringBufferForStringAppends;PMD;/Users/rar9993/repos/research/fdroid_apps/native_apps/OpenCamera-Sensors/NONE_TRANSFORMED_;/Users/rar9993/repos/research/fdroid_apps/native_apps/OpenCamera-Sensors/app/src/main/java/net/sourceforge/opencamera/StorageUtils.java;file:/Users/rar9993/repos/research/fdroid_apps/native_apps/OpenCamera-Sensors/app/src/main/java/net/sourceforge/opencamera/StorageUtils.java|line:970
UseStringBufferForStringAppends;PMD;/Users/rar9993/repos/research/fdroid_apps/native_apps/OpenCamera-Sensors/NONE_TRANSFORMED_;/Users/rar9993/repos/research/fdroid_apps/native_apps/OpenCamera-Sensors/app/src/main/java/net/sourceforge/opencamera/TextFormatter.java;file:/Users/rar9993/repos/research/fdroid_apps/native_apps/OpenCamera-Sensors/app/src/main/java/net/sourceforge/opencamera/TextFormatter.java|line:92
UseStringBufferForStringAppends;PMD;/Users/rar9993/repos/research/fdroid_apps/native_apps/OpenCamera-Sensors/NONE_TRANSFORMED_;/Users/rar9993/repos/research/fdroid_apps/native_apps/OpenCamera-Sensors/app/src/main/java/net/sourceforge/opencamera/TextFormatter.java;file:/Users/rar9993/repos/research/fdroid_apps/native_apps/OpenCamera-Sensors/app/src/main/java/net/sourceforge/opencamera/TextFormatter.java|line:94
UseStringBufferForStringAppends;PMD;/Users/rar9993/repos/research/fdroid_apps/native_apps/OpenCamera-Sensors/NONE_TRANSFORMED_;/Users/rar9993/repos/research/fdroid_apps/native_apps/OpenCamera-Sensors/app/src/main/java/net/sourceforge/opencamera/TextFormatter.java;file:/Users/rar9993/repos/research/fdroid_apps/native_apps/OpenCamera-Sensors/app/src/main/java/net/sourceforge/opencamera/TextFormatter.java|line:96
UseStringBufferForStringAppends;PMD;/Users/rar9993/repos/research/fdroid_apps/native_apps/OpenCamera-Sensors/NONE_TRANSFORMED_;/Users/rar9993/repos/research/fdroid_apps/native_apps/OpenCamera-Sensors/app/src/main/java/net/sourceforge/opencamera/TextFormatter.java;file:/Users/rar9993/repos/research/fdroid_apps/native_apps/OpenCamera-Sensors/app/src/main/java/net/sourceforge/opencamera/TextFormatter.java|line:107
UseStringBufferForStringAppends;PMD;/Users/rar9993/repos/research/fdroid_apps/native_apps/OpenCamera-Sensors/NONE_TRANSFORMED_;/Users/rar9993/repos/research/fdroid_apps/native_apps/OpenCamera-Sensors/app/src/main/java/net/sourceforge/opencamera/TextFormatter.java;file:/Users/rar9993/repos/research/fdroid_apps/native_apps/OpenCamera-Sensors/app/src/main/java/net/sourceforge/opencamera/TextFormatter.java|line:108
AddEmptyString;PMD;/Users/rar9993/repos/research/fdroid_apps/native_apps/OpenCamera-Sensors/NONE_TRANSFORMED_;/Users/rar9993/repos/research/fdroid_apps/native_apps/OpenCamera-Sensors/app/src/main/java/net/sourceforge/opencamera/TextFormatter.java;file:/Users/rar9993/repos/research/fdroid_apps/native_apps/OpenCamera-Sensors/app/src/main/java/net/sourceforge/opencamera/TextFormatter.java|line:108
AppendCharacterWithChar;PMD;/Users/rar9993/repos/research/fdroid_apps/native_apps/OpenCamera-Sensors/NONE_TRANSFORMED_;/Users/rar9993/repos/research/fdroid_apps/native_apps/OpenCamera-Sensors/app/src/main/java/net/sourceforge/opencamera/cameracontroller/CameraController.java;file:/Users/rar9993/repos/research/fdroid_apps/native_apps/OpenCamera-Sensors/app/src/main/java/net/sourceforge/opencamera/cameracontroller/CameraController.java|line:213
AppendCharacterWithChar;PMD;/Users/rar9993/repos/research/fdroid_apps/native_apps/OpenCamera-Sensors/NONE_TRANSFORMED_;/Users/rar9993/repos/research/fdroid_apps/native_apps/OpenCamera-Sensors/app/src/main/java/net/sourceforge/opencamera/cameracontroller/CameraController.java;file:/Users/rar9993/repos/research/fdroid_apps/native_apps/OpenCamera-Sensors/app/src/main/java/net/sourceforge/opencamera/cameracontroller/CameraController.java|line:213
AvoidInstantiatingObjectsInLoops;PMD;/Users/rar9993/repos/research/fdroid_apps/native_apps/OpenCamera-Sensors/NONE_TRANSFORMED_;/Users/rar9993/repos/research/fdroid_apps/native_apps/OpenCamera-Sensors/app/src/main/java/net/sourceforge/opencamera/cameracontroller/CameraController1.java;file:/Users/rar9993/repos/research/fdroid_apps/native_apps/OpenCamera-Sensors/app/src/main/java/net/sourceforge/opencamera/cameracontroller/CameraController1.java|line:333
AvoidInstantiatingObjectsInLoops;PMD;/Users/rar9993/repos/research/fdroid_apps/native_apps/OpenCamera-Sensors/NONE_TRANSFORMED_;/Users/rar9993/repos/research/fdroid_apps/native_apps/OpenCamera-Sensors/app/src/main/java/net/sourceforge/opencamera/cameracontroller/CameraController1.java;file:/Users/rar9993/repos/research/fdroid_apps/native_apps/OpenCamera-Sensors/app/src/main/java/net/sourceforge/opencamera/cameracontroller/CameraController1.java|line:371
AvoidInstantiatingObjectsInLoops;PMD;/Users/rar9993/repos/research/fdroid_apps/native_apps/OpenCamera-Sensors/NONE_TRANSFORMED_;/Users/rar9993/repos/research/fdroid_apps/native_apps/OpenCamera-Sensors/app/src/main/java/net/sourceforge/opencamera/cameracontroller/CameraController1.java;file:/Users/rar9993/repos/research/fdroid_apps/native_apps/OpenCamera-Sensors/app/src/main/java/net/sourceforge/opencamera/cameracontroller/CameraController1.java|line:379
RedundantFieldInitializer;PMD;/Users/rar9993/repos/research/fdroid_apps/native_apps/OpenCamera-Sensors/NONE_TRANSFORMED_;/Users/rar9993/repos/research/fdroid_apps/native_apps/OpenCamera-Sensors/app/src/main/java/net/sourceforge/opencamera/cameracontroller/CameraController1.java;file:/Users/rar9993/repos/research/fdroid_apps/native_apps/OpenCamera-Sensors/app/src/main/java/net/sourceforge/opencamera/cameracontroller/CameraController1.java|line:1572
TooFewBranchesForSwitch;PMD;/Users/rar9993/repos/research/fdroid_apps/native_apps/OpenCamera-Sensors/NONE_TRANSFORMED_;/Users/rar9993/repos/research/fdroid_apps/native_apps/OpenCamera-Sensors/app/src/main/java/net/sourceforge/opencamera/cameracontroller/CameraController1.java;file:/Users/rar9993/repos/research/fdroid_apps/native_apps/OpenCamera-Sensors/app/src/main/java/net/sourceforge/opencamera/cameracontroller/CameraController1.java|line:1886
RedundantFieldInitializer;PMD;/Users/rar9993/repos/research/fdroid_apps/native_apps/OpenCamera-Sensors/NONE_TRANSFORMED_;/Users/rar9993/repos/research/fdroid_apps/native_apps/OpenCamera-Sensors/app/src/main/java/net/sourceforge/opencamera/cameracontroller/CameraController2.java;file:/Users/rar9993/repos/research/fdroid_apps/native_apps/OpenCamera-Sensors/app/src/main/java/net/sourceforge/opencamera/cameracontroller/CameraController2.java|line:70
RedundantFieldInitializer;PMD;/Users/rar9993/repos/research/fdroid_apps/native_apps/OpenCamera-Sensors/NONE_TRANSFORMED_;/Users/rar9993/repos/research/fdroid_apps/native_apps/OpenCamera-Sensors/app/src/main/java/net/sourceforge/opencamera/cameracontroller/CameraController2.java;file:/Users/rar9993/repos/research/fdroid_apps/native_apps/OpenCamera-Sensors/app/src/main/java/net/sourceforge/opencamera/cameracontroller/CameraController2.java|line:176
RedundantFieldInitializer;PMD;/Users/rar9993/repos/research/fdroid_apps/native_apps/OpenCamera-Sensors/NONE_TRANSFORMED_;/Users/rar9993/repos/research/fdroid_apps/native_apps/OpenCamera-Sensors/app/src/main/java/net/sourceforge/opencamera/cameracontroller/CameraController2.java;file:/Users/rar9993/repos/research/fdroid_apps/native_apps/OpenCamera-Sensors/app/src/main/java/net/sourceforge/opencamera/cameracontroller/CameraController2.java|line:177
RedundantFieldInitializer;PMD;/Users/rar9993/repos/research/fdroid_apps/native_apps/OpenCamera-Sensors/NONE_TRANSFORMED_;/Users/rar9993/repos/research/fdroid_apps/native_apps/OpenCamera-Sensors/app/src/main/java/net/sourceforge/opencamera/cameracontroller/CameraController2.java;file:/Users/rar9993/repos/research/fdroid_apps/native_apps/OpenCamera-Sensors/app/src/main/java/net/sourceforge/opencamera/cameracontroller/CameraController2.java|line:178
RedundantFieldInitializer;PMD;/Users/rar9993/repos/research/fdroid_apps/native_apps/OpenCamera-Sensors/NONE_TRANSFORMED_;/Users/rar9993/repos/research/fdroid_apps/native_apps/OpenCamera-Sensors/app/src/main/java/net/sourceforge/opencamera/cameracontroller/CameraController2.java;file:/Users/rar9993/repos/research/fdroid_apps/native_apps/OpenCamera-Sensors/app/src/main/java/net/sourceforge/opencamera/cameracontroller/CameraController2.java|line:187
RedundantFieldInitializer;PMD;/Users/rar9993/repos/research/fdroid_apps/native_apps/OpenCamera-Sensors/NONE_TRANSFORMED_;/Users/rar9993/repos/research/fdroid_apps/native_apps/OpenCamera-Sensors/app/src/main/java/net/sourceforge/opencamera/cameracontroller/CameraController2.java;file:/Users/rar9993/repos/research/fdroid_apps/native_apps/OpenCamera-Sensors/app/src/main/java/net/sourceforge/opencamera/cameracontroller/CameraController2.java|line:207
RedundantFieldInitializer;PMD;/Users/rar9993/repos/research/fdroid_apps/native_apps/OpenCamera-Sensors/NONE_TRANSFORMED_;/Users/rar9993/repos/research/fdroid_apps/native_apps/OpenCamera-Sensors/app/src/main/java/net/sourceforge/opencamera/cameracontroller/CameraController2.java;file:/Users/rar9993/repos/research/fdroid_apps/native_apps/OpenCamera-Sensors/app/src/main/java/net/sourceforge/opencamera/cameracontroller/CameraController2.java|line:1742
RedundantFieldInitializer;PMD;/Users/rar9993/repos/research/fdroid_apps/native_apps/OpenCamera-Sensors/NONE_TRANSFORMED_;/Users/rar9993/repos/research/fdroid_apps/native_apps/OpenCamera-Sensors/app/src/main/java/net/sourceforge/opencamera/cameracontroller/CameraController2.java;file:/Users/rar9993/repos/research/fdroid_apps/native_apps/OpenCamera-Sensors/app/src/main/java/net/sourceforge/opencamera/cameracontroller/CameraController2.java|line:1743
RedundantFieldInitializer;PMD;/Users/rar9993/repos/research/fdroid_apps/native_apps/OpenCamera-Sensors/NONE_TRANSFORMED_;/Users/rar9993/repos/research/fdroid_apps/native_apps/OpenCamera-Sensors/app/src/main/java/net/sourceforge/opencamera/cameracontroller/CameraController2.java;file:/Users/rar9993/repos/research/fdroid_apps/native_apps/OpenCamera-Sensors/app/src/main/java/net/sourceforge/opencamera/cameracontroller/CameraController2.java|line:1747
AvoidInstantiatingObjectsInLoops;PMD;/Users/rar9993/repos/research/fdroid_apps/native_apps/OpenCamera-Sensors/NONE_TRANSFORMED_;/Users/rar9993/repos/research/fdroid_apps/native_apps/OpenCamera-Sensors/app/src/main/java/net/sourceforge/opencamera/cameracontroller/CameraController2.java;file:/Users/rar9993/repos/research/fdroid_apps/native_apps/OpenCamera-Sensors/app/src/main/java/net/sourceforge/opencamera/cameracontroller/CameraController2.java|line:2143
AvoidInstantiatingObjectsInLoops;PMD;/Users/rar9993/repos/research/fdroid_apps/native_apps/OpenCamera-Sensors/NONE_TRANSFORMED_;/Users/rar9993/repos/research/fdroid_apps/native_apps/OpenCamera-Sensors/app/src/main/java/net/sourceforge/opencamera/cameracontroller/CameraController2.java;file:/Users/rar9993/repos/research/fdroid_apps/native_apps/OpenCamera-Sensors/app/src/main/java/net/sourceforge/opencamera/cameracontroller/CameraController2.java|line:2474
AvoidInstantiatingObjectsInLoops;PMD;/Users/rar9993/repos/research/fdroid_apps/native_apps/OpenCamera-Sensors/NONE_TRANSFORMED_;/Users/rar9993/repos/research/fdroid_apps/native_apps/OpenCamera-Sensors/app/src/main/java/net/sourceforge/opencamera/cameracontroller/CameraController2.java;file:/Users/rar9993/repos/research/fdroid_apps/native_apps/OpenCamera-Sensors/app/src/main/java/net/sourceforge/opencamera/cameracontroller/CameraController2.java|line:2490
AvoidInstantiatingObjectsInLoops;PMD;/Users/rar9993/repos/research/fdroid_apps/native_apps/OpenCamera-Sensors/NONE_TRANSFORMED_;/Users/rar9993/repos/research/fdroid_apps/native_apps/OpenCamera-Sensors/app/src/main/java/net/sourceforge/opencamera/cameracontroller/CameraController2.java;file:/Users/rar9993/repos/research/fdroid_apps/native_apps/OpenCamera-Sensors/app/src/main/java/net/sourceforge/opencamera/cameracontroller/CameraController2.java|line:2560
AvoidInstantiatingObjectsInLoops;PMD;/Users/rar9993/repos/research/fdroid_apps/native_apps/OpenCamera-Sensors/NONE_TRANSFORMED_;/Users/rar9993/repos/research/fdroid_apps/native_apps/OpenCamera-Sensors/app/src/main/java/net/sourceforge/opencamera/cameracontroller/CameraController2.java;file:/Users/rar9993/repos/research/fdroid_apps/native_apps/OpenCamera-Sensors/app/src/main/java/net/sourceforge/opencamera/cameracontroller/CameraController2.java|line:2562
AvoidInstantiatingObjectsInLoops;PMD;/Users/rar9993/repos/research/fdroid_apps/native_apps/OpenCamera-Sensors/NONE_TRANSFORMED_;/Users/rar9993/repos/research/fdroid_apps/native_apps/OpenCamera-Sensors/app/src/main/java/net/sourceforge/opencamera/cameracontroller/CameraController2.java;file:/Users/rar9993/repos/research/fdroid_apps/native_apps/OpenCamera-Sensors/app/src/main/java/net/sourceforge/opencamera/cameracontroller/CameraController2.java|line:2589
AvoidInstantiatingObjectsInLoops;PMD;/Users/rar9993/repos/research/fdroid_apps/native_apps/OpenCamera-Sensors/NONE_TRANSFORMED_;/Users/rar9993/repos/research/fdroid_apps/native_apps/OpenCamera-Sensors/app/src/main/java/net/sourceforge/opencamera/cameracontroller/CameraController2.java;file:/Users/rar9993/repos/research/fdroid_apps/native_apps/OpenCamera-Sensors/app/src/main/java/net/sourceforge/opencamera/cameracontroller/CameraController2.java|line:2595
AvoidInstantiatingObjectsInLoops;PMD;/Users/rar9993/repos/research/fdroid_apps/native_apps/OpenCamera-Sensors/NONE_TRANSFORMED_;/Users/rar9993/repos/research/fdroid_apps/native_apps/OpenCamera-Sensors/app/src/main/java/net/sourceforge/opencamera/cameracontroller/CameraController2.java;file:/Users/rar9993/repos/research/fdroid_apps/native_apps/OpenCamera-Sensors/app/src/main/java/net/sourceforge/opencamera/cameracontroller/CameraController2.java|line:2635
AvoidInstantiatingObjectsInLoops;PMD;/Users/rar9993/repos/research/fdroid_apps/native_apps/OpenCamera-Sensors/NONE_TRANSFORMED_;/Users/rar9993/repos/research/fdroid_apps/native_apps/OpenCamera-Sensors/app/src/main/java/net/sourceforge/opencamera/cameracontroller/CameraController2.java;file:/Users/rar9993/repos/research/fdroid_apps/native_apps/OpenCamera-Sensors/app/src/main/java/net/sourceforge/opencamera/cameracontroller/CameraController2.java|line:6299
AvoidInstantiatingObjectsInLoops;PMD;/Users/rar9993/repos/research/fdroid_apps/native_apps/OpenCamera-Sensors/NONE_TRANSFORMED_;/Users/rar9993/repos/research/fdroid_apps/native_apps/OpenCamera-Sensors/app/src/main/java/net/sourceforge/opencamera/cameracontroller/CameraController2.java;file:/Users/rar9993/repos/research/fdroid_apps/native_apps/OpenCamera-Sensors/app/src/main/java/net/sourceforge/opencamera/cameracontroller/CameraController2.java|line:6334
AvoidInstantiatingObjectsInLoops;PMD;/Users/rar9993/repos/research/fdroid_apps/native_apps/OpenCamera-Sensors/NONE_TRANSFORMED_;/Users/rar9993/repos/research/fdroid_apps/native_apps/OpenCamera-Sensors/app/src/main/java/net/sourceforge/opencamera/cameracontroller/CameraController2.java;file:/Users/rar9993/repos/research/fdroid_apps/native_apps/OpenCamera-Sensors/app/src/main/java/net/sourceforge/opencamera/cameracontroller/CameraController2.java|line:6337
AvoidInstantiatingObjectsInLoops;PMD;/Users/rar9993/repos/research/fdroid_apps/native_apps/OpenCamera-Sensors/NONE_TRANSFORMED_;/Users/rar9993/repos/research/fdroid_apps/native_apps/OpenCamera-Sensors/app/src/main/java/net/sourceforge/opencamera/cameracontroller/CameraController2.java;file:/Users/rar9993/repos/research/fdroid_apps/native_apps/OpenCamera-Sensors/app/src/main/java/net/sourceforge/opencamera/cameracontroller/CameraController2.java|line:6380
AvoidInstantiatingObjectsInLoops;PMD;/Users/rar9993/repos/research/fdroid_apps/native_apps/OpenCamera-Sensors/NONE_TRANSFORMED_;/Users/rar9993/repos/research/fdroid_apps/native_apps/OpenCamera-Sensors/app/src/main/java/net/sourceforge/opencamera/cameracontroller/CameraController2.java;file:/Users/rar9993/repos/research/fdroid_apps/native_apps/OpenCamera-Sensors/app/src/main/java/net/sourceforge/opencamera/cameracontroller/CameraController2.java|line:6387
RedundantFieldInitializer;PMD;/Users/rar9993/repos/research/fdroid_apps/native_apps/OpenCamera-Sensors/NONE_TRANSFORMED_;/Users/rar9993/repos/research/fdroid_apps/native_apps/OpenCamera-Sensors/app/src/main/java/net/sourceforge/opencamera/cameracontroller/CameraController2.java;file:/Users/rar9993/repos/research/fdroid_apps/native_apps/OpenCamera-Sensors/app/src/main/java/net/sourceforge/opencamera/cameracontroller/CameraController2.java|line:7468
TooFewBranchesForSwitch;PMD;/Users/rar9993/repos/research/fdroid_apps/native_apps/OpenCamera-Sensors/NONE_TRANSFORMED_;/Users/rar9993/repos/research/fdroid_apps/native_apps/OpenCamera-Sensors/app/src/main/java/net/sourceforge/opencamera/cameracontroller/CameraControllerManager1.java;file:/Users/rar9993/repos/research/fdroid_apps/native_apps/OpenCamera-Sensors/app/src/main/java/net/sourceforge/opencamera/cameracontroller/CameraControllerManager1.java|line:23
TooFewBranchesForSwitch;PMD;/Users/rar9993/repos/research/fdroid_apps/native_apps/OpenCamera-Sensors/NONE_TRANSFORMED_;/Users/rar9993/repos/research/fdroid_apps/native_apps/OpenCamera-Sensors/app/src/main/java/net/sourceforge/opencamera/cameracontroller/CameraControllerManager1.java;file:/Users/rar9993/repos/research/fdroid_apps/native_apps/OpenCamera-Sensors/app/src/main/java/net/sourceforge/opencamera/cameracontroller/CameraControllerManager1.java|line:42
RedundantFieldInitializer;PMD;/Users/rar9993/repos/research/fdroid_apps/native_apps/OpenCamera-Sensors/NONE_TRANSFORMED_;/Users/rar9993/repos/research/fdroid_apps/native_apps/OpenCamera-Sensors/app/src/main/java/net/sourceforge/opencamera/preview/Preview.java;file:/Users/rar9993/repos/research/fdroid_apps/native_apps/OpenCamera-Sensors/app/src/main/java/net/sourceforge/opencamera/preview/Preview.java|line:407
RedundantFieldInitializer;PMD;/Users/rar9993/repos/research/fdroid_apps/native_apps/OpenCamera-Sensors/NONE_TRANSFORMED_;/Users/rar9993/repos/research/fdroid_apps/native_apps/OpenCamera-Sensors/app/src/main/java/net/sourceforge/opencamera/preview/Preview.java;file:/Users/rar9993/repos/research/fdroid_apps/native_apps/OpenCamera-Sensors/app/src/main/java/net/sourceforge/opencamera/preview/Preview.java|line:408
RedundantFieldInitializer;PMD;/Users/rar9993/repos/research/fdroid_apps/native_apps/OpenCamera-Sensors/NONE_TRANSFORMED_;/Users/rar9993/repos/research/fdroid_apps/native_apps/OpenCamera-Sensors/app/src/main/java/net/sourceforge/opencamera/preview/Preview.java;file:/Users/rar9993/repos/research/fdroid_apps/native_apps/OpenCamera-Sensors/app/src/main/java/net/sourceforge/opencamera/preview/Preview.java|line:409
UseStringBufferForStringAppends;PMD;/Users/rar9993/repos/research/fdroid_apps/native_apps/OpenCamera-Sensors/NONE_TRANSFORMED_;/Users/rar9993/repos/research/fdroid_apps/native_apps/OpenCamera-Sensors/app/src/main/java/net/sourceforge/opencamera/preview/Preview.java;file:/Users/rar9993/repos/research/fdroid_apps/native_apps/OpenCamera-Sensors/app/src/main/java/net/sourceforge/opencamera/preview/Preview.java|line:2364
UseStringBufferForStringAppends;PMD;/Users/rar9993/repos/research/fdroid_apps/native_apps/OpenCamera-Sensors/NONE_TRANSFORMED_;/Users/rar9993/repos/research/fdroid_apps/native_apps/OpenCamera-Sensors/app/src/main/java/net/sourceforge/opencamera/preview/Preview.java;file:/Users/rar9993/repos/research/fdroid_apps/native_apps/OpenCamera-Sensors/app/src/main/java/net/sourceforge/opencamera/preview/Preview.java|line:2367
UseStringBufferForStringAppends;PMD;/Users/rar9993/repos/research/fdroid_apps/native_apps/OpenCamera-Sensors/NONE_TRANSFORMED_;/Users/rar9993/repos/research/fdroid_apps/native_apps/OpenCamera-Sensors/app/src/main/java/net/sourceforge/opencamera/preview/Preview.java;file:/Users/rar9993/repos/research/fdroid_apps/native_apps/OpenCamera-Sensors/app/src/main/java/net/sourceforge/opencamera/preview/Preview.java|line:2370
UseStringBufferForStringAppends;PMD;/Users/rar9993/repos/research/fdroid_apps/native_apps/OpenCamera-Sensors/NONE_TRANSFORMED_;/Users/rar9993/repos/research/fdroid_apps/native_apps/OpenCamera-Sensors/app/src/main/java/net/sourceforge/opencamera/preview/Preview.java;file:/Users/rar9993/repos/research/fdroid_apps/native_apps/OpenCamera-Sensors/app/src/main/java/net/sourceforge/opencamera/preview/Preview.java|line:2373
UseStringBufferForStringAppends;PMD;/Users/rar9993/repos/research/fdroid_apps/native_apps/OpenCamera-Sensors/NONE_TRANSFORMED_;/Users/rar9993/repos/research/fdroid_apps/native_apps/OpenCamera-Sensors/app/src/main/java/net/sourceforge/opencamera/preview/Preview.java;file:/Users/rar9993/repos/research/fdroid_apps/native_apps/OpenCamera-Sensors/app/src/main/java/net/sourceforge/opencamera/preview/Preview.java|line:2376
AddEmptyString;PMD;/Users/rar9993/repos/research/fdroid_apps/native_apps/OpenCamera-Sensors/NONE_TRANSFORMED_;/Users/rar9993/repos/research/fdroid_apps/native_apps/OpenCamera-Sensors/app/src/main/java/net/sourceforge/opencamera/preview/Preview.java;file:/Users/rar9993/repos/research/fdroid_apps/native_apps/OpenCamera-Sensors/app/src/main/java/net/sourceforge/opencamera/preview/Preview.java|line:2638
AddEmptyString;PMD;/Users/rar9993/repos/research/fdroid_apps/native_apps/OpenCamera-Sensors/NONE_TRANSFORMED_;/Users/rar9993/repos/research/fdroid_apps/native_apps/OpenCamera-Sensors/app/src/main/java/net/sourceforge/opencamera/preview/Preview.java;file:/Users/rar9993/repos/research/fdroid_apps/native_apps/OpenCamera-Sensors/app/src/main/java/net/sourceforge/opencamera/preview/Preview.java|line:4147
UseStringBufferForStringAppends;PMD;/Users/rar9993/repos/research/fdroid_apps/native_apps/OpenCamera-Sensors/NONE_TRANSFORMED_;/Users/rar9993/repos/research/fdroid_apps/native_apps/OpenCamera-Sensors/app/src/main/java/net/sourceforge/opencamera/preview/Preview.java;file:/Users/rar9993/repos/research/fdroid_apps/native_apps/OpenCamera-Sensors/app/src/main/java/net/sourceforge/opencamera/preview/Preview.java|line:4641
UseStringBufferForStringAppends;PMD;/Users/rar9993/repos/research/fdroid_apps/native_apps/OpenCamera-Sensors/NONE_TRANSFORMED_;/Users/rar9993/repos/research/fdroid_apps/native_apps/OpenCamera-Sensors/app/src/main/java/net/sourceforge/opencamera/preview/Preview.java;file:/Users/rar9993/repos/research/fdroid_apps/native_apps/OpenCamera-Sensors/app/src/main/java/net/sourceforge/opencamera/preview/Preview.java|line:4647
UseStringBufferForStringAppends;PMD;/Users/rar9993/repos/research/fdroid_apps/native_apps/OpenCamera-Sensors/NONE_TRANSFORMED_;/Users/rar9993/repos/research/fdroid_apps/native_apps/OpenCamera-Sensors/app/src/main/java/net/sourceforge/opencamera/preview/Preview.java;file:/Users/rar9993/repos/research/fdroid_apps/native_apps/OpenCamera-Sensors/app/src/main/java/net/sourceforge/opencamera/preview/Preview.java|line:4653
RedundantFieldInitializer;PMD;/Users/rar9993/repos/research/fdroid_apps/native_apps/OpenCamera-Sensors/NONE_TRANSFORMED_;/Users/rar9993/repos/research/fdroid_apps/native_apps/OpenCamera-Sensors/app/src/main/java/net/sourceforge/opencamera/preview/Preview.java;file:/Users/rar9993/repos/research/fdroid_apps/native_apps/OpenCamera-Sensors/app/src/main/java/net/sourceforge/opencamera/preview/Preview.java|line:6168
RedundantFieldInitializer;PMD;/Users/rar9993/repos/research/fdroid_apps/native_apps/OpenCamera-Sensors/NONE_TRANSFORMED_;/Users/rar9993/repos/research/fdroid_apps/native_apps/OpenCamera-Sensors/app/src/main/java/net/sourceforge/opencamera/preview/Preview.java;file:/Users/rar9993/repos/research/fdroid_apps/native_apps/OpenCamera-Sensors/app/src/main/java/net/sourceforge/opencamera/preview/Preview.java|line:6169
RedundantFieldInitializer;PMD;/Users/rar9993/repos/research/fdroid_apps/native_apps/OpenCamera-Sensors/NONE_TRANSFORMED_;/Users/rar9993/repos/research/fdroid_apps/native_apps/OpenCamera-Sensors/app/src/main/java/net/sourceforge/opencamera/preview/Preview.java;file:/Users/rar9993/repos/research/fdroid_apps/native_apps/OpenCamera-Sensors/app/src/main/java/net/sourceforge/opencamera/preview/Preview.java|line:6170
RedundantFieldInitializer;PMD;/Users/rar9993/repos/research/fdroid_apps/native_apps/OpenCamera-Sensors/NONE_TRANSFORMED_;/Users/rar9993/repos/research/fdroid_apps/native_apps/OpenCamera-Sensors/app/src/main/java/net/sourceforge/opencamera/preview/Preview.java;file:/Users/rar9993/repos/research/fdroid_apps/native_apps/OpenCamera-Sensors/app/src/main/java/net/sourceforge/opencamera/preview/Preview.java|line:7648
AddEmptyString;PMD;/Users/rar9993/repos/research/fdroid_apps/native_apps/OpenCamera-Sensors/NONE_TRANSFORMED_;/Users/rar9993/repos/research/fdroid_apps/native_apps/OpenCamera-Sensors/app/src/main/java/net/sourceforge/opencamera/preview/VideoQualityHandler.java;file:/Users/rar9993/repos/research/fdroid_apps/native_apps/OpenCamera-Sensors/app/src/main/java/net/sourceforge/opencamera/preview/VideoQualityHandler.java|line:109
AddEmptyString;PMD;/Users/rar9993/repos/research/fdroid_apps/native_apps/OpenCamera-Sensors/NONE_TRANSFORMED_;/Users/rar9993/repos/research/fdroid_apps/native_apps/OpenCamera-Sensors/app/src/main/java/net/sourceforge/opencamera/preview/VideoQualityHandler.java;file:/Users/rar9993/repos/research/fdroid_apps/native_apps/OpenCamera-Sensors/app/src/main/java/net/sourceforge/opencamera/preview/VideoQualityHandler.java|line:116
RedundantFieldInitializer;PMD;/Users/rar9993/repos/research/fdroid_apps/native_apps/OpenCamera-Sensors/NONE_TRANSFORMED_;/Users/rar9993/repos/research/fdroid_apps/native_apps/OpenCamera-Sensors/app/src/main/java/net/sourceforge/opencamera/recsync/SoftwareSyncHelper.java;file:/Users/rar9993/repos/research/fdroid_apps/native_apps/OpenCamera-Sensors/app/src/main/java/net/sourceforge/opencamera/recsync/SoftwareSyncHelper.java|line:32
AddEmptyString;PMD;/Users/rar9993/repos/research/fdroid_apps/native_apps/OpenCamera-Sensors/NONE_TRANSFORMED_;/Users/rar9993/repos/research/fdroid_apps/native_apps/OpenCamera-Sensors/app/src/main/java/net/sourceforge/opencamera/recsync/SoftwareSyncHelper.java;file:/Users/rar9993/repos/research/fdroid_apps/native_apps/OpenCamera-Sensors/app/src/main/java/net/sourceforge/opencamera/recsync/SoftwareSyncHelper.java|line:261
RedundantFieldInitializer;PMD;/Users/rar9993/repos/research/fdroid_apps/native_apps/OpenCamera-Sensors/NONE_TRANSFORMED_;/Users/rar9993/repos/research/fdroid_apps/native_apps/OpenCamera-Sensors/app/src/main/java/net/sourceforge/opencamera/recsync/SyncSettingsContainer.java;file:/Users/rar9993/repos/research/fdroid_apps/native_apps/OpenCamera-Sensors/app/src/main/java/net/sourceforge/opencamera/recsync/SyncSettingsContainer.java|line:33
TooFewBranchesForSwitch;PMD;/Users/rar9993/repos/research/fdroid_apps/native_apps/OpenCamera-Sensors/NONE_TRANSFORMED_;/Users/rar9993/repos/research/fdroid_apps/native_apps/OpenCamera-Sensors/app/src/main/java/net/sourceforge/opencamera/remotecontrol/BluetoothLeService.java;file:/Users/rar9993/repos/research/fdroid_apps/native_apps/OpenCamera-Sensors/app/src/main/java/net/sourceforge/opencamera/remotecontrol/BluetoothLeService.java|line:200
AddEmptyString;PMD;/Users/rar9993/repos/research/fdroid_apps/native_apps/OpenCamera-Sensors/NONE_TRANSFORMED_;/Users/rar9993/repos/research/fdroid_apps/native_apps/OpenCamera-Sensors/app/src/main/java/net/sourceforge/opencamera/remotecontrol/BluetoothRemoteControl.java;file:/Users/rar9993/repos/research/fdroid_apps/native_apps/OpenCamera-Sensors/app/src/main/java/net/sourceforge/opencamera/remotecontrol/BluetoothRemoteControl.java|line:142
AddEmptyString;PMD;/Users/rar9993/repos/research/fdroid_apps/native_apps/OpenCamera-Sensors/NONE_TRANSFORMED_;/Users/rar9993/repos/research/fdroid_apps/native_apps/OpenCamera-Sensors/app/src/main/java/net/sourceforge/opencamera/remotecontrol/BluetoothRemoteControl.java;file:/Users/rar9993/repos/research/fdroid_apps/native_apps/OpenCamera-Sensors/app/src/main/java/net/sourceforge/opencamera/remotecontrol/BluetoothRemoteControl.java|line:143
TooFewBranchesForSwitch;PMD;/Users/rar9993/repos/research/fdroid_apps/native_apps/OpenCamera-Sensors/NONE_TRANSFORMED_;/Users/rar9993/repos/research/fdroid_apps/native_apps/OpenCamera-Sensors/app/src/main/java/net/sourceforge/opencamera/remotecontrol/DeviceScanner.java;file:/Users/rar9993/repos/research/fdroid_apps/native_apps/OpenCamera-Sensors/app/src/main/java/net/sourceforge/opencamera/remotecontrol/DeviceScanner.java|line:183
AppendCharacterWithChar;PMD;/Users/rar9993/repos/research/fdroid_apps/native_apps/OpenCamera-Sensors/NONE_TRANSFORMED_;/Users/rar9993/repos/research/fdroid_apps/native_apps/OpenCamera-Sensors/app/src/main/java/net/sourceforge/opencamera/sensorlogging/RawSensorInfo.java;file:/Users/rar9993/repos/research/fdroid_apps/native_apps/OpenCamera-Sensors/app/src/main/java/net/sourceforge/opencamera/sensorlogging/RawSensorInfo.java|line:113
AvoidFileStream;PMD;/Users/rar9993/repos/research/fdroid_apps/native_apps/OpenCamera-Sensors/NONE_TRANSFORMED_;/Users/rar9993/repos/research/fdroid_apps/native_apps/OpenCamera-Sensors/app/src/main/java/net/sourceforge/opencamera/sensorlogging/RawSensorInfo.java;file:/Users/rar9993/repos/research/fdroid_apps/native_apps/OpenCamera-Sensors/app/src/main/java/net/sourceforge/opencamera/sensorlogging/RawSensorInfo.java|line:156
AvoidFileStream;PMD;/Users/rar9993/repos/research/fdroid_apps/native_apps/OpenCamera-Sensors/NONE_TRANSFORMED_;/Users/rar9993/repos/research/fdroid_apps/native_apps/OpenCamera-Sensors/app/src/main/java/net/sourceforge/opencamera/sensorlogging/RawSensorInfo.java;file:/Users/rar9993/repos/research/fdroid_apps/native_apps/OpenCamera-Sensors/app/src/main/java/net/sourceforge/opencamera/sensorlogging/RawSensorInfo.java|line:167
RedundantFieldInitializer;PMD;/Users/rar9993/repos/research/fdroid_apps/native_apps/OpenCamera-Sensors/NONE_TRANSFORMED_;/Users/rar9993/repos/research/fdroid_apps/native_apps/OpenCamera-Sensors/app/src/main/java/net/sourceforge/opencamera/sensorlogging/VideoFrameInfo.java;file:/Users/rar9993/repos/research/fdroid_apps/native_apps/OpenCamera-Sensors/app/src/main/java/net/sourceforge/opencamera/sensorlogging/VideoFrameInfo.java|line:59
RedundantFieldInitializer;PMD;/Users/rar9993/repos/research/fdroid_apps/native_apps/OpenCamera-Sensors/NONE_TRANSFORMED_;/Users/rar9993/repos/research/fdroid_apps/native_apps/OpenCamera-Sensors/app/src/main/java/net/sourceforge/opencamera/sensorlogging/VideoFrameInfo.java;file:/Users/rar9993/repos/research/fdroid_apps/native_apps/OpenCamera-Sensors/app/src/main/java/net/sourceforge/opencamera/sensorlogging/VideoFrameInfo.java|line:60
RedundantFieldInitializer;PMD;/Users/rar9993/repos/research/fdroid_apps/native_apps/OpenCamera-Sensors/NONE_TRANSFORMED_;/Users/rar9993/repos/research/fdroid_apps/native_apps/OpenCamera-Sensors/app/src/main/java/net/sourceforge/opencamera/sensorlogging/VideoFrameInfo.java;file:/Users/rar9993/repos/research/fdroid_apps/native_apps/OpenCamera-Sensors/app/src/main/java/net/sourceforge/opencamera/sensorlogging/VideoFrameInfo.java|line:61
RedundantFieldInitializer;PMD;/Users/rar9993/repos/research/fdroid_apps/native_apps/OpenCamera-Sensors/NONE_TRANSFORMED_;/Users/rar9993/repos/research/fdroid_apps/native_apps/OpenCamera-Sensors/app/src/main/java/net/sourceforge/opencamera/sensorlogging/VideoFrameInfo.java;file:/Users/rar9993/repos/research/fdroid_apps/native_apps/OpenCamera-Sensors/app/src/main/java/net/sourceforge/opencamera/sensorlogging/VideoFrameInfo.java|line:62
RedundantFieldInitializer;PMD;/Users/rar9993/repos/research/fdroid_apps/native_apps/OpenCamera-Sensors/NONE_TRANSFORMED_;/Users/rar9993/repos/research/fdroid_apps/native_apps/OpenCamera-Sensors/app/src/main/java/net/sourceforge/opencamera/sensorlogging/VideoFrameInfo.java;file:/Users/rar9993/repos/research/fdroid_apps/native_apps/OpenCamera-Sensors/app/src/main/java/net/sourceforge/opencamera/sensorlogging/VideoFrameInfo.java|line:64
AvoidFileStream;PMD;/Users/rar9993/repos/research/fdroid_apps/native_apps/OpenCamera-Sensors/NONE_TRANSFORMED_;/Users/rar9993/repos/research/fdroid_apps/native_apps/OpenCamera-Sensors/app/src/main/java/net/sourceforge/opencamera/sensorlogging/VideoFrameInfo.java;file:/Users/rar9993/repos/research/fdroid_apps/native_apps/OpenCamera-Sensors/app/src/main/java/net/sourceforge/opencamera/sensorlogging/VideoFrameInfo.java|line:210
AppendCharacterWithChar;PMD;/Users/rar9993/repos/research/fdroid_apps/native_apps/OpenCamera-Sensors/NONE_TRANSFORMED_;/Users/rar9993/repos/research/fdroid_apps/native_apps/OpenCamera-Sensors/app/src/main/java/net/sourceforge/opencamera/sensorremote/RemoteRpcRequestHandler.java;file:/Users/rar9993/repos/research/fdroid_apps/native_apps/OpenCamera-Sensors/app/src/main/java/net/sourceforge/opencamera/sensorremote/RemoteRpcRequestHandler.java|line:48
AvoidFileStream;PMD;/Users/rar9993/repos/research/fdroid_apps/native_apps/OpenCamera-Sensors/NONE_TRANSFORMED_;/Users/rar9993/repos/research/fdroid_apps/native_apps/OpenCamera-Sensors/app/src/main/java/net/sourceforge/opencamera/sensorremote/RemoteRpcRequestHandler.java;file:/Users/rar9993/repos/research/fdroid_apps/native_apps/OpenCamera-Sensors/app/src/main/java/net/sourceforge/opencamera/sensorremote/RemoteRpcRequestHandler.java|line:49
AppendCharacterWithChar;PMD;/Users/rar9993/repos/research/fdroid_apps/native_apps/OpenCamera-Sensors/NONE_TRANSFORMED_;/Users/rar9993/repos/research/fdroid_apps/native_apps/OpenCamera-Sensors/app/src/main/java/net/sourceforge/opencamera/sensorremote/RemoteRpcRequestHandler.java;file:/Users/rar9993/repos/research/fdroid_apps/native_apps/OpenCamera-Sensors/app/src/main/java/net/sourceforge/opencamera/sensorremote/RemoteRpcRequestHandler.java|line:52
ConsecutiveAppendsShouldReuse;PMD;/Users/rar9993/repos/research/fdroid_apps/native_apps/OpenCamera-Sensors/NONE_TRANSFORMED_;/Users/rar9993/repos/research/fdroid_apps/native_apps/OpenCamera-Sensors/app/src/main/java/net/sourceforge/opencamera/sensorremote/RemoteRpcRequestHandler.java;file:/Users/rar9993/repos/research/fdroid_apps/native_apps/OpenCamera-Sensors/app/src/main/java/net/sourceforge/opencamera/sensorremote/RemoteRpcRequestHandler.java|line:110
ConsecutiveAppendsShouldReuse;PMD;/Users/rar9993/repos/research/fdroid_apps/native_apps/OpenCamera-Sensors/NONE_TRANSFORMED_;/Users/rar9993/repos/research/fdroid_apps/native_apps/OpenCamera-Sensors/app/src/main/java/net/sourceforge/opencamera/sensorremote/RemoteRpcRequestHandler.java;file:/Users/rar9993/repos/research/fdroid_apps/native_apps/OpenCamera-Sensors/app/src/main/java/net/sourceforge/opencamera/sensorremote/RemoteRpcRequestHandler.java|line:111
AppendCharacterWithChar;PMD;/Users/rar9993/repos/research/fdroid_apps/native_apps/OpenCamera-Sensors/NONE_TRANSFORMED_;/Users/rar9993/repos/research/fdroid_apps/native_apps/OpenCamera-Sensors/app/src/main/java/net/sourceforge/opencamera/sensorremote/RemoteRpcRequestHandler.java;file:/Users/rar9993/repos/research/fdroid_apps/native_apps/OpenCamera-Sensors/app/src/main/java/net/sourceforge/opencamera/sensorremote/RemoteRpcRequestHandler.java|line:112
ConsecutiveAppendsShouldReuse;PMD;/Users/rar9993/repos/research/fdroid_apps/native_apps/OpenCamera-Sensors/NONE_TRANSFORMED_;/Users/rar9993/repos/research/fdroid_apps/native_apps/OpenCamera-Sensors/app/src/main/java/net/sourceforge/opencamera/sensorremote/RemoteRpcRequestHandler.java;file:/Users/rar9993/repos/research/fdroid_apps/native_apps/OpenCamera-Sensors/app/src/main/java/net/sourceforge/opencamera/sensorremote/RemoteRpcRequestHandler.java|line:116
ConsecutiveAppendsShouldReuse;PMD;/Users/rar9993/repos/research/fdroid_apps/native_apps/OpenCamera-Sensors/NONE_TRANSFORMED_;/Users/rar9993/repos/research/fdroid_apps/native_apps/OpenCamera-Sensors/app/src/main/java/net/sourceforge/opencamera/sensorremote/RemoteRpcRequestHandler.java;file:/Users/rar9993/repos/research/fdroid_apps/native_apps/OpenCamera-Sensors/app/src/main/java/net/sourceforge/opencamera/sensorremote/RemoteRpcRequestHandler.java|line:117
AppendCharacterWithChar;PMD;/Users/rar9993/repos/research/fdroid_apps/native_apps/OpenCamera-Sensors/NONE_TRANSFORMED_;/Users/rar9993/repos/research/fdroid_apps/native_apps/OpenCamera-Sensors/app/src/main/java/net/sourceforge/opencamera/sensorremote/RemoteRpcRequestHandler.java;file:/Users/rar9993/repos/research/fdroid_apps/native_apps/OpenCamera-Sensors/app/src/main/java/net/sourceforge/opencamera/sensorremote/RemoteRpcRequestHandler.java|line:118
ConsecutiveAppendsShouldReuse;PMD;/Users/rar9993/repos/research/fdroid_apps/native_apps/OpenCamera-Sensors/NONE_TRANSFORMED_;/Users/rar9993/repos/research/fdroid_apps/native_apps/OpenCamera-Sensors/app/src/main/java/net/sourceforge/opencamera/sensorremote/RemoteRpcRequestHandler.java;file:/Users/rar9993/repos/research/fdroid_apps/native_apps/OpenCamera-Sensors/app/src/main/java/net/sourceforge/opencamera/sensorremote/RemoteRpcRequestHandler.java|line:122
ConsecutiveAppendsShouldReuse;PMD;/Users/rar9993/repos/research/fdroid_apps/native_apps/OpenCamera-Sensors/NONE_TRANSFORMED_;/Users/rar9993/repos/research/fdroid_apps/native_apps/OpenCamera-Sensors/app/src/main/java/net/sourceforge/opencamera/sensorremote/RemoteRpcRequestHandler.java;file:/Users/rar9993/repos/research/fdroid_apps/native_apps/OpenCamera-Sensors/app/src/main/java/net/sourceforge/opencamera/sensorremote/RemoteRpcRequestHandler.java|line:123
AppendCharacterWithChar;PMD;/Users/rar9993/repos/research/fdroid_apps/native_apps/OpenCamera-Sensors/NONE_TRANSFORMED_;/Users/rar9993/repos/research/fdroid_apps/native_apps/OpenCamera-Sensors/app/src/main/java/net/sourceforge/opencamera/sensorremote/RemoteRpcRequestHandler.java;file:/Users/rar9993/repos/research/fdroid_apps/native_apps/OpenCamera-Sensors/app/src/main/java/net/sourceforge/opencamera/sensorremote/RemoteRpcRequestHandler.java|line:124
AvoidFileStream;PMD;/Users/rar9993/repos/research/fdroid_apps/native_apps/OpenCamera-Sensors/NONE_TRANSFORMED_;/Users/rar9993/repos/research/fdroid_apps/native_apps/OpenCamera-Sensors/app/src/main/java/net/sourceforge/opencamera/sensorremote/RemoteRpcRequestHandler.java;file:/Users/rar9993/repos/research/fdroid_apps/native_apps/OpenCamera-Sensors/app/src/main/java/net/sourceforge/opencamera/sensorremote/RemoteRpcRequestHandler.java|line:218
AvoidInstantiatingObjectsInLoops;PMD;/Users/rar9993/repos/research/fdroid_apps/native_apps/OpenCamera-Sensors/NONE_TRANSFORMED_;/Users/rar9993/repos/research/fdroid_apps/native_apps/OpenCamera-Sensors/app/src/main/java/net/sourceforge/opencamera/sensorremote/RemoteRpcServer.java;file:/Users/rar9993/repos/research/fdroid_apps/native_apps/OpenCamera-Sensors/app/src/main/java/net/sourceforge/opencamera/sensorremote/RemoteRpcServer.java|line:147
AvoidInstantiatingObjectsInLoops;PMD;/Users/rar9993/repos/research/fdroid_apps/native_apps/OpenCamera-Sensors/NONE_TRANSFORMED_;/Users/rar9993/repos/research/fdroid_apps/native_apps/OpenCamera-Sensors/app/src/main/java/net/sourceforge/opencamera/sensorremote/RemoteRpcServer.java;file:/Users/rar9993/repos/research/fdroid_apps/native_apps/OpenCamera-Sensors/app/src/main/java/net/sourceforge/opencamera/sensorremote/RemoteRpcServer.java|line:147
AvoidInstantiatingObjectsInLoops;PMD;/Users/rar9993/repos/research/fdroid_apps/native_apps/OpenCamera-Sensors/NONE_TRANSFORMED_;/Users/rar9993/repos/research/fdroid_apps/native_apps/OpenCamera-Sensors/app/src/main/java/net/sourceforge/opencamera/sensorremote/RemoteRpcServer.java;file:/Users/rar9993/repos/research/fdroid_apps/native_apps/OpenCamera-Sensors/app/src/main/java/net/sourceforge/opencamera/sensorremote/RemoteRpcServer.java|line:148
AvoidInstantiatingObjectsInLoops;PMD;/Users/rar9993/repos/research/fdroid_apps/native_apps/OpenCamera-Sensors/NONE_TRANSFORMED_;/Users/rar9993/repos/research/fdroid_apps/native_apps/OpenCamera-Sensors/app/src/main/java/net/sourceforge/opencamera/sensorremote/RemoteRpcServer.java;file:/Users/rar9993/repos/research/fdroid_apps/native_apps/OpenCamera-Sensors/app/src/main/java/net/sourceforge/opencamera/sensorremote/RemoteRpcServer.java|line:149
RedundantFieldInitializer;PMD;/Users/rar9993/repos/research/fdroid_apps/native_apps/OpenCamera-Sensors/NONE_TRANSFORMED_;/Users/rar9993/repos/research/fdroid_apps/native_apps/OpenCamera-Sensors/app/src/main/java/net/sourceforge/opencamera/ui/DrawPreview.java;file:/Users/rar9993/repos/research/fdroid_apps/native_apps/OpenCamera-Sensors/app/src/main/java/net/sourceforge/opencamera/ui/DrawPreview.java|line:145
AddEmptyString;PMD;/Users/rar9993/repos/research/fdroid_apps/native_apps/OpenCamera-Sensors/NONE_TRANSFORMED_;/Users/rar9993/repos/research/fdroid_apps/native_apps/OpenCamera-Sensors/app/src/main/java/net/sourceforge/opencamera/ui/DrawPreview.java;file:/Users/rar9993/repos/research/fdroid_apps/native_apps/OpenCamera-Sensors/app/src/main/java/net/sourceforge/opencamera/ui/DrawPreview.java|line:1840
AddEmptyString;PMD;/Users/rar9993/repos/research/fdroid_apps/native_apps/OpenCamera-Sensors/NONE_TRANSFORMED_;/Users/rar9993/repos/research/fdroid_apps/native_apps/OpenCamera-Sensors/app/src/main/java/net/sourceforge/opencamera/ui/DrawPreview.java;file:/Users/rar9993/repos/research/fdroid_apps/native_apps/OpenCamera-Sensors/app/src/main/java/net/sourceforge/opencamera/ui/DrawPreview.java|line:1853
AddEmptyString;PMD;/Users/rar9993/repos/research/fdroid_apps/native_apps/OpenCamera-Sensors/NONE_TRANSFORMED_;/Users/rar9993/repos/research/fdroid_apps/native_apps/OpenCamera-Sensors/app/src/main/java/net/sourceforge/opencamera/ui/DrawPreview.java;file:/Users/rar9993/repos/research/fdroid_apps/native_apps/OpenCamera-Sensors/app/src/main/java/net/sourceforge/opencamera/ui/DrawPreview.java|line:2290
AddEmptyString;PMD;/Users/rar9993/repos/research/fdroid_apps/native_apps/OpenCamera-Sensors/NONE_TRANSFORMED_;/Users/rar9993/repos/research/fdroid_apps/native_apps/OpenCamera-Sensors/app/src/main/java/net/sourceforge/opencamera/ui/DrawPreview.java;file:/Users/rar9993/repos/research/fdroid_apps/native_apps/OpenCamera-Sensors/app/src/main/java/net/sourceforge/opencamera/ui/DrawPreview.java|line:2334
RedundantFieldInitializer;PMD;/Users/rar9993/repos/research/fdroid_apps/native_apps/OpenCamera-Sensors/NONE_TRANSFORMED_;/Users/rar9993/repos/research/fdroid_apps/native_apps/OpenCamera-Sensors/app/src/main/java/net/sourceforge/opencamera/ui/MainUI.java;file:/Users/rar9993/repos/research/fdroid_apps/native_apps/OpenCamera-Sensors/app/src/main/java/net/sourceforge/opencamera/ui/MainUI.java|line:62
RedundantFieldInitializer;PMD;/Users/rar9993/repos/research/fdroid_apps/native_apps/OpenCamera-Sensors/NONE_TRANSFORMED_;/Users/rar9993/repos/research/fdroid_apps/native_apps/OpenCamera-Sensors/app/src/main/java/net/sourceforge/opencamera/ui/MainUI.java;file:/Users/rar9993/repos/research/fdroid_apps/native_apps/OpenCamera-Sensors/app/src/main/java/net/sourceforge/opencamera/ui/MainUI.java|line:71
RedundantFieldInitializer;PMD;/Users/rar9993/repos/research/fdroid_apps/native_apps/OpenCamera-Sensors/NONE_TRANSFORMED_;/Users/rar9993/repos/research/fdroid_apps/native_apps/OpenCamera-Sensors/app/src/main/java/net/sourceforge/opencamera/ui/MainUI.java;file:/Users/rar9993/repos/research/fdroid_apps/native_apps/OpenCamera-Sensors/app/src/main/java/net/sourceforge/opencamera/ui/MainUI.java|line:85
RedundantFieldInitializer;PMD;/Users/rar9993/repos/research/fdroid_apps/native_apps/OpenCamera-Sensors/NONE_TRANSFORMED_;/Users/rar9993/repos/research/fdroid_apps/native_apps/OpenCamera-Sensors/app/src/main/java/net/sourceforge/opencamera/ui/MainUI.java;file:/Users/rar9993/repos/research/fdroid_apps/native_apps/OpenCamera-Sensors/app/src/main/java/net/sourceforge/opencamera/ui/MainUI.java|line:86
RedundantFieldInitializer;PMD;/Users/rar9993/repos/research/fdroid_apps/native_apps/OpenCamera-Sensors/NONE_TRANSFORMED_;/Users/rar9993/repos/research/fdroid_apps/native_apps/OpenCamera-Sensors/app/src/main/java/net/sourceforge/opencamera/ui/MainUI.java;file:/Users/rar9993/repos/research/fdroid_apps/native_apps/OpenCamera-Sensors/app/src/main/java/net/sourceforge/opencamera/ui/MainUI.java|line:89
RedundantFieldInitializer;PMD;/Users/rar9993/repos/research/fdroid_apps/native_apps/OpenCamera-Sensors/NONE_TRANSFORMED_;/Users/rar9993/repos/research/fdroid_apps/native_apps/OpenCamera-Sensors/app/src/main/java/net/sourceforge/opencamera/ui/MainUI.java;file:/Users/rar9993/repos/research/fdroid_apps/native_apps/OpenCamera-Sensors/app/src/main/java/net/sourceforge/opencamera/ui/MainUI.java|line:90
RedundantFieldInitializer;PMD;/Users/rar9993/repos/research/fdroid_apps/native_apps/OpenCamera-Sensors/NONE_TRANSFORMED_;/Users/rar9993/repos/research/fdroid_apps/native_apps/OpenCamera-Sensors/app/src/main/java/net/sourceforge/opencamera/ui/MainUI.java;file:/Users/rar9993/repos/research/fdroid_apps/native_apps/OpenCamera-Sensors/app/src/main/java/net/sourceforge/opencamera/ui/MainUI.java|line:91
RedundantFieldInitializer;PMD;/Users/rar9993/repos/research/fdroid_apps/native_apps/OpenCamera-Sensors/NONE_TRANSFORMED_;/Users/rar9993/repos/research/fdroid_apps/native_apps/OpenCamera-Sensors/app/src/main/java/net/sourceforge/opencamera/ui/MainUI.java;file:/Users/rar9993/repos/research/fdroid_apps/native_apps/OpenCamera-Sensors/app/src/main/java/net/sourceforge/opencamera/ui/MainUI.java|line:92
AddEmptyString;PMD;/Users/rar9993/repos/research/fdroid_apps/native_apps/OpenCamera-Sensors/NONE_TRANSFORMED_;/Users/rar9993/repos/research/fdroid_apps/native_apps/OpenCamera-Sensors/app/src/main/java/net/sourceforge/opencamera/ui/MainUI.java;file:/Users/rar9993/repos/research/fdroid_apps/native_apps/OpenCamera-Sensors/app/src/main/java/net/sourceforge/opencamera/ui/MainUI.java|line:1668
AddEmptyString;PMD;/Users/rar9993/repos/research/fdroid_apps/native_apps/OpenCamera-Sensors/NONE_TRANSFORMED_;/Users/rar9993/repos/research/fdroid_apps/native_apps/OpenCamera-Sensors/app/src/main/java/net/sourceforge/opencamera/ui/MainUI.java;file:/Users/rar9993/repos/research/fdroid_apps/native_apps/OpenCamera-Sensors/app/src/main/java/net/sourceforge/opencamera/ui/MainUI.java|line:1674
AddEmptyString;PMD;/Users/rar9993/repos/research/fdroid_apps/native_apps/OpenCamera-Sensors/NONE_TRANSFORMED_;/Users/rar9993/repos/research/fdroid_apps/native_apps/OpenCamera-Sensors/app/src/main/java/net/sourceforge/opencamera/ui/MainUI.java;file:/Users/rar9993/repos/research/fdroid_apps/native_apps/OpenCamera-Sensors/app/src/main/java/net/sourceforge/opencamera/ui/MainUI.java|line:1715
AddEmptyString;PMD;/Users/rar9993/repos/research/fdroid_apps/native_apps/OpenCamera-Sensors/NONE_TRANSFORMED_;/Users/rar9993/repos/research/fdroid_apps/native_apps/OpenCamera-Sensors/app/src/main/java/net/sourceforge/opencamera/ui/MainUI.java;file:/Users/rar9993/repos/research/fdroid_apps/native_apps/OpenCamera-Sensors/app/src/main/java/net/sourceforge/opencamera/ui/MainUI.java|line:1880
AddEmptyString;PMD;/Users/rar9993/repos/research/fdroid_apps/native_apps/OpenCamera-Sensors/NONE_TRANSFORMED_;/Users/rar9993/repos/research/fdroid_apps/native_apps/OpenCamera-Sensors/app/src/main/java/net/sourceforge/opencamera/ui/MainUI.java;file:/Users/rar9993/repos/research/fdroid_apps/native_apps/OpenCamera-Sensors/app/src/main/java/net/sourceforge/opencamera/ui/MainUI.java|line:1883
AddEmptyString;PMD;/Users/rar9993/repos/research/fdroid_apps/native_apps/OpenCamera-Sensors/NONE_TRANSFORMED_;/Users/rar9993/repos/research/fdroid_apps/native_apps/OpenCamera-Sensors/app/src/main/java/net/sourceforge/opencamera/ui/MainUI.java;file:/Users/rar9993/repos/research/fdroid_apps/native_apps/OpenCamera-Sensors/app/src/main/java/net/sourceforge/opencamera/ui/MainUI.java|line:1886
AddEmptyString;PMD;/Users/rar9993/repos/research/fdroid_apps/native_apps/OpenCamera-Sensors/NONE_TRANSFORMED_;/Users/rar9993/repos/research/fdroid_apps/native_apps/OpenCamera-Sensors/app/src/main/java/net/sourceforge/opencamera/ui/MainUI.java;file:/Users/rar9993/repos/research/fdroid_apps/native_apps/OpenCamera-Sensors/app/src/main/java/net/sourceforge/opencamera/ui/MainUI.java|line:1938
AddEmptyString;PMD;/Users/rar9993/repos/research/fdroid_apps/native_apps/OpenCamera-Sensors/NONE_TRANSFORMED_;/Users/rar9993/repos/research/fdroid_apps/native_apps/OpenCamera-Sensors/app/src/main/java/net/sourceforge/opencamera/ui/MainUI.java;file:/Users/rar9993/repos/research/fdroid_apps/native_apps/OpenCamera-Sensors/app/src/main/java/net/sourceforge/opencamera/ui/MainUI.java|line:1939
AddEmptyString;PMD;/Users/rar9993/repos/research/fdroid_apps/native_apps/OpenCamera-Sensors/NONE_TRANSFORMED_;/Users/rar9993/repos/research/fdroid_apps/native_apps/OpenCamera-Sensors/app/src/main/java/net/sourceforge/opencamera/ui/MainUI.java;file:/Users/rar9993/repos/research/fdroid_apps/native_apps/OpenCamera-Sensors/app/src/main/java/net/sourceforge/opencamera/ui/MainUI.java|line:1946
AddEmptyString;PMD;/Users/rar9993/repos/research/fdroid_apps/native_apps/OpenCamera-Sensors/NONE_TRANSFORMED_;/Users/rar9993/repos/research/fdroid_apps/native_apps/OpenCamera-Sensors/app/src/main/java/net/sourceforge/opencamera/ui/MainUI.java;file:/Users/rar9993/repos/research/fdroid_apps/native_apps/OpenCamera-Sensors/app/src/main/java/net/sourceforge/opencamera/ui/MainUI.java|line:1947
AddEmptyString;PMD;/Users/rar9993/repos/research/fdroid_apps/native_apps/OpenCamera-Sensors/NONE_TRANSFORMED_;/Users/rar9993/repos/research/fdroid_apps/native_apps/OpenCamera-Sensors/app/src/main/java/net/sourceforge/opencamera/ui/MainUI.java;file:/Users/rar9993/repos/research/fdroid_apps/native_apps/OpenCamera-Sensors/app/src/main/java/net/sourceforge/opencamera/ui/MainUI.java|line:1974
AddEmptyString;PMD;/Users/rar9993/repos/research/fdroid_apps/native_apps/OpenCamera-Sensors/NONE_TRANSFORMED_;/Users/rar9993/repos/research/fdroid_apps/native_apps/OpenCamera-Sensors/app/src/main/java/net/sourceforge/opencamera/ui/MainUI.java;file:/Users/rar9993/repos/research/fdroid_apps/native_apps/OpenCamera-Sensors/app/src/main/java/net/sourceforge/opencamera/ui/MainUI.java|line:2074
UseArraysAsList;PMD;/Users/rar9993/repos/research/fdroid_apps/native_apps/OpenCamera-Sensors/NONE_TRANSFORMED_;/Users/rar9993/repos/research/fdroid_apps/native_apps/OpenCamera-Sensors/app/src/main/java/net/sourceforge/opencamera/ui/PopupView.java;file:/Users/rar9993/repos/research/fdroid_apps/native_apps/OpenCamera-Sensors/app/src/main/java/net/sourceforge/opencamera/ui/PopupView.java|line:603
UseArraysAsList;PMD;/Users/rar9993/repos/research/fdroid_apps/native_apps/OpenCamera-Sensors/NONE_TRANSFORMED_;/Users/rar9993/repos/research/fdroid_apps/native_apps/OpenCamera-Sensors/app/src/main/java/net/sourceforge/opencamera/ui/PopupView.java;file:/Users/rar9993/repos/research/fdroid_apps/native_apps/OpenCamera-Sensors/app/src/main/java/net/sourceforge/opencamera/ui/PopupView.java|line:604
AddEmptyString;PMD;/Users/rar9993/repos/research/fdroid_apps/native_apps/OpenCamera-Sensors/NONE_TRANSFORMED_;/Users/rar9993/repos/research/fdroid_apps/native_apps/OpenCamera-Sensors/app/src/main/java/net/sourceforge/opencamera/ui/PopupView.java;file:/Users/rar9993/repos/research/fdroid_apps/native_apps/OpenCamera-Sensors/app/src/main/java/net/sourceforge/opencamera/ui/PopupView.java|line:750
AvoidInstantiatingObjectsInLoops;PMD;/Users/rar9993/repos/research/fdroid_apps/native_apps/OpenCamera-Sensors/NONE_TRANSFORMED_;/Users/rar9993/repos/research/fdroid_apps/native_apps/OpenCamera-Sensors/app/src/main/java/net/sourceforge/opencamera/ui/PopupView.java;file:/Users/rar9993/repos/research/fdroid_apps/native_apps/OpenCamera-Sensors/app/src/main/java/net/sourceforge/opencamera/ui/PopupView.java|line:1291
AvoidInstantiatingObjectsInLoops;PMD;/Users/rar9993/repos/research/fdroid_apps/native_apps/OpenCamera-Sensors/NONE_TRANSFORMED_;/Users/rar9993/repos/research/fdroid_apps/native_apps/OpenCamera-Sensors/app/src/main/java/net/sourceforge/opencamera/ui/PopupView.java;file:/Users/rar9993/repos/research/fdroid_apps/native_apps/OpenCamera-Sensors/app/src/main/java/net/sourceforge/opencamera/ui/PopupView.java|line:1346
AvoidInstantiatingObjectsInLoops;PMD;/Users/rar9993/repos/research/fdroid_apps/native_apps/OpenCamera-Sensors/NONE_TRANSFORMED_;/Users/rar9993/repos/research/fdroid_apps/native_apps/OpenCamera-Sensors/app/src/main/java/net/sourceforge/opencamera/ui/PopupView.java;file:/Users/rar9993/repos/research/fdroid_apps/native_apps/OpenCamera-Sensors/app/src/main/java/net/sourceforge/opencamera/ui/PopupView.java|line:1372
RedundantFieldInitializer;PMD;/Users/rar9993/repos/research/fdroid_apps/native_apps/OpenCamera-Sensors/NONE_TRANSFORMED_;/Users/rar9993/repos/research/fdroid_apps/native_apps/OpenCamera-Sensors/app/src/main/java/net/sourceforge/opencamera/ui/PopupView.java;file:/Users/rar9993/repos/research/fdroid_apps/native_apps/OpenCamera-Sensors/app/src/main/java/net/sourceforge/opencamera/ui/PopupView.java|line:1535
RedundantFieldInitializer;PMD;/Users/rar9993/repos/research/fdroid_apps/native_apps/OpenCamera-Sensors/NONE_TRANSFORMED_;/Users/rar9993/repos/research/fdroid_apps/native_apps/OpenCamera-Sensors/app/src/main/java/net/sourceforge/opencamera/ui/PopupView.java;file:/Users/rar9993/repos/research/fdroid_apps/native_apps/OpenCamera-Sensors/app/src/main/java/net/sourceforge/opencamera/ui/PopupView.java|line:1536
AvoidInstantiatingObjectsInLoops;PMD;/Users/rar9993/repos/research/fdroid_apps/native_apps/OpenCamera-Sensors/NONE_TRANSFORMED_;/Users/rar9993/repos/research/fdroid_apps/native_apps/OpenCamera-Sensors/app/src/main/java/net/sourceforge/opencamera/ui/PopupView.java;file:/Users/rar9993/repos/research/fdroid_apps/native_apps/OpenCamera-Sensors/app/src/main/java/net/sourceforge/opencamera/ui/PopupView.java|line:1609
AvoidInstantiatingObjectsInLoops;PMD;/Users/rar9993/repos/research/fdroid_apps/native_apps/OpenCamera-Sensors/NONE_TRANSFORMED_;/Users/rar9993/repos/research/fdroid_apps/native_apps/OpenCamera-Sensors/app/src/main/java/net/sourceforge/opencamera/ui/PopupView.java;file:/Users/rar9993/repos/research/fdroid_apps/native_apps/OpenCamera-Sensors/app/src/main/java/net/sourceforge/opencamera/ui/PopupView.java|line:1635
MemberIgnoringMethod;DAAP;/Users/rar9993/repos/research/fdroid_apps/native_apps/OpenCamera-Sensors/NONE_TRANSFORMED_;/src/main/java/net/sourceforge/opencamera/MyTileService.java;file:/src/main/java/net/sourceforge/opencamera/MyTileService.java
MemberIgnoringMethod;DAAP;/Users/rar9993/repos/research/fdroid_apps/native_apps/OpenCamera-Sensors/NONE_TRANSFORMED_;/src/main/java/net/sourceforge/opencamera/ui/DrawPreview.java;file:/src/main/java/net/sourceforge/opencamera/ui/DrawPreview.java
MemberIgnoringMethod;DAAP;/Users/rar9993/repos/research/fdroid_apps/native_apps/OpenCamera-Sensors/NONE_TRANSFORMED_;/src/main/java/net/sourceforge/opencamera/ui/ArraySeekBarPreference.java;file:/src/main/java/net/sourceforge/opencamera/ui/ArraySeekBarPreference.java
MemberIgnoringMethod;DAAP;/Users/rar9993/repos/research/fdroid_apps/native_apps/OpenCamera-Sensors/NONE_TRANSFORMED_;/src/main/java/net/sourceforge/opencamera/ui/PopupView.java;file:/src/main/java/net/sourceforge/opencamera/ui/PopupView.java
MemberIgnoringMethod;DAAP;/Users/rar9993/repos/research/fdroid_apps/native_apps/OpenCamera-Sensors/NONE_TRANSFORMED_;/src/main/java/net/sourceforge/opencamera/ui/MainUI.java;file:/src/main/java/net/sourceforge/opencamera/ui/MainUI.java
MemberIgnoringMethod;DAAP;/Users/rar9993/repos/research/fdroid_apps/native_apps/OpenCamera-Sensors/NONE_TRANSFORMED_;/src/main/java/net/sourceforge/opencamera/sensorlogging/RawSensorInfo.java;file:/src/main/java/net/sourceforge/opencamera/sensorlogging/RawSensorInfo.java
MemberIgnoringMethod;DAAP;/Users/rar9993/repos/research/fdroid_apps/native_apps/OpenCamera-Sensors/NONE_TRANSFORMED_;/src/main/java/net/sourceforge/opencamera/sensorlogging/VideoFrameInfo.java;file:/src/main/java/net/sourceforge/opencamera/sensorlogging/VideoFrameInfo.java
MemberIgnoringMethod;DAAP;/Users/rar9993/repos/research/fdroid_apps/native_apps/OpenCamera-Sensors/NONE_TRANSFORMED_;/src/main/java/net/sourceforge/opencamera/MyPreferenceFragment.java;file:/src/main/java/net/sourceforge/opencamera/MyPreferenceFragment.java
MemberIgnoringMethod;DAAP;/Users/rar9993/repos/research/fdroid_apps/native_apps/OpenCamera-Sensors/NONE_TRANSFORMED_;/src/main/java/net/sourceforge/opencamera/cameracontroller/CameraController2.java;file:/src/main/java/net/sourceforge/opencamera/cameracontroller/CameraController2.java
MemberIgnoringMethod;DAAP;/Users/rar9993/repos/research/fdroid_apps/native_apps/OpenCamera-Sensors/NONE_TRANSFORMED_;/src/main/java/net/sourceforge/opencamera/cameracontroller/CameraControllerManager1.java;file:/src/main/java/net/sourceforge/opencamera/cameracontroller/CameraControllerManager1.java
MemberIgnoringMethod;DAAP;/Users/rar9993/repos/research/fdroid_apps/native_apps/OpenCamera-Sensors/NONE_TRANSFORMED_;/src/main/java/net/sourceforge/opencamera/cameracontroller/CameraControllerManager.java;file:/src/main/java/net/sourceforge/opencamera/cameracontroller/CameraControllerManager.java
MemberIgnoringMethod;DAAP;/Users/rar9993/repos/research/fdroid_apps/native_apps/OpenCamera-Sensors/NONE_TRANSFORMED_;/src/main/java/net/sourceforge/opencamera/cameracontroller/CameraController.java;file:/src/main/java/net/sourceforge/opencamera/cameracontroller/CameraController.java
MemberIgnoringMethod;DAAP;/Users/rar9993/repos/research/fdroid_apps/native_apps/OpenCamera-Sensors/NONE_TRANSFORMED_;/src/main/java/net/sourceforge/opencamera/cameracontroller/CameraController1.java;file:/src/main/java/net/sourceforge/opencamera/cameracontroller/CameraController1.java
MemberIgnoringMethod;DAAP;/Users/rar9993/repos/research/fdroid_apps/native_apps/OpenCamera-Sensors/NONE_TRANSFORMED_;/src/main/java/net/sourceforge/opencamera/StorageUtilsWrapper.java;file:/src/main/java/net/sourceforge/opencamera/StorageUtilsWrapper.java
MemberIgnoringMethod;DAAP;/Users/rar9993/repos/research/fdroid_apps/native_apps/OpenCamera-Sensors/NONE_TRANSFORMED_;/src/main/java/net/sourceforge/opencamera/MyTileServiceVideo.java;file:/src/main/java/net/sourceforge/opencamera/MyTileServiceVideo.java
MemberIgnoringMethod;DAAP;/Users/rar9993/repos/research/fdroid_apps/native_apps/OpenCamera-Sensors/NONE_TRANSFORMED_;/src/main/java/net/sourceforge/opencamera/GyroSensor.java;file:/src/main/java/net/sourceforge/opencamera/GyroSensor.java
MemberIgnoringMethod;DAAP;/Users/rar9993/repos/research/fdroid_apps/native_apps/OpenCamera-Sensors/NONE_TRANSFORMED_;/src/main/java/net/sourceforge/opencamera/recsync/SoftwareSyncHelper.java;file:/src/main/java/net/sourceforge/opencamera/recsync/SoftwareSyncHelper.java
MemberIgnoringMethod;DAAP;/Users/rar9993/repos/research/fdroid_apps/native_apps/OpenCamera-Sensors/NONE_TRANSFORMED_;/src/main/java/net/sourceforge/opencamera/MainActivity.java;file:/src/main/java/net/sourceforge/opencamera/MainActivity.java
MemberIgnoringMethod;DAAP;/Users/rar9993/repos/research/fdroid_apps/native_apps/OpenCamera-Sensors/NONE_TRANSFORMED_;/src/main/java/net/sourceforge/opencamera/HDRProcessor.java;file:/src/main/java/net/sourceforge/opencamera/HDRProcessor.java
MemberIgnoringMethod;DAAP;/Users/rar9993/repos/research/fdroid_apps/native_apps/OpenCamera-Sensors/NONE_TRANSFORMED_;/src/main/java/net/sourceforge/opencamera/AudioListener.java;file:/src/main/java/net/sourceforge/opencamera/AudioListener.java
MemberIgnoringMethod;DAAP;/Users/rar9993/repos/research/fdroid_apps/native_apps/OpenCamera-Sensors/NONE_TRANSFORMED_;/src/main/java/net/sourceforge/opencamera/MyApplicationInterface.java;file:/src/main/java/net/sourceforge/opencamera/MyApplicationInterface.java
MemberIgnoringMethod;DAAP;/Users/rar9993/repos/research/fdroid_apps/native_apps/OpenCamera-Sensors/NONE_TRANSFORMED_;/src/main/java/net/sourceforge/opencamera/LocationSupplier.java;file:/src/main/java/net/sourceforge/opencamera/LocationSupplier.java
MemberIgnoringMethod;DAAP;/Users/rar9993/repos/research/fdroid_apps/native_apps/OpenCamera-Sensors/NONE_TRANSFORMED_;/src/main/java/net/sourceforge/opencamera/PanoramaProcessor.java;file:/src/main/java/net/sourceforge/opencamera/PanoramaProcessor.java
MemberIgnoringMethod;DAAP;/Users/rar9993/repos/research/fdroid_apps/native_apps/OpenCamera-Sensors/NONE_TRANSFORMED_;/src/main/java/net/sourceforge/opencamera/SpeechControl.java;file:/src/main/java/net/sourceforge/opencamera/SpeechControl.java
MemberIgnoringMethod;DAAP;/Users/rar9993/repos/research/fdroid_apps/native_apps/OpenCamera-Sensors/NONE_TRANSFORMED_;/src/main/java/net/sourceforge/opencamera/preview/Preview.java;file:/src/main/java/net/sourceforge/opencamera/preview/Preview.java
MemberIgnoringMethod;DAAP;/Users/rar9993/repos/research/fdroid_apps/native_apps/OpenCamera-Sensors/NONE_TRANSFORMED_;/src/main/java/net/sourceforge/opencamera/preview/VideoQualityHandler.java;file:/src/main/java/net/sourceforge/opencamera/preview/VideoQualityHandler.java
MemberIgnoringMethod;DAAP;/Users/rar9993/repos/research/fdroid_apps/native_apps/OpenCamera-Sensors/NONE_TRANSFORMED_;/src/main/java/net/sourceforge/opencamera/preview/BasicApplicationInterface.java;file:/src/main/java/net/sourceforge/opencamera/preview/BasicApplicationInterface.java
MemberIgnoringMethod;DAAP;/Users/rar9993/repos/research/fdroid_apps/native_apps/OpenCamera-Sensors/NONE_TRANSFORMED_;/src/main/java/net/sourceforge/opencamera/preview/ApplicationInterface.java;file:/src/main/java/net/sourceforge/opencamera/preview/ApplicationInterface.java
MemberIgnoringMethod;DAAP;/Users/rar9993/repos/research/fdroid_apps/native_apps/OpenCamera-Sensors/NONE_TRANSFORMED_;/src/main/java/net/sourceforge/opencamera/preview/camerasurface/CameraSurface.java;file:/src/main/java/net/sourceforge/opencamera/preview/camerasurface/CameraSurface.java
MemberIgnoringMethod;DAAP;/Users/rar9993/repos/research/fdroid_apps/native_apps/OpenCamera-Sensors/NONE_TRANSFORMED_;/src/main/java/net/sourceforge/opencamera/preview/camerasurface/MySurfaceView.java;file:/src/main/java/net/sourceforge/opencamera/preview/camerasurface/MySurfaceView.java
MemberIgnoringMethod;DAAP;/Users/rar9993/repos/research/fdroid_apps/native_apps/OpenCamera-Sensors/NONE_TRANSFORMED_;/src/main/java/net/sourceforge/opencamera/preview/camerasurface/MyTextureView.java;file:/src/main/java/net/sourceforge/opencamera/preview/camerasurface/MyTextureView.java
MemberIgnoringMethod;DAAP;/Users/rar9993/repos/research/fdroid_apps/native_apps/OpenCamera-Sensors/NONE_TRANSFORMED_;/src/main/java/net/sourceforge/opencamera/remotecontrol/BluetoothLeService.java;file:/src/main/java/net/sourceforge/opencamera/remotecontrol/BluetoothLeService.java
MemberIgnoringMethod;DAAP;/Users/rar9993/repos/research/fdroid_apps/native_apps/OpenCamera-Sensors/NONE_TRANSFORMED_;/src/main/java/net/sourceforge/opencamera/remotecontrol/DeviceScanner.java;file:/src/main/java/net/sourceforge/opencamera/remotecontrol/DeviceScanner.java
MemberIgnoringMethod;DAAP;/Users/rar9993/repos/research/fdroid_apps/native_apps/OpenCamera-Sensors/NONE_TRANSFORMED_;/src/main/java/net/sourceforge/opencamera/MyTileServiceFrontCamera.java;file:/src/main/java/net/sourceforge/opencamera/MyTileServiceFrontCamera.java
MemberIgnoringMethod;DAAP;/Users/rar9993/repos/research/fdroid_apps/native_apps/OpenCamera-Sensors/NONE_TRANSFORMED_;/src/main/java/net/sourceforge/opencamera/StorageUtils.java;file:/src/main/java/net/sourceforge/opencamera/StorageUtils.java
MemberIgnoringMethod;DAAP;/Users/rar9993/repos/research/fdroid_apps/native_apps/OpenCamera-Sensors/NONE_TRANSFORMED_;/src/main/java/com/googleresearch/capturesync/softwaresync/SoftwareSyncLeader.java;file:/src/main/java/com/googleresearch/capturesync/softwaresync/SoftwareSyncLeader.java
MemberIgnoringMethod;DAAP;/Users/rar9993/repos/research/fdroid_apps/native_apps/OpenCamera-Sensors/NONE_TRANSFORMED_;/src/main/java/com/googleresearch/capturesync/softwaresync/RpcCallback.java;file:/src/main/java/com/googleresearch/capturesync/softwaresync/RpcCallback.java
MemberIgnoringMethod;DAAP;/Users/rar9993/repos/research/fdroid_apps/native_apps/OpenCamera-Sensors/NONE_TRANSFORMED_;/src/main/java/com/googleresearch/capturesync/softwaresync/phasealign/StreamUtils.java;file:/src/main/java/com/googleresearch/capturesync/softwaresync/phasealign/StreamUtils.java
MemberIgnoringMethod;DAAP;/Users/rar9993/repos/research/fdroid_apps/native_apps/OpenCamera-Sensors/NONE_TRANSFORMED_;/src/main/java/com/googleresearch/capturesync/softwaresync/phasealign/PeriodCalculator.java;file:/src/main/java/com/googleresearch/capturesync/softwaresync/phasealign/PeriodCalculator.java
MemberIgnoringMethod;DAAP;/Users/rar9993/repos/research/fdroid_apps/native_apps/OpenCamera-Sensors/NONE_TRANSFORMED_;/src/main/java/com/googleresearch/capturesync/softwaresync/NetworkHelpers.java;file:/src/main/java/com/googleresearch/capturesync/softwaresync/NetworkHelpers.java
MemberIgnoringMethod;DAAP;/Users/rar9993/repos/research/fdroid_apps/native_apps/OpenCamera-Sensors/NONE_TRANSFORMED_;/src/main/java/com/googleresearch/capturesync/softwaresync/TimeDomainConverter.java;file:/src/main/java/com/googleresearch/capturesync/softwaresync/TimeDomainConverter.java
MemberIgnoringMethod;DAAP;/Users/rar9993/repos/research/fdroid_apps/native_apps/OpenCamera-Sensors/NONE_TRANSFORMED_;/src/main/java/com/googleresearch/capturesync/softwaresync/SystemTicker.java;file:/src/main/java/com/googleresearch/capturesync/softwaresync/SystemTicker.java
MemberIgnoringMethod;DAAP;/Users/rar9993/repos/research/fdroid_apps/native_apps/OpenCamera-Sensors/NONE_TRANSFORMED_;/src/main/java/com/googleresearch/capturesync/softwaresync/Ticker.java;file:/src/main/java/com/googleresearch/capturesync/softwaresync/Ticker.java
LeakingThread;DAAP;/Users/rar9993/repos/research/fdroid_apps/native_apps/OpenCamera-Sensors/NONE_TRANSFORMED_;/src/main/java/net/sourceforge/opencamera/cameracontroller/CameraController2.java;file:/src/main/java/net/sourceforge/opencamera/cameracontroller/CameraController2.java
LeakingThread;DAAP;/Users/rar9993/repos/research/fdroid_apps/native_apps/OpenCamera-Sensors/NONE_TRANSFORMED_;/src/main/java/net/sourceforge/opencamera/recsync/SoftwareSyncHelper.java;file:/src/main/java/net/sourceforge/opencamera/recsync/SoftwareSyncHelper.java
LeakingThread;DAAP;/Users/rar9993/repos/research/fdroid_apps/native_apps/OpenCamera-Sensors/NONE_TRANSFORMED_;/src/main/java/net/sourceforge/opencamera/preview/CanvasView.java;file:/src/main/java/net/sourceforge/opencamera/preview/CanvasView.java
LeakingThread;DAAP;/Users/rar9993/repos/research/fdroid_apps/native_apps/OpenCamera-Sensors/NONE_TRANSFORMED_;/src/main/java/net/sourceforge/opencamera/preview/camerasurface/MySurfaceView.java;file:/src/main/java/net/sourceforge/opencamera/preview/camerasurface/MySurfaceView.java
LeakingThread;DAAP;/Users/rar9993/repos/research/fdroid_apps/native_apps/OpenCamera-Sensors/NONE_TRANSFORMED_;/src/main/java/net/sourceforge/opencamera/ExtendedAppInterface.java;file:/src/main/java/net/sourceforge/opencamera/ExtendedAppInterface.java
LeakingThread;DAAP;/Users/rar9993/repos/research/fdroid_apps/native_apps/OpenCamera-Sensors/NONE_TRANSFORMED_;/src/main/java/com/googleresearch/capturesync/PhaseAlignController.java;file:/src/main/java/com/googleresearch/capturesync/PhaseAlignController.java
InternalGetterSetter;DAAP;/Users/rar9993/repos/research/fdroid_apps/native_apps/OpenCamera-Sensors/NONE_TRANSFORMED_;/src/main/java/net/sourceforge/opencamera/ui/ArraySeekBarPreference.java;file:/src/main/java/net/sourceforge/opencamera/ui/ArraySeekBarPreference.java
InternalGetterSetter;DAAP;/Users/rar9993/repos/research/fdroid_apps/native_apps/OpenCamera-Sensors/NONE_TRANSFORMED_;/src/main/java/net/sourceforge/opencamera/ui/FolderChooserDialog.java;file:/src/main/java/net/sourceforge/opencamera/ui/FolderChooserDialog.java
InternalGetterSetter;DAAP;/Users/rar9993/repos/research/fdroid_apps/native_apps/OpenCamera-Sensors/NONE_TRANSFORMED_;/src/main/java/net/sourceforge/opencamera/cameracontroller/CameraController2.java;file:/src/main/java/net/sourceforge/opencamera/cameracontroller/CameraController2.java
InternalGetterSetter;DAAP;/Users/rar9993/repos/research/fdroid_apps/native_apps/OpenCamera-Sensors/NONE_TRANSFORMED_;/src/main/java/net/sourceforge/opencamera/MainActivity.java;file:/src/main/java/net/sourceforge/opencamera/MainActivity.java
SlowForLoop;DAAP;/Users/rar9993/repos/research/fdroid_apps/native_apps/OpenCamera-Sensors/NONE_TRANSFORMED_;/src/main/java/net/sourceforge/opencamera/ui/DrawPreview.java;file:/src/main/java/net/sourceforge/opencamera/ui/DrawPreview.java
SlowForLoop;DAAP;/Users/rar9993/repos/research/fdroid_apps/native_apps/OpenCamera-Sensors/NONE_TRANSFORMED_;/src/main/java/net/sourceforge/opencamera/ui/ArraySeekBarPreference.java;file:/src/main/java/net/sourceforge/opencamera/ui/ArraySeekBarPreference.java
SlowForLoop;DAAP;/Users/rar9993/repos/research/fdroid_apps/native_apps/OpenCamera-Sensors/NONE_TRANSFORMED_;/src/main/java/net/sourceforge/opencamera/ui/FolderChooserDialog.java;file:/src/main/java/net/sourceforge/opencamera/ui/FolderChooserDialog.java
SlowForLoop;DAAP;/Users/rar9993/repos/research/fdroid_apps/native_apps/OpenCamera-Sensors/NONE_TRANSFORMED_;/src/main/java/net/sourceforge/opencamera/ui/PopupView.java;file:/src/main/java/net/sourceforge/opencamera/ui/PopupView.java
SlowForLoop;DAAP;/Users/rar9993/repos/research/fdroid_apps/native_apps/OpenCamera-Sensors/NONE_TRANSFORMED_;/src/main/java/net/sourceforge/opencamera/ui/ManualSeekbars.java;file:/src/main/java/net/sourceforge/opencamera/ui/ManualSeekbars.java
SlowForLoop;DAAP;/Users/rar9993/repos/research/fdroid_apps/native_apps/OpenCamera-Sensors/NONE_TRANSFORMED_;/src/main/java/net/sourceforge/opencamera/ui/MainUI.java;file:/src/main/java/net/sourceforge/opencamera/ui/MainUI.java
SlowForLoop;DAAP;/Users/rar9993/repos/research/fdroid_apps/native_apps/OpenCamera-Sensors/NONE_TRANSFORMED_;/src/main/java/net/sourceforge/opencamera/sensorlogging/RawSensorInfo.java;file:/src/main/java/net/sourceforge/opencamera/sensorlogging/RawSensorInfo.java
SlowForLoop;DAAP;/Users/rar9993/repos/research/fdroid_apps/native_apps/OpenCamera-Sensors/NONE_TRANSFORMED_;/src/main/java/net/sourceforge/opencamera/MyPreferenceFragment.java;file:/src/main/java/net/sourceforge/opencamera/MyPreferenceFragment.java
SlowForLoop;DAAP;/Users/rar9993/repos/research/fdroid_apps/native_apps/OpenCamera-Sensors/NONE_TRANSFORMED_;/src/main/java/net/sourceforge/opencamera/cameracontroller/CameraController2.java;file:/src/main/java/net/sourceforge/opencamera/cameracontroller/CameraController2.java
SlowForLoop;DAAP;/Users/rar9993/repos/research/fdroid_apps/native_apps/OpenCamera-Sensors/NONE_TRANSFORMED_;/src/main/java/net/sourceforge/opencamera/cameracontroller/YuvImageUtils.java;file:/src/main/java/net/sourceforge/opencamera/cameracontroller/YuvImageUtils.java
SlowForLoop;DAAP;/Users/rar9993/repos/research/fdroid_apps/native_apps/OpenCamera-Sensors/NONE_TRANSFORMED_;/src/main/java/net/sourceforge/opencamera/cameracontroller/CameraController.java;file:/src/main/java/net/sourceforge/opencamera/cameracontroller/CameraController.java
SlowForLoop;DAAP;/Users/rar9993/repos/research/fdroid_apps/native_apps/OpenCamera-Sensors/NONE_TRANSFORMED_;/src/main/java/net/sourceforge/opencamera/cameracontroller/CameraController1.java;file:/src/main/java/net/sourceforge/opencamera/cameracontroller/CameraController1.java
SlowForLoop;DAAP;/Users/rar9993/repos/research/fdroid_apps/native_apps/OpenCamera-Sensors/NONE_TRANSFORMED_;/src/main/java/net/sourceforge/opencamera/GyroSensor.java;file:/src/main/java/net/sourceforge/opencamera/GyroSensor.java
SlowForLoop;DAAP;/Users/rar9993/repos/research/fdroid_apps/native_apps/OpenCamera-Sensors/NONE_TRANSFORMED_;/src/main/java/net/sourceforge/opencamera/MainActivity.java;file:/src/main/java/net/sourceforge/opencamera/MainActivity.java
SlowForLoop;DAAP;/Users/rar9993/repos/research/fdroid_apps/native_apps/OpenCamera-Sensors/NONE_TRANSFORMED_;/src/main/java/net/sourceforge/opencamera/SaveLocationHistory.java;file:/src/main/java/net/sourceforge/opencamera/SaveLocationHistory.java
SlowForLoop;DAAP;/Users/rar9993/repos/research/fdroid_apps/native_apps/OpenCamera-Sensors/NONE_TRANSFORMED_;/src/main/java/net/sourceforge/opencamera/HDRProcessor.java;file:/src/main/java/net/sourceforge/opencamera/HDRProcessor.java
SlowForLoop;DAAP;/Users/rar9993/repos/research/fdroid_apps/native_apps/OpenCamera-Sensors/NONE_TRANSFORMED_;/src/main/java/net/sourceforge/opencamera/AudioListener.java;file:/src/main/java/net/sourceforge/opencamera/AudioListener.java
SlowForLoop;DAAP;/Users/rar9993/repos/research/fdroid_apps/native_apps/OpenCamera-Sensors/NONE_TRANSFORMED_;/src/main/java/net/sourceforge/opencamera/MyApplicationInterface.java;file:/src/main/java/net/sourceforge/opencamera/MyApplicationInterface.java
SlowForLoop;DAAP;/Users/rar9993/repos/research/fdroid_apps/native_apps/OpenCamera-Sensors/NONE_TRANSFORMED_;/src/main/java/net/sourceforge/opencamera/LocationSupplier.java;file:/src/main/java/net/sourceforge/opencamera/LocationSupplier.java
SlowForLoop;DAAP;/Users/rar9993/repos/research/fdroid_apps/native_apps/OpenCamera-Sensors/NONE_TRANSFORMED_;/src/main/java/net/sourceforge/opencamera/PanoramaProcessor.java;file:/src/main/java/net/sourceforge/opencamera/PanoramaProcessor.java
SlowForLoop;DAAP;/Users/rar9993/repos/research/fdroid_apps/native_apps/OpenCamera-Sensors/NONE_TRANSFORMED_;/src/main/java/net/sourceforge/opencamera/ImageSaver.java;file:/src/main/java/net/sourceforge/opencamera/ImageSaver.java
SlowForLoop;DAAP;/Users/rar9993/repos/research/fdroid_apps/native_apps/OpenCamera-Sensors/NONE_TRANSFORMED_;/src/main/java/net/sourceforge/opencamera/SpeechControl.java;file:/src/main/java/net/sourceforge/opencamera/SpeechControl.java
SlowForLoop;DAAP;/Users/rar9993/repos/research/fdroid_apps/native_apps/OpenCamera-Sensors/NONE_TRANSFORMED_;/src/main/java/net/sourceforge/opencamera/preview/Preview.java;file:/src/main/java/net/sourceforge/opencamera/preview/Preview.java
SlowForLoop;DAAP;/Users/rar9993/repos/research/fdroid_apps/native_apps/OpenCamera-Sensors/NONE_TRANSFORMED_;/src/main/java/net/sourceforge/opencamera/preview/VideoQualityHandler.java;file:/src/main/java/net/sourceforge/opencamera/preview/VideoQualityHandler.java
SlowForLoop;DAAP;/Users/rar9993/repos/research/fdroid_apps/native_apps/OpenCamera-Sensors/NONE_TRANSFORMED_;/src/main/java/net/sourceforge/opencamera/sensorremote/RemoteRpcRequestHandler.java;file:/src/main/java/net/sourceforge/opencamera/sensorremote/RemoteRpcRequestHandler.java
SlowForLoop;DAAP;/Users/rar9993/repos/research/fdroid_apps/native_apps/OpenCamera-Sensors/NONE_TRANSFORMED_;/src/main/java/net/sourceforge/opencamera/StorageUtils.java;file:/src/main/java/net/sourceforge/opencamera/StorageUtils.java
SlowForLoop;DAAP;/Users/rar9993/repos/research/fdroid_apps/native_apps/OpenCamera-Sensors/NONE_TRANSFORMED_;/src/main/java/com/googleresearch/capturesync/softwaresync/phasealign/PeriodCalculator.java;file:/src/main/java/com/googleresearch/capturesync/softwaresync/phasealign/PeriodCalculator.java
SlowForLoop;DAAP;/Users/rar9993/repos/research/fdroid_apps/native_apps/OpenCamera-Sensors/NONE_TRANSFORMED_;/src/main/java/com/googleresearch/capturesync/softwaresync/SimpleNetworkTimeProtocol.java;file:/src/main/java/com/googleresearch/capturesync/softwaresync/SimpleNetworkTimeProtocol.java
NoLowMemoryResolver;DAAP;/Users/rar9993/repos/research/fdroid_apps/native_apps/OpenCamera-Sensors/NONE_TRANSFORMED_;/src/main/java/net/sourceforge/opencamera/MainActivity.java;file:/src/main/java/net/sourceforge/opencamera/MainActivity.java
NoLowMemoryResolver;DAAP;/Users/rar9993/repos/research/fdroid_apps/native_apps/OpenCamera-Sensors/NONE_TRANSFORMED_;/src/main/java/net/sourceforge/opencamera/TakePhoto.java;file:/src/main/java/net/sourceforge/opencamera/TakePhoto.java
NoLowMemoryResolver;DAAP;/Users/rar9993/repos/research/fdroid_apps/native_apps/OpenCamera-Sensors/NONE_TRANSFORMED_;/src/main/java/net/sourceforge/opencamera/remotecontrol/DeviceScanner.java;file:/src/main/java/net/sourceforge/opencamera/remotecontrol/DeviceScanner.java
WakeLock;DAAP;/Users/rar9993/repos/research/fdroid_apps/native_apps/OpenCamera-Sensors/NONE_TRANSFORMED_;/src/main/java/net/sourceforge/opencamera/cameracontroller/CameraController2.java;file:/src/main/java/net/sourceforge/opencamera/cameracontroller/CameraController2.java
UnclosedCloseable;DAAP;/Users/rar9993/repos/research/fdroid_apps/native_apps/OpenCamera-Sensors/NONE_TRANSFORMED_;/src/main/java/net/sourceforge/opencamera/cameracontroller/YuvImageUtils.java;file:/src/main/java/net/sourceforge/opencamera/cameracontroller/YuvImageUtils.java
CollectionOfViews;DAAP;/Users/rar9993/repos/research/fdroid_apps/native_apps/OpenCamera-Sensors/NONE_TRANSFORMED_;/src/main/java/net/sourceforge/opencamera/ui/FolderChooserDialog.java;file:/src/main/java/net/sourceforge/opencamera/ui/FolderChooserDialog.java
CollectionOfBitmaps;DAAP;/Users/rar9993/repos/research/fdroid_apps/native_apps/OpenCamera-Sensors/NONE_TRANSFORMED_;/src/main/java/net/sourceforge/opencamera/MainActivity.java;file:/src/main/java/net/sourceforge/opencamera/MainActivity.java
CollectionOfBitmaps;DAAP;/Users/rar9993/repos/research/fdroid_apps/native_apps/OpenCamera-Sensors/NONE_TRANSFORMED_;/src/main/java/net/sourceforge/opencamera/PanoramaProcessor.java;file:/src/main/java/net/sourceforge/opencamera/PanoramaProcessor.java
DroppedData;DAAP;/Users/rar9993/repos/research/fdroid_apps/native_apps/OpenCamera-Sensors/NONE_TRANSFORMED_;/src/main/java/net/sourceforge/opencamera/ui/FolderChooserDialog.java;file:/src/main/java/net/sourceforge/opencamera/ui/FolderChooserDialog.java
DroppedData;DAAP;/Users/rar9993/repos/research/fdroid_apps/native_apps/OpenCamera-Sensors/NONE_TRANSFORMED_;/src/main/java/net/sourceforge/opencamera/MyPreferenceFragment.java;file:/src/main/java/net/sourceforge/opencamera/MyPreferenceFragment.java
DroppedData;DAAP;/Users/rar9993/repos/research/fdroid_apps/native_apps/OpenCamera-Sensors/NONE_TRANSFORMED_;/src/main/java/net/sourceforge/opencamera/TakePhoto.java;file:/src/main/java/net/sourceforge/opencamera/TakePhoto.java
DroppedData;DAAP;/Users/rar9993/repos/research/fdroid_apps/native_apps/OpenCamera-Sensors/NONE_TRANSFORMED_;/src/main/java/net/sourceforge/opencamera/remotecontrol/DeviceScanner.java;file:/src/main/java/net/sourceforge/opencamera/remotecontrol/DeviceScanner.java
