Issue;Tool;Project;File;Location
DataTransmissionWithoutCompression;aDoctor;/Users/rar9993/repos/research/fdroid_apps/native_apps/kouchat-android/NONE_TRANSFORMED_;/Users/rar9993/repos/research/fdroid_apps/native_apps/kouchat-android/app/src/main/java/net/usikkert/kouchat/misc/CommandParser.java;file:/Users/rar9993/repos/research/fdroid_apps/native_apps/kouchat-android/app/src/main/java/net/usikkert/kouchat/misc/CommandParser.java|class:net.usikkert.kouchat.misc.CommandParser
MemberIgnoringMethod;aDoctor;/Users/rar9993/repos/research/fdroid_apps/native_apps/kouchat-android/NONE_TRANSFORMED_;/Users/rar9993/repos/research/fdroid_apps/native_apps/kouchat-android/app/src/main/java/net/usikkert/kouchat/misc/CommandParser.java;file:/Users/rar9993/repos/research/fdroid_apps/native_apps/kouchat-android/app/src/main/java/net/usikkert/kouchat/misc/CommandParser.java|class:net.usikkert.kouchat.misc.CommandParser
SlowForLoop;aDoctor;/Users/rar9993/repos/research/fdroid_apps/native_apps/kouchat-android/NONE_TRANSFORMED_;/Users/rar9993/repos/research/fdroid_apps/native_apps/kouchat-android/app/src/main/java/net/usikkert/kouchat/misc/CommandParser.java;file:/Users/rar9993/repos/research/fdroid_apps/native_apps/kouchat-android/app/src/main/java/net/usikkert/kouchat/misc/CommandParser.java|class:net.usikkert.kouchat.misc.CommandParser
LeakingThread;aDoctor;/Users/rar9993/repos/research/fdroid_apps/native_apps/kouchat-android/NONE_TRANSFORMED_;/Users/rar9993/repos/research/fdroid_apps/native_apps/kouchat-android/app/src/main/java/net/usikkert/kouchat/misc/IdleThread.java;file:/Users/rar9993/repos/research/fdroid_apps/native_apps/kouchat-android/app/src/main/java/net/usikkert/kouchat/misc/IdleThread.java|class:net.usikkert.kouchat.misc.IdleThread
SlowForLoop;aDoctor;/Users/rar9993/repos/research/fdroid_apps/native_apps/kouchat-android/NONE_TRANSFORMED_;/Users/rar9993/repos/research/fdroid_apps/native_apps/kouchat-android/app/src/main/java/net/usikkert/kouchat/misc/IdleThread.java;file:/Users/rar9993/repos/research/fdroid_apps/native_apps/kouchat-android/app/src/main/java/net/usikkert/kouchat/misc/IdleThread.java|class:net.usikkert.kouchat.misc.IdleThread
DataTransmissionWithoutCompression;aDoctor;/Users/rar9993/repos/research/fdroid_apps/native_apps/kouchat-android/NONE_TRANSFORMED_;/Users/rar9993/repos/research/fdroid_apps/native_apps/kouchat-android/app/src/main/java/net/usikkert/kouchat/misc/ChatLogger.java;file:/Users/rar9993/repos/research/fdroid_apps/native_apps/kouchat-android/app/src/main/java/net/usikkert/kouchat/misc/ChatLogger.java|class:net.usikkert.kouchat.misc.ChatLogger
InternalGetterSetter;aDoctor;/Users/rar9993/repos/research/fdroid_apps/native_apps/kouchat-android/NONE_TRANSFORMED_;/Users/rar9993/repos/research/fdroid_apps/native_apps/kouchat-android/app/src/main/java/net/usikkert/kouchat/misc/User.java;file:/Users/rar9993/repos/research/fdroid_apps/native_apps/kouchat-android/app/src/main/java/net/usikkert/kouchat/misc/User.java|class:net.usikkert.kouchat.misc.User
LeakingThread;aDoctor;/Users/rar9993/repos/research/fdroid_apps/native_apps/kouchat-android/NONE_TRANSFORMED_;/Users/rar9993/repos/research/fdroid_apps/native_apps/kouchat-android/app/src/main/java/net/usikkert/kouchat/misc/DayTimer.java;file:/Users/rar9993/repos/research/fdroid_apps/native_apps/kouchat-android/app/src/main/java/net/usikkert/kouchat/misc/DayTimer.java|class:net.usikkert.kouchat.misc.DayTimer
DataTransmissionWithoutCompression;aDoctor;/Users/rar9993/repos/research/fdroid_apps/native_apps/kouchat-android/NONE_TRANSFORMED_;/Users/rar9993/repos/research/fdroid_apps/native_apps/kouchat-android/app/src/main/java/net/usikkert/kouchat/misc/Controller.java;file:/Users/rar9993/repos/research/fdroid_apps/native_apps/kouchat-android/app/src/main/java/net/usikkert/kouchat/misc/Controller.java|class:net.usikkert.kouchat.misc.Controller
LeakingThread;aDoctor;/Users/rar9993/repos/research/fdroid_apps/native_apps/kouchat-android/NONE_TRANSFORMED_;/Users/rar9993/repos/research/fdroid_apps/native_apps/kouchat-android/app/src/main/java/net/usikkert/kouchat/misc/Controller.java;file:/Users/rar9993/repos/research/fdroid_apps/native_apps/kouchat-android/app/src/main/java/net/usikkert/kouchat/misc/Controller.java|class:net.usikkert.kouchat.misc.Controller
MemberIgnoringMethod;aDoctor;/Users/rar9993/repos/research/fdroid_apps/native_apps/kouchat-android/NONE_TRANSFORMED_;/Users/rar9993/repos/research/fdroid_apps/native_apps/kouchat-android/app/src/main/java/net/usikkert/kouchat/misc/Controller.java;file:/Users/rar9993/repos/research/fdroid_apps/native_apps/kouchat-android/app/src/main/java/net/usikkert/kouchat/misc/Controller.java|class:net.usikkert.kouchat.misc.Controller
SlowForLoop;aDoctor;/Users/rar9993/repos/research/fdroid_apps/native_apps/kouchat-android/NONE_TRANSFORMED_;/Users/rar9993/repos/research/fdroid_apps/native_apps/kouchat-android/app/src/main/java/net/usikkert/kouchat/misc/Controller.java;file:/Users/rar9993/repos/research/fdroid_apps/native_apps/kouchat-android/app/src/main/java/net/usikkert/kouchat/misc/Controller.java|class:net.usikkert.kouchat.misc.Controller
SlowForLoop;aDoctor;/Users/rar9993/repos/research/fdroid_apps/native_apps/kouchat-android/NONE_TRANSFORMED_;/Users/rar9993/repos/research/fdroid_apps/native_apps/kouchat-android/app/src/main/java/net/usikkert/kouchat/misc/UserListController.java;file:/Users/rar9993/repos/research/fdroid_apps/native_apps/kouchat-android/app/src/main/java/net/usikkert/kouchat/misc/UserListController.java|class:net.usikkert.kouchat.misc.UserListController
LeakingThread;aDoctor;/Users/rar9993/repos/research/fdroid_apps/native_apps/kouchat-android/NONE_TRANSFORMED_;/Users/rar9993/repos/research/fdroid_apps/native_apps/kouchat-android/app/src/main/java/net/usikkert/kouchat/misc/DelayedLogonTask.java;file:/Users/rar9993/repos/research/fdroid_apps/native_apps/kouchat-android/app/src/main/java/net/usikkert/kouchat/misc/DelayedLogonTask.java|class:net.usikkert.kouchat.misc.DelayedLogonTask
InternalGetterSetter;aDoctor;/Users/rar9993/repos/research/fdroid_apps/native_apps/kouchat-android/NONE_TRANSFORMED_;/Users/rar9993/repos/research/fdroid_apps/native_apps/kouchat-android/app/src/main/java/net/usikkert/kouchat/misc/Topic.java;file:/Users/rar9993/repos/research/fdroid_apps/native_apps/kouchat-android/app/src/main/java/net/usikkert/kouchat/misc/Topic.java|class:net.usikkert.kouchat.misc.Topic
MemberIgnoringMethod;aDoctor;/Users/rar9993/repos/research/fdroid_apps/native_apps/kouchat-android/NONE_TRANSFORMED_;/Users/rar9993/repos/research/fdroid_apps/native_apps/kouchat-android/app/src/main/java/net/usikkert/kouchat/misc/Topic.java;file:/Users/rar9993/repos/research/fdroid_apps/native_apps/kouchat-android/app/src/main/java/net/usikkert/kouchat/misc/Topic.java|class:net.usikkert.kouchat.misc.Topic
MemberIgnoringMethod;aDoctor;/Users/rar9993/repos/research/fdroid_apps/native_apps/kouchat-android/NONE_TRANSFORMED_;/Users/rar9993/repos/research/fdroid_apps/native_apps/kouchat-android/app/src/main/java/net/usikkert/kouchat/settings/PropertyFileSettingsLoader.java;file:/Users/rar9993/repos/research/fdroid_apps/native_apps/kouchat-android/app/src/main/java/net/usikkert/kouchat/settings/PropertyFileSettingsLoader.java|class:net.usikkert.kouchat.settings.PropertyFileSettingsLoader
DataTransmissionWithoutCompression;aDoctor;/Users/rar9993/repos/research/fdroid_apps/native_apps/kouchat-android/NONE_TRANSFORMED_;/Users/rar9993/repos/research/fdroid_apps/native_apps/kouchat-android/app/src/main/java/net/usikkert/kouchat/net/DefaultMessageResponder.java;file:/Users/rar9993/repos/research/fdroid_apps/native_apps/kouchat-android/app/src/main/java/net/usikkert/kouchat/net/DefaultMessageResponder.java|class:net.usikkert.kouchat.net.DefaultMessageResponder
MemberIgnoringMethod;aDoctor;/Users/rar9993/repos/research/fdroid_apps/native_apps/kouchat-android/NONE_TRANSFORMED_;/Users/rar9993/repos/research/fdroid_apps/native_apps/kouchat-android/app/src/main/java/net/usikkert/kouchat/net/DefaultMessageResponder.java;file:/Users/rar9993/repos/research/fdroid_apps/native_apps/kouchat-android/app/src/main/java/net/usikkert/kouchat/net/DefaultMessageResponder.java|class:net.usikkert.kouchat.net.DefaultMessageResponder
DataTransmissionWithoutCompression;aDoctor;/Users/rar9993/repos/research/fdroid_apps/native_apps/kouchat-android/NONE_TRANSFORMED_;/Users/rar9993/repos/research/fdroid_apps/native_apps/kouchat-android/app/src/main/java/net/usikkert/kouchat/net/FileToSend.java;file:/Users/rar9993/repos/research/fdroid_apps/native_apps/kouchat-android/app/src/main/java/net/usikkert/kouchat/net/FileToSend.java|class:net.usikkert.kouchat.net.FileToSend
InternalGetterSetter;aDoctor;/Users/rar9993/repos/research/fdroid_apps/native_apps/kouchat-android/NONE_TRANSFORMED_;/Users/rar9993/repos/research/fdroid_apps/native_apps/kouchat-android/app/src/main/java/net/usikkert/kouchat/net/FileToSend.java;file:/Users/rar9993/repos/research/fdroid_apps/native_apps/kouchat-android/app/src/main/java/net/usikkert/kouchat/net/FileToSend.java|class:net.usikkert.kouchat.net.FileToSend
LeakingInnerClass;aDoctor;/Users/rar9993/repos/research/fdroid_apps/native_apps/kouchat-android/NONE_TRANSFORMED_;/Users/rar9993/repos/research/fdroid_apps/native_apps/kouchat-android/app/src/main/java/net/usikkert/kouchat/net/FileToSend.java;file:/Users/rar9993/repos/research/fdroid_apps/native_apps/kouchat-android/app/src/main/java/net/usikkert/kouchat/net/FileToSend.java|class:net.usikkert.kouchat.net.FileToSend
MemberIgnoringMethod;aDoctor;/Users/rar9993/repos/research/fdroid_apps/native_apps/kouchat-android/NONE_TRANSFORMED_;/Users/rar9993/repos/research/fdroid_apps/native_apps/kouchat-android/app/src/main/java/net/usikkert/kouchat/net/NetworkUtils.java;file:/Users/rar9993/repos/research/fdroid_apps/native_apps/kouchat-android/app/src/main/java/net/usikkert/kouchat/net/NetworkUtils.java|class:net.usikkert.kouchat.net.NetworkUtils
SlowForLoop;aDoctor;/Users/rar9993/repos/research/fdroid_apps/native_apps/kouchat-android/NONE_TRANSFORMED_;/Users/rar9993/repos/research/fdroid_apps/native_apps/kouchat-android/app/src/main/java/net/usikkert/kouchat/net/NetworkUtils.java;file:/Users/rar9993/repos/research/fdroid_apps/native_apps/kouchat-android/app/src/main/java/net/usikkert/kouchat/net/NetworkUtils.java|class:net.usikkert.kouchat.net.NetworkUtils
MemberIgnoringMethod;aDoctor;/Users/rar9993/repos/research/fdroid_apps/native_apps/kouchat-android/NONE_TRANSFORMED_;/Users/rar9993/repos/research/fdroid_apps/native_apps/kouchat-android/app/src/main/java/net/usikkert/kouchat/net/NetworkService.java;file:/Users/rar9993/repos/research/fdroid_apps/native_apps/kouchat-android/app/src/main/java/net/usikkert/kouchat/net/NetworkService.java|class:net.usikkert.kouchat.net.NetworkService
LeakingThread;aDoctor;/Users/rar9993/repos/research/fdroid_apps/native_apps/kouchat-android/NONE_TRANSFORMED_;/Users/rar9993/repos/research/fdroid_apps/native_apps/kouchat-android/app/src/main/java/net/usikkert/kouchat/net/AsyncMessageResponderWrapper.java;file:/Users/rar9993/repos/research/fdroid_apps/native_apps/kouchat-android/app/src/main/java/net/usikkert/kouchat/net/AsyncMessageResponderWrapper.java|class:net.usikkert.kouchat.net.AsyncMessageResponderWrapper
MemberIgnoringMethod;aDoctor;/Users/rar9993/repos/research/fdroid_apps/native_apps/kouchat-android/NONE_TRANSFORMED_;/Users/rar9993/repos/research/fdroid_apps/native_apps/kouchat-android/app/src/main/java/net/usikkert/kouchat/net/OperatingSystemNetworkInfo.java;file:/Users/rar9993/repos/research/fdroid_apps/native_apps/kouchat-android/app/src/main/java/net/usikkert/kouchat/net/OperatingSystemNetworkInfo.java|class:net.usikkert.kouchat.net.OperatingSystemNetworkInfo
SlowForLoop;aDoctor;/Users/rar9993/repos/research/fdroid_apps/native_apps/kouchat-android/NONE_TRANSFORMED_;/Users/rar9993/repos/research/fdroid_apps/native_apps/kouchat-android/app/src/main/java/net/usikkert/kouchat/net/OperatingSystemNetworkInfo.java;file:/Users/rar9993/repos/research/fdroid_apps/native_apps/kouchat-android/app/src/main/java/net/usikkert/kouchat/net/OperatingSystemNetworkInfo.java|class:net.usikkert.kouchat.net.OperatingSystemNetworkInfo
LeakingThread;aDoctor;/Users/rar9993/repos/research/fdroid_apps/native_apps/kouchat-android/NONE_TRANSFORMED_;/Users/rar9993/repos/research/fdroid_apps/native_apps/kouchat-android/app/src/main/java/net/usikkert/kouchat/net/UDPReceiver.java;file:/Users/rar9993/repos/research/fdroid_apps/native_apps/kouchat-android/app/src/main/java/net/usikkert/kouchat/net/UDPReceiver.java|class:net.usikkert.kouchat.net.UDPReceiver
DataTransmissionWithoutCompression;aDoctor;/Users/rar9993/repos/research/fdroid_apps/native_apps/kouchat-android/NONE_TRANSFORMED_;/Users/rar9993/repos/research/fdroid_apps/native_apps/kouchat-android/app/src/main/java/net/usikkert/kouchat/net/FileReceiver.java;file:/Users/rar9993/repos/research/fdroid_apps/native_apps/kouchat-android/app/src/main/java/net/usikkert/kouchat/net/FileReceiver.java|class:net.usikkert.kouchat.net.FileReceiver
LeakingInnerClass;aDoctor;/Users/rar9993/repos/research/fdroid_apps/native_apps/kouchat-android/NONE_TRANSFORMED_;/Users/rar9993/repos/research/fdroid_apps/native_apps/kouchat-android/app/src/main/java/net/usikkert/kouchat/net/FileReceiver.java;file:/Users/rar9993/repos/research/fdroid_apps/native_apps/kouchat-android/app/src/main/java/net/usikkert/kouchat/net/FileReceiver.java|class:net.usikkert.kouchat.net.FileReceiver
LeakingThread;aDoctor;/Users/rar9993/repos/research/fdroid_apps/native_apps/kouchat-android/NONE_TRANSFORMED_;/Users/rar9993/repos/research/fdroid_apps/native_apps/kouchat-android/app/src/main/java/net/usikkert/kouchat/net/FileReceiver.java;file:/Users/rar9993/repos/research/fdroid_apps/native_apps/kouchat-android/app/src/main/java/net/usikkert/kouchat/net/FileReceiver.java|class:net.usikkert.kouchat.net.FileReceiver
MemberIgnoringMethod;aDoctor;/Users/rar9993/repos/research/fdroid_apps/native_apps/kouchat-android/NONE_TRANSFORMED_;/Users/rar9993/repos/research/fdroid_apps/native_apps/kouchat-android/app/src/main/java/net/usikkert/kouchat/net/FileReceiver.java;file:/Users/rar9993/repos/research/fdroid_apps/native_apps/kouchat-android/app/src/main/java/net/usikkert/kouchat/net/FileReceiver.java|class:net.usikkert.kouchat.net.FileReceiver
MemberIgnoringMethod;aDoctor;/Users/rar9993/repos/research/fdroid_apps/native_apps/kouchat-android/NONE_TRANSFORMED_;/Users/rar9993/repos/research/fdroid_apps/native_apps/kouchat-android/app/src/main/java/net/usikkert/kouchat/net/FileSender.java;file:/Users/rar9993/repos/research/fdroid_apps/native_apps/kouchat-android/app/src/main/java/net/usikkert/kouchat/net/FileSender.java|class:net.usikkert.kouchat.net.FileSender
DataTransmissionWithoutCompression;aDoctor;/Users/rar9993/repos/research/fdroid_apps/native_apps/kouchat-android/NONE_TRANSFORMED_;/Users/rar9993/repos/research/fdroid_apps/native_apps/kouchat-android/app/src/main/java/net/usikkert/kouchat/net/TransferList.java;file:/Users/rar9993/repos/research/fdroid_apps/native_apps/kouchat-android/app/src/main/java/net/usikkert/kouchat/net/TransferList.java|class:net.usikkert.kouchat.net.TransferList
MemberIgnoringMethod;aDoctor;/Users/rar9993/repos/research/fdroid_apps/native_apps/kouchat-android/NONE_TRANSFORMED_;/Users/rar9993/repos/research/fdroid_apps/native_apps/kouchat-android/app/src/main/java/net/usikkert/kouchat/net/TransferList.java;file:/Users/rar9993/repos/research/fdroid_apps/native_apps/kouchat-android/app/src/main/java/net/usikkert/kouchat/net/TransferList.java|class:net.usikkert.kouchat.net.TransferList
LeakingThread;aDoctor;/Users/rar9993/repos/research/fdroid_apps/native_apps/kouchat-android/NONE_TRANSFORMED_;/Users/rar9993/repos/research/fdroid_apps/native_apps/kouchat-android/app/src/main/java/net/usikkert/kouchat/net/MessageReceiver.java;file:/Users/rar9993/repos/research/fdroid_apps/native_apps/kouchat-android/app/src/main/java/net/usikkert/kouchat/net/MessageReceiver.java|class:net.usikkert.kouchat.net.MessageReceiver
MemberIgnoringMethod;aDoctor;/Users/rar9993/repos/research/fdroid_apps/native_apps/kouchat-android/NONE_TRANSFORMED_;/Users/rar9993/repos/research/fdroid_apps/native_apps/kouchat-android/app/src/main/java/net/usikkert/kouchat/net/MessageReceiver.java;file:/Users/rar9993/repos/research/fdroid_apps/native_apps/kouchat-android/app/src/main/java/net/usikkert/kouchat/net/MessageReceiver.java|class:net.usikkert.kouchat.net.MessageReceiver
MemberIgnoringMethod;aDoctor;/Users/rar9993/repos/research/fdroid_apps/native_apps/kouchat-android/NONE_TRANSFORMED_;/Users/rar9993/repos/research/fdroid_apps/native_apps/kouchat-android/app/src/main/java/net/usikkert/kouchat/net/MessageSender.java;file:/Users/rar9993/repos/research/fdroid_apps/native_apps/kouchat-android/app/src/main/java/net/usikkert/kouchat/net/MessageSender.java|class:net.usikkert.kouchat.net.MessageSender
MemberIgnoringMethod;aDoctor;/Users/rar9993/repos/research/fdroid_apps/native_apps/kouchat-android/NONE_TRANSFORMED_;/Users/rar9993/repos/research/fdroid_apps/native_apps/kouchat-android/app/src/main/java/net/usikkert/kouchat/net/NetworkMessages.java;file:/Users/rar9993/repos/research/fdroid_apps/native_apps/kouchat-android/app/src/main/java/net/usikkert/kouchat/net/NetworkMessages.java|class:net.usikkert.kouchat.net.NetworkMessages
MemberIgnoringMethod;aDoctor;/Users/rar9993/repos/research/fdroid_apps/native_apps/kouchat-android/NONE_TRANSFORMED_;/Users/rar9993/repos/research/fdroid_apps/native_apps/kouchat-android/app/src/main/java/net/usikkert/kouchat/net/FileTransfer.java;file:/Users/rar9993/repos/research/fdroid_apps/native_apps/kouchat-android/app/src/main/java/net/usikkert/kouchat/net/FileTransfer.java|class:net.usikkert.kouchat.net.FileTransfer
LeakingThread;aDoctor;/Users/rar9993/repos/research/fdroid_apps/native_apps/kouchat-android/NONE_TRANSFORMED_;/Users/rar9993/repos/research/fdroid_apps/native_apps/kouchat-android/app/src/main/java/net/usikkert/kouchat/net/tcp/TCPClient.java;file:/Users/rar9993/repos/research/fdroid_apps/native_apps/kouchat-android/app/src/main/java/net/usikkert/kouchat/net/tcp/TCPClient.java|class:net.usikkert.kouchat.net.tcp.TCPClient
SlowForLoop;aDoctor;/Users/rar9993/repos/research/fdroid_apps/native_apps/kouchat-android/NONE_TRANSFORMED_;/Users/rar9993/repos/research/fdroid_apps/native_apps/kouchat-android/app/src/main/java/net/usikkert/kouchat/net/tcp/TCPUserClient.java;file:/Users/rar9993/repos/research/fdroid_apps/native_apps/kouchat-android/app/src/main/java/net/usikkert/kouchat/net/tcp/TCPUserClient.java|class:net.usikkert.kouchat.net.tcp.TCPUserClient
MemberIgnoringMethod;aDoctor;/Users/rar9993/repos/research/fdroid_apps/native_apps/kouchat-android/NONE_TRANSFORMED_;/Users/rar9993/repos/research/fdroid_apps/native_apps/kouchat-android/app/src/main/java/net/usikkert/kouchat/net/tcp/TCPNetworkService.java;file:/Users/rar9993/repos/research/fdroid_apps/native_apps/kouchat-android/app/src/main/java/net/usikkert/kouchat/net/tcp/TCPNetworkService.java|class:net.usikkert.kouchat.net.tcp.TCPNetworkService
LeakingThread;aDoctor;/Users/rar9993/repos/research/fdroid_apps/native_apps/kouchat-android/NONE_TRANSFORMED_;/Users/rar9993/repos/research/fdroid_apps/native_apps/kouchat-android/app/src/main/java/net/usikkert/kouchat/net/tcp/TCPConnectionHandler.java;file:/Users/rar9993/repos/research/fdroid_apps/native_apps/kouchat-android/app/src/main/java/net/usikkert/kouchat/net/tcp/TCPConnectionHandler.java|class:net.usikkert.kouchat.net.tcp.TCPConnectionHandler
MemberIgnoringMethod;aDoctor;/Users/rar9993/repos/research/fdroid_apps/native_apps/kouchat-android/NONE_TRANSFORMED_;/Users/rar9993/repos/research/fdroid_apps/native_apps/kouchat-android/app/src/main/java/net/usikkert/kouchat/net/tcp/TCPConnectionHandler.java;file:/Users/rar9993/repos/research/fdroid_apps/native_apps/kouchat-android/app/src/main/java/net/usikkert/kouchat/net/tcp/TCPConnectionHandler.java|class:net.usikkert.kouchat.net.tcp.TCPConnectionHandler
MemberIgnoringMethod;aDoctor;/Users/rar9993/repos/research/fdroid_apps/native_apps/kouchat-android/NONE_TRANSFORMED_;/Users/rar9993/repos/research/fdroid_apps/native_apps/kouchat-android/app/src/main/java/net/usikkert/kouchat/net/tcp/TCPUserIdentifier.java;file:/Users/rar9993/repos/research/fdroid_apps/native_apps/kouchat-android/app/src/main/java/net/usikkert/kouchat/net/tcp/TCPUserIdentifier.java|class:net.usikkert.kouchat.net.tcp.TCPUserIdentifier
LeakingThread;aDoctor;/Users/rar9993/repos/research/fdroid_apps/native_apps/kouchat-android/NONE_TRANSFORMED_;/Users/rar9993/repos/research/fdroid_apps/native_apps/kouchat-android/app/src/main/java/net/usikkert/kouchat/net/tcp/TCPServer.java;file:/Users/rar9993/repos/research/fdroid_apps/native_apps/kouchat-android/app/src/main/java/net/usikkert/kouchat/net/tcp/TCPServer.java|class:net.usikkert.kouchat.net.tcp.TCPServer
DataTransmissionWithoutCompression;aDoctor;/Users/rar9993/repos/research/fdroid_apps/native_apps/kouchat-android/NONE_TRANSFORMED_;/Users/rar9993/repos/research/fdroid_apps/native_apps/kouchat-android/app/src/main/java/net/usikkert/kouchat/util/PropertyTools.java;file:/Users/rar9993/repos/research/fdroid_apps/native_apps/kouchat-android/app/src/main/java/net/usikkert/kouchat/util/PropertyTools.java|class:net.usikkert.kouchat.util.PropertyTools
InternalGetterSetter;aDoctor;/Users/rar9993/repos/research/fdroid_apps/native_apps/kouchat-android/NONE_TRANSFORMED_;/Users/rar9993/repos/research/fdroid_apps/native_apps/kouchat-android/app/src/main/java/net/usikkert/kouchat/util/Logger.java;file:/Users/rar9993/repos/research/fdroid_apps/native_apps/kouchat-android/app/src/main/java/net/usikkert/kouchat/util/Logger.java|class:net.usikkert.kouchat.util.Logger
MemberIgnoringMethod;aDoctor;/Users/rar9993/repos/research/fdroid_apps/native_apps/kouchat-android/NONE_TRANSFORMED_;/Users/rar9993/repos/research/fdroid_apps/native_apps/kouchat-android/app/src/main/java/net/usikkert/kouchat/util/Logger.java;file:/Users/rar9993/repos/research/fdroid_apps/native_apps/kouchat-android/app/src/main/java/net/usikkert/kouchat/util/Logger.java|class:net.usikkert.kouchat.util.Logger
MemberIgnoringMethod;aDoctor;/Users/rar9993/repos/research/fdroid_apps/native_apps/kouchat-android/NONE_TRANSFORMED_;/Users/rar9993/repos/research/fdroid_apps/native_apps/kouchat-android/app/src/main/java/net/usikkert/kouchat/util/LogInitializer.java;file:/Users/rar9993/repos/research/fdroid_apps/native_apps/kouchat-android/app/src/main/java/net/usikkert/kouchat/util/LogInitializer.java|class:net.usikkert.kouchat.util.LogInitializer
DataTransmissionWithoutCompression;aDoctor;/Users/rar9993/repos/research/fdroid_apps/native_apps/kouchat-android/NONE_TRANSFORMED_;/Users/rar9993/repos/research/fdroid_apps/native_apps/kouchat-android/app/src/main/java/net/usikkert/kouchat/util/Tools.java;file:/Users/rar9993/repos/research/fdroid_apps/native_apps/kouchat-android/app/src/main/java/net/usikkert/kouchat/util/Tools.java|class:net.usikkert.kouchat.util.Tools
SlowForLoop;aDoctor;/Users/rar9993/repos/research/fdroid_apps/native_apps/kouchat-android/NONE_TRANSFORMED_;/Users/rar9993/repos/research/fdroid_apps/native_apps/kouchat-android/app/src/main/java/net/usikkert/kouchat/util/Tools.java;file:/Users/rar9993/repos/research/fdroid_apps/native_apps/kouchat-android/app/src/main/java/net/usikkert/kouchat/util/Tools.java|class:net.usikkert.kouchat.util.Tools
MemberIgnoringMethod;aDoctor;/Users/rar9993/repos/research/fdroid_apps/native_apps/kouchat-android/NONE_TRANSFORMED_;/Users/rar9993/repos/research/fdroid_apps/native_apps/kouchat-android/app/src/main/java/net/usikkert/kouchat/util/ByteCounter.java;file:/Users/rar9993/repos/research/fdroid_apps/native_apps/kouchat-android/app/src/main/java/net/usikkert/kouchat/util/ByteCounter.java|class:net.usikkert.kouchat.util.ByteCounter
UnclosedCloseable;aDoctor;/Users/rar9993/repos/research/fdroid_apps/native_apps/kouchat-android/NONE_TRANSFORMED_;/Users/rar9993/repos/research/fdroid_apps/native_apps/kouchat-android/app/src/main/java/net/usikkert/kouchat/util/ResourceLoader.java;file:/Users/rar9993/repos/research/fdroid_apps/native_apps/kouchat-android/app/src/main/java/net/usikkert/kouchat/util/ResourceLoader.java|class:net.usikkert.kouchat.util.ResourceLoader
DataTransmissionWithoutCompression;aDoctor;/Users/rar9993/repos/research/fdroid_apps/native_apps/kouchat-android/NONE_TRANSFORMED_;/Users/rar9993/repos/research/fdroid_apps/native_apps/kouchat-android/app/src/main/java/net/usikkert/kouchat/util/IOTools.java;file:/Users/rar9993/repos/research/fdroid_apps/native_apps/kouchat-android/app/src/main/java/net/usikkert/kouchat/util/IOTools.java|class:net.usikkert.kouchat.util.IOTools
MemberIgnoringMethod;aDoctor;/Users/rar9993/repos/research/fdroid_apps/native_apps/kouchat-android/NONE_TRANSFORMED_;/Users/rar9993/repos/research/fdroid_apps/native_apps/kouchat-android/app/src/main/java/net/usikkert/kouchat/jmx/GeneralInformation.java;file:/Users/rar9993/repos/research/fdroid_apps/native_apps/kouchat-android/app/src/main/java/net/usikkert/kouchat/jmx/GeneralInformation.java|class:net.usikkert.kouchat.jmx.GeneralInformation
MemberIgnoringMethod;aDoctor;/Users/rar9993/repos/research/fdroid_apps/native_apps/kouchat-android/NONE_TRANSFORMED_;/Users/rar9993/repos/research/fdroid_apps/native_apps/kouchat-android/app/src/main/java/net/usikkert/kouchat/jmx/NetworkInformation.java;file:/Users/rar9993/repos/research/fdroid_apps/native_apps/kouchat-android/app/src/main/java/net/usikkert/kouchat/jmx/NetworkInformation.java|class:net.usikkert.kouchat.jmx.NetworkInformation
MemberIgnoringMethod;aDoctor;/Users/rar9993/repos/research/fdroid_apps/native_apps/kouchat-android/NONE_TRANSFORMED_;/Users/rar9993/repos/research/fdroid_apps/native_apps/kouchat-android/app/src/main/java/net/usikkert/kouchat/jmx/ControllerInformation.java;file:/Users/rar9993/repos/research/fdroid_apps/native_apps/kouchat-android/app/src/main/java/net/usikkert/kouchat/jmx/ControllerInformation.java|class:net.usikkert.kouchat.jmx.ControllerInformation
MemberIgnoringMethod;aDoctor;/Users/rar9993/repos/research/fdroid_apps/native_apps/kouchat-android/NONE_TRANSFORMED_;/Users/rar9993/repos/research/fdroid_apps/native_apps/kouchat-android/app/src/main/java/net/usikkert/kouchat/autocomplete/UserAutoCompleteList.java;file:/Users/rar9993/repos/research/fdroid_apps/native_apps/kouchat-android/app/src/main/java/net/usikkert/kouchat/autocomplete/UserAutoCompleteList.java|class:net.usikkert.kouchat.autocomplete.UserAutoCompleteList
SlowForLoop;aDoctor;/Users/rar9993/repos/research/fdroid_apps/native_apps/kouchat-android/NONE_TRANSFORMED_;/Users/rar9993/repos/research/fdroid_apps/native_apps/kouchat-android/app/src/main/java/net/usikkert/kouchat/autocomplete/UserAutoCompleteList.java;file:/Users/rar9993/repos/research/fdroid_apps/native_apps/kouchat-android/app/src/main/java/net/usikkert/kouchat/autocomplete/UserAutoCompleteList.java|class:net.usikkert.kouchat.autocomplete.UserAutoCompleteList
MemberIgnoringMethod;aDoctor;/Users/rar9993/repos/research/fdroid_apps/native_apps/kouchat-android/NONE_TRANSFORMED_;/Users/rar9993/repos/research/fdroid_apps/native_apps/kouchat-android/app/src/main/java/net/usikkert/kouchat/autocomplete/CommandAutoCompleteList.java;file:/Users/rar9993/repos/research/fdroid_apps/native_apps/kouchat-android/app/src/main/java/net/usikkert/kouchat/autocomplete/CommandAutoCompleteList.java|class:net.usikkert.kouchat.autocomplete.CommandAutoCompleteList
MemberIgnoringMethod;aDoctor;/Users/rar9993/repos/research/fdroid_apps/native_apps/kouchat-android/NONE_TRANSFORMED_;/Users/rar9993/repos/research/fdroid_apps/native_apps/kouchat-android/app/src/main/java/net/usikkert/kouchat/autocomplete/AutoCompleter.java;file:/Users/rar9993/repos/research/fdroid_apps/native_apps/kouchat-android/app/src/main/java/net/usikkert/kouchat/autocomplete/AutoCompleter.java|class:net.usikkert.kouchat.autocomplete.AutoCompleter
SlowForLoop;aDoctor;/Users/rar9993/repos/research/fdroid_apps/native_apps/kouchat-android/NONE_TRANSFORMED_;/Users/rar9993/repos/research/fdroid_apps/native_apps/kouchat-android/app/src/main/java/net/usikkert/kouchat/autocomplete/AutoCompleter.java;file:/Users/rar9993/repos/research/fdroid_apps/native_apps/kouchat-android/app/src/main/java/net/usikkert/kouchat/autocomplete/AutoCompleter.java|class:net.usikkert.kouchat.autocomplete.AutoCompleter
MemberIgnoringMethod;aDoctor;/Users/rar9993/repos/research/fdroid_apps/native_apps/kouchat-android/NONE_TRANSFORMED_;/Users/rar9993/repos/research/fdroid_apps/native_apps/kouchat-android/app/src/main/java/net/usikkert/kouchat/android/settings/AndroidSettingsLoader.java;file:/Users/rar9993/repos/research/fdroid_apps/native_apps/kouchat-android/app/src/main/java/net/usikkert/kouchat/android/settings/AndroidSettingsLoader.java|class:net.usikkert.kouchat.android.settings.AndroidSettingsLoader
MemberIgnoringMethod;aDoctor;/Users/rar9993/repos/research/fdroid_apps/native_apps/kouchat-android/NONE_TRANSFORMED_;/Users/rar9993/repos/research/fdroid_apps/native_apps/kouchat-android/app/src/main/java/net/usikkert/kouchat/android/settings/AndroidSetting.java;file:/Users/rar9993/repos/research/fdroid_apps/native_apps/kouchat-android/app/src/main/java/net/usikkert/kouchat/android/settings/AndroidSetting.java|class:net.usikkert.kouchat.android.settings.AndroidSetting
MemberIgnoringMethod;aDoctor;/Users/rar9993/repos/research/fdroid_apps/native_apps/kouchat-android/NONE_TRANSFORMED_;/Users/rar9993/repos/research/fdroid_apps/native_apps/kouchat-android/app/src/main/java/net/usikkert/kouchat/android/notification/MessageNotificationService.java;file:/Users/rar9993/repos/research/fdroid_apps/native_apps/kouchat-android/app/src/main/java/net/usikkert/kouchat/android/notification/MessageNotificationService.java|class:net.usikkert.kouchat.android.notification.MessageNotificationService
MemberIgnoringMethod;aDoctor;/Users/rar9993/repos/research/fdroid_apps/native_apps/kouchat-android/NONE_TRANSFORMED_;/Users/rar9993/repos/research/fdroid_apps/native_apps/kouchat-android/app/src/main/java/net/usikkert/kouchat/android/notification/FileTransferNotificationService.java;file:/Users/rar9993/repos/research/fdroid_apps/native_apps/kouchat-android/app/src/main/java/net/usikkert/kouchat/android/notification/FileTransferNotificationService.java|class:net.usikkert.kouchat.android.notification.FileTransferNotificationService
MemberIgnoringMethod;aDoctor;/Users/rar9993/repos/research/fdroid_apps/native_apps/kouchat-android/NONE_TRANSFORMED_;/Users/rar9993/repos/research/fdroid_apps/native_apps/kouchat-android/app/src/main/java/net/usikkert/kouchat/android/notification/ServiceNotificationService.java;file:/Users/rar9993/repos/research/fdroid_apps/native_apps/kouchat-android/app/src/main/java/net/usikkert/kouchat/android/notification/ServiceNotificationService.java|class:net.usikkert.kouchat.android.notification.ServiceNotificationService
MemberIgnoringMethod;aDoctor;/Users/rar9993/repos/research/fdroid_apps/native_apps/kouchat-android/NONE_TRANSFORMED_;/Users/rar9993/repos/research/fdroid_apps/native_apps/kouchat-android/app/src/main/java/net/usikkert/kouchat/android/component/AboutDialog.java;file:/Users/rar9993/repos/research/fdroid_apps/native_apps/kouchat-android/app/src/main/java/net/usikkert/kouchat/android/component/AboutDialog.java|class:net.usikkert.kouchat.android.component.AboutDialog
MemberIgnoringMethod;aDoctor;/Users/rar9993/repos/research/fdroid_apps/native_apps/kouchat-android/NONE_TRANSFORMED_;/Users/rar9993/repos/research/fdroid_apps/native_apps/kouchat-android/app/src/main/java/net/usikkert/kouchat/android/component/HoloColorPickerPreferenceDialog.java;file:/Users/rar9993/repos/research/fdroid_apps/native_apps/kouchat-android/app/src/main/java/net/usikkert/kouchat/android/component/HoloColorPickerPreferenceDialog.java|class:net.usikkert.kouchat.android.component.HoloColorPickerPreferenceDialog
NoLowMemoryResolver;aDoctor;/Users/rar9993/repos/research/fdroid_apps/native_apps/kouchat-android/NONE_TRANSFORMED_;/Users/rar9993/repos/research/fdroid_apps/native_apps/kouchat-android/app/src/main/java/net/usikkert/kouchat/android/component/HoloColorPickerPreferenceDialog.java;file:/Users/rar9993/repos/research/fdroid_apps/native_apps/kouchat-android/app/src/main/java/net/usikkert/kouchat/android/component/HoloColorPickerPreferenceDialog.java|class:net.usikkert.kouchat.android.component.HoloColorPickerPreferenceDialog
MemberIgnoringMethod;aDoctor;/Users/rar9993/repos/research/fdroid_apps/native_apps/kouchat-android/NONE_TRANSFORMED_;/Users/rar9993/repos/research/fdroid_apps/native_apps/kouchat-android/app/src/main/java/net/usikkert/kouchat/android/component/LinkMovementMethodWithSelectSupport.java;file:/Users/rar9993/repos/research/fdroid_apps/native_apps/kouchat-android/app/src/main/java/net/usikkert/kouchat/android/component/LinkMovementMethodWithSelectSupport.java|class:net.usikkert.kouchat.android.component.LinkMovementMethodWithSelectSupport
SlowForLoop;aDoctor;/Users/rar9993/repos/research/fdroid_apps/native_apps/kouchat-android/NONE_TRANSFORMED_;/Users/rar9993/repos/research/fdroid_apps/native_apps/kouchat-android/app/src/main/java/net/usikkert/kouchat/android/component/NoNewLineTextWatcher.java;file:/Users/rar9993/repos/research/fdroid_apps/native_apps/kouchat-android/app/src/main/java/net/usikkert/kouchat/android/component/NoNewLineTextWatcher.java|class:net.usikkert.kouchat.android.component.NoNewLineTextWatcher
MemberIgnoringMethod;aDoctor;/Users/rar9993/repos/research/fdroid_apps/native_apps/kouchat-android/NONE_TRANSFORMED_;/Users/rar9993/repos/research/fdroid_apps/native_apps/kouchat-android/app/src/main/java/net/usikkert/kouchat/android/component/HoloColorPickerPreference.java;file:/Users/rar9993/repos/research/fdroid_apps/native_apps/kouchat-android/app/src/main/java/net/usikkert/kouchat/android/component/HoloColorPickerPreference.java|class:net.usikkert.kouchat.android.component.HoloColorPickerPreference
MemberIgnoringMethod;aDoctor;/Users/rar9993/repos/research/fdroid_apps/native_apps/kouchat-android/NONE_TRANSFORMED_;/Users/rar9993/repos/research/fdroid_apps/native_apps/kouchat-android/app/src/main/java/net/usikkert/kouchat/android/smiley/SmileyMap.java;file:/Users/rar9993/repos/research/fdroid_apps/native_apps/kouchat-android/app/src/main/java/net/usikkert/kouchat/android/smiley/SmileyMap.java|class:net.usikkert.kouchat.android.smiley.SmileyMap
MemberIgnoringMethod;aDoctor;/Users/rar9993/repos/research/fdroid_apps/native_apps/kouchat-android/NONE_TRANSFORMED_;/Users/rar9993/repos/research/fdroid_apps/native_apps/kouchat-android/app/src/main/java/net/usikkert/kouchat/android/smiley/SmileyLocator.java;file:/Users/rar9993/repos/research/fdroid_apps/native_apps/kouchat-android/app/src/main/java/net/usikkert/kouchat/android/smiley/SmileyLocator.java|class:net.usikkert.kouchat.android.smiley.SmileyLocator
DataTransmissionWithoutCompression;aDoctor;/Users/rar9993/repos/research/fdroid_apps/native_apps/kouchat-android/NONE_TRANSFORMED_;/Users/rar9993/repos/research/fdroid_apps/native_apps/kouchat-android/app/src/main/java/net/usikkert/kouchat/android/controller/SendFileController.java;file:/Users/rar9993/repos/research/fdroid_apps/native_apps/kouchat-android/app/src/main/java/net/usikkert/kouchat/android/controller/SendFileController.java|class:net.usikkert.kouchat.android.controller.SendFileController
LeakingThread;aDoctor;/Users/rar9993/repos/research/fdroid_apps/native_apps/kouchat-android/NONE_TRANSFORMED_;/Users/rar9993/repos/research/fdroid_apps/native_apps/kouchat-android/app/src/main/java/net/usikkert/kouchat/android/controller/SendFileController.java;file:/Users/rar9993/repos/research/fdroid_apps/native_apps/kouchat-android/app/src/main/java/net/usikkert/kouchat/android/controller/SendFileController.java|class:net.usikkert.kouchat.android.controller.SendFileController
MemberIgnoringMethod;aDoctor;/Users/rar9993/repos/research/fdroid_apps/native_apps/kouchat-android/NONE_TRANSFORMED_;/Users/rar9993/repos/research/fdroid_apps/native_apps/kouchat-android/app/src/main/java/net/usikkert/kouchat/android/controller/SendFileController.java;file:/Users/rar9993/repos/research/fdroid_apps/native_apps/kouchat-android/app/src/main/java/net/usikkert/kouchat/android/controller/SendFileController.java|class:net.usikkert.kouchat.android.controller.SendFileController
NoLowMemoryResolver;aDoctor;/Users/rar9993/repos/research/fdroid_apps/native_apps/kouchat-android/NONE_TRANSFORMED_;/Users/rar9993/repos/research/fdroid_apps/native_apps/kouchat-android/app/src/main/java/net/usikkert/kouchat/android/controller/SendFileController.java;file:/Users/rar9993/repos/research/fdroid_apps/native_apps/kouchat-android/app/src/main/java/net/usikkert/kouchat/android/controller/SendFileController.java|class:net.usikkert.kouchat.android.controller.SendFileController
LeakingThread;aDoctor;/Users/rar9993/repos/research/fdroid_apps/native_apps/kouchat-android/NONE_TRANSFORMED_;/Users/rar9993/repos/research/fdroid_apps/native_apps/kouchat-android/app/src/main/java/net/usikkert/kouchat/android/controller/MainChatController.java;file:/Users/rar9993/repos/research/fdroid_apps/native_apps/kouchat-android/app/src/main/java/net/usikkert/kouchat/android/controller/MainChatController.java|class:net.usikkert.kouchat.android.controller.MainChatController
MemberIgnoringMethod;aDoctor;/Users/rar9993/repos/research/fdroid_apps/native_apps/kouchat-android/NONE_TRANSFORMED_;/Users/rar9993/repos/research/fdroid_apps/native_apps/kouchat-android/app/src/main/java/net/usikkert/kouchat/android/controller/MainChatController.java;file:/Users/rar9993/repos/research/fdroid_apps/native_apps/kouchat-android/app/src/main/java/net/usikkert/kouchat/android/controller/MainChatController.java|class:net.usikkert.kouchat.android.controller.MainChatController
NoLowMemoryResolver;aDoctor;/Users/rar9993/repos/research/fdroid_apps/native_apps/kouchat-android/NONE_TRANSFORMED_;/Users/rar9993/repos/research/fdroid_apps/native_apps/kouchat-android/app/src/main/java/net/usikkert/kouchat/android/controller/MainChatController.java;file:/Users/rar9993/repos/research/fdroid_apps/native_apps/kouchat-android/app/src/main/java/net/usikkert/kouchat/android/controller/MainChatController.java|class:net.usikkert.kouchat.android.controller.MainChatController
UnclosedCloseable;aDoctor;/Users/rar9993/repos/research/fdroid_apps/native_apps/kouchat-android/NONE_TRANSFORMED_;/Users/rar9993/repos/research/fdroid_apps/native_apps/kouchat-android/app/src/main/java/net/usikkert/kouchat/android/controller/MainChatController.java;file:/Users/rar9993/repos/research/fdroid_apps/native_apps/kouchat-android/app/src/main/java/net/usikkert/kouchat/android/controller/MainChatController.java|class:net.usikkert.kouchat.android.controller.MainChatController
MemberIgnoringMethod;aDoctor;/Users/rar9993/repos/research/fdroid_apps/native_apps/kouchat-android/NONE_TRANSFORMED_;/Users/rar9993/repos/research/fdroid_apps/native_apps/kouchat-android/app/src/main/java/net/usikkert/kouchat/android/controller/ReceiveFileController.java;file:/Users/rar9993/repos/research/fdroid_apps/native_apps/kouchat-android/app/src/main/java/net/usikkert/kouchat/android/controller/ReceiveFileController.java|class:net.usikkert.kouchat.android.controller.ReceiveFileController
NoLowMemoryResolver;aDoctor;/Users/rar9993/repos/research/fdroid_apps/native_apps/kouchat-android/NONE_TRANSFORMED_;/Users/rar9993/repos/research/fdroid_apps/native_apps/kouchat-android/app/src/main/java/net/usikkert/kouchat/android/controller/ReceiveFileController.java;file:/Users/rar9993/repos/research/fdroid_apps/native_apps/kouchat-android/app/src/main/java/net/usikkert/kouchat/android/controller/ReceiveFileController.java|class:net.usikkert.kouchat.android.controller.ReceiveFileController
MemberIgnoringMethod;aDoctor;/Users/rar9993/repos/research/fdroid_apps/native_apps/kouchat-android/NONE_TRANSFORMED_;/Users/rar9993/repos/research/fdroid_apps/native_apps/kouchat-android/app/src/main/java/net/usikkert/kouchat/android/controller/SettingsFragment.java;file:/Users/rar9993/repos/research/fdroid_apps/native_apps/kouchat-android/app/src/main/java/net/usikkert/kouchat/android/controller/SettingsFragment.java|class:net.usikkert.kouchat.android.controller.SettingsFragment
NoLowMemoryResolver;aDoctor;/Users/rar9993/repos/research/fdroid_apps/native_apps/kouchat-android/NONE_TRANSFORMED_;/Users/rar9993/repos/research/fdroid_apps/native_apps/kouchat-android/app/src/main/java/net/usikkert/kouchat/android/controller/SettingsFragment.java;file:/Users/rar9993/repos/research/fdroid_apps/native_apps/kouchat-android/app/src/main/java/net/usikkert/kouchat/android/controller/SettingsFragment.java|class:net.usikkert.kouchat.android.controller.SettingsFragment
NoLowMemoryResolver;aDoctor;/Users/rar9993/repos/research/fdroid_apps/native_apps/kouchat-android/NONE_TRANSFORMED_;/Users/rar9993/repos/research/fdroid_apps/native_apps/kouchat-android/app/src/main/java/net/usikkert/kouchat/android/controller/SettingsController.java;file:/Users/rar9993/repos/research/fdroid_apps/native_apps/kouchat-android/app/src/main/java/net/usikkert/kouchat/android/controller/SettingsController.java|class:net.usikkert.kouchat.android.controller.SettingsController
InternalGetterSetter;aDoctor;/Users/rar9993/repos/research/fdroid_apps/native_apps/kouchat-android/NONE_TRANSFORMED_;/Users/rar9993/repos/research/fdroid_apps/native_apps/kouchat-android/app/src/main/java/net/usikkert/kouchat/android/controller/PrivateChatController.java;file:/Users/rar9993/repos/research/fdroid_apps/native_apps/kouchat-android/app/src/main/java/net/usikkert/kouchat/android/controller/PrivateChatController.java|class:net.usikkert.kouchat.android.controller.PrivateChatController
LeakingThread;aDoctor;/Users/rar9993/repos/research/fdroid_apps/native_apps/kouchat-android/NONE_TRANSFORMED_;/Users/rar9993/repos/research/fdroid_apps/native_apps/kouchat-android/app/src/main/java/net/usikkert/kouchat/android/controller/PrivateChatController.java;file:/Users/rar9993/repos/research/fdroid_apps/native_apps/kouchat-android/app/src/main/java/net/usikkert/kouchat/android/controller/PrivateChatController.java|class:net.usikkert.kouchat.android.controller.PrivateChatController
MemberIgnoringMethod;aDoctor;/Users/rar9993/repos/research/fdroid_apps/native_apps/kouchat-android/NONE_TRANSFORMED_;/Users/rar9993/repos/research/fdroid_apps/native_apps/kouchat-android/app/src/main/java/net/usikkert/kouchat/android/controller/PrivateChatController.java;file:/Users/rar9993/repos/research/fdroid_apps/native_apps/kouchat-android/app/src/main/java/net/usikkert/kouchat/android/controller/PrivateChatController.java|class:net.usikkert.kouchat.android.controller.PrivateChatController
NoLowMemoryResolver;aDoctor;/Users/rar9993/repos/research/fdroid_apps/native_apps/kouchat-android/NONE_TRANSFORMED_;/Users/rar9993/repos/research/fdroid_apps/native_apps/kouchat-android/app/src/main/java/net/usikkert/kouchat/android/controller/PrivateChatController.java;file:/Users/rar9993/repos/research/fdroid_apps/native_apps/kouchat-android/app/src/main/java/net/usikkert/kouchat/android/controller/PrivateChatController.java|class:net.usikkert.kouchat.android.controller.PrivateChatController
LeakingThread;aDoctor;/Users/rar9993/repos/research/fdroid_apps/native_apps/kouchat-android/NONE_TRANSFORMED_;/Users/rar9993/repos/research/fdroid_apps/native_apps/kouchat-android/app/src/main/java/net/usikkert/kouchat/android/controller/ControllerUtils.java;file:/Users/rar9993/repos/research/fdroid_apps/native_apps/kouchat-android/app/src/main/java/net/usikkert/kouchat/android/controller/ControllerUtils.java|class:net.usikkert.kouchat.android.controller.ControllerUtils
MemberIgnoringMethod;aDoctor;/Users/rar9993/repos/research/fdroid_apps/native_apps/kouchat-android/NONE_TRANSFORMED_;/Users/rar9993/repos/research/fdroid_apps/native_apps/kouchat-android/app/src/main/java/net/usikkert/kouchat/android/controller/ControllerUtils.java;file:/Users/rar9993/repos/research/fdroid_apps/native_apps/kouchat-android/app/src/main/java/net/usikkert/kouchat/android/controller/ControllerUtils.java|class:net.usikkert.kouchat.android.controller.ControllerUtils
MemberIgnoringMethod;aDoctor;/Users/rar9993/repos/research/fdroid_apps/native_apps/kouchat-android/NONE_TRANSFORMED_;/Users/rar9993/repos/research/fdroid_apps/native_apps/kouchat-android/app/src/main/java/net/usikkert/kouchat/android/userlist/UserListAdapterWithChatState.java;file:/Users/rar9993/repos/research/fdroid_apps/native_apps/kouchat-android/app/src/main/java/net/usikkert/kouchat/android/userlist/UserListAdapterWithChatState.java|class:net.usikkert.kouchat.android.userlist.UserListAdapterWithChatState
MemberIgnoringMethod;aDoctor;/Users/rar9993/repos/research/fdroid_apps/native_apps/kouchat-android/NONE_TRANSFORMED_;/Users/rar9993/repos/research/fdroid_apps/native_apps/kouchat-android/app/src/main/java/net/usikkert/kouchat/android/userlist/UserListAdapterWithoutMe.java;file:/Users/rar9993/repos/research/fdroid_apps/native_apps/kouchat-android/app/src/main/java/net/usikkert/kouchat/android/userlist/UserListAdapterWithoutMe.java|class:net.usikkert.kouchat.android.userlist.UserListAdapterWithoutMe
MemberIgnoringMethod;aDoctor;/Users/rar9993/repos/research/fdroid_apps/native_apps/kouchat-android/NONE_TRANSFORMED_;/Users/rar9993/repos/research/fdroid_apps/native_apps/kouchat-android/app/src/main/java/net/usikkert/kouchat/android/userlist/UserListAdapter.java;file:/Users/rar9993/repos/research/fdroid_apps/native_apps/kouchat-android/app/src/main/java/net/usikkert/kouchat/android/userlist/UserListAdapter.java|class:net.usikkert.kouchat.android.userlist.UserListAdapter
SlowForLoop;aDoctor;/Users/rar9993/repos/research/fdroid_apps/native_apps/kouchat-android/NONE_TRANSFORMED_;/Users/rar9993/repos/research/fdroid_apps/native_apps/kouchat-android/app/src/main/java/net/usikkert/kouchat/android/userlist/UserListAdapter.java;file:/Users/rar9993/repos/research/fdroid_apps/native_apps/kouchat-android/app/src/main/java/net/usikkert/kouchat/android/userlist/UserListAdapter.java|class:net.usikkert.kouchat.android.userlist.UserListAdapter
DataTransmissionWithoutCompression;aDoctor;/Users/rar9993/repos/research/fdroid_apps/native_apps/kouchat-android/NONE_TRANSFORMED_;/Users/rar9993/repos/research/fdroid_apps/native_apps/kouchat-android/app/src/main/java/net/usikkert/kouchat/android/filetransfer/AndroidFileUtils.java;file:/Users/rar9993/repos/research/fdroid_apps/native_apps/kouchat-android/app/src/main/java/net/usikkert/kouchat/android/filetransfer/AndroidFileUtils.java|class:net.usikkert.kouchat.android.filetransfer.AndroidFileUtils
MemberIgnoringMethod;aDoctor;/Users/rar9993/repos/research/fdroid_apps/native_apps/kouchat-android/NONE_TRANSFORMED_;/Users/rar9993/repos/research/fdroid_apps/native_apps/kouchat-android/app/src/main/java/net/usikkert/kouchat/android/filetransfer/AndroidFileUtils.java;file:/Users/rar9993/repos/research/fdroid_apps/native_apps/kouchat-android/app/src/main/java/net/usikkert/kouchat/android/filetransfer/AndroidFileUtils.java|class:net.usikkert.kouchat.android.filetransfer.AndroidFileUtils
WakeLock;aDoctor;/Users/rar9993/repos/research/fdroid_apps/native_apps/kouchat-android/NONE_TRANSFORMED_;/Users/rar9993/repos/research/fdroid_apps/native_apps/kouchat-android/app/src/main/java/net/usikkert/kouchat/android/service/LockHandler.java;file:/Users/rar9993/repos/research/fdroid_apps/native_apps/kouchat-android/app/src/main/java/net/usikkert/kouchat/android/service/LockHandler.java|class:net.usikkert.kouchat.android.service.LockHandler
MemberIgnoringMethod;aDoctor;/Users/rar9993/repos/research/fdroid_apps/native_apps/kouchat-android/NONE_TRANSFORMED_;/Users/rar9993/repos/research/fdroid_apps/native_apps/kouchat-android/app/src/main/java/net/usikkert/kouchat/android/service/LockHandler.java;file:/Users/rar9993/repos/research/fdroid_apps/native_apps/kouchat-android/app/src/main/java/net/usikkert/kouchat/android/service/LockHandler.java|class:net.usikkert.kouchat.android.service.LockHandler
MemberIgnoringMethod;aDoctor;/Users/rar9993/repos/research/fdroid_apps/native_apps/kouchat-android/NONE_TRANSFORMED_;/Users/rar9993/repos/research/fdroid_apps/native_apps/kouchat-android/app/src/main/java/net/usikkert/kouchat/android/service/CancelFileTransferService.java;file:/Users/rar9993/repos/research/fdroid_apps/native_apps/kouchat-android/app/src/main/java/net/usikkert/kouchat/android/service/CancelFileTransferService.java|class:net.usikkert.kouchat.android.service.CancelFileTransferService
NoLowMemoryResolver;aDoctor;/Users/rar9993/repos/research/fdroid_apps/native_apps/kouchat-android/NONE_TRANSFORMED_;/Users/rar9993/repos/research/fdroid_apps/native_apps/kouchat-android/app/src/main/java/net/usikkert/kouchat/android/service/CancelFileTransferService.java;file:/Users/rar9993/repos/research/fdroid_apps/native_apps/kouchat-android/app/src/main/java/net/usikkert/kouchat/android/service/CancelFileTransferService.java|class:net.usikkert.kouchat.android.service.CancelFileTransferService
SlowForLoop;aDoctor;/Users/rar9993/repos/research/fdroid_apps/native_apps/kouchat-android/NONE_TRANSFORMED_;/Users/rar9993/repos/research/fdroid_apps/native_apps/kouchat-android/app/src/main/java/net/usikkert/kouchat/android/service/CancelFileTransferService.java;file:/Users/rar9993/repos/research/fdroid_apps/native_apps/kouchat-android/app/src/main/java/net/usikkert/kouchat/android/service/CancelFileTransferService.java|class:net.usikkert.kouchat.android.service.CancelFileTransferService
NoLowMemoryResolver;aDoctor;/Users/rar9993/repos/research/fdroid_apps/native_apps/kouchat-android/NONE_TRANSFORMED_;/Users/rar9993/repos/research/fdroid_apps/native_apps/kouchat-android/app/src/main/java/net/usikkert/kouchat/android/service/ChatService.java;file:/Users/rar9993/repos/research/fdroid_apps/native_apps/kouchat-android/app/src/main/java/net/usikkert/kouchat/android/service/ChatService.java|class:net.usikkert.kouchat.android.service.ChatService
DataTransmissionWithoutCompression;aDoctor;/Users/rar9993/repos/research/fdroid_apps/native_apps/kouchat-android/NONE_TRANSFORMED_;/Users/rar9993/repos/research/fdroid_apps/native_apps/kouchat-android/app/src/main/java/net/usikkert/kouchat/android/chatwindow/AndroidUserInterface.java;file:/Users/rar9993/repos/research/fdroid_apps/native_apps/kouchat-android/app/src/main/java/net/usikkert/kouchat/android/chatwindow/AndroidUserInterface.java|class:net.usikkert.kouchat.android.chatwindow.AndroidUserInterface
InternalGetterSetter;aDoctor;/Users/rar9993/repos/research/fdroid_apps/native_apps/kouchat-android/NONE_TRANSFORMED_;/Users/rar9993/repos/research/fdroid_apps/native_apps/kouchat-android/app/src/main/java/net/usikkert/kouchat/android/chatwindow/AndroidUserInterface.java;file:/Users/rar9993/repos/research/fdroid_apps/native_apps/kouchat-android/app/src/main/java/net/usikkert/kouchat/android/chatwindow/AndroidUserInterface.java|class:net.usikkert.kouchat.android.chatwindow.AndroidUserInterface
MemberIgnoringMethod;aDoctor;/Users/rar9993/repos/research/fdroid_apps/native_apps/kouchat-android/NONE_TRANSFORMED_;/Users/rar9993/repos/research/fdroid_apps/native_apps/kouchat-android/app/src/main/java/net/usikkert/kouchat/android/chatwindow/AndroidUserInterface.java;file:/Users/rar9993/repos/research/fdroid_apps/native_apps/kouchat-android/app/src/main/java/net/usikkert/kouchat/android/chatwindow/AndroidUserInterface.java|class:net.usikkert.kouchat.android.chatwindow.AndroidUserInterface
MemberIgnoringMethod;aDoctor;/Users/rar9993/repos/research/fdroid_apps/native_apps/kouchat-android/NONE_TRANSFORMED_;/Users/rar9993/repos/research/fdroid_apps/native_apps/kouchat-android/app/src/main/java/net/usikkert/kouchat/android/chatwindow/AndroidPrivateChatWindow.java;file:/Users/rar9993/repos/research/fdroid_apps/native_apps/kouchat-android/app/src/main/java/net/usikkert/kouchat/android/chatwindow/AndroidPrivateChatWindow.java|class:net.usikkert.kouchat.android.chatwindow.AndroidPrivateChatWindow
MemberIgnoringMethod;aDoctor;/Users/rar9993/repos/research/fdroid_apps/native_apps/kouchat-android/NONE_TRANSFORMED_;/Users/rar9993/repos/research/fdroid_apps/native_apps/kouchat-android/app/src/main/java/net/usikkert/kouchat/android/chatwindow/MessageStylerWithHistory.java;file:/Users/rar9993/repos/research/fdroid_apps/native_apps/kouchat-android/app/src/main/java/net/usikkert/kouchat/android/chatwindow/MessageStylerWithHistory.java|class:net.usikkert.kouchat.android.chatwindow.MessageStylerWithHistory
AvoidInstantiatingObjectsInLoops;PMD;/Users/rar9993/repos/research/fdroid_apps/native_apps/kouchat-android/NONE_TRANSFORMED_;/Users/rar9993/repos/research/fdroid_apps/native_apps/kouchat-android/app/src/main/java/net/usikkert/kouchat/android/chatwindow/MessageStylerWithHistory.java;file:/Users/rar9993/repos/research/fdroid_apps/native_apps/kouchat-android/app/src/main/java/net/usikkert/kouchat/android/chatwindow/MessageStylerWithHistory.java|line:106
InefficientEmptyStringCheck;PMD;/Users/rar9993/repos/research/fdroid_apps/native_apps/kouchat-android/NONE_TRANSFORMED_;/Users/rar9993/repos/research/fdroid_apps/native_apps/kouchat-android/app/src/main/java/net/usikkert/kouchat/android/controller/MainChatController.java;file:/Users/rar9993/repos/research/fdroid_apps/native_apps/kouchat-android/app/src/main/java/net/usikkert/kouchat/android/controller/MainChatController.java|line:383
TooFewBranchesForSwitch;PMD;/Users/rar9993/repos/research/fdroid_apps/native_apps/kouchat-android/NONE_TRANSFORMED_;/Users/rar9993/repos/research/fdroid_apps/native_apps/kouchat-android/app/src/main/java/net/usikkert/kouchat/android/controller/PrivateChatController.java;file:/Users/rar9993/repos/research/fdroid_apps/native_apps/kouchat-android/app/src/main/java/net/usikkert/kouchat/android/controller/PrivateChatController.java|line:141
InefficientEmptyStringCheck;PMD;/Users/rar9993/repos/research/fdroid_apps/native_apps/kouchat-android/NONE_TRANSFORMED_;/Users/rar9993/repos/research/fdroid_apps/native_apps/kouchat-android/app/src/main/java/net/usikkert/kouchat/android/controller/PrivateChatController.java;file:/Users/rar9993/repos/research/fdroid_apps/native_apps/kouchat-android/app/src/main/java/net/usikkert/kouchat/android/controller/PrivateChatController.java|line:211
TooFewBranchesForSwitch;PMD;/Users/rar9993/repos/research/fdroid_apps/native_apps/kouchat-android/NONE_TRANSFORMED_;/Users/rar9993/repos/research/fdroid_apps/native_apps/kouchat-android/app/src/main/java/net/usikkert/kouchat/android/controller/ReceiveFileController.java;file:/Users/rar9993/repos/research/fdroid_apps/native_apps/kouchat-android/app/src/main/java/net/usikkert/kouchat/android/controller/ReceiveFileController.java|line:140
TooFewBranchesForSwitch;PMD;/Users/rar9993/repos/research/fdroid_apps/native_apps/kouchat-android/NONE_TRANSFORMED_;/Users/rar9993/repos/research/fdroid_apps/native_apps/kouchat-android/app/src/main/java/net/usikkert/kouchat/android/controller/SettingsController.java;file:/Users/rar9993/repos/research/fdroid_apps/native_apps/kouchat-android/app/src/main/java/net/usikkert/kouchat/android/controller/SettingsController.java|line:59
InefficientEmptyStringCheck;PMD;/Users/rar9993/repos/research/fdroid_apps/native_apps/kouchat-android/NONE_TRANSFORMED_;/Users/rar9993/repos/research/fdroid_apps/native_apps/kouchat-android/app/src/main/java/net/usikkert/kouchat/autocomplete/AutoCompleter.java;file:/Users/rar9993/repos/research/fdroid_apps/native_apps/kouchat-android/app/src/main/java/net/usikkert/kouchat/autocomplete/AutoCompleter.java|line:102
UseStringBufferForStringAppends;PMD;/Users/rar9993/repos/research/fdroid_apps/native_apps/kouchat-android/NONE_TRANSFORMED_;/Users/rar9993/repos/research/fdroid_apps/native_apps/kouchat-android/app/src/main/java/net/usikkert/kouchat/autocomplete/AutoCompleter.java;file:/Users/rar9993/repos/research/fdroid_apps/native_apps/kouchat-android/app/src/main/java/net/usikkert/kouchat/autocomplete/AutoCompleter.java|line:124
InsufficientStringBufferDeclaration;PMD;/Users/rar9993/repos/research/fdroid_apps/native_apps/kouchat-android/NONE_TRANSFORMED_;/Users/rar9993/repos/research/fdroid_apps/native_apps/kouchat-android/app/src/main/java/net/usikkert/kouchat/jmx/GeneralInformation.java;file:/Users/rar9993/repos/research/fdroid_apps/native_apps/kouchat-android/app/src/main/java/net/usikkert/kouchat/jmx/GeneralInformation.java|line:50
ConsecutiveAppendsShouldReuse;PMD;/Users/rar9993/repos/research/fdroid_apps/native_apps/kouchat-android/NONE_TRANSFORMED_;/Users/rar9993/repos/research/fdroid_apps/native_apps/kouchat-android/app/src/main/java/net/usikkert/kouchat/jmx/GeneralInformation.java;file:/Users/rar9993/repos/research/fdroid_apps/native_apps/kouchat-android/app/src/main/java/net/usikkert/kouchat/jmx/GeneralInformation.java|line:52
InefficientStringBuffering;PMD;/Users/rar9993/repos/research/fdroid_apps/native_apps/kouchat-android/NONE_TRANSFORMED_;/Users/rar9993/repos/research/fdroid_apps/native_apps/kouchat-android/app/src/main/java/net/usikkert/kouchat/jmx/GeneralInformation.java;file:/Users/rar9993/repos/research/fdroid_apps/native_apps/kouchat-android/app/src/main/java/net/usikkert/kouchat/jmx/GeneralInformation.java|line:52
ConsecutiveLiteralAppends;PMD;/Users/rar9993/repos/research/fdroid_apps/native_apps/kouchat-android/NONE_TRANSFORMED_;/Users/rar9993/repos/research/fdroid_apps/native_apps/kouchat-android/app/src/main/java/net/usikkert/kouchat/jmx/GeneralInformation.java;file:/Users/rar9993/repos/research/fdroid_apps/native_apps/kouchat-android/app/src/main/java/net/usikkert/kouchat/jmx/GeneralInformation.java|line:52
ConsecutiveLiteralAppends;PMD;/Users/rar9993/repos/research/fdroid_apps/native_apps/kouchat-android/NONE_TRANSFORMED_;/Users/rar9993/repos/research/fdroid_apps/native_apps/kouchat-android/app/src/main/java/net/usikkert/kouchat/jmx/GeneralInformation.java;file:/Users/rar9993/repos/research/fdroid_apps/native_apps/kouchat-android/app/src/main/java/net/usikkert/kouchat/jmx/GeneralInformation.java|line:52
ConsecutiveLiteralAppends;PMD;/Users/rar9993/repos/research/fdroid_apps/native_apps/kouchat-android/NONE_TRANSFORMED_;/Users/rar9993/repos/research/fdroid_apps/native_apps/kouchat-android/app/src/main/java/net/usikkert/kouchat/jmx/GeneralInformation.java;file:/Users/rar9993/repos/research/fdroid_apps/native_apps/kouchat-android/app/src/main/java/net/usikkert/kouchat/jmx/GeneralInformation.java|line:52
ConsecutiveLiteralAppends;PMD;/Users/rar9993/repos/research/fdroid_apps/native_apps/kouchat-android/NONE_TRANSFORMED_;/Users/rar9993/repos/research/fdroid_apps/native_apps/kouchat-android/app/src/main/java/net/usikkert/kouchat/jmx/GeneralInformation.java;file:/Users/rar9993/repos/research/fdroid_apps/native_apps/kouchat-android/app/src/main/java/net/usikkert/kouchat/jmx/GeneralInformation.java|line:52
ConsecutiveAppendsShouldReuse;PMD;/Users/rar9993/repos/research/fdroid_apps/native_apps/kouchat-android/NONE_TRANSFORMED_;/Users/rar9993/repos/research/fdroid_apps/native_apps/kouchat-android/app/src/main/java/net/usikkert/kouchat/jmx/GeneralInformation.java;file:/Users/rar9993/repos/research/fdroid_apps/native_apps/kouchat-android/app/src/main/java/net/usikkert/kouchat/jmx/GeneralInformation.java|line:53
InefficientStringBuffering;PMD;/Users/rar9993/repos/research/fdroid_apps/native_apps/kouchat-android/NONE_TRANSFORMED_;/Users/rar9993/repos/research/fdroid_apps/native_apps/kouchat-android/app/src/main/java/net/usikkert/kouchat/jmx/GeneralInformation.java;file:/Users/rar9993/repos/research/fdroid_apps/native_apps/kouchat-android/app/src/main/java/net/usikkert/kouchat/jmx/GeneralInformation.java|line:53
ConsecutiveAppendsShouldReuse;PMD;/Users/rar9993/repos/research/fdroid_apps/native_apps/kouchat-android/NONE_TRANSFORMED_;/Users/rar9993/repos/research/fdroid_apps/native_apps/kouchat-android/app/src/main/java/net/usikkert/kouchat/jmx/GeneralInformation.java;file:/Users/rar9993/repos/research/fdroid_apps/native_apps/kouchat-android/app/src/main/java/net/usikkert/kouchat/jmx/GeneralInformation.java|line:54
InefficientStringBuffering;PMD;/Users/rar9993/repos/research/fdroid_apps/native_apps/kouchat-android/NONE_TRANSFORMED_;/Users/rar9993/repos/research/fdroid_apps/native_apps/kouchat-android/app/src/main/java/net/usikkert/kouchat/jmx/GeneralInformation.java;file:/Users/rar9993/repos/research/fdroid_apps/native_apps/kouchat-android/app/src/main/java/net/usikkert/kouchat/jmx/GeneralInformation.java|line:54
ConsecutiveAppendsShouldReuse;PMD;/Users/rar9993/repos/research/fdroid_apps/native_apps/kouchat-android/NONE_TRANSFORMED_;/Users/rar9993/repos/research/fdroid_apps/native_apps/kouchat-android/app/src/main/java/net/usikkert/kouchat/jmx/GeneralInformation.java;file:/Users/rar9993/repos/research/fdroid_apps/native_apps/kouchat-android/app/src/main/java/net/usikkert/kouchat/jmx/GeneralInformation.java|line:55
InefficientStringBuffering;PMD;/Users/rar9993/repos/research/fdroid_apps/native_apps/kouchat-android/NONE_TRANSFORMED_;/Users/rar9993/repos/research/fdroid_apps/native_apps/kouchat-android/app/src/main/java/net/usikkert/kouchat/jmx/GeneralInformation.java;file:/Users/rar9993/repos/research/fdroid_apps/native_apps/kouchat-android/app/src/main/java/net/usikkert/kouchat/jmx/GeneralInformation.java|line:55
InefficientStringBuffering;PMD;/Users/rar9993/repos/research/fdroid_apps/native_apps/kouchat-android/NONE_TRANSFORMED_;/Users/rar9993/repos/research/fdroid_apps/native_apps/kouchat-android/app/src/main/java/net/usikkert/kouchat/jmx/GeneralInformation.java;file:/Users/rar9993/repos/research/fdroid_apps/native_apps/kouchat-android/app/src/main/java/net/usikkert/kouchat/jmx/GeneralInformation.java|line:56
OptimizableToArrayCall;PMD;/Users/rar9993/repos/research/fdroid_apps/native_apps/kouchat-android/NONE_TRANSFORMED_;/Users/rar9993/repos/research/fdroid_apps/native_apps/kouchat-android/app/src/main/java/net/usikkert/kouchat/jmx/NetworkInformation.java;file:/Users/rar9993/repos/research/fdroid_apps/native_apps/kouchat-android/app/src/main/java/net/usikkert/kouchat/jmx/NetworkInformation.java|line:124
OptimizableToArrayCall;PMD;/Users/rar9993/repos/research/fdroid_apps/native_apps/kouchat-android/NONE_TRANSFORMED_;/Users/rar9993/repos/research/fdroid_apps/native_apps/kouchat-android/app/src/main/java/net/usikkert/kouchat/jmx/NetworkInformation.java;file:/Users/rar9993/repos/research/fdroid_apps/native_apps/kouchat-android/app/src/main/java/net/usikkert/kouchat/jmx/NetworkInformation.java|line:145
AvoidFileStream;PMD;/Users/rar9993/repos/research/fdroid_apps/native_apps/kouchat-android/NONE_TRANSFORMED_;/Users/rar9993/repos/research/fdroid_apps/native_apps/kouchat-android/app/src/main/java/net/usikkert/kouchat/misc/ChatLogger.java;file:/Users/rar9993/repos/research/fdroid_apps/native_apps/kouchat-android/app/src/main/java/net/usikkert/kouchat/misc/ChatLogger.java|line:118
InefficientEmptyStringCheck;PMD;/Users/rar9993/repos/research/fdroid_apps/native_apps/kouchat-android/NONE_TRANSFORMED_;/Users/rar9993/repos/research/fdroid_apps/native_apps/kouchat-android/app/src/main/java/net/usikkert/kouchat/misc/CommandHistory.java;file:/Users/rar9993/repos/research/fdroid_apps/native_apps/kouchat-android/app/src/main/java/net/usikkert/kouchat/misc/CommandHistory.java|line:80
InefficientEmptyStringCheck;PMD;/Users/rar9993/repos/research/fdroid_apps/native_apps/kouchat-android/NONE_TRANSFORMED_;/Users/rar9993/repos/research/fdroid_apps/native_apps/kouchat-android/app/src/main/java/net/usikkert/kouchat/misc/CommandParser.java;file:/Users/rar9993/repos/research/fdroid_apps/native_apps/kouchat-android/app/src/main/java/net/usikkert/kouchat/misc/CommandParser.java|line:140
InefficientEmptyStringCheck;PMD;/Users/rar9993/repos/research/fdroid_apps/native_apps/kouchat-android/NONE_TRANSFORMED_;/Users/rar9993/repos/research/fdroid_apps/native_apps/kouchat-android/app/src/main/java/net/usikkert/kouchat/misc/CommandParser.java;file:/Users/rar9993/repos/research/fdroid_apps/native_apps/kouchat-android/app/src/main/java/net/usikkert/kouchat/misc/CommandParser.java|line:215
UseStringBufferForStringAppends;PMD;/Users/rar9993/repos/research/fdroid_apps/native_apps/kouchat-android/NONE_TRANSFORMED_;/Users/rar9993/repos/research/fdroid_apps/native_apps/kouchat-android/app/src/main/java/net/usikkert/kouchat/misc/CommandParser.java;file:/Users/rar9993/repos/research/fdroid_apps/native_apps/kouchat-android/app/src/main/java/net/usikkert/kouchat/misc/CommandParser.java|line:239
UseStringBufferForStringAppends;PMD;/Users/rar9993/repos/research/fdroid_apps/native_apps/kouchat-android/NONE_TRANSFORMED_;/Users/rar9993/repos/research/fdroid_apps/native_apps/kouchat-android/app/src/main/java/net/usikkert/kouchat/misc/CommandParser.java;file:/Users/rar9993/repos/research/fdroid_apps/native_apps/kouchat-android/app/src/main/java/net/usikkert/kouchat/misc/CommandParser.java|line:242
UseStringBufferForStringAppends;PMD;/Users/rar9993/repos/research/fdroid_apps/native_apps/kouchat-android/NONE_TRANSFORMED_;/Users/rar9993/repos/research/fdroid_apps/native_apps/kouchat-android/app/src/main/java/net/usikkert/kouchat/misc/CommandParser.java;file:/Users/rar9993/repos/research/fdroid_apps/native_apps/kouchat-android/app/src/main/java/net/usikkert/kouchat/misc/CommandParser.java|line:245
UseStringBufferForStringAppends;PMD;/Users/rar9993/repos/research/fdroid_apps/native_apps/kouchat-android/NONE_TRANSFORMED_;/Users/rar9993/repos/research/fdroid_apps/native_apps/kouchat-android/app/src/main/java/net/usikkert/kouchat/misc/CommandParser.java;file:/Users/rar9993/repos/research/fdroid_apps/native_apps/kouchat-android/app/src/main/java/net/usikkert/kouchat/misc/CommandParser.java|line:248
UseStringBufferForStringAppends;PMD;/Users/rar9993/repos/research/fdroid_apps/native_apps/kouchat-android/NONE_TRANSFORMED_;/Users/rar9993/repos/research/fdroid_apps/native_apps/kouchat-android/app/src/main/java/net/usikkert/kouchat/misc/CommandParser.java;file:/Users/rar9993/repos/research/fdroid_apps/native_apps/kouchat-android/app/src/main/java/net/usikkert/kouchat/misc/CommandParser.java|line:251
UseStringBufferForStringAppends;PMD;/Users/rar9993/repos/research/fdroid_apps/native_apps/kouchat-android/NONE_TRANSFORMED_;/Users/rar9993/repos/research/fdroid_apps/native_apps/kouchat-android/app/src/main/java/net/usikkert/kouchat/misc/CommandParser.java;file:/Users/rar9993/repos/research/fdroid_apps/native_apps/kouchat-android/app/src/main/java/net/usikkert/kouchat/misc/CommandParser.java|line:252
UseStringBufferForStringAppends;PMD;/Users/rar9993/repos/research/fdroid_apps/native_apps/kouchat-android/NONE_TRANSFORMED_;/Users/rar9993/repos/research/fdroid_apps/native_apps/kouchat-android/app/src/main/java/net/usikkert/kouchat/misc/CommandParser.java;file:/Users/rar9993/repos/research/fdroid_apps/native_apps/kouchat-android/app/src/main/java/net/usikkert/kouchat/misc/CommandParser.java|line:256
UseStringBufferForStringAppends;PMD;/Users/rar9993/repos/research/fdroid_apps/native_apps/kouchat-android/NONE_TRANSFORMED_;/Users/rar9993/repos/research/fdroid_apps/native_apps/kouchat-android/app/src/main/java/net/usikkert/kouchat/misc/CommandParser.java;file:/Users/rar9993/repos/research/fdroid_apps/native_apps/kouchat-android/app/src/main/java/net/usikkert/kouchat/misc/CommandParser.java|line:292
UseStringBufferForStringAppends;PMD;/Users/rar9993/repos/research/fdroid_apps/native_apps/kouchat-android/NONE_TRANSFORMED_;/Users/rar9993/repos/research/fdroid_apps/native_apps/kouchat-android/app/src/main/java/net/usikkert/kouchat/misc/CommandParser.java;file:/Users/rar9993/repos/research/fdroid_apps/native_apps/kouchat-android/app/src/main/java/net/usikkert/kouchat/misc/CommandParser.java|line:549
InefficientEmptyStringCheck;PMD;/Users/rar9993/repos/research/fdroid_apps/native_apps/kouchat-android/NONE_TRANSFORMED_;/Users/rar9993/repos/research/fdroid_apps/native_apps/kouchat-android/app/src/main/java/net/usikkert/kouchat/misc/CommandParser.java;file:/Users/rar9993/repos/research/fdroid_apps/native_apps/kouchat-android/app/src/main/java/net/usikkert/kouchat/misc/CommandParser.java|line:574
UseStringBufferForStringAppends;PMD;/Users/rar9993/repos/research/fdroid_apps/native_apps/kouchat-android/NONE_TRANSFORMED_;/Users/rar9993/repos/research/fdroid_apps/native_apps/kouchat-android/app/src/main/java/net/usikkert/kouchat/misc/CommandParser.java;file:/Users/rar9993/repos/research/fdroid_apps/native_apps/kouchat-android/app/src/main/java/net/usikkert/kouchat/misc/CommandParser.java|line:625
UseStringBufferForStringAppends;PMD;/Users/rar9993/repos/research/fdroid_apps/native_apps/kouchat-android/NONE_TRANSFORMED_;/Users/rar9993/repos/research/fdroid_apps/native_apps/kouchat-android/app/src/main/java/net/usikkert/kouchat/misc/CommandParser.java;file:/Users/rar9993/repos/research/fdroid_apps/native_apps/kouchat-android/app/src/main/java/net/usikkert/kouchat/misc/CommandParser.java|line:628
AppendCharacterWithChar;PMD;/Users/rar9993/repos/research/fdroid_apps/native_apps/kouchat-android/NONE_TRANSFORMED_;/Users/rar9993/repos/research/fdroid_apps/native_apps/kouchat-android/app/src/main/java/net/usikkert/kouchat/misc/CommandParser.java;file:/Users/rar9993/repos/research/fdroid_apps/native_apps/kouchat-android/app/src/main/java/net/usikkert/kouchat/misc/CommandParser.java|line:647
AppendCharacterWithChar;PMD;/Users/rar9993/repos/research/fdroid_apps/native_apps/kouchat-android/NONE_TRANSFORMED_;/Users/rar9993/repos/research/fdroid_apps/native_apps/kouchat-android/app/src/main/java/net/usikkert/kouchat/misc/CommandParser.java;file:/Users/rar9993/repos/research/fdroid_apps/native_apps/kouchat-android/app/src/main/java/net/usikkert/kouchat/misc/CommandParser.java|line:656
InefficientEmptyStringCheck;PMD;/Users/rar9993/repos/research/fdroid_apps/native_apps/kouchat-android/NONE_TRANSFORMED_;/Users/rar9993/repos/research/fdroid_apps/native_apps/kouchat-android/app/src/main/java/net/usikkert/kouchat/misc/Controller.java;file:/Users/rar9993/repos/research/fdroid_apps/native_apps/kouchat-android/app/src/main/java/net/usikkert/kouchat/misc/Controller.java|line:562
InefficientEmptyStringCheck;PMD;/Users/rar9993/repos/research/fdroid_apps/native_apps/kouchat-android/NONE_TRANSFORMED_;/Users/rar9993/repos/research/fdroid_apps/native_apps/kouchat-android/app/src/main/java/net/usikkert/kouchat/misc/Controller.java;file:/Users/rar9993/repos/research/fdroid_apps/native_apps/kouchat-android/app/src/main/java/net/usikkert/kouchat/misc/Controller.java|line:727
AddEmptyString;PMD;/Users/rar9993/repos/research/fdroid_apps/native_apps/kouchat-android/NONE_TRANSFORMED_;/Users/rar9993/repos/research/fdroid_apps/native_apps/kouchat-android/app/src/main/java/net/usikkert/kouchat/misc/UserListController.java;file:/Users/rar9993/repos/research/fdroid_apps/native_apps/kouchat-android/app/src/main/java/net/usikkert/kouchat/misc/UserListController.java|line:231
AddEmptyString;PMD;/Users/rar9993/repos/research/fdroid_apps/native_apps/kouchat-android/NONE_TRANSFORMED_;/Users/rar9993/repos/research/fdroid_apps/native_apps/kouchat-android/app/src/main/java/net/usikkert/kouchat/net/DefaultMessageResponder.java;file:/Users/rar9993/repos/research/fdroid_apps/native_apps/kouchat-android/app/src/main/java/net/usikkert/kouchat/net/DefaultMessageResponder.java|line:161
AddEmptyString;PMD;/Users/rar9993/repos/research/fdroid_apps/native_apps/kouchat-android/NONE_TRANSFORMED_;/Users/rar9993/repos/research/fdroid_apps/native_apps/kouchat-android/app/src/main/java/net/usikkert/kouchat/net/DefaultMessageResponder.java;file:/Users/rar9993/repos/research/fdroid_apps/native_apps/kouchat-android/app/src/main/java/net/usikkert/kouchat/net/DefaultMessageResponder.java|line:167
AddEmptyString;PMD;/Users/rar9993/repos/research/fdroid_apps/native_apps/kouchat-android/NONE_TRANSFORMED_;/Users/rar9993/repos/research/fdroid_apps/native_apps/kouchat-android/app/src/main/java/net/usikkert/kouchat/net/DefaultMessageResponder.java;file:/Users/rar9993/repos/research/fdroid_apps/native_apps/kouchat-android/app/src/main/java/net/usikkert/kouchat/net/DefaultMessageResponder.java|line:173
AddEmptyString;PMD;/Users/rar9993/repos/research/fdroid_apps/native_apps/kouchat-android/NONE_TRANSFORMED_;/Users/rar9993/repos/research/fdroid_apps/native_apps/kouchat-android/app/src/main/java/net/usikkert/kouchat/net/DefaultMessageResponder.java;file:/Users/rar9993/repos/research/fdroid_apps/native_apps/kouchat-android/app/src/main/java/net/usikkert/kouchat/net/DefaultMessageResponder.java|line:191
AddEmptyString;PMD;/Users/rar9993/repos/research/fdroid_apps/native_apps/kouchat-android/NONE_TRANSFORMED_;/Users/rar9993/repos/research/fdroid_apps/native_apps/kouchat-android/app/src/main/java/net/usikkert/kouchat/net/DefaultMessageResponder.java;file:/Users/rar9993/repos/research/fdroid_apps/native_apps/kouchat-android/app/src/main/java/net/usikkert/kouchat/net/DefaultMessageResponder.java|line:195
AddEmptyString;PMD;/Users/rar9993/repos/research/fdroid_apps/native_apps/kouchat-android/NONE_TRANSFORMED_;/Users/rar9993/repos/research/fdroid_apps/native_apps/kouchat-android/app/src/main/java/net/usikkert/kouchat/net/DefaultMessageResponder.java;file:/Users/rar9993/repos/research/fdroid_apps/native_apps/kouchat-android/app/src/main/java/net/usikkert/kouchat/net/DefaultMessageResponder.java|line:199
AddEmptyString;PMD;/Users/rar9993/repos/research/fdroid_apps/native_apps/kouchat-android/NONE_TRANSFORMED_;/Users/rar9993/repos/research/fdroid_apps/native_apps/kouchat-android/app/src/main/java/net/usikkert/kouchat/net/DefaultMessageResponder.java;file:/Users/rar9993/repos/research/fdroid_apps/native_apps/kouchat-android/app/src/main/java/net/usikkert/kouchat/net/DefaultMessageResponder.java|line:419
AvoidInstantiatingObjectsInLoops;PMD;/Users/rar9993/repos/research/fdroid_apps/native_apps/kouchat-android/NONE_TRANSFORMED_;/Users/rar9993/repos/research/fdroid_apps/native_apps/kouchat-android/app/src/main/java/net/usikkert/kouchat/net/FileReceiver.java;file:/Users/rar9993/repos/research/fdroid_apps/native_apps/kouchat-android/app/src/main/java/net/usikkert/kouchat/net/FileReceiver.java|line:141
AvoidInstantiatingObjectsInLoops;PMD;/Users/rar9993/repos/research/fdroid_apps/native_apps/kouchat-android/NONE_TRANSFORMED_;/Users/rar9993/repos/research/fdroid_apps/native_apps/kouchat-android/app/src/main/java/net/usikkert/kouchat/net/FileReceiver.java;file:/Users/rar9993/repos/research/fdroid_apps/native_apps/kouchat-android/app/src/main/java/net/usikkert/kouchat/net/FileReceiver.java|line:142
AvoidFileStream;PMD;/Users/rar9993/repos/research/fdroid_apps/native_apps/kouchat-android/NONE_TRANSFORMED_;/Users/rar9993/repos/research/fdroid_apps/native_apps/kouchat-android/app/src/main/java/net/usikkert/kouchat/net/FileReceiver.java;file:/Users/rar9993/repos/research/fdroid_apps/native_apps/kouchat-android/app/src/main/java/net/usikkert/kouchat/net/FileReceiver.java|line:180
AvoidInstantiatingObjectsInLoops;PMD;/Users/rar9993/repos/research/fdroid_apps/native_apps/kouchat-android/NONE_TRANSFORMED_;/Users/rar9993/repos/research/fdroid_apps/native_apps/kouchat-android/app/src/main/java/net/usikkert/kouchat/net/FileSender.java;file:/Users/rar9993/repos/research/fdroid_apps/native_apps/kouchat-android/app/src/main/java/net/usikkert/kouchat/net/FileSender.java|line:132
AvoidFileStream;PMD;/Users/rar9993/repos/research/fdroid_apps/native_apps/kouchat-android/NONE_TRANSFORMED_;/Users/rar9993/repos/research/fdroid_apps/native_apps/kouchat-android/app/src/main/java/net/usikkert/kouchat/net/FileToSend.java;file:/Users/rar9993/repos/research/fdroid_apps/native_apps/kouchat-android/app/src/main/java/net/usikkert/kouchat/net/FileToSend.java|line:115
UseIndexOfChar;PMD;/Users/rar9993/repos/research/fdroid_apps/native_apps/kouchat-android/NONE_TRANSFORMED_;/Users/rar9993/repos/research/fdroid_apps/native_apps/kouchat-android/app/src/main/java/net/usikkert/kouchat/net/MessageDeduplicator.java;file:/Users/rar9993/repos/research/fdroid_apps/native_apps/kouchat-android/app/src/main/java/net/usikkert/kouchat/net/MessageDeduplicator.java|line:111
UseIndexOfChar;PMD;/Users/rar9993/repos/research/fdroid_apps/native_apps/kouchat-android/NONE_TRANSFORMED_;/Users/rar9993/repos/research/fdroid_apps/native_apps/kouchat-android/app/src/main/java/net/usikkert/kouchat/net/MessageParser.java;file:/Users/rar9993/repos/research/fdroid_apps/native_apps/kouchat-android/app/src/main/java/net/usikkert/kouchat/net/MessageParser.java|line:103
UseIndexOfChar;PMD;/Users/rar9993/repos/research/fdroid_apps/native_apps/kouchat-android/NONE_TRANSFORMED_;/Users/rar9993/repos/research/fdroid_apps/native_apps/kouchat-android/app/src/main/java/net/usikkert/kouchat/net/MessageParser.java;file:/Users/rar9993/repos/research/fdroid_apps/native_apps/kouchat-android/app/src/main/java/net/usikkert/kouchat/net/MessageParser.java|line:104
UseIndexOfChar;PMD;/Users/rar9993/repos/research/fdroid_apps/native_apps/kouchat-android/NONE_TRANSFORMED_;/Users/rar9993/repos/research/fdroid_apps/native_apps/kouchat-android/app/src/main/java/net/usikkert/kouchat/net/MessageParser.java;file:/Users/rar9993/repos/research/fdroid_apps/native_apps/kouchat-android/app/src/main/java/net/usikkert/kouchat/net/MessageParser.java|line:105
UseIndexOfChar;PMD;/Users/rar9993/repos/research/fdroid_apps/native_apps/kouchat-android/NONE_TRANSFORMED_;/Users/rar9993/repos/research/fdroid_apps/native_apps/kouchat-android/app/src/main/java/net/usikkert/kouchat/net/MessageParser.java;file:/Users/rar9993/repos/research/fdroid_apps/native_apps/kouchat-android/app/src/main/java/net/usikkert/kouchat/net/MessageParser.java|line:116
UseIndexOfChar;PMD;/Users/rar9993/repos/research/fdroid_apps/native_apps/kouchat-android/NONE_TRANSFORMED_;/Users/rar9993/repos/research/fdroid_apps/native_apps/kouchat-android/app/src/main/java/net/usikkert/kouchat/net/MessageParser.java;file:/Users/rar9993/repos/research/fdroid_apps/native_apps/kouchat-android/app/src/main/java/net/usikkert/kouchat/net/MessageParser.java|line:117
UseIndexOfChar;PMD;/Users/rar9993/repos/research/fdroid_apps/native_apps/kouchat-android/NONE_TRANSFORMED_;/Users/rar9993/repos/research/fdroid_apps/native_apps/kouchat-android/app/src/main/java/net/usikkert/kouchat/net/MessageParser.java;file:/Users/rar9993/repos/research/fdroid_apps/native_apps/kouchat-android/app/src/main/java/net/usikkert/kouchat/net/MessageParser.java|line:182
UseIndexOfChar;PMD;/Users/rar9993/repos/research/fdroid_apps/native_apps/kouchat-android/NONE_TRANSFORMED_;/Users/rar9993/repos/research/fdroid_apps/native_apps/kouchat-android/app/src/main/java/net/usikkert/kouchat/net/MessageParser.java;file:/Users/rar9993/repos/research/fdroid_apps/native_apps/kouchat-android/app/src/main/java/net/usikkert/kouchat/net/MessageParser.java|line:183
UseIndexOfChar;PMD;/Users/rar9993/repos/research/fdroid_apps/native_apps/kouchat-android/NONE_TRANSFORMED_;/Users/rar9993/repos/research/fdroid_apps/native_apps/kouchat-android/app/src/main/java/net/usikkert/kouchat/net/MessageParser.java;file:/Users/rar9993/repos/research/fdroid_apps/native_apps/kouchat-android/app/src/main/java/net/usikkert/kouchat/net/MessageParser.java|line:184
UseIndexOfChar;PMD;/Users/rar9993/repos/research/fdroid_apps/native_apps/kouchat-android/NONE_TRANSFORMED_;/Users/rar9993/repos/research/fdroid_apps/native_apps/kouchat-android/app/src/main/java/net/usikkert/kouchat/net/MessageParser.java;file:/Users/rar9993/repos/research/fdroid_apps/native_apps/kouchat-android/app/src/main/java/net/usikkert/kouchat/net/MessageParser.java|line:185
UseIndexOfChar;PMD;/Users/rar9993/repos/research/fdroid_apps/native_apps/kouchat-android/NONE_TRANSFORMED_;/Users/rar9993/repos/research/fdroid_apps/native_apps/kouchat-android/app/src/main/java/net/usikkert/kouchat/net/MessageParser.java;file:/Users/rar9993/repos/research/fdroid_apps/native_apps/kouchat-android/app/src/main/java/net/usikkert/kouchat/net/MessageParser.java|line:209
UseIndexOfChar;PMD;/Users/rar9993/repos/research/fdroid_apps/native_apps/kouchat-android/NONE_TRANSFORMED_;/Users/rar9993/repos/research/fdroid_apps/native_apps/kouchat-android/app/src/main/java/net/usikkert/kouchat/net/MessageParser.java;file:/Users/rar9993/repos/research/fdroid_apps/native_apps/kouchat-android/app/src/main/java/net/usikkert/kouchat/net/MessageParser.java|line:210
UseIndexOfChar;PMD;/Users/rar9993/repos/research/fdroid_apps/native_apps/kouchat-android/NONE_TRANSFORMED_;/Users/rar9993/repos/research/fdroid_apps/native_apps/kouchat-android/app/src/main/java/net/usikkert/kouchat/net/MessageParser.java;file:/Users/rar9993/repos/research/fdroid_apps/native_apps/kouchat-android/app/src/main/java/net/usikkert/kouchat/net/MessageParser.java|line:214
UseIndexOfChar;PMD;/Users/rar9993/repos/research/fdroid_apps/native_apps/kouchat-android/NONE_TRANSFORMED_;/Users/rar9993/repos/research/fdroid_apps/native_apps/kouchat-android/app/src/main/java/net/usikkert/kouchat/net/MessageParser.java;file:/Users/rar9993/repos/research/fdroid_apps/native_apps/kouchat-android/app/src/main/java/net/usikkert/kouchat/net/MessageParser.java|line:215
UseIndexOfChar;PMD;/Users/rar9993/repos/research/fdroid_apps/native_apps/kouchat-android/NONE_TRANSFORMED_;/Users/rar9993/repos/research/fdroid_apps/native_apps/kouchat-android/app/src/main/java/net/usikkert/kouchat/net/MessageParser.java;file:/Users/rar9993/repos/research/fdroid_apps/native_apps/kouchat-android/app/src/main/java/net/usikkert/kouchat/net/MessageParser.java|line:216
UseIndexOfChar;PMD;/Users/rar9993/repos/research/fdroid_apps/native_apps/kouchat-android/NONE_TRANSFORMED_;/Users/rar9993/repos/research/fdroid_apps/native_apps/kouchat-android/app/src/main/java/net/usikkert/kouchat/net/MessageParser.java;file:/Users/rar9993/repos/research/fdroid_apps/native_apps/kouchat-android/app/src/main/java/net/usikkert/kouchat/net/MessageParser.java|line:217
UseIndexOfChar;PMD;/Users/rar9993/repos/research/fdroid_apps/native_apps/kouchat-android/NONE_TRANSFORMED_;/Users/rar9993/repos/research/fdroid_apps/native_apps/kouchat-android/app/src/main/java/net/usikkert/kouchat/net/MessageParser.java;file:/Users/rar9993/repos/research/fdroid_apps/native_apps/kouchat-android/app/src/main/java/net/usikkert/kouchat/net/MessageParser.java|line:227
UseIndexOfChar;PMD;/Users/rar9993/repos/research/fdroid_apps/native_apps/kouchat-android/NONE_TRANSFORMED_;/Users/rar9993/repos/research/fdroid_apps/native_apps/kouchat-android/app/src/main/java/net/usikkert/kouchat/net/MessageParser.java;file:/Users/rar9993/repos/research/fdroid_apps/native_apps/kouchat-android/app/src/main/java/net/usikkert/kouchat/net/MessageParser.java|line:228
UseIndexOfChar;PMD;/Users/rar9993/repos/research/fdroid_apps/native_apps/kouchat-android/NONE_TRANSFORMED_;/Users/rar9993/repos/research/fdroid_apps/native_apps/kouchat-android/app/src/main/java/net/usikkert/kouchat/net/MessageParser.java;file:/Users/rar9993/repos/research/fdroid_apps/native_apps/kouchat-android/app/src/main/java/net/usikkert/kouchat/net/MessageParser.java|line:232
UseIndexOfChar;PMD;/Users/rar9993/repos/research/fdroid_apps/native_apps/kouchat-android/NONE_TRANSFORMED_;/Users/rar9993/repos/research/fdroid_apps/native_apps/kouchat-android/app/src/main/java/net/usikkert/kouchat/net/MessageParser.java;file:/Users/rar9993/repos/research/fdroid_apps/native_apps/kouchat-android/app/src/main/java/net/usikkert/kouchat/net/MessageParser.java|line:233
UseIndexOfChar;PMD;/Users/rar9993/repos/research/fdroid_apps/native_apps/kouchat-android/NONE_TRANSFORMED_;/Users/rar9993/repos/research/fdroid_apps/native_apps/kouchat-android/app/src/main/java/net/usikkert/kouchat/net/MessageParser.java;file:/Users/rar9993/repos/research/fdroid_apps/native_apps/kouchat-android/app/src/main/java/net/usikkert/kouchat/net/MessageParser.java|line:242
UseIndexOfChar;PMD;/Users/rar9993/repos/research/fdroid_apps/native_apps/kouchat-android/NONE_TRANSFORMED_;/Users/rar9993/repos/research/fdroid_apps/native_apps/kouchat-android/app/src/main/java/net/usikkert/kouchat/net/MessageParser.java;file:/Users/rar9993/repos/research/fdroid_apps/native_apps/kouchat-android/app/src/main/java/net/usikkert/kouchat/net/MessageParser.java|line:243
UseIndexOfChar;PMD;/Users/rar9993/repos/research/fdroid_apps/native_apps/kouchat-android/NONE_TRANSFORMED_;/Users/rar9993/repos/research/fdroid_apps/native_apps/kouchat-android/app/src/main/java/net/usikkert/kouchat/net/MessageParser.java;file:/Users/rar9993/repos/research/fdroid_apps/native_apps/kouchat-android/app/src/main/java/net/usikkert/kouchat/net/MessageParser.java|line:247
UseIndexOfChar;PMD;/Users/rar9993/repos/research/fdroid_apps/native_apps/kouchat-android/NONE_TRANSFORMED_;/Users/rar9993/repos/research/fdroid_apps/native_apps/kouchat-android/app/src/main/java/net/usikkert/kouchat/net/MessageParser.java;file:/Users/rar9993/repos/research/fdroid_apps/native_apps/kouchat-android/app/src/main/java/net/usikkert/kouchat/net/MessageParser.java|line:248
UseIndexOfChar;PMD;/Users/rar9993/repos/research/fdroid_apps/native_apps/kouchat-android/NONE_TRANSFORMED_;/Users/rar9993/repos/research/fdroid_apps/native_apps/kouchat-android/app/src/main/java/net/usikkert/kouchat/net/MessageParser.java;file:/Users/rar9993/repos/research/fdroid_apps/native_apps/kouchat-android/app/src/main/java/net/usikkert/kouchat/net/MessageParser.java|line:249
UseIndexOfChar;PMD;/Users/rar9993/repos/research/fdroid_apps/native_apps/kouchat-android/NONE_TRANSFORMED_;/Users/rar9993/repos/research/fdroid_apps/native_apps/kouchat-android/app/src/main/java/net/usikkert/kouchat/net/MessageParser.java;file:/Users/rar9993/repos/research/fdroid_apps/native_apps/kouchat-android/app/src/main/java/net/usikkert/kouchat/net/MessageParser.java|line:250
UseIndexOfChar;PMD;/Users/rar9993/repos/research/fdroid_apps/native_apps/kouchat-android/NONE_TRANSFORMED_;/Users/rar9993/repos/research/fdroid_apps/native_apps/kouchat-android/app/src/main/java/net/usikkert/kouchat/net/MessageParser.java;file:/Users/rar9993/repos/research/fdroid_apps/native_apps/kouchat-android/app/src/main/java/net/usikkert/kouchat/net/MessageParser.java|line:260
UseIndexOfChar;PMD;/Users/rar9993/repos/research/fdroid_apps/native_apps/kouchat-android/NONE_TRANSFORMED_;/Users/rar9993/repos/research/fdroid_apps/native_apps/kouchat-android/app/src/main/java/net/usikkert/kouchat/net/MessageParser.java;file:/Users/rar9993/repos/research/fdroid_apps/native_apps/kouchat-android/app/src/main/java/net/usikkert/kouchat/net/MessageParser.java|line:261
UseIndexOfChar;PMD;/Users/rar9993/repos/research/fdroid_apps/native_apps/kouchat-android/NONE_TRANSFORMED_;/Users/rar9993/repos/research/fdroid_apps/native_apps/kouchat-android/app/src/main/java/net/usikkert/kouchat/net/MessageParser.java;file:/Users/rar9993/repos/research/fdroid_apps/native_apps/kouchat-android/app/src/main/java/net/usikkert/kouchat/net/MessageParser.java|line:262
UseIndexOfChar;PMD;/Users/rar9993/repos/research/fdroid_apps/native_apps/kouchat-android/NONE_TRANSFORMED_;/Users/rar9993/repos/research/fdroid_apps/native_apps/kouchat-android/app/src/main/java/net/usikkert/kouchat/net/MessageParser.java;file:/Users/rar9993/repos/research/fdroid_apps/native_apps/kouchat-android/app/src/main/java/net/usikkert/kouchat/net/MessageParser.java|line:263
UseIndexOfChar;PMD;/Users/rar9993/repos/research/fdroid_apps/native_apps/kouchat-android/NONE_TRANSFORMED_;/Users/rar9993/repos/research/fdroid_apps/native_apps/kouchat-android/app/src/main/java/net/usikkert/kouchat/net/MessageParser.java;file:/Users/rar9993/repos/research/fdroid_apps/native_apps/kouchat-android/app/src/main/java/net/usikkert/kouchat/net/MessageParser.java|line:264
UseIndexOfChar;PMD;/Users/rar9993/repos/research/fdroid_apps/native_apps/kouchat-android/NONE_TRANSFORMED_;/Users/rar9993/repos/research/fdroid_apps/native_apps/kouchat-android/app/src/main/java/net/usikkert/kouchat/net/MessageParser.java;file:/Users/rar9993/repos/research/fdroid_apps/native_apps/kouchat-android/app/src/main/java/net/usikkert/kouchat/net/MessageParser.java|line:265
UseIndexOfChar;PMD;/Users/rar9993/repos/research/fdroid_apps/native_apps/kouchat-android/NONE_TRANSFORMED_;/Users/rar9993/repos/research/fdroid_apps/native_apps/kouchat-android/app/src/main/java/net/usikkert/kouchat/net/MessageParser.java;file:/Users/rar9993/repos/research/fdroid_apps/native_apps/kouchat-android/app/src/main/java/net/usikkert/kouchat/net/MessageParser.java|line:266
UseIndexOfChar;PMD;/Users/rar9993/repos/research/fdroid_apps/native_apps/kouchat-android/NONE_TRANSFORMED_;/Users/rar9993/repos/research/fdroid_apps/native_apps/kouchat-android/app/src/main/java/net/usikkert/kouchat/net/MessageParser.java;file:/Users/rar9993/repos/research/fdroid_apps/native_apps/kouchat-android/app/src/main/java/net/usikkert/kouchat/net/MessageParser.java|line:267
UseIndexOfChar;PMD;/Users/rar9993/repos/research/fdroid_apps/native_apps/kouchat-android/NONE_TRANSFORMED_;/Users/rar9993/repos/research/fdroid_apps/native_apps/kouchat-android/app/src/main/java/net/usikkert/kouchat/net/MessageParser.java;file:/Users/rar9993/repos/research/fdroid_apps/native_apps/kouchat-android/app/src/main/java/net/usikkert/kouchat/net/MessageParser.java|line:268
UseIndexOfChar;PMD;/Users/rar9993/repos/research/fdroid_apps/native_apps/kouchat-android/NONE_TRANSFORMED_;/Users/rar9993/repos/research/fdroid_apps/native_apps/kouchat-android/app/src/main/java/net/usikkert/kouchat/net/MessageParser.java;file:/Users/rar9993/repos/research/fdroid_apps/native_apps/kouchat-android/app/src/main/java/net/usikkert/kouchat/net/MessageParser.java|line:269
AvoidInstantiatingObjectsInLoops;PMD;/Users/rar9993/repos/research/fdroid_apps/native_apps/kouchat-android/NONE_TRANSFORMED_;/Users/rar9993/repos/research/fdroid_apps/native_apps/kouchat-android/app/src/main/java/net/usikkert/kouchat/net/MessageReceiver.java;file:/Users/rar9993/repos/research/fdroid_apps/native_apps/kouchat-android/app/src/main/java/net/usikkert/kouchat/net/MessageReceiver.java|line:122
AvoidInstantiatingObjectsInLoops;PMD;/Users/rar9993/repos/research/fdroid_apps/native_apps/kouchat-android/NONE_TRANSFORMED_;/Users/rar9993/repos/research/fdroid_apps/native_apps/kouchat-android/app/src/main/java/net/usikkert/kouchat/net/MessageReceiver.java;file:/Users/rar9993/repos/research/fdroid_apps/native_apps/kouchat-android/app/src/main/java/net/usikkert/kouchat/net/MessageReceiver.java|line:123
AvoidInstantiatingObjectsInLoops;PMD;/Users/rar9993/repos/research/fdroid_apps/native_apps/kouchat-android/NONE_TRANSFORMED_;/Users/rar9993/repos/research/fdroid_apps/native_apps/kouchat-android/app/src/main/java/net/usikkert/kouchat/net/MessageReceiver.java;file:/Users/rar9993/repos/research/fdroid_apps/native_apps/kouchat-android/app/src/main/java/net/usikkert/kouchat/net/MessageReceiver.java|line:128
UseStringBufferForStringAppends;PMD;/Users/rar9993/repos/research/fdroid_apps/native_apps/kouchat-android/NONE_TRANSFORMED_;/Users/rar9993/repos/research/fdroid_apps/native_apps/kouchat-android/app/src/main/java/net/usikkert/kouchat/net/NetworkUtils.java;file:/Users/rar9993/repos/research/fdroid_apps/native_apps/kouchat-android/app/src/main/java/net/usikkert/kouchat/net/NetworkUtils.java|line:157
UseStringBufferForStringAppends;PMD;/Users/rar9993/repos/research/fdroid_apps/native_apps/kouchat-android/NONE_TRANSFORMED_;/Users/rar9993/repos/research/fdroid_apps/native_apps/kouchat-android/app/src/main/java/net/usikkert/kouchat/net/NetworkUtils.java;file:/Users/rar9993/repos/research/fdroid_apps/native_apps/kouchat-android/app/src/main/java/net/usikkert/kouchat/net/NetworkUtils.java|line:203
UseStringBufferForStringAppends;PMD;/Users/rar9993/repos/research/fdroid_apps/native_apps/kouchat-android/NONE_TRANSFORMED_;/Users/rar9993/repos/research/fdroid_apps/native_apps/kouchat-android/app/src/main/java/net/usikkert/kouchat/net/NetworkUtils.java;file:/Users/rar9993/repos/research/fdroid_apps/native_apps/kouchat-android/app/src/main/java/net/usikkert/kouchat/net/NetworkUtils.java|line:205
UseIndexOfChar;PMD;/Users/rar9993/repos/research/fdroid_apps/native_apps/kouchat-android/NONE_TRANSFORMED_;/Users/rar9993/repos/research/fdroid_apps/native_apps/kouchat-android/app/src/main/java/net/usikkert/kouchat/net/PrivateMessageParser.java;file:/Users/rar9993/repos/research/fdroid_apps/native_apps/kouchat-android/app/src/main/java/net/usikkert/kouchat/net/PrivateMessageParser.java|line:78
UseIndexOfChar;PMD;/Users/rar9993/repos/research/fdroid_apps/native_apps/kouchat-android/NONE_TRANSFORMED_;/Users/rar9993/repos/research/fdroid_apps/native_apps/kouchat-android/app/src/main/java/net/usikkert/kouchat/net/PrivateMessageParser.java;file:/Users/rar9993/repos/research/fdroid_apps/native_apps/kouchat-android/app/src/main/java/net/usikkert/kouchat/net/PrivateMessageParser.java|line:79
UseIndexOfChar;PMD;/Users/rar9993/repos/research/fdroid_apps/native_apps/kouchat-android/NONE_TRANSFORMED_;/Users/rar9993/repos/research/fdroid_apps/native_apps/kouchat-android/app/src/main/java/net/usikkert/kouchat/net/PrivateMessageParser.java;file:/Users/rar9993/repos/research/fdroid_apps/native_apps/kouchat-android/app/src/main/java/net/usikkert/kouchat/net/PrivateMessageParser.java|line:80
UseIndexOfChar;PMD;/Users/rar9993/repos/research/fdroid_apps/native_apps/kouchat-android/NONE_TRANSFORMED_;/Users/rar9993/repos/research/fdroid_apps/native_apps/kouchat-android/app/src/main/java/net/usikkert/kouchat/net/PrivateMessageParser.java;file:/Users/rar9993/repos/research/fdroid_apps/native_apps/kouchat-android/app/src/main/java/net/usikkert/kouchat/net/PrivateMessageParser.java|line:87
UseIndexOfChar;PMD;/Users/rar9993/repos/research/fdroid_apps/native_apps/kouchat-android/NONE_TRANSFORMED_;/Users/rar9993/repos/research/fdroid_apps/native_apps/kouchat-android/app/src/main/java/net/usikkert/kouchat/net/PrivateMessageParser.java;file:/Users/rar9993/repos/research/fdroid_apps/native_apps/kouchat-android/app/src/main/java/net/usikkert/kouchat/net/PrivateMessageParser.java|line:88
UseIndexOfChar;PMD;/Users/rar9993/repos/research/fdroid_apps/native_apps/kouchat-android/NONE_TRANSFORMED_;/Users/rar9993/repos/research/fdroid_apps/native_apps/kouchat-android/app/src/main/java/net/usikkert/kouchat/net/PrivateMessageParser.java;file:/Users/rar9993/repos/research/fdroid_apps/native_apps/kouchat-android/app/src/main/java/net/usikkert/kouchat/net/PrivateMessageParser.java|line:95
UseIndexOfChar;PMD;/Users/rar9993/repos/research/fdroid_apps/native_apps/kouchat-android/NONE_TRANSFORMED_;/Users/rar9993/repos/research/fdroid_apps/native_apps/kouchat-android/app/src/main/java/net/usikkert/kouchat/net/PrivateMessageParser.java;file:/Users/rar9993/repos/research/fdroid_apps/native_apps/kouchat-android/app/src/main/java/net/usikkert/kouchat/net/PrivateMessageParser.java|line:96
AvoidInstantiatingObjectsInLoops;PMD;/Users/rar9993/repos/research/fdroid_apps/native_apps/kouchat-android/NONE_TRANSFORMED_;/Users/rar9993/repos/research/fdroid_apps/native_apps/kouchat-android/app/src/main/java/net/usikkert/kouchat/net/UDPReceiver.java;file:/Users/rar9993/repos/research/fdroid_apps/native_apps/kouchat-android/app/src/main/java/net/usikkert/kouchat/net/UDPReceiver.java|line:87
AvoidInstantiatingObjectsInLoops;PMD;/Users/rar9993/repos/research/fdroid_apps/native_apps/kouchat-android/NONE_TRANSFORMED_;/Users/rar9993/repos/research/fdroid_apps/native_apps/kouchat-android/app/src/main/java/net/usikkert/kouchat/net/UDPReceiver.java;file:/Users/rar9993/repos/research/fdroid_apps/native_apps/kouchat-android/app/src/main/java/net/usikkert/kouchat/net/UDPReceiver.java|line:88
AvoidInstantiatingObjectsInLoops;PMD;/Users/rar9993/repos/research/fdroid_apps/native_apps/kouchat-android/NONE_TRANSFORMED_;/Users/rar9993/repos/research/fdroid_apps/native_apps/kouchat-android/app/src/main/java/net/usikkert/kouchat/net/UDPReceiver.java;file:/Users/rar9993/repos/research/fdroid_apps/native_apps/kouchat-android/app/src/main/java/net/usikkert/kouchat/net/UDPReceiver.java|line:92
AvoidInstantiatingObjectsInLoops;PMD;/Users/rar9993/repos/research/fdroid_apps/native_apps/kouchat-android/NONE_TRANSFORMED_;/Users/rar9993/repos/research/fdroid_apps/native_apps/kouchat-android/app/src/main/java/net/usikkert/kouchat/net/UDPReceiver.java;file:/Users/rar9993/repos/research/fdroid_apps/native_apps/kouchat-android/app/src/main/java/net/usikkert/kouchat/net/UDPReceiver.java|line:131
AvoidInstantiatingObjectsInLoops;PMD;/Users/rar9993/repos/research/fdroid_apps/native_apps/kouchat-android/NONE_TRANSFORMED_;/Users/rar9993/repos/research/fdroid_apps/native_apps/kouchat-android/app/src/main/java/net/usikkert/kouchat/net/UDPReceiver.java;file:/Users/rar9993/repos/research/fdroid_apps/native_apps/kouchat-android/app/src/main/java/net/usikkert/kouchat/net/UDPReceiver.java|line:137
AvoidInstantiatingObjectsInLoops;PMD;/Users/rar9993/repos/research/fdroid_apps/native_apps/kouchat-android/NONE_TRANSFORMED_;/Users/rar9993/repos/research/fdroid_apps/native_apps/kouchat-android/app/src/main/java/net/usikkert/kouchat/net/tcp/TCPServer.java;file:/Users/rar9993/repos/research/fdroid_apps/native_apps/kouchat-android/app/src/main/java/net/usikkert/kouchat/net/tcp/TCPServer.java|line:101
AvoidInstantiatingObjectsInLoops;PMD;/Users/rar9993/repos/research/fdroid_apps/native_apps/kouchat-android/NONE_TRANSFORMED_;/Users/rar9993/repos/research/fdroid_apps/native_apps/kouchat-android/app/src/main/java/net/usikkert/kouchat/net/tcp/TCPServer.java;file:/Users/rar9993/repos/research/fdroid_apps/native_apps/kouchat-android/app/src/main/java/net/usikkert/kouchat/net/tcp/TCPServer.java|line:105
AvoidFileStream;PMD;/Users/rar9993/repos/research/fdroid_apps/native_apps/kouchat-android/NONE_TRANSFORMED_;/Users/rar9993/repos/research/fdroid_apps/native_apps/kouchat-android/app/src/main/java/net/usikkert/kouchat/util/PropertyTools.java;file:/Users/rar9993/repos/research/fdroid_apps/native_apps/kouchat-android/app/src/main/java/net/usikkert/kouchat/util/PropertyTools.java|line:58
AvoidFileStream;PMD;/Users/rar9993/repos/research/fdroid_apps/native_apps/kouchat-android/NONE_TRANSFORMED_;/Users/rar9993/repos/research/fdroid_apps/native_apps/kouchat-android/app/src/main/java/net/usikkert/kouchat/util/PropertyTools.java;file:/Users/rar9993/repos/research/fdroid_apps/native_apps/kouchat-android/app/src/main/java/net/usikkert/kouchat/util/PropertyTools.java|line:85
AppendCharacterWithChar;PMD;/Users/rar9993/repos/research/fdroid_apps/native_apps/kouchat-android/NONE_TRANSFORMED_;/Users/rar9993/repos/research/fdroid_apps/native_apps/kouchat-android/app/src/main/java/net/usikkert/kouchat/util/ResourceValidator.java;file:/Users/rar9993/repos/research/fdroid_apps/native_apps/kouchat-android/app/src/main/java/net/usikkert/kouchat/util/ResourceValidator.java|line:76
AddEmptyString;PMD;/Users/rar9993/repos/research/fdroid_apps/native_apps/kouchat-android/NONE_TRANSFORMED_;/Users/rar9993/repos/research/fdroid_apps/native_apps/kouchat-android/app/src/main/java/net/usikkert/kouchat/util/Tools.java;file:/Users/rar9993/repos/research/fdroid_apps/native_apps/kouchat-android/app/src/main/java/net/usikkert/kouchat/util/Tools.java|line:84
UseIndexOfChar;PMD;/Users/rar9993/repos/research/fdroid_apps/native_apps/kouchat-android/NONE_TRANSFORMED_;/Users/rar9993/repos/research/fdroid_apps/native_apps/kouchat-android/app/src/main/java/net/usikkert/kouchat/util/Tools.java;file:/Users/rar9993/repos/research/fdroid_apps/native_apps/kouchat-android/app/src/main/java/net/usikkert/kouchat/util/Tools.java|line:250
UseIndexOfChar;PMD;/Users/rar9993/repos/research/fdroid_apps/native_apps/kouchat-android/NONE_TRANSFORMED_;/Users/rar9993/repos/research/fdroid_apps/native_apps/kouchat-android/app/src/main/java/net/usikkert/kouchat/util/Tools.java;file:/Users/rar9993/repos/research/fdroid_apps/native_apps/kouchat-android/app/src/main/java/net/usikkert/kouchat/util/Tools.java|line:272
AppendCharacterWithChar;PMD;/Users/rar9993/repos/research/fdroid_apps/native_apps/kouchat-android/NONE_TRANSFORMED_;/Users/rar9993/repos/research/fdroid_apps/native_apps/kouchat-android/app/src/main/java/net/usikkert/kouchat/util/Tools.java;file:/Users/rar9993/repos/research/fdroid_apps/native_apps/kouchat-android/app/src/main/java/net/usikkert/kouchat/util/Tools.java|line:319
InefficientEmptyStringCheck;PMD;/Users/rar9993/repos/research/fdroid_apps/native_apps/kouchat-android/NONE_TRANSFORMED_;/Users/rar9993/repos/research/fdroid_apps/native_apps/kouchat-android/app/src/main/java/net/usikkert/kouchat/util/Tools.java;file:/Users/rar9993/repos/research/fdroid_apps/native_apps/kouchat-android/app/src/main/java/net/usikkert/kouchat/util/Tools.java|line:333
AvoidInstantiatingObjectsInLoops;PMD;/Users/rar9993/repos/research/fdroid_apps/native_apps/kouchat-android/NONE_TRANSFORMED_;/Users/rar9993/repos/research/fdroid_apps/native_apps/kouchat-android/app/src/main/java/net/usikkert/kouchat/util/Tools.java;file:/Users/rar9993/repos/research/fdroid_apps/native_apps/kouchat-android/app/src/main/java/net/usikkert/kouchat/util/Tools.java|line:386
InefficientEmptyStringCheck;PMD;/Users/rar9993/repos/research/fdroid_apps/native_apps/kouchat-android/NONE_TRANSFORMED_;/Users/rar9993/repos/research/fdroid_apps/native_apps/kouchat-android/app/src/main/java/net/usikkert/kouchat/util/Validate.java;file:/Users/rar9993/repos/research/fdroid_apps/native_apps/kouchat-android/app/src/main/java/net/usikkert/kouchat/util/Validate.java|line:62
MemberIgnoringMethod;DAAP;/Users/rar9993/repos/research/fdroid_apps/native_apps/kouchat-android/NONE_TRANSFORMED_;/src/main/java/net/usikkert/kouchat/misc/CommandParser.java;file:/src/main/java/net/usikkert/kouchat/misc/CommandParser.java
MemberIgnoringMethod;DAAP;/Users/rar9993/repos/research/fdroid_apps/native_apps/kouchat-android/NONE_TRANSFORMED_;/src/main/java/net/usikkert/kouchat/misc/Controller.java;file:/src/main/java/net/usikkert/kouchat/misc/Controller.java
MemberIgnoringMethod;DAAP;/Users/rar9993/repos/research/fdroid_apps/native_apps/kouchat-android/NONE_TRANSFORMED_;/src/main/java/net/usikkert/kouchat/misc/UserList.java;file:/src/main/java/net/usikkert/kouchat/misc/UserList.java
MemberIgnoringMethod;DAAP;/Users/rar9993/repos/research/fdroid_apps/native_apps/kouchat-android/NONE_TRANSFORMED_;/src/main/java/net/usikkert/kouchat/ui/UserInterface.java;file:/src/main/java/net/usikkert/kouchat/ui/UserInterface.java
MemberIgnoringMethod;DAAP;/Users/rar9993/repos/research/fdroid_apps/native_apps/kouchat-android/NONE_TRANSFORMED_;/src/main/java/net/usikkert/kouchat/ui/ChatWindow.java;file:/src/main/java/net/usikkert/kouchat/ui/ChatWindow.java
MemberIgnoringMethod;DAAP;/Users/rar9993/repos/research/fdroid_apps/native_apps/kouchat-android/NONE_TRANSFORMED_;/src/main/java/net/usikkert/kouchat/ui/PrivateChatWindow.java;file:/src/main/java/net/usikkert/kouchat/ui/PrivateChatWindow.java
MemberIgnoringMethod;DAAP;/Users/rar9993/repos/research/fdroid_apps/native_apps/kouchat-android/NONE_TRANSFORMED_;/src/main/java/net/usikkert/kouchat/settings/MeFactory.java;file:/src/main/java/net/usikkert/kouchat/settings/MeFactory.java
MemberIgnoringMethod;DAAP;/Users/rar9993/repos/research/fdroid_apps/native_apps/kouchat-android/NONE_TRANSFORMED_;/src/main/java/net/usikkert/kouchat/settings/PropertyFileSettingsLoader.java;file:/src/main/java/net/usikkert/kouchat/settings/PropertyFileSettingsLoader.java
MemberIgnoringMethod;DAAP;/Users/rar9993/repos/research/fdroid_apps/native_apps/kouchat-android/NONE_TRANSFORMED_;/src/main/java/net/usikkert/kouchat/settings/SettingsSaver.java;file:/src/main/java/net/usikkert/kouchat/settings/SettingsSaver.java
MemberIgnoringMethod;DAAP;/Users/rar9993/repos/research/fdroid_apps/native_apps/kouchat-android/NONE_TRANSFORMED_;/src/main/java/net/usikkert/kouchat/net/FileToSend.java;file:/src/main/java/net/usikkert/kouchat/net/FileToSend.java
MemberIgnoringMethod;DAAP;/Users/rar9993/repos/research/fdroid_apps/native_apps/kouchat-android/NONE_TRANSFORMED_;/src/main/java/net/usikkert/kouchat/net/NetworkUtils.java;file:/src/main/java/net/usikkert/kouchat/net/NetworkUtils.java
MemberIgnoringMethod;DAAP;/Users/rar9993/repos/research/fdroid_apps/native_apps/kouchat-android/NONE_TRANSFORMED_;/src/main/java/net/usikkert/kouchat/net/NetworkService.java;file:/src/main/java/net/usikkert/kouchat/net/NetworkService.java
MemberIgnoringMethod;DAAP;/Users/rar9993/repos/research/fdroid_apps/native_apps/kouchat-android/NONE_TRANSFORMED_;/src/main/java/net/usikkert/kouchat/net/PrivateMessageResponder.java;file:/src/main/java/net/usikkert/kouchat/net/PrivateMessageResponder.java
MemberIgnoringMethod;DAAP;/Users/rar9993/repos/research/fdroid_apps/native_apps/kouchat-android/NONE_TRANSFORMED_;/src/main/java/net/usikkert/kouchat/net/OperatingSystemNetworkInfo.java;file:/src/main/java/net/usikkert/kouchat/net/OperatingSystemNetworkInfo.java
MemberIgnoringMethod;DAAP;/Users/rar9993/repos/research/fdroid_apps/native_apps/kouchat-android/NONE_TRANSFORMED_;/src/main/java/net/usikkert/kouchat/net/FileReceiver.java;file:/src/main/java/net/usikkert/kouchat/net/FileReceiver.java
MemberIgnoringMethod;DAAP;/Users/rar9993/repos/research/fdroid_apps/native_apps/kouchat-android/NONE_TRANSFORMED_;/src/main/java/net/usikkert/kouchat/net/FileSender.java;file:/src/main/java/net/usikkert/kouchat/net/FileSender.java
MemberIgnoringMethod;DAAP;/Users/rar9993/repos/research/fdroid_apps/native_apps/kouchat-android/NONE_TRANSFORMED_;/src/main/java/net/usikkert/kouchat/net/MessageResponder.java;file:/src/main/java/net/usikkert/kouchat/net/MessageResponder.java
MemberIgnoringMethod;DAAP;/Users/rar9993/repos/research/fdroid_apps/native_apps/kouchat-android/NONE_TRANSFORMED_;/src/main/java/net/usikkert/kouchat/net/tcp/TCPReceiverListener.java;file:/src/main/java/net/usikkert/kouchat/net/tcp/TCPReceiverListener.java
MemberIgnoringMethod;DAAP;/Users/rar9993/repos/research/fdroid_apps/native_apps/kouchat-android/NONE_TRANSFORMED_;/src/main/java/net/usikkert/kouchat/net/tcp/TCPNetworkService.java;file:/src/main/java/net/usikkert/kouchat/net/tcp/TCPNetworkService.java
MemberIgnoringMethod;DAAP;/Users/rar9993/repos/research/fdroid_apps/native_apps/kouchat-android/NONE_TRANSFORMED_;/src/main/java/net/usikkert/kouchat/net/tcp/TCPClientListener.java;file:/src/main/java/net/usikkert/kouchat/net/tcp/TCPClientListener.java
MemberIgnoringMethod;DAAP;/Users/rar9993/repos/research/fdroid_apps/native_apps/kouchat-android/NONE_TRANSFORMED_;/src/main/java/net/usikkert/kouchat/net/tcp/TCPUserIdentifier.java;file:/src/main/java/net/usikkert/kouchat/net/tcp/TCPUserIdentifier.java
MemberIgnoringMethod;DAAP;/Users/rar9993/repos/research/fdroid_apps/native_apps/kouchat-android/NONE_TRANSFORMED_;/src/main/java/net/usikkert/kouchat/net/tcp/TCPConnectionListener.java;file:/src/main/java/net/usikkert/kouchat/net/tcp/TCPConnectionListener.java
MemberIgnoringMethod;DAAP;/Users/rar9993/repos/research/fdroid_apps/native_apps/kouchat-android/NONE_TRANSFORMED_;/src/main/java/net/usikkert/kouchat/net/TransferList.java;file:/src/main/java/net/usikkert/kouchat/net/TransferList.java
MemberIgnoringMethod;DAAP;/Users/rar9993/repos/research/fdroid_apps/native_apps/kouchat-android/NONE_TRANSFORMED_;/src/main/java/net/usikkert/kouchat/net/NetworkMessages.java;file:/src/main/java/net/usikkert/kouchat/net/NetworkMessages.java
MemberIgnoringMethod;DAAP;/Users/rar9993/repos/research/fdroid_apps/native_apps/kouchat-android/NONE_TRANSFORMED_;/src/main/java/net/usikkert/kouchat/net/FileTransfer.java;file:/src/main/java/net/usikkert/kouchat/net/FileTransfer.java
MemberIgnoringMethod;DAAP;/Users/rar9993/repos/research/fdroid_apps/native_apps/kouchat-android/NONE_TRANSFORMED_;/src/main/java/net/usikkert/kouchat/autocomplete/UserAutoCompleteList.java;file:/src/main/java/net/usikkert/kouchat/autocomplete/UserAutoCompleteList.java
MemberIgnoringMethod;DAAP;/Users/rar9993/repos/research/fdroid_apps/native_apps/kouchat-android/NONE_TRANSFORMED_;/src/main/java/net/usikkert/kouchat/autocomplete/CommandAutoCompleteList.java;file:/src/main/java/net/usikkert/kouchat/autocomplete/CommandAutoCompleteList.java
MemberIgnoringMethod;DAAP;/Users/rar9993/repos/research/fdroid_apps/native_apps/kouchat-android/NONE_TRANSFORMED_;/src/main/java/net/usikkert/kouchat/autocomplete/AutoCompleter.java;file:/src/main/java/net/usikkert/kouchat/autocomplete/AutoCompleter.java
MemberIgnoringMethod;DAAP;/Users/rar9993/repos/research/fdroid_apps/native_apps/kouchat-android/NONE_TRANSFORMED_;/src/main/java/net/usikkert/kouchat/autocomplete/AutoCompleteList.java;file:/src/main/java/net/usikkert/kouchat/autocomplete/AutoCompleteList.java
MemberIgnoringMethod;DAAP;/Users/rar9993/repos/research/fdroid_apps/native_apps/kouchat-android/NONE_TRANSFORMED_;/src/main/java/net/usikkert/kouchat/util/DateTools.java;file:/src/main/java/net/usikkert/kouchat/util/DateTools.java
MemberIgnoringMethod;DAAP;/Users/rar9993/repos/research/fdroid_apps/native_apps/kouchat-android/NONE_TRANSFORMED_;/src/main/java/net/usikkert/kouchat/util/UncaughtExceptionListener.java;file:/src/main/java/net/usikkert/kouchat/util/UncaughtExceptionListener.java
MemberIgnoringMethod;DAAP;/Users/rar9993/repos/research/fdroid_apps/native_apps/kouchat-android/NONE_TRANSFORMED_;/src/main/java/net/usikkert/kouchat/util/Sleeper.java;file:/src/main/java/net/usikkert/kouchat/util/Sleeper.java
MemberIgnoringMethod;DAAP;/Users/rar9993/repos/research/fdroid_apps/native_apps/kouchat-android/NONE_TRANSFORMED_;/src/main/java/net/usikkert/kouchat/util/LogInitializer.java;file:/src/main/java/net/usikkert/kouchat/util/LogInitializer.java
MemberIgnoringMethod;DAAP;/Users/rar9993/repos/research/fdroid_apps/native_apps/kouchat-android/NONE_TRANSFORMED_;/src/main/java/net/usikkert/kouchat/util/ByteCounter.java;file:/src/main/java/net/usikkert/kouchat/util/ByteCounter.java
MemberIgnoringMethod;DAAP;/Users/rar9993/repos/research/fdroid_apps/native_apps/kouchat-android/NONE_TRANSFORMED_;/src/main/java/net/usikkert/kouchat/util/ResourceLoader.java;file:/src/main/java/net/usikkert/kouchat/util/ResourceLoader.java
MemberIgnoringMethod;DAAP;/Users/rar9993/repos/research/fdroid_apps/native_apps/kouchat-android/NONE_TRANSFORMED_;/src/main/java/net/usikkert/kouchat/util/TimerTools.java;file:/src/main/java/net/usikkert/kouchat/util/TimerTools.java
MemberIgnoringMethod;DAAP;/Users/rar9993/repos/research/fdroid_apps/native_apps/kouchat-android/NONE_TRANSFORMED_;/src/main/java/net/usikkert/kouchat/jmx/GeneralInformation.java;file:/src/main/java/net/usikkert/kouchat/jmx/GeneralInformation.java
MemberIgnoringMethod;DAAP;/Users/rar9993/repos/research/fdroid_apps/native_apps/kouchat-android/NONE_TRANSFORMED_;/src/main/java/net/usikkert/kouchat/jmx/JMXBean.java;file:/src/main/java/net/usikkert/kouchat/jmx/JMXBean.java
MemberIgnoringMethod;DAAP;/Users/rar9993/repos/research/fdroid_apps/native_apps/kouchat-android/NONE_TRANSFORMED_;/src/main/java/net/usikkert/kouchat/jmx/NetworkInformation.java;file:/src/main/java/net/usikkert/kouchat/jmx/NetworkInformation.java
MemberIgnoringMethod;DAAP;/Users/rar9993/repos/research/fdroid_apps/native_apps/kouchat-android/NONE_TRANSFORMED_;/src/main/java/net/usikkert/kouchat/jmx/ControllerInformation.java;file:/src/main/java/net/usikkert/kouchat/jmx/ControllerInformation.java
MemberIgnoringMethod;DAAP;/Users/rar9993/repos/research/fdroid_apps/native_apps/kouchat-android/NONE_TRANSFORMED_;/src/main/java/net/usikkert/kouchat/jmx/GeneralInformationMBean.java;file:/src/main/java/net/usikkert/kouchat/jmx/GeneralInformationMBean.java
MemberIgnoringMethod;DAAP;/Users/rar9993/repos/research/fdroid_apps/native_apps/kouchat-android/NONE_TRANSFORMED_;/src/main/java/net/usikkert/kouchat/jmx/ControllerInformationMBean.java;file:/src/main/java/net/usikkert/kouchat/jmx/ControllerInformationMBean.java
MemberIgnoringMethod;DAAP;/Users/rar9993/repos/research/fdroid_apps/native_apps/kouchat-android/NONE_TRANSFORMED_;/src/main/java/net/usikkert/kouchat/jmx/NetworkInformationMBean.java;file:/src/main/java/net/usikkert/kouchat/jmx/NetworkInformationMBean.java
MemberIgnoringMethod;DAAP;/Users/rar9993/repos/research/fdroid_apps/native_apps/kouchat-android/NONE_TRANSFORMED_;/src/main/java/net/usikkert/kouchat/message/Messages.java;file:/src/main/java/net/usikkert/kouchat/message/Messages.java
MemberIgnoringMethod;DAAP;/Users/rar9993/repos/research/fdroid_apps/native_apps/kouchat-android/NONE_TRANSFORMED_;/src/main/java/net/usikkert/kouchat/android/settings/AndroidSettingsLoader.java;file:/src/main/java/net/usikkert/kouchat/android/settings/AndroidSettingsLoader.java
MemberIgnoringMethod;DAAP;/Users/rar9993/repos/research/fdroid_apps/native_apps/kouchat-android/NONE_TRANSFORMED_;/src/main/java/net/usikkert/kouchat/android/notification/MessageNotificationService.java;file:/src/main/java/net/usikkert/kouchat/android/notification/MessageNotificationService.java
MemberIgnoringMethod;DAAP;/Users/rar9993/repos/research/fdroid_apps/native_apps/kouchat-android/NONE_TRANSFORMED_;/src/main/java/net/usikkert/kouchat/android/notification/FileTransferNotificationService.java;file:/src/main/java/net/usikkert/kouchat/android/notification/FileTransferNotificationService.java
MemberIgnoringMethod;DAAP;/Users/rar9993/repos/research/fdroid_apps/native_apps/kouchat-android/NONE_TRANSFORMED_;/src/main/java/net/usikkert/kouchat/android/notification/ServiceNotificationService.java;file:/src/main/java/net/usikkert/kouchat/android/notification/ServiceNotificationService.java
MemberIgnoringMethod;DAAP;/Users/rar9993/repos/research/fdroid_apps/native_apps/kouchat-android/NONE_TRANSFORMED_;/src/main/java/net/usikkert/kouchat/android/component/AboutDialog.java;file:/src/main/java/net/usikkert/kouchat/android/component/AboutDialog.java
MemberIgnoringMethod;DAAP;/Users/rar9993/repos/research/fdroid_apps/native_apps/kouchat-android/NONE_TRANSFORMED_;/src/main/java/net/usikkert/kouchat/android/component/TopicDialog.java;file:/src/main/java/net/usikkert/kouchat/android/component/TopicDialog.java
MemberIgnoringMethod;DAAP;/Users/rar9993/repos/research/fdroid_apps/native_apps/kouchat-android/NONE_TRANSFORMED_;/src/main/java/net/usikkert/kouchat/android/component/Command.java;file:/src/main/java/net/usikkert/kouchat/android/component/Command.java
MemberIgnoringMethod;DAAP;/Users/rar9993/repos/research/fdroid_apps/native_apps/kouchat-android/NONE_TRANSFORMED_;/src/main/java/net/usikkert/kouchat/android/component/DefaultLineHeightSpan.java;file:/src/main/java/net/usikkert/kouchat/android/component/DefaultLineHeightSpan.java
MemberIgnoringMethod;DAAP;/Users/rar9993/repos/research/fdroid_apps/native_apps/kouchat-android/NONE_TRANSFORMED_;/src/main/java/net/usikkert/kouchat/android/component/GoAwayDialog.java;file:/src/main/java/net/usikkert/kouchat/android/component/GoAwayDialog.java
MemberIgnoringMethod;DAAP;/Users/rar9993/repos/research/fdroid_apps/native_apps/kouchat-android/NONE_TRANSFORMED_;/src/main/java/net/usikkert/kouchat/android/component/ComeBackDialog.java;file:/src/main/java/net/usikkert/kouchat/android/component/ComeBackDialog.java
MemberIgnoringMethod;DAAP;/Users/rar9993/repos/research/fdroid_apps/native_apps/kouchat-android/NONE_TRANSFORMED_;/src/main/java/net/usikkert/kouchat/android/component/LinkMovementMethodWithSelectSupport.java;file:/src/main/java/net/usikkert/kouchat/android/component/LinkMovementMethodWithSelectSupport.java
MemberIgnoringMethod;DAAP;/Users/rar9993/repos/research/fdroid_apps/native_apps/kouchat-android/NONE_TRANSFORMED_;/src/main/java/net/usikkert/kouchat/android/component/NoNewLineTextWatcher.java;file:/src/main/java/net/usikkert/kouchat/android/component/NoNewLineTextWatcher.java
MemberIgnoringMethod;DAAP;/Users/rar9993/repos/research/fdroid_apps/native_apps/kouchat-android/NONE_TRANSFORMED_;/src/main/java/net/usikkert/kouchat/android/component/ReceiveFileDialog.java;file:/src/main/java/net/usikkert/kouchat/android/component/ReceiveFileDialog.java
MemberIgnoringMethod;DAAP;/Users/rar9993/repos/research/fdroid_apps/native_apps/kouchat-android/NONE_TRANSFORMED_;/src/main/java/net/usikkert/kouchat/android/smiley/SmileyMap.java;file:/src/main/java/net/usikkert/kouchat/android/smiley/SmileyMap.java
MemberIgnoringMethod;DAAP;/Users/rar9993/repos/research/fdroid_apps/native_apps/kouchat-android/NONE_TRANSFORMED_;/src/main/java/net/usikkert/kouchat/android/smiley/SmileyLocator.java;file:/src/main/java/net/usikkert/kouchat/android/smiley/SmileyLocator.java
MemberIgnoringMethod;DAAP;/Users/rar9993/repos/research/fdroid_apps/native_apps/kouchat-android/NONE_TRANSFORMED_;/src/main/java/net/usikkert/kouchat/android/controller/SendFileController.java;file:/src/main/java/net/usikkert/kouchat/android/controller/SendFileController.java
MemberIgnoringMethod;DAAP;/Users/rar9993/repos/research/fdroid_apps/native_apps/kouchat-android/NONE_TRANSFORMED_;/src/main/java/net/usikkert/kouchat/android/controller/MainChatController.java;file:/src/main/java/net/usikkert/kouchat/android/controller/MainChatController.java
MemberIgnoringMethod;DAAP;/Users/rar9993/repos/research/fdroid_apps/native_apps/kouchat-android/NONE_TRANSFORMED_;/src/main/java/net/usikkert/kouchat/android/controller/ReceiveFileController.java;file:/src/main/java/net/usikkert/kouchat/android/controller/ReceiveFileController.java
MemberIgnoringMethod;DAAP;/Users/rar9993/repos/research/fdroid_apps/native_apps/kouchat-android/NONE_TRANSFORMED_;/src/main/java/net/usikkert/kouchat/android/controller/SettingsFragment.java;file:/src/main/java/net/usikkert/kouchat/android/controller/SettingsFragment.java
MemberIgnoringMethod;DAAP;/Users/rar9993/repos/research/fdroid_apps/native_apps/kouchat-android/NONE_TRANSFORMED_;/src/main/java/net/usikkert/kouchat/android/controller/SettingsController.java;file:/src/main/java/net/usikkert/kouchat/android/controller/SettingsController.java
MemberIgnoringMethod;DAAP;/Users/rar9993/repos/research/fdroid_apps/native_apps/kouchat-android/NONE_TRANSFORMED_;/src/main/java/net/usikkert/kouchat/android/controller/PrivateChatController.java;file:/src/main/java/net/usikkert/kouchat/android/controller/PrivateChatController.java
MemberIgnoringMethod;DAAP;/Users/rar9993/repos/research/fdroid_apps/native_apps/kouchat-android/NONE_TRANSFORMED_;/src/main/java/net/usikkert/kouchat/android/controller/ControllerUtils.java;file:/src/main/java/net/usikkert/kouchat/android/controller/ControllerUtils.java
MemberIgnoringMethod;DAAP;/Users/rar9993/repos/research/fdroid_apps/native_apps/kouchat-android/NONE_TRANSFORMED_;/src/main/java/net/usikkert/kouchat/android/userlist/UserListAdapterWithChatState.java;file:/src/main/java/net/usikkert/kouchat/android/userlist/UserListAdapterWithChatState.java
MemberIgnoringMethod;DAAP;/Users/rar9993/repos/research/fdroid_apps/native_apps/kouchat-android/NONE_TRANSFORMED_;/src/main/java/net/usikkert/kouchat/android/userlist/UserListAdapterWithoutMe.java;file:/src/main/java/net/usikkert/kouchat/android/userlist/UserListAdapterWithoutMe.java
MemberIgnoringMethod;DAAP;/Users/rar9993/repos/research/fdroid_apps/native_apps/kouchat-android/NONE_TRANSFORMED_;/src/main/java/net/usikkert/kouchat/android/userlist/UserListAdapter.java;file:/src/main/java/net/usikkert/kouchat/android/userlist/UserListAdapter.java
MemberIgnoringMethod;DAAP;/Users/rar9993/repos/research/fdroid_apps/native_apps/kouchat-android/NONE_TRANSFORMED_;/src/main/java/net/usikkert/kouchat/android/userlist/UserComparator.java;file:/src/main/java/net/usikkert/kouchat/android/userlist/UserComparator.java
MemberIgnoringMethod;DAAP;/Users/rar9993/repos/research/fdroid_apps/native_apps/kouchat-android/NONE_TRANSFORMED_;/src/main/java/net/usikkert/kouchat/android/filetransfer/AndroidFileUtils.java;file:/src/main/java/net/usikkert/kouchat/android/filetransfer/AndroidFileUtils.java
MemberIgnoringMethod;DAAP;/Users/rar9993/repos/research/fdroid_apps/native_apps/kouchat-android/NONE_TRANSFORMED_;/src/main/java/net/usikkert/kouchat/android/service/LockHandler.java;file:/src/main/java/net/usikkert/kouchat/android/service/LockHandler.java
MemberIgnoringMethod;DAAP;/Users/rar9993/repos/research/fdroid_apps/native_apps/kouchat-android/NONE_TRANSFORMED_;/src/main/java/net/usikkert/kouchat/android/service/CancelFileTransferService.java;file:/src/main/java/net/usikkert/kouchat/android/service/CancelFileTransferService.java
MemberIgnoringMethod;DAAP;/Users/rar9993/repos/research/fdroid_apps/native_apps/kouchat-android/NONE_TRANSFORMED_;/src/main/java/net/usikkert/kouchat/android/chatwindow/AndroidUserInterface.java;file:/src/main/java/net/usikkert/kouchat/android/chatwindow/AndroidUserInterface.java
MemberIgnoringMethod;DAAP;/Users/rar9993/repos/research/fdroid_apps/native_apps/kouchat-android/NONE_TRANSFORMED_;/src/main/java/net/usikkert/kouchat/android/chatwindow/AndroidPrivateChatWindow.java;file:/src/main/java/net/usikkert/kouchat/android/chatwindow/AndroidPrivateChatWindow.java
MemberIgnoringMethod;DAAP;/Users/rar9993/repos/research/fdroid_apps/native_apps/kouchat-android/NONE_TRANSFORMED_;/src/main/java/net/usikkert/kouchat/android/chatwindow/MessageStylerWithHistory.java;file:/src/main/java/net/usikkert/kouchat/android/chatwindow/MessageStylerWithHistory.java
MemberIgnoringMethod;DAAP;/Users/rar9993/repos/research/fdroid_apps/native_apps/kouchat-android/NONE_TRANSFORMED_;/src/main/java/net/usikkert/kouchat/event/SettingsListener.java;file:/src/main/java/net/usikkert/kouchat/event/SettingsListener.java
MemberIgnoringMethod;DAAP;/Users/rar9993/repos/research/fdroid_apps/native_apps/kouchat-android/NONE_TRANSFORMED_;/src/main/java/net/usikkert/kouchat/event/ErrorListener.java;file:/src/main/java/net/usikkert/kouchat/event/ErrorListener.java
MemberIgnoringMethod;DAAP;/Users/rar9993/repos/research/fdroid_apps/native_apps/kouchat-android/NONE_TRANSFORMED_;/src/main/java/net/usikkert/kouchat/event/FileTransferListener.java;file:/src/main/java/net/usikkert/kouchat/event/FileTransferListener.java
MemberIgnoringMethod;DAAP;/Users/rar9993/repos/research/fdroid_apps/native_apps/kouchat-android/NONE_TRANSFORMED_;/src/main/java/net/usikkert/kouchat/event/UserListListener.java;file:/src/main/java/net/usikkert/kouchat/event/UserListListener.java
MemberIgnoringMethod;DAAP;/Users/rar9993/repos/research/fdroid_apps/native_apps/kouchat-android/NONE_TRANSFORMED_;/src/main/java/net/usikkert/kouchat/event/NetworkConnectionListener.java;file:/src/main/java/net/usikkert/kouchat/event/NetworkConnectionListener.java
MemberIgnoringMethod;DAAP;/Users/rar9993/repos/research/fdroid_apps/native_apps/kouchat-android/NONE_TRANSFORMED_;/src/main/java/net/usikkert/kouchat/event/ReceiverListener.java;file:/src/main/java/net/usikkert/kouchat/event/ReceiverListener.java
InternalGetterSetter;DAAP;/Users/rar9993/repos/research/fdroid_apps/native_apps/kouchat-android/NONE_TRANSFORMED_;/src/main/java/net/usikkert/kouchat/misc/User.java;file:/src/main/java/net/usikkert/kouchat/misc/User.java
InternalGetterSetter;DAAP;/Users/rar9993/repos/research/fdroid_apps/native_apps/kouchat-android/NONE_TRANSFORMED_;/src/main/java/net/usikkert/kouchat/misc/Topic.java;file:/src/main/java/net/usikkert/kouchat/misc/Topic.java
InternalGetterSetter;DAAP;/Users/rar9993/repos/research/fdroid_apps/native_apps/kouchat-android/NONE_TRANSFORMED_;/src/main/java/net/usikkert/kouchat/util/Logger.java;file:/src/main/java/net/usikkert/kouchat/util/Logger.java
InternalGetterSetter;DAAP;/Users/rar9993/repos/research/fdroid_apps/native_apps/kouchat-android/NONE_TRANSFORMED_;/src/main/java/net/usikkert/kouchat/android/controller/PrivateChatController.java;file:/src/main/java/net/usikkert/kouchat/android/controller/PrivateChatController.java
SlowForLoop;DAAP;/Users/rar9993/repos/research/fdroid_apps/native_apps/kouchat-android/NONE_TRANSFORMED_;/src/main/java/net/usikkert/kouchat/misc/CommandParser.java;file:/src/main/java/net/usikkert/kouchat/misc/CommandParser.java
SlowForLoop;DAAP;/Users/rar9993/repos/research/fdroid_apps/native_apps/kouchat-android/NONE_TRANSFORMED_;/src/main/java/net/usikkert/kouchat/misc/IdleThread.java;file:/src/main/java/net/usikkert/kouchat/misc/IdleThread.java
SlowForLoop;DAAP;/Users/rar9993/repos/research/fdroid_apps/native_apps/kouchat-android/NONE_TRANSFORMED_;/src/main/java/net/usikkert/kouchat/misc/Controller.java;file:/src/main/java/net/usikkert/kouchat/misc/Controller.java
SlowForLoop;DAAP;/Users/rar9993/repos/research/fdroid_apps/native_apps/kouchat-android/NONE_TRANSFORMED_;/src/main/java/net/usikkert/kouchat/misc/UserListController.java;file:/src/main/java/net/usikkert/kouchat/misc/UserListController.java
SlowForLoop;DAAP;/Users/rar9993/repos/research/fdroid_apps/native_apps/kouchat-android/NONE_TRANSFORMED_;/src/main/java/net/usikkert/kouchat/net/NetworkUtils.java;file:/src/main/java/net/usikkert/kouchat/net/NetworkUtils.java
SlowForLoop;DAAP;/Users/rar9993/repos/research/fdroid_apps/native_apps/kouchat-android/NONE_TRANSFORMED_;/src/main/java/net/usikkert/kouchat/net/OperatingSystemNetworkInfo.java;file:/src/main/java/net/usikkert/kouchat/net/OperatingSystemNetworkInfo.java
SlowForLoop;DAAP;/Users/rar9993/repos/research/fdroid_apps/native_apps/kouchat-android/NONE_TRANSFORMED_;/src/main/java/net/usikkert/kouchat/net/tcp/TCPUserClient.java;file:/src/main/java/net/usikkert/kouchat/net/tcp/TCPUserClient.java
SlowForLoop;DAAP;/Users/rar9993/repos/research/fdroid_apps/native_apps/kouchat-android/NONE_TRANSFORMED_;/src/main/java/net/usikkert/kouchat/autocomplete/UserAutoCompleteList.java;file:/src/main/java/net/usikkert/kouchat/autocomplete/UserAutoCompleteList.java
SlowForLoop;DAAP;/Users/rar9993/repos/research/fdroid_apps/native_apps/kouchat-android/NONE_TRANSFORMED_;/src/main/java/net/usikkert/kouchat/autocomplete/AutoCompleter.java;file:/src/main/java/net/usikkert/kouchat/autocomplete/AutoCompleter.java
SlowForLoop;DAAP;/Users/rar9993/repos/research/fdroid_apps/native_apps/kouchat-android/NONE_TRANSFORMED_;/src/main/java/net/usikkert/kouchat/util/Tools.java;file:/src/main/java/net/usikkert/kouchat/util/Tools.java
SlowForLoop;DAAP;/Users/rar9993/repos/research/fdroid_apps/native_apps/kouchat-android/NONE_TRANSFORMED_;/src/main/java/net/usikkert/kouchat/android/component/NoNewLineTextWatcher.java;file:/src/main/java/net/usikkert/kouchat/android/component/NoNewLineTextWatcher.java
SlowForLoop;DAAP;/Users/rar9993/repos/research/fdroid_apps/native_apps/kouchat-android/NONE_TRANSFORMED_;/src/main/java/net/usikkert/kouchat/android/userlist/UserListAdapter.java;file:/src/main/java/net/usikkert/kouchat/android/userlist/UserListAdapter.java
SlowForLoop;DAAP;/Users/rar9993/repos/research/fdroid_apps/native_apps/kouchat-android/NONE_TRANSFORMED_;/src/main/java/net/usikkert/kouchat/android/service/CancelFileTransferService.java;file:/src/main/java/net/usikkert/kouchat/android/service/CancelFileTransferService.java
NoLowMemoryResolver;DAAP;/Users/rar9993/repos/research/fdroid_apps/native_apps/kouchat-android/NONE_TRANSFORMED_;/src/main/java/net/usikkert/kouchat/android/controller/SendFileController.java;file:/src/main/java/net/usikkert/kouchat/android/controller/SendFileController.java
NoLowMemoryResolver;DAAP;/Users/rar9993/repos/research/fdroid_apps/native_apps/kouchat-android/NONE_TRANSFORMED_;/src/main/java/net/usikkert/kouchat/android/controller/MainChatController.java;file:/src/main/java/net/usikkert/kouchat/android/controller/MainChatController.java
NoLowMemoryResolver;DAAP;/Users/rar9993/repos/research/fdroid_apps/native_apps/kouchat-android/NONE_TRANSFORMED_;/src/main/java/net/usikkert/kouchat/android/controller/ReceiveFileController.java;file:/src/main/java/net/usikkert/kouchat/android/controller/ReceiveFileController.java
NoLowMemoryResolver;DAAP;/Users/rar9993/repos/research/fdroid_apps/native_apps/kouchat-android/NONE_TRANSFORMED_;/src/main/java/net/usikkert/kouchat/android/controller/SettingsController.java;file:/src/main/java/net/usikkert/kouchat/android/controller/SettingsController.java
NoLowMemoryResolver;DAAP;/Users/rar9993/repos/research/fdroid_apps/native_apps/kouchat-android/NONE_TRANSFORMED_;/src/main/java/net/usikkert/kouchat/android/controller/PrivateChatController.java;file:/src/main/java/net/usikkert/kouchat/android/controller/PrivateChatController.java
CollectionOfViews;DAAP;/Users/rar9993/repos/research/fdroid_apps/native_apps/kouchat-android/NONE_TRANSFORMED_;/src/main/java/net/usikkert/kouchat/android/controller/SendFileController.java;file:/src/main/java/net/usikkert/kouchat/android/controller/SendFileController.java
CollectionOfViews;DAAP;/Users/rar9993/repos/research/fdroid_apps/native_apps/kouchat-android/NONE_TRANSFORMED_;/src/main/java/net/usikkert/kouchat/android/controller/MainChatController.java;file:/src/main/java/net/usikkert/kouchat/android/controller/MainChatController.java
DroppedData;DAAP;/Users/rar9993/repos/research/fdroid_apps/native_apps/kouchat-android/NONE_TRANSFORMED_;/src/main/java/net/usikkert/kouchat/android/component/HoloColorPickerPreferenceDialog.java;file:/src/main/java/net/usikkert/kouchat/android/component/HoloColorPickerPreferenceDialog.java
DroppedData;DAAP;/Users/rar9993/repos/research/fdroid_apps/native_apps/kouchat-android/NONE_TRANSFORMED_;/src/main/java/net/usikkert/kouchat/android/controller/SendFileController.java;file:/src/main/java/net/usikkert/kouchat/android/controller/SendFileController.java
DroppedData;DAAP;/Users/rar9993/repos/research/fdroid_apps/native_apps/kouchat-android/NONE_TRANSFORMED_;/src/main/java/net/usikkert/kouchat/android/controller/MainChatController.java;file:/src/main/java/net/usikkert/kouchat/android/controller/MainChatController.java
DroppedData;DAAP;/Users/rar9993/repos/research/fdroid_apps/native_apps/kouchat-android/NONE_TRANSFORMED_;/src/main/java/net/usikkert/kouchat/android/controller/ReceiveFileController.java;file:/src/main/java/net/usikkert/kouchat/android/controller/ReceiveFileController.java
DroppedData;DAAP;/Users/rar9993/repos/research/fdroid_apps/native_apps/kouchat-android/NONE_TRANSFORMED_;/src/main/java/net/usikkert/kouchat/android/controller/SettingsFragment.java;file:/src/main/java/net/usikkert/kouchat/android/controller/SettingsFragment.java
DroppedData;DAAP;/Users/rar9993/repos/research/fdroid_apps/native_apps/kouchat-android/NONE_TRANSFORMED_;/src/main/java/net/usikkert/kouchat/android/controller/SettingsController.java;file:/src/main/java/net/usikkert/kouchat/android/controller/SettingsController.java
DroppedData;DAAP;/Users/rar9993/repos/research/fdroid_apps/native_apps/kouchat-android/NONE_TRANSFORMED_;/src/main/java/net/usikkert/kouchat/android/controller/PrivateChatController.java;file:/src/main/java/net/usikkert/kouchat/android/controller/PrivateChatController.java
