Issue;Tool;Project;File;Location
MemberIgnoringMethod;aDoctor;/Users/rar9993/repos/research/fdroid_apps/native_apps/DataMonitor/NONE_TRANSFORMED_;/Users/rar9993/repos/research/fdroid_apps/native_apps/DataMonitor/app/src/main/java/com/drnoob/datamonitor/ui/fragments/ContributorsFragment.java;file:/Users/rar9993/repos/research/fdroid_apps/native_apps/DataMonitor/app/src/main/java/com/drnoob/datamonitor/ui/fragments/ContributorsFragment.java|class:com.drnoob.datamonitor.ui.fragments.ContributorsFragment
NoLowMemoryResolver;aDoctor;/Users/rar9993/repos/research/fdroid_apps/native_apps/DataMonitor/NONE_TRANSFORMED_;/Users/rar9993/repos/research/fdroid_apps/native_apps/DataMonitor/app/src/main/java/com/drnoob/datamonitor/ui/fragments/ContributorsFragment.java;file:/Users/rar9993/repos/research/fdroid_apps/native_apps/DataMonitor/app/src/main/java/com/drnoob/datamonitor/ui/fragments/ContributorsFragment.java|class:com.drnoob.datamonitor.ui.fragments.ContributorsFragment
MemberIgnoringMethod;aDoctor;/Users/rar9993/repos/research/fdroid_apps/native_apps/DataMonitor/NONE_TRANSFORMED_;/Users/rar9993/repos/research/fdroid_apps/native_apps/DataMonitor/app/src/main/java/com/drnoob/datamonitor/ui/fragments/SettingsFragment.java;file:/Users/rar9993/repos/research/fdroid_apps/native_apps/DataMonitor/app/src/main/java/com/drnoob/datamonitor/ui/fragments/SettingsFragment.java|class:com.drnoob.datamonitor.ui.fragments.SettingsFragment
NoLowMemoryResolver;aDoctor;/Users/rar9993/repos/research/fdroid_apps/native_apps/DataMonitor/NONE_TRANSFORMED_;/Users/rar9993/repos/research/fdroid_apps/native_apps/DataMonitor/app/src/main/java/com/drnoob/datamonitor/ui/fragments/SettingsFragment.java;file:/Users/rar9993/repos/research/fdroid_apps/native_apps/DataMonitor/app/src/main/java/com/drnoob/datamonitor/ui/fragments/SettingsFragment.java|class:com.drnoob.datamonitor.ui.fragments.SettingsFragment
MemberIgnoringMethod;aDoctor;/Users/rar9993/repos/research/fdroid_apps/native_apps/DataMonitor/NONE_TRANSFORMED_;/Users/rar9993/repos/research/fdroid_apps/native_apps/DataMonitor/app/src/main/java/com/drnoob/datamonitor/ui/fragments/HomeFragment.java;file:/Users/rar9993/repos/research/fdroid_apps/native_apps/DataMonitor/app/src/main/java/com/drnoob/datamonitor/ui/fragments/HomeFragment.java|class:com.drnoob.datamonitor.ui.fragments.HomeFragment
NoLowMemoryResolver;aDoctor;/Users/rar9993/repos/research/fdroid_apps/native_apps/DataMonitor/NONE_TRANSFORMED_;/Users/rar9993/repos/research/fdroid_apps/native_apps/DataMonitor/app/src/main/java/com/drnoob/datamonitor/ui/fragments/HomeFragment.java;file:/Users/rar9993/repos/research/fdroid_apps/native_apps/DataMonitor/app/src/main/java/com/drnoob/datamonitor/ui/fragments/HomeFragment.java|class:com.drnoob.datamonitor.ui.fragments.HomeFragment
SlowForLoop;aDoctor;/Users/rar9993/repos/research/fdroid_apps/native_apps/DataMonitor/NONE_TRANSFORMED_;/Users/rar9993/repos/research/fdroid_apps/native_apps/DataMonitor/app/src/main/java/com/drnoob/datamonitor/ui/fragments/HomeFragment.java;file:/Users/rar9993/repos/research/fdroid_apps/native_apps/DataMonitor/app/src/main/java/com/drnoob/datamonitor/ui/fragments/HomeFragment.java|class:com.drnoob.datamonitor.ui.fragments.HomeFragment
MemberIgnoringMethod;aDoctor;/Users/rar9993/repos/research/fdroid_apps/native_apps/DataMonitor/NONE_TRANSFORMED_;/Users/rar9993/repos/research/fdroid_apps/native_apps/DataMonitor/app/src/main/java/com/drnoob/datamonitor/ui/fragments/LicenseFragment.java;file:/Users/rar9993/repos/research/fdroid_apps/native_apps/DataMonitor/app/src/main/java/com/drnoob/datamonitor/ui/fragments/LicenseFragment.java|class:com.drnoob.datamonitor.ui.fragments.LicenseFragment
NoLowMemoryResolver;aDoctor;/Users/rar9993/repos/research/fdroid_apps/native_apps/DataMonitor/NONE_TRANSFORMED_;/Users/rar9993/repos/research/fdroid_apps/native_apps/DataMonitor/app/src/main/java/com/drnoob/datamonitor/ui/fragments/LicenseFragment.java;file:/Users/rar9993/repos/research/fdroid_apps/native_apps/DataMonitor/app/src/main/java/com/drnoob/datamonitor/ui/fragments/LicenseFragment.java|class:com.drnoob.datamonitor.ui.fragments.LicenseFragment
MemberIgnoringMethod;aDoctor;/Users/rar9993/repos/research/fdroid_apps/native_apps/DataMonitor/NONE_TRANSFORMED_;/Users/rar9993/repos/research/fdroid_apps/native_apps/DataMonitor/app/src/main/java/com/drnoob/datamonitor/ui/fragments/SetupFragment.java;file:/Users/rar9993/repos/research/fdroid_apps/native_apps/DataMonitor/app/src/main/java/com/drnoob/datamonitor/ui/fragments/SetupFragment.java|class:com.drnoob.datamonitor.ui.fragments.SetupFragment
NoLowMemoryResolver;aDoctor;/Users/rar9993/repos/research/fdroid_apps/native_apps/DataMonitor/NONE_TRANSFORMED_;/Users/rar9993/repos/research/fdroid_apps/native_apps/DataMonitor/app/src/main/java/com/drnoob/datamonitor/ui/fragments/SetupFragment.java;file:/Users/rar9993/repos/research/fdroid_apps/native_apps/DataMonitor/app/src/main/java/com/drnoob/datamonitor/ui/fragments/SetupFragment.java|class:com.drnoob.datamonitor.ui.fragments.SetupFragment
MemberIgnoringMethod;aDoctor;/Users/rar9993/repos/research/fdroid_apps/native_apps/DataMonitor/NONE_TRANSFORMED_;/Users/rar9993/repos/research/fdroid_apps/native_apps/DataMonitor/app/src/main/java/com/drnoob/datamonitor/ui/fragments/DonateFragment.java;file:/Users/rar9993/repos/research/fdroid_apps/native_apps/DataMonitor/app/src/main/java/com/drnoob/datamonitor/ui/fragments/DonateFragment.java|class:com.drnoob.datamonitor.ui.fragments.DonateFragment
NoLowMemoryResolver;aDoctor;/Users/rar9993/repos/research/fdroid_apps/native_apps/DataMonitor/NONE_TRANSFORMED_;/Users/rar9993/repos/research/fdroid_apps/native_apps/DataMonitor/app/src/main/java/com/drnoob/datamonitor/ui/fragments/DonateFragment.java;file:/Users/rar9993/repos/research/fdroid_apps/native_apps/DataMonitor/app/src/main/java/com/drnoob/datamonitor/ui/fragments/DonateFragment.java|class:com.drnoob.datamonitor.ui.fragments.DonateFragment
MemberIgnoringMethod;aDoctor;/Users/rar9993/repos/research/fdroid_apps/native_apps/DataMonitor/NONE_TRANSFORMED_;/Users/rar9993/repos/research/fdroid_apps/native_apps/DataMonitor/app/src/main/java/com/drnoob/datamonitor/ui/fragments/AboutFragment.java;file:/Users/rar9993/repos/research/fdroid_apps/native_apps/DataMonitor/app/src/main/java/com/drnoob/datamonitor/ui/fragments/AboutFragment.java|class:com.drnoob.datamonitor.ui.fragments.AboutFragment
NoLowMemoryResolver;aDoctor;/Users/rar9993/repos/research/fdroid_apps/native_apps/DataMonitor/NONE_TRANSFORMED_;/Users/rar9993/repos/research/fdroid_apps/native_apps/DataMonitor/app/src/main/java/com/drnoob/datamonitor/ui/fragments/AboutFragment.java;file:/Users/rar9993/repos/research/fdroid_apps/native_apps/DataMonitor/app/src/main/java/com/drnoob/datamonitor/ui/fragments/AboutFragment.java|class:com.drnoob.datamonitor.ui.fragments.AboutFragment
MemberIgnoringMethod;aDoctor;/Users/rar9993/repos/research/fdroid_apps/native_apps/DataMonitor/NONE_TRANSFORMED_;/Users/rar9993/repos/research/fdroid_apps/native_apps/DataMonitor/app/src/main/java/com/drnoob/datamonitor/ui/fragments/AppDataUsageFragment.java;file:/Users/rar9993/repos/research/fdroid_apps/native_apps/DataMonitor/app/src/main/java/com/drnoob/datamonitor/ui/fragments/AppDataUsageFragment.java|class:com.drnoob.datamonitor.ui.fragments.AppDataUsageFragment
NoLowMemoryResolver;aDoctor;/Users/rar9993/repos/research/fdroid_apps/native_apps/DataMonitor/NONE_TRANSFORMED_;/Users/rar9993/repos/research/fdroid_apps/native_apps/DataMonitor/app/src/main/java/com/drnoob/datamonitor/ui/fragments/AppDataUsageFragment.java;file:/Users/rar9993/repos/research/fdroid_apps/native_apps/DataMonitor/app/src/main/java/com/drnoob/datamonitor/ui/fragments/AppDataUsageFragment.java|class:com.drnoob.datamonitor.ui.fragments.AppDataUsageFragment
MemberIgnoringMethod;aDoctor;/Users/rar9993/repos/research/fdroid_apps/native_apps/DataMonitor/NONE_TRANSFORMED_;/Users/rar9993/repos/research/fdroid_apps/native_apps/DataMonitor/app/src/main/java/com/drnoob/datamonitor/ui/fragments/SystemDataUsageFragment.java;file:/Users/rar9993/repos/research/fdroid_apps/native_apps/DataMonitor/app/src/main/java/com/drnoob/datamonitor/ui/fragments/SystemDataUsageFragment.java|class:com.drnoob.datamonitor.ui.fragments.SystemDataUsageFragment
NoLowMemoryResolver;aDoctor;/Users/rar9993/repos/research/fdroid_apps/native_apps/DataMonitor/NONE_TRANSFORMED_;/Users/rar9993/repos/research/fdroid_apps/native_apps/DataMonitor/app/src/main/java/com/drnoob/datamonitor/ui/fragments/SystemDataUsageFragment.java;file:/Users/rar9993/repos/research/fdroid_apps/native_apps/DataMonitor/app/src/main/java/com/drnoob/datamonitor/ui/fragments/SystemDataUsageFragment.java|class:com.drnoob.datamonitor.ui.fragments.SystemDataUsageFragment
SlowForLoop;aDoctor;/Users/rar9993/repos/research/fdroid_apps/native_apps/DataMonitor/NONE_TRANSFORMED_;/Users/rar9993/repos/research/fdroid_apps/native_apps/DataMonitor/app/src/main/java/com/drnoob/datamonitor/ui/fragments/SystemDataUsageFragment.java;file:/Users/rar9993/repos/research/fdroid_apps/native_apps/DataMonitor/app/src/main/java/com/drnoob/datamonitor/ui/fragments/SystemDataUsageFragment.java|class:com.drnoob.datamonitor.ui.fragments.SystemDataUsageFragment
MemberIgnoringMethod;aDoctor;/Users/rar9993/repos/research/fdroid_apps/native_apps/DataMonitor/NONE_TRANSFORMED_;/Users/rar9993/repos/research/fdroid_apps/native_apps/DataMonitor/app/src/main/java/com/drnoob/datamonitor/ui/activities/MainActivity.java;file:/Users/rar9993/repos/research/fdroid_apps/native_apps/DataMonitor/app/src/main/java/com/drnoob/datamonitor/ui/activities/MainActivity.java|class:com.drnoob.datamonitor.ui.activities.MainActivity
NoLowMemoryResolver;aDoctor;/Users/rar9993/repos/research/fdroid_apps/native_apps/DataMonitor/NONE_TRANSFORMED_;/Users/rar9993/repos/research/fdroid_apps/native_apps/DataMonitor/app/src/main/java/com/drnoob/datamonitor/ui/activities/MainActivity.java;file:/Users/rar9993/repos/research/fdroid_apps/native_apps/DataMonitor/app/src/main/java/com/drnoob/datamonitor/ui/activities/MainActivity.java|class:com.drnoob.datamonitor.ui.activities.MainActivity
SlowForLoop;aDoctor;/Users/rar9993/repos/research/fdroid_apps/native_apps/DataMonitor/NONE_TRANSFORMED_;/Users/rar9993/repos/research/fdroid_apps/native_apps/DataMonitor/app/src/main/java/com/drnoob/datamonitor/ui/activities/MainActivity.java;file:/Users/rar9993/repos/research/fdroid_apps/native_apps/DataMonitor/app/src/main/java/com/drnoob/datamonitor/ui/activities/MainActivity.java|class:com.drnoob.datamonitor.ui.activities.MainActivity
MemberIgnoringMethod;aDoctor;/Users/rar9993/repos/research/fdroid_apps/native_apps/DataMonitor/NONE_TRANSFORMED_;/Users/rar9993/repos/research/fdroid_apps/native_apps/DataMonitor/app/src/main/java/com/drnoob/datamonitor/ui/activities/ContainerActivity.java;file:/Users/rar9993/repos/research/fdroid_apps/native_apps/DataMonitor/app/src/main/java/com/drnoob/datamonitor/ui/activities/ContainerActivity.java|class:com.drnoob.datamonitor.ui.activities.ContainerActivity
NoLowMemoryResolver;aDoctor;/Users/rar9993/repos/research/fdroid_apps/native_apps/DataMonitor/NONE_TRANSFORMED_;/Users/rar9993/repos/research/fdroid_apps/native_apps/DataMonitor/app/src/main/java/com/drnoob/datamonitor/ui/activities/ContainerActivity.java;file:/Users/rar9993/repos/research/fdroid_apps/native_apps/DataMonitor/app/src/main/java/com/drnoob/datamonitor/ui/activities/ContainerActivity.java|class:com.drnoob.datamonitor.ui.activities.ContainerActivity
MemberIgnoringMethod;aDoctor;/Users/rar9993/repos/research/fdroid_apps/native_apps/DataMonitor/NONE_TRANSFORMED_;/Users/rar9993/repos/research/fdroid_apps/native_apps/DataMonitor/app/src/main/java/com/drnoob/datamonitor/ui/activities/SetupActivity.java;file:/Users/rar9993/repos/research/fdroid_apps/native_apps/DataMonitor/app/src/main/java/com/drnoob/datamonitor/ui/activities/SetupActivity.java|class:com.drnoob.datamonitor.ui.activities.SetupActivity
NoLowMemoryResolver;aDoctor;/Users/rar9993/repos/research/fdroid_apps/native_apps/DataMonitor/NONE_TRANSFORMED_;/Users/rar9993/repos/research/fdroid_apps/native_apps/DataMonitor/app/src/main/java/com/drnoob/datamonitor/ui/activities/SetupActivity.java;file:/Users/rar9993/repos/research/fdroid_apps/native_apps/DataMonitor/app/src/main/java/com/drnoob/datamonitor/ui/activities/SetupActivity.java|class:com.drnoob.datamonitor.ui.activities.SetupActivity
MemberIgnoringMethod;aDoctor;/Users/rar9993/repos/research/fdroid_apps/native_apps/DataMonitor/NONE_TRANSFORMED_;/Users/rar9993/repos/research/fdroid_apps/native_apps/DataMonitor/app/src/main/java/com/drnoob/datamonitor/core/task/DatabaseHandler.java;file:/Users/rar9993/repos/research/fdroid_apps/native_apps/DataMonitor/app/src/main/java/com/drnoob/datamonitor/core/task/DatabaseHandler.java|class:com.drnoob.datamonitor.core.task.DatabaseHandler
MemberIgnoringMethod;aDoctor;/Users/rar9993/repos/research/fdroid_apps/native_apps/DataMonitor/NONE_TRANSFORMED_;/Users/rar9993/repos/research/fdroid_apps/native_apps/DataMonitor/app/src/main/java/com/drnoob/datamonitor/core/base/Preference.java;file:/Users/rar9993/repos/research/fdroid_apps/native_apps/DataMonitor/app/src/main/java/com/drnoob/datamonitor/core/base/Preference.java|class:com.drnoob.datamonitor.core.base.Preference
MemberIgnoringMethod;aDoctor;/Users/rar9993/repos/research/fdroid_apps/native_apps/DataMonitor/NONE_TRANSFORMED_;/Users/rar9993/repos/research/fdroid_apps/native_apps/DataMonitor/app/src/main/java/com/drnoob/datamonitor/core/base/SwitchPreferenceCompat.java;file:/Users/rar9993/repos/research/fdroid_apps/native_apps/DataMonitor/app/src/main/java/com/drnoob/datamonitor/core/base/SwitchPreferenceCompat.java|class:com.drnoob.datamonitor.core.base.SwitchPreferenceCompat
MemberIgnoringMethod;aDoctor;/Users/rar9993/repos/research/fdroid_apps/native_apps/DataMonitor/NONE_TRANSFORMED_;/Users/rar9993/repos/research/fdroid_apps/native_apps/DataMonitor/app/src/main/java/com/drnoob/datamonitor/Widget/DataUsageWidget.java;file:/Users/rar9993/repos/research/fdroid_apps/native_apps/DataMonitor/app/src/main/java/com/drnoob/datamonitor/Widget/DataUsageWidget.java|class:com.drnoob.datamonitor.Widget.DataUsageWidget
SlowForLoop;aDoctor;/Users/rar9993/repos/research/fdroid_apps/native_apps/DataMonitor/NONE_TRANSFORMED_;/Users/rar9993/repos/research/fdroid_apps/native_apps/DataMonitor/app/src/main/java/com/drnoob/datamonitor/utils/NetworkStatsHelper.java;file:/Users/rar9993/repos/research/fdroid_apps/native_apps/DataMonitor/app/src/main/java/com/drnoob/datamonitor/utils/NetworkStatsHelper.java|class:com.drnoob.datamonitor.utils.NetworkStatsHelper
MemberIgnoringMethod;aDoctor;/Users/rar9993/repos/research/fdroid_apps/native_apps/DataMonitor/NONE_TRANSFORMED_;/Users/rar9993/repos/research/fdroid_apps/native_apps/DataMonitor/app/src/main/java/com/drnoob/datamonitor/utils/DataUsageMonitor.java;file:/Users/rar9993/repos/research/fdroid_apps/native_apps/DataMonitor/app/src/main/java/com/drnoob/datamonitor/utils/DataUsageMonitor.java|class:com.drnoob.datamonitor.utils.DataUsageMonitor
NoLowMemoryResolver;aDoctor;/Users/rar9993/repos/research/fdroid_apps/native_apps/DataMonitor/NONE_TRANSFORMED_;/Users/rar9993/repos/research/fdroid_apps/native_apps/DataMonitor/app/src/main/java/com/drnoob/datamonitor/utils/DataUsageMonitor.java;file:/Users/rar9993/repos/research/fdroid_apps/native_apps/DataMonitor/app/src/main/java/com/drnoob/datamonitor/utils/DataUsageMonitor.java|class:com.drnoob.datamonitor.utils.DataUsageMonitor
MemberIgnoringMethod;aDoctor;/Users/rar9993/repos/research/fdroid_apps/native_apps/DataMonitor/NONE_TRANSFORMED_;/Users/rar9993/repos/research/fdroid_apps/native_apps/DataMonitor/app/src/main/java/com/drnoob/datamonitor/utils/NotificationService.java;file:/Users/rar9993/repos/research/fdroid_apps/native_apps/DataMonitor/app/src/main/java/com/drnoob/datamonitor/utils/NotificationService.java|class:com.drnoob.datamonitor.utils.NotificationService
NoLowMemoryResolver;aDoctor;/Users/rar9993/repos/research/fdroid_apps/native_apps/DataMonitor/NONE_TRANSFORMED_;/Users/rar9993/repos/research/fdroid_apps/native_apps/DataMonitor/app/src/main/java/com/drnoob/datamonitor/utils/NotificationService.java;file:/Users/rar9993/repos/research/fdroid_apps/native_apps/DataMonitor/app/src/main/java/com/drnoob/datamonitor/utils/NotificationService.java|class:com.drnoob.datamonitor.utils.NotificationService
LeakingInnerClass;aDoctor;/Users/rar9993/repos/research/fdroid_apps/native_apps/DataMonitor/NONE_TRANSFORMED_;/Users/rar9993/repos/research/fdroid_apps/native_apps/DataMonitor/app/src/main/java/com/drnoob/datamonitor/adapters/AppDataUsageAdapter.java;file:/Users/rar9993/repos/research/fdroid_apps/native_apps/DataMonitor/app/src/main/java/com/drnoob/datamonitor/adapters/AppDataUsageAdapter.java|class:com.drnoob.datamonitor.adapters.AppDataUsageAdapter
MemberIgnoringMethod;aDoctor;/Users/rar9993/repos/research/fdroid_apps/native_apps/DataMonitor/NONE_TRANSFORMED_;/Users/rar9993/repos/research/fdroid_apps/native_apps/DataMonitor/app/src/main/java/com/drnoob/datamonitor/adapters/data/OverviewModel.java;file:/Users/rar9993/repos/research/fdroid_apps/native_apps/DataMonitor/app/src/main/java/com/drnoob/datamonitor/adapters/data/OverviewModel.java|class:com.drnoob.datamonitor.adapters.data.OverviewModel
MemberIgnoringMethod;aDoctor;/Users/rar9993/repos/research/fdroid_apps/native_apps/DataMonitor/NONE_TRANSFORMED_;/Users/rar9993/repos/research/fdroid_apps/native_apps/DataMonitor/app/src/main/java/com/drnoob/datamonitor/adapters/data/AppDataUsageModel.java;file:/Users/rar9993/repos/research/fdroid_apps/native_apps/DataMonitor/app/src/main/java/com/drnoob/datamonitor/adapters/data/AppDataUsageModel.java|class:com.drnoob.datamonitor.adapters.data.AppDataUsageModel
RedundantFieldInitializer;PMD;/Users/rar9993/repos/research/fdroid_apps/native_apps/DataMonitor/NONE_TRANSFORMED_;/Users/rar9993/repos/research/fdroid_apps/native_apps/DataMonitor/app/src/main/java/com/drnoob/datamonitor/Widget/DataUsageWidget.java;file:/Users/rar9993/repos/research/fdroid_apps/native_apps/DataMonitor/app/src/main/java/com/drnoob/datamonitor/Widget/DataUsageWidget.java|line:60
AvoidInstantiatingObjectsInLoops;PMD;/Users/rar9993/repos/research/fdroid_apps/native_apps/DataMonitor/NONE_TRANSFORMED_;/Users/rar9993/repos/research/fdroid_apps/native_apps/DataMonitor/app/src/main/java/com/drnoob/datamonitor/core/task/DatabaseHandler.java;file:/Users/rar9993/repos/research/fdroid_apps/native_apps/DataMonitor/app/src/main/java/com/drnoob/datamonitor/core/task/DatabaseHandler.java|line:87
TooFewBranchesForSwitch;PMD;/Users/rar9993/repos/research/fdroid_apps/native_apps/DataMonitor/NONE_TRANSFORMED_;/Users/rar9993/repos/research/fdroid_apps/native_apps/DataMonitor/app/src/main/java/com/drnoob/datamonitor/ui/activities/ContainerActivity.java;file:/Users/rar9993/repos/research/fdroid_apps/native_apps/DataMonitor/app/src/main/java/com/drnoob/datamonitor/ui/activities/ContainerActivity.java|line:98
TooFewBranchesForSwitch;PMD;/Users/rar9993/repos/research/fdroid_apps/native_apps/DataMonitor/NONE_TRANSFORMED_;/Users/rar9993/repos/research/fdroid_apps/native_apps/DataMonitor/app/src/main/java/com/drnoob/datamonitor/ui/activities/MainActivity.java;file:/Users/rar9993/repos/research/fdroid_apps/native_apps/DataMonitor/app/src/main/java/com/drnoob/datamonitor/ui/activities/MainActivity.java|line:221
AvoidInstantiatingObjectsInLoops;PMD;/Users/rar9993/repos/research/fdroid_apps/native_apps/DataMonitor/NONE_TRANSFORMED_;/Users/rar9993/repos/research/fdroid_apps/native_apps/DataMonitor/app/src/main/java/com/drnoob/datamonitor/ui/activities/MainActivity.java;file:/Users/rar9993/repos/research/fdroid_apps/native_apps/DataMonitor/app/src/main/java/com/drnoob/datamonitor/ui/activities/MainActivity.java|line:292
AvoidInstantiatingObjectsInLoops;PMD;/Users/rar9993/repos/research/fdroid_apps/native_apps/DataMonitor/NONE_TRANSFORMED_;/Users/rar9993/repos/research/fdroid_apps/native_apps/DataMonitor/app/src/main/java/com/drnoob/datamonitor/ui/activities/MainActivity.java;file:/Users/rar9993/repos/research/fdroid_apps/native_apps/DataMonitor/app/src/main/java/com/drnoob/datamonitor/ui/activities/MainActivity.java|line:367
AvoidInstantiatingObjectsInLoops;PMD;/Users/rar9993/repos/research/fdroid_apps/native_apps/DataMonitor/NONE_TRANSFORMED_;/Users/rar9993/repos/research/fdroid_apps/native_apps/DataMonitor/app/src/main/java/com/drnoob/datamonitor/ui/activities/MainActivity.java;file:/Users/rar9993/repos/research/fdroid_apps/native_apps/DataMonitor/app/src/main/java/com/drnoob/datamonitor/ui/activities/MainActivity.java|line:399
AvoidInstantiatingObjectsInLoops;PMD;/Users/rar9993/repos/research/fdroid_apps/native_apps/DataMonitor/NONE_TRANSFORMED_;/Users/rar9993/repos/research/fdroid_apps/native_apps/DataMonitor/app/src/main/java/com/drnoob/datamonitor/ui/activities/MainActivity.java;file:/Users/rar9993/repos/research/fdroid_apps/native_apps/DataMonitor/app/src/main/java/com/drnoob/datamonitor/ui/activities/MainActivity.java|line:430
AvoidInstantiatingObjectsInLoops;PMD;/Users/rar9993/repos/research/fdroid_apps/native_apps/DataMonitor/NONE_TRANSFORMED_;/Users/rar9993/repos/research/fdroid_apps/native_apps/DataMonitor/app/src/main/java/com/drnoob/datamonitor/ui/activities/MainActivity.java;file:/Users/rar9993/repos/research/fdroid_apps/native_apps/DataMonitor/app/src/main/java/com/drnoob/datamonitor/ui/activities/MainActivity.java|line:460
TooFewBranchesForSwitch;PMD;/Users/rar9993/repos/research/fdroid_apps/native_apps/DataMonitor/NONE_TRANSFORMED_;/Users/rar9993/repos/research/fdroid_apps/native_apps/DataMonitor/app/src/main/java/com/drnoob/datamonitor/ui/fragments/AppDataUsageFragment.java;file:/Users/rar9993/repos/research/fdroid_apps/native_apps/DataMonitor/app/src/main/java/com/drnoob/datamonitor/ui/fragments/AppDataUsageFragment.java|line:222
TooFewBranchesForSwitch;PMD;/Users/rar9993/repos/research/fdroid_apps/native_apps/DataMonitor/NONE_TRANSFORMED_;/Users/rar9993/repos/research/fdroid_apps/native_apps/DataMonitor/app/src/main/java/com/drnoob/datamonitor/ui/fragments/AppDataUsageFragment.java;file:/Users/rar9993/repos/research/fdroid_apps/native_apps/DataMonitor/app/src/main/java/com/drnoob/datamonitor/ui/fragments/AppDataUsageFragment.java|line:243
TooFewBranchesForSwitch;PMD;/Users/rar9993/repos/research/fdroid_apps/native_apps/DataMonitor/NONE_TRANSFORMED_;/Users/rar9993/repos/research/fdroid_apps/native_apps/DataMonitor/app/src/main/java/com/drnoob/datamonitor/ui/fragments/AppDataUsageFragment.java;file:/Users/rar9993/repos/research/fdroid_apps/native_apps/DataMonitor/app/src/main/java/com/drnoob/datamonitor/ui/fragments/AppDataUsageFragment.java|line:364
TooFewBranchesForSwitch;PMD;/Users/rar9993/repos/research/fdroid_apps/native_apps/DataMonitor/NONE_TRANSFORMED_;/Users/rar9993/repos/research/fdroid_apps/native_apps/DataMonitor/app/src/main/java/com/drnoob/datamonitor/ui/fragments/AppDataUsageFragment.java;file:/Users/rar9993/repos/research/fdroid_apps/native_apps/DataMonitor/app/src/main/java/com/drnoob/datamonitor/ui/fragments/AppDataUsageFragment.java|line:405
ConsecutiveAppendsShouldReuse;PMD;/Users/rar9993/repos/research/fdroid_apps/native_apps/DataMonitor/NONE_TRANSFORMED_;/Users/rar9993/repos/research/fdroid_apps/native_apps/DataMonitor/app/src/main/java/com/drnoob/datamonitor/ui/fragments/LicenseFragment.java;file:/Users/rar9993/repos/research/fdroid_apps/native_apps/DataMonitor/app/src/main/java/com/drnoob/datamonitor/ui/fragments/LicenseFragment.java|line:83
AddEmptyString;PMD;/Users/rar9993/repos/research/fdroid_apps/native_apps/DataMonitor/NONE_TRANSFORMED_;/Users/rar9993/repos/research/fdroid_apps/native_apps/DataMonitor/app/src/main/java/com/drnoob/datamonitor/ui/fragments/SetupFragment.java;file:/Users/rar9993/repos/research/fdroid_apps/native_apps/DataMonitor/app/src/main/java/com/drnoob/datamonitor/ui/fragments/SetupFragment.java|line:581
TooFewBranchesForSwitch;PMD;/Users/rar9993/repos/research/fdroid_apps/native_apps/DataMonitor/NONE_TRANSFORMED_;/Users/rar9993/repos/research/fdroid_apps/native_apps/DataMonitor/app/src/main/java/com/drnoob/datamonitor/ui/fragments/SystemDataUsageFragment.java;file:/Users/rar9993/repos/research/fdroid_apps/native_apps/DataMonitor/app/src/main/java/com/drnoob/datamonitor/ui/fragments/SystemDataUsageFragment.java|line:224
TooFewBranchesForSwitch;PMD;/Users/rar9993/repos/research/fdroid_apps/native_apps/DataMonitor/NONE_TRANSFORMED_;/Users/rar9993/repos/research/fdroid_apps/native_apps/DataMonitor/app/src/main/java/com/drnoob/datamonitor/ui/fragments/SystemDataUsageFragment.java;file:/Users/rar9993/repos/research/fdroid_apps/native_apps/DataMonitor/app/src/main/java/com/drnoob/datamonitor/ui/fragments/SystemDataUsageFragment.java|line:245
AvoidInstantiatingObjectsInLoops;PMD;/Users/rar9993/repos/research/fdroid_apps/native_apps/DataMonitor/NONE_TRANSFORMED_;/Users/rar9993/repos/research/fdroid_apps/native_apps/DataMonitor/app/src/main/java/com/drnoob/datamonitor/ui/fragments/SystemDataUsageFragment.java;file:/Users/rar9993/repos/research/fdroid_apps/native_apps/DataMonitor/app/src/main/java/com/drnoob/datamonitor/ui/fragments/SystemDataUsageFragment.java|line:331
AvoidInstantiatingObjectsInLoops;PMD;/Users/rar9993/repos/research/fdroid_apps/native_apps/DataMonitor/NONE_TRANSFORMED_;/Users/rar9993/repos/research/fdroid_apps/native_apps/DataMonitor/app/src/main/java/com/drnoob/datamonitor/ui/fragments/SystemDataUsageFragment.java;file:/Users/rar9993/repos/research/fdroid_apps/native_apps/DataMonitor/app/src/main/java/com/drnoob/datamonitor/ui/fragments/SystemDataUsageFragment.java|line:363
TooFewBranchesForSwitch;PMD;/Users/rar9993/repos/research/fdroid_apps/native_apps/DataMonitor/NONE_TRANSFORMED_;/Users/rar9993/repos/research/fdroid_apps/native_apps/DataMonitor/app/src/main/java/com/drnoob/datamonitor/ui/fragments/SystemDataUsageFragment.java;file:/Users/rar9993/repos/research/fdroid_apps/native_apps/DataMonitor/app/src/main/java/com/drnoob/datamonitor/ui/fragments/SystemDataUsageFragment.java|line:447
TooFewBranchesForSwitch;PMD;/Users/rar9993/repos/research/fdroid_apps/native_apps/DataMonitor/NONE_TRANSFORMED_;/Users/rar9993/repos/research/fdroid_apps/native_apps/DataMonitor/app/src/main/java/com/drnoob/datamonitor/ui/fragments/SystemDataUsageFragment.java;file:/Users/rar9993/repos/research/fdroid_apps/native_apps/DataMonitor/app/src/main/java/com/drnoob/datamonitor/ui/fragments/SystemDataUsageFragment.java|line:488
AvoidInstantiatingObjectsInLoops;PMD;/Users/rar9993/repos/research/fdroid_apps/native_apps/DataMonitor/NONE_TRANSFORMED_;/Users/rar9993/repos/research/fdroid_apps/native_apps/DataMonitor/app/src/main/java/com/drnoob/datamonitor/utils/NetworkStatsHelper.java;file:/Users/rar9993/repos/research/fdroid_apps/native_apps/DataMonitor/app/src/main/java/com/drnoob/datamonitor/utils/NetworkStatsHelper.java|line:133
AvoidInstantiatingObjectsInLoops;PMD;/Users/rar9993/repos/research/fdroid_apps/native_apps/DataMonitor/NONE_TRANSFORMED_;/Users/rar9993/repos/research/fdroid_apps/native_apps/DataMonitor/app/src/main/java/com/drnoob/datamonitor/utils/NetworkStatsHelper.java;file:/Users/rar9993/repos/research/fdroid_apps/native_apps/DataMonitor/app/src/main/java/com/drnoob/datamonitor/utils/NetworkStatsHelper.java|line:168
AvoidInstantiatingObjectsInLoops;PMD;/Users/rar9993/repos/research/fdroid_apps/native_apps/DataMonitor/NONE_TRANSFORMED_;/Users/rar9993/repos/research/fdroid_apps/native_apps/DataMonitor/app/src/main/java/com/drnoob/datamonitor/utils/NetworkStatsHelper.java;file:/Users/rar9993/repos/research/fdroid_apps/native_apps/DataMonitor/app/src/main/java/com/drnoob/datamonitor/utils/NetworkStatsHelper.java|line:313
AvoidInstantiatingObjectsInLoops;PMD;/Users/rar9993/repos/research/fdroid_apps/native_apps/DataMonitor/NONE_TRANSFORMED_;/Users/rar9993/repos/research/fdroid_apps/native_apps/DataMonitor/app/src/main/java/com/drnoob/datamonitor/utils/NetworkStatsHelper.java;file:/Users/rar9993/repos/research/fdroid_apps/native_apps/DataMonitor/app/src/main/java/com/drnoob/datamonitor/utils/NetworkStatsHelper.java|line:349
AvoidInstantiatingObjectsInLoops;PMD;/Users/rar9993/repos/research/fdroid_apps/native_apps/DataMonitor/NONE_TRANSFORMED_;/Users/rar9993/repos/research/fdroid_apps/native_apps/DataMonitor/app/src/main/java/com/drnoob/datamonitor/utils/NetworkStatsHelper.java;file:/Users/rar9993/repos/research/fdroid_apps/native_apps/DataMonitor/app/src/main/java/com/drnoob/datamonitor/utils/NetworkStatsHelper.java|line:385
InefficientStringBuffering;PMD;/Users/rar9993/repos/research/fdroid_apps/native_apps/DataMonitor/NONE_TRANSFORMED_;/Users/rar9993/repos/research/fdroid_apps/native_apps/DataMonitor/app/src/main/java/com/drnoob/datamonitor/utils/NotificationService.java;file:/Users/rar9993/repos/research/fdroid_apps/native_apps/DataMonitor/app/src/main/java/com/drnoob/datamonitor/utils/NotificationService.java|line:165
ConsecutiveLiteralAppends;PMD;/Users/rar9993/repos/research/fdroid_apps/native_apps/DataMonitor/NONE_TRANSFORMED_;/Users/rar9993/repos/research/fdroid_apps/native_apps/DataMonitor/app/src/main/java/com/drnoob/datamonitor/utils/NotificationService.java;file:/Users/rar9993/repos/research/fdroid_apps/native_apps/DataMonitor/app/src/main/java/com/drnoob/datamonitor/utils/NotificationService.java|line:165
InefficientStringBuffering;PMD;/Users/rar9993/repos/research/fdroid_apps/native_apps/DataMonitor/NONE_TRANSFORMED_;/Users/rar9993/repos/research/fdroid_apps/native_apps/DataMonitor/app/src/main/java/com/drnoob/datamonitor/utils/NotificationService.java;file:/Users/rar9993/repos/research/fdroid_apps/native_apps/DataMonitor/app/src/main/java/com/drnoob/datamonitor/utils/NotificationService.java|line:166
MemberIgnoringMethod;DAAP;/Users/rar9993/repos/research/fdroid_apps/native_apps/DataMonitor/NONE_TRANSFORMED_;/src/main/java/com/drnoob/datamonitor/ui/fragments/ContributorsFragment.java;file:/src/main/java/com/drnoob/datamonitor/ui/fragments/ContributorsFragment.java
MemberIgnoringMethod;DAAP;/Users/rar9993/repos/research/fdroid_apps/native_apps/DataMonitor/NONE_TRANSFORMED_;/src/main/java/com/drnoob/datamonitor/ui/fragments/SettingsFragment.java;file:/src/main/java/com/drnoob/datamonitor/ui/fragments/SettingsFragment.java
MemberIgnoringMethod;DAAP;/Users/rar9993/repos/research/fdroid_apps/native_apps/DataMonitor/NONE_TRANSFORMED_;/src/main/java/com/drnoob/datamonitor/ui/fragments/HomeFragment.java;file:/src/main/java/com/drnoob/datamonitor/ui/fragments/HomeFragment.java
MemberIgnoringMethod;DAAP;/Users/rar9993/repos/research/fdroid_apps/native_apps/DataMonitor/NONE_TRANSFORMED_;/src/main/java/com/drnoob/datamonitor/ui/fragments/LicenseFragment.java;file:/src/main/java/com/drnoob/datamonitor/ui/fragments/LicenseFragment.java
MemberIgnoringMethod;DAAP;/Users/rar9993/repos/research/fdroid_apps/native_apps/DataMonitor/NONE_TRANSFORMED_;/src/main/java/com/drnoob/datamonitor/ui/fragments/SetupFragment.java;file:/src/main/java/com/drnoob/datamonitor/ui/fragments/SetupFragment.java
MemberIgnoringMethod;DAAP;/Users/rar9993/repos/research/fdroid_apps/native_apps/DataMonitor/NONE_TRANSFORMED_;/src/main/java/com/drnoob/datamonitor/ui/fragments/DonateFragment.java;file:/src/main/java/com/drnoob/datamonitor/ui/fragments/DonateFragment.java
MemberIgnoringMethod;DAAP;/Users/rar9993/repos/research/fdroid_apps/native_apps/DataMonitor/NONE_TRANSFORMED_;/src/main/java/com/drnoob/datamonitor/ui/fragments/AboutFragment.java;file:/src/main/java/com/drnoob/datamonitor/ui/fragments/AboutFragment.java
MemberIgnoringMethod;DAAP;/Users/rar9993/repos/research/fdroid_apps/native_apps/DataMonitor/NONE_TRANSFORMED_;/src/main/java/com/drnoob/datamonitor/ui/fragments/AppDataUsageFragment.java;file:/src/main/java/com/drnoob/datamonitor/ui/fragments/AppDataUsageFragment.java
MemberIgnoringMethod;DAAP;/Users/rar9993/repos/research/fdroid_apps/native_apps/DataMonitor/NONE_TRANSFORMED_;/src/main/java/com/drnoob/datamonitor/ui/fragments/SystemDataUsageFragment.java;file:/src/main/java/com/drnoob/datamonitor/ui/fragments/SystemDataUsageFragment.java
MemberIgnoringMethod;DAAP;/Users/rar9993/repos/research/fdroid_apps/native_apps/DataMonitor/NONE_TRANSFORMED_;/src/main/java/com/drnoob/datamonitor/ui/activities/MainActivity.java;file:/src/main/java/com/drnoob/datamonitor/ui/activities/MainActivity.java
MemberIgnoringMethod;DAAP;/Users/rar9993/repos/research/fdroid_apps/native_apps/DataMonitor/NONE_TRANSFORMED_;/src/main/java/com/drnoob/datamonitor/ui/activities/ContainerActivity.java;file:/src/main/java/com/drnoob/datamonitor/ui/activities/ContainerActivity.java
MemberIgnoringMethod;DAAP;/Users/rar9993/repos/research/fdroid_apps/native_apps/DataMonitor/NONE_TRANSFORMED_;/src/main/java/com/drnoob/datamonitor/ui/activities/SetupActivity.java;file:/src/main/java/com/drnoob/datamonitor/ui/activities/SetupActivity.java
MemberIgnoringMethod;DAAP;/Users/rar9993/repos/research/fdroid_apps/native_apps/DataMonitor/NONE_TRANSFORMED_;/src/main/java/com/drnoob/datamonitor/core/task/DatabaseHandler.java;file:/src/main/java/com/drnoob/datamonitor/core/task/DatabaseHandler.java
MemberIgnoringMethod;DAAP;/Users/rar9993/repos/research/fdroid_apps/native_apps/DataMonitor/NONE_TRANSFORMED_;/src/main/java/com/drnoob/datamonitor/core/base/Preference.java;file:/src/main/java/com/drnoob/datamonitor/core/base/Preference.java
MemberIgnoringMethod;DAAP;/Users/rar9993/repos/research/fdroid_apps/native_apps/DataMonitor/NONE_TRANSFORMED_;/src/main/java/com/drnoob/datamonitor/core/base/SwitchPreferenceCompat.java;file:/src/main/java/com/drnoob/datamonitor/core/base/SwitchPreferenceCompat.java
MemberIgnoringMethod;DAAP;/Users/rar9993/repos/research/fdroid_apps/native_apps/DataMonitor/NONE_TRANSFORMED_;/src/main/java/com/drnoob/datamonitor/core/base/PreferenceHeader.java;file:/src/main/java/com/drnoob/datamonitor/core/base/PreferenceHeader.java
MemberIgnoringMethod;DAAP;/Users/rar9993/repos/research/fdroid_apps/native_apps/DataMonitor/NONE_TRANSFORMED_;/src/main/java/com/drnoob/datamonitor/core/base/PreferenceCategory.java;file:/src/main/java/com/drnoob/datamonitor/core/base/PreferenceCategory.java
MemberIgnoringMethod;DAAP;/Users/rar9993/repos/research/fdroid_apps/native_apps/DataMonitor/NONE_TRANSFORMED_;/src/main/java/com/drnoob/datamonitor/utils/DataUsageMonitor.java;file:/src/main/java/com/drnoob/datamonitor/utils/DataUsageMonitor.java
MemberIgnoringMethod;DAAP;/Users/rar9993/repos/research/fdroid_apps/native_apps/DataMonitor/NONE_TRANSFORMED_;/src/main/java/com/drnoob/datamonitor/utils/NotificationService.java;file:/src/main/java/com/drnoob/datamonitor/utils/NotificationService.java
MemberIgnoringMethod;DAAP;/Users/rar9993/repos/research/fdroid_apps/native_apps/DataMonitor/NONE_TRANSFORMED_;/src/main/java/com/drnoob/datamonitor/adapters/data/OverviewModel.java;file:/src/main/java/com/drnoob/datamonitor/adapters/data/OverviewModel.java
MemberIgnoringMethod;DAAP;/Users/rar9993/repos/research/fdroid_apps/native_apps/DataMonitor/NONE_TRANSFORMED_;/src/main/java/com/drnoob/datamonitor/adapters/data/AppDataUsageModel.java;file:/src/main/java/com/drnoob/datamonitor/adapters/data/AppDataUsageModel.java
MemberIgnoringMethod;DAAP;/Users/rar9993/repos/research/fdroid_apps/native_apps/DataMonitor/NONE_TRANSFORMED_;/src/main/java/com/drnoob/datamonitor/Common.java;file:/src/main/java/com/drnoob/datamonitor/Common.java
SlowForLoop;DAAP;/Users/rar9993/repos/research/fdroid_apps/native_apps/DataMonitor/NONE_TRANSFORMED_;/src/main/java/com/drnoob/datamonitor/ui/fragments/HomeFragment.java;file:/src/main/java/com/drnoob/datamonitor/ui/fragments/HomeFragment.java
SlowForLoop;DAAP;/Users/rar9993/repos/research/fdroid_apps/native_apps/DataMonitor/NONE_TRANSFORMED_;/src/main/java/com/drnoob/datamonitor/ui/fragments/SystemDataUsageFragment.java;file:/src/main/java/com/drnoob/datamonitor/ui/fragments/SystemDataUsageFragment.java
SlowForLoop;DAAP;/Users/rar9993/repos/research/fdroid_apps/native_apps/DataMonitor/NONE_TRANSFORMED_;/src/main/java/com/drnoob/datamonitor/ui/activities/MainActivity.java;file:/src/main/java/com/drnoob/datamonitor/ui/activities/MainActivity.java
SlowForLoop;DAAP;/Users/rar9993/repos/research/fdroid_apps/native_apps/DataMonitor/NONE_TRANSFORMED_;/src/main/java/com/drnoob/datamonitor/utils/NetworkStatsHelper.java;file:/src/main/java/com/drnoob/datamonitor/utils/NetworkStatsHelper.java
NoLowMemoryResolver;DAAP;/Users/rar9993/repos/research/fdroid_apps/native_apps/DataMonitor/NONE_TRANSFORMED_;/src/main/java/com/drnoob/datamonitor/ui/activities/MainActivity.java;file:/src/main/java/com/drnoob/datamonitor/ui/activities/MainActivity.java
NoLowMemoryResolver;DAAP;/Users/rar9993/repos/research/fdroid_apps/native_apps/DataMonitor/NONE_TRANSFORMED_;/src/main/java/com/drnoob/datamonitor/ui/activities/ContainerActivity.java;file:/src/main/java/com/drnoob/datamonitor/ui/activities/ContainerActivity.java
NoLowMemoryResolver;DAAP;/Users/rar9993/repos/research/fdroid_apps/native_apps/DataMonitor/NONE_TRANSFORMED_;/src/main/java/com/drnoob/datamonitor/ui/activities/SetupActivity.java;file:/src/main/java/com/drnoob/datamonitor/ui/activities/SetupActivity.java
RigidAlarmManager;DAAP;/Users/rar9993/repos/research/fdroid_apps/native_apps/DataMonitor/NONE_TRANSFORMED_;/src/main/java/com/drnoob/datamonitor/Widget/DataUsageWidget.java;file:/src/main/java/com/drnoob/datamonitor/Widget/DataUsageWidget.java
RigidAlarmManager;DAAP;/Users/rar9993/repos/research/fdroid_apps/native_apps/DataMonitor/NONE_TRANSFORMED_;/src/main/java/com/drnoob/datamonitor/utils/DataUsageMonitor.java;file:/src/main/java/com/drnoob/datamonitor/utils/DataUsageMonitor.java
RigidAlarmManager;DAAP;/Users/rar9993/repos/research/fdroid_apps/native_apps/DataMonitor/NONE_TRANSFORMED_;/src/main/java/com/drnoob/datamonitor/utils/NotificationService.java;file:/src/main/java/com/drnoob/datamonitor/utils/NotificationService.java
StaticContext;DAAP;/Users/rar9993/repos/research/fdroid_apps/native_apps/DataMonitor/NONE_TRANSFORMED_;/src/main/java/com/drnoob/datamonitor/ui/fragments/HomeFragment.java;file:/src/main/java/com/drnoob/datamonitor/ui/fragments/HomeFragment.java
StaticContext;DAAP;/Users/rar9993/repos/research/fdroid_apps/native_apps/DataMonitor/NONE_TRANSFORMED_;/src/main/java/com/drnoob/datamonitor/ui/fragments/SetupFragment.java;file:/src/main/java/com/drnoob/datamonitor/ui/fragments/SetupFragment.java
StaticContext;DAAP;/Users/rar9993/repos/research/fdroid_apps/native_apps/DataMonitor/NONE_TRANSFORMED_;/src/main/java/com/drnoob/datamonitor/ui/fragments/AppDataUsageFragment.java;file:/src/main/java/com/drnoob/datamonitor/ui/fragments/AppDataUsageFragment.java
StaticContext;DAAP;/Users/rar9993/repos/research/fdroid_apps/native_apps/DataMonitor/NONE_TRANSFORMED_;/src/main/java/com/drnoob/datamonitor/ui/fragments/SystemDataUsageFragment.java;file:/src/main/java/com/drnoob/datamonitor/ui/fragments/SystemDataUsageFragment.java
StaticView;DAAP;/Users/rar9993/repos/research/fdroid_apps/native_apps/DataMonitor/NONE_TRANSFORMED_;/src/main/java/com/drnoob/datamonitor/ui/fragments/HomeFragment.java;file:/src/main/java/com/drnoob/datamonitor/ui/fragments/HomeFragment.java
StaticView;DAAP;/Users/rar9993/repos/research/fdroid_apps/native_apps/DataMonitor/NONE_TRANSFORMED_;/src/main/java/com/drnoob/datamonitor/ui/fragments/AppDataUsageFragment.java;file:/src/main/java/com/drnoob/datamonitor/ui/fragments/AppDataUsageFragment.java
StaticView;DAAP;/Users/rar9993/repos/research/fdroid_apps/native_apps/DataMonitor/NONE_TRANSFORMED_;/src/main/java/com/drnoob/datamonitor/ui/fragments/SystemDataUsageFragment.java;file:/src/main/java/com/drnoob/datamonitor/ui/fragments/SystemDataUsageFragment.java
DroppedData;DAAP;/Users/rar9993/repos/research/fdroid_apps/native_apps/DataMonitor/NONE_TRANSFORMED_;/src/main/java/com/drnoob/datamonitor/ui/fragments/ContributorsFragment.java;file:/src/main/java/com/drnoob/datamonitor/ui/fragments/ContributorsFragment.java
DroppedData;DAAP;/Users/rar9993/repos/research/fdroid_apps/native_apps/DataMonitor/NONE_TRANSFORMED_;/src/main/java/com/drnoob/datamonitor/ui/fragments/SettingsFragment.java;file:/src/main/java/com/drnoob/datamonitor/ui/fragments/SettingsFragment.java
DroppedData;DAAP;/Users/rar9993/repos/research/fdroid_apps/native_apps/DataMonitor/NONE_TRANSFORMED_;/src/main/java/com/drnoob/datamonitor/ui/fragments/HomeFragment.java;file:/src/main/java/com/drnoob/datamonitor/ui/fragments/HomeFragment.java
DroppedData;DAAP;/Users/rar9993/repos/research/fdroid_apps/native_apps/DataMonitor/NONE_TRANSFORMED_;/src/main/java/com/drnoob/datamonitor/ui/fragments/LicenseFragment.java;file:/src/main/java/com/drnoob/datamonitor/ui/fragments/LicenseFragment.java
DroppedData;DAAP;/Users/rar9993/repos/research/fdroid_apps/native_apps/DataMonitor/NONE_TRANSFORMED_;/src/main/java/com/drnoob/datamonitor/ui/fragments/SetupFragment.java;file:/src/main/java/com/drnoob/datamonitor/ui/fragments/SetupFragment.java
DroppedData;DAAP;/Users/rar9993/repos/research/fdroid_apps/native_apps/DataMonitor/NONE_TRANSFORMED_;/src/main/java/com/drnoob/datamonitor/ui/fragments/DonateFragment.java;file:/src/main/java/com/drnoob/datamonitor/ui/fragments/DonateFragment.java
DroppedData;DAAP;/Users/rar9993/repos/research/fdroid_apps/native_apps/DataMonitor/NONE_TRANSFORMED_;/src/main/java/com/drnoob/datamonitor/ui/fragments/AboutFragment.java;file:/src/main/java/com/drnoob/datamonitor/ui/fragments/AboutFragment.java
DroppedData;DAAP;/Users/rar9993/repos/research/fdroid_apps/native_apps/DataMonitor/NONE_TRANSFORMED_;/src/main/java/com/drnoob/datamonitor/ui/fragments/AppDataUsageFragment.java;file:/src/main/java/com/drnoob/datamonitor/ui/fragments/AppDataUsageFragment.java
DroppedData;DAAP;/Users/rar9993/repos/research/fdroid_apps/native_apps/DataMonitor/NONE_TRANSFORMED_;/src/main/java/com/drnoob/datamonitor/ui/fragments/SystemDataUsageFragment.java;file:/src/main/java/com/drnoob/datamonitor/ui/fragments/SystemDataUsageFragment.java
DroppedData;DAAP;/Users/rar9993/repos/research/fdroid_apps/native_apps/DataMonitor/NONE_TRANSFORMED_;/src/main/java/com/drnoob/datamonitor/ui/activities/MainActivity.java;file:/src/main/java/com/drnoob/datamonitor/ui/activities/MainActivity.java
DroppedData;DAAP;/Users/rar9993/repos/research/fdroid_apps/native_apps/DataMonitor/NONE_TRANSFORMED_;/src/main/java/com/drnoob/datamonitor/ui/activities/ContainerActivity.java;file:/src/main/java/com/drnoob/datamonitor/ui/activities/ContainerActivity.java
DroppedData;DAAP;/Users/rar9993/repos/research/fdroid_apps/native_apps/DataMonitor/NONE_TRANSFORMED_;/src/main/java/com/drnoob/datamonitor/ui/activities/SetupActivity.java;file:/src/main/java/com/drnoob/datamonitor/ui/activities/SetupActivity.java
SyntheticAccessor;Lint;/Users/rar9993/repos/research/fdroid_apps/native_apps/DataMonitor/NONE_TRANSFORMED_;/Users/rar9993/repos/research/fdroid_apps/native_apps/DataMonitor/NONE_TRANSFORMED_/app/src/main/java/com/drnoob/datamonitor/ui/fragments/SetupFragment.java;file:/Users/rar9993/repos/research/fdroid_apps/native_apps/DataMonitor/NONE_TRANSFORMED_/app/src/main/java/com/drnoob/datamonitor/ui/fragments/SetupFragment.java|line:324
UnusedIds;Lint;/Users/rar9993/repos/research/fdroid_apps/native_apps/DataMonitor/NONE_TRANSFORMED_;/Users/rar9993/repos/research/fdroid_apps/native_apps/DataMonitor/NONE_TRANSFORMED_/app/src/main/res/drawable/widget_update_button_background.xml;file:/Users/rar9993/repos/research/fdroid_apps/native_apps/DataMonitor/NONE_TRANSFORMED_/app/src/main/res/drawable/widget_update_button_background.xml|line:4
SyntheticAccessor;Lint;/Users/rar9993/repos/research/fdroid_apps/native_apps/DataMonitor/NONE_TRANSFORMED_;/Users/rar9993/repos/research/fdroid_apps/native_apps/DataMonitor/NONE_TRANSFORMED_/app/src/main/java/com/drnoob/datamonitor/ui/fragments/SystemDataUsageFragment.java;file:/Users/rar9993/repos/research/fdroid_apps/native_apps/DataMonitor/NONE_TRANSFORMED_/app/src/main/java/com/drnoob/datamonitor/ui/fragments/SystemDataUsageFragment.java|line:300
ObsoleteLayoutParam;Lint;/Users/rar9993/repos/research/fdroid_apps/native_apps/DataMonitor/NONE_TRANSFORMED_;/Users/rar9993/repos/research/fdroid_apps/native_apps/DataMonitor/NONE_TRANSFORMED_/app/src/main/res/layout/data_usage_widget.xml;file:/Users/rar9993/repos/research/fdroid_apps/native_apps/DataMonitor/NONE_TRANSFORMED_/app/src/main/res/layout/data_usage_widget.xml|line:140
SyntheticAccessor;Lint;/Users/rar9993/repos/research/fdroid_apps/native_apps/DataMonitor/NONE_TRANSFORMED_;/Users/rar9993/repos/research/fdroid_apps/native_apps/DataMonitor/NONE_TRANSFORMED_/app/src/main/java/com/drnoob/datamonitor/ui/fragments/SetupFragment.java;file:/Users/rar9993/repos/research/fdroid_apps/native_apps/DataMonitor/NONE_TRANSFORMED_/app/src/main/java/com/drnoob/datamonitor/ui/fragments/SetupFragment.java|line:555
StaticFieldLeak;Lint;/Users/rar9993/repos/research/fdroid_apps/native_apps/DataMonitor/NONE_TRANSFORMED_;/Users/rar9993/repos/research/fdroid_apps/native_apps/DataMonitor/NONE_TRANSFORMED_/app/src/main/java/com/drnoob/datamonitor/ui/fragments/HomeFragment.java;file:/Users/rar9993/repos/research/fdroid_apps/native_apps/DataMonitor/NONE_TRANSFORMED_/app/src/main/java/com/drnoob/datamonitor/ui/fragments/HomeFragment.java|line:100
UnusedIds;Lint;/Users/rar9993/repos/research/fdroid_apps/native_apps/DataMonitor/NONE_TRANSFORMED_;/Users/rar9993/repos/research/fdroid_apps/native_apps/DataMonitor/NONE_TRANSFORMED_/app/src/main/res/layout/fragment_home.xml;file:/Users/rar9993/repos/research/fdroid_apps/native_apps/DataMonitor/NONE_TRANSFORMED_/app/src/main/res/layout/fragment_home.xml|line:145
SyntheticAccessor;Lint;/Users/rar9993/repos/research/fdroid_apps/native_apps/DataMonitor/NONE_TRANSFORMED_;/Users/rar9993/repos/research/fdroid_apps/native_apps/DataMonitor/NONE_TRANSFORMED_/app/src/main/java/com/drnoob/datamonitor/ui/fragments/HomeFragment.java;file:/Users/rar9993/repos/research/fdroid_apps/native_apps/DataMonitor/NONE_TRANSFORMED_/app/src/main/java/com/drnoob/datamonitor/ui/fragments/HomeFragment.java|line:485
UnusedIds;Lint;/Users/rar9993/repos/research/fdroid_apps/native_apps/DataMonitor/NONE_TRANSFORMED_;/Users/rar9993/repos/research/fdroid_apps/native_apps/DataMonitor/NONE_TRANSFORMED_/app/src/main/res/layout/fragment_home.xml;file:/Users/rar9993/repos/research/fdroid_apps/native_apps/DataMonitor/NONE_TRANSFORMED_/app/src/main/res/layout/fragment_home.xml|line:259
UnusedIds;Lint;/Users/rar9993/repos/research/fdroid_apps/native_apps/DataMonitor/NONE_TRANSFORMED_;/Users/rar9993/repos/research/fdroid_apps/native_apps/DataMonitor/NONE_TRANSFORMED_/app/src/main/res/layout/fragment_home.xml;file:/Users/rar9993/repos/research/fdroid_apps/native_apps/DataMonitor/NONE_TRANSFORMED_/app/src/main/res/layout/fragment_home.xml|line:164
SyntheticAccessor;Lint;/Users/rar9993/repos/research/fdroid_apps/native_apps/DataMonitor/NONE_TRANSFORMED_;/Users/rar9993/repos/research/fdroid_apps/native_apps/DataMonitor/NONE_TRANSFORMED_/app/src/main/java/com/drnoob/datamonitor/ui/fragments/SetupFragment.java;file:/Users/rar9993/repos/research/fdroid_apps/native_apps/DataMonitor/NONE_TRANSFORMED_/app/src/main/java/com/drnoob/datamonitor/ui/fragments/SetupFragment.java|line:423
SyntheticAccessor;Lint;/Users/rar9993/repos/research/fdroid_apps/native_apps/DataMonitor/NONE_TRANSFORMED_;/Users/rar9993/repos/research/fdroid_apps/native_apps/DataMonitor/NONE_TRANSFORMED_/app/src/main/java/com/drnoob/datamonitor/ui/fragments/SetupFragment.java;file:/Users/rar9993/repos/research/fdroid_apps/native_apps/DataMonitor/NONE_TRANSFORMED_/app/src/main/java/com/drnoob/datamonitor/ui/fragments/SetupFragment.java|line:782
SyntheticAccessor;Lint;/Users/rar9993/repos/research/fdroid_apps/native_apps/DataMonitor/NONE_TRANSFORMED_;/Users/rar9993/repos/research/fdroid_apps/native_apps/DataMonitor/NONE_TRANSFORMED_/app/src/main/java/com/drnoob/datamonitor/ui/fragments/SetupFragment.java;file:/Users/rar9993/repos/research/fdroid_apps/native_apps/DataMonitor/NONE_TRANSFORMED_/app/src/main/java/com/drnoob/datamonitor/ui/fragments/SetupFragment.java|line:323
Overdraw;Lint;/Users/rar9993/repos/research/fdroid_apps/native_apps/DataMonitor/NONE_TRANSFORMED_;/Users/rar9993/repos/research/fdroid_apps/native_apps/DataMonitor/NONE_TRANSFORMED_/app/src/main/res/layout/fragment_app_data_usage.xml;file:/Users/rar9993/repos/research/fdroid_apps/native_apps/DataMonitor/NONE_TRANSFORMED_/app/src/main/res/layout/fragment_app_data_usage.xml|line:9
VectorPath;Lint;/Users/rar9993/repos/research/fdroid_apps/native_apps/DataMonitor/NONE_TRANSFORMED_;/Users/rar9993/repos/research/fdroid_apps/native_apps/DataMonitor/NONE_TRANSFORMED_/app/src/main/res/drawable/ic_contributors.xml;file:/Users/rar9993/repos/research/fdroid_apps/native_apps/DataMonitor/NONE_TRANSFORMED_/app/src/main/res/drawable/ic_contributors.xml|line:14
RedundantNamespace;Lint;/Users/rar9993/repos/research/fdroid_apps/native_apps/DataMonitor/NONE_TRANSFORMED_;/Users/rar9993/repos/research/fdroid_apps/native_apps/DataMonitor/NONE_TRANSFORMED_/app/src/main/res/layout/app_data_usage_loading.xml;file:/Users/rar9993/repos/research/fdroid_apps/native_apps/DataMonitor/NONE_TRANSFORMED_/app/src/main/res/layout/app_data_usage_loading.xml|line:139
SyntheticAccessor;Lint;/Users/rar9993/repos/research/fdroid_apps/native_apps/DataMonitor/NONE_TRANSFORMED_;/Users/rar9993/repos/research/fdroid_apps/native_apps/DataMonitor/NONE_TRANSFORMED_/app/src/main/java/com/drnoob/datamonitor/ui/fragments/SystemDataUsageFragment.java;file:/Users/rar9993/repos/research/fdroid_apps/native_apps/DataMonitor/NONE_TRANSFORMED_/app/src/main/java/com/drnoob/datamonitor/ui/fragments/SystemDataUsageFragment.java|line:316
InefficientWeight;Lint;/Users/rar9993/repos/research/fdroid_apps/native_apps/DataMonitor/NONE_TRANSFORMED_;/Users/rar9993/repos/research/fdroid_apps/native_apps/DataMonitor/NONE_TRANSFORMED_/app/src/main/res/layout/app_data_usage_loading.xml;file:/Users/rar9993/repos/research/fdroid_apps/native_apps/DataMonitor/NONE_TRANSFORMED_/app/src/main/res/layout/app_data_usage_loading.xml|line:380
VectorPath;Lint;/Users/rar9993/repos/research/fdroid_apps/native_apps/DataMonitor/NONE_TRANSFORMED_;/Users/rar9993/repos/research/fdroid_apps/native_apps/DataMonitor/NONE_TRANSFORMED_/app/src/main/res/drawable/ic_about.xml;file:/Users/rar9993/repos/research/fdroid_apps/native_apps/DataMonitor/NONE_TRANSFORMED_/app/src/main/res/drawable/ic_about.xml|line:3
SyntheticAccessor;Lint;/Users/rar9993/repos/research/fdroid_apps/native_apps/DataMonitor/NONE_TRANSFORMED_;/Users/rar9993/repos/research/fdroid_apps/native_apps/DataMonitor/NONE_TRANSFORMED_/app/src/main/java/com/drnoob/datamonitor/adapters/AppDataUsageAdapter.java;file:/Users/rar9993/repos/research/fdroid_apps/native_apps/DataMonitor/NONE_TRANSFORMED_/app/src/main/java/com/drnoob/datamonitor/adapters/AppDataUsageAdapter.java|line:130
SyntheticAccessor;Lint;/Users/rar9993/repos/research/fdroid_apps/native_apps/DataMonitor/NONE_TRANSFORMED_;/Users/rar9993/repos/research/fdroid_apps/native_apps/DataMonitor/NONE_TRANSFORMED_/app/src/main/java/com/drnoob/datamonitor/utils/DataUsageMonitor.java;file:/Users/rar9993/repos/research/fdroid_apps/native_apps/DataMonitor/NONE_TRANSFORMED_/app/src/main/java/com/drnoob/datamonitor/utils/DataUsageMonitor.java|line:245
StaticFieldLeak;Lint;/Users/rar9993/repos/research/fdroid_apps/native_apps/DataMonitor/NONE_TRANSFORMED_;/Users/rar9993/repos/research/fdroid_apps/native_apps/DataMonitor/NONE_TRANSFORMED_/app/src/main/java/com/drnoob/datamonitor/ui/fragments/AppDataUsageFragment.java;file:/Users/rar9993/repos/research/fdroid_apps/native_apps/DataMonitor/NONE_TRANSFORMED_/app/src/main/java/com/drnoob/datamonitor/ui/fragments/AppDataUsageFragment.java|line:61
LogConditional;Lint;/Users/rar9993/repos/research/fdroid_apps/native_apps/DataMonitor/NONE_TRANSFORMED_;/Users/rar9993/repos/research/fdroid_apps/native_apps/DataMonitor/NONE_TRANSFORMED_/app/src/main/java/com/drnoob/datamonitor/Widget/DataUsageWidget.java;file:/Users/rar9993/repos/research/fdroid_apps/native_apps/DataMonitor/NONE_TRANSFORMED_/app/src/main/java/com/drnoob/datamonitor/Widget/DataUsageWidget.java|line:89
SyntheticAccessor;Lint;/Users/rar9993/repos/research/fdroid_apps/native_apps/DataMonitor/NONE_TRANSFORMED_;/Users/rar9993/repos/research/fdroid_apps/native_apps/DataMonitor/NONE_TRANSFORMED_/app/src/main/java/com/drnoob/datamonitor/ui/fragments/SetupFragment.java;file:/Users/rar9993/repos/research/fdroid_apps/native_apps/DataMonitor/NONE_TRANSFORMED_/app/src/main/java/com/drnoob/datamonitor/ui/fragments/SetupFragment.java|line:225
StaticFieldLeak;Lint;/Users/rar9993/repos/research/fdroid_apps/native_apps/DataMonitor/NONE_TRANSFORMED_;/Users/rar9993/repos/research/fdroid_apps/native_apps/DataMonitor/NONE_TRANSFORMED_/app/src/main/java/com/drnoob/datamonitor/ui/fragments/AppDataUsageFragment.java;file:/Users/rar9993/repos/research/fdroid_apps/native_apps/DataMonitor/NONE_TRANSFORMED_/app/src/main/java/com/drnoob/datamonitor/ui/fragments/AppDataUsageFragment.java|line:64
SyntheticAccessor;Lint;/Users/rar9993/repos/research/fdroid_apps/native_apps/DataMonitor/NONE_TRANSFORMED_;/Users/rar9993/repos/research/fdroid_apps/native_apps/DataMonitor/NONE_TRANSFORMED_/app/src/main/java/com/drnoob/datamonitor/ui/fragments/SetupFragment.java;file:/Users/rar9993/repos/research/fdroid_apps/native_apps/DataMonitor/NONE_TRANSFORMED_/app/src/main/java/com/drnoob/datamonitor/ui/fragments/SetupFragment.java|line:513
SyntheticAccessor;Lint;/Users/rar9993/repos/research/fdroid_apps/native_apps/DataMonitor/NONE_TRANSFORMED_;/Users/rar9993/repos/research/fdroid_apps/native_apps/DataMonitor/NONE_TRANSFORMED_/app/src/main/java/com/drnoob/datamonitor/adapters/AppDataUsageAdapter.java;file:/Users/rar9993/repos/research/fdroid_apps/native_apps/DataMonitor/NONE_TRANSFORMED_/app/src/main/java/com/drnoob/datamonitor/adapters/AppDataUsageAdapter.java|line:85
Overdraw;Lint;/Users/rar9993/repos/research/fdroid_apps/native_apps/DataMonitor/NONE_TRANSFORMED_;/Users/rar9993/repos/research/fdroid_apps/native_apps/DataMonitor/NONE_TRANSFORMED_/app/src/main/res/layout/fragment_welcome.xml;file:/Users/rar9993/repos/research/fdroid_apps/native_apps/DataMonitor/NONE_TRANSFORMED_/app/src/main/res/layout/fragment_welcome.xml|line:7
UnusedResources;Lint;/Users/rar9993/repos/research/fdroid_apps/native_apps/DataMonitor/NONE_TRANSFORMED_;/Users/rar9993/repos/research/fdroid_apps/native_apps/DataMonitor/NONE_TRANSFORMED_/app/src/main/res/values/colors.xml;file:/Users/rar9993/repos/research/fdroid_apps/native_apps/DataMonitor/NONE_TRANSFORMED_/app/src/main/res/values/colors.xml|line:4
SyntheticAccessor;Lint;/Users/rar9993/repos/research/fdroid_apps/native_apps/DataMonitor/NONE_TRANSFORMED_;/Users/rar9993/repos/research/fdroid_apps/native_apps/DataMonitor/NONE_TRANSFORMED_/app/src/main/java/com/drnoob/datamonitor/ui/fragments/SetupFragment.java;file:/Users/rar9993/repos/research/fdroid_apps/native_apps/DataMonitor/NONE_TRANSFORMED_/app/src/main/java/com/drnoob/datamonitor/ui/fragments/SetupFragment.java|line:459
VectorPath;Lint;/Users/rar9993/repos/research/fdroid_apps/native_apps/DataMonitor/NONE_TRANSFORMED_;/Users/rar9993/repos/research/fdroid_apps/native_apps/DataMonitor/NONE_TRANSFORMED_/app/src/main/res/drawable/ic_bug.xml;file:/Users/rar9993/repos/research/fdroid_apps/native_apps/DataMonitor/NONE_TRANSFORMED_/app/src/main/res/drawable/ic_bug.xml|line:3
SyntheticAccessor;Lint;/Users/rar9993/repos/research/fdroid_apps/native_apps/DataMonitor/NONE_TRANSFORMED_;/Users/rar9993/repos/research/fdroid_apps/native_apps/DataMonitor/NONE_TRANSFORMED_/app/src/main/java/com/drnoob/datamonitor/ui/fragments/HomeFragment.java;file:/Users/rar9993/repos/research/fdroid_apps/native_apps/DataMonitor/NONE_TRANSFORMED_/app/src/main/java/com/drnoob/datamonitor/ui/fragments/HomeFragment.java|line:483
Overdraw;Lint;/Users/rar9993/repos/research/fdroid_apps/native_apps/DataMonitor/NONE_TRANSFORMED_;/Users/rar9993/repos/research/fdroid_apps/native_apps/DataMonitor/NONE_TRANSFORMED_/app/src/main/res/layout/fragment_system_data_usage.xml;file:/Users/rar9993/repos/research/fdroid_apps/native_apps/DataMonitor/NONE_TRANSFORMED_/app/src/main/res/layout/fragment_system_data_usage.xml|line:9
InefficientWeight;Lint;/Users/rar9993/repos/research/fdroid_apps/native_apps/DataMonitor/NONE_TRANSFORMED_;/Users/rar9993/repos/research/fdroid_apps/native_apps/DataMonitor/NONE_TRANSFORMED_/app/src/main/res/layout/app_data_usage_loading.xml;file:/Users/rar9993/repos/research/fdroid_apps/native_apps/DataMonitor/NONE_TRANSFORMED_/app/src/main/res/layout/app_data_usage_loading.xml|line:367
VectorPath;Lint;/Users/rar9993/repos/research/fdroid_apps/native_apps/DataMonitor/NONE_TRANSFORMED_;/Users/rar9993/repos/research/fdroid_apps/native_apps/DataMonitor/NONE_TRANSFORMED_/app/src/main/res/drawable/ic_wifi.xml;file:/Users/rar9993/repos/research/fdroid_apps/native_apps/DataMonitor/NONE_TRANSFORMED_/app/src/main/res/drawable/ic_wifi.xml|line:7
UselessParent;Lint;/Users/rar9993/repos/research/fdroid_apps/native_apps/DataMonitor/NONE_TRANSFORMED_;/Users/rar9993/repos/research/fdroid_apps/native_apps/DataMonitor/NONE_TRANSFORMED_/app/src/main/res/layout/data_usage_widget.xml;file:/Users/rar9993/repos/research/fdroid_apps/native_apps/DataMonitor/NONE_TRANSFORMED_/app/src/main/res/layout/data_usage_widget.xml|line:18
StaticFieldLeak;Lint;/Users/rar9993/repos/research/fdroid_apps/native_apps/DataMonitor/NONE_TRANSFORMED_;/Users/rar9993/repos/research/fdroid_apps/native_apps/DataMonitor/NONE_TRANSFORMED_/app/src/main/java/com/drnoob/datamonitor/ui/fragments/HomeFragment.java;file:/Users/rar9993/repos/research/fdroid_apps/native_apps/DataMonitor/NONE_TRANSFORMED_/app/src/main/java/com/drnoob/datamonitor/ui/fragments/HomeFragment.java|line:95
SyntheticAccessor;Lint;/Users/rar9993/repos/research/fdroid_apps/native_apps/DataMonitor/NONE_TRANSFORMED_;/Users/rar9993/repos/research/fdroid_apps/native_apps/DataMonitor/NONE_TRANSFORMED_/app/src/main/java/com/drnoob/datamonitor/ui/fragments/HomeFragment.java;file:/Users/rar9993/repos/research/fdroid_apps/native_apps/DataMonitor/NONE_TRANSFORMED_/app/src/main/java/com/drnoob/datamonitor/ui/fragments/HomeFragment.java|line:241
StaticFieldLeak;Lint;/Users/rar9993/repos/research/fdroid_apps/native_apps/DataMonitor/NONE_TRANSFORMED_;/Users/rar9993/repos/research/fdroid_apps/native_apps/DataMonitor/NONE_TRANSFORMED_/app/src/main/java/com/drnoob/datamonitor/ui/fragments/AppDataUsageFragment.java;file:/Users/rar9993/repos/research/fdroid_apps/native_apps/DataMonitor/NONE_TRANSFORMED_/app/src/main/java/com/drnoob/datamonitor/ui/fragments/AppDataUsageFragment.java|line:62
UnusedResources;Lint;/Users/rar9993/repos/research/fdroid_apps/native_apps/DataMonitor/NONE_TRANSFORMED_;/Users/rar9993/repos/research/fdroid_apps/native_apps/DataMonitor/NONE_TRANSFORMED_/app/src/main/res/values/colors.xml;file:/Users/rar9993/repos/research/fdroid_apps/native_apps/DataMonitor/NONE_TRANSFORMED_/app/src/main/res/values/colors.xml|line:3
UnusedResources;Lint;/Users/rar9993/repos/research/fdroid_apps/native_apps/DataMonitor/NONE_TRANSFORMED_;/Users/rar9993/repos/research/fdroid_apps/native_apps/DataMonitor/NONE_TRANSFORMED_/app/src/main/res/values/colors.xml;file:/Users/rar9993/repos/research/fdroid_apps/native_apps/DataMonitor/NONE_TRANSFORMED_/app/src/main/res/values/colors.xml|line:29
VectorPath;Lint;/Users/rar9993/repos/research/fdroid_apps/native_apps/DataMonitor/NONE_TRANSFORMED_;/Users/rar9993/repos/research/fdroid_apps/native_apps/DataMonitor/NONE_TRANSFORMED_/app/src/main/res/drawable/ic_language.xml;file:/Users/rar9993/repos/research/fdroid_apps/native_apps/DataMonitor/NONE_TRANSFORMED_/app/src/main/res/drawable/ic_language.xml|line:4
SyntheticAccessor;Lint;/Users/rar9993/repos/research/fdroid_apps/native_apps/DataMonitor/NONE_TRANSFORMED_;/Users/rar9993/repos/research/fdroid_apps/native_apps/DataMonitor/NONE_TRANSFORMED_/app/src/main/java/com/drnoob/datamonitor/ui/fragments/SetupFragment.java;file:/Users/rar9993/repos/research/fdroid_apps/native_apps/DataMonitor/NONE_TRANSFORMED_/app/src/main/java/com/drnoob/datamonitor/ui/fragments/SetupFragment.java|line:635
SyntheticAccessor;Lint;/Users/rar9993/repos/research/fdroid_apps/native_apps/DataMonitor/NONE_TRANSFORMED_;/Users/rar9993/repos/research/fdroid_apps/native_apps/DataMonitor/NONE_TRANSFORMED_/app/src/main/java/com/drnoob/datamonitor/adapters/AppDataUsageAdapter.java;file:/Users/rar9993/repos/research/fdroid_apps/native_apps/DataMonitor/NONE_TRANSFORMED_/app/src/main/java/com/drnoob/datamonitor/adapters/AppDataUsageAdapter.java|line:116
LogConditional;Lint;/Users/rar9993/repos/research/fdroid_apps/native_apps/DataMonitor/NONE_TRANSFORMED_;/Users/rar9993/repos/research/fdroid_apps/native_apps/DataMonitor/NONE_TRANSFORMED_/app/src/main/java/com/drnoob/datamonitor/ui/fragments/HomeFragment.java;file:/Users/rar9993/repos/research/fdroid_apps/native_apps/DataMonitor/NONE_TRANSFORMED_/app/src/main/java/com/drnoob/datamonitor/ui/fragments/HomeFragment.java|line:469
LogConditional;Lint;/Users/rar9993/repos/research/fdroid_apps/native_apps/DataMonitor/NONE_TRANSFORMED_;/Users/rar9993/repos/research/fdroid_apps/native_apps/DataMonitor/NONE_TRANSFORMED_/app/src/main/java/com/drnoob/datamonitor/ui/fragments/AppDataUsageFragment.java;file:/Users/rar9993/repos/research/fdroid_apps/native_apps/DataMonitor/NONE_TRANSFORMED_/app/src/main/java/com/drnoob/datamonitor/ui/fragments/AppDataUsageFragment.java|line:314
SyntheticAccessor;Lint;/Users/rar9993/repos/research/fdroid_apps/native_apps/DataMonitor/NONE_TRANSFORMED_;/Users/rar9993/repos/research/fdroid_apps/native_apps/DataMonitor/NONE_TRANSFORMED_/app/src/main/java/com/drnoob/datamonitor/adapters/AppDataUsageAdapter.java;file:/Users/rar9993/repos/research/fdroid_apps/native_apps/DataMonitor/NONE_TRANSFORMED_/app/src/main/java/com/drnoob/datamonitor/adapters/AppDataUsageAdapter.java|line:128
ObsoleteLayoutParam;Lint;/Users/rar9993/repos/research/fdroid_apps/native_apps/DataMonitor/NONE_TRANSFORMED_;/Users/rar9993/repos/research/fdroid_apps/native_apps/DataMonitor/NONE_TRANSFORMED_/app/src/main/res/layout/data_usage_widget.xml;file:/Users/rar9993/repos/research/fdroid_apps/native_apps/DataMonitor/NONE_TRANSFORMED_/app/src/main/res/layout/data_usage_widget.xml|line:159
VectorPath;Lint;/Users/rar9993/repos/research/fdroid_apps/native_apps/DataMonitor/NONE_TRANSFORMED_;/Users/rar9993/repos/research/fdroid_apps/native_apps/DataMonitor/NONE_TRANSFORMED_/app/src/main/res/drawable-v24/ic_launcher_foreground.xml;file:/Users/rar9993/repos/research/fdroid_apps/native_apps/DataMonitor/NONE_TRANSFORMED_/app/src/main/res/drawable-v24/ic_launcher_foreground.xml|line:12
SyntheticAccessor;Lint;/Users/rar9993/repos/research/fdroid_apps/native_apps/DataMonitor/NONE_TRANSFORMED_;/Users/rar9993/repos/research/fdroid_apps/native_apps/DataMonitor/NONE_TRANSFORMED_/app/src/main/java/com/drnoob/datamonitor/adapters/AppDataUsageAdapter.java;file:/Users/rar9993/repos/research/fdroid_apps/native_apps/DataMonitor/NONE_TRANSFORMED_/app/src/main/java/com/drnoob/datamonitor/adapters/AppDataUsageAdapter.java|line:78
ObsoleteLayoutParam;Lint;/Users/rar9993/repos/research/fdroid_apps/native_apps/DataMonitor/NONE_TRANSFORMED_;/Users/rar9993/repos/research/fdroid_apps/native_apps/DataMonitor/NONE_TRANSFORMED_/app/src/main/res/layout/data_usage_widget.xml;file:/Users/rar9993/repos/research/fdroid_apps/native_apps/DataMonitor/NONE_TRANSFORMED_/app/src/main/res/layout/data_usage_widget.xml|line:161
InefficientWeight;Lint;/Users/rar9993/repos/research/fdroid_apps/native_apps/DataMonitor/NONE_TRANSFORMED_;/Users/rar9993/repos/research/fdroid_apps/native_apps/DataMonitor/NONE_TRANSFORMED_/app/src/main/res/layout/app_data_usage_loading.xml;file:/Users/rar9993/repos/research/fdroid_apps/native_apps/DataMonitor/NONE_TRANSFORMED_/app/src/main/res/layout/app_data_usage_loading.xml|line:446
SyntheticAccessor;Lint;/Users/rar9993/repos/research/fdroid_apps/native_apps/DataMonitor/NONE_TRANSFORMED_;/Users/rar9993/repos/research/fdroid_apps/native_apps/DataMonitor/NONE_TRANSFORMED_/app/src/main/java/com/drnoob/datamonitor/ui/fragments/SetupFragment.java;file:/Users/rar9993/repos/research/fdroid_apps/native_apps/DataMonitor/NONE_TRANSFORMED_/app/src/main/java/com/drnoob/datamonitor/ui/fragments/SetupFragment.java|line:778
SyntheticAccessor;Lint;/Users/rar9993/repos/research/fdroid_apps/native_apps/DataMonitor/NONE_TRANSFORMED_;/Users/rar9993/repos/research/fdroid_apps/native_apps/DataMonitor/NONE_TRANSFORMED_/app/src/main/java/com/drnoob/datamonitor/ui/fragments/SetupFragment.java;file:/Users/rar9993/repos/research/fdroid_apps/native_apps/DataMonitor/NONE_TRANSFORMED_/app/src/main/java/com/drnoob/datamonitor/ui/fragments/SetupFragment.java|line:318
SyntheticAccessor;Lint;/Users/rar9993/repos/research/fdroid_apps/native_apps/DataMonitor/NONE_TRANSFORMED_;/Users/rar9993/repos/research/fdroid_apps/native_apps/DataMonitor/NONE_TRANSFORMED_/app/src/main/java/com/drnoob/datamonitor/ui/fragments/SystemDataUsageFragment.java;file:/Users/rar9993/repos/research/fdroid_apps/native_apps/DataMonitor/NONE_TRANSFORMED_/app/src/main/java/com/drnoob/datamonitor/ui/fragments/SystemDataUsageFragment.java|line:302
SyntheticAccessor;Lint;/Users/rar9993/repos/research/fdroid_apps/native_apps/DataMonitor/NONE_TRANSFORMED_;/Users/rar9993/repos/research/fdroid_apps/native_apps/DataMonitor/NONE_TRANSFORMED_/app/src/main/java/com/drnoob/datamonitor/utils/DataUsageMonitor.java;file:/Users/rar9993/repos/research/fdroid_apps/native_apps/DataMonitor/NONE_TRANSFORMED_/app/src/main/java/com/drnoob/datamonitor/utils/DataUsageMonitor.java|line:136
SyntheticAccessor;Lint;/Users/rar9993/repos/research/fdroid_apps/native_apps/DataMonitor/NONE_TRANSFORMED_;/Users/rar9993/repos/research/fdroid_apps/native_apps/DataMonitor/NONE_TRANSFORMED_/app/src/main/java/com/drnoob/datamonitor/ui/fragments/SystemDataUsageFragment.java;file:/Users/rar9993/repos/research/fdroid_apps/native_apps/DataMonitor/NONE_TRANSFORMED_/app/src/main/java/com/drnoob/datamonitor/ui/fragments/SystemDataUsageFragment.java|line:349
UnusedIds;Lint;/Users/rar9993/repos/research/fdroid_apps/native_apps/DataMonitor/NONE_TRANSFORMED_;/Users/rar9993/repos/research/fdroid_apps/native_apps/DataMonitor/NONE_TRANSFORMED_/app/src/main/res/layout/fragment_welcome.xml;file:/Users/rar9993/repos/research/fdroid_apps/native_apps/DataMonitor/NONE_TRANSFORMED_/app/src/main/res/layout/fragment_welcome.xml|line:12
InefficientWeight;Lint;/Users/rar9993/repos/research/fdroid_apps/native_apps/DataMonitor/NONE_TRANSFORMED_;/Users/rar9993/repos/research/fdroid_apps/native_apps/DataMonitor/NONE_TRANSFORMED_/app/src/main/res/layout/app_data_usage_loading.xml;file:/Users/rar9993/repos/research/fdroid_apps/native_apps/DataMonitor/NONE_TRANSFORMED_/app/src/main/res/layout/app_data_usage_loading.xml|line:565
SyntheticAccessor;Lint;/Users/rar9993/repos/research/fdroid_apps/native_apps/DataMonitor/NONE_TRANSFORMED_;/Users/rar9993/repos/research/fdroid_apps/native_apps/DataMonitor/NONE_TRANSFORMED_/app/src/main/java/com/drnoob/datamonitor/ui/fragments/HomeFragment.java;file:/Users/rar9993/repos/research/fdroid_apps/native_apps/DataMonitor/NONE_TRANSFORMED_/app/src/main/java/com/drnoob/datamonitor/ui/fragments/HomeFragment.java|line:484
InefficientWeight;Lint;/Users/rar9993/repos/research/fdroid_apps/native_apps/DataMonitor/NONE_TRANSFORMED_;/Users/rar9993/repos/research/fdroid_apps/native_apps/DataMonitor/NONE_TRANSFORMED_/app/src/main/res/layout/layout_widget_setup.xml;file:/Users/rar9993/repos/research/fdroid_apps/native_apps/DataMonitor/NONE_TRANSFORMED_/app/src/main/res/layout/layout_widget_setup.xml|line:108
SyntheticAccessor;Lint;/Users/rar9993/repos/research/fdroid_apps/native_apps/DataMonitor/NONE_TRANSFORMED_;/Users/rar9993/repos/research/fdroid_apps/native_apps/DataMonitor/NONE_TRANSFORMED_/app/src/main/java/com/drnoob/datamonitor/ui/fragments/AppDataUsageFragment.java;file:/Users/rar9993/repos/research/fdroid_apps/native_apps/DataMonitor/NONE_TRANSFORMED_/app/src/main/java/com/drnoob/datamonitor/ui/fragments/AppDataUsageFragment.java|line:252
SyntheticAccessor;Lint;/Users/rar9993/repos/research/fdroid_apps/native_apps/DataMonitor/NONE_TRANSFORMED_;/Users/rar9993/repos/research/fdroid_apps/native_apps/DataMonitor/NONE_TRANSFORMED_/app/src/main/java/com/drnoob/datamonitor/ui/fragments/SetupFragment.java;file:/Users/rar9993/repos/research/fdroid_apps/native_apps/DataMonitor/NONE_TRANSFORMED_/app/src/main/java/com/drnoob/datamonitor/ui/fragments/SetupFragment.java|line:923
ObsoleteLayoutParam;Lint;/Users/rar9993/repos/research/fdroid_apps/native_apps/DataMonitor/NONE_TRANSFORMED_;/Users/rar9993/repos/research/fdroid_apps/native_apps/DataMonitor/NONE_TRANSFORMED_/app/src/main/res/layout/data_usage_widget.xml;file:/Users/rar9993/repos/research/fdroid_apps/native_apps/DataMonitor/NONE_TRANSFORMED_/app/src/main/res/layout/data_usage_widget.xml|line:48
SyntheticAccessor;Lint;/Users/rar9993/repos/research/fdroid_apps/native_apps/DataMonitor/NONE_TRANSFORMED_;/Users/rar9993/repos/research/fdroid_apps/native_apps/DataMonitor/NONE_TRANSFORMED_/app/src/main/java/com/drnoob/datamonitor/ui/fragments/HomeFragment.java;file:/Users/rar9993/repos/research/fdroid_apps/native_apps/DataMonitor/NONE_TRANSFORMED_/app/src/main/java/com/drnoob/datamonitor/ui/fragments/HomeFragment.java|line:419
StaticFieldLeak;Lint;/Users/rar9993/repos/research/fdroid_apps/native_apps/DataMonitor/NONE_TRANSFORMED_;/Users/rar9993/repos/research/fdroid_apps/native_apps/DataMonitor/NONE_TRANSFORMED_/app/src/main/java/com/drnoob/datamonitor/ui/fragments/SystemDataUsageFragment.java;file:/Users/rar9993/repos/research/fdroid_apps/native_apps/DataMonitor/NONE_TRANSFORMED_/app/src/main/java/com/drnoob/datamonitor/ui/fragments/SystemDataUsageFragment.java|line:68
StaticFieldLeak;Lint;/Users/rar9993/repos/research/fdroid_apps/native_apps/DataMonitor/NONE_TRANSFORMED_;/Users/rar9993/repos/research/fdroid_apps/native_apps/DataMonitor/NONE_TRANSFORMED_/app/src/main/java/com/drnoob/datamonitor/ui/fragments/SystemDataUsageFragment.java;file:/Users/rar9993/repos/research/fdroid_apps/native_apps/DataMonitor/NONE_TRANSFORMED_/app/src/main/java/com/drnoob/datamonitor/ui/fragments/SystemDataUsageFragment.java|line:287
SyntheticAccessor;Lint;/Users/rar9993/repos/research/fdroid_apps/native_apps/DataMonitor/NONE_TRANSFORMED_;/Users/rar9993/repos/research/fdroid_apps/native_apps/DataMonitor/NONE_TRANSFORMED_/app/src/main/java/com/drnoob/datamonitor/ui/fragments/SetupFragment.java;file:/Users/rar9993/repos/research/fdroid_apps/native_apps/DataMonitor/NONE_TRANSFORMED_/app/src/main/java/com/drnoob/datamonitor/ui/fragments/SetupFragment.java|line:504
SyntheticAccessor;Lint;/Users/rar9993/repos/research/fdroid_apps/native_apps/DataMonitor/NONE_TRANSFORMED_;/Users/rar9993/repos/research/fdroid_apps/native_apps/DataMonitor/NONE_TRANSFORMED_/app/src/main/java/com/drnoob/datamonitor/ui/fragments/SystemDataUsageFragment.java;file:/Users/rar9993/repos/research/fdroid_apps/native_apps/DataMonitor/NONE_TRANSFORMED_/app/src/main/java/com/drnoob/datamonitor/ui/fragments/SystemDataUsageFragment.java|line:392
SyntheticAccessor;Lint;/Users/rar9993/repos/research/fdroid_apps/native_apps/DataMonitor/NONE_TRANSFORMED_;/Users/rar9993/repos/research/fdroid_apps/native_apps/DataMonitor/NONE_TRANSFORMED_/app/src/main/java/com/drnoob/datamonitor/ui/fragments/SettingsFragment.java;file:/Users/rar9993/repos/research/fdroid_apps/native_apps/DataMonitor/NONE_TRANSFORMED_/app/src/main/java/com/drnoob/datamonitor/ui/fragments/SettingsFragment.java|line:113
UnusedIds;Lint;/Users/rar9993/repos/research/fdroid_apps/native_apps/DataMonitor/NONE_TRANSFORMED_;/Users/rar9993/repos/research/fdroid_apps/native_apps/DataMonitor/NONE_TRANSFORMED_/app/src/main/res/layout/fragment_welcome.xml;file:/Users/rar9993/repos/research/fdroid_apps/native_apps/DataMonitor/NONE_TRANSFORMED_/app/src/main/res/layout/fragment_welcome.xml|line:27
SyntheticAccessor;Lint;/Users/rar9993/repos/research/fdroid_apps/native_apps/DataMonitor/NONE_TRANSFORMED_;/Users/rar9993/repos/research/fdroid_apps/native_apps/DataMonitor/NONE_TRANSFORMED_/app/src/main/java/com/drnoob/datamonitor/ui/fragments/SetupFragment.java;file:/Users/rar9993/repos/research/fdroid_apps/native_apps/DataMonitor/NONE_TRANSFORMED_/app/src/main/java/com/drnoob/datamonitor/ui/fragments/SetupFragment.java|line:538
RedundantNamespace;Lint;/Users/rar9993/repos/research/fdroid_apps/native_apps/DataMonitor/NONE_TRANSFORMED_;/Users/rar9993/repos/research/fdroid_apps/native_apps/DataMonitor/NONE_TRANSFORMED_/app/src/main/res/layout/app_data_usage_loading.xml;file:/Users/rar9993/repos/research/fdroid_apps/native_apps/DataMonitor/NONE_TRANSFORMED_/app/src/main/res/layout/app_data_usage_loading.xml|line:7
VectorPath;Lint;/Users/rar9993/repos/research/fdroid_apps/native_apps/DataMonitor/NONE_TRANSFORMED_;/Users/rar9993/repos/research/fdroid_apps/native_apps/DataMonitor/NONE_TRANSFORMED_/app/src/main/res/drawable/ic_app_data_usage.xml;file:/Users/rar9993/repos/research/fdroid_apps/native_apps/DataMonitor/NONE_TRANSFORMED_/app/src/main/res/drawable/ic_app_data_usage.xml|line:6
SyntheticAccessor;Lint;/Users/rar9993/repos/research/fdroid_apps/native_apps/DataMonitor/NONE_TRANSFORMED_;/Users/rar9993/repos/research/fdroid_apps/native_apps/DataMonitor/NONE_TRANSFORMED_/app/src/main/java/com/drnoob/datamonitor/ui/fragments/SetupFragment.java;file:/Users/rar9993/repos/research/fdroid_apps/native_apps/DataMonitor/NONE_TRANSFORMED_/app/src/main/java/com/drnoob/datamonitor/ui/fragments/SetupFragment.java|line:447
UnusedResources;Lint;/Users/rar9993/repos/research/fdroid_apps/native_apps/DataMonitor/NONE_TRANSFORMED_;/Users/rar9993/repos/research/fdroid_apps/native_apps/DataMonitor/NONE_TRANSFORMED_/app/src/main/res/values/strings.xml;file:/Users/rar9993/repos/research/fdroid_apps/native_apps/DataMonitor/NONE_TRANSFORMED_/app/src/main/res/values/strings.xml|line:3
UnusedResources;Lint;/Users/rar9993/repos/research/fdroid_apps/native_apps/DataMonitor/NONE_TRANSFORMED_;/Users/rar9993/repos/research/fdroid_apps/native_apps/DataMonitor/NONE_TRANSFORMED_/app/src/main/res/values/strings.xml;file:/Users/rar9993/repos/research/fdroid_apps/native_apps/DataMonitor/NONE_TRANSFORMED_/app/src/main/res/values/strings.xml|line:4
SyntheticAccessor;Lint;/Users/rar9993/repos/research/fdroid_apps/native_apps/DataMonitor/NONE_TRANSFORMED_;/Users/rar9993/repos/research/fdroid_apps/native_apps/DataMonitor/NONE_TRANSFORMED_/app/src/main/java/com/drnoob/datamonitor/ui/fragments/SetupFragment.java;file:/Users/rar9993/repos/research/fdroid_apps/native_apps/DataMonitor/NONE_TRANSFORMED_/app/src/main/java/com/drnoob/datamonitor/ui/fragments/SetupFragment.java|line:464
SyntheticAccessor;Lint;/Users/rar9993/repos/research/fdroid_apps/native_apps/DataMonitor/NONE_TRANSFORMED_;/Users/rar9993/repos/research/fdroid_apps/native_apps/DataMonitor/NONE_TRANSFORMED_/app/src/main/java/com/drnoob/datamonitor/ui/fragments/SetupFragment.java;file:/Users/rar9993/repos/research/fdroid_apps/native_apps/DataMonitor/NONE_TRANSFORMED_/app/src/main/java/com/drnoob/datamonitor/ui/fragments/SetupFragment.java|line:472
SyntheticAccessor;Lint;/Users/rar9993/repos/research/fdroid_apps/native_apps/DataMonitor/NONE_TRANSFORMED_;/Users/rar9993/repos/research/fdroid_apps/native_apps/DataMonitor/NONE_TRANSFORMED_/app/src/main/java/com/drnoob/datamonitor/adapters/AppDataUsageAdapter.java;file:/Users/rar9993/repos/research/fdroid_apps/native_apps/DataMonitor/NONE_TRANSFORMED_/app/src/main/java/com/drnoob/datamonitor/adapters/AppDataUsageAdapter.java|line:102
UnusedResources;Lint;/Users/rar9993/repos/research/fdroid_apps/native_apps/DataMonitor/NONE_TRANSFORMED_;/Users/rar9993/repos/research/fdroid_apps/native_apps/DataMonitor/NONE_TRANSFORMED_/app/src/main/res/values/colors.xml;file:/Users/rar9993/repos/research/fdroid_apps/native_apps/DataMonitor/NONE_TRANSFORMED_/app/src/main/res/values/colors.xml|line:5
RedundantNamespace;Lint;/Users/rar9993/repos/research/fdroid_apps/native_apps/DataMonitor/NONE_TRANSFORMED_;/Users/rar9993/repos/research/fdroid_apps/native_apps/DataMonitor/NONE_TRANSFORMED_/app/src/main/res/layout/app_data_usage_loading.xml;file:/Users/rar9993/repos/research/fdroid_apps/native_apps/DataMonitor/NONE_TRANSFORMED_/app/src/main/res/layout/app_data_usage_loading.xml|line:469
SyntheticAccessor;Lint;/Users/rar9993/repos/research/fdroid_apps/native_apps/DataMonitor/NONE_TRANSFORMED_;/Users/rar9993/repos/research/fdroid_apps/native_apps/DataMonitor/NONE_TRANSFORMED_/app/src/main/java/com/drnoob/datamonitor/adapters/AppDataUsageAdapter.java;file:/Users/rar9993/repos/research/fdroid_apps/native_apps/DataMonitor/NONE_TRANSFORMED_/app/src/main/java/com/drnoob/datamonitor/adapters/AppDataUsageAdapter.java|line:113
ObsoleteLayoutParam;Lint;/Users/rar9993/repos/research/fdroid_apps/native_apps/DataMonitor/NONE_TRANSFORMED_;/Users/rar9993/repos/research/fdroid_apps/native_apps/DataMonitor/NONE_TRANSFORMED_/app/src/main/res/layout/data_usage_widget.xml;file:/Users/rar9993/repos/research/fdroid_apps/native_apps/DataMonitor/NONE_TRANSFORMED_/app/src/main/res/layout/data_usage_widget.xml|line:94
LogConditional;Lint;/Users/rar9993/repos/research/fdroid_apps/native_apps/DataMonitor/NONE_TRANSFORMED_;/Users/rar9993/repos/research/fdroid_apps/native_apps/DataMonitor/NONE_TRANSFORMED_/app/src/main/java/com/drnoob/datamonitor/ui/fragments/DonateFragment.java;file:/Users/rar9993/repos/research/fdroid_apps/native_apps/DataMonitor/NONE_TRANSFORMED_/app/src/main/java/com/drnoob/datamonitor/ui/fragments/DonateFragment.java|line:140
UnusedResources;Lint;/Users/rar9993/repos/research/fdroid_apps/native_apps/DataMonitor/NONE_TRANSFORMED_;/Users/rar9993/repos/research/fdroid_apps/native_apps/DataMonitor/NONE_TRANSFORMED_/app/src/main/res/values-night/colors.xml;file:/Users/rar9993/repos/research/fdroid_apps/native_apps/DataMonitor/NONE_TRANSFORMED_/app/src/main/res/values-night/colors.xml|line:28
SyntheticAccessor;Lint;/Users/rar9993/repos/research/fdroid_apps/native_apps/DataMonitor/NONE_TRANSFORMED_;/Users/rar9993/repos/research/fdroid_apps/native_apps/DataMonitor/NONE_TRANSFORMED_/app/src/main/java/com/drnoob/datamonitor/ui/fragments/SystemDataUsageFragment.java;file:/Users/rar9993/repos/research/fdroid_apps/native_apps/DataMonitor/NONE_TRANSFORMED_/app/src/main/java/com/drnoob/datamonitor/ui/fragments/SystemDataUsageFragment.java|line:122
SyntheticAccessor;Lint;/Users/rar9993/repos/research/fdroid_apps/native_apps/DataMonitor/NONE_TRANSFORMED_;/Users/rar9993/repos/research/fdroid_apps/native_apps/DataMonitor/NONE_TRANSFORMED_/app/src/main/java/com/drnoob/datamonitor/ui/fragments/SystemDataUsageFragment.java;file:/Users/rar9993/repos/research/fdroid_apps/native_apps/DataMonitor/NONE_TRANSFORMED_/app/src/main/java/com/drnoob/datamonitor/ui/fragments/SystemDataUsageFragment.java|line:122
SyntheticAccessor;Lint;/Users/rar9993/repos/research/fdroid_apps/native_apps/DataMonitor/NONE_TRANSFORMED_;/Users/rar9993/repos/research/fdroid_apps/native_apps/DataMonitor/NONE_TRANSFORMED_/app/src/main/java/com/drnoob/datamonitor/ui/fragments/SystemDataUsageFragment.java;file:/Users/rar9993/repos/research/fdroid_apps/native_apps/DataMonitor/NONE_TRANSFORMED_/app/src/main/java/com/drnoob/datamonitor/ui/fragments/SystemDataUsageFragment.java|line:122
SyntheticAccessor;Lint;/Users/rar9993/repos/research/fdroid_apps/native_apps/DataMonitor/NONE_TRANSFORMED_;/Users/rar9993/repos/research/fdroid_apps/native_apps/DataMonitor/NONE_TRANSFORMED_/app/src/main/java/com/drnoob/datamonitor/ui/fragments/SystemDataUsageFragment.java;file:/Users/rar9993/repos/research/fdroid_apps/native_apps/DataMonitor/NONE_TRANSFORMED_/app/src/main/java/com/drnoob/datamonitor/ui/fragments/SystemDataUsageFragment.java|line:254
UnusedIds;Lint;/Users/rar9993/repos/research/fdroid_apps/native_apps/DataMonitor/NONE_TRANSFORMED_;/Users/rar9993/repos/research/fdroid_apps/native_apps/DataMonitor/NONE_TRANSFORMED_/app/src/main/res/layout/fragment_setup.xml;file:/Users/rar9993/repos/research/fdroid_apps/native_apps/DataMonitor/NONE_TRANSFORMED_/app/src/main/res/layout/fragment_setup.xml|line:18
SyntheticAccessor;Lint;/Users/rar9993/repos/research/fdroid_apps/native_apps/DataMonitor/NONE_TRANSFORMED_;/Users/rar9993/repos/research/fdroid_apps/native_apps/DataMonitor/NONE_TRANSFORMED_/app/src/main/java/com/drnoob/datamonitor/ui/fragments/SetupFragment.java;file:/Users/rar9993/repos/research/fdroid_apps/native_apps/DataMonitor/NONE_TRANSFORMED_/app/src/main/java/com/drnoob/datamonitor/ui/fragments/SetupFragment.java|line:779
VectorPath;Lint;/Users/rar9993/repos/research/fdroid_apps/native_apps/DataMonitor/NONE_TRANSFORMED_;/Users/rar9993/repos/research/fdroid_apps/native_apps/DataMonitor/NONE_TRANSFORMED_/app/src/main/res/drawable/ic_donate.xml;file:/Users/rar9993/repos/research/fdroid_apps/native_apps/DataMonitor/NONE_TRANSFORMED_/app/src/main/res/drawable/ic_donate.xml|line:5
UselessParent;Lint;/Users/rar9993/repos/research/fdroid_apps/native_apps/DataMonitor/NONE_TRANSFORMED_;/Users/rar9993/repos/research/fdroid_apps/native_apps/DataMonitor/NONE_TRANSFORMED_/app/src/main/res/layout/data_usage_widget.xml;file:/Users/rar9993/repos/research/fdroid_apps/native_apps/DataMonitor/NONE_TRANSFORMED_/app/src/main/res/layout/data_usage_widget.xml|line:14
SyntheticAccessor;Lint;/Users/rar9993/repos/research/fdroid_apps/native_apps/DataMonitor/NONE_TRANSFORMED_;/Users/rar9993/repos/research/fdroid_apps/native_apps/DataMonitor/NONE_TRANSFORMED_/app/src/main/java/com/drnoob/datamonitor/adapters/AppDataUsageAdapter.java;file:/Users/rar9993/repos/research/fdroid_apps/native_apps/DataMonitor/NONE_TRANSFORMED_/app/src/main/java/com/drnoob/datamonitor/adapters/AppDataUsageAdapter.java|line:162
StaticFieldLeak;Lint;/Users/rar9993/repos/research/fdroid_apps/native_apps/DataMonitor/NONE_TRANSFORMED_;/Users/rar9993/repos/research/fdroid_apps/native_apps/DataMonitor/NONE_TRANSFORMED_/app/src/main/java/com/drnoob/datamonitor/ui/fragments/AppDataUsageFragment.java;file:/Users/rar9993/repos/research/fdroid_apps/native_apps/DataMonitor/NONE_TRANSFORMED_/app/src/main/java/com/drnoob/datamonitor/ui/fragments/AppDataUsageFragment.java|line:63
SyntheticAccessor;Lint;/Users/rar9993/repos/research/fdroid_apps/native_apps/DataMonitor/NONE_TRANSFORMED_;/Users/rar9993/repos/research/fdroid_apps/native_apps/DataMonitor/NONE_TRANSFORMED_/app/src/main/java/com/drnoob/datamonitor/ui/fragments/HomeFragment.java;file:/Users/rar9993/repos/research/fdroid_apps/native_apps/DataMonitor/NONE_TRANSFORMED_/app/src/main/java/com/drnoob/datamonitor/ui/fragments/HomeFragment.java|line:467
SyntheticAccessor;Lint;/Users/rar9993/repos/research/fdroid_apps/native_apps/DataMonitor/NONE_TRANSFORMED_;/Users/rar9993/repos/research/fdroid_apps/native_apps/DataMonitor/NONE_TRANSFORMED_/app/src/main/java/com/drnoob/datamonitor/ui/fragments/SystemDataUsageFragment.java;file:/Users/rar9993/repos/research/fdroid_apps/native_apps/DataMonitor/NONE_TRANSFORMED_/app/src/main/java/com/drnoob/datamonitor/ui/fragments/SystemDataUsageFragment.java|line:224
SyntheticAccessor;Lint;/Users/rar9993/repos/research/fdroid_apps/native_apps/DataMonitor/NONE_TRANSFORMED_;/Users/rar9993/repos/research/fdroid_apps/native_apps/DataMonitor/NONE_TRANSFORMED_/app/src/main/java/com/drnoob/datamonitor/ui/activities/MainActivity.java;file:/Users/rar9993/repos/research/fdroid_apps/native_apps/DataMonitor/NONE_TRANSFORMED_/app/src/main/java/com/drnoob/datamonitor/ui/activities/MainActivity.java|line:334
SyntheticAccessor;Lint;/Users/rar9993/repos/research/fdroid_apps/native_apps/DataMonitor/NONE_TRANSFORMED_;/Users/rar9993/repos/research/fdroid_apps/native_apps/DataMonitor/NONE_TRANSFORMED_/app/src/main/java/com/drnoob/datamonitor/ui/fragments/DonateFragment.java;file:/Users/rar9993/repos/research/fdroid_apps/native_apps/DataMonitor/NONE_TRANSFORMED_/app/src/main/java/com/drnoob/datamonitor/ui/fragments/DonateFragment.java|line:103
InefficientWeight;Lint;/Users/rar9993/repos/research/fdroid_apps/native_apps/DataMonitor/NONE_TRANSFORMED_;/Users/rar9993/repos/research/fdroid_apps/native_apps/DataMonitor/NONE_TRANSFORMED_/app/src/main/res/layout/app_data_usage_loading.xml;file:/Users/rar9993/repos/research/fdroid_apps/native_apps/DataMonitor/NONE_TRANSFORMED_/app/src/main/res/layout/app_data_usage_loading.xml|line:433
SyntheticAccessor;Lint;/Users/rar9993/repos/research/fdroid_apps/native_apps/DataMonitor/NONE_TRANSFORMED_;/Users/rar9993/repos/research/fdroid_apps/native_apps/DataMonitor/NONE_TRANSFORMED_/app/src/main/java/com/drnoob/datamonitor/ui/fragments/DonateFragment.java;file:/Users/rar9993/repos/research/fdroid_apps/native_apps/DataMonitor/NONE_TRANSFORMED_/app/src/main/java/com/drnoob/datamonitor/ui/fragments/DonateFragment.java|line:71
SyntheticAccessor;Lint;/Users/rar9993/repos/research/fdroid_apps/native_apps/DataMonitor/NONE_TRANSFORMED_;/Users/rar9993/repos/research/fdroid_apps/native_apps/DataMonitor/NONE_TRANSFORMED_/app/src/main/java/com/drnoob/datamonitor/ui/fragments/SystemDataUsageFragment.java;file:/Users/rar9993/repos/research/fdroid_apps/native_apps/DataMonitor/NONE_TRANSFORMED_/app/src/main/java/com/drnoob/datamonitor/ui/fragments/SystemDataUsageFragment.java|line:304
UnusedResources;Lint;/Users/rar9993/repos/research/fdroid_apps/native_apps/DataMonitor/NONE_TRANSFORMED_;/Users/rar9993/repos/research/fdroid_apps/native_apps/DataMonitor/NONE_TRANSFORMED_/app/src/main/res/values-night/themes.xml;file:/Users/rar9993/repos/research/fdroid_apps/native_apps/DataMonitor/NONE_TRANSFORMED_/app/src/main/res/values-night/themes.xml|line:39
UnusedIds;Lint;/Users/rar9993/repos/research/fdroid_apps/native_apps/DataMonitor/NONE_TRANSFORMED_;/Users/rar9993/repos/research/fdroid_apps/native_apps/DataMonitor/NONE_TRANSFORMED_/app/src/main/res/layout/fragment_about.xml;file:/Users/rar9993/repos/research/fdroid_apps/native_apps/DataMonitor/NONE_TRANSFORMED_/app/src/main/res/layout/fragment_about.xml|line:24
UnusedResources;Lint;/Users/rar9993/repos/research/fdroid_apps/native_apps/DataMonitor/NONE_TRANSFORMED_;/Users/rar9993/repos/research/fdroid_apps/native_apps/DataMonitor/NONE_TRANSFORMED_/app/src/main/res/values-night/colors.xml;file:/Users/rar9993/repos/research/fdroid_apps/native_apps/DataMonitor/NONE_TRANSFORMED_/app/src/main/res/values-night/colors.xml|line:24
UnusedIds;Lint;/Users/rar9993/repos/research/fdroid_apps/native_apps/DataMonitor/NONE_TRANSFORMED_;/Users/rar9993/repos/research/fdroid_apps/native_apps/DataMonitor/NONE_TRANSFORMED_/app/src/main/res/navigation/nav_graph.xml;file:/Users/rar9993/repos/research/fdroid_apps/native_apps/DataMonitor/NONE_TRANSFORMED_/app/src/main/res/navigation/nav_graph.xml|line:5
SyntheticAccessor;Lint;/Users/rar9993/repos/research/fdroid_apps/native_apps/DataMonitor/NONE_TRANSFORMED_;/Users/rar9993/repos/research/fdroid_apps/native_apps/DataMonitor/NONE_TRANSFORMED_/app/src/main/java/com/drnoob/datamonitor/ui/fragments/SetupFragment.java;file:/Users/rar9993/repos/research/fdroid_apps/native_apps/DataMonitor/NONE_TRANSFORMED_/app/src/main/java/com/drnoob/datamonitor/ui/fragments/SetupFragment.java|line:214
StaticFieldLeak;Lint;/Users/rar9993/repos/research/fdroid_apps/native_apps/DataMonitor/NONE_TRANSFORMED_;/Users/rar9993/repos/research/fdroid_apps/native_apps/DataMonitor/NONE_TRANSFORMED_/app/src/main/java/com/drnoob/datamonitor/ui/fragments/AppDataUsageFragment.java;file:/Users/rar9993/repos/research/fdroid_apps/native_apps/DataMonitor/NONE_TRANSFORMED_/app/src/main/java/com/drnoob/datamonitor/ui/fragments/AppDataUsageFragment.java|line:65
UnusedResources;Lint;/Users/rar9993/repos/research/fdroid_apps/native_apps/DataMonitor/NONE_TRANSFORMED_;/Users/rar9993/repos/research/fdroid_apps/native_apps/DataMonitor/NONE_TRANSFORMED_/app/src/main/res/values/strings.xml;file:/Users/rar9993/repos/research/fdroid_apps/native_apps/DataMonitor/NONE_TRANSFORMED_/app/src/main/res/values/strings.xml|line:182
ObsoleteLayoutParam;Lint;/Users/rar9993/repos/research/fdroid_apps/native_apps/DataMonitor/NONE_TRANSFORMED_;/Users/rar9993/repos/research/fdroid_apps/native_apps/DataMonitor/NONE_TRANSFORMED_/app/src/main/res/layout/data_usage_widget.xml;file:/Users/rar9993/repos/research/fdroid_apps/native_apps/DataMonitor/NONE_TRANSFORMED_/app/src/main/res/layout/data_usage_widget.xml|line:121
InefficientWeight;Lint;/Users/rar9993/repos/research/fdroid_apps/native_apps/DataMonitor/NONE_TRANSFORMED_;/Users/rar9993/repos/research/fdroid_apps/native_apps/DataMonitor/NONE_TRANSFORMED_/app/src/main/res/layout/app_data_usage_loading.xml;file:/Users/rar9993/repos/research/fdroid_apps/native_apps/DataMonitor/NONE_TRANSFORMED_/app/src/main/res/layout/app_data_usage_loading.xml|line:235
SyntheticAccessor;Lint;/Users/rar9993/repos/research/fdroid_apps/native_apps/DataMonitor/NONE_TRANSFORMED_;/Users/rar9993/repos/research/fdroid_apps/native_apps/DataMonitor/NONE_TRANSFORMED_/app/src/main/java/com/drnoob/datamonitor/ui/fragments/DonateFragment.java;file:/Users/rar9993/repos/research/fdroid_apps/native_apps/DataMonitor/NONE_TRANSFORMED_/app/src/main/java/com/drnoob/datamonitor/ui/fragments/DonateFragment.java|line:140
InefficientWeight;Lint;/Users/rar9993/repos/research/fdroid_apps/native_apps/DataMonitor/NONE_TRANSFORMED_;/Users/rar9993/repos/research/fdroid_apps/native_apps/DataMonitor/NONE_TRANSFORMED_/app/src/main/res/layout/data_usage_widget.xml;file:/Users/rar9993/repos/research/fdroid_apps/native_apps/DataMonitor/NONE_TRANSFORMED_/app/src/main/res/layout/data_usage_widget.xml|line:79
UnusedResources;Lint;/Users/rar9993/repos/research/fdroid_apps/native_apps/DataMonitor/NONE_TRANSFORMED_;/Users/rar9993/repos/research/fdroid_apps/native_apps/DataMonitor/NONE_TRANSFORMED_/app/src/main/res/drawable/ic_overview_loading.xml;file:/Users/rar9993/repos/research/fdroid_apps/native_apps/DataMonitor/NONE_TRANSFORMED_/app/src/main/res/drawable/ic_overview_loading.xml|line:1
SyntheticAccessor;Lint;/Users/rar9993/repos/research/fdroid_apps/native_apps/DataMonitor/NONE_TRANSFORMED_;/Users/rar9993/repos/research/fdroid_apps/native_apps/DataMonitor/NONE_TRANSFORMED_/app/src/main/java/com/drnoob/datamonitor/ui/activities/MainActivity.java;file:/Users/rar9993/repos/research/fdroid_apps/native_apps/DataMonitor/NONE_TRANSFORMED_/app/src/main/java/com/drnoob/datamonitor/ui/activities/MainActivity.java|line:331
SyntheticAccessor;Lint;/Users/rar9993/repos/research/fdroid_apps/native_apps/DataMonitor/NONE_TRANSFORMED_;/Users/rar9993/repos/research/fdroid_apps/native_apps/DataMonitor/NONE_TRANSFORMED_/app/src/main/java/com/drnoob/datamonitor/adapters/AppDataUsageAdapter.java;file:/Users/rar9993/repos/research/fdroid_apps/native_apps/DataMonitor/NONE_TRANSFORMED_/app/src/main/java/com/drnoob/datamonitor/adapters/AppDataUsageAdapter.java|line:156
SyntheticAccessor;Lint;/Users/rar9993/repos/research/fdroid_apps/native_apps/DataMonitor/NONE_TRANSFORMED_;/Users/rar9993/repos/research/fdroid_apps/native_apps/DataMonitor/NONE_TRANSFORMED_/app/src/main/java/com/drnoob/datamonitor/ui/fragments/AppDataUsageFragment.java;file:/Users/rar9993/repos/research/fdroid_apps/native_apps/DataMonitor/NONE_TRANSFORMED_/app/src/main/java/com/drnoob/datamonitor/ui/fragments/AppDataUsageFragment.java|line:200
StaticFieldLeak;Lint;/Users/rar9993/repos/research/fdroid_apps/native_apps/DataMonitor/NONE_TRANSFORMED_;/Users/rar9993/repos/research/fdroid_apps/native_apps/DataMonitor/NONE_TRANSFORMED_/app/src/main/java/com/drnoob/datamonitor/ui/fragments/SystemDataUsageFragment.java;file:/Users/rar9993/repos/research/fdroid_apps/native_apps/DataMonitor/NONE_TRANSFORMED_/app/src/main/java/com/drnoob/datamonitor/ui/fragments/SystemDataUsageFragment.java|line:64
InefficientWeight;Lint;/Users/rar9993/repos/research/fdroid_apps/native_apps/DataMonitor/NONE_TRANSFORMED_;/Users/rar9993/repos/research/fdroid_apps/native_apps/DataMonitor/NONE_TRANSFORMED_/app/src/main/res/layout/app_data_usage_loading.xml;file:/Users/rar9993/repos/research/fdroid_apps/native_apps/DataMonitor/NONE_TRANSFORMED_/app/src/main/res/layout/app_data_usage_loading.xml|line:37
UnusedResources;Lint;/Users/rar9993/repos/research/fdroid_apps/native_apps/DataMonitor/NONE_TRANSFORMED_;/Users/rar9993/repos/research/fdroid_apps/native_apps/DataMonitor/NONE_TRANSFORMED_/app/src/main/res/values/strings.xml;file:/Users/rar9993/repos/research/fdroid_apps/native_apps/DataMonitor/NONE_TRANSFORMED_/app/src/main/res/values/strings.xml|line:111
UnusedIds;Lint;/Users/rar9993/repos/research/fdroid_apps/native_apps/DataMonitor/NONE_TRANSFORMED_;/Users/rar9993/repos/research/fdroid_apps/native_apps/DataMonitor/NONE_TRANSFORMED_/app/src/main/res/drawable/main_mobile_data_usage_view_background.xml;file:/Users/rar9993/repos/research/fdroid_apps/native_apps/DataMonitor/NONE_TRANSFORMED_/app/src/main/res/drawable/main_mobile_data_usage_view_background.xml|line:4
InefficientWeight;Lint;/Users/rar9993/repos/research/fdroid_apps/native_apps/DataMonitor/NONE_TRANSFORMED_;/Users/rar9993/repos/research/fdroid_apps/native_apps/DataMonitor/NONE_TRANSFORMED_/app/src/main/res/layout/data_usage_widget.xml;file:/Users/rar9993/repos/research/fdroid_apps/native_apps/DataMonitor/NONE_TRANSFORMED_/app/src/main/res/layout/data_usage_widget.xml|line:33
UnusedResources;Lint;/Users/rar9993/repos/research/fdroid_apps/native_apps/DataMonitor/NONE_TRANSFORMED_;/Users/rar9993/repos/research/fdroid_apps/native_apps/DataMonitor/NONE_TRANSFORMED_/app/src/main/res/values-night/colors.xml;file:/Users/rar9993/repos/research/fdroid_apps/native_apps/DataMonitor/NONE_TRANSFORMED_/app/src/main/res/values-night/colors.xml|line:20
UnusedResources;Lint;/Users/rar9993/repos/research/fdroid_apps/native_apps/DataMonitor/NONE_TRANSFORMED_;/Users/rar9993/repos/research/fdroid_apps/native_apps/DataMonitor/NONE_TRANSFORMED_/app/src/main/res/values/themes.xml;file:/Users/rar9993/repos/research/fdroid_apps/native_apps/DataMonitor/NONE_TRANSFORMED_/app/src/main/res/values/themes.xml|line:36
InefficientWeight;Lint;/Users/rar9993/repos/research/fdroid_apps/native_apps/DataMonitor/NONE_TRANSFORMED_;/Users/rar9993/repos/research/fdroid_apps/native_apps/DataMonitor/NONE_TRANSFORMED_/app/src/main/res/layout/app_data_usage_loading.xml;file:/Users/rar9993/repos/research/fdroid_apps/native_apps/DataMonitor/NONE_TRANSFORMED_/app/src/main/res/layout/app_data_usage_loading.xml|line:116
InefficientWeight;Lint;/Users/rar9993/repos/research/fdroid_apps/native_apps/DataMonitor/NONE_TRANSFORMED_;/Users/rar9993/repos/research/fdroid_apps/native_apps/DataMonitor/NONE_TRANSFORMED_/app/src/main/res/layout/app_data_usage_loading.xml;file:/Users/rar9993/repos/research/fdroid_apps/native_apps/DataMonitor/NONE_TRANSFORMED_/app/src/main/res/layout/app_data_usage_loading.xml|line:50
SyntheticAccessor;Lint;/Users/rar9993/repos/research/fdroid_apps/native_apps/DataMonitor/NONE_TRANSFORMED_;/Users/rar9993/repos/research/fdroid_apps/native_apps/DataMonitor/NONE_TRANSFORMED_/app/src/main/java/com/drnoob/datamonitor/ui/fragments/SetupFragment.java;file:/Users/rar9993/repos/research/fdroid_apps/native_apps/DataMonitor/NONE_TRANSFORMED_/app/src/main/java/com/drnoob/datamonitor/ui/fragments/SetupFragment.java|line:757
RedundantNamespace;Lint;/Users/rar9993/repos/research/fdroid_apps/native_apps/DataMonitor/NONE_TRANSFORMED_;/Users/rar9993/repos/research/fdroid_apps/native_apps/DataMonitor/NONE_TRANSFORMED_/app/src/main/res/layout/app_data_usage_loading.xml;file:/Users/rar9993/repos/research/fdroid_apps/native_apps/DataMonitor/NONE_TRANSFORMED_/app/src/main/res/layout/app_data_usage_loading.xml|line:271
VectorPath;Lint;/Users/rar9993/repos/research/fdroid_apps/native_apps/DataMonitor/NONE_TRANSFORMED_;/Users/rar9993/repos/research/fdroid_apps/native_apps/DataMonitor/NONE_TRANSFORMED_/app/src/main/res/drawable/ic_widget_wifi.xml;file:/Users/rar9993/repos/research/fdroid_apps/native_apps/DataMonitor/NONE_TRANSFORMED_/app/src/main/res/drawable/ic_widget_wifi.xml|line:10
InefficientWeight;Lint;/Users/rar9993/repos/research/fdroid_apps/native_apps/DataMonitor/NONE_TRANSFORMED_;/Users/rar9993/repos/research/fdroid_apps/native_apps/DataMonitor/NONE_TRANSFORMED_/app/src/main/res/layout/app_data_usage_loading.xml;file:/Users/rar9993/repos/research/fdroid_apps/native_apps/DataMonitor/NONE_TRANSFORMED_/app/src/main/res/layout/app_data_usage_loading.xml|line:301
VectorPath;Lint;/Users/rar9993/repos/research/fdroid_apps/native_apps/DataMonitor/NONE_TRANSFORMED_;/Users/rar9993/repos/research/fdroid_apps/native_apps/DataMonitor/NONE_TRANSFORMED_/app/src/main/res/drawable/ic_donate.xml;file:/Users/rar9993/repos/research/fdroid_apps/native_apps/DataMonitor/NONE_TRANSFORMED_/app/src/main/res/drawable/ic_donate.xml|line:4
ObsoleteLayoutParam;Lint;/Users/rar9993/repos/research/fdroid_apps/native_apps/DataMonitor/NONE_TRANSFORMED_;/Users/rar9993/repos/research/fdroid_apps/native_apps/DataMonitor/NONE_TRANSFORMED_/app/src/main/res/layout/data_usage_widget.xml;file:/Users/rar9993/repos/research/fdroid_apps/native_apps/DataMonitor/NONE_TRANSFORMED_/app/src/main/res/layout/data_usage_widget.xml|line:92
UnusedIds;Lint;/Users/rar9993/repos/research/fdroid_apps/native_apps/DataMonitor/NONE_TRANSFORMED_;/Users/rar9993/repos/research/fdroid_apps/native_apps/DataMonitor/NONE_TRANSFORMED_/app/src/main/res/layout/fragment_home.xml;file:/Users/rar9993/repos/research/fdroid_apps/native_apps/DataMonitor/NONE_TRANSFORMED_/app/src/main/res/layout/fragment_home.xml|line:67
UnusedIds;Lint;/Users/rar9993/repos/research/fdroid_apps/native_apps/DataMonitor/NONE_TRANSFORMED_;/Users/rar9993/repos/research/fdroid_apps/native_apps/DataMonitor/NONE_TRANSFORMED_/app/src/main/res/layout/fragment_system_data_usage.xml;file:/Users/rar9993/repos/research/fdroid_apps/native_apps/DataMonitor/NONE_TRANSFORMED_/app/src/main/res/layout/fragment_system_data_usage.xml|line:69
SyntheticAccessor;Lint;/Users/rar9993/repos/research/fdroid_apps/native_apps/DataMonitor/NONE_TRANSFORMED_;/Users/rar9993/repos/research/fdroid_apps/native_apps/DataMonitor/NONE_TRANSFORMED_/app/src/main/java/com/drnoob/datamonitor/ui/fragments/SettingsFragment.java;file:/Users/rar9993/repos/research/fdroid_apps/native_apps/DataMonitor/NONE_TRANSFORMED_/app/src/main/java/com/drnoob/datamonitor/ui/fragments/SettingsFragment.java|line:103
SyntheticAccessor;Lint;/Users/rar9993/repos/research/fdroid_apps/native_apps/DataMonitor/NONE_TRANSFORMED_;/Users/rar9993/repos/research/fdroid_apps/native_apps/DataMonitor/NONE_TRANSFORMED_/app/src/main/java/com/drnoob/datamonitor/ui/fragments/SystemDataUsageFragment.java;file:/Users/rar9993/repos/research/fdroid_apps/native_apps/DataMonitor/NONE_TRANSFORMED_/app/src/main/java/com/drnoob/datamonitor/ui/fragments/SystemDataUsageFragment.java|line:202
SyntheticAccessor;Lint;/Users/rar9993/repos/research/fdroid_apps/native_apps/DataMonitor/NONE_TRANSFORMED_;/Users/rar9993/repos/research/fdroid_apps/native_apps/DataMonitor/NONE_TRANSFORMED_/app/src/main/java/com/drnoob/datamonitor/ui/fragments/SystemDataUsageFragment.java;file:/Users/rar9993/repos/research/fdroid_apps/native_apps/DataMonitor/NONE_TRANSFORMED_/app/src/main/java/com/drnoob/datamonitor/ui/fragments/SystemDataUsageFragment.java|line:202
SyntheticAccessor;Lint;/Users/rar9993/repos/research/fdroid_apps/native_apps/DataMonitor/NONE_TRANSFORMED_;/Users/rar9993/repos/research/fdroid_apps/native_apps/DataMonitor/NONE_TRANSFORMED_/app/src/main/java/com/drnoob/datamonitor/ui/activities/MainActivity.java;file:/Users/rar9993/repos/research/fdroid_apps/native_apps/DataMonitor/NONE_TRANSFORMED_/app/src/main/java/com/drnoob/datamonitor/ui/activities/MainActivity.java|line:608
SyntheticAccessor;Lint;/Users/rar9993/repos/research/fdroid_apps/native_apps/DataMonitor/NONE_TRANSFORMED_;/Users/rar9993/repos/research/fdroid_apps/native_apps/DataMonitor/NONE_TRANSFORMED_/app/src/main/java/com/drnoob/datamonitor/ui/fragments/SystemDataUsageFragment.java;file:/Users/rar9993/repos/research/fdroid_apps/native_apps/DataMonitor/NONE_TRANSFORMED_/app/src/main/java/com/drnoob/datamonitor/ui/fragments/SystemDataUsageFragment.java|line:202
UnusedResources;Lint;/Users/rar9993/repos/research/fdroid_apps/native_apps/DataMonitor/NONE_TRANSFORMED_;/Users/rar9993/repos/research/fdroid_apps/native_apps/DataMonitor/NONE_TRANSFORMED_/app/src/main/res/layout/preference_widget_switch_compat.xml;file:/Users/rar9993/repos/research/fdroid_apps/native_apps/DataMonitor/NONE_TRANSFORMED_/app/src/main/res/layout/preference_widget_switch_compat.xml|line:2
UnusedIds;Lint;/Users/rar9993/repos/research/fdroid_apps/native_apps/DataMonitor/NONE_TRANSFORMED_;/Users/rar9993/repos/research/fdroid_apps/native_apps/DataMonitor/NONE_TRANSFORMED_/app/src/main/res/layout/fragment_about.xml;file:/Users/rar9993/repos/research/fdroid_apps/native_apps/DataMonitor/NONE_TRANSFORMED_/app/src/main/res/layout/fragment_about.xml|line:47
UnusedResources;Lint;/Users/rar9993/repos/research/fdroid_apps/native_apps/DataMonitor/NONE_TRANSFORMED_;/Users/rar9993/repos/research/fdroid_apps/native_apps/DataMonitor/NONE_TRANSFORMED_/app/src/main/res/values-night/colors.xml;file:/Users/rar9993/repos/research/fdroid_apps/native_apps/DataMonitor/NONE_TRANSFORMED_/app/src/main/res/values-night/colors.xml|line:19
VectorPath;Lint;/Users/rar9993/repos/research/fdroid_apps/native_apps/DataMonitor/NONE_TRANSFORMED_;/Users/rar9993/repos/research/fdroid_apps/native_apps/DataMonitor/NONE_TRANSFORMED_/app/src/main/res/drawable/ic_settings.xml;file:/Users/rar9993/repos/research/fdroid_apps/native_apps/DataMonitor/NONE_TRANSFORMED_/app/src/main/res/drawable/ic_settings.xml|line:6
Overdraw;Lint;/Users/rar9993/repos/research/fdroid_apps/native_apps/DataMonitor/NONE_TRANSFORMED_;/Users/rar9993/repos/research/fdroid_apps/native_apps/DataMonitor/NONE_TRANSFORMED_/app/src/main/res/layout/app_license.xml;file:/Users/rar9993/repos/research/fdroid_apps/native_apps/DataMonitor/NONE_TRANSFORMED_/app/src/main/res/layout/app_license.xml|line:7
UnusedResources;Lint;/Users/rar9993/repos/research/fdroid_apps/native_apps/DataMonitor/NONE_TRANSFORMED_;/Users/rar9993/repos/research/fdroid_apps/native_apps/DataMonitor/NONE_TRANSFORMED_/app/src/main/res/values/colors.xml;file:/Users/rar9993/repos/research/fdroid_apps/native_apps/DataMonitor/NONE_TRANSFORMED_/app/src/main/res/values/colors.xml|line:21
SyntheticAccessor;Lint;/Users/rar9993/repos/research/fdroid_apps/native_apps/DataMonitor/NONE_TRANSFORMED_;/Users/rar9993/repos/research/fdroid_apps/native_apps/DataMonitor/NONE_TRANSFORMED_/app/src/main/java/com/drnoob/datamonitor/adapters/AppDataUsageAdapter.java;file:/Users/rar9993/repos/research/fdroid_apps/native_apps/DataMonitor/NONE_TRANSFORMED_/app/src/main/java/com/drnoob/datamonitor/adapters/AppDataUsageAdapter.java|line:101
SyntheticAccessor;Lint;/Users/rar9993/repos/research/fdroid_apps/native_apps/DataMonitor/NONE_TRANSFORMED_;/Users/rar9993/repos/research/fdroid_apps/native_apps/DataMonitor/NONE_TRANSFORMED_/app/src/main/java/com/drnoob/datamonitor/ui/activities/MainActivity.java;file:/Users/rar9993/repos/research/fdroid_apps/native_apps/DataMonitor/NONE_TRANSFORMED_/app/src/main/java/com/drnoob/datamonitor/ui/activities/MainActivity.java|line:268
SyntheticAccessor;Lint;/Users/rar9993/repos/research/fdroid_apps/native_apps/DataMonitor/NONE_TRANSFORMED_;/Users/rar9993/repos/research/fdroid_apps/native_apps/DataMonitor/NONE_TRANSFORMED_/app/src/main/java/com/drnoob/datamonitor/ui/fragments/HomeFragment.java;file:/Users/rar9993/repos/research/fdroid_apps/native_apps/DataMonitor/NONE_TRANSFORMED_/app/src/main/java/com/drnoob/datamonitor/ui/fragments/HomeFragment.java|line:417
RedundantNamespace;Lint;/Users/rar9993/repos/research/fdroid_apps/native_apps/DataMonitor/NONE_TRANSFORMED_;/Users/rar9993/repos/research/fdroid_apps/native_apps/DataMonitor/NONE_TRANSFORMED_/app/src/main/res/drawable/banner_background.xml;file:/Users/rar9993/repos/research/fdroid_apps/native_apps/DataMonitor/NONE_TRANSFORMED_/app/src/main/res/drawable/banner_background.xml|line:5
UnusedIds;Lint;/Users/rar9993/repos/research/fdroid_apps/native_apps/DataMonitor/NONE_TRANSFORMED_;/Users/rar9993/repos/research/fdroid_apps/native_apps/DataMonitor/NONE_TRANSFORMED_/app/src/main/res/layout/data_usage_widget.xml;file:/Users/rar9993/repos/research/fdroid_apps/native_apps/DataMonitor/NONE_TRANSFORMED_/app/src/main/res/layout/data_usage_widget.xml|line:136
Overdraw;Lint;/Users/rar9993/repos/research/fdroid_apps/native_apps/DataMonitor/NONE_TRANSFORMED_;/Users/rar9993/repos/research/fdroid_apps/native_apps/DataMonitor/NONE_TRANSFORMED_/app/src/main/res/layout/activity_main.xml;file:/Users/rar9993/repos/research/fdroid_apps/native_apps/DataMonitor/NONE_TRANSFORMED_/app/src/main/res/layout/activity_main.xml|line:8
StaticFieldLeak;Lint;/Users/rar9993/repos/research/fdroid_apps/native_apps/DataMonitor/NONE_TRANSFORMED_;/Users/rar9993/repos/research/fdroid_apps/native_apps/DataMonitor/NONE_TRANSFORMED_/app/src/main/java/com/drnoob/datamonitor/ui/activities/MainActivity.java;file:/Users/rar9993/repos/research/fdroid_apps/native_apps/DataMonitor/NONE_TRANSFORMED_/app/src/main/java/com/drnoob/datamonitor/ui/activities/MainActivity.java|line:260
RedundantNamespace;Lint;/Users/rar9993/repos/research/fdroid_apps/native_apps/DataMonitor/NONE_TRANSFORMED_;/Users/rar9993/repos/research/fdroid_apps/native_apps/DataMonitor/NONE_TRANSFORMED_/app/src/main/res/layout/app_data_usage_loading.xml;file:/Users/rar9993/repos/research/fdroid_apps/native_apps/DataMonitor/NONE_TRANSFORMED_/app/src/main/res/layout/app_data_usage_loading.xml|line:535
RedundantNamespace;Lint;/Users/rar9993/repos/research/fdroid_apps/native_apps/DataMonitor/NONE_TRANSFORMED_;/Users/rar9993/repos/research/fdroid_apps/native_apps/DataMonitor/NONE_TRANSFORMED_/app/src/main/res/layout/app_data_usage_loading.xml;file:/Users/rar9993/repos/research/fdroid_apps/native_apps/DataMonitor/NONE_TRANSFORMED_/app/src/main/res/layout/app_data_usage_loading.xml|line:403
UnusedIds;Lint;/Users/rar9993/repos/research/fdroid_apps/native_apps/DataMonitor/NONE_TRANSFORMED_;/Users/rar9993/repos/research/fdroid_apps/native_apps/DataMonitor/NONE_TRANSFORMED_/app/src/main/res/drawable/main_wifi_data_usage_view_background.xml;file:/Users/rar9993/repos/research/fdroid_apps/native_apps/DataMonitor/NONE_TRANSFORMED_/app/src/main/res/drawable/main_wifi_data_usage_view_background.xml|line:4
SyntheticAccessor;Lint;/Users/rar9993/repos/research/fdroid_apps/native_apps/DataMonitor/NONE_TRANSFORMED_;/Users/rar9993/repos/research/fdroid_apps/native_apps/DataMonitor/NONE_TRANSFORMED_/app/src/main/java/com/drnoob/datamonitor/ui/fragments/SetupFragment.java;file:/Users/rar9993/repos/research/fdroid_apps/native_apps/DataMonitor/NONE_TRANSFORMED_/app/src/main/java/com/drnoob/datamonitor/ui/fragments/SetupFragment.java|line:458
DisableBaselineAlignment;Lint;/Users/rar9993/repos/research/fdroid_apps/native_apps/DataMonitor/NONE_TRANSFORMED_;/Users/rar9993/repos/research/fdroid_apps/native_apps/DataMonitor/NONE_TRANSFORMED_/app/src/main/res/layout/fragment_home.xml;file:/Users/rar9993/repos/research/fdroid_apps/native_apps/DataMonitor/NONE_TRANSFORMED_/app/src/main/res/layout/fragment_home.xml|line:28
UnusedResources;Lint;/Users/rar9993/repos/research/fdroid_apps/native_apps/DataMonitor/NONE_TRANSFORMED_;/Users/rar9993/repos/research/fdroid_apps/native_apps/DataMonitor/NONE_TRANSFORMED_/app/src/main/res/values/strings.xml;file:/Users/rar9993/repos/research/fdroid_apps/native_apps/DataMonitor/NONE_TRANSFORMED_/app/src/main/res/values/strings.xml|line:19
DisableBaselineAlignment;Lint;/Users/rar9993/repos/research/fdroid_apps/native_apps/DataMonitor/NONE_TRANSFORMED_;/Users/rar9993/repos/research/fdroid_apps/native_apps/DataMonitor/NONE_TRANSFORMED_/app/src/main/res/layout/app_detail_view.xml;file:/Users/rar9993/repos/research/fdroid_apps/native_apps/DataMonitor/NONE_TRANSFORMED_/app/src/main/res/layout/app_detail_view.xml|line:52
UnusedResources;Lint;/Users/rar9993/repos/research/fdroid_apps/native_apps/DataMonitor/NONE_TRANSFORMED_;/Users/rar9993/repos/research/fdroid_apps/native_apps/DataMonitor/NONE_TRANSFORMED_/app/src/main/res/drawable/switch_track.xml;file:/Users/rar9993/repos/research/fdroid_apps/native_apps/DataMonitor/NONE_TRANSFORMED_/app/src/main/res/drawable/switch_track.xml|line:2
UnusedIds;Lint;/Users/rar9993/repos/research/fdroid_apps/native_apps/DataMonitor/NONE_TRANSFORMED_;/Users/rar9993/repos/research/fdroid_apps/native_apps/DataMonitor/NONE_TRANSFORMED_/app/src/main/res/layout/data_usage_widget.xml;file:/Users/rar9993/repos/research/fdroid_apps/native_apps/DataMonitor/NONE_TRANSFORMED_/app/src/main/res/layout/data_usage_widget.xml|line:19
SyntheticAccessor;Lint;/Users/rar9993/repos/research/fdroid_apps/native_apps/DataMonitor/NONE_TRANSFORMED_;/Users/rar9993/repos/research/fdroid_apps/native_apps/DataMonitor/NONE_TRANSFORMED_/app/src/main/java/com/drnoob/datamonitor/ui/fragments/SetupFragment.java;file:/Users/rar9993/repos/research/fdroid_apps/native_apps/DataMonitor/NONE_TRANSFORMED_/app/src/main/java/com/drnoob/datamonitor/ui/fragments/SetupFragment.java|line:321
InefficientWeight;Lint;/Users/rar9993/repos/research/fdroid_apps/native_apps/DataMonitor/NONE_TRANSFORMED_;/Users/rar9993/repos/research/fdroid_apps/native_apps/DataMonitor/NONE_TRANSFORMED_/app/src/main/res/layout/app_data_usage_loading.xml;file:/Users/rar9993/repos/research/fdroid_apps/native_apps/DataMonitor/NONE_TRANSFORMED_/app/src/main/res/layout/app_data_usage_loading.xml|line:248
SyntheticAccessor;Lint;/Users/rar9993/repos/research/fdroid_apps/native_apps/DataMonitor/NONE_TRANSFORMED_;/Users/rar9993/repos/research/fdroid_apps/native_apps/DataMonitor/NONE_TRANSFORMED_/app/src/main/java/com/drnoob/datamonitor/ui/fragments/SetupFragment.java;file:/Users/rar9993/repos/research/fdroid_apps/native_apps/DataMonitor/NONE_TRANSFORMED_/app/src/main/java/com/drnoob/datamonitor/ui/fragments/SetupFragment.java|line:443
SyntheticAccessor;Lint;/Users/rar9993/repos/research/fdroid_apps/native_apps/DataMonitor/NONE_TRANSFORMED_;/Users/rar9993/repos/research/fdroid_apps/native_apps/DataMonitor/NONE_TRANSFORMED_/app/src/main/java/com/drnoob/datamonitor/ui/fragments/SystemDataUsageFragment.java;file:/Users/rar9993/repos/research/fdroid_apps/native_apps/DataMonitor/NONE_TRANSFORMED_/app/src/main/java/com/drnoob/datamonitor/ui/fragments/SystemDataUsageFragment.java|line:401
SyntheticAccessor;Lint;/Users/rar9993/repos/research/fdroid_apps/native_apps/DataMonitor/NONE_TRANSFORMED_;/Users/rar9993/repos/research/fdroid_apps/native_apps/DataMonitor/NONE_TRANSFORMED_/app/src/main/java/com/drnoob/datamonitor/ui/fragments/SetupFragment.java;file:/Users/rar9993/repos/research/fdroid_apps/native_apps/DataMonitor/NONE_TRANSFORMED_/app/src/main/java/com/drnoob/datamonitor/ui/fragments/SetupFragment.java|line:556
SyntheticAccessor;Lint;/Users/rar9993/repos/research/fdroid_apps/native_apps/DataMonitor/NONE_TRANSFORMED_;/Users/rar9993/repos/research/fdroid_apps/native_apps/DataMonitor/NONE_TRANSFORMED_/app/src/main/java/com/drnoob/datamonitor/ui/fragments/HomeFragment.java;file:/Users/rar9993/repos/research/fdroid_apps/native_apps/DataMonitor/NONE_TRANSFORMED_/app/src/main/java/com/drnoob/datamonitor/ui/fragments/HomeFragment.java|line:176
UnusedIds;Lint;/Users/rar9993/repos/research/fdroid_apps/native_apps/DataMonitor/NONE_TRANSFORMED_;/Users/rar9993/repos/research/fdroid_apps/native_apps/DataMonitor/NONE_TRANSFORMED_/app/src/main/res/layout/layout_add_data_plan.xml;file:/Users/rar9993/repos/research/fdroid_apps/native_apps/DataMonitor/NONE_TRANSFORMED_/app/src/main/res/layout/layout_add_data_plan.xml|line:122
LogConditional;Lint;/Users/rar9993/repos/research/fdroid_apps/native_apps/DataMonitor/NONE_TRANSFORMED_;/Users/rar9993/repos/research/fdroid_apps/native_apps/DataMonitor/NONE_TRANSFORMED_/app/src/main/java/com/drnoob/datamonitor/utils/DataUsageMonitor.java;file:/Users/rar9993/repos/research/fdroid_apps/native_apps/DataMonitor/NONE_TRANSFORMED_/app/src/main/java/com/drnoob/datamonitor/utils/DataUsageMonitor.java|line:136
SyntheticAccessor;Lint;/Users/rar9993/repos/research/fdroid_apps/native_apps/DataMonitor/NONE_TRANSFORMED_;/Users/rar9993/repos/research/fdroid_apps/native_apps/DataMonitor/NONE_TRANSFORMED_/app/src/main/java/com/drnoob/datamonitor/ui/fragments/AppDataUsageFragment.java;file:/Users/rar9993/repos/research/fdroid_apps/native_apps/DataMonitor/NONE_TRANSFORMED_/app/src/main/java/com/drnoob/datamonitor/ui/fragments/AppDataUsageFragment.java|line:255
UnusedResources;Lint;/Users/rar9993/repos/research/fdroid_apps/native_apps/DataMonitor/NONE_TRANSFORMED_;/Users/rar9993/repos/research/fdroid_apps/native_apps/DataMonitor/NONE_TRANSFORMED_/app/src/main/res/values/strings.xml;file:/Users/rar9993/repos/research/fdroid_apps/native_apps/DataMonitor/NONE_TRANSFORMED_/app/src/main/res/values/strings.xml|line:8
SyntheticAccessor;Lint;/Users/rar9993/repos/research/fdroid_apps/native_apps/DataMonitor/NONE_TRANSFORMED_;/Users/rar9993/repos/research/fdroid_apps/native_apps/DataMonitor/NONE_TRANSFORMED_/app/src/main/java/com/drnoob/datamonitor/ui/fragments/DonateFragment.java;file:/Users/rar9993/repos/research/fdroid_apps/native_apps/DataMonitor/NONE_TRANSFORMED_/app/src/main/java/com/drnoob/datamonitor/ui/fragments/DonateFragment.java|line:127
SyntheticAccessor;Lint;/Users/rar9993/repos/research/fdroid_apps/native_apps/DataMonitor/NONE_TRANSFORMED_;/Users/rar9993/repos/research/fdroid_apps/native_apps/DataMonitor/NONE_TRANSFORMED_/app/src/main/java/com/drnoob/datamonitor/ui/fragments/SetupFragment.java;file:/Users/rar9993/repos/research/fdroid_apps/native_apps/DataMonitor/NONE_TRANSFORMED_/app/src/main/java/com/drnoob/datamonitor/ui/fragments/SetupFragment.java|line:514
UnusedIds;Lint;/Users/rar9993/repos/research/fdroid_apps/native_apps/DataMonitor/NONE_TRANSFORMED_;/Users/rar9993/repos/research/fdroid_apps/native_apps/DataMonitor/NONE_TRANSFORMED_/app/src/main/res/layout/fragment_disable_battery_optimisation.xml;file:/Users/rar9993/repos/research/fdroid_apps/native_apps/DataMonitor/NONE_TRANSFORMED_/app/src/main/res/layout/fragment_disable_battery_optimisation.xml|line:115
RedundantNamespace;Lint;/Users/rar9993/repos/research/fdroid_apps/native_apps/DataMonitor/NONE_TRANSFORMED_;/Users/rar9993/repos/research/fdroid_apps/native_apps/DataMonitor/NONE_TRANSFORMED_/app/src/main/res/layout/app_data_usage_loading.xml;file:/Users/rar9993/repos/research/fdroid_apps/native_apps/DataMonitor/NONE_TRANSFORMED_/app/src/main/res/layout/app_data_usage_loading.xml|line:337
SyntheticAccessor;Lint;/Users/rar9993/repos/research/fdroid_apps/native_apps/DataMonitor/NONE_TRANSFORMED_;/Users/rar9993/repos/research/fdroid_apps/native_apps/DataMonitor/NONE_TRANSFORMED_/app/src/main/java/com/drnoob/datamonitor/ui/fragments/HomeFragment.java;file:/Users/rar9993/repos/research/fdroid_apps/native_apps/DataMonitor/NONE_TRANSFORMED_/app/src/main/java/com/drnoob/datamonitor/ui/fragments/HomeFragment.java|line:469
SyntheticAccessor;Lint;/Users/rar9993/repos/research/fdroid_apps/native_apps/DataMonitor/NONE_TRANSFORMED_;/Users/rar9993/repos/research/fdroid_apps/native_apps/DataMonitor/NONE_TRANSFORMED_/app/src/main/java/com/drnoob/datamonitor/ui/fragments/HomeFragment.java;file:/Users/rar9993/repos/research/fdroid_apps/native_apps/DataMonitor/NONE_TRANSFORMED_/app/src/main/java/com/drnoob/datamonitor/ui/fragments/HomeFragment.java|line:469
SyntheticAccessor;Lint;/Users/rar9993/repos/research/fdroid_apps/native_apps/DataMonitor/NONE_TRANSFORMED_;/Users/rar9993/repos/research/fdroid_apps/native_apps/DataMonitor/NONE_TRANSFORMED_/app/src/main/java/com/drnoob/datamonitor/ui/fragments/HomeFragment.java;file:/Users/rar9993/repos/research/fdroid_apps/native_apps/DataMonitor/NONE_TRANSFORMED_/app/src/main/java/com/drnoob/datamonitor/ui/fragments/HomeFragment.java|line:168
SyntheticAccessor;Lint;/Users/rar9993/repos/research/fdroid_apps/native_apps/DataMonitor/NONE_TRANSFORMED_;/Users/rar9993/repos/research/fdroid_apps/native_apps/DataMonitor/NONE_TRANSFORMED_/app/src/main/java/com/drnoob/datamonitor/ui/fragments/SystemDataUsageFragment.java;file:/Users/rar9993/repos/research/fdroid_apps/native_apps/DataMonitor/NONE_TRANSFORMED_/app/src/main/java/com/drnoob/datamonitor/ui/fragments/SystemDataUsageFragment.java|line:409
UnusedResources;Lint;/Users/rar9993/repos/research/fdroid_apps/native_apps/DataMonitor/NONE_TRANSFORMED_;/Users/rar9993/repos/research/fdroid_apps/native_apps/DataMonitor/NONE_TRANSFORMED_/app/src/main/res/drawable/icon.png;file:/Users/rar9993/repos/research/fdroid_apps/native_apps/DataMonitor/NONE_TRANSFORMED_/app/src/main/res/drawable/icon.png
SyntheticAccessor;Lint;/Users/rar9993/repos/research/fdroid_apps/native_apps/DataMonitor/NONE_TRANSFORMED_;/Users/rar9993/repos/research/fdroid_apps/native_apps/DataMonitor/NONE_TRANSFORMED_/app/src/main/java/com/drnoob/datamonitor/ui/fragments/SetupFragment.java;file:/Users/rar9993/repos/research/fdroid_apps/native_apps/DataMonitor/NONE_TRANSFORMED_/app/src/main/java/com/drnoob/datamonitor/ui/fragments/SetupFragment.java|line:541
SyntheticAccessor;Lint;/Users/rar9993/repos/research/fdroid_apps/native_apps/DataMonitor/NONE_TRANSFORMED_;/Users/rar9993/repos/research/fdroid_apps/native_apps/DataMonitor/NONE_TRANSFORMED_/app/src/main/java/com/drnoob/datamonitor/ui/fragments/SetupFragment.java;file:/Users/rar9993/repos/research/fdroid_apps/native_apps/DataMonitor/NONE_TRANSFORMED_/app/src/main/java/com/drnoob/datamonitor/ui/fragments/SetupFragment.java|line:503
VectorPath;Lint;/Users/rar9993/repos/research/fdroid_apps/native_apps/DataMonitor/NONE_TRANSFORMED_;/Users/rar9993/repos/research/fdroid_apps/native_apps/DataMonitor/NONE_TRANSFORMED_/app/src/main/res/drawable/ic_bitcoin.xml;file:/Users/rar9993/repos/research/fdroid_apps/native_apps/DataMonitor/NONE_TRANSFORMED_/app/src/main/res/drawable/ic_bitcoin.xml|line:4
SyntheticAccessor;Lint;/Users/rar9993/repos/research/fdroid_apps/native_apps/DataMonitor/NONE_TRANSFORMED_;/Users/rar9993/repos/research/fdroid_apps/native_apps/DataMonitor/NONE_TRANSFORMED_/app/src/main/java/com/drnoob/datamonitor/adapters/AppDataUsageAdapter.java;file:/Users/rar9993/repos/research/fdroid_apps/native_apps/DataMonitor/NONE_TRANSFORMED_/app/src/main/java/com/drnoob/datamonitor/adapters/AppDataUsageAdapter.java|line:115
UnusedResources;Lint;/Users/rar9993/repos/research/fdroid_apps/native_apps/DataMonitor/NONE_TRANSFORMED_;/Users/rar9993/repos/research/fdroid_apps/native_apps/DataMonitor/NONE_TRANSFORMED_/app/src/main/res/values/colors.xml;file:/Users/rar9993/repos/research/fdroid_apps/native_apps/DataMonitor/NONE_TRANSFORMED_/app/src/main/res/values/colors.xml|line:20
SyntheticAccessor;Lint;/Users/rar9993/repos/research/fdroid_apps/native_apps/DataMonitor/NONE_TRANSFORMED_;/Users/rar9993/repos/research/fdroid_apps/native_apps/DataMonitor/NONE_TRANSFORMED_/app/src/main/java/com/drnoob/datamonitor/ui/fragments/HomeFragment.java;file:/Users/rar9993/repos/research/fdroid_apps/native_apps/DataMonitor/NONE_TRANSFORMED_/app/src/main/java/com/drnoob/datamonitor/ui/fragments/HomeFragment.java|line:236
Overdraw;Lint;/Users/rar9993/repos/research/fdroid_apps/native_apps/DataMonitor/NONE_TRANSFORMED_;/Users/rar9993/repos/research/fdroid_apps/native_apps/DataMonitor/NONE_TRANSFORMED_/app/src/main/res/layout/fragment_disable_battery_optimisation.xml;file:/Users/rar9993/repos/research/fdroid_apps/native_apps/DataMonitor/NONE_TRANSFORMED_/app/src/main/res/layout/fragment_disable_battery_optimisation.xml|line:6
ObsoleteLayoutParam;Lint;/Users/rar9993/repos/research/fdroid_apps/native_apps/DataMonitor/NONE_TRANSFORMED_;/Users/rar9993/repos/research/fdroid_apps/native_apps/DataMonitor/NONE_TRANSFORMED_/app/src/main/res/layout/data_usage_widget.xml;file:/Users/rar9993/repos/research/fdroid_apps/native_apps/DataMonitor/NONE_TRANSFORMED_/app/src/main/res/layout/data_usage_widget.xml|line:143
SyntheticAccessor;Lint;/Users/rar9993/repos/research/fdroid_apps/native_apps/DataMonitor/NONE_TRANSFORMED_;/Users/rar9993/repos/research/fdroid_apps/native_apps/DataMonitor/NONE_TRANSFORMED_/app/src/main/java/com/drnoob/datamonitor/ui/fragments/SetupFragment.java;file:/Users/rar9993/repos/research/fdroid_apps/native_apps/DataMonitor/NONE_TRANSFORMED_/app/src/main/java/com/drnoob/datamonitor/ui/fragments/SetupFragment.java|line:537
InefficientWeight;Lint;/Users/rar9993/repos/research/fdroid_apps/native_apps/DataMonitor/NONE_TRANSFORMED_;/Users/rar9993/repos/research/fdroid_apps/native_apps/DataMonitor/NONE_TRANSFORMED_/app/src/main/res/layout/app_data_usage_loading.xml;file:/Users/rar9993/repos/research/fdroid_apps/native_apps/DataMonitor/NONE_TRANSFORMED_/app/src/main/res/layout/app_data_usage_loading.xml|line:103
StaticFieldLeak;Lint;/Users/rar9993/repos/research/fdroid_apps/native_apps/DataMonitor/NONE_TRANSFORMED_;/Users/rar9993/repos/research/fdroid_apps/native_apps/DataMonitor/NONE_TRANSFORMED_/app/src/main/java/com/drnoob/datamonitor/ui/fragments/HomeFragment.java;file:/Users/rar9993/repos/research/fdroid_apps/native_apps/DataMonitor/NONE_TRANSFORMED_/app/src/main/java/com/drnoob/datamonitor/ui/fragments/HomeFragment.java|line:99
Overdraw;Lint;/Users/rar9993/repos/research/fdroid_apps/native_apps/DataMonitor/NONE_TRANSFORMED_;/Users/rar9993/repos/research/fdroid_apps/native_apps/DataMonitor/NONE_TRANSFORMED_/app/src/main/res/layout/fragment_setup.xml;file:/Users/rar9993/repos/research/fdroid_apps/native_apps/DataMonitor/NONE_TRANSFORMED_/app/src/main/res/layout/fragment_setup.xml|line:7
SyntheticAccessor;Lint;/Users/rar9993/repos/research/fdroid_apps/native_apps/DataMonitor/NONE_TRANSFORMED_;/Users/rar9993/repos/research/fdroid_apps/native_apps/DataMonitor/NONE_TRANSFORMED_/app/src/main/java/com/drnoob/datamonitor/ui/fragments/AppDataUsageFragment.java;file:/Users/rar9993/repos/research/fdroid_apps/native_apps/DataMonitor/NONE_TRANSFORMED_/app/src/main/java/com/drnoob/datamonitor/ui/fragments/AppDataUsageFragment.java|line:198
SyntheticAccessor;Lint;/Users/rar9993/repos/research/fdroid_apps/native_apps/DataMonitor/NONE_TRANSFORMED_;/Users/rar9993/repos/research/fdroid_apps/native_apps/DataMonitor/NONE_TRANSFORMED_/app/src/main/java/com/drnoob/datamonitor/ui/fragments/SettingsFragment.java;file:/Users/rar9993/repos/research/fdroid_apps/native_apps/DataMonitor/NONE_TRANSFORMED_/app/src/main/java/com/drnoob/datamonitor/ui/fragments/SettingsFragment.java|line:106
UnusedIds;Lint;/Users/rar9993/repos/research/fdroid_apps/native_apps/DataMonitor/NONE_TRANSFORMED_;/Users/rar9993/repos/research/fdroid_apps/native_apps/DataMonitor/NONE_TRANSFORMED_/app/src/main/res/layout/fragment_app_data_usage.xml;file:/Users/rar9993/repos/research/fdroid_apps/native_apps/DataMonitor/NONE_TRANSFORMED_/app/src/main/res/layout/fragment_app_data_usage.xml|line:69
SyntheticAccessor;Lint;/Users/rar9993/repos/research/fdroid_apps/native_apps/DataMonitor/NONE_TRANSFORMED_;/Users/rar9993/repos/research/fdroid_apps/native_apps/DataMonitor/NONE_TRANSFORMED_/app/src/main/java/com/drnoob/datamonitor/utils/DataUsageMonitor.java;file:/Users/rar9993/repos/research/fdroid_apps/native_apps/DataMonitor/NONE_TRANSFORMED_/app/src/main/java/com/drnoob/datamonitor/utils/DataUsageMonitor.java|line:138
UnusedIds;Lint;/Users/rar9993/repos/research/fdroid_apps/native_apps/DataMonitor/NONE_TRANSFORMED_;/Users/rar9993/repos/research/fdroid_apps/native_apps/DataMonitor/NONE_TRANSFORMED_/app/src/main/res/layout/fragment_about.xml;file:/Users/rar9993/repos/research/fdroid_apps/native_apps/DataMonitor/NONE_TRANSFORMED_/app/src/main/res/layout/fragment_about.xml|line:33
VectorPath;Lint;/Users/rar9993/repos/research/fdroid_apps/native_apps/DataMonitor/NONE_TRANSFORMED_;/Users/rar9993/repos/research/fdroid_apps/native_apps/DataMonitor/NONE_TRANSFORMED_/app/src/main/res/drawable/ic_contributors.xml;file:/Users/rar9993/repos/research/fdroid_apps/native_apps/DataMonitor/NONE_TRANSFORMED_/app/src/main/res/drawable/ic_contributors.xml|line:7
UseCompoundDrawables;Lint;/Users/rar9993/repos/research/fdroid_apps/native_apps/DataMonitor/NONE_TRANSFORMED_;/Users/rar9993/repos/research/fdroid_apps/native_apps/DataMonitor/NONE_TRANSFORMED_/app/src/main/res/layout/fragment_home.xml;file:/Users/rar9993/repos/research/fdroid_apps/native_apps/DataMonitor/NONE_TRANSFORMED_/app/src/main/res/layout/fragment_home.xml|line:55
ObsoleteLayoutParam;Lint;/Users/rar9993/repos/research/fdroid_apps/native_apps/DataMonitor/NONE_TRANSFORMED_;/Users/rar9993/repos/research/fdroid_apps/native_apps/DataMonitor/NONE_TRANSFORMED_/app/src/main/res/layout/data_usage_widget.xml;file:/Users/rar9993/repos/research/fdroid_apps/native_apps/DataMonitor/NONE_TRANSFORMED_/app/src/main/res/layout/data_usage_widget.xml|line:71
SyntheticAccessor;Lint;/Users/rar9993/repos/research/fdroid_apps/native_apps/DataMonitor/NONE_TRANSFORMED_;/Users/rar9993/repos/research/fdroid_apps/native_apps/DataMonitor/NONE_TRANSFORMED_/app/src/main/java/com/drnoob/datamonitor/ui/fragments/SetupFragment.java;file:/Users/rar9993/repos/research/fdroid_apps/native_apps/DataMonitor/NONE_TRANSFORMED_/app/src/main/java/com/drnoob/datamonitor/ui/fragments/SetupFragment.java|line:421
VectorPath;Lint;/Users/rar9993/repos/research/fdroid_apps/native_apps/DataMonitor/NONE_TRANSFORMED_;/Users/rar9993/repos/research/fdroid_apps/native_apps/DataMonitor/NONE_TRANSFORMED_/app/src/main/res/drawable/ic_license.xml;file:/Users/rar9993/repos/research/fdroid_apps/native_apps/DataMonitor/NONE_TRANSFORMED_/app/src/main/res/drawable/ic_license.xml|line:15
SyntheticAccessor;Lint;/Users/rar9993/repos/research/fdroid_apps/native_apps/DataMonitor/NONE_TRANSFORMED_;/Users/rar9993/repos/research/fdroid_apps/native_apps/DataMonitor/NONE_TRANSFORMED_/app/src/main/java/com/drnoob/datamonitor/ui/fragments/SystemDataUsageFragment.java;file:/Users/rar9993/repos/research/fdroid_apps/native_apps/DataMonitor/NONE_TRANSFORMED_/app/src/main/java/com/drnoob/datamonitor/ui/fragments/SystemDataUsageFragment.java|line:381
LogConditional;Lint;/Users/rar9993/repos/research/fdroid_apps/native_apps/DataMonitor/NONE_TRANSFORMED_;/Users/rar9993/repos/research/fdroid_apps/native_apps/DataMonitor/NONE_TRANSFORMED_/app/src/main/java/com/drnoob/datamonitor/utils/DataUsageMonitor.java;file:/Users/rar9993/repos/research/fdroid_apps/native_apps/DataMonitor/NONE_TRANSFORMED_/app/src/main/java/com/drnoob/datamonitor/utils/DataUsageMonitor.java|line:245
SyntheticAccessor;Lint;/Users/rar9993/repos/research/fdroid_apps/native_apps/DataMonitor/NONE_TRANSFORMED_;/Users/rar9993/repos/research/fdroid_apps/native_apps/DataMonitor/NONE_TRANSFORMED_/app/src/main/java/com/drnoob/datamonitor/ui/fragments/SetupFragment.java;file:/Users/rar9993/repos/research/fdroid_apps/native_apps/DataMonitor/NONE_TRANSFORMED_/app/src/main/java/com/drnoob/datamonitor/ui/fragments/SetupFragment.java|line:551
InefficientWeight;Lint;/Users/rar9993/repos/research/fdroid_apps/native_apps/DataMonitor/NONE_TRANSFORMED_;/Users/rar9993/repos/research/fdroid_apps/native_apps/DataMonitor/NONE_TRANSFORMED_/app/src/main/res/layout/layout_widget_setup.xml;file:/Users/rar9993/repos/research/fdroid_apps/native_apps/DataMonitor/NONE_TRANSFORMED_/app/src/main/res/layout/layout_widget_setup.xml|line:76
LogConditional;Lint;/Users/rar9993/repos/research/fdroid_apps/native_apps/DataMonitor/NONE_TRANSFORMED_;/Users/rar9993/repos/research/fdroid_apps/native_apps/DataMonitor/NONE_TRANSFORMED_/app/src/main/java/com/drnoob/datamonitor/ui/fragments/AppDataUsageFragment.java;file:/Users/rar9993/repos/research/fdroid_apps/native_apps/DataMonitor/NONE_TRANSFORMED_/app/src/main/java/com/drnoob/datamonitor/ui/fragments/AppDataUsageFragment.java|line:313
UnusedIds;Lint;/Users/rar9993/repos/research/fdroid_apps/native_apps/DataMonitor/NONE_TRANSFORMED_;/Users/rar9993/repos/research/fdroid_apps/native_apps/DataMonitor/NONE_TRANSFORMED_/app/src/main/res/layout/fragment_home.xml;file:/Users/rar9993/repos/research/fdroid_apps/native_apps/DataMonitor/NONE_TRANSFORMED_/app/src/main/res/layout/fragment_home.xml|line:292
SyntheticAccessor;Lint;/Users/rar9993/repos/research/fdroid_apps/native_apps/DataMonitor/NONE_TRANSFORMED_;/Users/rar9993/repos/research/fdroid_apps/native_apps/DataMonitor/NONE_TRANSFORMED_/app/src/main/java/com/drnoob/datamonitor/ui/fragments/SetupFragment.java;file:/Users/rar9993/repos/research/fdroid_apps/native_apps/DataMonitor/NONE_TRANSFORMED_/app/src/main/java/com/drnoob/datamonitor/ui/fragments/SetupFragment.java|line:499
SyntheticAccessor;Lint;/Users/rar9993/repos/research/fdroid_apps/native_apps/DataMonitor/NONE_TRANSFORMED_;/Users/rar9993/repos/research/fdroid_apps/native_apps/DataMonitor/NONE_TRANSFORMED_/app/src/main/java/com/drnoob/datamonitor/ui/fragments/SetupFragment.java;file:/Users/rar9993/repos/research/fdroid_apps/native_apps/DataMonitor/NONE_TRANSFORMED_/app/src/main/java/com/drnoob/datamonitor/ui/fragments/SetupFragment.java|line:417
Overdraw;Lint;/Users/rar9993/repos/research/fdroid_apps/native_apps/DataMonitor/NONE_TRANSFORMED_;/Users/rar9993/repos/research/fdroid_apps/native_apps/DataMonitor/NONE_TRANSFORMED_/app/src/main/res/layout/fragment_about.xml;file:/Users/rar9993/repos/research/fdroid_apps/native_apps/DataMonitor/NONE_TRANSFORMED_/app/src/main/res/layout/fragment_about.xml|line:7
SyntheticAccessor;Lint;/Users/rar9993/repos/research/fdroid_apps/native_apps/DataMonitor/NONE_TRANSFORMED_;/Users/rar9993/repos/research/fdroid_apps/native_apps/DataMonitor/NONE_TRANSFORMED_/app/src/main/java/com/drnoob/datamonitor/ui/fragments/SetupFragment.java;file:/Users/rar9993/repos/research/fdroid_apps/native_apps/DataMonitor/NONE_TRANSFORMED_/app/src/main/java/com/drnoob/datamonitor/ui/fragments/SetupFragment.java|line:463
UnusedIds;Lint;/Users/rar9993/repos/research/fdroid_apps/native_apps/DataMonitor/NONE_TRANSFORMED_;/Users/rar9993/repos/research/fdroid_apps/native_apps/DataMonitor/NONE_TRANSFORMED_/app/src/main/res/layout/data_usage_widget.xml;file:/Users/rar9993/repos/research/fdroid_apps/native_apps/DataMonitor/NONE_TRANSFORMED_/app/src/main/res/layout/data_usage_widget.xml|line:68
StaticFieldLeak;Lint;/Users/rar9993/repos/research/fdroid_apps/native_apps/DataMonitor/NONE_TRANSFORMED_;/Users/rar9993/repos/research/fdroid_apps/native_apps/DataMonitor/NONE_TRANSFORMED_/app/src/main/java/com/drnoob/datamonitor/ui/fragments/SystemDataUsageFragment.java;file:/Users/rar9993/repos/research/fdroid_apps/native_apps/DataMonitor/NONE_TRANSFORMED_/app/src/main/java/com/drnoob/datamonitor/ui/fragments/SystemDataUsageFragment.java|line:65
SyntheticAccessor;Lint;/Users/rar9993/repos/research/fdroid_apps/native_apps/DataMonitor/NONE_TRANSFORMED_;/Users/rar9993/repos/research/fdroid_apps/native_apps/DataMonitor/NONE_TRANSFORMED_/app/src/main/java/com/drnoob/datamonitor/ui/fragments/SetupFragment.java;file:/Users/rar9993/repos/research/fdroid_apps/native_apps/DataMonitor/NONE_TRANSFORMED_/app/src/main/java/com/drnoob/datamonitor/ui/fragments/SetupFragment.java|line:888
VectorPath;Lint;/Users/rar9993/repos/research/fdroid_apps/native_apps/DataMonitor/NONE_TRANSFORMED_;/Users/rar9993/repos/research/fdroid_apps/native_apps/DataMonitor/NONE_TRANSFORMED_/app/src/main/res/drawable/ic_contributors.xml;file:/Users/rar9993/repos/research/fdroid_apps/native_apps/DataMonitor/NONE_TRANSFORMED_/app/src/main/res/drawable/ic_contributors.xml|line:3
SyntheticAccessor;Lint;/Users/rar9993/repos/research/fdroid_apps/native_apps/DataMonitor/NONE_TRANSFORMED_;/Users/rar9993/repos/research/fdroid_apps/native_apps/DataMonitor/NONE_TRANSFORMED_/app/src/main/java/com/drnoob/datamonitor/ui/fragments/SetupFragment.java;file:/Users/rar9993/repos/research/fdroid_apps/native_apps/DataMonitor/NONE_TRANSFORMED_/app/src/main/java/com/drnoob/datamonitor/ui/fragments/SetupFragment.java|line:919
SyntheticAccessor;Lint;/Users/rar9993/repos/research/fdroid_apps/native_apps/DataMonitor/NONE_TRANSFORMED_;/Users/rar9993/repos/research/fdroid_apps/native_apps/DataMonitor/NONE_TRANSFORMED_/app/src/main/java/com/drnoob/datamonitor/ui/fragments/SystemDataUsageFragment.java;file:/Users/rar9993/repos/research/fdroid_apps/native_apps/DataMonitor/NONE_TRANSFORMED_/app/src/main/java/com/drnoob/datamonitor/ui/fragments/SystemDataUsageFragment.java|line:138
RedundantNamespace;Lint;/Users/rar9993/repos/research/fdroid_apps/native_apps/DataMonitor/NONE_TRANSFORMED_;/Users/rar9993/repos/research/fdroid_apps/native_apps/DataMonitor/NONE_TRANSFORMED_/app/src/main/res/layout/app_data_usage_loading.xml;file:/Users/rar9993/repos/research/fdroid_apps/native_apps/DataMonitor/NONE_TRANSFORMED_/app/src/main/res/layout/app_data_usage_loading.xml|line:73
UnusedResources;Lint;/Users/rar9993/repos/research/fdroid_apps/native_apps/DataMonitor/NONE_TRANSFORMED_;/Users/rar9993/repos/research/fdroid_apps/native_apps/DataMonitor/NONE_TRANSFORMED_/app/src/main/res/values-night/colors.xml;file:/Users/rar9993/repos/research/fdroid_apps/native_apps/DataMonitor/NONE_TRANSFORMED_/app/src/main/res/values-night/colors.xml|line:25
SyntheticAccessor;Lint;/Users/rar9993/repos/research/fdroid_apps/native_apps/DataMonitor/NONE_TRANSFORMED_;/Users/rar9993/repos/research/fdroid_apps/native_apps/DataMonitor/NONE_TRANSFORMED_/app/src/main/java/com/drnoob/datamonitor/ui/fragments/SetupFragment.java;file:/Users/rar9993/repos/research/fdroid_apps/native_apps/DataMonitor/NONE_TRANSFORMED_/app/src/main/java/com/drnoob/datamonitor/ui/fragments/SetupFragment.java|line:634
UnusedResources;Lint;/Users/rar9993/repos/research/fdroid_apps/native_apps/DataMonitor/NONE_TRANSFORMED_;/Users/rar9993/repos/research/fdroid_apps/native_apps/DataMonitor/NONE_TRANSFORMED_/app/src/main/res/values/colors.xml;file:/Users/rar9993/repos/research/fdroid_apps/native_apps/DataMonitor/NONE_TRANSFORMED_/app/src/main/res/values/colors.xml|line:25
SyntheticAccessor;Lint;/Users/rar9993/repos/research/fdroid_apps/native_apps/DataMonitor/NONE_TRANSFORMED_;/Users/rar9993/repos/research/fdroid_apps/native_apps/DataMonitor/NONE_TRANSFORMED_/app/src/main/java/com/drnoob/datamonitor/ui/fragments/SetupFragment.java;file:/Users/rar9993/repos/research/fdroid_apps/native_apps/DataMonitor/NONE_TRANSFORMED_/app/src/main/java/com/drnoob/datamonitor/ui/fragments/SetupFragment.java|line:220
InefficientWeight;Lint;/Users/rar9993/repos/research/fdroid_apps/native_apps/DataMonitor/NONE_TRANSFORMED_;/Users/rar9993/repos/research/fdroid_apps/native_apps/DataMonitor/NONE_TRANSFORMED_/app/src/main/res/layout/app_data_usage_loading.xml;file:/Users/rar9993/repos/research/fdroid_apps/native_apps/DataMonitor/NONE_TRANSFORMED_/app/src/main/res/layout/app_data_usage_loading.xml|line:499
SyntheticAccessor;Lint;/Users/rar9993/repos/research/fdroid_apps/native_apps/DataMonitor/NONE_TRANSFORMED_;/Users/rar9993/repos/research/fdroid_apps/native_apps/DataMonitor/NONE_TRANSFORMED_/app/src/main/java/com/drnoob/datamonitor/ui/fragments/SetupFragment.java;file:/Users/rar9993/repos/research/fdroid_apps/native_apps/DataMonitor/NONE_TRANSFORMED_/app/src/main/java/com/drnoob/datamonitor/ui/fragments/SetupFragment.java|line:517
StaticFieldLeak;Lint;/Users/rar9993/repos/research/fdroid_apps/native_apps/DataMonitor/NONE_TRANSFORMED_;/Users/rar9993/repos/research/fdroid_apps/native_apps/DataMonitor/NONE_TRANSFORMED_/app/src/main/java/com/drnoob/datamonitor/ui/activities/MainActivity.java;file:/Users/rar9993/repos/research/fdroid_apps/native_apps/DataMonitor/NONE_TRANSFORMED_/app/src/main/java/com/drnoob/datamonitor/ui/activities/MainActivity.java|line:318
InefficientWeight;Lint;/Users/rar9993/repos/research/fdroid_apps/native_apps/DataMonitor/NONE_TRANSFORMED_;/Users/rar9993/repos/research/fdroid_apps/native_apps/DataMonitor/NONE_TRANSFORMED_/app/src/main/res/layout/app_data_usage_loading.xml;file:/Users/rar9993/repos/research/fdroid_apps/native_apps/DataMonitor/NONE_TRANSFORMED_/app/src/main/res/layout/app_data_usage_loading.xml|line:182
UseCompoundDrawables;Lint;/Users/rar9993/repos/research/fdroid_apps/native_apps/DataMonitor/NONE_TRANSFORMED_;/Users/rar9993/repos/research/fdroid_apps/native_apps/DataMonitor/NONE_TRANSFORMED_/app/src/main/res/layout/fragment_home.xml;file:/Users/rar9993/repos/research/fdroid_apps/native_apps/DataMonitor/NONE_TRANSFORMED_/app/src/main/res/layout/fragment_home.xml|line:134
VectorPath;Lint;/Users/rar9993/repos/research/fdroid_apps/native_apps/DataMonitor/NONE_TRANSFORMED_;/Users/rar9993/repos/research/fdroid_apps/native_apps/DataMonitor/NONE_TRANSFORMED_/app/src/main/res/drawable/ic_settings.xml;file:/Users/rar9993/repos/research/fdroid_apps/native_apps/DataMonitor/NONE_TRANSFORMED_/app/src/main/res/drawable/ic_settings.xml|line:5
UnusedResources;Lint;/Users/rar9993/repos/research/fdroid_apps/native_apps/DataMonitor/NONE_TRANSFORMED_;/Users/rar9993/repos/research/fdroid_apps/native_apps/DataMonitor/NONE_TRANSFORMED_/app/src/main/res/values/themes.xml;file:/Users/rar9993/repos/research/fdroid_apps/native_apps/DataMonitor/NONE_TRANSFORMED_/app/src/main/res/values/themes.xml|line:31
SyntheticAccessor;Lint;/Users/rar9993/repos/research/fdroid_apps/native_apps/DataMonitor/NONE_TRANSFORMED_;/Users/rar9993/repos/research/fdroid_apps/native_apps/DataMonitor/NONE_TRANSFORMED_/app/src/main/java/com/drnoob/datamonitor/ui/fragments/AppDataUsageFragment.java;file:/Users/rar9993/repos/research/fdroid_apps/native_apps/DataMonitor/NONE_TRANSFORMED_/app/src/main/java/com/drnoob/datamonitor/ui/fragments/AppDataUsageFragment.java|line:120
SyntheticAccessor;Lint;/Users/rar9993/repos/research/fdroid_apps/native_apps/DataMonitor/NONE_TRANSFORMED_;/Users/rar9993/repos/research/fdroid_apps/native_apps/DataMonitor/NONE_TRANSFORMED_/app/src/main/java/com/drnoob/datamonitor/ui/fragments/SetupFragment.java;file:/Users/rar9993/repos/research/fdroid_apps/native_apps/DataMonitor/NONE_TRANSFORMED_/app/src/main/java/com/drnoob/datamonitor/ui/fragments/SetupFragment.java|line:755
LogConditional;Lint;/Users/rar9993/repos/research/fdroid_apps/native_apps/DataMonitor/NONE_TRANSFORMED_;/Users/rar9993/repos/research/fdroid_apps/native_apps/DataMonitor/NONE_TRANSFORMED_/app/src/main/java/com/drnoob/datamonitor/Widget/DataUsageWidget.java;file:/Users/rar9993/repos/research/fdroid_apps/native_apps/DataMonitor/NONE_TRANSFORMED_/app/src/main/java/com/drnoob/datamonitor/Widget/DataUsageWidget.java|line:188
InefficientWeight;Lint;/Users/rar9993/repos/research/fdroid_apps/native_apps/DataMonitor/NONE_TRANSFORMED_;/Users/rar9993/repos/research/fdroid_apps/native_apps/DataMonitor/NONE_TRANSFORMED_/app/src/main/res/layout/data_usage_widget.xml;file:/Users/rar9993/repos/research/fdroid_apps/native_apps/DataMonitor/NONE_TRANSFORMED_/app/src/main/res/layout/data_usage_widget.xml|line:147
SyntheticAccessor;Lint;/Users/rar9993/repos/research/fdroid_apps/native_apps/DataMonitor/NONE_TRANSFORMED_;/Users/rar9993/repos/research/fdroid_apps/native_apps/DataMonitor/NONE_TRANSFORMED_/app/src/main/java/com/drnoob/datamonitor/ui/fragments/SetupFragment.java;file:/Users/rar9993/repos/research/fdroid_apps/native_apps/DataMonitor/NONE_TRANSFORMED_/app/src/main/java/com/drnoob/datamonitor/ui/fragments/SetupFragment.java|line:215
SyntheticAccessor;Lint;/Users/rar9993/repos/research/fdroid_apps/native_apps/DataMonitor/NONE_TRANSFORMED_;/Users/rar9993/repos/research/fdroid_apps/native_apps/DataMonitor/NONE_TRANSFORMED_/app/src/main/java/com/drnoob/datamonitor/ui/fragments/SetupFragment.java;file:/Users/rar9993/repos/research/fdroid_apps/native_apps/DataMonitor/NONE_TRANSFORMED_/app/src/main/java/com/drnoob/datamonitor/ui/fragments/SetupFragment.java|line:221
VectorPath;Lint;/Users/rar9993/repos/research/fdroid_apps/native_apps/DataMonitor/NONE_TRANSFORMED_;/Users/rar9993/repos/research/fdroid_apps/native_apps/DataMonitor/NONE_TRANSFORMED_/app/src/main/res/drawable/ic_contributors.xml;file:/Users/rar9993/repos/research/fdroid_apps/native_apps/DataMonitor/NONE_TRANSFORMED_/app/src/main/res/drawable/ic_contributors.xml|line:9
StaticFieldLeak;Lint;/Users/rar9993/repos/research/fdroid_apps/native_apps/DataMonitor/NONE_TRANSFORMED_;/Users/rar9993/repos/research/fdroid_apps/native_apps/DataMonitor/NONE_TRANSFORMED_/app/src/main/java/com/drnoob/datamonitor/ui/fragments/AppDataUsageFragment.java;file:/Users/rar9993/repos/research/fdroid_apps/native_apps/DataMonitor/NONE_TRANSFORMED_/app/src/main/java/com/drnoob/datamonitor/ui/fragments/AppDataUsageFragment.java|line:58
SyntheticAccessor;Lint;/Users/rar9993/repos/research/fdroid_apps/native_apps/DataMonitor/NONE_TRANSFORMED_;/Users/rar9993/repos/research/fdroid_apps/native_apps/DataMonitor/NONE_TRANSFORMED_/app/src/main/java/com/drnoob/datamonitor/adapters/AppDataUsageAdapter.java;file:/Users/rar9993/repos/research/fdroid_apps/native_apps/DataMonitor/NONE_TRANSFORMED_/app/src/main/java/com/drnoob/datamonitor/adapters/AppDataUsageAdapter.java|line:146
ObsoleteLayoutParam;Lint;/Users/rar9993/repos/research/fdroid_apps/native_apps/DataMonitor/NONE_TRANSFORMED_;/Users/rar9993/repos/research/fdroid_apps/native_apps/DataMonitor/NONE_TRANSFORMED_/app/src/main/res/layout/data_usage_widget.xml;file:/Users/rar9993/repos/research/fdroid_apps/native_apps/DataMonitor/NONE_TRANSFORMED_/app/src/main/res/layout/data_usage_widget.xml|line:57
InefficientWeight;Lint;/Users/rar9993/repos/research/fdroid_apps/native_apps/DataMonitor/NONE_TRANSFORMED_;/Users/rar9993/repos/research/fdroid_apps/native_apps/DataMonitor/NONE_TRANSFORMED_/app/src/main/res/layout/app_data_usage_loading.xml;file:/Users/rar9993/repos/research/fdroid_apps/native_apps/DataMonitor/NONE_TRANSFORMED_/app/src/main/res/layout/app_data_usage_loading.xml|line:169
SyntheticAccessor;Lint;/Users/rar9993/repos/research/fdroid_apps/native_apps/DataMonitor/NONE_TRANSFORMED_;/Users/rar9993/repos/research/fdroid_apps/native_apps/DataMonitor/NONE_TRANSFORMED_/app/src/main/java/com/drnoob/datamonitor/ui/fragments/SetupFragment.java;file:/Users/rar9993/repos/research/fdroid_apps/native_apps/DataMonitor/NONE_TRANSFORMED_/app/src/main/java/com/drnoob/datamonitor/ui/fragments/SetupFragment.java|line:481
SyntheticAccessor;Lint;/Users/rar9993/repos/research/fdroid_apps/native_apps/DataMonitor/NONE_TRANSFORMED_;/Users/rar9993/repos/research/fdroid_apps/native_apps/DataMonitor/NONE_TRANSFORMED_/app/src/main/java/com/drnoob/datamonitor/ui/fragments/SystemDataUsageFragment.java;file:/Users/rar9993/repos/research/fdroid_apps/native_apps/DataMonitor/NONE_TRANSFORMED_/app/src/main/java/com/drnoob/datamonitor/ui/fragments/SystemDataUsageFragment.java|line:201
UnusedResources;Lint;/Users/rar9993/repos/research/fdroid_apps/native_apps/DataMonitor/NONE_TRANSFORMED_;/Users/rar9993/repos/research/fdroid_apps/native_apps/DataMonitor/NONE_TRANSFORMED_/app/src/main/res/values/colors.xml;file:/Users/rar9993/repos/research/fdroid_apps/native_apps/DataMonitor/NONE_TRANSFORMED_/app/src/main/res/values/colors.xml|line:26
SyntheticAccessor;Lint;/Users/rar9993/repos/research/fdroid_apps/native_apps/DataMonitor/NONE_TRANSFORMED_;/Users/rar9993/repos/research/fdroid_apps/native_apps/DataMonitor/NONE_TRANSFORMED_/app/src/main/java/com/drnoob/datamonitor/ui/fragments/DonateFragment.java;file:/Users/rar9993/repos/research/fdroid_apps/native_apps/DataMonitor/NONE_TRANSFORMED_/app/src/main/java/com/drnoob/datamonitor/ui/fragments/DonateFragment.java|line:115
SyntheticAccessor;Lint;/Users/rar9993/repos/research/fdroid_apps/native_apps/DataMonitor/NONE_TRANSFORMED_;/Users/rar9993/repos/research/fdroid_apps/native_apps/DataMonitor/NONE_TRANSFORMED_/app/src/main/java/com/drnoob/datamonitor/ui/fragments/SetupFragment.java;file:/Users/rar9993/repos/research/fdroid_apps/native_apps/DataMonitor/NONE_TRANSFORMED_/app/src/main/java/com/drnoob/datamonitor/ui/fragments/SetupFragment.java|line:226
SyntheticAccessor;Lint;/Users/rar9993/repos/research/fdroid_apps/native_apps/DataMonitor/NONE_TRANSFORMED_;/Users/rar9993/repos/research/fdroid_apps/native_apps/DataMonitor/NONE_TRANSFORMED_/app/src/main/java/com/drnoob/datamonitor/ui/fragments/SetupFragment.java;file:/Users/rar9993/repos/research/fdroid_apps/native_apps/DataMonitor/NONE_TRANSFORMED_/app/src/main/java/com/drnoob/datamonitor/ui/fragments/SetupFragment.java|line:542
UnusedIds;Lint;/Users/rar9993/repos/research/fdroid_apps/native_apps/DataMonitor/NONE_TRANSFORMED_;/Users/rar9993/repos/research/fdroid_apps/native_apps/DataMonitor/NONE_TRANSFORMED_/app/src/main/res/layout/layout_add_data_plan.xml;file:/Users/rar9993/repos/research/fdroid_apps/native_apps/DataMonitor/NONE_TRANSFORMED_/app/src/main/res/layout/layout_add_data_plan.xml|line:128
SyntheticAccessor;Lint;/Users/rar9993/repos/research/fdroid_apps/native_apps/DataMonitor/NONE_TRANSFORMED_;/Users/rar9993/repos/research/fdroid_apps/native_apps/DataMonitor/NONE_TRANSFORMED_/app/src/main/java/com/drnoob/datamonitor/ui/fragments/HomeFragment.java;file:/Users/rar9993/repos/research/fdroid_apps/native_apps/DataMonitor/NONE_TRANSFORMED_/app/src/main/java/com/drnoob/datamonitor/ui/fragments/HomeFragment.java|line:403
UnusedIds;Lint;/Users/rar9993/repos/research/fdroid_apps/native_apps/DataMonitor/NONE_TRANSFORMED_;/Users/rar9993/repos/research/fdroid_apps/native_apps/DataMonitor/NONE_TRANSFORMED_/app/src/main/res/layout/fragment_request_usage_permission.xml;file:/Users/rar9993/repos/research/fdroid_apps/native_apps/DataMonitor/NONE_TRANSFORMED_/app/src/main/res/layout/fragment_request_usage_permission.xml|line:34
SyntheticAccessor;Lint;/Users/rar9993/repos/research/fdroid_apps/native_apps/DataMonitor/NONE_TRANSFORMED_;/Users/rar9993/repos/research/fdroid_apps/native_apps/DataMonitor/NONE_TRANSFORMED_/app/src/main/java/com/drnoob/datamonitor/ui/fragments/SetupFragment.java;file:/Users/rar9993/repos/research/fdroid_apps/native_apps/DataMonitor/NONE_TRANSFORMED_/app/src/main/java/com/drnoob/datamonitor/ui/fragments/SetupFragment.java|line:630
InefficientWeight;Lint;/Users/rar9993/repos/research/fdroid_apps/native_apps/DataMonitor/NONE_TRANSFORMED_;/Users/rar9993/repos/research/fdroid_apps/native_apps/DataMonitor/NONE_TRANSFORMED_/app/src/main/res/layout/app_data_usage_loading.xml;file:/Users/rar9993/repos/research/fdroid_apps/native_apps/DataMonitor/NONE_TRANSFORMED_/app/src/main/res/layout/app_data_usage_loading.xml|line:314
StaticFieldLeak;Lint;/Users/rar9993/repos/research/fdroid_apps/native_apps/DataMonitor/NONE_TRANSFORMED_;/Users/rar9993/repos/research/fdroid_apps/native_apps/DataMonitor/NONE_TRANSFORMED_/app/src/main/java/com/drnoob/datamonitor/ui/fragments/SystemDataUsageFragment.java;file:/Users/rar9993/repos/research/fdroid_apps/native_apps/DataMonitor/NONE_TRANSFORMED_/app/src/main/java/com/drnoob/datamonitor/ui/fragments/SystemDataUsageFragment.java|line:63
SyntheticAccessor;Lint;/Users/rar9993/repos/research/fdroid_apps/native_apps/DataMonitor/NONE_TRANSFORMED_;/Users/rar9993/repos/research/fdroid_apps/native_apps/DataMonitor/NONE_TRANSFORMED_/app/src/main/java/com/drnoob/datamonitor/adapters/AppDataUsageAdapter.java;file:/Users/rar9993/repos/research/fdroid_apps/native_apps/DataMonitor/NONE_TRANSFORMED_/app/src/main/java/com/drnoob/datamonitor/adapters/AppDataUsageAdapter.java|line:108
UnusedIds;Lint;/Users/rar9993/repos/research/fdroid_apps/native_apps/DataMonitor/NONE_TRANSFORMED_;/Users/rar9993/repos/research/fdroid_apps/native_apps/DataMonitor/NONE_TRANSFORMED_/app/src/main/res/layout/data_usage_widget.xml;file:/Users/rar9993/repos/research/fdroid_apps/native_apps/DataMonitor/NONE_TRANSFORMED_/app/src/main/res/layout/data_usage_widget.xml|line:117
SyntheticAccessor;Lint;/Users/rar9993/repos/research/fdroid_apps/native_apps/DataMonitor/NONE_TRANSFORMED_;/Users/rar9993/repos/research/fdroid_apps/native_apps/DataMonitor/NONE_TRANSFORMED_/app/src/main/java/com/drnoob/datamonitor/ui/fragments/SetupFragment.java;file:/Users/rar9993/repos/research/fdroid_apps/native_apps/DataMonitor/NONE_TRANSFORMED_/app/src/main/java/com/drnoob/datamonitor/ui/fragments/SetupFragment.java|line:422
SyntheticAccessor;Lint;/Users/rar9993/repos/research/fdroid_apps/native_apps/DataMonitor/NONE_TRANSFORMED_;/Users/rar9993/repos/research/fdroid_apps/native_apps/DataMonitor/NONE_TRANSFORMED_/app/src/main/java/com/drnoob/datamonitor/ui/fragments/SystemDataUsageFragment.java;file:/Users/rar9993/repos/research/fdroid_apps/native_apps/DataMonitor/NONE_TRANSFORMED_/app/src/main/java/com/drnoob/datamonitor/ui/fragments/SystemDataUsageFragment.java|line:303
Overdraw;Lint;/Users/rar9993/repos/research/fdroid_apps/native_apps/DataMonitor/NONE_TRANSFORMED_;/Users/rar9993/repos/research/fdroid_apps/native_apps/DataMonitor/NONE_TRANSFORMED_/app/src/main/res/layout/fragment_license.xml;file:/Users/rar9993/repos/research/fdroid_apps/native_apps/DataMonitor/NONE_TRANSFORMED_/app/src/main/res/layout/fragment_license.xml|line:7
Overdraw;Lint;/Users/rar9993/repos/research/fdroid_apps/native_apps/DataMonitor/NONE_TRANSFORMED_;/Users/rar9993/repos/research/fdroid_apps/native_apps/DataMonitor/NONE_TRANSFORMED_/app/src/main/res/layout/fragment_contributors.xml;file:/Users/rar9993/repos/research/fdroid_apps/native_apps/DataMonitor/NONE_TRANSFORMED_/app/src/main/res/layout/fragment_contributors.xml|line:5
SyntheticAccessor;Lint;/Users/rar9993/repos/research/fdroid_apps/native_apps/DataMonitor/NONE_TRANSFORMED_;/Users/rar9993/repos/research/fdroid_apps/native_apps/DataMonitor/NONE_TRANSFORMED_/app/src/main/java/com/drnoob/datamonitor/ui/fragments/SetupFragment.java;file:/Users/rar9993/repos/research/fdroid_apps/native_apps/DataMonitor/NONE_TRANSFORMED_/app/src/main/java/com/drnoob/datamonitor/ui/fragments/SetupFragment.java|line:500
SyntheticAccessor;Lint;/Users/rar9993/repos/research/fdroid_apps/native_apps/DataMonitor/NONE_TRANSFORMED_;/Users/rar9993/repos/research/fdroid_apps/native_apps/DataMonitor/NONE_TRANSFORMED_/app/src/main/java/com/drnoob/datamonitor/ui/fragments/HomeFragment.java;file:/Users/rar9993/repos/research/fdroid_apps/native_apps/DataMonitor/NONE_TRANSFORMED_/app/src/main/java/com/drnoob/datamonitor/ui/fragments/HomeFragment.java|line:466
InefficientWeight;Lint;/Users/rar9993/repos/research/fdroid_apps/native_apps/DataMonitor/NONE_TRANSFORMED_;/Users/rar9993/repos/research/fdroid_apps/native_apps/DataMonitor/NONE_TRANSFORMED_/app/src/main/res/layout/layout_widget_setup.xml;file:/Users/rar9993/repos/research/fdroid_apps/native_apps/DataMonitor/NONE_TRANSFORMED_/app/src/main/res/layout/layout_widget_setup.xml|line:45
UnusedIds;Lint;/Users/rar9993/repos/research/fdroid_apps/native_apps/DataMonitor/NONE_TRANSFORMED_;/Users/rar9993/repos/research/fdroid_apps/native_apps/DataMonitor/NONE_TRANSFORMED_/app/src/main/res/layout/overview_loading.xml;file:/Users/rar9993/repos/research/fdroid_apps/native_apps/DataMonitor/NONE_TRANSFORMED_/app/src/main/res/layout/overview_loading.xml|line:38
SyntheticAccessor;Lint;/Users/rar9993/repos/research/fdroid_apps/native_apps/DataMonitor/NONE_TRANSFORMED_;/Users/rar9993/repos/research/fdroid_apps/native_apps/DataMonitor/NONE_TRANSFORMED_/app/src/main/java/com/drnoob/datamonitor/ui/fragments/SetupFragment.java;file:/Users/rar9993/repos/research/fdroid_apps/native_apps/DataMonitor/NONE_TRANSFORMED_/app/src/main/java/com/drnoob/datamonitor/ui/fragments/SetupFragment.java|line:325
SyntheticAccessor;Lint;/Users/rar9993/repos/research/fdroid_apps/native_apps/DataMonitor/NONE_TRANSFORMED_;/Users/rar9993/repos/research/fdroid_apps/native_apps/DataMonitor/NONE_TRANSFORMED_/app/src/main/java/com/drnoob/datamonitor/ui/fragments/SetupFragment.java;file:/Users/rar9993/repos/research/fdroid_apps/native_apps/DataMonitor/NONE_TRANSFORMED_/app/src/main/java/com/drnoob/datamonitor/ui/fragments/SetupFragment.java|line:760
SyntheticAccessor;Lint;/Users/rar9993/repos/research/fdroid_apps/native_apps/DataMonitor/NONE_TRANSFORMED_;/Users/rar9993/repos/research/fdroid_apps/native_apps/DataMonitor/NONE_TRANSFORMED_/app/src/main/java/com/drnoob/datamonitor/ui/fragments/SetupFragment.java;file:/Users/rar9993/repos/research/fdroid_apps/native_apps/DataMonitor/NONE_TRANSFORMED_/app/src/main/java/com/drnoob/datamonitor/ui/fragments/SetupFragment.java|line:761
UnusedResources;Lint;/Users/rar9993/repos/research/fdroid_apps/native_apps/DataMonitor/NONE_TRANSFORMED_;/Users/rar9993/repos/research/fdroid_apps/native_apps/DataMonitor/NONE_TRANSFORMED_/app/src/main/res/values/dimens.xml;file:/Users/rar9993/repos/research/fdroid_apps/native_apps/DataMonitor/NONE_TRANSFORMED_/app/src/main/res/values/dimens.xml|line:3
StaticFieldLeak;Lint;/Users/rar9993/repos/research/fdroid_apps/native_apps/DataMonitor/NONE_TRANSFORMED_;/Users/rar9993/repos/research/fdroid_apps/native_apps/DataMonitor/NONE_TRANSFORMED_/app/src/main/java/com/drnoob/datamonitor/ui/fragments/SetupFragment.java;file:/Users/rar9993/repos/research/fdroid_apps/native_apps/DataMonitor/NONE_TRANSFORMED_/app/src/main/java/com/drnoob/datamonitor/ui/fragments/SetupFragment.java|line:92
SyntheticAccessor;Lint;/Users/rar9993/repos/research/fdroid_apps/native_apps/DataMonitor/NONE_TRANSFORMED_;/Users/rar9993/repos/research/fdroid_apps/native_apps/DataMonitor/NONE_TRANSFORMED_/app/src/main/java/com/drnoob/datamonitor/adapters/AppDataUsageAdapter.java;file:/Users/rar9993/repos/research/fdroid_apps/native_apps/DataMonitor/NONE_TRANSFORMED_/app/src/main/java/com/drnoob/datamonitor/adapters/AppDataUsageAdapter.java|line:151
SyntheticAccessor;Lint;/Users/rar9993/repos/research/fdroid_apps/native_apps/DataMonitor/NONE_TRANSFORMED_;/Users/rar9993/repos/research/fdroid_apps/native_apps/DataMonitor/NONE_TRANSFORMED_/app/src/main/java/com/drnoob/datamonitor/adapters/AppDataUsageAdapter.java;file:/Users/rar9993/repos/research/fdroid_apps/native_apps/DataMonitor/NONE_TRANSFORMED_/app/src/main/java/com/drnoob/datamonitor/adapters/AppDataUsageAdapter.java|line:98
RedundantNamespace;Lint;/Users/rar9993/repos/research/fdroid_apps/native_apps/DataMonitor/NONE_TRANSFORMED_;/Users/rar9993/repos/research/fdroid_apps/native_apps/DataMonitor/NONE_TRANSFORMED_/app/src/main/res/layout/app_data_usage_loading.xml;file:/Users/rar9993/repos/research/fdroid_apps/native_apps/DataMonitor/NONE_TRANSFORMED_/app/src/main/res/layout/app_data_usage_loading.xml|line:205
InefficientWeight;Lint;/Users/rar9993/repos/research/fdroid_apps/native_apps/DataMonitor/NONE_TRANSFORMED_;/Users/rar9993/repos/research/fdroid_apps/native_apps/DataMonitor/NONE_TRANSFORMED_/app/src/main/res/layout/app_data_usage_loading.xml;file:/Users/rar9993/repos/research/fdroid_apps/native_apps/DataMonitor/NONE_TRANSFORMED_/app/src/main/res/layout/app_data_usage_loading.xml|line:578
SyntheticAccessor;Lint;/Users/rar9993/repos/research/fdroid_apps/native_apps/DataMonitor/NONE_TRANSFORMED_;/Users/rar9993/repos/research/fdroid_apps/native_apps/DataMonitor/NONE_TRANSFORMED_/app/src/main/java/com/drnoob/datamonitor/adapters/AppDataUsageAdapter.java;file:/Users/rar9993/repos/research/fdroid_apps/native_apps/DataMonitor/NONE_TRANSFORMED_/app/src/main/java/com/drnoob/datamonitor/adapters/AppDataUsageAdapter.java|line:83
SyntheticAccessor;Lint;/Users/rar9993/repos/research/fdroid_apps/native_apps/DataMonitor/NONE_TRANSFORMED_;/Users/rar9993/repos/research/fdroid_apps/native_apps/DataMonitor/NONE_TRANSFORMED_/app/src/main/java/com/drnoob/datamonitor/adapters/AppDataUsageAdapter.java;file:/Users/rar9993/repos/research/fdroid_apps/native_apps/DataMonitor/NONE_TRANSFORMED_/app/src/main/java/com/drnoob/datamonitor/adapters/AppDataUsageAdapter.java|line:163
SyntheticAccessor;Lint;/Users/rar9993/repos/research/fdroid_apps/native_apps/DataMonitor/NONE_TRANSFORMED_;/Users/rar9993/repos/research/fdroid_apps/native_apps/DataMonitor/NONE_TRANSFORMED_/app/src/main/java/com/drnoob/datamonitor/ui/fragments/HomeFragment.java;file:/Users/rar9993/repos/research/fdroid_apps/native_apps/DataMonitor/NONE_TRANSFORMED_/app/src/main/java/com/drnoob/datamonitor/ui/fragments/HomeFragment.java|line:418
SyntheticAccessor;Lint;/Users/rar9993/repos/research/fdroid_apps/native_apps/DataMonitor/NONE_TRANSFORMED_;/Users/rar9993/repos/research/fdroid_apps/native_apps/DataMonitor/NONE_TRANSFORMED_/app/src/main/java/com/drnoob/datamonitor/ui/fragments/SystemDataUsageFragment.java;file:/Users/rar9993/repos/research/fdroid_apps/native_apps/DataMonitor/NONE_TRANSFORMED_/app/src/main/java/com/drnoob/datamonitor/ui/fragments/SystemDataUsageFragment.java|line:255
SyntheticAccessor;Lint;/Users/rar9993/repos/research/fdroid_apps/native_apps/DataMonitor/NONE_TRANSFORMED_;/Users/rar9993/repos/research/fdroid_apps/native_apps/DataMonitor/NONE_TRANSFORMED_/app/src/main/java/com/drnoob/datamonitor/ui/fragments/SetupFragment.java;file:/Users/rar9993/repos/research/fdroid_apps/native_apps/DataMonitor/NONE_TRANSFORMED_/app/src/main/java/com/drnoob/datamonitor/ui/fragments/SetupFragment.java|line:552
SyntheticAccessor;Lint;/Users/rar9993/repos/research/fdroid_apps/native_apps/DataMonitor/NONE_TRANSFORMED_;/Users/rar9993/repos/research/fdroid_apps/native_apps/DataMonitor/NONE_TRANSFORMED_/app/src/main/java/com/drnoob/datamonitor/ui/fragments/SystemDataUsageFragment.java;file:/Users/rar9993/repos/research/fdroid_apps/native_apps/DataMonitor/NONE_TRANSFORMED_/app/src/main/java/com/drnoob/datamonitor/ui/fragments/SystemDataUsageFragment.java|line:255
SyntheticAccessor;Lint;/Users/rar9993/repos/research/fdroid_apps/native_apps/DataMonitor/NONE_TRANSFORMED_;/Users/rar9993/repos/research/fdroid_apps/native_apps/DataMonitor/NONE_TRANSFORMED_/app/src/main/java/com/drnoob/datamonitor/ui/fragments/SystemDataUsageFragment.java;file:/Users/rar9993/repos/research/fdroid_apps/native_apps/DataMonitor/NONE_TRANSFORMED_/app/src/main/java/com/drnoob/datamonitor/ui/fragments/SystemDataUsageFragment.java|line:255
Overdraw;Lint;/Users/rar9993/repos/research/fdroid_apps/native_apps/DataMonitor/NONE_TRANSFORMED_;/Users/rar9993/repos/research/fdroid_apps/native_apps/DataMonitor/NONE_TRANSFORMED_/app/src/main/res/layout/fragment_request_usage_permission.xml;file:/Users/rar9993/repos/research/fdroid_apps/native_apps/DataMonitor/NONE_TRANSFORMED_/app/src/main/res/layout/fragment_request_usage_permission.xml|line:7
InefficientWeight;Lint;/Users/rar9993/repos/research/fdroid_apps/native_apps/DataMonitor/NONE_TRANSFORMED_;/Users/rar9993/repos/research/fdroid_apps/native_apps/DataMonitor/NONE_TRANSFORMED_/app/src/main/res/layout/app_data_usage_loading.xml;file:/Users/rar9993/repos/research/fdroid_apps/native_apps/DataMonitor/NONE_TRANSFORMED_/app/src/main/res/layout/app_data_usage_loading.xml|line:512
StaticFieldLeak;Lint;/Users/rar9993/repos/research/fdroid_apps/native_apps/DataMonitor/NONE_TRANSFORMED_;/Users/rar9993/repos/research/fdroid_apps/native_apps/DataMonitor/NONE_TRANSFORMED_/app/src/main/java/com/drnoob/datamonitor/ui/fragments/SystemDataUsageFragment.java;file:/Users/rar9993/repos/research/fdroid_apps/native_apps/DataMonitor/NONE_TRANSFORMED_/app/src/main/java/com/drnoob/datamonitor/ui/fragments/SystemDataUsageFragment.java|line:66
VectorPath;Lint;/Users/rar9993/repos/research/fdroid_apps/native_apps/DataMonitor/NONE_TRANSFORMED_;/Users/rar9993/repos/research/fdroid_apps/native_apps/DataMonitor/NONE_TRANSFORMED_/app/src/main/res/drawable-night/ic_widget_wifi.xml;file:/Users/rar9993/repos/research/fdroid_apps/native_apps/DataMonitor/NONE_TRANSFORMED_/app/src/main/res/drawable-night/ic_widget_wifi.xml|line:12
SyntheticAccessor;Lint;/Users/rar9993/repos/research/fdroid_apps/native_apps/DataMonitor/NONE_TRANSFORMED_;/Users/rar9993/repos/research/fdroid_apps/native_apps/DataMonitor/NONE_TRANSFORMED_/app/src/main/java/com/drnoob/datamonitor/ui/fragments/HomeFragment.java;file:/Users/rar9993/repos/research/fdroid_apps/native_apps/DataMonitor/NONE_TRANSFORMED_/app/src/main/java/com/drnoob/datamonitor/ui/fragments/HomeFragment.java|line:173
SyntheticAccessor;Lint;/Users/rar9993/repos/research/fdroid_apps/native_apps/DataMonitor/NONE_TRANSFORMED_;/Users/rar9993/repos/research/fdroid_apps/native_apps/DataMonitor/NONE_TRANSFORMED_/app/src/main/java/com/drnoob/datamonitor/ui/fragments/SetupFragment.java;file:/Users/rar9993/repos/research/fdroid_apps/native_apps/DataMonitor/NONE_TRANSFORMED_/app/src/main/java/com/drnoob/datamonitor/ui/fragments/SetupFragment.java|line:518
UnusedResources;Lint;/Users/rar9993/repos/research/fdroid_apps/native_apps/DataMonitor/NONE_TRANSFORMED_;/Users/rar9993/repos/research/fdroid_apps/native_apps/DataMonitor/NONE_TRANSFORMED_/app/src/main/res/values/strings.xml;file:/Users/rar9993/repos/research/fdroid_apps/native_apps/DataMonitor/NONE_TRANSFORMED_/app/src/main/res/values/strings.xml|line:112
Overdraw;Lint;/Users/rar9993/repos/research/fdroid_apps/native_apps/DataMonitor/NONE_TRANSFORMED_;/Users/rar9993/repos/research/fdroid_apps/native_apps/DataMonitor/NONE_TRANSFORMED_/app/src/main/res/layout/fragment_donate.xml;file:/Users/rar9993/repos/research/fdroid_apps/native_apps/DataMonitor/NONE_TRANSFORMED_/app/src/main/res/layout/fragment_donate.xml|line:7
SyntheticAccessor;Lint;/Users/rar9993/repos/research/fdroid_apps/native_apps/DataMonitor/NONE_TRANSFORMED_;/Users/rar9993/repos/research/fdroid_apps/native_apps/DataMonitor/NONE_TRANSFORMED_/app/src/main/java/com/drnoob/datamonitor/adapters/AppDataUsageAdapter.java;file:/Users/rar9993/repos/research/fdroid_apps/native_apps/DataMonitor/NONE_TRANSFORMED_/app/src/main/java/com/drnoob/datamonitor/adapters/AppDataUsageAdapter.java|line:96
SyntheticAccessor;Lint;/Users/rar9993/repos/research/fdroid_apps/native_apps/DataMonitor/NONE_TRANSFORMED_;/Users/rar9993/repos/research/fdroid_apps/native_apps/DataMonitor/NONE_TRANSFORMED_/app/src/main/java/com/drnoob/datamonitor/ui/fragments/DonateFragment.java;file:/Users/rar9993/repos/research/fdroid_apps/native_apps/DataMonitor/NONE_TRANSFORMED_/app/src/main/java/com/drnoob/datamonitor/ui/fragments/DonateFragment.java|line:143
UnusedIds;Lint;/Users/rar9993/repos/research/fdroid_apps/native_apps/DataMonitor/NONE_TRANSFORMED_;/Users/rar9993/repos/research/fdroid_apps/native_apps/DataMonitor/NONE_TRANSFORMED_/app/src/main/res/layout/fragment_home.xml;file:/Users/rar9993/repos/research/fdroid_apps/native_apps/DataMonitor/NONE_TRANSFORMED_/app/src/main/res/layout/fragment_home.xml|line:56
StaticFieldLeak;Lint;/Users/rar9993/repos/research/fdroid_apps/native_apps/DataMonitor/NONE_TRANSFORMED_;/Users/rar9993/repos/research/fdroid_apps/native_apps/DataMonitor/NONE_TRANSFORMED_/app/src/main/java/com/drnoob/datamonitor/ui/fragments/SystemDataUsageFragment.java;file:/Users/rar9993/repos/research/fdroid_apps/native_apps/DataMonitor/NONE_TRANSFORMED_/app/src/main/java/com/drnoob/datamonitor/ui/fragments/SystemDataUsageFragment.java|line:62
SyntheticAccessor;Lint;/Users/rar9993/repos/research/fdroid_apps/native_apps/DataMonitor/NONE_TRANSFORMED_;/Users/rar9993/repos/research/fdroid_apps/native_apps/DataMonitor/NONE_TRANSFORMED_/app/src/main/java/com/drnoob/datamonitor/adapters/AppDataUsageAdapter.java;file:/Users/rar9993/repos/research/fdroid_apps/native_apps/DataMonitor/NONE_TRANSFORMED_/app/src/main/java/com/drnoob/datamonitor/adapters/AppDataUsageAdapter.java|line:80
SyntheticAccessor;Lint;/Users/rar9993/repos/research/fdroid_apps/native_apps/DataMonitor/NONE_TRANSFORMED_;/Users/rar9993/repos/research/fdroid_apps/native_apps/DataMonitor/NONE_TRANSFORMED_/app/src/main/java/com/drnoob/datamonitor/ui/fragments/HomeFragment.java;file:/Users/rar9993/repos/research/fdroid_apps/native_apps/DataMonitor/NONE_TRANSFORMED_/app/src/main/java/com/drnoob/datamonitor/ui/fragments/HomeFragment.java|line:239
SyntheticAccessor;Lint;/Users/rar9993/repos/research/fdroid_apps/native_apps/DataMonitor/NONE_TRANSFORMED_;/Users/rar9993/repos/research/fdroid_apps/native_apps/DataMonitor/NONE_TRANSFORMED_/app/src/main/java/com/drnoob/datamonitor/adapters/AppDataUsageAdapter.java;file:/Users/rar9993/repos/research/fdroid_apps/native_apps/DataMonitor/NONE_TRANSFORMED_/app/src/main/java/com/drnoob/datamonitor/adapters/AppDataUsageAdapter.java|line:107
ObsoleteLayoutParam;Lint;/Users/rar9993/repos/research/fdroid_apps/native_apps/DataMonitor/NONE_TRANSFORMED_;/Users/rar9993/repos/research/fdroid_apps/native_apps/DataMonitor/NONE_TRANSFORMED_/app/src/main/res/layout/data_usage_widget.xml;file:/Users/rar9993/repos/research/fdroid_apps/native_apps/DataMonitor/NONE_TRANSFORMED_/app/src/main/res/layout/data_usage_widget.xml|line:73
SyntheticAccessor;Lint;/Users/rar9993/repos/research/fdroid_apps/native_apps/DataMonitor/NONE_TRANSFORMED_;/Users/rar9993/repos/research/fdroid_apps/native_apps/DataMonitor/NONE_TRANSFORMED_/app/src/main/java/com/drnoob/datamonitor/ui/fragments/SettingsFragment.java;file:/Users/rar9993/repos/research/fdroid_apps/native_apps/DataMonitor/NONE_TRANSFORMED_/app/src/main/java/com/drnoob/datamonitor/ui/fragments/SettingsFragment.java|line:117
UnusedField;SpotBugs;/Users/rar9993/repos/research/fdroid_apps/native_apps/DataMonitor/NONE_TRANSFORMED_;com/drnoob/datamonitor/adapters/AppDataUsageAdapter.java;file:com/drnoob/datamonitor/adapters/AppDataUsageAdapter.java
