Issue;Tool;Project;File;Location
MemberIgnoringMethod;aDoctor;/Users/rar9993/repos/research/fdroid_apps/similar_fdroid_vibe_apps/NotePad;/Users/rar9993/repos/research/fdroid_apps/similar_fdroid_vibe_apps/NotePad/contract/src/main/java/com/nononsenseapps/notepad/providercontract/ProviderBase.java;file:/Users/rar9993/repos/research/fdroid_apps/similar_fdroid_vibe_apps/NotePad/contract/src/main/java/com/nononsenseapps/notepad/providercontract/ProviderBase.java|class:com.nononsenseapps.notepad.providercontract.ProviderBase
NoLowMemoryResolver;aDoctor;/Users/rar9993/repos/research/fdroid_apps/similar_fdroid_vibe_apps/NotePad;/Users/rar9993/repos/research/fdroid_apps/similar_fdroid_vibe_apps/NotePad/contract/src/main/java/com/nononsenseapps/notepad/providercontract/ProviderBase.java;file:/Users/rar9993/repos/research/fdroid_apps/similar_fdroid_vibe_apps/NotePad/contract/src/main/java/com/nononsenseapps/notepad/providercontract/ProviderBase.java|class:com.nononsenseapps.notepad.providercontract.ProviderBase
UnclosedCloseable;aDoctor;/Users/rar9993/repos/research/fdroid_apps/similar_fdroid_vibe_apps/NotePad;/Users/rar9993/repos/research/fdroid_apps/similar_fdroid_vibe_apps/NotePad/contract/src/main/java/com/nononsenseapps/notepad/providercontract/ProviderBase.java;file:/Users/rar9993/repos/research/fdroid_apps/similar_fdroid_vibe_apps/NotePad/contract/src/main/java/com/nononsenseapps/notepad/providercontract/ProviderBase.java|class:com.nononsenseapps.notepad.providercontract.ProviderBase
MemberIgnoringMethod;aDoctor;/Users/rar9993/repos/research/fdroid_apps/similar_fdroid_vibe_apps/NotePad;/Users/rar9993/repos/research/fdroid_apps/similar_fdroid_vibe_apps/NotePad/app/dbgenout/com/nononsenseapps/notepad/database/DatabaseHandler.java;file:/Users/rar9993/repos/research/fdroid_apps/similar_fdroid_vibe_apps/NotePad/app/dbgenout/com/nononsenseapps/notepad/database/DatabaseHandler.java|class:com.nononsenseapps.notepad.database.DatabaseHandler
MemberIgnoringMethod;aDoctor;/Users/rar9993/repos/research/fdroid_apps/similar_fdroid_vibe_apps/NotePad;/Users/rar9993/repos/research/fdroid_apps/similar_fdroid_vibe_apps/NotePad/app/dbgenout/com/nononsenseapps/notepad/database/ItemProvider.java;file:/Users/rar9993/repos/research/fdroid_apps/similar_fdroid_vibe_apps/NotePad/app/dbgenout/com/nononsenseapps/notepad/database/ItemProvider.java|class:com.nononsenseapps.notepad.database.ItemProvider
NoLowMemoryResolver;aDoctor;/Users/rar9993/repos/research/fdroid_apps/similar_fdroid_vibe_apps/NotePad;/Users/rar9993/repos/research/fdroid_apps/similar_fdroid_vibe_apps/NotePad/app/dbgenout/com/nononsenseapps/notepad/database/ItemProvider.java;file:/Users/rar9993/repos/research/fdroid_apps/similar_fdroid_vibe_apps/NotePad/app/dbgenout/com/nononsenseapps/notepad/database/ItemProvider.java|class:com.nononsenseapps.notepad.database.ItemProvider
UnclosedCloseable;aDoctor;/Users/rar9993/repos/research/fdroid_apps/similar_fdroid_vibe_apps/NotePad;/Users/rar9993/repos/research/fdroid_apps/similar_fdroid_vibe_apps/NotePad/app/dbgenout/com/nononsenseapps/notepad/database/ItemProvider.java;file:/Users/rar9993/repos/research/fdroid_apps/similar_fdroid_vibe_apps/NotePad/app/dbgenout/com/nononsenseapps/notepad/database/ItemProvider.java|class:com.nononsenseapps.notepad.database.ItemProvider
MemberIgnoringMethod;aDoctor;/Users/rar9993/repos/research/fdroid_apps/similar_fdroid_vibe_apps/NotePad;/Users/rar9993/repos/research/fdroid_apps/similar_fdroid_vibe_apps/NotePad/app/dbgenout/com/nononsenseapps/notepad/database/taskviewItem.java;file:/Users/rar9993/repos/research/fdroid_apps/similar_fdroid_vibe_apps/NotePad/app/dbgenout/com/nononsenseapps/notepad/database/taskviewItem.java|class:com.nononsenseapps.notepad.database.taskviewItem
UnclosedCloseable;aDoctor;/Users/rar9993/repos/research/fdroid_apps/similar_fdroid_vibe_apps/NotePad;/Users/rar9993/repos/research/fdroid_apps/similar_fdroid_vibe_apps/NotePad/app/dbgenout/com/nononsenseapps/notepad/database/taskviewItem.java;file:/Users/rar9993/repos/research/fdroid_apps/similar_fdroid_vibe_apps/NotePad/app/dbgenout/com/nononsenseapps/notepad/database/taskviewItem.java|class:com.nononsenseapps.notepad.database.taskviewItem
MemberIgnoringMethod;aDoctor;/Users/rar9993/repos/research/fdroid_apps/similar_fdroid_vibe_apps/NotePad;/Users/rar9993/repos/research/fdroid_apps/similar_fdroid_vibe_apps/NotePad/app/dbgenout/com/nononsenseapps/notepad/database/DBItem.java;file:/Users/rar9993/repos/research/fdroid_apps/similar_fdroid_vibe_apps/NotePad/app/dbgenout/com/nononsenseapps/notepad/database/DBItem.java|class:com.nononsenseapps.notepad.database.DBItem
UnclosedCloseable;aDoctor;/Users/rar9993/repos/research/fdroid_apps/similar_fdroid_vibe_apps/NotePad;/Users/rar9993/repos/research/fdroid_apps/similar_fdroid_vibe_apps/NotePad/app/dbgenout/com/nononsenseapps/notepad/database/DBItem.java;file:/Users/rar9993/repos/research/fdroid_apps/similar_fdroid_vibe_apps/NotePad/app/dbgenout/com/nononsenseapps/notepad/database/DBItem.java|class:com.nononsenseapps.notepad.database.DBItem
MemberIgnoringMethod;aDoctor;/Users/rar9993/repos/research/fdroid_apps/similar_fdroid_vibe_apps/NotePad;/Users/rar9993/repos/research/fdroid_apps/similar_fdroid_vibe_apps/NotePad/app/src/main/java/com/nononsenseapps/notepad/database/TaskList.java;file:/Users/rar9993/repos/research/fdroid_apps/similar_fdroid_vibe_apps/NotePad/app/src/main/java/com/nononsenseapps/notepad/database/TaskList.java|class:com.nononsenseapps.notepad.database.TaskList
UnclosedCloseable;aDoctor;/Users/rar9993/repos/research/fdroid_apps/similar_fdroid_vibe_apps/NotePad;/Users/rar9993/repos/research/fdroid_apps/similar_fdroid_vibe_apps/NotePad/app/src/main/java/com/nononsenseapps/notepad/database/TaskList.java;file:/Users/rar9993/repos/research/fdroid_apps/similar_fdroid_vibe_apps/NotePad/app/src/main/java/com/nononsenseapps/notepad/database/TaskList.java|class:com.nononsenseapps.notepad.database.TaskList
MemberIgnoringMethod;aDoctor;/Users/rar9993/repos/research/fdroid_apps/similar_fdroid_vibe_apps/NotePad;/Users/rar9993/repos/research/fdroid_apps/similar_fdroid_vibe_apps/NotePad/app/src/main/java/com/nononsenseapps/notepad/database/RemoteTaskList.java;file:/Users/rar9993/repos/research/fdroid_apps/similar_fdroid_vibe_apps/NotePad/app/src/main/java/com/nononsenseapps/notepad/database/RemoteTaskList.java|class:com.nononsenseapps.notepad.database.RemoteTaskList
UnclosedCloseable;aDoctor;/Users/rar9993/repos/research/fdroid_apps/similar_fdroid_vibe_apps/NotePad;/Users/rar9993/repos/research/fdroid_apps/similar_fdroid_vibe_apps/NotePad/app/src/main/java/com/nononsenseapps/notepad/database/RemoteTaskList.java;file:/Users/rar9993/repos/research/fdroid_apps/similar_fdroid_vibe_apps/NotePad/app/src/main/java/com/nononsenseapps/notepad/database/RemoteTaskList.java|class:com.nononsenseapps.notepad.database.RemoteTaskList
HashmapUsage;aDoctor;/Users/rar9993/repos/research/fdroid_apps/similar_fdroid_vibe_apps/NotePad;/Users/rar9993/repos/research/fdroid_apps/similar_fdroid_vibe_apps/NotePad/app/src/main/java/com/nononsenseapps/notepad/database/DatabaseHandler.java;file:/Users/rar9993/repos/research/fdroid_apps/similar_fdroid_vibe_apps/NotePad/app/src/main/java/com/nononsenseapps/notepad/database/DatabaseHandler.java|class:com.nononsenseapps.notepad.database.DatabaseHandler
MemberIgnoringMethod;aDoctor;/Users/rar9993/repos/research/fdroid_apps/similar_fdroid_vibe_apps/NotePad;/Users/rar9993/repos/research/fdroid_apps/similar_fdroid_vibe_apps/NotePad/app/src/main/java/com/nononsenseapps/notepad/database/DatabaseHandler.java;file:/Users/rar9993/repos/research/fdroid_apps/similar_fdroid_vibe_apps/NotePad/app/src/main/java/com/nononsenseapps/notepad/database/DatabaseHandler.java|class:com.nononsenseapps.notepad.database.DatabaseHandler
MemberIgnoringMethod;aDoctor;/Users/rar9993/repos/research/fdroid_apps/similar_fdroid_vibe_apps/NotePad;/Users/rar9993/repos/research/fdroid_apps/similar_fdroid_vibe_apps/NotePad/app/src/main/java/com/nononsenseapps/notepad/database/LegacyDBHelper.java;file:/Users/rar9993/repos/research/fdroid_apps/similar_fdroid_vibe_apps/NotePad/app/src/main/java/com/nononsenseapps/notepad/database/LegacyDBHelper.java|class:com.nononsenseapps.notepad.database.LegacyDBHelper
SlowForLoop;aDoctor;/Users/rar9993/repos/research/fdroid_apps/similar_fdroid_vibe_apps/NotePad;/Users/rar9993/repos/research/fdroid_apps/similar_fdroid_vibe_apps/NotePad/app/src/main/java/com/nononsenseapps/notepad/database/LegacyDBHelper.java;file:/Users/rar9993/repos/research/fdroid_apps/similar_fdroid_vibe_apps/NotePad/app/src/main/java/com/nononsenseapps/notepad/database/LegacyDBHelper.java|class:com.nononsenseapps.notepad.database.LegacyDBHelper
UnclosedCloseable;aDoctor;/Users/rar9993/repos/research/fdroid_apps/similar_fdroid_vibe_apps/NotePad;/Users/rar9993/repos/research/fdroid_apps/similar_fdroid_vibe_apps/NotePad/app/src/main/java/com/nononsenseapps/notepad/database/LegacyDBHelper.java;file:/Users/rar9993/repos/research/fdroid_apps/similar_fdroid_vibe_apps/NotePad/app/src/main/java/com/nononsenseapps/notepad/database/LegacyDBHelper.java|class:com.nononsenseapps.notepad.database.LegacyDBHelper
MemberIgnoringMethod;aDoctor;/Users/rar9993/repos/research/fdroid_apps/similar_fdroid_vibe_apps/NotePad;/Users/rar9993/repos/research/fdroid_apps/similar_fdroid_vibe_apps/NotePad/app/src/main/java/com/nononsenseapps/notepad/database/Notification.java;file:/Users/rar9993/repos/research/fdroid_apps/similar_fdroid_vibe_apps/NotePad/app/src/main/java/com/nononsenseapps/notepad/database/Notification.java|class:com.nononsenseapps.notepad.database.Notification
SlowForLoop;aDoctor;/Users/rar9993/repos/research/fdroid_apps/similar_fdroid_vibe_apps/NotePad;/Users/rar9993/repos/research/fdroid_apps/similar_fdroid_vibe_apps/NotePad/app/src/main/java/com/nononsenseapps/notepad/database/Notification.java;file:/Users/rar9993/repos/research/fdroid_apps/similar_fdroid_vibe_apps/NotePad/app/src/main/java/com/nononsenseapps/notepad/database/Notification.java|class:com.nononsenseapps.notepad.database.Notification
MemberIgnoringMethod;aDoctor;/Users/rar9993/repos/research/fdroid_apps/similar_fdroid_vibe_apps/NotePad;/Users/rar9993/repos/research/fdroid_apps/similar_fdroid_vibe_apps/NotePad/app/src/main/java/com/nononsenseapps/notepad/database/MyContentProvider.java;file:/Users/rar9993/repos/research/fdroid_apps/similar_fdroid_vibe_apps/NotePad/app/src/main/java/com/nononsenseapps/notepad/database/MyContentProvider.java|class:com.nononsenseapps.notepad.database.MyContentProvider
NoLowMemoryResolver;aDoctor;/Users/rar9993/repos/research/fdroid_apps/similar_fdroid_vibe_apps/NotePad;/Users/rar9993/repos/research/fdroid_apps/similar_fdroid_vibe_apps/NotePad/app/src/main/java/com/nononsenseapps/notepad/database/MyContentProvider.java;file:/Users/rar9993/repos/research/fdroid_apps/similar_fdroid_vibe_apps/NotePad/app/src/main/java/com/nononsenseapps/notepad/database/MyContentProvider.java|class:com.nononsenseapps.notepad.database.MyContentProvider
MemberIgnoringMethod;aDoctor;/Users/rar9993/repos/research/fdroid_apps/similar_fdroid_vibe_apps/NotePad;/Users/rar9993/repos/research/fdroid_apps/similar_fdroid_vibe_apps/NotePad/app/src/main/java/com/nononsenseapps/notepad/database/RemoteTask.java;file:/Users/rar9993/repos/research/fdroid_apps/similar_fdroid_vibe_apps/NotePad/app/src/main/java/com/nononsenseapps/notepad/database/RemoteTask.java|class:com.nononsenseapps.notepad.database.RemoteTask
UnclosedCloseable;aDoctor;/Users/rar9993/repos/research/fdroid_apps/similar_fdroid_vibe_apps/NotePad;/Users/rar9993/repos/research/fdroid_apps/similar_fdroid_vibe_apps/NotePad/app/src/main/java/com/nononsenseapps/notepad/database/RemoteTask.java;file:/Users/rar9993/repos/research/fdroid_apps/similar_fdroid_vibe_apps/NotePad/app/src/main/java/com/nononsenseapps/notepad/database/RemoteTask.java|class:com.nononsenseapps.notepad.database.RemoteTask
MemberIgnoringMethod;aDoctor;/Users/rar9993/repos/research/fdroid_apps/similar_fdroid_vibe_apps/NotePad;/Users/rar9993/repos/research/fdroid_apps/similar_fdroid_vibe_apps/NotePad/app/src/main/java/com/nononsenseapps/notepad/database/DAO.java;file:/Users/rar9993/repos/research/fdroid_apps/similar_fdroid_vibe_apps/NotePad/app/src/main/java/com/nononsenseapps/notepad/database/DAO.java|class:com.nononsenseapps.notepad.database.DAO
SlowForLoop;aDoctor;/Users/rar9993/repos/research/fdroid_apps/similar_fdroid_vibe_apps/NotePad;/Users/rar9993/repos/research/fdroid_apps/similar_fdroid_vibe_apps/NotePad/app/src/main/java/com/nononsenseapps/notepad/database/DAO.java;file:/Users/rar9993/repos/research/fdroid_apps/similar_fdroid_vibe_apps/NotePad/app/src/main/java/com/nononsenseapps/notepad/database/DAO.java|class:com.nononsenseapps.notepad.database.DAO
MemberIgnoringMethod;aDoctor;/Users/rar9993/repos/research/fdroid_apps/similar_fdroid_vibe_apps/NotePad;/Users/rar9993/repos/research/fdroid_apps/similar_fdroid_vibe_apps/NotePad/app/src/main/java/com/nononsenseapps/notepad/database/Task.java;file:/Users/rar9993/repos/research/fdroid_apps/similar_fdroid_vibe_apps/NotePad/app/src/main/java/com/nononsenseapps/notepad/database/Task.java|class:com.nononsenseapps.notepad.database.Task
MemberIgnoringMethod;aDoctor;/Users/rar9993/repos/research/fdroid_apps/similar_fdroid_vibe_apps/NotePad;/Users/rar9993/repos/research/fdroid_apps/similar_fdroid_vibe_apps/NotePad/app/src/main/java/com/google/android/apps/dashclock/ui/DragGripView.java;file:/Users/rar9993/repos/research/fdroid_apps/similar_fdroid_vibe_apps/NotePad/app/src/main/java/com/google/android/apps/dashclock/ui/DragGripView.java|class:com.google.android.apps.dashclock.ui.DragGripView
SlowForLoop;aDoctor;/Users/rar9993/repos/research/fdroid_apps/similar_fdroid_vibe_apps/NotePad;/Users/rar9993/repos/research/fdroid_apps/similar_fdroid_vibe_apps/NotePad/app/src/main/java/com/google/android/apps/dashclock/ui/DragGripView.java;file:/Users/rar9993/repos/research/fdroid_apps/similar_fdroid_vibe_apps/NotePad/app/src/main/java/com/google/android/apps/dashclock/ui/DragGripView.java|class:com.google.android.apps.dashclock.ui.DragGripView
MemberIgnoringMethod;aDoctor;/Users/rar9993/repos/research/fdroid_apps/similar_fdroid_vibe_apps/NotePad;/Users/rar9993/repos/research/fdroid_apps/similar_fdroid_vibe_apps/NotePad/app/src/main/java/com/nononsenseapps/ui/DelegateFrame.java;file:/Users/rar9993/repos/research/fdroid_apps/similar_fdroid_vibe_apps/NotePad/app/src/main/java/com/nononsenseapps/ui/DelegateFrame.java|class:com.nononsenseapps.ui.DelegateFrame
MemberIgnoringMethod;aDoctor;/Users/rar9993/repos/research/fdroid_apps/similar_fdroid_vibe_apps/NotePad;/Users/rar9993/repos/research/fdroid_apps/similar_fdroid_vibe_apps/NotePad/app/src/main/java/com/nononsenseapps/ui/NoteCheckBox.java;file:/Users/rar9993/repos/research/fdroid_apps/similar_fdroid_vibe_apps/NotePad/app/src/main/java/com/nononsenseapps/ui/NoteCheckBox.java|class:com.nononsenseapps.ui.NoteCheckBox
MemberIgnoringMethod;aDoctor;/Users/rar9993/repos/research/fdroid_apps/similar_fdroid_vibe_apps/NotePad;/Users/rar9993/repos/research/fdroid_apps/similar_fdroid_vibe_apps/NotePad/app/src/main/java/com/nononsenseapps/ui/StyledEditText.java;file:/Users/rar9993/repos/research/fdroid_apps/similar_fdroid_vibe_apps/NotePad/app/src/main/java/com/nononsenseapps/ui/StyledEditText.java|class:com.nononsenseapps.ui.StyledEditText
MemberIgnoringMethod;aDoctor;/Users/rar9993/repos/research/fdroid_apps/similar_fdroid_vibe_apps/NotePad;/Users/rar9993/repos/research/fdroid_apps/similar_fdroid_vibe_apps/NotePad/app/src/main/java/com/nononsenseapps/ui/TitleNoteTextView.java;file:/Users/rar9993/repos/research/fdroid_apps/similar_fdroid_vibe_apps/NotePad/app/src/main/java/com/nononsenseapps/ui/TitleNoteTextView.java|class:com.nononsenseapps.ui.TitleNoteTextView
SlowForLoop;aDoctor;/Users/rar9993/repos/research/fdroid_apps/similar_fdroid_vibe_apps/NotePad;/Users/rar9993/repos/research/fdroid_apps/similar_fdroid_vibe_apps/NotePad/app/src/main/java/com/nononsenseapps/ui/ExtraTypesCursorAdapter.java;file:/Users/rar9993/repos/research/fdroid_apps/similar_fdroid_vibe_apps/NotePad/app/src/main/java/com/nononsenseapps/ui/ExtraTypesCursorAdapter.java|class:com.nononsenseapps.ui.ExtraTypesCursorAdapter
UnclosedCloseable;aDoctor;/Users/rar9993/repos/research/fdroid_apps/similar_fdroid_vibe_apps/NotePad;/Users/rar9993/repos/research/fdroid_apps/similar_fdroid_vibe_apps/NotePad/app/src/main/java/com/nononsenseapps/ui/ExtraTypesCursorAdapter.java;file:/Users/rar9993/repos/research/fdroid_apps/similar_fdroid_vibe_apps/NotePad/app/src/main/java/com/nononsenseapps/ui/ExtraTypesCursorAdapter.java|class:com.nononsenseapps.ui.ExtraTypesCursorAdapter
SlowForLoop;aDoctor;/Users/rar9993/repos/research/fdroid_apps/similar_fdroid_vibe_apps/NotePad;/Users/rar9993/repos/research/fdroid_apps/similar_fdroid_vibe_apps/NotePad/app/src/main/java/com/nononsenseapps/ui/ExtrasCursorAdapter.java;file:/Users/rar9993/repos/research/fdroid_apps/similar_fdroid_vibe_apps/NotePad/app/src/main/java/com/nononsenseapps/ui/ExtrasCursorAdapter.java|class:com.nononsenseapps.ui.ExtrasCursorAdapter
UnclosedCloseable;aDoctor;/Users/rar9993/repos/research/fdroid_apps/similar_fdroid_vibe_apps/NotePad;/Users/rar9993/repos/research/fdroid_apps/similar_fdroid_vibe_apps/NotePad/app/src/main/java/com/nononsenseapps/ui/ExtrasCursorAdapter.java;file:/Users/rar9993/repos/research/fdroid_apps/similar_fdroid_vibe_apps/NotePad/app/src/main/java/com/nononsenseapps/ui/ExtrasCursorAdapter.java|class:com.nononsenseapps.ui.ExtrasCursorAdapter
LeakingInnerClass;aDoctor;/Users/rar9993/repos/research/fdroid_apps/similar_fdroid_vibe_apps/NotePad;/Users/rar9993/repos/research/fdroid_apps/similar_fdroid_vibe_apps/NotePad/app/src/main/java/com/nononsenseapps/ui/WeekDaysView.java;file:/Users/rar9993/repos/research/fdroid_apps/similar_fdroid_vibe_apps/NotePad/app/src/main/java/com/nononsenseapps/ui/WeekDaysView.java|class:com.nononsenseapps.ui.WeekDaysView
DataTransmissionWithoutCompression;aDoctor;/Users/rar9993/repos/research/fdroid_apps/similar_fdroid_vibe_apps/NotePad;/Users/rar9993/repos/research/fdroid_apps/similar_fdroid_vibe_apps/NotePad/app/src/main/java/com/nononsenseapps/helpers/FilePickerHelper.java;file:/Users/rar9993/repos/research/fdroid_apps/similar_fdroid_vibe_apps/NotePad/app/src/main/java/com/nononsenseapps/helpers/FilePickerHelper.java|class:com.nononsenseapps.helpers.FilePickerHelper
DataTransmissionWithoutCompression;aDoctor;/Users/rar9993/repos/research/fdroid_apps/similar_fdroid_vibe_apps/NotePad;/Users/rar9993/repos/research/fdroid_apps/similar_fdroid_vibe_apps/NotePad/app/src/main/java/com/nononsenseapps/helpers/FileHelper.java;file:/Users/rar9993/repos/research/fdroid_apps/similar_fdroid_vibe_apps/NotePad/app/src/main/java/com/nononsenseapps/helpers/FileHelper.java|class:com.nononsenseapps.helpers.FileHelper
MemberIgnoringMethod;aDoctor;/Users/rar9993/repos/research/fdroid_apps/similar_fdroid_vibe_apps/NotePad;/Users/rar9993/repos/research/fdroid_apps/similar_fdroid_vibe_apps/NotePad/app/src/main/java/com/nononsenseapps/helpers/NotificationHelper.java;file:/Users/rar9993/repos/research/fdroid_apps/similar_fdroid_vibe_apps/NotePad/app/src/main/java/com/nononsenseapps/helpers/NotificationHelper.java|class:com.nononsenseapps.helpers.NotificationHelper
SlowForLoop;aDoctor;/Users/rar9993/repos/research/fdroid_apps/similar_fdroid_vibe_apps/NotePad;/Users/rar9993/repos/research/fdroid_apps/similar_fdroid_vibe_apps/NotePad/app/src/main/java/com/nononsenseapps/helpers/NotificationHelper.java;file:/Users/rar9993/repos/research/fdroid_apps/similar_fdroid_vibe_apps/NotePad/app/src/main/java/com/nononsenseapps/helpers/NotificationHelper.java|class:com.nononsenseapps.helpers.NotificationHelper
DataTransmissionWithoutCompression;aDoctor;/Users/rar9993/repos/research/fdroid_apps/similar_fdroid_vibe_apps/NotePad;/Users/rar9993/repos/research/fdroid_apps/similar_fdroid_vibe_apps/NotePad/app/src/main/java/com/nononsenseapps/helpers/DocumentFileHelper.java;file:/Users/rar9993/repos/research/fdroid_apps/similar_fdroid_vibe_apps/NotePad/app/src/main/java/com/nononsenseapps/helpers/DocumentFileHelper.java|class:com.nononsenseapps.helpers.DocumentFileHelper
LeakingInnerClass;aDoctor;/Users/rar9993/repos/research/fdroid_apps/similar_fdroid_vibe_apps/NotePad;/Users/rar9993/repos/research/fdroid_apps/similar_fdroid_vibe_apps/NotePad/app/src/main/java/com/nononsenseapps/helpers/SyncStatusMonitor.java;file:/Users/rar9993/repos/research/fdroid_apps/similar_fdroid_vibe_apps/NotePad/app/src/main/java/com/nononsenseapps/helpers/SyncStatusMonitor.java|class:com.nononsenseapps.helpers.SyncStatusMonitor
MemberIgnoringMethod;aDoctor;/Users/rar9993/repos/research/fdroid_apps/similar_fdroid_vibe_apps/NotePad;/Users/rar9993/repos/research/fdroid_apps/similar_fdroid_vibe_apps/NotePad/app/src/main/java/com/nononsenseapps/helpers/SyncStatusMonitor.java;file:/Users/rar9993/repos/research/fdroid_apps/similar_fdroid_vibe_apps/NotePad/app/src/main/java/com/nononsenseapps/helpers/SyncStatusMonitor.java|class:com.nononsenseapps.helpers.SyncStatusMonitor
NoLowMemoryResolver;aDoctor;/Users/rar9993/repos/research/fdroid_apps/similar_fdroid_vibe_apps/NotePad;/Users/rar9993/repos/research/fdroid_apps/similar_fdroid_vibe_apps/NotePad/app/src/main/java/com/nononsenseapps/notepad/prefs/IndexPrefs.java;file:/Users/rar9993/repos/research/fdroid_apps/similar_fdroid_vibe_apps/NotePad/app/src/main/java/com/nononsenseapps/notepad/prefs/IndexPrefs.java|class:com.nononsenseapps.notepad.prefs.IndexPrefs
MemberIgnoringMethod;aDoctor;/Users/rar9993/repos/research/fdroid_apps/similar_fdroid_vibe_apps/NotePad;/Users/rar9993/repos/research/fdroid_apps/similar_fdroid_vibe_apps/NotePad/app/src/main/java/com/nononsenseapps/notepad/prefs/PrefsActivity.java;file:/Users/rar9993/repos/research/fdroid_apps/similar_fdroid_vibe_apps/NotePad/app/src/main/java/com/nononsenseapps/notepad/prefs/PrefsActivity.java|class:com.nononsenseapps.notepad.prefs.PrefsActivity
NoLowMemoryResolver;aDoctor;/Users/rar9993/repos/research/fdroid_apps/similar_fdroid_vibe_apps/NotePad;/Users/rar9993/repos/research/fdroid_apps/similar_fdroid_vibe_apps/NotePad/app/src/main/java/com/nononsenseapps/notepad/prefs/PrefsActivity.java;file:/Users/rar9993/repos/research/fdroid_apps/similar_fdroid_vibe_apps/NotePad/app/src/main/java/com/nononsenseapps/notepad/prefs/PrefsActivity.java|class:com.nononsenseapps.notepad.prefs.PrefsActivity
MemberIgnoringMethod;aDoctor;/Users/rar9993/repos/research/fdroid_apps/similar_fdroid_vibe_apps/NotePad;/Users/rar9993/repos/research/fdroid_apps/similar_fdroid_vibe_apps/NotePad/app/src/main/java/com/nononsenseapps/notepad/prefs/NotificationPrefs.java;file:/Users/rar9993/repos/research/fdroid_apps/similar_fdroid_vibe_apps/NotePad/app/src/main/java/com/nononsenseapps/notepad/prefs/NotificationPrefs.java|class:com.nononsenseapps.notepad.prefs.NotificationPrefs
NoLowMemoryResolver;aDoctor;/Users/rar9993/repos/research/fdroid_apps/similar_fdroid_vibe_apps/NotePad;/Users/rar9993/repos/research/fdroid_apps/similar_fdroid_vibe_apps/NotePad/app/src/main/java/com/nononsenseapps/notepad/prefs/NotificationPrefs.java;file:/Users/rar9993/repos/research/fdroid_apps/similar_fdroid_vibe_apps/NotePad/app/src/main/java/com/nononsenseapps/notepad/prefs/NotificationPrefs.java|class:com.nononsenseapps.notepad.prefs.NotificationPrefs
MemberIgnoringMethod;aDoctor;/Users/rar9993/repos/research/fdroid_apps/similar_fdroid_vibe_apps/NotePad;/Users/rar9993/repos/research/fdroid_apps/similar_fdroid_vibe_apps/NotePad/app/src/main/java/com/nononsenseapps/notepad/prefs/PasswordPrefs.java;file:/Users/rar9993/repos/research/fdroid_apps/similar_fdroid_vibe_apps/NotePad/app/src/main/java/com/nononsenseapps/notepad/prefs/PasswordPrefs.java|class:com.nononsenseapps.notepad.prefs.PasswordPrefs
NoLowMemoryResolver;aDoctor;/Users/rar9993/repos/research/fdroid_apps/similar_fdroid_vibe_apps/NotePad;/Users/rar9993/repos/research/fdroid_apps/similar_fdroid_vibe_apps/NotePad/app/src/main/java/com/nononsenseapps/notepad/prefs/PasswordPrefs.java;file:/Users/rar9993/repos/research/fdroid_apps/similar_fdroid_vibe_apps/NotePad/app/src/main/java/com/nononsenseapps/notepad/prefs/PasswordPrefs.java|class:com.nononsenseapps.notepad.prefs.PasswordPrefs
NoLowMemoryResolver;aDoctor;/Users/rar9993/repos/research/fdroid_apps/similar_fdroid_vibe_apps/NotePad;/Users/rar9993/repos/research/fdroid_apps/similar_fdroid_vibe_apps/NotePad/app/src/main/java/com/nononsenseapps/notepad/prefs/ListPrefs.java;file:/Users/rar9993/repos/research/fdroid_apps/similar_fdroid_vibe_apps/NotePad/app/src/main/java/com/nononsenseapps/notepad/prefs/ListPrefs.java|class:com.nononsenseapps.notepad.prefs.ListPrefs
MemberIgnoringMethod;aDoctor;/Users/rar9993/repos/research/fdroid_apps/similar_fdroid_vibe_apps/NotePad;/Users/rar9993/repos/research/fdroid_apps/similar_fdroid_vibe_apps/NotePad/app/src/main/java/com/nononsenseapps/notepad/prefs/SyncPrefs.java;file:/Users/rar9993/repos/research/fdroid_apps/similar_fdroid_vibe_apps/NotePad/app/src/main/java/com/nononsenseapps/notepad/prefs/SyncPrefs.java|class:com.nononsenseapps.notepad.prefs.SyncPrefs
NoLowMemoryResolver;aDoctor;/Users/rar9993/repos/research/fdroid_apps/similar_fdroid_vibe_apps/NotePad;/Users/rar9993/repos/research/fdroid_apps/similar_fdroid_vibe_apps/NotePad/app/src/main/java/com/nononsenseapps/notepad/prefs/SyncPrefs.java;file:/Users/rar9993/repos/research/fdroid_apps/similar_fdroid_vibe_apps/NotePad/app/src/main/java/com/nononsenseapps/notepad/prefs/SyncPrefs.java|class:com.nononsenseapps.notepad.prefs.SyncPrefs
NoLowMemoryResolver;aDoctor;/Users/rar9993/repos/research/fdroid_apps/similar_fdroid_vibe_apps/NotePad;/Users/rar9993/repos/research/fdroid_apps/similar_fdroid_vibe_apps/NotePad/app/src/main/java/com/nononsenseapps/notepad/prefs/AboutPrefs.java;file:/Users/rar9993/repos/research/fdroid_apps/similar_fdroid_vibe_apps/NotePad/app/src/main/java/com/nononsenseapps/notepad/prefs/AboutPrefs.java|class:com.nononsenseapps.notepad.prefs.AboutPrefs
MemberIgnoringMethod;aDoctor;/Users/rar9993/repos/research/fdroid_apps/similar_fdroid_vibe_apps/NotePad;/Users/rar9993/repos/research/fdroid_apps/similar_fdroid_vibe_apps/NotePad/app/src/main/java/com/nononsenseapps/notepad/prefs/AppearancePrefs.java;file:/Users/rar9993/repos/research/fdroid_apps/similar_fdroid_vibe_apps/NotePad/app/src/main/java/com/nononsenseapps/notepad/prefs/AppearancePrefs.java|class:com.nononsenseapps.notepad.prefs.AppearancePrefs
NoLowMemoryResolver;aDoctor;/Users/rar9993/repos/research/fdroid_apps/similar_fdroid_vibe_apps/NotePad;/Users/rar9993/repos/research/fdroid_apps/similar_fdroid_vibe_apps/NotePad/app/src/main/java/com/nononsenseapps/notepad/prefs/AppearancePrefs.java;file:/Users/rar9993/repos/research/fdroid_apps/similar_fdroid_vibe_apps/NotePad/app/src/main/java/com/nononsenseapps/notepad/prefs/AppearancePrefs.java|class:com.nononsenseapps.notepad.prefs.AppearancePrefs
MemberIgnoringMethod;aDoctor;/Users/rar9993/repos/research/fdroid_apps/similar_fdroid_vibe_apps/NotePad;/Users/rar9993/repos/research/fdroid_apps/similar_fdroid_vibe_apps/NotePad/app/src/main/java/com/nononsenseapps/notepad/prefs/BackupPrefs.java;file:/Users/rar9993/repos/research/fdroid_apps/similar_fdroid_vibe_apps/NotePad/app/src/main/java/com/nononsenseapps/notepad/prefs/BackupPrefs.java|class:com.nononsenseapps.notepad.prefs.BackupPrefs
NoLowMemoryResolver;aDoctor;/Users/rar9993/repos/research/fdroid_apps/similar_fdroid_vibe_apps/NotePad;/Users/rar9993/repos/research/fdroid_apps/similar_fdroid_vibe_apps/NotePad/app/src/main/java/com/nononsenseapps/notepad/prefs/BackupPrefs.java;file:/Users/rar9993/repos/research/fdroid_apps/similar_fdroid_vibe_apps/NotePad/app/src/main/java/com/nononsenseapps/notepad/prefs/BackupPrefs.java|class:com.nononsenseapps.notepad.prefs.BackupPrefs
MemberIgnoringMethod;aDoctor;/Users/rar9993/repos/research/fdroid_apps/similar_fdroid_vibe_apps/NotePad;/Users/rar9993/repos/research/fdroid_apps/similar_fdroid_vibe_apps/NotePad/app/src/main/java/com/nononsenseapps/notepad/fragments/DialogExportBackup.java;file:/Users/rar9993/repos/research/fdroid_apps/similar_fdroid_vibe_apps/NotePad/app/src/main/java/com/nononsenseapps/notepad/fragments/DialogExportBackup.java|class:com.nononsenseapps.notepad.fragments.DialogExportBackup
DataTransmissionWithoutCompression;aDoctor;/Users/rar9993/repos/research/fdroid_apps/similar_fdroid_vibe_apps/NotePad;/Users/rar9993/repos/research/fdroid_apps/similar_fdroid_vibe_apps/NotePad/app/src/main/java/com/nononsenseapps/notepad/fragments/DialogRestoreBackup.java;file:/Users/rar9993/repos/research/fdroid_apps/similar_fdroid_vibe_apps/NotePad/app/src/main/java/com/nononsenseapps/notepad/fragments/DialogRestoreBackup.java|class:com.nononsenseapps.notepad.fragments.DialogRestoreBackup
MemberIgnoringMethod;aDoctor;/Users/rar9993/repos/research/fdroid_apps/similar_fdroid_vibe_apps/NotePad;/Users/rar9993/repos/research/fdroid_apps/similar_fdroid_vibe_apps/NotePad/app/src/main/java/com/nononsenseapps/notepad/fragments/DialogRestoreBackup.java;file:/Users/rar9993/repos/research/fdroid_apps/similar_fdroid_vibe_apps/NotePad/app/src/main/java/com/nononsenseapps/notepad/fragments/DialogRestoreBackup.java|class:com.nononsenseapps.notepad.fragments.DialogRestoreBackup
LeakingInnerClass;aDoctor;/Users/rar9993/repos/research/fdroid_apps/similar_fdroid_vibe_apps/NotePad;/Users/rar9993/repos/research/fdroid_apps/similar_fdroid_vibe_apps/NotePad/app/src/main/java/com/nononsenseapps/notepad/fragments/DialogRestore.java;file:/Users/rar9993/repos/research/fdroid_apps/similar_fdroid_vibe_apps/NotePad/app/src/main/java/com/nononsenseapps/notepad/fragments/DialogRestore.java|class:com.nononsenseapps.notepad.fragments.DialogRestore
MemberIgnoringMethod;aDoctor;/Users/rar9993/repos/research/fdroid_apps/similar_fdroid_vibe_apps/NotePad;/Users/rar9993/repos/research/fdroid_apps/similar_fdroid_vibe_apps/NotePad/app/src/main/java/com/nononsenseapps/notepad/fragments/DialogRestore.java;file:/Users/rar9993/repos/research/fdroid_apps/similar_fdroid_vibe_apps/NotePad/app/src/main/java/com/nononsenseapps/notepad/fragments/DialogRestore.java|class:com.nononsenseapps.notepad.fragments.DialogRestore
NoLowMemoryResolver;aDoctor;/Users/rar9993/repos/research/fdroid_apps/similar_fdroid_vibe_apps/NotePad;/Users/rar9993/repos/research/fdroid_apps/similar_fdroid_vibe_apps/NotePad/app/src/main/java/com/nononsenseapps/notepad/fragments/DialogRestore.java;file:/Users/rar9993/repos/research/fdroid_apps/similar_fdroid_vibe_apps/NotePad/app/src/main/java/com/nononsenseapps/notepad/fragments/DialogRestore.java|class:com.nononsenseapps.notepad.fragments.DialogRestore
UnclosedCloseable;aDoctor;/Users/rar9993/repos/research/fdroid_apps/similar_fdroid_vibe_apps/NotePad;/Users/rar9993/repos/research/fdroid_apps/similar_fdroid_vibe_apps/NotePad/app/src/main/java/com/nononsenseapps/notepad/fragments/DialogRestore.java;file:/Users/rar9993/repos/research/fdroid_apps/similar_fdroid_vibe_apps/NotePad/app/src/main/java/com/nononsenseapps/notepad/fragments/DialogRestore.java|class:com.nononsenseapps.notepad.fragments.DialogRestore
LeakingInnerClass;aDoctor;/Users/rar9993/repos/research/fdroid_apps/similar_fdroid_vibe_apps/NotePad;/Users/rar9993/repos/research/fdroid_apps/similar_fdroid_vibe_apps/NotePad/app/src/main/java/com/nononsenseapps/notepad/fragments/DialogEditList.java;file:/Users/rar9993/repos/research/fdroid_apps/similar_fdroid_vibe_apps/NotePad/app/src/main/java/com/nononsenseapps/notepad/fragments/DialogEditList.java|class:com.nononsenseapps.notepad.fragments.DialogEditList
MemberIgnoringMethod;aDoctor;/Users/rar9993/repos/research/fdroid_apps/similar_fdroid_vibe_apps/NotePad;/Users/rar9993/repos/research/fdroid_apps/similar_fdroid_vibe_apps/NotePad/app/src/main/java/com/nononsenseapps/notepad/fragments/DialogEditList.java;file:/Users/rar9993/repos/research/fdroid_apps/similar_fdroid_vibe_apps/NotePad/app/src/main/java/com/nononsenseapps/notepad/fragments/DialogEditList.java|class:com.nononsenseapps.notepad.fragments.DialogEditList
NoLowMemoryResolver;aDoctor;/Users/rar9993/repos/research/fdroid_apps/similar_fdroid_vibe_apps/NotePad;/Users/rar9993/repos/research/fdroid_apps/similar_fdroid_vibe_apps/NotePad/app/src/main/java/com/nononsenseapps/notepad/fragments/DialogEditList.java;file:/Users/rar9993/repos/research/fdroid_apps/similar_fdroid_vibe_apps/NotePad/app/src/main/java/com/nononsenseapps/notepad/fragments/DialogEditList.java|class:com.nononsenseapps.notepad.fragments.DialogEditList
UnclosedCloseable;aDoctor;/Users/rar9993/repos/research/fdroid_apps/similar_fdroid_vibe_apps/NotePad;/Users/rar9993/repos/research/fdroid_apps/similar_fdroid_vibe_apps/NotePad/app/src/main/java/com/nononsenseapps/notepad/fragments/DialogEditList.java;file:/Users/rar9993/repos/research/fdroid_apps/similar_fdroid_vibe_apps/NotePad/app/src/main/java/com/nononsenseapps/notepad/fragments/DialogEditList.java|class:com.nononsenseapps.notepad.fragments.DialogEditList
MemberIgnoringMethod;aDoctor;/Users/rar9993/repos/research/fdroid_apps/similar_fdroid_vibe_apps/NotePad;/Users/rar9993/repos/research/fdroid_apps/similar_fdroid_vibe_apps/NotePad/app/src/main/java/com/nononsenseapps/notepad/fragments/FragmentSearch.java;file:/Users/rar9993/repos/research/fdroid_apps/similar_fdroid_vibe_apps/NotePad/app/src/main/java/com/nononsenseapps/notepad/fragments/FragmentSearch.java|class:com.nononsenseapps.notepad.fragments.FragmentSearch
NoLowMemoryResolver;aDoctor;/Users/rar9993/repos/research/fdroid_apps/similar_fdroid_vibe_apps/NotePad;/Users/rar9993/repos/research/fdroid_apps/similar_fdroid_vibe_apps/NotePad/app/src/main/java/com/nononsenseapps/notepad/fragments/FragmentSearch.java;file:/Users/rar9993/repos/research/fdroid_apps/similar_fdroid_vibe_apps/NotePad/app/src/main/java/com/nononsenseapps/notepad/fragments/FragmentSearch.java|class:com.nononsenseapps.notepad.fragments.FragmentSearch
UnclosedCloseable;aDoctor;/Users/rar9993/repos/research/fdroid_apps/similar_fdroid_vibe_apps/NotePad;/Users/rar9993/repos/research/fdroid_apps/similar_fdroid_vibe_apps/NotePad/app/src/main/java/com/nononsenseapps/notepad/fragments/FragmentSearch.java;file:/Users/rar9993/repos/research/fdroid_apps/similar_fdroid_vibe_apps/NotePad/app/src/main/java/com/nononsenseapps/notepad/fragments/FragmentSearch.java|class:com.nononsenseapps.notepad.fragments.FragmentSearch
MemberIgnoringMethod;aDoctor;/Users/rar9993/repos/research/fdroid_apps/similar_fdroid_vibe_apps/NotePad;/Users/rar9993/repos/research/fdroid_apps/similar_fdroid_vibe_apps/NotePad/app/src/main/java/com/nononsenseapps/notepad/fragments/DialogDeleteList.java;file:/Users/rar9993/repos/research/fdroid_apps/similar_fdroid_vibe_apps/NotePad/app/src/main/java/com/nononsenseapps/notepad/fragments/DialogDeleteList.java|class:com.nononsenseapps.notepad.fragments.DialogDeleteList
LeakingInnerClass;aDoctor;/Users/rar9993/repos/research/fdroid_apps/similar_fdroid_vibe_apps/NotePad;/Users/rar9993/repos/research/fdroid_apps/similar_fdroid_vibe_apps/NotePad/app/src/main/java/com/nononsenseapps/notepad/fragments/TaskListViewPagerFragment.java;file:/Users/rar9993/repos/research/fdroid_apps/similar_fdroid_vibe_apps/NotePad/app/src/main/java/com/nononsenseapps/notepad/fragments/TaskListViewPagerFragment.java|class:com.nononsenseapps.notepad.fragments.TaskListViewPagerFragment
MemberIgnoringMethod;aDoctor;/Users/rar9993/repos/research/fdroid_apps/similar_fdroid_vibe_apps/NotePad;/Users/rar9993/repos/research/fdroid_apps/similar_fdroid_vibe_apps/NotePad/app/src/main/java/com/nononsenseapps/notepad/fragments/TaskListViewPagerFragment.java;file:/Users/rar9993/repos/research/fdroid_apps/similar_fdroid_vibe_apps/NotePad/app/src/main/java/com/nononsenseapps/notepad/fragments/TaskListViewPagerFragment.java|class:com.nononsenseapps.notepad.fragments.TaskListViewPagerFragment
NoLowMemoryResolver;aDoctor;/Users/rar9993/repos/research/fdroid_apps/similar_fdroid_vibe_apps/NotePad;/Users/rar9993/repos/research/fdroid_apps/similar_fdroid_vibe_apps/NotePad/app/src/main/java/com/nononsenseapps/notepad/fragments/TaskListViewPagerFragment.java;file:/Users/rar9993/repos/research/fdroid_apps/similar_fdroid_vibe_apps/NotePad/app/src/main/java/com/nononsenseapps/notepad/fragments/TaskListViewPagerFragment.java|class:com.nononsenseapps.notepad.fragments.TaskListViewPagerFragment
SlowForLoop;aDoctor;/Users/rar9993/repos/research/fdroid_apps/similar_fdroid_vibe_apps/NotePad;/Users/rar9993/repos/research/fdroid_apps/similar_fdroid_vibe_apps/NotePad/app/src/main/java/com/nononsenseapps/notepad/fragments/TaskListViewPagerFragment.java;file:/Users/rar9993/repos/research/fdroid_apps/similar_fdroid_vibe_apps/NotePad/app/src/main/java/com/nononsenseapps/notepad/fragments/TaskListViewPagerFragment.java|class:com.nononsenseapps.notepad.fragments.TaskListViewPagerFragment
UnclosedCloseable;aDoctor;/Users/rar9993/repos/research/fdroid_apps/similar_fdroid_vibe_apps/NotePad;/Users/rar9993/repos/research/fdroid_apps/similar_fdroid_vibe_apps/NotePad/app/src/main/java/com/nononsenseapps/notepad/fragments/TaskListViewPagerFragment.java;file:/Users/rar9993/repos/research/fdroid_apps/similar_fdroid_vibe_apps/NotePad/app/src/main/java/com/nononsenseapps/notepad/fragments/TaskListViewPagerFragment.java|class:com.nononsenseapps.notepad.fragments.TaskListViewPagerFragment
MemberIgnoringMethod;aDoctor;/Users/rar9993/repos/research/fdroid_apps/similar_fdroid_vibe_apps/NotePad;/Users/rar9993/repos/research/fdroid_apps/similar_fdroid_vibe_apps/NotePad/app/src/main/java/com/nononsenseapps/notepad/fragments/DialogMoveToList.java;file:/Users/rar9993/repos/research/fdroid_apps/similar_fdroid_vibe_apps/NotePad/app/src/main/java/com/nononsenseapps/notepad/fragments/DialogMoveToList.java|class:com.nononsenseapps.notepad.fragments.DialogMoveToList
NoLowMemoryResolver;aDoctor;/Users/rar9993/repos/research/fdroid_apps/similar_fdroid_vibe_apps/NotePad;/Users/rar9993/repos/research/fdroid_apps/similar_fdroid_vibe_apps/NotePad/app/src/main/java/com/nononsenseapps/notepad/fragments/DialogMoveToList.java;file:/Users/rar9993/repos/research/fdroid_apps/similar_fdroid_vibe_apps/NotePad/app/src/main/java/com/nononsenseapps/notepad/fragments/DialogMoveToList.java|class:com.nononsenseapps.notepad.fragments.DialogMoveToList
SlowForLoop;aDoctor;/Users/rar9993/repos/research/fdroid_apps/similar_fdroid_vibe_apps/NotePad;/Users/rar9993/repos/research/fdroid_apps/similar_fdroid_vibe_apps/NotePad/app/src/main/java/com/nononsenseapps/notepad/fragments/DialogMoveToList.java;file:/Users/rar9993/repos/research/fdroid_apps/similar_fdroid_vibe_apps/NotePad/app/src/main/java/com/nononsenseapps/notepad/fragments/DialogMoveToList.java|class:com.nononsenseapps.notepad.fragments.DialogMoveToList
UnclosedCloseable;aDoctor;/Users/rar9993/repos/research/fdroid_apps/similar_fdroid_vibe_apps/NotePad;/Users/rar9993/repos/research/fdroid_apps/similar_fdroid_vibe_apps/NotePad/app/src/main/java/com/nononsenseapps/notepad/fragments/DialogMoveToList.java;file:/Users/rar9993/repos/research/fdroid_apps/similar_fdroid_vibe_apps/NotePad/app/src/main/java/com/nononsenseapps/notepad/fragments/DialogMoveToList.java|class:com.nononsenseapps.notepad.fragments.DialogMoveToList
MemberIgnoringMethod;aDoctor;/Users/rar9993/repos/research/fdroid_apps/similar_fdroid_vibe_apps/NotePad;/Users/rar9993/repos/research/fdroid_apps/similar_fdroid_vibe_apps/NotePad/app/src/main/java/com/nononsenseapps/notepad/fragments/FragmentSearchDeleted.java;file:/Users/rar9993/repos/research/fdroid_apps/similar_fdroid_vibe_apps/NotePad/app/src/main/java/com/nononsenseapps/notepad/fragments/FragmentSearchDeleted.java|class:com.nononsenseapps.notepad.fragments.FragmentSearchDeleted
SlowForLoop;aDoctor;/Users/rar9993/repos/research/fdroid_apps/similar_fdroid_vibe_apps/NotePad;/Users/rar9993/repos/research/fdroid_apps/similar_fdroid_vibe_apps/NotePad/app/src/main/java/com/nononsenseapps/notepad/fragments/FragmentSearchDeleted.java;file:/Users/rar9993/repos/research/fdroid_apps/similar_fdroid_vibe_apps/NotePad/app/src/main/java/com/nononsenseapps/notepad/fragments/FragmentSearchDeleted.java|class:com.nononsenseapps.notepad.fragments.FragmentSearchDeleted
UnclosedCloseable;aDoctor;/Users/rar9993/repos/research/fdroid_apps/similar_fdroid_vibe_apps/NotePad;/Users/rar9993/repos/research/fdroid_apps/similar_fdroid_vibe_apps/NotePad/app/src/main/java/com/nononsenseapps/notepad/fragments/FragmentSearchDeleted.java;file:/Users/rar9993/repos/research/fdroid_apps/similar_fdroid_vibe_apps/NotePad/app/src/main/java/com/nononsenseapps/notepad/fragments/FragmentSearchDeleted.java|class:com.nononsenseapps.notepad.fragments.FragmentSearchDeleted
MemberIgnoringMethod;aDoctor;/Users/rar9993/repos/research/fdroid_apps/similar_fdroid_vibe_apps/NotePad;/Users/rar9993/repos/research/fdroid_apps/similar_fdroid_vibe_apps/NotePad/app/src/main/java/com/nononsenseapps/notepad/fragments/TaskDetailFragment.java;file:/Users/rar9993/repos/research/fdroid_apps/similar_fdroid_vibe_apps/NotePad/app/src/main/java/com/nononsenseapps/notepad/fragments/TaskDetailFragment.java|class:com.nononsenseapps.notepad.fragments.TaskDetailFragment
NoLowMemoryResolver;aDoctor;/Users/rar9993/repos/research/fdroid_apps/similar_fdroid_vibe_apps/NotePad;/Users/rar9993/repos/research/fdroid_apps/similar_fdroid_vibe_apps/NotePad/app/src/main/java/com/nononsenseapps/notepad/fragments/TaskDetailFragment.java;file:/Users/rar9993/repos/research/fdroid_apps/similar_fdroid_vibe_apps/NotePad/app/src/main/java/com/nononsenseapps/notepad/fragments/TaskDetailFragment.java|class:com.nononsenseapps.notepad.fragments.TaskDetailFragment
HashmapUsage;aDoctor;/Users/rar9993/repos/research/fdroid_apps/similar_fdroid_vibe_apps/NotePad;/Users/rar9993/repos/research/fdroid_apps/similar_fdroid_vibe_apps/NotePad/app/src/main/java/com/nononsenseapps/notepad/fragments/TaskListFragment.java;file:/Users/rar9993/repos/research/fdroid_apps/similar_fdroid_vibe_apps/NotePad/app/src/main/java/com/nononsenseapps/notepad/fragments/TaskListFragment.java|class:com.nononsenseapps.notepad.fragments.TaskListFragment
MemberIgnoringMethod;aDoctor;/Users/rar9993/repos/research/fdroid_apps/similar_fdroid_vibe_apps/NotePad;/Users/rar9993/repos/research/fdroid_apps/similar_fdroid_vibe_apps/NotePad/app/src/main/java/com/nononsenseapps/notepad/fragments/TaskListFragment.java;file:/Users/rar9993/repos/research/fdroid_apps/similar_fdroid_vibe_apps/NotePad/app/src/main/java/com/nononsenseapps/notepad/fragments/TaskListFragment.java|class:com.nononsenseapps.notepad.fragments.TaskListFragment
NoLowMemoryResolver;aDoctor;/Users/rar9993/repos/research/fdroid_apps/similar_fdroid_vibe_apps/NotePad;/Users/rar9993/repos/research/fdroid_apps/similar_fdroid_vibe_apps/NotePad/app/src/main/java/com/nononsenseapps/notepad/fragments/TaskListFragment.java;file:/Users/rar9993/repos/research/fdroid_apps/similar_fdroid_vibe_apps/NotePad/app/src/main/java/com/nononsenseapps/notepad/fragments/TaskListFragment.java|class:com.nononsenseapps.notepad.fragments.TaskListFragment
UnclosedCloseable;aDoctor;/Users/rar9993/repos/research/fdroid_apps/similar_fdroid_vibe_apps/NotePad;/Users/rar9993/repos/research/fdroid_apps/similar_fdroid_vibe_apps/NotePad/app/src/main/java/com/nononsenseapps/notepad/fragments/TaskListFragment.java;file:/Users/rar9993/repos/research/fdroid_apps/similar_fdroid_vibe_apps/NotePad/app/src/main/java/com/nononsenseapps/notepad/fragments/TaskListFragment.java|class:com.nononsenseapps.notepad.fragments.TaskListFragment
LeakingInnerClass;aDoctor;/Users/rar9993/repos/research/fdroid_apps/similar_fdroid_vibe_apps/NotePad;/Users/rar9993/repos/research/fdroid_apps/similar_fdroid_vibe_apps/NotePad/app/src/main/java/com/nononsenseapps/notepad/fragments/DialogPassword.java;file:/Users/rar9993/repos/research/fdroid_apps/similar_fdroid_vibe_apps/NotePad/app/src/main/java/com/nononsenseapps/notepad/fragments/DialogPassword.java|class:com.nononsenseapps.notepad.fragments.DialogPassword
NoLowMemoryResolver;aDoctor;/Users/rar9993/repos/research/fdroid_apps/similar_fdroid_vibe_apps/NotePad;/Users/rar9993/repos/research/fdroid_apps/similar_fdroid_vibe_apps/NotePad/app/src/main/java/com/nononsenseapps/notepad/fragments/DialogPassword.java;file:/Users/rar9993/repos/research/fdroid_apps/similar_fdroid_vibe_apps/NotePad/app/src/main/java/com/nononsenseapps/notepad/fragments/DialogPassword.java|class:com.nononsenseapps.notepad.fragments.DialogPassword
MemberIgnoringMethod;aDoctor;/Users/rar9993/repos/research/fdroid_apps/similar_fdroid_vibe_apps/NotePad;/Users/rar9993/repos/research/fdroid_apps/similar_fdroid_vibe_apps/NotePad/app/src/main/java/com/nononsenseapps/notepad/fragments/DialogDeleteTask.java;file:/Users/rar9993/repos/research/fdroid_apps/similar_fdroid_vibe_apps/NotePad/app/src/main/java/com/nononsenseapps/notepad/fragments/DialogDeleteTask.java|class:com.nononsenseapps.notepad.fragments.DialogDeleteTask
NoLowMemoryResolver;aDoctor;/Users/rar9993/repos/research/fdroid_apps/similar_fdroid_vibe_apps/NotePad;/Users/rar9993/repos/research/fdroid_apps/similar_fdroid_vibe_apps/NotePad/app/src/main/java/com/nononsenseapps/notepad/fragments/DialogPasswordV11.java;file:/Users/rar9993/repos/research/fdroid_apps/similar_fdroid_vibe_apps/NotePad/app/src/main/java/com/nononsenseapps/notepad/fragments/DialogPasswordV11.java|class:com.nononsenseapps.notepad.fragments.DialogPasswordV11
LeakingInnerClass;aDoctor;/Users/rar9993/repos/research/fdroid_apps/similar_fdroid_vibe_apps/NotePad;/Users/rar9993/repos/research/fdroid_apps/similar_fdroid_vibe_apps/NotePad/app/src/main/java/com/nononsenseapps/notepad/fragments/DialogConfirmBase.java;file:/Users/rar9993/repos/research/fdroid_apps/similar_fdroid_vibe_apps/NotePad/app/src/main/java/com/nononsenseapps/notepad/fragments/DialogConfirmBase.java|class:com.nononsenseapps.notepad.fragments.DialogConfirmBase
MemberIgnoringMethod;aDoctor;/Users/rar9993/repos/research/fdroid_apps/similar_fdroid_vibe_apps/NotePad;/Users/rar9993/repos/research/fdroid_apps/similar_fdroid_vibe_apps/NotePad/app/src/main/java/com/nononsenseapps/notepad/fragments/DialogConfirmBase.java;file:/Users/rar9993/repos/research/fdroid_apps/similar_fdroid_vibe_apps/NotePad/app/src/main/java/com/nononsenseapps/notepad/fragments/DialogConfirmBase.java|class:com.nononsenseapps.notepad.fragments.DialogConfirmBase
NoLowMemoryResolver;aDoctor;/Users/rar9993/repos/research/fdroid_apps/similar_fdroid_vibe_apps/NotePad;/Users/rar9993/repos/research/fdroid_apps/similar_fdroid_vibe_apps/NotePad/app/src/main/java/com/nononsenseapps/notepad/fragments/DialogConfirmBase.java;file:/Users/rar9993/repos/research/fdroid_apps/similar_fdroid_vibe_apps/NotePad/app/src/main/java/com/nononsenseapps/notepad/fragments/DialogConfirmBase.java|class:com.nononsenseapps.notepad.fragments.DialogConfirmBase
LeakingInnerClass;aDoctor;/Users/rar9993/repos/research/fdroid_apps/similar_fdroid_vibe_apps/NotePad;/Users/rar9993/repos/research/fdroid_apps/similar_fdroid_vibe_apps/NotePad/app/src/main/java/com/nononsenseapps/notepad/fragments/DialogConfirmBaseV11.java;file:/Users/rar9993/repos/research/fdroid_apps/similar_fdroid_vibe_apps/NotePad/app/src/main/java/com/nononsenseapps/notepad/fragments/DialogConfirmBaseV11.java|class:com.nononsenseapps.notepad.fragments.DialogConfirmBaseV11
MemberIgnoringMethod;aDoctor;/Users/rar9993/repos/research/fdroid_apps/similar_fdroid_vibe_apps/NotePad;/Users/rar9993/repos/research/fdroid_apps/similar_fdroid_vibe_apps/NotePad/app/src/main/java/com/nononsenseapps/notepad/fragments/DialogConfirmBaseV11.java;file:/Users/rar9993/repos/research/fdroid_apps/similar_fdroid_vibe_apps/NotePad/app/src/main/java/com/nononsenseapps/notepad/fragments/DialogConfirmBaseV11.java|class:com.nononsenseapps.notepad.fragments.DialogConfirmBaseV11
NoLowMemoryResolver;aDoctor;/Users/rar9993/repos/research/fdroid_apps/similar_fdroid_vibe_apps/NotePad;/Users/rar9993/repos/research/fdroid_apps/similar_fdroid_vibe_apps/NotePad/app/src/main/java/com/nononsenseapps/notepad/fragments/DialogConfirmBaseV11.java;file:/Users/rar9993/repos/research/fdroid_apps/similar_fdroid_vibe_apps/NotePad/app/src/main/java/com/nononsenseapps/notepad/fragments/DialogConfirmBaseV11.java|class:com.nononsenseapps.notepad.fragments.DialogConfirmBaseV11
MemberIgnoringMethod;aDoctor;/Users/rar9993/repos/research/fdroid_apps/similar_fdroid_vibe_apps/NotePad;/Users/rar9993/repos/research/fdroid_apps/similar_fdroid_vibe_apps/NotePad/app/src/main/java/com/nononsenseapps/notepad/widget/shortcut/ShortcutConfig.java;file:/Users/rar9993/repos/research/fdroid_apps/similar_fdroid_vibe_apps/NotePad/app/src/main/java/com/nononsenseapps/notepad/widget/shortcut/ShortcutConfig.java|class:com.nononsenseapps.notepad.widget.shortcut.ShortcutConfig
NoLowMemoryResolver;aDoctor;/Users/rar9993/repos/research/fdroid_apps/similar_fdroid_vibe_apps/NotePad;/Users/rar9993/repos/research/fdroid_apps/similar_fdroid_vibe_apps/NotePad/app/src/main/java/com/nononsenseapps/notepad/widget/shortcut/ShortcutConfig.java;file:/Users/rar9993/repos/research/fdroid_apps/similar_fdroid_vibe_apps/NotePad/app/src/main/java/com/nononsenseapps/notepad/widget/shortcut/ShortcutConfig.java|class:com.nononsenseapps.notepad.widget.shortcut.ShortcutConfig
UnclosedCloseable;aDoctor;/Users/rar9993/repos/research/fdroid_apps/similar_fdroid_vibe_apps/NotePad;/Users/rar9993/repos/research/fdroid_apps/similar_fdroid_vibe_apps/NotePad/app/src/main/java/com/nononsenseapps/notepad/widget/shortcut/ShortcutConfig.java;file:/Users/rar9993/repos/research/fdroid_apps/similar_fdroid_vibe_apps/NotePad/app/src/main/java/com/nononsenseapps/notepad/widget/shortcut/ShortcutConfig.java|class:com.nononsenseapps.notepad.widget.shortcut.ShortcutConfig
MemberIgnoringMethod;aDoctor;/Users/rar9993/repos/research/fdroid_apps/similar_fdroid_vibe_apps/NotePad;/Users/rar9993/repos/research/fdroid_apps/similar_fdroid_vibe_apps/NotePad/app/src/main/java/com/nononsenseapps/notepad/widget/list/ListWidgetConfig.java;file:/Users/rar9993/repos/research/fdroid_apps/similar_fdroid_vibe_apps/NotePad/app/src/main/java/com/nononsenseapps/notepad/widget/list/ListWidgetConfig.java|class:com.nononsenseapps.notepad.widget.list.ListWidgetConfig
NoLowMemoryResolver;aDoctor;/Users/rar9993/repos/research/fdroid_apps/similar_fdroid_vibe_apps/NotePad;/Users/rar9993/repos/research/fdroid_apps/similar_fdroid_vibe_apps/NotePad/app/src/main/java/com/nononsenseapps/notepad/widget/list/ListWidgetConfig.java;file:/Users/rar9993/repos/research/fdroid_apps/similar_fdroid_vibe_apps/NotePad/app/src/main/java/com/nononsenseapps/notepad/widget/list/ListWidgetConfig.java|class:com.nononsenseapps.notepad.widget.list.ListWidgetConfig
SlowForLoop;aDoctor;/Users/rar9993/repos/research/fdroid_apps/similar_fdroid_vibe_apps/NotePad;/Users/rar9993/repos/research/fdroid_apps/similar_fdroid_vibe_apps/NotePad/app/src/main/java/com/nononsenseapps/notepad/widget/list/ListWidgetConfig.java;file:/Users/rar9993/repos/research/fdroid_apps/similar_fdroid_vibe_apps/NotePad/app/src/main/java/com/nononsenseapps/notepad/widget/list/ListWidgetConfig.java|class:com.nononsenseapps.notepad.widget.list.ListWidgetConfig
NoLowMemoryResolver;aDoctor;/Users/rar9993/repos/research/fdroid_apps/similar_fdroid_vibe_apps/NotePad;/Users/rar9993/repos/research/fdroid_apps/similar_fdroid_vibe_apps/NotePad/app/src/main/java/com/nononsenseapps/notepad/widget/list/ListWidgetService.java;file:/Users/rar9993/repos/research/fdroid_apps/similar_fdroid_vibe_apps/NotePad/app/src/main/java/com/nononsenseapps/notepad/widget/list/ListWidgetService.java|class:com.nononsenseapps.notepad.widget.list.ListWidgetService
MemberIgnoringMethod;aDoctor;/Users/rar9993/repos/research/fdroid_apps/similar_fdroid_vibe_apps/NotePad;/Users/rar9993/repos/research/fdroid_apps/similar_fdroid_vibe_apps/NotePad/app/src/main/java/com/nononsenseapps/notepad/widget/list/ListWidgetProvider.java;file:/Users/rar9993/repos/research/fdroid_apps/similar_fdroid_vibe_apps/NotePad/app/src/main/java/com/nononsenseapps/notepad/widget/list/ListWidgetProvider.java|class:com.nononsenseapps.notepad.widget.list.ListWidgetProvider
NoLowMemoryResolver;aDoctor;/Users/rar9993/repos/research/fdroid_apps/similar_fdroid_vibe_apps/NotePad;/Users/rar9993/repos/research/fdroid_apps/similar_fdroid_vibe_apps/NotePad/app/src/main/java/com/nononsenseapps/notepad/dashclock/DashclockPrefActivity.java;file:/Users/rar9993/repos/research/fdroid_apps/similar_fdroid_vibe_apps/NotePad/app/src/main/java/com/nononsenseapps/notepad/dashclock/DashclockPrefActivity.java|class:com.nononsenseapps.notepad.dashclock.DashclockPrefActivity
MemberIgnoringMethod;aDoctor;/Users/rar9993/repos/research/fdroid_apps/similar_fdroid_vibe_apps/NotePad;/Users/rar9993/repos/research/fdroid_apps/similar_fdroid_vibe_apps/NotePad/app/src/main/java/com/nononsenseapps/notepad/dashclock/TasksExtension.java;file:/Users/rar9993/repos/research/fdroid_apps/similar_fdroid_vibe_apps/NotePad/app/src/main/java/com/nononsenseapps/notepad/dashclock/TasksExtension.java|class:com.nononsenseapps.notepad.dashclock.TasksExtension
MemberIgnoringMethod;aDoctor;/Users/rar9993/repos/research/fdroid_apps/similar_fdroid_vibe_apps/NotePad;/Users/rar9993/repos/research/fdroid_apps/similar_fdroid_vibe_apps/NotePad/app/src/main/java/com/nononsenseapps/notepad/dashclock/DashclockPrefsFragment.java;file:/Users/rar9993/repos/research/fdroid_apps/similar_fdroid_vibe_apps/NotePad/app/src/main/java/com/nononsenseapps/notepad/dashclock/DashclockPrefsFragment.java|class:com.nononsenseapps.notepad.dashclock.DashclockPrefsFragment
NoLowMemoryResolver;aDoctor;/Users/rar9993/repos/research/fdroid_apps/similar_fdroid_vibe_apps/NotePad;/Users/rar9993/repos/research/fdroid_apps/similar_fdroid_vibe_apps/NotePad/app/src/main/java/com/nononsenseapps/notepad/dashclock/DashclockPrefsFragment.java;file:/Users/rar9993/repos/research/fdroid_apps/similar_fdroid_vibe_apps/NotePad/app/src/main/java/com/nononsenseapps/notepad/dashclock/DashclockPrefsFragment.java|class:com.nononsenseapps.notepad.dashclock.DashclockPrefsFragment
MemberIgnoringMethod;aDoctor;/Users/rar9993/repos/research/fdroid_apps/similar_fdroid_vibe_apps/NotePad;/Users/rar9993/repos/research/fdroid_apps/similar_fdroid_vibe_apps/NotePad/app/src/main/java/com/nononsenseapps/notepad/NotePadBroadcastReceiver.java;file:/Users/rar9993/repos/research/fdroid_apps/similar_fdroid_vibe_apps/NotePad/app/src/main/java/com/nononsenseapps/notepad/NotePadBroadcastReceiver.java|class:com.nononsenseapps.notepad.NotePadBroadcastReceiver
NoLowMemoryResolver;aDoctor;/Users/rar9993/repos/research/fdroid_apps/similar_fdroid_vibe_apps/NotePad;/Users/rar9993/repos/research/fdroid_apps/similar_fdroid_vibe_apps/NotePad/app/src/main/java/com/nononsenseapps/notepad/NnnApp.java;file:/Users/rar9993/repos/research/fdroid_apps/similar_fdroid_vibe_apps/NotePad/app/src/main/java/com/nononsenseapps/notepad/NnnApp.java|class:com.nononsenseapps.notepad.NnnApp
DataTransmissionWithoutCompression;aDoctor;/Users/rar9993/repos/research/fdroid_apps/similar_fdroid_vibe_apps/NotePad;/Users/rar9993/repos/research/fdroid_apps/similar_fdroid_vibe_apps/NotePad/app/src/main/java/com/nononsenseapps/notepad/android/provider/TextFileProvider.java;file:/Users/rar9993/repos/research/fdroid_apps/similar_fdroid_vibe_apps/NotePad/app/src/main/java/com/nononsenseapps/notepad/android/provider/TextFileProvider.java|class:com.nononsenseapps.notepad.android.provider.TextFileProvider
MemberIgnoringMethod;aDoctor;/Users/rar9993/repos/research/fdroid_apps/similar_fdroid_vibe_apps/NotePad;/Users/rar9993/repos/research/fdroid_apps/similar_fdroid_vibe_apps/NotePad/app/src/main/java/com/nononsenseapps/notepad/android/provider/TextFileProvider.java;file:/Users/rar9993/repos/research/fdroid_apps/similar_fdroid_vibe_apps/NotePad/app/src/main/java/com/nononsenseapps/notepad/android/provider/TextFileProvider.java|class:com.nononsenseapps.notepad.android.provider.TextFileProvider
NoLowMemoryResolver;aDoctor;/Users/rar9993/repos/research/fdroid_apps/similar_fdroid_vibe_apps/NotePad;/Users/rar9993/repos/research/fdroid_apps/similar_fdroid_vibe_apps/NotePad/app/src/main/java/com/nononsenseapps/notepad/android/provider/TextFileProvider.java;file:/Users/rar9993/repos/research/fdroid_apps/similar_fdroid_vibe_apps/NotePad/app/src/main/java/com/nononsenseapps/notepad/android/provider/TextFileProvider.java|class:com.nononsenseapps.notepad.android.provider.TextFileProvider
UnclosedCloseable;aDoctor;/Users/rar9993/repos/research/fdroid_apps/similar_fdroid_vibe_apps/NotePad;/Users/rar9993/repos/research/fdroid_apps/similar_fdroid_vibe_apps/NotePad/app/src/main/java/com/nononsenseapps/notepad/android/provider/TextFileProvider.java;file:/Users/rar9993/repos/research/fdroid_apps/similar_fdroid_vibe_apps/NotePad/app/src/main/java/com/nononsenseapps/notepad/android/provider/TextFileProvider.java|class:com.nononsenseapps.notepad.android.provider.TextFileProvider
MemberIgnoringMethod;aDoctor;/Users/rar9993/repos/research/fdroid_apps/similar_fdroid_vibe_apps/NotePad;/Users/rar9993/repos/research/fdroid_apps/similar_fdroid_vibe_apps/NotePad/app/src/main/java/com/nononsenseapps/notepad/android/provider/DummyProvider.java;file:/Users/rar9993/repos/research/fdroid_apps/similar_fdroid_vibe_apps/NotePad/app/src/main/java/com/nononsenseapps/notepad/android/provider/DummyProvider.java|class:com.nononsenseapps.notepad.android.provider.DummyProvider
NoLowMemoryResolver;aDoctor;/Users/rar9993/repos/research/fdroid_apps/similar_fdroid_vibe_apps/NotePad;/Users/rar9993/repos/research/fdroid_apps/similar_fdroid_vibe_apps/NotePad/app/src/main/java/com/nononsenseapps/notepad/android/provider/DummyProvider.java;file:/Users/rar9993/repos/research/fdroid_apps/similar_fdroid_vibe_apps/NotePad/app/src/main/java/com/nononsenseapps/notepad/android/provider/DummyProvider.java|class:com.nononsenseapps.notepad.android.provider.DummyProvider
SlowForLoop;aDoctor;/Users/rar9993/repos/research/fdroid_apps/similar_fdroid_vibe_apps/NotePad;/Users/rar9993/repos/research/fdroid_apps/similar_fdroid_vibe_apps/NotePad/app/src/main/java/com/nononsenseapps/notepad/android/provider/DummyProvider.java;file:/Users/rar9993/repos/research/fdroid_apps/similar_fdroid_vibe_apps/NotePad/app/src/main/java/com/nononsenseapps/notepad/android/provider/DummyProvider.java|class:com.nononsenseapps.notepad.android.provider.DummyProvider
UnclosedCloseable;aDoctor;/Users/rar9993/repos/research/fdroid_apps/similar_fdroid_vibe_apps/NotePad;/Users/rar9993/repos/research/fdroid_apps/similar_fdroid_vibe_apps/NotePad/app/src/main/java/com/nononsenseapps/notepad/android/provider/DummyProvider.java;file:/Users/rar9993/repos/research/fdroid_apps/similar_fdroid_vibe_apps/NotePad/app/src/main/java/com/nononsenseapps/notepad/android/provider/DummyProvider.java|class:com.nononsenseapps.notepad.android.provider.DummyProvider
UnclosedCloseable;aDoctor;/Users/rar9993/repos/research/fdroid_apps/similar_fdroid_vibe_apps/NotePad;/Users/rar9993/repos/research/fdroid_apps/similar_fdroid_vibe_apps/NotePad/app/src/main/java/com/nononsenseapps/notepad/android/provider/ProviderHelper.java;file:/Users/rar9993/repos/research/fdroid_apps/similar_fdroid_vibe_apps/NotePad/app/src/main/java/com/nononsenseapps/notepad/android/provider/ProviderHelper.java|class:com.nononsenseapps.notepad.android.provider.ProviderHelper
MemberIgnoringMethod;aDoctor;/Users/rar9993/repos/research/fdroid_apps/similar_fdroid_vibe_apps/NotePad;/Users/rar9993/repos/research/fdroid_apps/similar_fdroid_vibe_apps/NotePad/app/src/main/java/com/nononsenseapps/notepad/activities/ActivitySearch.java;file:/Users/rar9993/repos/research/fdroid_apps/similar_fdroid_vibe_apps/NotePad/app/src/main/java/com/nononsenseapps/notepad/activities/ActivitySearch.java|class:com.nononsenseapps.notepad.activities.ActivitySearch
NoLowMemoryResolver;aDoctor;/Users/rar9993/repos/research/fdroid_apps/similar_fdroid_vibe_apps/NotePad;/Users/rar9993/repos/research/fdroid_apps/similar_fdroid_vibe_apps/NotePad/app/src/main/java/com/nononsenseapps/notepad/activities/ActivitySearch.java;file:/Users/rar9993/repos/research/fdroid_apps/similar_fdroid_vibe_apps/NotePad/app/src/main/java/com/nononsenseapps/notepad/activities/ActivitySearch.java|class:com.nononsenseapps.notepad.activities.ActivitySearch
MemberIgnoringMethod;aDoctor;/Users/rar9993/repos/research/fdroid_apps/similar_fdroid_vibe_apps/NotePad;/Users/rar9993/repos/research/fdroid_apps/similar_fdroid_vibe_apps/NotePad/app/src/main/java/com/nononsenseapps/notepad/activities/ActivityTaskHistory.java;file:/Users/rar9993/repos/research/fdroid_apps/similar_fdroid_vibe_apps/NotePad/app/src/main/java/com/nononsenseapps/notepad/activities/ActivityTaskHistory.java|class:com.nononsenseapps.notepad.activities.ActivityTaskHistory
NoLowMemoryResolver;aDoctor;/Users/rar9993/repos/research/fdroid_apps/similar_fdroid_vibe_apps/NotePad;/Users/rar9993/repos/research/fdroid_apps/similar_fdroid_vibe_apps/NotePad/app/src/main/java/com/nononsenseapps/notepad/activities/ActivityTaskHistory.java;file:/Users/rar9993/repos/research/fdroid_apps/similar_fdroid_vibe_apps/NotePad/app/src/main/java/com/nononsenseapps/notepad/activities/ActivityTaskHistory.java|class:com.nononsenseapps.notepad.activities.ActivityTaskHistory
UnclosedCloseable;aDoctor;/Users/rar9993/repos/research/fdroid_apps/similar_fdroid_vibe_apps/NotePad;/Users/rar9993/repos/research/fdroid_apps/similar_fdroid_vibe_apps/NotePad/app/src/main/java/com/nononsenseapps/notepad/activities/ActivityTaskHistory.java;file:/Users/rar9993/repos/research/fdroid_apps/similar_fdroid_vibe_apps/NotePad/app/src/main/java/com/nononsenseapps/notepad/activities/ActivityTaskHistory.java|class:com.nononsenseapps.notepad.activities.ActivityTaskHistory
MemberIgnoringMethod;aDoctor;/Users/rar9993/repos/research/fdroid_apps/similar_fdroid_vibe_apps/NotePad;/Users/rar9993/repos/research/fdroid_apps/similar_fdroid_vibe_apps/NotePad/app/src/main/java/com/nononsenseapps/notepad/activities/main/ActivityMain.java;file:/Users/rar9993/repos/research/fdroid_apps/similar_fdroid_vibe_apps/NotePad/app/src/main/java/com/nononsenseapps/notepad/activities/main/ActivityMain.java|class:com.nononsenseapps.notepad.activities.main.ActivityMain
NoLowMemoryResolver;aDoctor;/Users/rar9993/repos/research/fdroid_apps/similar_fdroid_vibe_apps/NotePad;/Users/rar9993/repos/research/fdroid_apps/similar_fdroid_vibe_apps/NotePad/app/src/main/java/com/nononsenseapps/notepad/activities/main/ActivityMain.java;file:/Users/rar9993/repos/research/fdroid_apps/similar_fdroid_vibe_apps/NotePad/app/src/main/java/com/nononsenseapps/notepad/activities/main/ActivityMain.java|class:com.nononsenseapps.notepad.activities.main.ActivityMain
MemberIgnoringMethod;aDoctor;/Users/rar9993/repos/research/fdroid_apps/similar_fdroid_vibe_apps/NotePad;/Users/rar9993/repos/research/fdroid_apps/similar_fdroid_vibe_apps/NotePad/app/src/main/java/com/nononsenseapps/notepad/activities/main/DrawerCursorLoader.java;file:/Users/rar9993/repos/research/fdroid_apps/similar_fdroid_vibe_apps/NotePad/app/src/main/java/com/nononsenseapps/notepad/activities/main/DrawerCursorLoader.java|class:com.nononsenseapps.notepad.activities.main.DrawerCursorLoader
UnclosedCloseable;aDoctor;/Users/rar9993/repos/research/fdroid_apps/similar_fdroid_vibe_apps/NotePad;/Users/rar9993/repos/research/fdroid_apps/similar_fdroid_vibe_apps/NotePad/app/src/main/java/com/nononsenseapps/notepad/activities/main/DrawerCursorLoader.java;file:/Users/rar9993/repos/research/fdroid_apps/similar_fdroid_vibe_apps/NotePad/app/src/main/java/com/nononsenseapps/notepad/activities/main/DrawerCursorLoader.java|class:com.nononsenseapps.notepad.activities.main.DrawerCursorLoader
DataTransmissionWithoutCompression;aDoctor;/Users/rar9993/repos/research/fdroid_apps/similar_fdroid_vibe_apps/NotePad;/Users/rar9993/repos/research/fdroid_apps/similar_fdroid_vibe_apps/NotePad/app/src/main/java/com/nononsenseapps/notepad/sync/orgsync/OrgProvider.java;file:/Users/rar9993/repos/research/fdroid_apps/similar_fdroid_vibe_apps/NotePad/app/src/main/java/com/nononsenseapps/notepad/sync/orgsync/OrgProvider.java|class:com.nononsenseapps.notepad.sync.orgsync.OrgProvider
MemberIgnoringMethod;aDoctor;/Users/rar9993/repos/research/fdroid_apps/similar_fdroid_vibe_apps/NotePad;/Users/rar9993/repos/research/fdroid_apps/similar_fdroid_vibe_apps/NotePad/app/src/main/java/com/nononsenseapps/notepad/sync/orgsync/OrgProvider.java;file:/Users/rar9993/repos/research/fdroid_apps/similar_fdroid_vibe_apps/NotePad/app/src/main/java/com/nononsenseapps/notepad/sync/orgsync/OrgProvider.java|class:com.nononsenseapps.notepad.sync.orgsync.OrgProvider
NoLowMemoryResolver;aDoctor;/Users/rar9993/repos/research/fdroid_apps/similar_fdroid_vibe_apps/NotePad;/Users/rar9993/repos/research/fdroid_apps/similar_fdroid_vibe_apps/NotePad/app/src/main/java/com/nononsenseapps/notepad/sync/orgsync/OrgProvider.java;file:/Users/rar9993/repos/research/fdroid_apps/similar_fdroid_vibe_apps/NotePad/app/src/main/java/com/nononsenseapps/notepad/sync/orgsync/OrgProvider.java|class:com.nononsenseapps.notepad.sync.orgsync.OrgProvider
DataTransmissionWithoutCompression;aDoctor;/Users/rar9993/repos/research/fdroid_apps/similar_fdroid_vibe_apps/NotePad;/Users/rar9993/repos/research/fdroid_apps/similar_fdroid_vibe_apps/NotePad/app/src/main/java/com/nononsenseapps/notepad/sync/orgsync/SDSynchronizer.java;file:/Users/rar9993/repos/research/fdroid_apps/similar_fdroid_vibe_apps/NotePad/app/src/main/java/com/nononsenseapps/notepad/sync/orgsync/SDSynchronizer.java|class:com.nononsenseapps.notepad.sync.orgsync.SDSynchronizer
MemberIgnoringMethod;aDoctor;/Users/rar9993/repos/research/fdroid_apps/similar_fdroid_vibe_apps/NotePad;/Users/rar9993/repos/research/fdroid_apps/similar_fdroid_vibe_apps/NotePad/app/src/main/java/com/nononsenseapps/notepad/sync/orgsync/SDSynchronizer.java;file:/Users/rar9993/repos/research/fdroid_apps/similar_fdroid_vibe_apps/NotePad/app/src/main/java/com/nononsenseapps/notepad/sync/orgsync/SDSynchronizer.java|class:com.nononsenseapps.notepad.sync.orgsync.SDSynchronizer
SlowForLoop;aDoctor;/Users/rar9993/repos/research/fdroid_apps/similar_fdroid_vibe_apps/NotePad;/Users/rar9993/repos/research/fdroid_apps/similar_fdroid_vibe_apps/NotePad/app/src/main/java/com/nononsenseapps/notepad/sync/orgsync/SDSynchronizer.java;file:/Users/rar9993/repos/research/fdroid_apps/similar_fdroid_vibe_apps/NotePad/app/src/main/java/com/nononsenseapps/notepad/sync/orgsync/SDSynchronizer.java|class:com.nononsenseapps.notepad.sync.orgsync.SDSynchronizer
DataTransmissionWithoutCompression;aDoctor;/Users/rar9993/repos/research/fdroid_apps/similar_fdroid_vibe_apps/NotePad;/Users/rar9993/repos/research/fdroid_apps/similar_fdroid_vibe_apps/NotePad/app/src/main/java/com/nononsenseapps/notepad/sync/orgsync/SynchronizerInterface.java;file:/Users/rar9993/repos/research/fdroid_apps/similar_fdroid_vibe_apps/NotePad/app/src/main/java/com/nononsenseapps/notepad/sync/orgsync/SynchronizerInterface.java|class:com.nononsenseapps.notepad.sync.orgsync.SynchronizerInterface
DataTransmissionWithoutCompression;aDoctor;/Users/rar9993/repos/research/fdroid_apps/similar_fdroid_vibe_apps/NotePad;/Users/rar9993/repos/research/fdroid_apps/similar_fdroid_vibe_apps/NotePad/app/src/main/java/com/nononsenseapps/notepad/sync/orgsync/RemoteTaskListFile.java;file:/Users/rar9993/repos/research/fdroid_apps/similar_fdroid_vibe_apps/NotePad/app/src/main/java/com/nononsenseapps/notepad/sync/orgsync/RemoteTaskListFile.java|class:com.nononsenseapps.notepad.sync.orgsync.RemoteTaskListFile
MemberIgnoringMethod;aDoctor;/Users/rar9993/repos/research/fdroid_apps/similar_fdroid_vibe_apps/NotePad;/Users/rar9993/repos/research/fdroid_apps/similar_fdroid_vibe_apps/NotePad/app/src/main/java/com/nononsenseapps/notepad/sync/orgsync/BackgroundSyncScheduler.java;file:/Users/rar9993/repos/research/fdroid_apps/similar_fdroid_vibe_apps/NotePad/app/src/main/java/com/nononsenseapps/notepad/sync/orgsync/BackgroundSyncScheduler.java|class:com.nononsenseapps.notepad.sync.orgsync.BackgroundSyncScheduler
LeakingInnerClass;aDoctor;/Users/rar9993/repos/research/fdroid_apps/similar_fdroid_vibe_apps/NotePad;/Users/rar9993/repos/research/fdroid_apps/similar_fdroid_vibe_apps/NotePad/app/src/main/java/com/nononsenseapps/notepad/sync/orgsync/OrgSyncService.java;file:/Users/rar9993/repos/research/fdroid_apps/similar_fdroid_vibe_apps/NotePad/app/src/main/java/com/nononsenseapps/notepad/sync/orgsync/OrgSyncService.java|class:com.nononsenseapps.notepad.sync.orgsync.OrgSyncService
MemberIgnoringMethod;aDoctor;/Users/rar9993/repos/research/fdroid_apps/similar_fdroid_vibe_apps/NotePad;/Users/rar9993/repos/research/fdroid_apps/similar_fdroid_vibe_apps/NotePad/app/src/main/java/com/nononsenseapps/notepad/sync/orgsync/OrgSyncService.java;file:/Users/rar9993/repos/research/fdroid_apps/similar_fdroid_vibe_apps/NotePad/app/src/main/java/com/nononsenseapps/notepad/sync/orgsync/OrgSyncService.java|class:com.nononsenseapps.notepad.sync.orgsync.OrgSyncService
NoLowMemoryResolver;aDoctor;/Users/rar9993/repos/research/fdroid_apps/similar_fdroid_vibe_apps/NotePad;/Users/rar9993/repos/research/fdroid_apps/similar_fdroid_vibe_apps/NotePad/app/src/main/java/com/nononsenseapps/notepad/sync/orgsync/OrgSyncService.java;file:/Users/rar9993/repos/research/fdroid_apps/similar_fdroid_vibe_apps/NotePad/app/src/main/java/com/nononsenseapps/notepad/sync/orgsync/OrgSyncService.java|class:com.nononsenseapps.notepad.sync.orgsync.OrgSyncService
DataTransmissionWithoutCompression;aDoctor;/Users/rar9993/repos/research/fdroid_apps/similar_fdroid_vibe_apps/NotePad;/Users/rar9993/repos/research/fdroid_apps/similar_fdroid_vibe_apps/NotePad/app/src/main/java/com/nononsenseapps/notepad/sync/orgsync/DBSyncBase.java;file:/Users/rar9993/repos/research/fdroid_apps/similar_fdroid_vibe_apps/NotePad/app/src/main/java/com/nononsenseapps/notepad/sync/orgsync/DBSyncBase.java|class:com.nononsenseapps.notepad.sync.orgsync.DBSyncBase
HashmapUsage;aDoctor;/Users/rar9993/repos/research/fdroid_apps/similar_fdroid_vibe_apps/NotePad;/Users/rar9993/repos/research/fdroid_apps/similar_fdroid_vibe_apps/NotePad/app/src/main/java/com/nononsenseapps/notepad/sync/orgsync/DBSyncBase.java;file:/Users/rar9993/repos/research/fdroid_apps/similar_fdroid_vibe_apps/NotePad/app/src/main/java/com/nononsenseapps/notepad/sync/orgsync/DBSyncBase.java|class:com.nononsenseapps.notepad.sync.orgsync.DBSyncBase
MemberIgnoringMethod;aDoctor;/Users/rar9993/repos/research/fdroid_apps/similar_fdroid_vibe_apps/NotePad;/Users/rar9993/repos/research/fdroid_apps/similar_fdroid_vibe_apps/NotePad/app/src/main/java/com/nononsenseapps/notepad/sync/orgsync/DBSyncBase.java;file:/Users/rar9993/repos/research/fdroid_apps/similar_fdroid_vibe_apps/NotePad/app/src/main/java/com/nononsenseapps/notepad/sync/orgsync/DBSyncBase.java|class:com.nononsenseapps.notepad.sync.orgsync.DBSyncBase
UnclosedCloseable;aDoctor;/Users/rar9993/repos/research/fdroid_apps/similar_fdroid_vibe_apps/NotePad;/Users/rar9993/repos/research/fdroid_apps/similar_fdroid_vibe_apps/NotePad/app/src/main/java/com/nononsenseapps/notepad/sync/orgsync/DBSyncBase.java;file:/Users/rar9993/repos/research/fdroid_apps/similar_fdroid_vibe_apps/NotePad/app/src/main/java/com/nononsenseapps/notepad/sync/orgsync/DBSyncBase.java|class:com.nononsenseapps.notepad.sync.orgsync.DBSyncBase
DataTransmissionWithoutCompression;aDoctor;/Users/rar9993/repos/research/fdroid_apps/similar_fdroid_vibe_apps/NotePad;/Users/rar9993/repos/research/fdroid_apps/similar_fdroid_vibe_apps/NotePad/app/src/main/java/com/nononsenseapps/notepad/sync/orgsync/Synchronizer.java;file:/Users/rar9993/repos/research/fdroid_apps/similar_fdroid_vibe_apps/NotePad/app/src/main/java/com/nononsenseapps/notepad/sync/orgsync/Synchronizer.java|class:com.nononsenseapps.notepad.sync.orgsync.Synchronizer
MemberIgnoringMethod;aDoctor;/Users/rar9993/repos/research/fdroid_apps/similar_fdroid_vibe_apps/NotePad;/Users/rar9993/repos/research/fdroid_apps/similar_fdroid_vibe_apps/NotePad/app/src/main/java/com/nononsenseapps/notepad/sync/orgsync/Synchronizer.java;file:/Users/rar9993/repos/research/fdroid_apps/similar_fdroid_vibe_apps/NotePad/app/src/main/java/com/nononsenseapps/notepad/sync/orgsync/Synchronizer.java|class:com.nononsenseapps.notepad.sync.orgsync.Synchronizer
DataTransmissionWithoutCompression;aDoctor;/Users/rar9993/repos/research/fdroid_apps/similar_fdroid_vibe_apps/NotePad;/Users/rar9993/repos/research/fdroid_apps/similar_fdroid_vibe_apps/NotePad/app/src/main/java/com/nononsenseapps/notepad/sync/orgsync/OrgConverter.java;file:/Users/rar9993/repos/research/fdroid_apps/similar_fdroid_vibe_apps/NotePad/app/src/main/java/com/nononsenseapps/notepad/sync/orgsync/OrgConverter.java|class:com.nononsenseapps.notepad.sync.orgsync.OrgConverter
DataTransmissionWithoutCompression;aDoctor;/Users/rar9993/repos/research/fdroid_apps/similar_fdroid_vibe_apps/NotePad;/Users/rar9993/repos/research/fdroid_apps/similar_fdroid_vibe_apps/NotePad/app/src/main/java/com/nononsenseapps/notepad/sync/files/JSONBackup.java;file:/Users/rar9993/repos/research/fdroid_apps/similar_fdroid_vibe_apps/NotePad/app/src/main/java/com/nononsenseapps/notepad/sync/files/JSONBackup.java|class:com.nononsenseapps.notepad.sync.files.JSONBackup
MemberIgnoringMethod;aDoctor;/Users/rar9993/repos/research/fdroid_apps/similar_fdroid_vibe_apps/NotePad;/Users/rar9993/repos/research/fdroid_apps/similar_fdroid_vibe_apps/NotePad/app/src/main/java/com/nononsenseapps/notepad/sync/files/JSONBackup.java;file:/Users/rar9993/repos/research/fdroid_apps/similar_fdroid_vibe_apps/NotePad/app/src/main/java/com/nononsenseapps/notepad/sync/files/JSONBackup.java|class:com.nononsenseapps.notepad.sync.files.JSONBackup
SlowForLoop;aDoctor;/Users/rar9993/repos/research/fdroid_apps/similar_fdroid_vibe_apps/NotePad;/Users/rar9993/repos/research/fdroid_apps/similar_fdroid_vibe_apps/NotePad/app/src/main/java/com/nononsenseapps/notepad/sync/files/JSONBackup.java;file:/Users/rar9993/repos/research/fdroid_apps/similar_fdroid_vibe_apps/NotePad/app/src/main/java/com/nononsenseapps/notepad/sync/files/JSONBackup.java|class:com.nononsenseapps.notepad.sync.files.JSONBackup
MemberIgnoringMethod;aDoctor;/Users/rar9993/repos/research/fdroid_apps/similar_fdroid_vibe_apps/NotePad;/Users/rar9993/repos/research/fdroid_apps/similar_fdroid_vibe_apps/NotePad/app/src/main/java/com/nononsenseapps/notepad/sync/googleapi/GoogleTaskList.java;file:/Users/rar9993/repos/research/fdroid_apps/similar_fdroid_vibe_apps/NotePad/app/src/main/java/com/nononsenseapps/notepad/sync/googleapi/GoogleTaskList.java|class:com.nononsenseapps.notepad.sync.googleapi.GoogleTaskList
MemberIgnoringMethod;aDoctor;/Users/rar9993/repos/research/fdroid_apps/similar_fdroid_vibe_apps/NotePad;/Users/rar9993/repos/research/fdroid_apps/similar_fdroid_vibe_apps/NotePad/app/src/main/java/com/nononsenseapps/notepad/sync/googleapi/GoogleTask.java;file:/Users/rar9993/repos/research/fdroid_apps/similar_fdroid_vibe_apps/NotePad/app/src/main/java/com/nononsenseapps/notepad/sync/googleapi/GoogleTask.java|class:com.nononsenseapps.notepad.sync.googleapi.GoogleTask
MemberIgnoringMethod;aDoctor;/Users/rar9993/repos/research/fdroid_apps/similar_fdroid_vibe_apps/NotePad;/Users/rar9993/repos/research/fdroid_apps/similar_fdroid_vibe_apps/NotePad/app/src/main/java/com/nononsenseapps/notepad/sync/SyncAdapter.java;file:/Users/rar9993/repos/research/fdroid_apps/similar_fdroid_vibe_apps/NotePad/app/src/main/java/com/nononsenseapps/notepad/sync/SyncAdapter.java|class:com.nononsenseapps.notepad.sync.SyncAdapter
UnclosedCloseable;aDoctor;/Users/rar9993/repos/research/fdroid_apps/similar_fdroid_vibe_apps/NotePad;/Users/rar9993/repos/research/fdroid_apps/similar_fdroid_vibe_apps/NotePad/external/drag-sort-listview/src/com/mobeta/android/dslv/ResourceDragSortCursorAdapter.java;file:/Users/rar9993/repos/research/fdroid_apps/similar_fdroid_vibe_apps/NotePad/external/drag-sort-listview/src/com/mobeta/android/dslv/ResourceDragSortCursorAdapter.java|class:com.mobeta.android.dslv.ResourceDragSortCursorAdapter
MemberIgnoringMethod;aDoctor;/Users/rar9993/repos/research/fdroid_apps/similar_fdroid_vibe_apps/NotePad;/Users/rar9993/repos/research/fdroid_apps/similar_fdroid_vibe_apps/NotePad/external/drag-sort-listview/src/com/mobeta/android/dslv/SimpleFloatViewManager.java;file:/Users/rar9993/repos/research/fdroid_apps/similar_fdroid_vibe_apps/NotePad/external/drag-sort-listview/src/com/mobeta/android/dslv/SimpleFloatViewManager.java|class:com.mobeta.android.dslv.SimpleFloatViewManager
DataTransmissionWithoutCompression;aDoctor;/Users/rar9993/repos/research/fdroid_apps/similar_fdroid_vibe_apps/NotePad;/Users/rar9993/repos/research/fdroid_apps/similar_fdroid_vibe_apps/NotePad/external/drag-sort-listview/src/com/mobeta/android/dslv/DragSortListView.java;file:/Users/rar9993/repos/research/fdroid_apps/similar_fdroid_vibe_apps/NotePad/external/drag-sort-listview/src/com/mobeta/android/dslv/DragSortListView.java|class:com.mobeta.android.dslv.DragSortListView
LeakingInnerClass;aDoctor;/Users/rar9993/repos/research/fdroid_apps/similar_fdroid_vibe_apps/NotePad;/Users/rar9993/repos/research/fdroid_apps/similar_fdroid_vibe_apps/NotePad/external/drag-sort-listview/src/com/mobeta/android/dslv/DragSortListView.java;file:/Users/rar9993/repos/research/fdroid_apps/similar_fdroid_vibe_apps/NotePad/external/drag-sort-listview/src/com/mobeta/android/dslv/DragSortListView.java|class:com.mobeta.android.dslv.DragSortListView
LeakingThread;aDoctor;/Users/rar9993/repos/research/fdroid_apps/similar_fdroid_vibe_apps/NotePad;/Users/rar9993/repos/research/fdroid_apps/similar_fdroid_vibe_apps/NotePad/external/drag-sort-listview/src/com/mobeta/android/dslv/DragSortListView.java;file:/Users/rar9993/repos/research/fdroid_apps/similar_fdroid_vibe_apps/NotePad/external/drag-sort-listview/src/com/mobeta/android/dslv/DragSortListView.java|class:com.mobeta.android.dslv.DragSortListView
MemberIgnoringMethod;aDoctor;/Users/rar9993/repos/research/fdroid_apps/similar_fdroid_vibe_apps/NotePad;/Users/rar9993/repos/research/fdroid_apps/similar_fdroid_vibe_apps/NotePad/external/drag-sort-listview/src/com/mobeta/android/dslv/DragSortListView.java;file:/Users/rar9993/repos/research/fdroid_apps/similar_fdroid_vibe_apps/NotePad/external/drag-sort-listview/src/com/mobeta/android/dslv/DragSortListView.java|class:com.mobeta.android.dslv.DragSortListView
SlowForLoop;aDoctor;/Users/rar9993/repos/research/fdroid_apps/similar_fdroid_vibe_apps/NotePad;/Users/rar9993/repos/research/fdroid_apps/similar_fdroid_vibe_apps/NotePad/external/drag-sort-listview/src/com/mobeta/android/dslv/DragSortListView.java;file:/Users/rar9993/repos/research/fdroid_apps/similar_fdroid_vibe_apps/NotePad/external/drag-sort-listview/src/com/mobeta/android/dslv/DragSortListView.java|class:com.mobeta.android.dslv.DragSortListView
MemberIgnoringMethod;aDoctor;/Users/rar9993/repos/research/fdroid_apps/similar_fdroid_vibe_apps/NotePad;/Users/rar9993/repos/research/fdroid_apps/similar_fdroid_vibe_apps/NotePad/external/drag-sort-listview/src/com/mobeta/android/dslv/DragSortCursorAdapter.java;file:/Users/rar9993/repos/research/fdroid_apps/similar_fdroid_vibe_apps/NotePad/external/drag-sort-listview/src/com/mobeta/android/dslv/DragSortCursorAdapter.java|class:com.mobeta.android.dslv.DragSortCursorAdapter
SlowForLoop;aDoctor;/Users/rar9993/repos/research/fdroid_apps/similar_fdroid_vibe_apps/NotePad;/Users/rar9993/repos/research/fdroid_apps/similar_fdroid_vibe_apps/NotePad/external/drag-sort-listview/src/com/mobeta/android/dslv/DragSortCursorAdapter.java;file:/Users/rar9993/repos/research/fdroid_apps/similar_fdroid_vibe_apps/NotePad/external/drag-sort-listview/src/com/mobeta/android/dslv/DragSortCursorAdapter.java|class:com.mobeta.android.dslv.DragSortCursorAdapter
UnclosedCloseable;aDoctor;/Users/rar9993/repos/research/fdroid_apps/similar_fdroid_vibe_apps/NotePad;/Users/rar9993/repos/research/fdroid_apps/similar_fdroid_vibe_apps/NotePad/external/drag-sort-listview/src/com/mobeta/android/dslv/DragSortCursorAdapter.java;file:/Users/rar9993/repos/research/fdroid_apps/similar_fdroid_vibe_apps/NotePad/external/drag-sort-listview/src/com/mobeta/android/dslv/DragSortCursorAdapter.java|class:com.mobeta.android.dslv.DragSortCursorAdapter
MemberIgnoringMethod;aDoctor;/Users/rar9993/repos/research/fdroid_apps/similar_fdroid_vibe_apps/NotePad;/Users/rar9993/repos/research/fdroid_apps/similar_fdroid_vibe_apps/NotePad/external/drag-sort-listview/src/com/mobeta/android/dslv/DragSortController.java;file:/Users/rar9993/repos/research/fdroid_apps/similar_fdroid_vibe_apps/NotePad/external/drag-sort-listview/src/com/mobeta/android/dslv/DragSortController.java|class:com.mobeta.android.dslv.DragSortController
MemberIgnoringMethod;aDoctor;/Users/rar9993/repos/research/fdroid_apps/similar_fdroid_vibe_apps/NotePad;/Users/rar9993/repos/research/fdroid_apps/similar_fdroid_vibe_apps/NotePad/external/drag-sort-listview/src/com/mobeta/android/dslv/DragSortItemView.java;file:/Users/rar9993/repos/research/fdroid_apps/similar_fdroid_vibe_apps/NotePad/external/drag-sort-listview/src/com/mobeta/android/dslv/DragSortItemView.java|class:com.mobeta.android.dslv.DragSortItemView
MemberIgnoringMethod;aDoctor;/Users/rar9993/repos/research/fdroid_apps/similar_fdroid_vibe_apps/NotePad;/Users/rar9993/repos/research/fdroid_apps/similar_fdroid_vibe_apps/NotePad/external/drag-sort-listview/src/com/mobeta/android/dslv/SimpleDragSortCursorAdapter.java;file:/Users/rar9993/repos/research/fdroid_apps/similar_fdroid_vibe_apps/NotePad/external/drag-sort-listview/src/com/mobeta/android/dslv/SimpleDragSortCursorAdapter.java|class:com.mobeta.android.dslv.SimpleDragSortCursorAdapter
SlowForLoop;aDoctor;/Users/rar9993/repos/research/fdroid_apps/similar_fdroid_vibe_apps/NotePad;/Users/rar9993/repos/research/fdroid_apps/similar_fdroid_vibe_apps/NotePad/external/drag-sort-listview/src/com/mobeta/android/dslv/SimpleDragSortCursorAdapter.java;file:/Users/rar9993/repos/research/fdroid_apps/similar_fdroid_vibe_apps/NotePad/external/drag-sort-listview/src/com/mobeta/android/dslv/SimpleDragSortCursorAdapter.java|class:com.mobeta.android.dslv.SimpleDragSortCursorAdapter
UnclosedCloseable;aDoctor;/Users/rar9993/repos/research/fdroid_apps/similar_fdroid_vibe_apps/NotePad;/Users/rar9993/repos/research/fdroid_apps/similar_fdroid_vibe_apps/NotePad/external/drag-sort-listview/src/com/mobeta/android/dslv/SimpleDragSortCursorAdapter.java;file:/Users/rar9993/repos/research/fdroid_apps/similar_fdroid_vibe_apps/NotePad/external/drag-sort-listview/src/com/mobeta/android/dslv/SimpleDragSortCursorAdapter.java|class:com.mobeta.android.dslv.SimpleDragSortCursorAdapter
RedundantFieldInitializer;PMD;/Users/rar9993/repos/research/fdroid_apps/similar_fdroid_vibe_apps/NotePad;/Users/rar9993/repos/research/fdroid_apps/similar_fdroid_vibe_apps/NotePad/app/dbgenout/com/nononsenseapps/notepad/database/DatabaseHandler.java;file:/Users/rar9993/repos/research/fdroid_apps/similar_fdroid_vibe_apps/NotePad/app/dbgenout/com/nononsenseapps/notepad/database/DatabaseHandler.java|line:25
AvoidInstantiatingObjectsInLoops;PMD;/Users/rar9993/repos/research/fdroid_apps/similar_fdroid_vibe_apps/NotePad;/Users/rar9993/repos/research/fdroid_apps/similar_fdroid_vibe_apps/NotePad/app/dbgenout/com/nononsenseapps/notepad/database/DatabaseHandler.java;file:/Users/rar9993/repos/research/fdroid_apps/similar_fdroid_vibe_apps/NotePad/app/dbgenout/com/nononsenseapps/notepad/database/DatabaseHandler.java|line:159
AppendCharacterWithChar;PMD;/Users/rar9993/repos/research/fdroid_apps/similar_fdroid_vibe_apps/NotePad;/Users/rar9993/repos/research/fdroid_apps/similar_fdroid_vibe_apps/NotePad/app/dbgenout/com/nononsenseapps/notepad/database/ItemProvider.java;file:/Users/rar9993/repos/research/fdroid_apps/similar_fdroid_vibe_apps/NotePad/app/dbgenout/com/nononsenseapps/notepad/database/ItemProvider.java|line:39
AppendCharacterWithChar;PMD;/Users/rar9993/repos/research/fdroid_apps/similar_fdroid_vibe_apps/NotePad;/Users/rar9993/repos/research/fdroid_apps/similar_fdroid_vibe_apps/NotePad/app/dbgenout/com/nononsenseapps/notepad/database/ItemProvider.java;file:/Users/rar9993/repos/research/fdroid_apps/similar_fdroid_vibe_apps/NotePad/app/dbgenout/com/nononsenseapps/notepad/database/ItemProvider.java|line:39
TooFewBranchesForSwitch;PMD;/Users/rar9993/repos/research/fdroid_apps/similar_fdroid_vibe_apps/NotePad;/Users/rar9993/repos/research/fdroid_apps/similar_fdroid_vibe_apps/NotePad/app/dbgenout/com/nononsenseapps/notepad/database/ItemProvider.java;file:/Users/rar9993/repos/research/fdroid_apps/similar_fdroid_vibe_apps/NotePad/app/dbgenout/com/nononsenseapps/notepad/database/ItemProvider.java|line:43
InefficientStringBuffering;PMD;/Users/rar9993/repos/research/fdroid_apps/similar_fdroid_vibe_apps/NotePad;/Users/rar9993/repos/research/fdroid_apps/similar_fdroid_vibe_apps/NotePad/app/dbgenout/com/nononsenseapps/notepad/database/ItemProvider.java;file:/Users/rar9993/repos/research/fdroid_apps/similar_fdroid_vibe_apps/NotePad/app/dbgenout/com/nononsenseapps/notepad/database/ItemProvider.java|line:50
AddEmptyString;PMD;/Users/rar9993/repos/research/fdroid_apps/similar_fdroid_vibe_apps/NotePad;/Users/rar9993/repos/research/fdroid_apps/similar_fdroid_vibe_apps/NotePad/app/dbgenout/com/nononsenseapps/notepad/database/taskviewItem.java;file:/Users/rar9993/repos/research/fdroid_apps/similar_fdroid_vibe_apps/NotePad/app/dbgenout/com/nononsenseapps/notepad/database/taskviewItem.java|line:105
AvoidFileStream;PMD;/Users/rar9993/repos/research/fdroid_apps/similar_fdroid_vibe_apps/NotePad;/Users/rar9993/repos/research/fdroid_apps/similar_fdroid_vibe_apps/NotePad/app/src/main/java/com/nononsenseapps/helpers/DocumentFileHelper.java;file:/Users/rar9993/repos/research/fdroid_apps/similar_fdroid_vibe_apps/NotePad/app/src/main/java/com/nononsenseapps/helpers/DocumentFileHelper.java|line:78
AvoidFileStream;PMD;/Users/rar9993/repos/research/fdroid_apps/similar_fdroid_vibe_apps/NotePad;/Users/rar9993/repos/research/fdroid_apps/similar_fdroid_vibe_apps/NotePad/app/src/main/java/com/nononsenseapps/helpers/FileHelper.java;file:/Users/rar9993/repos/research/fdroid_apps/similar_fdroid_vibe_apps/NotePad/app/src/main/java/com/nononsenseapps/helpers/FileHelper.java|line:42
AvoidCalendarDateCreation;PMD;/Users/rar9993/repos/research/fdroid_apps/similar_fdroid_vibe_apps/NotePad;/Users/rar9993/repos/research/fdroid_apps/similar_fdroid_vibe_apps/NotePad/app/src/main/java/com/nononsenseapps/helpers/NotificationHelper.java;file:/Users/rar9993/repos/research/fdroid_apps/similar_fdroid_vibe_apps/NotePad/app/src/main/java/com/nononsenseapps/helpers/NotificationHelper.java|line:159
AvoidCalendarDateCreation;PMD;/Users/rar9993/repos/research/fdroid_apps/similar_fdroid_vibe_apps/NotePad;/Users/rar9993/repos/research/fdroid_apps/similar_fdroid_vibe_apps/NotePad/app/src/main/java/com/nononsenseapps/helpers/NotificationHelper.java;file:/Users/rar9993/repos/research/fdroid_apps/similar_fdroid_vibe_apps/NotePad/app/src/main/java/com/nononsenseapps/helpers/NotificationHelper.java|line:209
AvoidCalendarDateCreation;PMD;/Users/rar9993/repos/research/fdroid_apps/similar_fdroid_vibe_apps/NotePad;/Users/rar9993/repos/research/fdroid_apps/similar_fdroid_vibe_apps/NotePad/app/src/main/java/com/nononsenseapps/helpers/NotificationHelper.java;file:/Users/rar9993/repos/research/fdroid_apps/similar_fdroid_vibe_apps/NotePad/app/src/main/java/com/nononsenseapps/helpers/NotificationHelper.java|line:475
AvoidInstantiatingObjectsInLoops;PMD;/Users/rar9993/repos/research/fdroid_apps/similar_fdroid_vibe_apps/NotePad;/Users/rar9993/repos/research/fdroid_apps/similar_fdroid_vibe_apps/NotePad/app/src/main/java/com/nononsenseapps/helpers/UpdateNotifier.java;file:/Users/rar9993/repos/research/fdroid_apps/similar_fdroid_vibe_apps/NotePad/app/src/main/java/com/nononsenseapps/helpers/UpdateNotifier.java|line:113
RedundantFieldInitializer;PMD;/Users/rar9993/repos/research/fdroid_apps/similar_fdroid_vibe_apps/NotePad;/Users/rar9993/repos/research/fdroid_apps/similar_fdroid_vibe_apps/NotePad/app/src/main/java/com/nononsenseapps/notepad/activities/ActivityTaskHistory.java;file:/Users/rar9993/repos/research/fdroid_apps/similar_fdroid_vibe_apps/NotePad/app/src/main/java/com/nononsenseapps/notepad/activities/ActivityTaskHistory.java|line:44
RedundantFieldInitializer;PMD;/Users/rar9993/repos/research/fdroid_apps/similar_fdroid_vibe_apps/NotePad;/Users/rar9993/repos/research/fdroid_apps/similar_fdroid_vibe_apps/NotePad/app/src/main/java/com/nononsenseapps/notepad/activities/main/ActivityMain.java;file:/Users/rar9993/repos/research/fdroid_apps/similar_fdroid_vibe_apps/NotePad/app/src/main/java/com/nononsenseapps/notepad/activities/main/ActivityMain.java|line:126
RedundantFieldInitializer;PMD;/Users/rar9993/repos/research/fdroid_apps/similar_fdroid_vibe_apps/NotePad;/Users/rar9993/repos/research/fdroid_apps/similar_fdroid_vibe_apps/NotePad/app/src/main/java/com/nononsenseapps/notepad/activities/main/ActivityMain.java;file:/Users/rar9993/repos/research/fdroid_apps/similar_fdroid_vibe_apps/NotePad/app/src/main/java/com/nononsenseapps/notepad/activities/main/ActivityMain.java|line:128
RedundantFieldInitializer;PMD;/Users/rar9993/repos/research/fdroid_apps/similar_fdroid_vibe_apps/NotePad;/Users/rar9993/repos/research/fdroid_apps/similar_fdroid_vibe_apps/NotePad/app/src/main/java/com/nononsenseapps/notepad/activities/main/ActivityMain.java;file:/Users/rar9993/repos/research/fdroid_apps/similar_fdroid_vibe_apps/NotePad/app/src/main/java/com/nononsenseapps/notepad/activities/main/ActivityMain.java|line:140
RedundantFieldInitializer;PMD;/Users/rar9993/repos/research/fdroid_apps/similar_fdroid_vibe_apps/NotePad;/Users/rar9993/repos/research/fdroid_apps/similar_fdroid_vibe_apps/NotePad/app/src/main/java/com/nononsenseapps/notepad/activities/main/ActivityMain.java;file:/Users/rar9993/repos/research/fdroid_apps/similar_fdroid_vibe_apps/NotePad/app/src/main/java/com/nononsenseapps/notepad/activities/main/ActivityMain.java|line:143
RedundantFieldInitializer;PMD;/Users/rar9993/repos/research/fdroid_apps/similar_fdroid_vibe_apps/NotePad;/Users/rar9993/repos/research/fdroid_apps/similar_fdroid_vibe_apps/NotePad/app/src/main/java/com/nononsenseapps/notepad/activities/main/ActivityMain.java;file:/Users/rar9993/repos/research/fdroid_apps/similar_fdroid_vibe_apps/NotePad/app/src/main/java/com/nononsenseapps/notepad/activities/main/ActivityMain.java|line:146
RedundantFieldInitializer;PMD;/Users/rar9993/repos/research/fdroid_apps/similar_fdroid_vibe_apps/NotePad;/Users/rar9993/repos/research/fdroid_apps/similar_fdroid_vibe_apps/NotePad/app/src/main/java/com/nononsenseapps/notepad/activities/main/ActivityMain.java;file:/Users/rar9993/repos/research/fdroid_apps/similar_fdroid_vibe_apps/NotePad/app/src/main/java/com/nononsenseapps/notepad/activities/main/ActivityMain.java|line:157
AppendCharacterWithChar;PMD;/Users/rar9993/repos/research/fdroid_apps/similar_fdroid_vibe_apps/NotePad;/Users/rar9993/repos/research/fdroid_apps/similar_fdroid_vibe_apps/NotePad/app/src/main/java/com/nononsenseapps/notepad/activities/main/ActivityMainHelper.java;file:/Users/rar9993/repos/research/fdroid_apps/similar_fdroid_vibe_apps/NotePad/app/src/main/java/com/nononsenseapps/notepad/activities/main/ActivityMainHelper.java|line:72
AvoidInstantiatingObjectsInLoops;PMD;/Users/rar9993/repos/research/fdroid_apps/similar_fdroid_vibe_apps/NotePad;/Users/rar9993/repos/research/fdroid_apps/similar_fdroid_vibe_apps/NotePad/app/src/main/java/com/nononsenseapps/notepad/android/provider/DummyProvider.java;file:/Users/rar9993/repos/research/fdroid_apps/similar_fdroid_vibe_apps/NotePad/app/src/main/java/com/nononsenseapps/notepad/android/provider/DummyProvider.java|line:65
AvoidInstantiatingObjectsInLoops;PMD;/Users/rar9993/repos/research/fdroid_apps/similar_fdroid_vibe_apps/NotePad;/Users/rar9993/repos/research/fdroid_apps/similar_fdroid_vibe_apps/NotePad/app/src/main/java/com/nononsenseapps/notepad/android/provider/DummyProvider.java;file:/Users/rar9993/repos/research/fdroid_apps/similar_fdroid_vibe_apps/NotePad/app/src/main/java/com/nononsenseapps/notepad/android/provider/DummyProvider.java|line:69
AvoidInstantiatingObjectsInLoops;PMD;/Users/rar9993/repos/research/fdroid_apps/similar_fdroid_vibe_apps/NotePad;/Users/rar9993/repos/research/fdroid_apps/similar_fdroid_vibe_apps/NotePad/app/src/main/java/com/nononsenseapps/notepad/android/provider/DummyProvider.java;file:/Users/rar9993/repos/research/fdroid_apps/similar_fdroid_vibe_apps/NotePad/app/src/main/java/com/nononsenseapps/notepad/android/provider/DummyProvider.java|line:73
TooFewBranchesForSwitch;PMD;/Users/rar9993/repos/research/fdroid_apps/similar_fdroid_vibe_apps/NotePad;/Users/rar9993/repos/research/fdroid_apps/similar_fdroid_vibe_apps/NotePad/app/src/main/java/com/nononsenseapps/notepad/android/provider/DummyProvider.java;file:/Users/rar9993/repos/research/fdroid_apps/similar_fdroid_vibe_apps/NotePad/app/src/main/java/com/nononsenseapps/notepad/android/provider/DummyProvider.java|line:86
TooFewBranchesForSwitch;PMD;/Users/rar9993/repos/research/fdroid_apps/similar_fdroid_vibe_apps/NotePad;/Users/rar9993/repos/research/fdroid_apps/similar_fdroid_vibe_apps/NotePad/app/src/main/java/com/nononsenseapps/notepad/android/provider/DummyProvider.java;file:/Users/rar9993/repos/research/fdroid_apps/similar_fdroid_vibe_apps/NotePad/app/src/main/java/com/nononsenseapps/notepad/android/provider/DummyProvider.java|line:105
TooFewBranchesForSwitch;PMD;/Users/rar9993/repos/research/fdroid_apps/similar_fdroid_vibe_apps/NotePad;/Users/rar9993/repos/research/fdroid_apps/similar_fdroid_vibe_apps/NotePad/app/src/main/java/com/nononsenseapps/notepad/android/provider/DummyProvider.java;file:/Users/rar9993/repos/research/fdroid_apps/similar_fdroid_vibe_apps/NotePad/app/src/main/java/com/nononsenseapps/notepad/android/provider/DummyProvider.java|line:240
RedundantFieldInitializer;PMD;/Users/rar9993/repos/research/fdroid_apps/similar_fdroid_vibe_apps/NotePad;/Users/rar9993/repos/research/fdroid_apps/similar_fdroid_vibe_apps/NotePad/app/src/main/java/com/nononsenseapps/notepad/android/provider/DummyProvider.java;file:/Users/rar9993/repos/research/fdroid_apps/similar_fdroid_vibe_apps/NotePad/app/src/main/java/com/nononsenseapps/notepad/android/provider/DummyProvider.java|line:312
RedundantFieldInitializer;PMD;/Users/rar9993/repos/research/fdroid_apps/similar_fdroid_vibe_apps/NotePad;/Users/rar9993/repos/research/fdroid_apps/similar_fdroid_vibe_apps/NotePad/app/src/main/java/com/nononsenseapps/notepad/android/provider/DummyProvider.java;file:/Users/rar9993/repos/research/fdroid_apps/similar_fdroid_vibe_apps/NotePad/app/src/main/java/com/nononsenseapps/notepad/android/provider/DummyProvider.java|line:314
RedundantFieldInitializer;PMD;/Users/rar9993/repos/research/fdroid_apps/similar_fdroid_vibe_apps/NotePad;/Users/rar9993/repos/research/fdroid_apps/similar_fdroid_vibe_apps/NotePad/app/src/main/java/com/nononsenseapps/notepad/android/provider/DummyProvider.java;file:/Users/rar9993/repos/research/fdroid_apps/similar_fdroid_vibe_apps/NotePad/app/src/main/java/com/nononsenseapps/notepad/android/provider/DummyProvider.java|line:315
RedundantFieldInitializer;PMD;/Users/rar9993/repos/research/fdroid_apps/similar_fdroid_vibe_apps/NotePad;/Users/rar9993/repos/research/fdroid_apps/similar_fdroid_vibe_apps/NotePad/app/src/main/java/com/nononsenseapps/notepad/android/provider/DummyProvider.java;file:/Users/rar9993/repos/research/fdroid_apps/similar_fdroid_vibe_apps/NotePad/app/src/main/java/com/nononsenseapps/notepad/android/provider/DummyProvider.java|line:316
RedundantFieldInitializer;PMD;/Users/rar9993/repos/research/fdroid_apps/similar_fdroid_vibe_apps/NotePad;/Users/rar9993/repos/research/fdroid_apps/similar_fdroid_vibe_apps/NotePad/app/src/main/java/com/nononsenseapps/notepad/android/provider/DummyProvider.java;file:/Users/rar9993/repos/research/fdroid_apps/similar_fdroid_vibe_apps/NotePad/app/src/main/java/com/nononsenseapps/notepad/android/provider/DummyProvider.java|line:317
UseIndexOfChar;PMD;/Users/rar9993/repos/research/fdroid_apps/similar_fdroid_vibe_apps/NotePad;/Users/rar9993/repos/research/fdroid_apps/similar_fdroid_vibe_apps/NotePad/app/src/main/java/com/nononsenseapps/notepad/android/provider/ProviderHelper.java;file:/Users/rar9993/repos/research/fdroid_apps/similar_fdroid_vibe_apps/NotePad/app/src/main/java/com/nononsenseapps/notepad/android/provider/ProviderHelper.java|line:95
UseIndexOfChar;PMD;/Users/rar9993/repos/research/fdroid_apps/similar_fdroid_vibe_apps/NotePad;/Users/rar9993/repos/research/fdroid_apps/similar_fdroid_vibe_apps/NotePad/app/src/main/java/com/nononsenseapps/notepad/android/provider/ProviderHelper.java;file:/Users/rar9993/repos/research/fdroid_apps/similar_fdroid_vibe_apps/NotePad/app/src/main/java/com/nononsenseapps/notepad/android/provider/ProviderHelper.java|line:112
UseIndexOfChar;PMD;/Users/rar9993/repos/research/fdroid_apps/similar_fdroid_vibe_apps/NotePad;/Users/rar9993/repos/research/fdroid_apps/similar_fdroid_vibe_apps/NotePad/app/src/main/java/com/nononsenseapps/notepad/android/provider/ProviderHelper.java;file:/Users/rar9993/repos/research/fdroid_apps/similar_fdroid_vibe_apps/NotePad/app/src/main/java/com/nononsenseapps/notepad/android/provider/ProviderHelper.java|line:133
AvoidInstantiatingObjectsInLoops;PMD;/Users/rar9993/repos/research/fdroid_apps/similar_fdroid_vibe_apps/NotePad;/Users/rar9993/repos/research/fdroid_apps/similar_fdroid_vibe_apps/NotePad/app/src/main/java/com/nononsenseapps/notepad/android/provider/TextFileProvider.java;file:/Users/rar9993/repos/research/fdroid_apps/similar_fdroid_vibe_apps/NotePad/app/src/main/java/com/nononsenseapps/notepad/android/provider/TextFileProvider.java|line:149
AvoidCalendarDateCreation;PMD;/Users/rar9993/repos/research/fdroid_apps/similar_fdroid_vibe_apps/NotePad;/Users/rar9993/repos/research/fdroid_apps/similar_fdroid_vibe_apps/NotePad/app/src/main/java/com/nononsenseapps/notepad/dashclock/TasksExtension.java;file:/Users/rar9993/repos/research/fdroid_apps/similar_fdroid_vibe_apps/NotePad/app/src/main/java/com/nononsenseapps/notepad/dashclock/TasksExtension.java|line:141
UseStringBufferForStringAppends;PMD;/Users/rar9993/repos/research/fdroid_apps/similar_fdroid_vibe_apps/NotePad;/Users/rar9993/repos/research/fdroid_apps/similar_fdroid_vibe_apps/NotePad/app/src/main/java/com/nononsenseapps/notepad/dashclock/TasksExtension.java;file:/Users/rar9993/repos/research/fdroid_apps/similar_fdroid_vibe_apps/NotePad/app/src/main/java/com/nononsenseapps/notepad/dashclock/TasksExtension.java|line:151
UseStringBufferForStringAppends;PMD;/Users/rar9993/repos/research/fdroid_apps/similar_fdroid_vibe_apps/NotePad;/Users/rar9993/repos/research/fdroid_apps/similar_fdroid_vibe_apps/NotePad/app/src/main/java/com/nononsenseapps/notepad/dashclock/TasksExtension.java;file:/Users/rar9993/repos/research/fdroid_apps/similar_fdroid_vibe_apps/NotePad/app/src/main/java/com/nononsenseapps/notepad/dashclock/TasksExtension.java|line:152
UseStringBufferForStringAppends;PMD;/Users/rar9993/repos/research/fdroid_apps/similar_fdroid_vibe_apps/NotePad;/Users/rar9993/repos/research/fdroid_apps/similar_fdroid_vibe_apps/NotePad/app/src/main/java/com/nononsenseapps/notepad/dashclock/TasksExtension.java;file:/Users/rar9993/repos/research/fdroid_apps/similar_fdroid_vibe_apps/NotePad/app/src/main/java/com/nononsenseapps/notepad/dashclock/TasksExtension.java|line:154
UseStringBufferForStringAppends;PMD;/Users/rar9993/repos/research/fdroid_apps/similar_fdroid_vibe_apps/NotePad;/Users/rar9993/repos/research/fdroid_apps/similar_fdroid_vibe_apps/NotePad/app/src/main/java/com/nononsenseapps/notepad/dashclock/TasksExtension.java;file:/Users/rar9993/repos/research/fdroid_apps/similar_fdroid_vibe_apps/NotePad/app/src/main/java/com/nononsenseapps/notepad/dashclock/TasksExtension.java|line:164
UseStringBufferForStringAppends;PMD;/Users/rar9993/repos/research/fdroid_apps/similar_fdroid_vibe_apps/NotePad;/Users/rar9993/repos/research/fdroid_apps/similar_fdroid_vibe_apps/NotePad/app/src/main/java/com/nononsenseapps/notepad/dashclock/TasksExtension.java;file:/Users/rar9993/repos/research/fdroid_apps/similar_fdroid_vibe_apps/NotePad/app/src/main/java/com/nononsenseapps/notepad/dashclock/TasksExtension.java|line:165
UseStringBufferForStringAppends;PMD;/Users/rar9993/repos/research/fdroid_apps/similar_fdroid_vibe_apps/NotePad;/Users/rar9993/repos/research/fdroid_apps/similar_fdroid_vibe_apps/NotePad/app/src/main/java/com/nononsenseapps/notepad/dashclock/TasksExtension.java;file:/Users/rar9993/repos/research/fdroid_apps/similar_fdroid_vibe_apps/NotePad/app/src/main/java/com/nononsenseapps/notepad/dashclock/TasksExtension.java|line:180
UseStringBufferForStringAppends;PMD;/Users/rar9993/repos/research/fdroid_apps/similar_fdroid_vibe_apps/NotePad;/Users/rar9993/repos/research/fdroid_apps/similar_fdroid_vibe_apps/NotePad/app/src/main/java/com/nononsenseapps/notepad/dashclock/TasksExtension.java;file:/Users/rar9993/repos/research/fdroid_apps/similar_fdroid_vibe_apps/NotePad/app/src/main/java/com/nononsenseapps/notepad/dashclock/TasksExtension.java|line:184
AddEmptyString;PMD;/Users/rar9993/repos/research/fdroid_apps/similar_fdroid_vibe_apps/NotePad;/Users/rar9993/repos/research/fdroid_apps/similar_fdroid_vibe_apps/NotePad/app/src/main/java/com/nononsenseapps/notepad/database/DAO.java;file:/Users/rar9993/repos/research/fdroid_apps/similar_fdroid_vibe_apps/NotePad/app/src/main/java/com/nononsenseapps/notepad/database/DAO.java|line:35
ConsecutiveAppendsShouldReuse;PMD;/Users/rar9993/repos/research/fdroid_apps/similar_fdroid_vibe_apps/NotePad;/Users/rar9993/repos/research/fdroid_apps/similar_fdroid_vibe_apps/NotePad/app/src/main/java/com/nononsenseapps/notepad/database/DAO.java;file:/Users/rar9993/repos/research/fdroid_apps/similar_fdroid_vibe_apps/NotePad/app/src/main/java/com/nononsenseapps/notepad/database/DAO.java|line:43
AppendCharacterWithChar;PMD;/Users/rar9993/repos/research/fdroid_apps/similar_fdroid_vibe_apps/NotePad;/Users/rar9993/repos/research/fdroid_apps/similar_fdroid_vibe_apps/NotePad/app/src/main/java/com/nononsenseapps/notepad/database/DAO.java;file:/Users/rar9993/repos/research/fdroid_apps/similar_fdroid_vibe_apps/NotePad/app/src/main/java/com/nononsenseapps/notepad/database/DAO.java|line:43
ConsecutiveAppendsShouldReuse;PMD;/Users/rar9993/repos/research/fdroid_apps/similar_fdroid_vibe_apps/NotePad;/Users/rar9993/repos/research/fdroid_apps/similar_fdroid_vibe_apps/NotePad/app/src/main/java/com/nononsenseapps/notepad/database/DAO.java;file:/Users/rar9993/repos/research/fdroid_apps/similar_fdroid_vibe_apps/NotePad/app/src/main/java/com/nononsenseapps/notepad/database/DAO.java|line:44
AddEmptyString;PMD;/Users/rar9993/repos/research/fdroid_apps/similar_fdroid_vibe_apps/NotePad;/Users/rar9993/repos/research/fdroid_apps/similar_fdroid_vibe_apps/NotePad/app/src/main/java/com/nononsenseapps/notepad/database/DAO.java;file:/Users/rar9993/repos/research/fdroid_apps/similar_fdroid_vibe_apps/NotePad/app/src/main/java/com/nononsenseapps/notepad/database/DAO.java|line:74
AppendCharacterWithChar;PMD;/Users/rar9993/repos/research/fdroid_apps/similar_fdroid_vibe_apps/NotePad;/Users/rar9993/repos/research/fdroid_apps/similar_fdroid_vibe_apps/NotePad/app/src/main/java/com/nononsenseapps/notepad/database/DAO.java;file:/Users/rar9993/repos/research/fdroid_apps/similar_fdroid_vibe_apps/NotePad/app/src/main/java/com/nononsenseapps/notepad/database/DAO.java|line:99
AppendCharacterWithChar;PMD;/Users/rar9993/repos/research/fdroid_apps/similar_fdroid_vibe_apps/NotePad;/Users/rar9993/repos/research/fdroid_apps/similar_fdroid_vibe_apps/NotePad/app/src/main/java/com/nononsenseapps/notepad/database/DAO.java;file:/Users/rar9993/repos/research/fdroid_apps/similar_fdroid_vibe_apps/NotePad/app/src/main/java/com/nononsenseapps/notepad/database/DAO.java|line:135
ConsecutiveAppendsShouldReuse;PMD;/Users/rar9993/repos/research/fdroid_apps/similar_fdroid_vibe_apps/NotePad;/Users/rar9993/repos/research/fdroid_apps/similar_fdroid_vibe_apps/NotePad/app/src/main/java/com/nononsenseapps/notepad/database/DAO.java;file:/Users/rar9993/repos/research/fdroid_apps/similar_fdroid_vibe_apps/NotePad/app/src/main/java/com/nononsenseapps/notepad/database/DAO.java|line:136
ConsecutiveAppendsShouldReuse;PMD;/Users/rar9993/repos/research/fdroid_apps/similar_fdroid_vibe_apps/NotePad;/Users/rar9993/repos/research/fdroid_apps/similar_fdroid_vibe_apps/NotePad/app/src/main/java/com/nononsenseapps/notepad/database/DAO.java;file:/Users/rar9993/repos/research/fdroid_apps/similar_fdroid_vibe_apps/NotePad/app/src/main/java/com/nononsenseapps/notepad/database/DAO.java|line:137
AppendCharacterWithChar;PMD;/Users/rar9993/repos/research/fdroid_apps/similar_fdroid_vibe_apps/NotePad;/Users/rar9993/repos/research/fdroid_apps/similar_fdroid_vibe_apps/NotePad/app/src/main/java/com/nononsenseapps/notepad/database/DAO.java;file:/Users/rar9993/repos/research/fdroid_apps/similar_fdroid_vibe_apps/NotePad/app/src/main/java/com/nononsenseapps/notepad/database/DAO.java|line:159
AppendCharacterWithChar;PMD;/Users/rar9993/repos/research/fdroid_apps/similar_fdroid_vibe_apps/NotePad;/Users/rar9993/repos/research/fdroid_apps/similar_fdroid_vibe_apps/NotePad/app/src/main/java/com/nononsenseapps/notepad/database/DAO.java;file:/Users/rar9993/repos/research/fdroid_apps/similar_fdroid_vibe_apps/NotePad/app/src/main/java/com/nononsenseapps/notepad/database/DAO.java|line:162
AppendCharacterWithChar;PMD;/Users/rar9993/repos/research/fdroid_apps/similar_fdroid_vibe_apps/NotePad;/Users/rar9993/repos/research/fdroid_apps/similar_fdroid_vibe_apps/NotePad/app/src/main/java/com/nononsenseapps/notepad/database/DAO.java;file:/Users/rar9993/repos/research/fdroid_apps/similar_fdroid_vibe_apps/NotePad/app/src/main/java/com/nononsenseapps/notepad/database/DAO.java|line:162
AppendCharacterWithChar;PMD;/Users/rar9993/repos/research/fdroid_apps/similar_fdroid_vibe_apps/NotePad;/Users/rar9993/repos/research/fdroid_apps/similar_fdroid_vibe_apps/NotePad/app/src/main/java/com/nononsenseapps/notepad/database/DAO.java;file:/Users/rar9993/repos/research/fdroid_apps/similar_fdroid_vibe_apps/NotePad/app/src/main/java/com/nononsenseapps/notepad/database/DAO.java|line:164
AppendCharacterWithChar;PMD;/Users/rar9993/repos/research/fdroid_apps/similar_fdroid_vibe_apps/NotePad;/Users/rar9993/repos/research/fdroid_apps/similar_fdroid_vibe_apps/NotePad/app/src/main/java/com/nononsenseapps/notepad/database/DAO.java;file:/Users/rar9993/repos/research/fdroid_apps/similar_fdroid_vibe_apps/NotePad/app/src/main/java/com/nononsenseapps/notepad/database/DAO.java|line:164
AppendCharacterWithChar;PMD;/Users/rar9993/repos/research/fdroid_apps/similar_fdroid_vibe_apps/NotePad;/Users/rar9993/repos/research/fdroid_apps/similar_fdroid_vibe_apps/NotePad/app/src/main/java/com/nononsenseapps/notepad/database/DAO.java;file:/Users/rar9993/repos/research/fdroid_apps/similar_fdroid_vibe_apps/NotePad/app/src/main/java/com/nononsenseapps/notepad/database/DAO.java|line:184
AppendCharacterWithChar;PMD;/Users/rar9993/repos/research/fdroid_apps/similar_fdroid_vibe_apps/NotePad;/Users/rar9993/repos/research/fdroid_apps/similar_fdroid_vibe_apps/NotePad/app/src/main/java/com/nononsenseapps/notepad/database/DAO.java;file:/Users/rar9993/repos/research/fdroid_apps/similar_fdroid_vibe_apps/NotePad/app/src/main/java/com/nononsenseapps/notepad/database/DAO.java|line:187
AppendCharacterWithChar;PMD;/Users/rar9993/repos/research/fdroid_apps/similar_fdroid_vibe_apps/NotePad;/Users/rar9993/repos/research/fdroid_apps/similar_fdroid_vibe_apps/NotePad/app/src/main/java/com/nononsenseapps/notepad/database/DAO.java;file:/Users/rar9993/repos/research/fdroid_apps/similar_fdroid_vibe_apps/NotePad/app/src/main/java/com/nononsenseapps/notepad/database/DAO.java|line:187
AppendCharacterWithChar;PMD;/Users/rar9993/repos/research/fdroid_apps/similar_fdroid_vibe_apps/NotePad;/Users/rar9993/repos/research/fdroid_apps/similar_fdroid_vibe_apps/NotePad/app/src/main/java/com/nononsenseapps/notepad/database/DAO.java;file:/Users/rar9993/repos/research/fdroid_apps/similar_fdroid_vibe_apps/NotePad/app/src/main/java/com/nononsenseapps/notepad/database/DAO.java|line:189
AppendCharacterWithChar;PMD;/Users/rar9993/repos/research/fdroid_apps/similar_fdroid_vibe_apps/NotePad;/Users/rar9993/repos/research/fdroid_apps/similar_fdroid_vibe_apps/NotePad/app/src/main/java/com/nononsenseapps/notepad/database/DAO.java;file:/Users/rar9993/repos/research/fdroid_apps/similar_fdroid_vibe_apps/NotePad/app/src/main/java/com/nononsenseapps/notepad/database/DAO.java|line:189
AvoidInstantiatingObjectsInLoops;PMD;/Users/rar9993/repos/research/fdroid_apps/similar_fdroid_vibe_apps/NotePad;/Users/rar9993/repos/research/fdroid_apps/similar_fdroid_vibe_apps/NotePad/app/src/main/java/com/nononsenseapps/notepad/database/DatabaseHandler.java;file:/Users/rar9993/repos/research/fdroid_apps/similar_fdroid_vibe_apps/NotePad/app/src/main/java/com/nononsenseapps/notepad/database/DatabaseHandler.java|line:183
AvoidCalendarDateCreation;PMD;/Users/rar9993/repos/research/fdroid_apps/similar_fdroid_vibe_apps/NotePad;/Users/rar9993/repos/research/fdroid_apps/similar_fdroid_vibe_apps/NotePad/app/src/main/java/com/nononsenseapps/notepad/database/DatabaseHandler.java;file:/Users/rar9993/repos/research/fdroid_apps/similar_fdroid_vibe_apps/NotePad/app/src/main/java/com/nononsenseapps/notepad/database/DatabaseHandler.java|line:185
AvoidInstantiatingObjectsInLoops;PMD;/Users/rar9993/repos/research/fdroid_apps/similar_fdroid_vibe_apps/NotePad;/Users/rar9993/repos/research/fdroid_apps/similar_fdroid_vibe_apps/NotePad/app/src/main/java/com/nononsenseapps/notepad/database/DatabaseHandler.java;file:/Users/rar9993/repos/research/fdroid_apps/similar_fdroid_vibe_apps/NotePad/app/src/main/java/com/nononsenseapps/notepad/database/DatabaseHandler.java|line:198
AvoidInstantiatingObjectsInLoops;PMD;/Users/rar9993/repos/research/fdroid_apps/similar_fdroid_vibe_apps/NotePad;/Users/rar9993/repos/research/fdroid_apps/similar_fdroid_vibe_apps/NotePad/app/src/main/java/com/nononsenseapps/notepad/database/DatabaseHandler.java;file:/Users/rar9993/repos/research/fdroid_apps/similar_fdroid_vibe_apps/NotePad/app/src/main/java/com/nononsenseapps/notepad/database/DatabaseHandler.java|line:212
AvoidInstantiatingObjectsInLoops;PMD;/Users/rar9993/repos/research/fdroid_apps/similar_fdroid_vibe_apps/NotePad;/Users/rar9993/repos/research/fdroid_apps/similar_fdroid_vibe_apps/NotePad/app/src/main/java/com/nononsenseapps/notepad/database/DatabaseHandler.java;file:/Users/rar9993/repos/research/fdroid_apps/similar_fdroid_vibe_apps/NotePad/app/src/main/java/com/nononsenseapps/notepad/database/DatabaseHandler.java|line:253
AvoidInstantiatingObjectsInLoops;PMD;/Users/rar9993/repos/research/fdroid_apps/similar_fdroid_vibe_apps/NotePad;/Users/rar9993/repos/research/fdroid_apps/similar_fdroid_vibe_apps/NotePad/app/src/main/java/com/nononsenseapps/notepad/database/DatabaseHandler.java;file:/Users/rar9993/repos/research/fdroid_apps/similar_fdroid_vibe_apps/NotePad/app/src/main/java/com/nononsenseapps/notepad/database/DatabaseHandler.java|line:270
AppendCharacterWithChar;PMD;/Users/rar9993/repos/research/fdroid_apps/similar_fdroid_vibe_apps/NotePad;/Users/rar9993/repos/research/fdroid_apps/similar_fdroid_vibe_apps/NotePad/app/src/main/java/com/nononsenseapps/notepad/database/MyContentProvider.java;file:/Users/rar9993/repos/research/fdroid_apps/similar_fdroid_vibe_apps/NotePad/app/src/main/java/com/nononsenseapps/notepad/database/MyContentProvider.java|line:664
RedundantFieldInitializer;PMD;/Users/rar9993/repos/research/fdroid_apps/similar_fdroid_vibe_apps/NotePad;/Users/rar9993/repos/research/fdroid_apps/similar_fdroid_vibe_apps/NotePad/app/src/main/java/com/nononsenseapps/notepad/database/Notification.java;file:/Users/rar9993/repos/research/fdroid_apps/similar_fdroid_vibe_apps/NotePad/app/src/main/java/com/nononsenseapps/notepad/database/Notification.java|line:184
RedundantFieldInitializer;PMD;/Users/rar9993/repos/research/fdroid_apps/similar_fdroid_vibe_apps/NotePad;/Users/rar9993/repos/research/fdroid_apps/similar_fdroid_vibe_apps/NotePad/app/src/main/java/com/nononsenseapps/notepad/database/Notification.java;file:/Users/rar9993/repos/research/fdroid_apps/similar_fdroid_vibe_apps/NotePad/app/src/main/java/com/nononsenseapps/notepad/database/Notification.java|line:189
RedundantFieldInitializer;PMD;/Users/rar9993/repos/research/fdroid_apps/similar_fdroid_vibe_apps/NotePad;/Users/rar9993/repos/research/fdroid_apps/similar_fdroid_vibe_apps/NotePad/app/src/main/java/com/nononsenseapps/notepad/database/Notification.java;file:/Users/rar9993/repos/research/fdroid_apps/similar_fdroid_vibe_apps/NotePad/app/src/main/java/com/nononsenseapps/notepad/database/Notification.java|line:194
RedundantFieldInitializer;PMD;/Users/rar9993/repos/research/fdroid_apps/similar_fdroid_vibe_apps/NotePad;/Users/rar9993/repos/research/fdroid_apps/similar_fdroid_vibe_apps/NotePad/app/src/main/java/com/nononsenseapps/notepad/database/Notification.java;file:/Users/rar9993/repos/research/fdroid_apps/similar_fdroid_vibe_apps/NotePad/app/src/main/java/com/nononsenseapps/notepad/database/Notification.java|line:199
RedundantFieldInitializer;PMD;/Users/rar9993/repos/research/fdroid_apps/similar_fdroid_vibe_apps/NotePad;/Users/rar9993/repos/research/fdroid_apps/similar_fdroid_vibe_apps/NotePad/app/src/main/java/com/nononsenseapps/notepad/database/Notification.java;file:/Users/rar9993/repos/research/fdroid_apps/similar_fdroid_vibe_apps/NotePad/app/src/main/java/com/nononsenseapps/notepad/database/Notification.java|line:202
RedundantFieldInitializer;PMD;/Users/rar9993/repos/research/fdroid_apps/similar_fdroid_vibe_apps/NotePad;/Users/rar9993/repos/research/fdroid_apps/similar_fdroid_vibe_apps/NotePad/app/src/main/java/com/nononsenseapps/notepad/database/Notification.java;file:/Users/rar9993/repos/research/fdroid_apps/similar_fdroid_vibe_apps/NotePad/app/src/main/java/com/nononsenseapps/notepad/database/Notification.java|line:203
RedundantFieldInitializer;PMD;/Users/rar9993/repos/research/fdroid_apps/similar_fdroid_vibe_apps/NotePad;/Users/rar9993/repos/research/fdroid_apps/similar_fdroid_vibe_apps/NotePad/app/src/main/java/com/nononsenseapps/notepad/database/Notification.java;file:/Users/rar9993/repos/research/fdroid_apps/similar_fdroid_vibe_apps/NotePad/app/src/main/java/com/nononsenseapps/notepad/database/Notification.java|line:204
RedundantFieldInitializer;PMD;/Users/rar9993/repos/research/fdroid_apps/similar_fdroid_vibe_apps/NotePad;/Users/rar9993/repos/research/fdroid_apps/similar_fdroid_vibe_apps/NotePad/app/src/main/java/com/nononsenseapps/notepad/database/Notification.java;file:/Users/rar9993/repos/research/fdroid_apps/similar_fdroid_vibe_apps/NotePad/app/src/main/java/com/nononsenseapps/notepad/database/Notification.java|line:205
RedundantFieldInitializer;PMD;/Users/rar9993/repos/research/fdroid_apps/similar_fdroid_vibe_apps/NotePad;/Users/rar9993/repos/research/fdroid_apps/similar_fdroid_vibe_apps/NotePad/app/src/main/java/com/nononsenseapps/notepad/database/Notification.java;file:/Users/rar9993/repos/research/fdroid_apps/similar_fdroid_vibe_apps/NotePad/app/src/main/java/com/nononsenseapps/notepad/database/Notification.java|line:208
RedundantFieldInitializer;PMD;/Users/rar9993/repos/research/fdroid_apps/similar_fdroid_vibe_apps/NotePad;/Users/rar9993/repos/research/fdroid_apps/similar_fdroid_vibe_apps/NotePad/app/src/main/java/com/nononsenseapps/notepad/database/Notification.java;file:/Users/rar9993/repos/research/fdroid_apps/similar_fdroid_vibe_apps/NotePad/app/src/main/java/com/nononsenseapps/notepad/database/Notification.java|line:209
RedundantFieldInitializer;PMD;/Users/rar9993/repos/research/fdroid_apps/similar_fdroid_vibe_apps/NotePad;/Users/rar9993/repos/research/fdroid_apps/similar_fdroid_vibe_apps/NotePad/app/src/main/java/com/nononsenseapps/notepad/database/Notification.java;file:/Users/rar9993/repos/research/fdroid_apps/similar_fdroid_vibe_apps/NotePad/app/src/main/java/com/nononsenseapps/notepad/database/Notification.java|line:210
RedundantFieldInitializer;PMD;/Users/rar9993/repos/research/fdroid_apps/similar_fdroid_vibe_apps/NotePad;/Users/rar9993/repos/research/fdroid_apps/similar_fdroid_vibe_apps/NotePad/app/src/main/java/com/nononsenseapps/notepad/database/Notification.java;file:/Users/rar9993/repos/research/fdroid_apps/similar_fdroid_vibe_apps/NotePad/app/src/main/java/com/nononsenseapps/notepad/database/Notification.java|line:211
RedundantFieldInitializer;PMD;/Users/rar9993/repos/research/fdroid_apps/similar_fdroid_vibe_apps/NotePad;/Users/rar9993/repos/research/fdroid_apps/similar_fdroid_vibe_apps/NotePad/app/src/main/java/com/nononsenseapps/notepad/database/Notification.java;file:/Users/rar9993/repos/research/fdroid_apps/similar_fdroid_vibe_apps/NotePad/app/src/main/java/com/nononsenseapps/notepad/database/Notification.java|line:214
UseStringBufferForStringAppends;PMD;/Users/rar9993/repos/research/fdroid_apps/similar_fdroid_vibe_apps/NotePad;/Users/rar9993/repos/research/fdroid_apps/similar_fdroid_vibe_apps/NotePad/app/src/main/java/com/nononsenseapps/notepad/database/Notification.java;file:/Users/rar9993/repos/research/fdroid_apps/similar_fdroid_vibe_apps/NotePad/app/src/main/java/com/nononsenseapps/notepad/database/Notification.java|line:442
UseStringBufferForStringAppends;PMD;/Users/rar9993/repos/research/fdroid_apps/similar_fdroid_vibe_apps/NotePad;/Users/rar9993/repos/research/fdroid_apps/similar_fdroid_vibe_apps/NotePad/app/src/main/java/com/nononsenseapps/notepad/database/Notification.java;file:/Users/rar9993/repos/research/fdroid_apps/similar_fdroid_vibe_apps/NotePad/app/src/main/java/com/nononsenseapps/notepad/database/Notification.java|line:446
AvoidInstantiatingObjectsInLoops;PMD;/Users/rar9993/repos/research/fdroid_apps/similar_fdroid_vibe_apps/NotePad;/Users/rar9993/repos/research/fdroid_apps/similar_fdroid_vibe_apps/NotePad/app/src/main/java/com/nononsenseapps/notepad/database/Notification.java;file:/Users/rar9993/repos/research/fdroid_apps/similar_fdroid_vibe_apps/NotePad/app/src/main/java/com/nononsenseapps/notepad/database/Notification.java|line:456
AvoidInstantiatingObjectsInLoops;PMD;/Users/rar9993/repos/research/fdroid_apps/similar_fdroid_vibe_apps/NotePad;/Users/rar9993/repos/research/fdroid_apps/similar_fdroid_vibe_apps/NotePad/app/src/main/java/com/nononsenseapps/notepad/database/Notification.java;file:/Users/rar9993/repos/research/fdroid_apps/similar_fdroid_vibe_apps/NotePad/app/src/main/java/com/nononsenseapps/notepad/database/Notification.java|line:473
UseStringBufferForStringAppends;PMD;/Users/rar9993/repos/research/fdroid_apps/similar_fdroid_vibe_apps/NotePad;/Users/rar9993/repos/research/fdroid_apps/similar_fdroid_vibe_apps/NotePad/app/src/main/java/com/nononsenseapps/notepad/database/Notification.java;file:/Users/rar9993/repos/research/fdroid_apps/similar_fdroid_vibe_apps/NotePad/app/src/main/java/com/nononsenseapps/notepad/database/Notification.java|line:550
UseStringBufferForStringAppends;PMD;/Users/rar9993/repos/research/fdroid_apps/similar_fdroid_vibe_apps/NotePad;/Users/rar9993/repos/research/fdroid_apps/similar_fdroid_vibe_apps/NotePad/app/src/main/java/com/nononsenseapps/notepad/database/Notification.java;file:/Users/rar9993/repos/research/fdroid_apps/similar_fdroid_vibe_apps/NotePad/app/src/main/java/com/nononsenseapps/notepad/database/Notification.java|line:554
RedundantFieldInitializer;PMD;/Users/rar9993/repos/research/fdroid_apps/similar_fdroid_vibe_apps/NotePad;/Users/rar9993/repos/research/fdroid_apps/similar_fdroid_vibe_apps/NotePad/app/src/main/java/com/nononsenseapps/notepad/database/RemoteTask.java;file:/Users/rar9993/repos/research/fdroid_apps/similar_fdroid_vibe_apps/NotePad/app/src/main/java/com/nononsenseapps/notepad/database/RemoteTask.java|line:135
RedundantFieldInitializer;PMD;/Users/rar9993/repos/research/fdroid_apps/similar_fdroid_vibe_apps/NotePad;/Users/rar9993/repos/research/fdroid_apps/similar_fdroid_vibe_apps/NotePad/app/src/main/java/com/nononsenseapps/notepad/database/RemoteTask.java;file:/Users/rar9993/repos/research/fdroid_apps/similar_fdroid_vibe_apps/NotePad/app/src/main/java/com/nononsenseapps/notepad/database/RemoteTask.java|line:137
RedundantFieldInitializer;PMD;/Users/rar9993/repos/research/fdroid_apps/similar_fdroid_vibe_apps/NotePad;/Users/rar9993/repos/research/fdroid_apps/similar_fdroid_vibe_apps/NotePad/app/src/main/java/com/nononsenseapps/notepad/database/RemoteTask.java;file:/Users/rar9993/repos/research/fdroid_apps/similar_fdroid_vibe_apps/NotePad/app/src/main/java/com/nononsenseapps/notepad/database/RemoteTask.java|line:138
RedundantFieldInitializer;PMD;/Users/rar9993/repos/research/fdroid_apps/similar_fdroid_vibe_apps/NotePad;/Users/rar9993/repos/research/fdroid_apps/similar_fdroid_vibe_apps/NotePad/app/src/main/java/com/nononsenseapps/notepad/database/RemoteTask.java;file:/Users/rar9993/repos/research/fdroid_apps/similar_fdroid_vibe_apps/NotePad/app/src/main/java/com/nononsenseapps/notepad/database/RemoteTask.java|line:139
RedundantFieldInitializer;PMD;/Users/rar9993/repos/research/fdroid_apps/similar_fdroid_vibe_apps/NotePad;/Users/rar9993/repos/research/fdroid_apps/similar_fdroid_vibe_apps/NotePad/app/src/main/java/com/nononsenseapps/notepad/database/RemoteTask.java;file:/Users/rar9993/repos/research/fdroid_apps/similar_fdroid_vibe_apps/NotePad/app/src/main/java/com/nononsenseapps/notepad/database/RemoteTask.java|line:140
RedundantFieldInitializer;PMD;/Users/rar9993/repos/research/fdroid_apps/similar_fdroid_vibe_apps/NotePad;/Users/rar9993/repos/research/fdroid_apps/similar_fdroid_vibe_apps/NotePad/app/src/main/java/com/nononsenseapps/notepad/database/RemoteTask.java;file:/Users/rar9993/repos/research/fdroid_apps/similar_fdroid_vibe_apps/NotePad/app/src/main/java/com/nononsenseapps/notepad/database/RemoteTask.java|line:141
RedundantFieldInitializer;PMD;/Users/rar9993/repos/research/fdroid_apps/similar_fdroid_vibe_apps/NotePad;/Users/rar9993/repos/research/fdroid_apps/similar_fdroid_vibe_apps/NotePad/app/src/main/java/com/nononsenseapps/notepad/database/RemoteTask.java;file:/Users/rar9993/repos/research/fdroid_apps/similar_fdroid_vibe_apps/NotePad/app/src/main/java/com/nononsenseapps/notepad/database/RemoteTask.java|line:142
RedundantFieldInitializer;PMD;/Users/rar9993/repos/research/fdroid_apps/similar_fdroid_vibe_apps/NotePad;/Users/rar9993/repos/research/fdroid_apps/similar_fdroid_vibe_apps/NotePad/app/src/main/java/com/nononsenseapps/notepad/database/RemoteTask.java;file:/Users/rar9993/repos/research/fdroid_apps/similar_fdroid_vibe_apps/NotePad/app/src/main/java/com/nononsenseapps/notepad/database/RemoteTask.java|line:143
RedundantFieldInitializer;PMD;/Users/rar9993/repos/research/fdroid_apps/similar_fdroid_vibe_apps/NotePad;/Users/rar9993/repos/research/fdroid_apps/similar_fdroid_vibe_apps/NotePad/app/src/main/java/com/nononsenseapps/notepad/database/RemoteTask.java;file:/Users/rar9993/repos/research/fdroid_apps/similar_fdroid_vibe_apps/NotePad/app/src/main/java/com/nononsenseapps/notepad/database/RemoteTask.java|line:144
RedundantFieldInitializer;PMD;/Users/rar9993/repos/research/fdroid_apps/similar_fdroid_vibe_apps/NotePad;/Users/rar9993/repos/research/fdroid_apps/similar_fdroid_vibe_apps/NotePad/app/src/main/java/com/nononsenseapps/notepad/database/RemoteTask.java;file:/Users/rar9993/repos/research/fdroid_apps/similar_fdroid_vibe_apps/NotePad/app/src/main/java/com/nononsenseapps/notepad/database/RemoteTask.java|line:145
RedundantFieldInitializer;PMD;/Users/rar9993/repos/research/fdroid_apps/similar_fdroid_vibe_apps/NotePad;/Users/rar9993/repos/research/fdroid_apps/similar_fdroid_vibe_apps/NotePad/app/src/main/java/com/nononsenseapps/notepad/database/RemoteTask.java;file:/Users/rar9993/repos/research/fdroid_apps/similar_fdroid_vibe_apps/NotePad/app/src/main/java/com/nononsenseapps/notepad/database/RemoteTask.java|line:156
RedundantFieldInitializer;PMD;/Users/rar9993/repos/research/fdroid_apps/similar_fdroid_vibe_apps/NotePad;/Users/rar9993/repos/research/fdroid_apps/similar_fdroid_vibe_apps/NotePad/app/src/main/java/com/nononsenseapps/notepad/database/RemoteTaskList.java;file:/Users/rar9993/repos/research/fdroid_apps/similar_fdroid_vibe_apps/NotePad/app/src/main/java/com/nononsenseapps/notepad/database/RemoteTaskList.java|line:98
RedundantFieldInitializer;PMD;/Users/rar9993/repos/research/fdroid_apps/similar_fdroid_vibe_apps/NotePad;/Users/rar9993/repos/research/fdroid_apps/similar_fdroid_vibe_apps/NotePad/app/src/main/java/com/nononsenseapps/notepad/database/RemoteTaskList.java;file:/Users/rar9993/repos/research/fdroid_apps/similar_fdroid_vibe_apps/NotePad/app/src/main/java/com/nononsenseapps/notepad/database/RemoteTaskList.java|line:100
RedundantFieldInitializer;PMD;/Users/rar9993/repos/research/fdroid_apps/similar_fdroid_vibe_apps/NotePad;/Users/rar9993/repos/research/fdroid_apps/similar_fdroid_vibe_apps/NotePad/app/src/main/java/com/nononsenseapps/notepad/database/RemoteTaskList.java;file:/Users/rar9993/repos/research/fdroid_apps/similar_fdroid_vibe_apps/NotePad/app/src/main/java/com/nononsenseapps/notepad/database/RemoteTaskList.java|line:101
RedundantFieldInitializer;PMD;/Users/rar9993/repos/research/fdroid_apps/similar_fdroid_vibe_apps/NotePad;/Users/rar9993/repos/research/fdroid_apps/similar_fdroid_vibe_apps/NotePad/app/src/main/java/com/nononsenseapps/notepad/database/RemoteTaskList.java;file:/Users/rar9993/repos/research/fdroid_apps/similar_fdroid_vibe_apps/NotePad/app/src/main/java/com/nononsenseapps/notepad/database/RemoteTaskList.java|line:102
RedundantFieldInitializer;PMD;/Users/rar9993/repos/research/fdroid_apps/similar_fdroid_vibe_apps/NotePad;/Users/rar9993/repos/research/fdroid_apps/similar_fdroid_vibe_apps/NotePad/app/src/main/java/com/nononsenseapps/notepad/database/RemoteTaskList.java;file:/Users/rar9993/repos/research/fdroid_apps/similar_fdroid_vibe_apps/NotePad/app/src/main/java/com/nononsenseapps/notepad/database/RemoteTaskList.java|line:103
RedundantFieldInitializer;PMD;/Users/rar9993/repos/research/fdroid_apps/similar_fdroid_vibe_apps/NotePad;/Users/rar9993/repos/research/fdroid_apps/similar_fdroid_vibe_apps/NotePad/app/src/main/java/com/nononsenseapps/notepad/database/RemoteTaskList.java;file:/Users/rar9993/repos/research/fdroid_apps/similar_fdroid_vibe_apps/NotePad/app/src/main/java/com/nononsenseapps/notepad/database/RemoteTaskList.java|line:104
RedundantFieldInitializer;PMD;/Users/rar9993/repos/research/fdroid_apps/similar_fdroid_vibe_apps/NotePad;/Users/rar9993/repos/research/fdroid_apps/similar_fdroid_vibe_apps/NotePad/app/src/main/java/com/nononsenseapps/notepad/database/RemoteTaskList.java;file:/Users/rar9993/repos/research/fdroid_apps/similar_fdroid_vibe_apps/NotePad/app/src/main/java/com/nononsenseapps/notepad/database/RemoteTaskList.java|line:105
RedundantFieldInitializer;PMD;/Users/rar9993/repos/research/fdroid_apps/similar_fdroid_vibe_apps/NotePad;/Users/rar9993/repos/research/fdroid_apps/similar_fdroid_vibe_apps/NotePad/app/src/main/java/com/nononsenseapps/notepad/database/RemoteTaskList.java;file:/Users/rar9993/repos/research/fdroid_apps/similar_fdroid_vibe_apps/NotePad/app/src/main/java/com/nononsenseapps/notepad/database/RemoteTaskList.java|line:106
RedundantFieldInitializer;PMD;/Users/rar9993/repos/research/fdroid_apps/similar_fdroid_vibe_apps/NotePad;/Users/rar9993/repos/research/fdroid_apps/similar_fdroid_vibe_apps/NotePad/app/src/main/java/com/nononsenseapps/notepad/database/RemoteTaskList.java;file:/Users/rar9993/repos/research/fdroid_apps/similar_fdroid_vibe_apps/NotePad/app/src/main/java/com/nononsenseapps/notepad/database/RemoteTaskList.java|line:107
RedundantFieldInitializer;PMD;/Users/rar9993/repos/research/fdroid_apps/similar_fdroid_vibe_apps/NotePad;/Users/rar9993/repos/research/fdroid_apps/similar_fdroid_vibe_apps/NotePad/app/src/main/java/com/nononsenseapps/notepad/database/RemoteTaskList.java;file:/Users/rar9993/repos/research/fdroid_apps/similar_fdroid_vibe_apps/NotePad/app/src/main/java/com/nononsenseapps/notepad/database/RemoteTaskList.java|line:110
RedundantFieldInitializer;PMD;/Users/rar9993/repos/research/fdroid_apps/similar_fdroid_vibe_apps/NotePad;/Users/rar9993/repos/research/fdroid_apps/similar_fdroid_vibe_apps/NotePad/app/src/main/java/com/nononsenseapps/notepad/database/Task.java;file:/Users/rar9993/repos/research/fdroid_apps/similar_fdroid_vibe_apps/NotePad/app/src/main/java/com/nononsenseapps/notepad/database/Task.java|line:549
RedundantFieldInitializer;PMD;/Users/rar9993/repos/research/fdroid_apps/similar_fdroid_vibe_apps/NotePad;/Users/rar9993/repos/research/fdroid_apps/similar_fdroid_vibe_apps/NotePad/app/src/main/java/com/nononsenseapps/notepad/database/Task.java;file:/Users/rar9993/repos/research/fdroid_apps/similar_fdroid_vibe_apps/NotePad/app/src/main/java/com/nononsenseapps/notepad/database/Task.java|line:550
RedundantFieldInitializer;PMD;/Users/rar9993/repos/research/fdroid_apps/similar_fdroid_vibe_apps/NotePad;/Users/rar9993/repos/research/fdroid_apps/similar_fdroid_vibe_apps/NotePad/app/src/main/java/com/nononsenseapps/notepad/database/Task.java;file:/Users/rar9993/repos/research/fdroid_apps/similar_fdroid_vibe_apps/NotePad/app/src/main/java/com/nononsenseapps/notepad/database/Task.java|line:555
RedundantFieldInitializer;PMD;/Users/rar9993/repos/research/fdroid_apps/similar_fdroid_vibe_apps/NotePad;/Users/rar9993/repos/research/fdroid_apps/similar_fdroid_vibe_apps/NotePad/app/src/main/java/com/nononsenseapps/notepad/database/Task.java;file:/Users/rar9993/repos/research/fdroid_apps/similar_fdroid_vibe_apps/NotePad/app/src/main/java/com/nononsenseapps/notepad/database/Task.java|line:560
RedundantFieldInitializer;PMD;/Users/rar9993/repos/research/fdroid_apps/similar_fdroid_vibe_apps/NotePad;/Users/rar9993/repos/research/fdroid_apps/similar_fdroid_vibe_apps/NotePad/app/src/main/java/com/nononsenseapps/notepad/database/Task.java;file:/Users/rar9993/repos/research/fdroid_apps/similar_fdroid_vibe_apps/NotePad/app/src/main/java/com/nononsenseapps/notepad/database/Task.java|line:565
RedundantFieldInitializer;PMD;/Users/rar9993/repos/research/fdroid_apps/similar_fdroid_vibe_apps/NotePad;/Users/rar9993/repos/research/fdroid_apps/similar_fdroid_vibe_apps/NotePad/app/src/main/java/com/nononsenseapps/notepad/database/Task.java;file:/Users/rar9993/repos/research/fdroid_apps/similar_fdroid_vibe_apps/NotePad/app/src/main/java/com/nononsenseapps/notepad/database/Task.java|line:570
RedundantFieldInitializer;PMD;/Users/rar9993/repos/research/fdroid_apps/similar_fdroid_vibe_apps/NotePad;/Users/rar9993/repos/research/fdroid_apps/similar_fdroid_vibe_apps/NotePad/app/src/main/java/com/nononsenseapps/notepad/database/Task.java;file:/Users/rar9993/repos/research/fdroid_apps/similar_fdroid_vibe_apps/NotePad/app/src/main/java/com/nononsenseapps/notepad/database/Task.java|line:573
RedundantFieldInitializer;PMD;/Users/rar9993/repos/research/fdroid_apps/similar_fdroid_vibe_apps/NotePad;/Users/rar9993/repos/research/fdroid_apps/similar_fdroid_vibe_apps/NotePad/app/src/main/java/com/nononsenseapps/notepad/database/Task.java;file:/Users/rar9993/repos/research/fdroid_apps/similar_fdroid_vibe_apps/NotePad/app/src/main/java/com/nononsenseapps/notepad/database/Task.java|line:574
RedundantFieldInitializer;PMD;/Users/rar9993/repos/research/fdroid_apps/similar_fdroid_vibe_apps/NotePad;/Users/rar9993/repos/research/fdroid_apps/similar_fdroid_vibe_apps/NotePad/app/src/main/java/com/nononsenseapps/notepad/database/Task.java;file:/Users/rar9993/repos/research/fdroid_apps/similar_fdroid_vibe_apps/NotePad/app/src/main/java/com/nononsenseapps/notepad/database/Task.java|line:575
AvoidCalendarDateCreation;PMD;/Users/rar9993/repos/research/fdroid_apps/similar_fdroid_vibe_apps/NotePad;/Users/rar9993/repos/research/fdroid_apps/similar_fdroid_vibe_apps/NotePad/app/src/main/java/com/nononsenseapps/notepad/database/Task.java;file:/Users/rar9993/repos/research/fdroid_apps/similar_fdroid_vibe_apps/NotePad/app/src/main/java/com/nononsenseapps/notepad/database/Task.java|line:596
UseIndexOfChar;PMD;/Users/rar9993/repos/research/fdroid_apps/similar_fdroid_vibe_apps/NotePad;/Users/rar9993/repos/research/fdroid_apps/similar_fdroid_vibe_apps/NotePad/app/src/main/java/com/nononsenseapps/notepad/database/Task.java;file:/Users/rar9993/repos/research/fdroid_apps/similar_fdroid_vibe_apps/NotePad/app/src/main/java/com/nononsenseapps/notepad/database/Task.java|line:604
UseStringBufferForStringAppends;PMD;/Users/rar9993/repos/research/fdroid_apps/similar_fdroid_vibe_apps/NotePad;/Users/rar9993/repos/research/fdroid_apps/similar_fdroid_vibe_apps/NotePad/app/src/main/java/com/nononsenseapps/notepad/database/Task.java;file:/Users/rar9993/repos/research/fdroid_apps/similar_fdroid_vibe_apps/NotePad/app/src/main/java/com/nononsenseapps/notepad/database/Task.java|line:624
UseStringBufferForStringAppends;PMD;/Users/rar9993/repos/research/fdroid_apps/similar_fdroid_vibe_apps/NotePad;/Users/rar9993/repos/research/fdroid_apps/similar_fdroid_vibe_apps/NotePad/app/src/main/java/com/nononsenseapps/notepad/database/Task.java;file:/Users/rar9993/repos/research/fdroid_apps/similar_fdroid_vibe_apps/NotePad/app/src/main/java/com/nononsenseapps/notepad/database/Task.java|line:628
UseStringBufferForStringAppends;PMD;/Users/rar9993/repos/research/fdroid_apps/similar_fdroid_vibe_apps/NotePad;/Users/rar9993/repos/research/fdroid_apps/similar_fdroid_vibe_apps/NotePad/app/src/main/java/com/nononsenseapps/notepad/database/Task.java;file:/Users/rar9993/repos/research/fdroid_apps/similar_fdroid_vibe_apps/NotePad/app/src/main/java/com/nononsenseapps/notepad/database/Task.java|line:630
AvoidCalendarDateCreation;PMD;/Users/rar9993/repos/research/fdroid_apps/similar_fdroid_vibe_apps/NotePad;/Users/rar9993/repos/research/fdroid_apps/similar_fdroid_vibe_apps/NotePad/app/src/main/java/com/nononsenseapps/notepad/database/Task.java;file:/Users/rar9993/repos/research/fdroid_apps/similar_fdroid_vibe_apps/NotePad/app/src/main/java/com/nononsenseapps/notepad/database/Task.java|line:791
AvoidCalendarDateCreation;PMD;/Users/rar9993/repos/research/fdroid_apps/similar_fdroid_vibe_apps/NotePad;/Users/rar9993/repos/research/fdroid_apps/similar_fdroid_vibe_apps/NotePad/app/src/main/java/com/nononsenseapps/notepad/database/Task.java;file:/Users/rar9993/repos/research/fdroid_apps/similar_fdroid_vibe_apps/NotePad/app/src/main/java/com/nononsenseapps/notepad/database/Task.java|line:815
UseStringBufferForStringAppends;PMD;/Users/rar9993/repos/research/fdroid_apps/similar_fdroid_vibe_apps/NotePad;/Users/rar9993/repos/research/fdroid_apps/similar_fdroid_vibe_apps/NotePad/app/src/main/java/com/nononsenseapps/notepad/database/Task.java;file:/Users/rar9993/repos/research/fdroid_apps/similar_fdroid_vibe_apps/NotePad/app/src/main/java/com/nononsenseapps/notepad/database/Task.java|line:822
UseStringBufferForStringAppends;PMD;/Users/rar9993/repos/research/fdroid_apps/similar_fdroid_vibe_apps/NotePad;/Users/rar9993/repos/research/fdroid_apps/similar_fdroid_vibe_apps/NotePad/app/src/main/java/com/nononsenseapps/notepad/database/Task.java;file:/Users/rar9993/repos/research/fdroid_apps/similar_fdroid_vibe_apps/NotePad/app/src/main/java/com/nononsenseapps/notepad/database/Task.java|line:825
RedundantFieldInitializer;PMD;/Users/rar9993/repos/research/fdroid_apps/similar_fdroid_vibe_apps/NotePad;/Users/rar9993/repos/research/fdroid_apps/similar_fdroid_vibe_apps/NotePad/app/src/main/java/com/nononsenseapps/notepad/database/TaskList.java;file:/Users/rar9993/repos/research/fdroid_apps/similar_fdroid_vibe_apps/NotePad/app/src/main/java/com/nononsenseapps/notepad/database/TaskList.java|line:127
RedundantFieldInitializer;PMD;/Users/rar9993/repos/research/fdroid_apps/similar_fdroid_vibe_apps/NotePad;/Users/rar9993/repos/research/fdroid_apps/similar_fdroid_vibe_apps/NotePad/app/src/main/java/com/nononsenseapps/notepad/database/TaskList.java;file:/Users/rar9993/repos/research/fdroid_apps/similar_fdroid_vibe_apps/NotePad/app/src/main/java/com/nononsenseapps/notepad/database/TaskList.java|line:134
RedundantFieldInitializer;PMD;/Users/rar9993/repos/research/fdroid_apps/similar_fdroid_vibe_apps/NotePad;/Users/rar9993/repos/research/fdroid_apps/similar_fdroid_vibe_apps/NotePad/app/src/main/java/com/nononsenseapps/notepad/database/TaskList.java;file:/Users/rar9993/repos/research/fdroid_apps/similar_fdroid_vibe_apps/NotePad/app/src/main/java/com/nononsenseapps/notepad/database/TaskList.java|line:135
AvoidCalendarDateCreation;PMD;/Users/rar9993/repos/research/fdroid_apps/similar_fdroid_vibe_apps/NotePad;/Users/rar9993/repos/research/fdroid_apps/similar_fdroid_vibe_apps/NotePad/app/src/main/java/com/nononsenseapps/notepad/database/TaskList.java;file:/Users/rar9993/repos/research/fdroid_apps/similar_fdroid_vibe_apps/NotePad/app/src/main/java/com/nononsenseapps/notepad/database/TaskList.java|line:196
UseStringBufferForStringAppends;PMD;/Users/rar9993/repos/research/fdroid_apps/similar_fdroid_vibe_apps/NotePad;/Users/rar9993/repos/research/fdroid_apps/similar_fdroid_vibe_apps/NotePad/app/src/main/java/com/nononsenseapps/notepad/fragments/DialogDeleteCompletedTasks.java;file:/Users/rar9993/repos/research/fdroid_apps/similar_fdroid_vibe_apps/NotePad/app/src/main/java/com/nononsenseapps/notepad/fragments/DialogDeleteCompletedTasks.java|line:58
UseStringBufferForStringAppends;PMD;/Users/rar9993/repos/research/fdroid_apps/similar_fdroid_vibe_apps/NotePad;/Users/rar9993/repos/research/fdroid_apps/similar_fdroid_vibe_apps/NotePad/app/src/main/java/com/nononsenseapps/notepad/fragments/DialogDeleteCompletedTasks.java;file:/Users/rar9993/repos/research/fdroid_apps/similar_fdroid_vibe_apps/NotePad/app/src/main/java/com/nononsenseapps/notepad/fragments/DialogDeleteCompletedTasks.java|line:61
UseStringBufferForStringAppends;PMD;/Users/rar9993/repos/research/fdroid_apps/similar_fdroid_vibe_apps/NotePad;/Users/rar9993/repos/research/fdroid_apps/similar_fdroid_vibe_apps/NotePad/app/src/main/java/com/nononsenseapps/notepad/fragments/DialogDeleteCompletedTasks.java;file:/Users/rar9993/repos/research/fdroid_apps/similar_fdroid_vibe_apps/NotePad/app/src/main/java/com/nononsenseapps/notepad/fragments/DialogDeleteCompletedTasks.java|line:64
UseStringBufferForStringAppends;PMD;/Users/rar9993/repos/research/fdroid_apps/similar_fdroid_vibe_apps/NotePad;/Users/rar9993/repos/research/fdroid_apps/similar_fdroid_vibe_apps/NotePad/app/src/main/java/com/nononsenseapps/notepad/fragments/DialogDeleteCompletedTasks.java;file:/Users/rar9993/repos/research/fdroid_apps/similar_fdroid_vibe_apps/NotePad/app/src/main/java/com/nononsenseapps/notepad/fragments/DialogDeleteCompletedTasks.java|line:67
RedundantFieldInitializer;PMD;/Users/rar9993/repos/research/fdroid_apps/similar_fdroid_vibe_apps/NotePad;/Users/rar9993/repos/research/fdroid_apps/similar_fdroid_vibe_apps/NotePad/app/src/main/java/com/nononsenseapps/notepad/fragments/DialogMoveToList.java;file:/Users/rar9993/repos/research/fdroid_apps/similar_fdroid_vibe_apps/NotePad/app/src/main/java/com/nononsenseapps/notepad/fragments/DialogMoveToList.java|line:56
AvoidArrayLoops;PMD;/Users/rar9993/repos/research/fdroid_apps/similar_fdroid_vibe_apps/NotePad;/Users/rar9993/repos/research/fdroid_apps/similar_fdroid_vibe_apps/NotePad/app/src/main/java/com/nononsenseapps/notepad/fragments/DialogMoveToList.java;file:/Users/rar9993/repos/research/fdroid_apps/similar_fdroid_vibe_apps/NotePad/app/src/main/java/com/nononsenseapps/notepad/fragments/DialogMoveToList.java|line:87
RedundantFieldInitializer;PMD;/Users/rar9993/repos/research/fdroid_apps/similar_fdroid_vibe_apps/NotePad;/Users/rar9993/repos/research/fdroid_apps/similar_fdroid_vibe_apps/NotePad/app/src/main/java/com/nononsenseapps/notepad/fragments/DialogPassword.java;file:/Users/rar9993/repos/research/fdroid_apps/similar_fdroid_vibe_apps/NotePad/app/src/main/java/com/nononsenseapps/notepad/fragments/DialogPassword.java|line:40
RedundantFieldInitializer;PMD;/Users/rar9993/repos/research/fdroid_apps/similar_fdroid_vibe_apps/NotePad;/Users/rar9993/repos/research/fdroid_apps/similar_fdroid_vibe_apps/NotePad/app/src/main/java/com/nononsenseapps/notepad/fragments/DialogPasswordV11.java;file:/Users/rar9993/repos/research/fdroid_apps/similar_fdroid_vibe_apps/NotePad/app/src/main/java/com/nononsenseapps/notepad/fragments/DialogPasswordV11.java|line:50
AvoidInstantiatingObjectsInLoops;PMD;/Users/rar9993/repos/research/fdroid_apps/similar_fdroid_vibe_apps/NotePad;/Users/rar9993/repos/research/fdroid_apps/similar_fdroid_vibe_apps/NotePad/app/src/main/java/com/nononsenseapps/notepad/fragments/FragmentSearchDeleted.java;file:/Users/rar9993/repos/research/fdroid_apps/similar_fdroid_vibe_apps/NotePad/app/src/main/java/com/nononsenseapps/notepad/fragments/FragmentSearchDeleted.java|line:123
AvoidInstantiatingObjectsInLoops;PMD;/Users/rar9993/repos/research/fdroid_apps/similar_fdroid_vibe_apps/NotePad;/Users/rar9993/repos/research/fdroid_apps/similar_fdroid_vibe_apps/NotePad/app/src/main/java/com/nononsenseapps/notepad/fragments/TaskDetailFragment.java;file:/Users/rar9993/repos/research/fdroid_apps/similar_fdroid_vibe_apps/NotePad/app/src/main/java/com/nononsenseapps/notepad/fragments/TaskDetailFragment.java|line:181
RedundantFieldInitializer;PMD;/Users/rar9993/repos/research/fdroid_apps/similar_fdroid_vibe_apps/NotePad;/Users/rar9993/repos/research/fdroid_apps/similar_fdroid_vibe_apps/NotePad/app/src/main/java/com/nononsenseapps/notepad/fragments/TaskDetailFragment.java;file:/Users/rar9993/repos/research/fdroid_apps/similar_fdroid_vibe_apps/NotePad/app/src/main/java/com/nononsenseapps/notepad/fragments/TaskDetailFragment.java|line:277
AvoidCalendarDateCreation;PMD;/Users/rar9993/repos/research/fdroid_apps/similar_fdroid_vibe_apps/NotePad;/Users/rar9993/repos/research/fdroid_apps/similar_fdroid_vibe_apps/NotePad/app/src/main/java/com/nononsenseapps/notepad/fragments/TaskDetailFragment.java;file:/Users/rar9993/repos/research/fdroid_apps/similar_fdroid_vibe_apps/NotePad/app/src/main/java/com/nononsenseapps/notepad/fragments/TaskDetailFragment.java|line:641
UseIndexOfChar;PMD;/Users/rar9993/repos/research/fdroid_apps/similar_fdroid_vibe_apps/NotePad;/Users/rar9993/repos/research/fdroid_apps/similar_fdroid_vibe_apps/NotePad/app/src/main/java/com/nononsenseapps/notepad/fragments/TaskDetailFragment.java;file:/Users/rar9993/repos/research/fdroid_apps/similar_fdroid_vibe_apps/NotePad/app/src/main/java/com/nononsenseapps/notepad/fragments/TaskDetailFragment.java|line:695
RedundantFieldInitializer;PMD;/Users/rar9993/repos/research/fdroid_apps/similar_fdroid_vibe_apps/NotePad;/Users/rar9993/repos/research/fdroid_apps/similar_fdroid_vibe_apps/NotePad/app/src/main/java/com/nononsenseapps/notepad/fragments/TaskListFragment.java;file:/Users/rar9993/repos/research/fdroid_apps/similar_fdroid_vibe_apps/NotePad/app/src/main/java/com/nononsenseapps/notepad/fragments/TaskListFragment.java|line:106
RedundantFieldInitializer;PMD;/Users/rar9993/repos/research/fdroid_apps/similar_fdroid_vibe_apps/NotePad;/Users/rar9993/repos/research/fdroid_apps/similar_fdroid_vibe_apps/NotePad/app/src/main/java/com/nononsenseapps/notepad/fragments/TaskListFragment.java;file:/Users/rar9993/repos/research/fdroid_apps/similar_fdroid_vibe_apps/NotePad/app/src/main/java/com/nononsenseapps/notepad/fragments/TaskListFragment.java|line:108
RedundantFieldInitializer;PMD;/Users/rar9993/repos/research/fdroid_apps/similar_fdroid_vibe_apps/NotePad;/Users/rar9993/repos/research/fdroid_apps/similar_fdroid_vibe_apps/NotePad/app/src/main/java/com/nononsenseapps/notepad/fragments/TaskListFragment.java;file:/Users/rar9993/repos/research/fdroid_apps/similar_fdroid_vibe_apps/NotePad/app/src/main/java/com/nononsenseapps/notepad/fragments/TaskListFragment.java|line:109
RedundantFieldInitializer;PMD;/Users/rar9993/repos/research/fdroid_apps/similar_fdroid_vibe_apps/NotePad;/Users/rar9993/repos/research/fdroid_apps/similar_fdroid_vibe_apps/NotePad/app/src/main/java/com/nononsenseapps/notepad/fragments/TaskListFragment.java;file:/Users/rar9993/repos/research/fdroid_apps/similar_fdroid_vibe_apps/NotePad/app/src/main/java/com/nononsenseapps/notepad/fragments/TaskListFragment.java|line:110
RedundantFieldInitializer;PMD;/Users/rar9993/repos/research/fdroid_apps/similar_fdroid_vibe_apps/NotePad;/Users/rar9993/repos/research/fdroid_apps/similar_fdroid_vibe_apps/NotePad/app/src/main/java/com/nononsenseapps/notepad/fragments/TaskListFragment.java;file:/Users/rar9993/repos/research/fdroid_apps/similar_fdroid_vibe_apps/NotePad/app/src/main/java/com/nononsenseapps/notepad/fragments/TaskListFragment.java|line:112
RedundantFieldInitializer;PMD;/Users/rar9993/repos/research/fdroid_apps/similar_fdroid_vibe_apps/NotePad;/Users/rar9993/repos/research/fdroid_apps/similar_fdroid_vibe_apps/NotePad/app/src/main/java/com/nononsenseapps/notepad/fragments/TaskListFragment.java;file:/Users/rar9993/repos/research/fdroid_apps/similar_fdroid_vibe_apps/NotePad/app/src/main/java/com/nononsenseapps/notepad/fragments/TaskListFragment.java|line:200
UseStringBufferForStringAppends;PMD;/Users/rar9993/repos/research/fdroid_apps/similar_fdroid_vibe_apps/NotePad;/Users/rar9993/repos/research/fdroid_apps/similar_fdroid_vibe_apps/NotePad/app/src/main/java/com/nononsenseapps/notepad/fragments/TaskListFragment.java;file:/Users/rar9993/repos/research/fdroid_apps/similar_fdroid_vibe_apps/NotePad/app/src/main/java/com/nononsenseapps/notepad/fragments/TaskListFragment.java|line:370
UseStringBufferForStringAppends;PMD;/Users/rar9993/repos/research/fdroid_apps/similar_fdroid_vibe_apps/NotePad;/Users/rar9993/repos/research/fdroid_apps/similar_fdroid_vibe_apps/NotePad/app/src/main/java/com/nononsenseapps/notepad/fragments/TaskListFragment.java;file:/Users/rar9993/repos/research/fdroid_apps/similar_fdroid_vibe_apps/NotePad/app/src/main/java/com/nononsenseapps/notepad/fragments/TaskListFragment.java|line:373
UseStringBufferForStringAppends;PMD;/Users/rar9993/repos/research/fdroid_apps/similar_fdroid_vibe_apps/NotePad;/Users/rar9993/repos/research/fdroid_apps/similar_fdroid_vibe_apps/NotePad/app/src/main/java/com/nononsenseapps/notepad/fragments/TaskListFragment.java;file:/Users/rar9993/repos/research/fdroid_apps/similar_fdroid_vibe_apps/NotePad/app/src/main/java/com/nononsenseapps/notepad/fragments/TaskListFragment.java|line:377
RedundantFieldInitializer;PMD;/Users/rar9993/repos/research/fdroid_apps/similar_fdroid_vibe_apps/NotePad;/Users/rar9993/repos/research/fdroid_apps/similar_fdroid_vibe_apps/NotePad/app/src/main/java/com/nononsenseapps/notepad/fragments/TaskListFragment.java;file:/Users/rar9993/repos/research/fdroid_apps/similar_fdroid_vibe_apps/NotePad/app/src/main/java/com/nononsenseapps/notepad/fragments/TaskListFragment.java|line:803
RedundantFieldInitializer;PMD;/Users/rar9993/repos/research/fdroid_apps/similar_fdroid_vibe_apps/NotePad;/Users/rar9993/repos/research/fdroid_apps/similar_fdroid_vibe_apps/NotePad/app/src/main/java/com/nononsenseapps/notepad/fragments/TaskListFragment.java;file:/Users/rar9993/repos/research/fdroid_apps/similar_fdroid_vibe_apps/NotePad/app/src/main/java/com/nononsenseapps/notepad/fragments/TaskListFragment.java|line:804
AvoidInstantiatingObjectsInLoops;PMD;/Users/rar9993/repos/research/fdroid_apps/similar_fdroid_vibe_apps/NotePad;/Users/rar9993/repos/research/fdroid_apps/similar_fdroid_vibe_apps/NotePad/app/src/main/java/com/nononsenseapps/notepad/prefs/AppearancePrefs.java;file:/Users/rar9993/repos/research/fdroid_apps/similar_fdroid_vibe_apps/NotePad/app/src/main/java/com/nononsenseapps/notepad/prefs/AppearancePrefs.java|line:135
AvoidInstantiatingObjectsInLoops;PMD;/Users/rar9993/repos/research/fdroid_apps/similar_fdroid_vibe_apps/NotePad;/Users/rar9993/repos/research/fdroid_apps/similar_fdroid_vibe_apps/NotePad/app/src/main/java/com/nononsenseapps/notepad/prefs/AppearancePrefs.java;file:/Users/rar9993/repos/research/fdroid_apps/similar_fdroid_vibe_apps/NotePad/app/src/main/java/com/nononsenseapps/notepad/prefs/AppearancePrefs.java|line:137
UseArraysAsList;PMD;/Users/rar9993/repos/research/fdroid_apps/similar_fdroid_vibe_apps/NotePad;/Users/rar9993/repos/research/fdroid_apps/similar_fdroid_vibe_apps/NotePad/app/src/main/java/com/nononsenseapps/notepad/prefs/AppearancePrefs.java;file:/Users/rar9993/repos/research/fdroid_apps/similar_fdroid_vibe_apps/NotePad/app/src/main/java/com/nononsenseapps/notepad/prefs/AppearancePrefs.java|line:141
RedundantFieldInitializer;PMD;/Users/rar9993/repos/research/fdroid_apps/similar_fdroid_vibe_apps/NotePad;/Users/rar9993/repos/research/fdroid_apps/similar_fdroid_vibe_apps/NotePad/app/src/main/java/com/nononsenseapps/notepad/prefs/PrefsActivity.java;file:/Users/rar9993/repos/research/fdroid_apps/similar_fdroid_vibe_apps/NotePad/app/src/main/java/com/nononsenseapps/notepad/prefs/PrefsActivity.java|line:46
AvoidInstantiatingObjectsInLoops;PMD;/Users/rar9993/repos/research/fdroid_apps/similar_fdroid_vibe_apps/NotePad;/Users/rar9993/repos/research/fdroid_apps/similar_fdroid_vibe_apps/NotePad/app/src/main/java/com/nononsenseapps/notepad/sync/files/JSONBackup.java;file:/Users/rar9993/repos/research/fdroid_apps/similar_fdroid_vibe_apps/NotePad/app/src/main/java/com/nononsenseapps/notepad/sync/files/JSONBackup.java|line:161
AvoidInstantiatingObjectsInLoops;PMD;/Users/rar9993/repos/research/fdroid_apps/similar_fdroid_vibe_apps/NotePad;/Users/rar9993/repos/research/fdroid_apps/similar_fdroid_vibe_apps/NotePad/app/src/main/java/com/nononsenseapps/notepad/sync/files/JSONBackup.java;file:/Users/rar9993/repos/research/fdroid_apps/similar_fdroid_vibe_apps/NotePad/app/src/main/java/com/nononsenseapps/notepad/sync/files/JSONBackup.java|line:187
AvoidInstantiatingObjectsInLoops;PMD;/Users/rar9993/repos/research/fdroid_apps/similar_fdroid_vibe_apps/NotePad;/Users/rar9993/repos/research/fdroid_apps/similar_fdroid_vibe_apps/NotePad/app/src/main/java/com/nononsenseapps/notepad/sync/files/JSONBackup.java;file:/Users/rar9993/repos/research/fdroid_apps/similar_fdroid_vibe_apps/NotePad/app/src/main/java/com/nononsenseapps/notepad/sync/files/JSONBackup.java|line:199
AvoidInstantiatingObjectsInLoops;PMD;/Users/rar9993/repos/research/fdroid_apps/similar_fdroid_vibe_apps/NotePad;/Users/rar9993/repos/research/fdroid_apps/similar_fdroid_vibe_apps/NotePad/app/src/main/java/com/nononsenseapps/notepad/sync/files/JSONBackup.java;file:/Users/rar9993/repos/research/fdroid_apps/similar_fdroid_vibe_apps/NotePad/app/src/main/java/com/nononsenseapps/notepad/sync/files/JSONBackup.java|line:216
AvoidInstantiatingObjectsInLoops;PMD;/Users/rar9993/repos/research/fdroid_apps/similar_fdroid_vibe_apps/NotePad;/Users/rar9993/repos/research/fdroid_apps/similar_fdroid_vibe_apps/NotePad/app/src/main/java/com/nononsenseapps/notepad/sync/files/JSONBackup.java;file:/Users/rar9993/repos/research/fdroid_apps/similar_fdroid_vibe_apps/NotePad/app/src/main/java/com/nononsenseapps/notepad/sync/files/JSONBackup.java|line:228
AvoidInstantiatingObjectsInLoops;PMD;/Users/rar9993/repos/research/fdroid_apps/similar_fdroid_vibe_apps/NotePad;/Users/rar9993/repos/research/fdroid_apps/similar_fdroid_vibe_apps/NotePad/app/src/main/java/com/nononsenseapps/notepad/sync/files/JSONBackup.java;file:/Users/rar9993/repos/research/fdroid_apps/similar_fdroid_vibe_apps/NotePad/app/src/main/java/com/nononsenseapps/notepad/sync/files/JSONBackup.java|line:272
AvoidInstantiatingObjectsInLoops;PMD;/Users/rar9993/repos/research/fdroid_apps/similar_fdroid_vibe_apps/NotePad;/Users/rar9993/repos/research/fdroid_apps/similar_fdroid_vibe_apps/NotePad/app/src/main/java/com/nononsenseapps/notepad/sync/files/JSONBackup.java;file:/Users/rar9993/repos/research/fdroid_apps/similar_fdroid_vibe_apps/NotePad/app/src/main/java/com/nononsenseapps/notepad/sync/files/JSONBackup.java|line:328
AvoidInstantiatingObjectsInLoops;PMD;/Users/rar9993/repos/research/fdroid_apps/similar_fdroid_vibe_apps/NotePad;/Users/rar9993/repos/research/fdroid_apps/similar_fdroid_vibe_apps/NotePad/app/src/main/java/com/nononsenseapps/notepad/sync/files/JSONBackup.java;file:/Users/rar9993/repos/research/fdroid_apps/similar_fdroid_vibe_apps/NotePad/app/src/main/java/com/nononsenseapps/notepad/sync/files/JSONBackup.java|line:339
AvoidInstantiatingObjectsInLoops;PMD;/Users/rar9993/repos/research/fdroid_apps/similar_fdroid_vibe_apps/NotePad;/Users/rar9993/repos/research/fdroid_apps/similar_fdroid_vibe_apps/NotePad/app/src/main/java/com/nononsenseapps/notepad/sync/files/JSONBackup.java;file:/Users/rar9993/repos/research/fdroid_apps/similar_fdroid_vibe_apps/NotePad/app/src/main/java/com/nononsenseapps/notepad/sync/files/JSONBackup.java|line:359
AvoidInstantiatingObjectsInLoops;PMD;/Users/rar9993/repos/research/fdroid_apps/similar_fdroid_vibe_apps/NotePad;/Users/rar9993/repos/research/fdroid_apps/similar_fdroid_vibe_apps/NotePad/app/src/main/java/com/nononsenseapps/notepad/sync/files/JSONBackup.java;file:/Users/rar9993/repos/research/fdroid_apps/similar_fdroid_vibe_apps/NotePad/app/src/main/java/com/nononsenseapps/notepad/sync/files/JSONBackup.java|line:371
RedundantFieldInitializer;PMD;/Users/rar9993/repos/research/fdroid_apps/similar_fdroid_vibe_apps/NotePad;/Users/rar9993/repos/research/fdroid_apps/similar_fdroid_vibe_apps/NotePad/app/src/main/java/com/nononsenseapps/notepad/sync/googleapi/GoogleTask.java;file:/Users/rar9993/repos/research/fdroid_apps/similar_fdroid_vibe_apps/NotePad/app/src/main/java/com/nononsenseapps/notepad/sync/googleapi/GoogleTask.java|line:42
RedundantFieldInitializer;PMD;/Users/rar9993/repos/research/fdroid_apps/similar_fdroid_vibe_apps/NotePad;/Users/rar9993/repos/research/fdroid_apps/similar_fdroid_vibe_apps/NotePad/app/src/main/java/com/nononsenseapps/notepad/sync/googleapi/GoogleTask.java;file:/Users/rar9993/repos/research/fdroid_apps/similar_fdroid_vibe_apps/NotePad/app/src/main/java/com/nononsenseapps/notepad/sync/googleapi/GoogleTask.java|line:43
RedundantFieldInitializer;PMD;/Users/rar9993/repos/research/fdroid_apps/similar_fdroid_vibe_apps/NotePad;/Users/rar9993/repos/research/fdroid_apps/similar_fdroid_vibe_apps/NotePad/app/src/main/java/com/nononsenseapps/notepad/sync/googleapi/GoogleTask.java;file:/Users/rar9993/repos/research/fdroid_apps/similar_fdroid_vibe_apps/NotePad/app/src/main/java/com/nononsenseapps/notepad/sync/googleapi/GoogleTask.java|line:44
RedundantFieldInitializer;PMD;/Users/rar9993/repos/research/fdroid_apps/similar_fdroid_vibe_apps/NotePad;/Users/rar9993/repos/research/fdroid_apps/similar_fdroid_vibe_apps/NotePad/app/src/main/java/com/nononsenseapps/notepad/sync/googleapi/GoogleTask.java;file:/Users/rar9993/repos/research/fdroid_apps/similar_fdroid_vibe_apps/NotePad/app/src/main/java/com/nononsenseapps/notepad/sync/googleapi/GoogleTask.java|line:45
RedundantFieldInitializer;PMD;/Users/rar9993/repos/research/fdroid_apps/similar_fdroid_vibe_apps/NotePad;/Users/rar9993/repos/research/fdroid_apps/similar_fdroid_vibe_apps/NotePad/app/src/main/java/com/nononsenseapps/notepad/sync/googleapi/GoogleTask.java;file:/Users/rar9993/repos/research/fdroid_apps/similar_fdroid_vibe_apps/NotePad/app/src/main/java/com/nononsenseapps/notepad/sync/googleapi/GoogleTask.java|line:46
RedundantFieldInitializer;PMD;/Users/rar9993/repos/research/fdroid_apps/similar_fdroid_vibe_apps/NotePad;/Users/rar9993/repos/research/fdroid_apps/similar_fdroid_vibe_apps/NotePad/app/src/main/java/com/nononsenseapps/notepad/sync/googleapi/GoogleTask.java;file:/Users/rar9993/repos/research/fdroid_apps/similar_fdroid_vibe_apps/NotePad/app/src/main/java/com/nononsenseapps/notepad/sync/googleapi/GoogleTask.java|line:47
RedundantFieldInitializer;PMD;/Users/rar9993/repos/research/fdroid_apps/similar_fdroid_vibe_apps/NotePad;/Users/rar9993/repos/research/fdroid_apps/similar_fdroid_vibe_apps/NotePad/app/src/main/java/com/nononsenseapps/notepad/sync/googleapi/GoogleTask.java;file:/Users/rar9993/repos/research/fdroid_apps/similar_fdroid_vibe_apps/NotePad/app/src/main/java/com/nononsenseapps/notepad/sync/googleapi/GoogleTask.java|line:49
RedundantFieldInitializer;PMD;/Users/rar9993/repos/research/fdroid_apps/similar_fdroid_vibe_apps/NotePad;/Users/rar9993/repos/research/fdroid_apps/similar_fdroid_vibe_apps/NotePad/app/src/main/java/com/nononsenseapps/notepad/sync/googleapi/GoogleTaskList.java;file:/Users/rar9993/repos/research/fdroid_apps/similar_fdroid_vibe_apps/NotePad/app/src/main/java/com/nononsenseapps/notepad/sync/googleapi/GoogleTaskList.java|line:26
AvoidInstantiatingObjectsInLoops;PMD;/Users/rar9993/repos/research/fdroid_apps/similar_fdroid_vibe_apps/NotePad;/Users/rar9993/repos/research/fdroid_apps/similar_fdroid_vibe_apps/NotePad/app/src/main/java/com/nononsenseapps/notepad/sync/orgsync/DBSyncBase.java;file:/Users/rar9993/repos/research/fdroid_apps/similar_fdroid_vibe_apps/NotePad/app/src/main/java/com/nononsenseapps/notepad/sync/orgsync/DBSyncBase.java|line:149
AvoidInstantiatingObjectsInLoops;PMD;/Users/rar9993/repos/research/fdroid_apps/similar_fdroid_vibe_apps/NotePad;/Users/rar9993/repos/research/fdroid_apps/similar_fdroid_vibe_apps/NotePad/app/src/main/java/com/nononsenseapps/notepad/sync/orgsync/DBSyncBase.java;file:/Users/rar9993/repos/research/fdroid_apps/similar_fdroid_vibe_apps/NotePad/app/src/main/java/com/nononsenseapps/notepad/sync/orgsync/DBSyncBase.java|line:174
AvoidInstantiatingObjectsInLoops;PMD;/Users/rar9993/repos/research/fdroid_apps/similar_fdroid_vibe_apps/NotePad;/Users/rar9993/repos/research/fdroid_apps/similar_fdroid_vibe_apps/NotePad/app/src/main/java/com/nononsenseapps/notepad/sync/orgsync/DBSyncBase.java;file:/Users/rar9993/repos/research/fdroid_apps/similar_fdroid_vibe_apps/NotePad/app/src/main/java/com/nononsenseapps/notepad/sync/orgsync/DBSyncBase.java|line:188
AvoidInstantiatingObjectsInLoops;PMD;/Users/rar9993/repos/research/fdroid_apps/similar_fdroid_vibe_apps/NotePad;/Users/rar9993/repos/research/fdroid_apps/similar_fdroid_vibe_apps/NotePad/app/src/main/java/com/nononsenseapps/notepad/sync/orgsync/DBSyncBase.java;file:/Users/rar9993/repos/research/fdroid_apps/similar_fdroid_vibe_apps/NotePad/app/src/main/java/com/nononsenseapps/notepad/sync/orgsync/DBSyncBase.java|line:227
AvoidInstantiatingObjectsInLoops;PMD;/Users/rar9993/repos/research/fdroid_apps/similar_fdroid_vibe_apps/NotePad;/Users/rar9993/repos/research/fdroid_apps/similar_fdroid_vibe_apps/NotePad/app/src/main/java/com/nononsenseapps/notepad/sync/orgsync/DBSyncBase.java;file:/Users/rar9993/repos/research/fdroid_apps/similar_fdroid_vibe_apps/NotePad/app/src/main/java/com/nononsenseapps/notepad/sync/orgsync/DBSyncBase.java|line:249
AvoidInstantiatingObjectsInLoops;PMD;/Users/rar9993/repos/research/fdroid_apps/similar_fdroid_vibe_apps/NotePad;/Users/rar9993/repos/research/fdroid_apps/similar_fdroid_vibe_apps/NotePad/app/src/main/java/com/nononsenseapps/notepad/sync/orgsync/DBSyncBase.java;file:/Users/rar9993/repos/research/fdroid_apps/similar_fdroid_vibe_apps/NotePad/app/src/main/java/com/nononsenseapps/notepad/sync/orgsync/DBSyncBase.java|line:268
AvoidInstantiatingObjectsInLoops;PMD;/Users/rar9993/repos/research/fdroid_apps/similar_fdroid_vibe_apps/NotePad;/Users/rar9993/repos/research/fdroid_apps/similar_fdroid_vibe_apps/NotePad/app/src/main/java/com/nononsenseapps/notepad/sync/orgsync/DBSyncBase.java;file:/Users/rar9993/repos/research/fdroid_apps/similar_fdroid_vibe_apps/NotePad/app/src/main/java/com/nononsenseapps/notepad/sync/orgsync/DBSyncBase.java|line:292
AvoidInstantiatingObjectsInLoops;PMD;/Users/rar9993/repos/research/fdroid_apps/similar_fdroid_vibe_apps/NotePad;/Users/rar9993/repos/research/fdroid_apps/similar_fdroid_vibe_apps/NotePad/app/src/main/java/com/nononsenseapps/notepad/sync/orgsync/DBSyncBase.java;file:/Users/rar9993/repos/research/fdroid_apps/similar_fdroid_vibe_apps/NotePad/app/src/main/java/com/nononsenseapps/notepad/sync/orgsync/DBSyncBase.java|line:309
AvoidCalendarDateCreation;PMD;/Users/rar9993/repos/research/fdroid_apps/similar_fdroid_vibe_apps/NotePad;/Users/rar9993/repos/research/fdroid_apps/similar_fdroid_vibe_apps/NotePad/app/src/main/java/com/nononsenseapps/notepad/sync/orgsync/OrgConverter.java;file:/Users/rar9993/repos/research/fdroid_apps/similar_fdroid_vibe_apps/NotePad/app/src/main/java/com/nononsenseapps/notepad/sync/orgsync/OrgConverter.java|line:122
AvoidInstantiatingObjectsInLoops;PMD;/Users/rar9993/repos/research/fdroid_apps/similar_fdroid_vibe_apps/NotePad;/Users/rar9993/repos/research/fdroid_apps/similar_fdroid_vibe_apps/NotePad/app/src/main/java/com/nononsenseapps/notepad/sync/orgsync/OrgConverter.java;file:/Users/rar9993/repos/research/fdroid_apps/similar_fdroid_vibe_apps/NotePad/app/src/main/java/com/nononsenseapps/notepad/sync/orgsync/OrgConverter.java|line:161
AvoidCalendarDateCreation;PMD;/Users/rar9993/repos/research/fdroid_apps/similar_fdroid_vibe_apps/NotePad;/Users/rar9993/repos/research/fdroid_apps/similar_fdroid_vibe_apps/NotePad/app/src/main/java/com/nononsenseapps/notepad/sync/orgsync/OrgConverter.java;file:/Users/rar9993/repos/research/fdroid_apps/similar_fdroid_vibe_apps/NotePad/app/src/main/java/com/nononsenseapps/notepad/sync/orgsync/OrgConverter.java|line:238
AppendCharacterWithChar;PMD;/Users/rar9993/repos/research/fdroid_apps/similar_fdroid_vibe_apps/NotePad;/Users/rar9993/repos/research/fdroid_apps/similar_fdroid_vibe_apps/NotePad/app/src/main/java/com/nononsenseapps/notepad/sync/orgsync/OrgConverter.java;file:/Users/rar9993/repos/research/fdroid_apps/similar_fdroid_vibe_apps/NotePad/app/src/main/java/com/nononsenseapps/notepad/sync/orgsync/OrgConverter.java|line:301
AppendCharacterWithChar;PMD;/Users/rar9993/repos/research/fdroid_apps/similar_fdroid_vibe_apps/NotePad;/Users/rar9993/repos/research/fdroid_apps/similar_fdroid_vibe_apps/NotePad/app/src/main/java/com/nononsenseapps/notepad/sync/orgsync/OrgConverter.java;file:/Users/rar9993/repos/research/fdroid_apps/similar_fdroid_vibe_apps/NotePad/app/src/main/java/com/nononsenseapps/notepad/sync/orgsync/OrgConverter.java|line:311
AvoidFileStream;PMD;/Users/rar9993/repos/research/fdroid_apps/similar_fdroid_vibe_apps/NotePad;/Users/rar9993/repos/research/fdroid_apps/similar_fdroid_vibe_apps/NotePad/app/src/main/java/com/nononsenseapps/notepad/sync/orgsync/OrgProvider.java;file:/Users/rar9993/repos/research/fdroid_apps/similar_fdroid_vibe_apps/NotePad/app/src/main/java/com/nononsenseapps/notepad/sync/orgsync/OrgProvider.java|line:79
TooFewBranchesForSwitch;PMD;/Users/rar9993/repos/research/fdroid_apps/similar_fdroid_vibe_apps/NotePad;/Users/rar9993/repos/research/fdroid_apps/similar_fdroid_vibe_apps/NotePad/app/src/main/java/com/nononsenseapps/notepad/sync/orgsync/OrgProvider.java;file:/Users/rar9993/repos/research/fdroid_apps/similar_fdroid_vibe_apps/NotePad/app/src/main/java/com/nononsenseapps/notepad/sync/orgsync/OrgProvider.java|line:156
TooFewBranchesForSwitch;PMD;/Users/rar9993/repos/research/fdroid_apps/similar_fdroid_vibe_apps/NotePad;/Users/rar9993/repos/research/fdroid_apps/similar_fdroid_vibe_apps/NotePad/app/src/main/java/com/nononsenseapps/notepad/sync/orgsync/OrgProvider.java;file:/Users/rar9993/repos/research/fdroid_apps/similar_fdroid_vibe_apps/NotePad/app/src/main/java/com/nononsenseapps/notepad/sync/orgsync/OrgProvider.java|line:182
RedundantFieldInitializer;PMD;/Users/rar9993/repos/research/fdroid_apps/similar_fdroid_vibe_apps/NotePad;/Users/rar9993/repos/research/fdroid_apps/similar_fdroid_vibe_apps/NotePad/app/src/main/java/com/nononsenseapps/notepad/sync/orgsync/OrgSyncService.java;file:/Users/rar9993/repos/research/fdroid_apps/similar_fdroid_vibe_apps/NotePad/app/src/main/java/com/nononsenseapps/notepad/sync/orgsync/OrgSyncService.java|line:170
AvoidInstantiatingObjectsInLoops;PMD;/Users/rar9993/repos/research/fdroid_apps/similar_fdroid_vibe_apps/NotePad;/Users/rar9993/repos/research/fdroid_apps/similar_fdroid_vibe_apps/NotePad/app/src/main/java/com/nononsenseapps/notepad/sync/orgsync/OrgSyncService.java;file:/Users/rar9993/repos/research/fdroid_apps/similar_fdroid_vibe_apps/NotePad/app/src/main/java/com/nononsenseapps/notepad/sync/orgsync/OrgSyncService.java|line:241
AvoidCalendarDateCreation;PMD;/Users/rar9993/repos/research/fdroid_apps/similar_fdroid_vibe_apps/NotePad;/Users/rar9993/repos/research/fdroid_apps/similar_fdroid_vibe_apps/NotePad/app/src/main/java/com/nononsenseapps/notepad/sync/orgsync/OrgSyncService.java;file:/Users/rar9993/repos/research/fdroid_apps/similar_fdroid_vibe_apps/NotePad/app/src/main/java/com/nononsenseapps/notepad/sync/orgsync/OrgSyncService.java|line:255
AvoidInstantiatingObjectsInLoops;PMD;/Users/rar9993/repos/research/fdroid_apps/similar_fdroid_vibe_apps/NotePad;/Users/rar9993/repos/research/fdroid_apps/similar_fdroid_vibe_apps/NotePad/app/src/main/java/com/nononsenseapps/notepad/sync/orgsync/SDSynchronizer.java;file:/Users/rar9993/repos/research/fdroid_apps/similar_fdroid_vibe_apps/NotePad/app/src/main/java/com/nononsenseapps/notepad/sync/orgsync/SDSynchronizer.java|line:135
AvoidFileStream;PMD;/Users/rar9993/repos/research/fdroid_apps/similar_fdroid_vibe_apps/NotePad;/Users/rar9993/repos/research/fdroid_apps/similar_fdroid_vibe_apps/NotePad/app/src/main/java/com/nononsenseapps/notepad/sync/orgsync/SDSynchronizer.java;file:/Users/rar9993/repos/research/fdroid_apps/similar_fdroid_vibe_apps/NotePad/app/src/main/java/com/nononsenseapps/notepad/sync/orgsync/SDSynchronizer.java|line:154
AvoidFileStream;PMD;/Users/rar9993/repos/research/fdroid_apps/similar_fdroid_vibe_apps/NotePad;/Users/rar9993/repos/research/fdroid_apps/similar_fdroid_vibe_apps/NotePad/app/src/main/java/com/nononsenseapps/notepad/sync/orgsync/SDSynchronizer.java;file:/Users/rar9993/repos/research/fdroid_apps/similar_fdroid_vibe_apps/NotePad/app/src/main/java/com/nononsenseapps/notepad/sync/orgsync/SDSynchronizer.java|line:212
AvoidInstantiatingObjectsInLoops;PMD;/Users/rar9993/repos/research/fdroid_apps/similar_fdroid_vibe_apps/NotePad;/Users/rar9993/repos/research/fdroid_apps/similar_fdroid_vibe_apps/NotePad/app/src/main/java/com/nononsenseapps/notepad/sync/orgsync/Synchronizer.java;file:/Users/rar9993/repos/research/fdroid_apps/similar_fdroid_vibe_apps/NotePad/app/src/main/java/com/nononsenseapps/notepad/sync/orgsync/Synchronizer.java|line:82
AvoidInstantiatingObjectsInLoops;PMD;/Users/rar9993/repos/research/fdroid_apps/similar_fdroid_vibe_apps/NotePad;/Users/rar9993/repos/research/fdroid_apps/similar_fdroid_vibe_apps/NotePad/app/src/main/java/com/nononsenseapps/notepad/sync/orgsync/Synchronizer.java;file:/Users/rar9993/repos/research/fdroid_apps/similar_fdroid_vibe_apps/NotePad/app/src/main/java/com/nononsenseapps/notepad/sync/orgsync/Synchronizer.java|line:92
AvoidInstantiatingObjectsInLoops;PMD;/Users/rar9993/repos/research/fdroid_apps/similar_fdroid_vibe_apps/NotePad;/Users/rar9993/repos/research/fdroid_apps/similar_fdroid_vibe_apps/NotePad/app/src/main/java/com/nononsenseapps/notepad/sync/orgsync/Synchronizer.java;file:/Users/rar9993/repos/research/fdroid_apps/similar_fdroid_vibe_apps/NotePad/app/src/main/java/com/nononsenseapps/notepad/sync/orgsync/Synchronizer.java|line:97
AvoidCalendarDateCreation;PMD;/Users/rar9993/repos/research/fdroid_apps/similar_fdroid_vibe_apps/NotePad;/Users/rar9993/repos/research/fdroid_apps/similar_fdroid_vibe_apps/NotePad/app/src/main/java/com/nononsenseapps/notepad/sync/orgsync/Synchronizer.java;file:/Users/rar9993/repos/research/fdroid_apps/similar_fdroid_vibe_apps/NotePad/app/src/main/java/com/nononsenseapps/notepad/sync/orgsync/Synchronizer.java|line:143
AvoidInstantiatingObjectsInLoops;PMD;/Users/rar9993/repos/research/fdroid_apps/similar_fdroid_vibe_apps/NotePad;/Users/rar9993/repos/research/fdroid_apps/similar_fdroid_vibe_apps/NotePad/app/src/main/java/com/nononsenseapps/notepad/sync/orgsync/Synchronizer.java;file:/Users/rar9993/repos/research/fdroid_apps/similar_fdroid_vibe_apps/NotePad/app/src/main/java/com/nononsenseapps/notepad/sync/orgsync/Synchronizer.java|line:234
AvoidInstantiatingObjectsInLoops;PMD;/Users/rar9993/repos/research/fdroid_apps/similar_fdroid_vibe_apps/NotePad;/Users/rar9993/repos/research/fdroid_apps/similar_fdroid_vibe_apps/NotePad/app/src/main/java/com/nononsenseapps/notepad/sync/orgsync/Synchronizer.java;file:/Users/rar9993/repos/research/fdroid_apps/similar_fdroid_vibe_apps/NotePad/app/src/main/java/com/nononsenseapps/notepad/sync/orgsync/Synchronizer.java|line:234
AvoidInstantiatingObjectsInLoops;PMD;/Users/rar9993/repos/research/fdroid_apps/similar_fdroid_vibe_apps/NotePad;/Users/rar9993/repos/research/fdroid_apps/similar_fdroid_vibe_apps/NotePad/app/src/main/java/com/nononsenseapps/notepad/sync/orgsync/Synchronizer.java;file:/Users/rar9993/repos/research/fdroid_apps/similar_fdroid_vibe_apps/NotePad/app/src/main/java/com/nononsenseapps/notepad/sync/orgsync/Synchronizer.java|line:244
AvoidInstantiatingObjectsInLoops;PMD;/Users/rar9993/repos/research/fdroid_apps/similar_fdroid_vibe_apps/NotePad;/Users/rar9993/repos/research/fdroid_apps/similar_fdroid_vibe_apps/NotePad/app/src/main/java/com/nononsenseapps/notepad/sync/orgsync/Synchronizer.java;file:/Users/rar9993/repos/research/fdroid_apps/similar_fdroid_vibe_apps/NotePad/app/src/main/java/com/nononsenseapps/notepad/sync/orgsync/Synchronizer.java|line:256
AvoidInstantiatingObjectsInLoops;PMD;/Users/rar9993/repos/research/fdroid_apps/similar_fdroid_vibe_apps/NotePad;/Users/rar9993/repos/research/fdroid_apps/similar_fdroid_vibe_apps/NotePad/app/src/main/java/com/nononsenseapps/notepad/sync/orgsync/Synchronizer.java;file:/Users/rar9993/repos/research/fdroid_apps/similar_fdroid_vibe_apps/NotePad/app/src/main/java/com/nononsenseapps/notepad/sync/orgsync/Synchronizer.java|line:261
AvoidCalendarDateCreation;PMD;/Users/rar9993/repos/research/fdroid_apps/similar_fdroid_vibe_apps/NotePad;/Users/rar9993/repos/research/fdroid_apps/similar_fdroid_vibe_apps/NotePad/app/src/main/java/com/nononsenseapps/notepad/sync/orgsync/Synchronizer.java;file:/Users/rar9993/repos/research/fdroid_apps/similar_fdroid_vibe_apps/NotePad/app/src/main/java/com/nononsenseapps/notepad/sync/orgsync/Synchronizer.java|line:374
RedundantFieldInitializer;PMD;/Users/rar9993/repos/research/fdroid_apps/similar_fdroid_vibe_apps/NotePad;/Users/rar9993/repos/research/fdroid_apps/similar_fdroid_vibe_apps/NotePad/app/src/main/java/com/nononsenseapps/notepad/widget/list/ListWidgetConfig.java;file:/Users/rar9993/repos/research/fdroid_apps/similar_fdroid_vibe_apps/NotePad/app/src/main/java/com/nononsenseapps/notepad/widget/list/ListWidgetConfig.java|line:159
AvoidInstantiatingObjectsInLoops;PMD;/Users/rar9993/repos/research/fdroid_apps/similar_fdroid_vibe_apps/NotePad;/Users/rar9993/repos/research/fdroid_apps/similar_fdroid_vibe_apps/NotePad/app/src/main/java/com/nononsenseapps/notepad/widget/list/ListWidgetProvider.java;file:/Users/rar9993/repos/research/fdroid_apps/similar_fdroid_vibe_apps/NotePad/app/src/main/java/com/nononsenseapps/notepad/widget/list/ListWidgetProvider.java|line:132
RedundantFieldInitializer;PMD;/Users/rar9993/repos/research/fdroid_apps/similar_fdroid_vibe_apps/NotePad;/Users/rar9993/repos/research/fdroid_apps/similar_fdroid_vibe_apps/NotePad/app/src/main/java/com/nononsenseapps/notepad/widget/list/ListWidgetService.java;file:/Users/rar9993/repos/research/fdroid_apps/similar_fdroid_vibe_apps/NotePad/app/src/main/java/com/nononsenseapps/notepad/widget/list/ListWidgetService.java|line:64
RedundantFieldInitializer;PMD;/Users/rar9993/repos/research/fdroid_apps/similar_fdroid_vibe_apps/NotePad;/Users/rar9993/repos/research/fdroid_apps/similar_fdroid_vibe_apps/NotePad/app/src/main/java/com/nononsenseapps/notepad/widget/list/WidgetPrefs.java;file:/Users/rar9993/repos/research/fdroid_apps/similar_fdroid_vibe_apps/NotePad/app/src/main/java/com/nononsenseapps/notepad/widget/list/WidgetPrefs.java|line:34
AddEmptyString;PMD;/Users/rar9993/repos/research/fdroid_apps/similar_fdroid_vibe_apps/NotePad;/Users/rar9993/repos/research/fdroid_apps/similar_fdroid_vibe_apps/NotePad/app/src/main/java/com/nononsenseapps/notepad/widget/shortcut/ShortcutConfig.java;file:/Users/rar9993/repos/research/fdroid_apps/similar_fdroid_vibe_apps/NotePad/app/src/main/java/com/nononsenseapps/notepad/widget/shortcut/ShortcutConfig.java|line:153
RedundantFieldInitializer;PMD;/Users/rar9993/repos/research/fdroid_apps/similar_fdroid_vibe_apps/NotePad;/Users/rar9993/repos/research/fdroid_apps/similar_fdroid_vibe_apps/NotePad/app/src/main/java/com/nononsenseapps/ui/ExtraTypesCursorAdapter.java;file:/Users/rar9993/repos/research/fdroid_apps/similar_fdroid_vibe_apps/NotePad/app/src/main/java/com/nononsenseapps/ui/ExtraTypesCursorAdapter.java|line:36
UseIndexOfChar;PMD;/Users/rar9993/repos/research/fdroid_apps/similar_fdroid_vibe_apps/NotePad;/Users/rar9993/repos/research/fdroid_apps/similar_fdroid_vibe_apps/NotePad/app/src/main/java/com/nononsenseapps/ui/StyledEditText.java;file:/Users/rar9993/repos/research/fdroid_apps/similar_fdroid_vibe_apps/NotePad/app/src/main/java/com/nononsenseapps/ui/StyledEditText.java|line:182
AppendCharacterWithChar;PMD;/Users/rar9993/repos/research/fdroid_apps/similar_fdroid_vibe_apps/NotePad;/Users/rar9993/repos/research/fdroid_apps/similar_fdroid_vibe_apps/NotePad/app/src/main/java/com/nononsenseapps/ui/TitleNoteTextView.java;file:/Users/rar9993/repos/research/fdroid_apps/similar_fdroid_vibe_apps/NotePad/app/src/main/java/com/nononsenseapps/ui/TitleNoteTextView.java|line:120
UseIndexOfChar;PMD;/Users/rar9993/repos/research/fdroid_apps/similar_fdroid_vibe_apps/NotePad;/Users/rar9993/repos/research/fdroid_apps/similar_fdroid_vibe_apps/NotePad/app/src/main/java/com/nononsenseapps/ui/TitleNoteTextView.java;file:/Users/rar9993/repos/research/fdroid_apps/similar_fdroid_vibe_apps/NotePad/app/src/main/java/com/nononsenseapps/ui/TitleNoteTextView.java|line:140
UseIndexOfChar;PMD;/Users/rar9993/repos/research/fdroid_apps/similar_fdroid_vibe_apps/NotePad;/Users/rar9993/repos/research/fdroid_apps/similar_fdroid_vibe_apps/NotePad/app/src/main/java/com/nononsenseapps/ui/TitleNoteTextView.java;file:/Users/rar9993/repos/research/fdroid_apps/similar_fdroid_vibe_apps/NotePad/app/src/main/java/com/nononsenseapps/ui/TitleNoteTextView.java|line:234
RedundantFieldInitializer;PMD;/Users/rar9993/repos/research/fdroid_apps/similar_fdroid_vibe_apps/NotePad;/Users/rar9993/repos/research/fdroid_apps/similar_fdroid_vibe_apps/NotePad/app/src/main/java/com/nononsenseapps/ui/WeekDaysView.java;file:/Users/rar9993/repos/research/fdroid_apps/similar_fdroid_vibe_apps/NotePad/app/src/main/java/com/nononsenseapps/ui/WeekDaysView.java|line:71
MemberIgnoringMethod;DAAP;/Users/rar9993/repos/research/fdroid_apps/similar_fdroid_vibe_apps/NotePad;/dbgenout/com/nononsenseapps/notepad/database/ItemProvider.java;file:/dbgenout/com/nononsenseapps/notepad/database/ItemProvider.java
MemberIgnoringMethod;DAAP;/Users/rar9993/repos/research/fdroid_apps/similar_fdroid_vibe_apps/NotePad;/dbgenout/com/nononsenseapps/notepad/database/DBItem.java;file:/dbgenout/com/nononsenseapps/notepad/database/DBItem.java
MemberIgnoringMethod;DAAP;/Users/rar9993/repos/research/fdroid_apps/similar_fdroid_vibe_apps/NotePad;/src/main/java/com/nononsenseapps/ui/WeekDaysView.java;file:/src/main/java/com/nononsenseapps/ui/WeekDaysView.java
MemberIgnoringMethod;DAAP;/Users/rar9993/repos/research/fdroid_apps/similar_fdroid_vibe_apps/NotePad;/src/main/java/com/nononsenseapps/notepad/prefs/IndexPrefs.java;file:/src/main/java/com/nononsenseapps/notepad/prefs/IndexPrefs.java
MemberIgnoringMethod;DAAP;/Users/rar9993/repos/research/fdroid_apps/similar_fdroid_vibe_apps/NotePad;/src/main/java/com/nononsenseapps/notepad/prefs/NotificationPrefs.java;file:/src/main/java/com/nononsenseapps/notepad/prefs/NotificationPrefs.java
MemberIgnoringMethod;DAAP;/Users/rar9993/repos/research/fdroid_apps/similar_fdroid_vibe_apps/NotePad;/src/main/java/com/nononsenseapps/notepad/prefs/SyncPrefs.java;file:/src/main/java/com/nononsenseapps/notepad/prefs/SyncPrefs.java
MemberIgnoringMethod;DAAP;/Users/rar9993/repos/research/fdroid_apps/similar_fdroid_vibe_apps/NotePad;/src/main/java/com/nononsenseapps/notepad/prefs/AppearancePrefs.java;file:/src/main/java/com/nononsenseapps/notepad/prefs/AppearancePrefs.java
MemberIgnoringMethod;DAAP;/Users/rar9993/repos/research/fdroid_apps/similar_fdroid_vibe_apps/NotePad;/src/main/java/com/nononsenseapps/notepad/fragments/DialogRestore.java;file:/src/main/java/com/nononsenseapps/notepad/fragments/DialogRestore.java
MemberIgnoringMethod;DAAP;/Users/rar9993/repos/research/fdroid_apps/similar_fdroid_vibe_apps/NotePad;/src/main/java/com/nononsenseapps/notepad/fragments/DialogEditList.java;file:/src/main/java/com/nononsenseapps/notepad/fragments/DialogEditList.java
MemberIgnoringMethod;DAAP;/Users/rar9993/repos/research/fdroid_apps/similar_fdroid_vibe_apps/NotePad;/src/main/java/com/nononsenseapps/notepad/fragments/TaskListViewPagerFragment.java;file:/src/main/java/com/nononsenseapps/notepad/fragments/TaskListViewPagerFragment.java
MemberIgnoringMethod;DAAP;/Users/rar9993/repos/research/fdroid_apps/similar_fdroid_vibe_apps/NotePad;/src/main/java/com/nononsenseapps/notepad/fragments/TaskDetailFragment.java;file:/src/main/java/com/nononsenseapps/notepad/fragments/TaskDetailFragment.java
MemberIgnoringMethod;DAAP;/Users/rar9993/repos/research/fdroid_apps/similar_fdroid_vibe_apps/NotePad;/src/main/java/com/nononsenseapps/notepad/fragments/TaskListFragment.java;file:/src/main/java/com/nononsenseapps/notepad/fragments/TaskListFragment.java
MemberIgnoringMethod;DAAP;/Users/rar9993/repos/research/fdroid_apps/similar_fdroid_vibe_apps/NotePad;/src/main/java/com/nononsenseapps/notepad/fragments/DialogPassword.java;file:/src/main/java/com/nononsenseapps/notepad/fragments/DialogPassword.java
MemberIgnoringMethod;DAAP;/Users/rar9993/repos/research/fdroid_apps/similar_fdroid_vibe_apps/NotePad;/src/main/java/com/nononsenseapps/notepad/fragments/DialogConfirmBase.java;file:/src/main/java/com/nononsenseapps/notepad/fragments/DialogConfirmBase.java
MemberIgnoringMethod;DAAP;/Users/rar9993/repos/research/fdroid_apps/similar_fdroid_vibe_apps/NotePad;/src/main/java/com/nononsenseapps/notepad/fragments/DialogConfirmBaseV11.java;file:/src/main/java/com/nononsenseapps/notepad/fragments/DialogConfirmBaseV11.java
MemberIgnoringMethod;DAAP;/Users/rar9993/repos/research/fdroid_apps/similar_fdroid_vibe_apps/NotePad;/src/main/java/com/nononsenseapps/notepad/widget/list/ListWidgetConfig.java;file:/src/main/java/com/nononsenseapps/notepad/widget/list/ListWidgetConfig.java
MemberIgnoringMethod;DAAP;/Users/rar9993/repos/research/fdroid_apps/similar_fdroid_vibe_apps/NotePad;/src/main/java/com/nononsenseapps/notepad/widget/list/ListWidgetService.java;file:/src/main/java/com/nononsenseapps/notepad/widget/list/ListWidgetService.java
MemberIgnoringMethod;DAAP;/Users/rar9993/repos/research/fdroid_apps/similar_fdroid_vibe_apps/NotePad;/src/main/java/com/nononsenseapps/notepad/widget/list/ListWidgetProvider.java;file:/src/main/java/com/nononsenseapps/notepad/widget/list/ListWidgetProvider.java
MemberIgnoringMethod;DAAP;/Users/rar9993/repos/research/fdroid_apps/similar_fdroid_vibe_apps/NotePad;/src/main/java/com/nononsenseapps/notepad/dashclock/DashclockPrefActivity.java;file:/src/main/java/com/nononsenseapps/notepad/dashclock/DashclockPrefActivity.java
MemberIgnoringMethod;DAAP;/Users/rar9993/repos/research/fdroid_apps/similar_fdroid_vibe_apps/NotePad;/src/main/java/com/nononsenseapps/notepad/dashclock/TasksExtension.java;file:/src/main/java/com/nononsenseapps/notepad/dashclock/TasksExtension.java
MemberIgnoringMethod;DAAP;/Users/rar9993/repos/research/fdroid_apps/similar_fdroid_vibe_apps/NotePad;/src/main/java/com/nononsenseapps/notepad/android/provider/DummyProvider.java;file:/src/main/java/com/nononsenseapps/notepad/android/provider/DummyProvider.java
MemberIgnoringMethod;DAAP;/Users/rar9993/repos/research/fdroid_apps/similar_fdroid_vibe_apps/NotePad;/src/main/java/com/nononsenseapps/notepad/NnnApp.java;file:/src/main/java/com/nononsenseapps/notepad/NnnApp.java
MemberIgnoringMethod;DAAP;/Users/rar9993/repos/research/fdroid_apps/similar_fdroid_vibe_apps/NotePad;/src/main/java/com/nononsenseapps/notepad/activities/ActivitySearch.java;file:/src/main/java/com/nononsenseapps/notepad/activities/ActivitySearch.java
MemberIgnoringMethod;DAAP;/Users/rar9993/repos/research/fdroid_apps/similar_fdroid_vibe_apps/NotePad;/src/main/java/com/nononsenseapps/notepad/activities/ActivityTaskHistory.java;file:/src/main/java/com/nononsenseapps/notepad/activities/ActivityTaskHistory.java
MemberIgnoringMethod;DAAP;/Users/rar9993/repos/research/fdroid_apps/similar_fdroid_vibe_apps/NotePad;/src/main/java/com/nononsenseapps/notepad/activities/main/ActivityMain.java;file:/src/main/java/com/nononsenseapps/notepad/activities/main/ActivityMain.java
MemberIgnoringMethod;DAAP;/Users/rar9993/repos/research/fdroid_apps/similar_fdroid_vibe_apps/NotePad;/src/main/java/com/nononsenseapps/notepad/activities/ActivitySearchDeleted.java;file:/src/main/java/com/nononsenseapps/notepad/activities/ActivitySearchDeleted.java
MemberIgnoringMethod;DAAP;/Users/rar9993/repos/research/fdroid_apps/similar_fdroid_vibe_apps/NotePad;/src/main/java/com/nononsenseapps/notepad/sync/orgsync/SDSynchronizer.java;file:/src/main/java/com/nononsenseapps/notepad/sync/orgsync/SDSynchronizer.java
MemberIgnoringMethod;DAAP;/Users/rar9993/repos/research/fdroid_apps/similar_fdroid_vibe_apps/NotePad;/src/main/java/com/nononsenseapps/notepad/sync/orgsync/SynchronizerInterface.java;file:/src/main/java/com/nononsenseapps/notepad/sync/orgsync/SynchronizerInterface.java
MemberIgnoringMethod;DAAP;/Users/rar9993/repos/research/fdroid_apps/similar_fdroid_vibe_apps/NotePad;/src/main/java/com/nononsenseapps/notepad/sync/orgsync/BackgroundSyncScheduler.java;file:/src/main/java/com/nononsenseapps/notepad/sync/orgsync/BackgroundSyncScheduler.java
MemberIgnoringMethod;DAAP;/Users/rar9993/repos/research/fdroid_apps/similar_fdroid_vibe_apps/NotePad;/src/main/java/com/nononsenseapps/notepad/sync/orgsync/OrgSyncService.java;file:/src/main/java/com/nononsenseapps/notepad/sync/orgsync/OrgSyncService.java
MemberIgnoringMethod;DAAP;/Users/rar9993/repos/research/fdroid_apps/similar_fdroid_vibe_apps/NotePad;/src/main/java/com/nononsenseapps/notepad/sync/orgsync/DBSyncBase.java;file:/src/main/java/com/nononsenseapps/notepad/sync/orgsync/DBSyncBase.java
MemberIgnoringMethod;DAAP;/Users/rar9993/repos/research/fdroid_apps/similar_fdroid_vibe_apps/NotePad;/src/main/java/com/nononsenseapps/notepad/sync/orgsync/Synchronizer.java;file:/src/main/java/com/nononsenseapps/notepad/sync/orgsync/Synchronizer.java
MemberIgnoringMethod;DAAP;/Users/rar9993/repos/research/fdroid_apps/similar_fdroid_vibe_apps/NotePad;/src/main/java/com/nononsenseapps/notepad/sync/orgsync/Monitor.java;file:/src/main/java/com/nononsenseapps/notepad/sync/orgsync/Monitor.java
MemberIgnoringMethod;DAAP;/Users/rar9993/repos/research/fdroid_apps/similar_fdroid_vibe_apps/NotePad;/src/main/java/com/nononsenseapps/notepad/sync/files/JSONBackup.java;file:/src/main/java/com/nononsenseapps/notepad/sync/files/JSONBackup.java
MemberIgnoringMethod;DAAP;/Users/rar9993/repos/research/fdroid_apps/similar_fdroid_vibe_apps/NotePad;/src/main/java/com/nononsenseapps/notepad/interfaces/ListOpener.java;file:/src/main/java/com/nononsenseapps/notepad/interfaces/ListOpener.java
MemberIgnoringMethod;DAAP;/Users/rar9993/repos/research/fdroid_apps/similar_fdroid_vibe_apps/NotePad;/src/main/java/com/nononsenseapps/notepad/interfaces/OnFragmentInteractionListener.java;file:/src/main/java/com/nononsenseapps/notepad/interfaces/OnFragmentInteractionListener.java
MemberIgnoringMethod;DAAP;/Users/rar9993/repos/research/fdroid_apps/similar_fdroid_vibe_apps/NotePad;/src/main/java/com/nononsenseapps/notepad/interfaces/MenuStateController.java;file:/src/main/java/com/nononsenseapps/notepad/interfaces/MenuStateController.java
SlowForLoop;DAAP;/Users/rar9993/repos/research/fdroid_apps/similar_fdroid_vibe_apps/NotePad;/src/main/java/com/google/android/apps/dashclock/ui/DragGripView.java;file:/src/main/java/com/google/android/apps/dashclock/ui/DragGripView.java
SlowForLoop;DAAP;/Users/rar9993/repos/research/fdroid_apps/similar_fdroid_vibe_apps/NotePad;/src/main/java/com/nononsenseapps/ui/ExtraTypesCursorAdapter.java;file:/src/main/java/com/nononsenseapps/ui/ExtraTypesCursorAdapter.java
SlowForLoop;DAAP;/Users/rar9993/repos/research/fdroid_apps/similar_fdroid_vibe_apps/NotePad;/src/main/java/com/nononsenseapps/ui/ExtrasCursorAdapter.java;file:/src/main/java/com/nononsenseapps/ui/ExtrasCursorAdapter.java
SlowForLoop;DAAP;/Users/rar9993/repos/research/fdroid_apps/similar_fdroid_vibe_apps/NotePad;/src/main/java/com/nononsenseapps/notepad/database/DAO.java;file:/src/main/java/com/nononsenseapps/notepad/database/DAO.java
SlowForLoop;DAAP;/Users/rar9993/repos/research/fdroid_apps/similar_fdroid_vibe_apps/NotePad;/src/main/java/com/nononsenseapps/notepad/fragments/TaskListViewPagerFragment.java;file:/src/main/java/com/nononsenseapps/notepad/fragments/TaskListViewPagerFragment.java
SlowForLoop;DAAP;/Users/rar9993/repos/research/fdroid_apps/similar_fdroid_vibe_apps/NotePad;/src/main/java/com/nononsenseapps/notepad/fragments/DialogMoveToList.java;file:/src/main/java/com/nononsenseapps/notepad/fragments/DialogMoveToList.java
SlowForLoop;DAAP;/Users/rar9993/repos/research/fdroid_apps/similar_fdroid_vibe_apps/NotePad;/src/main/java/com/nononsenseapps/notepad/widget/list/ListWidgetConfig.java;file:/src/main/java/com/nononsenseapps/notepad/widget/list/ListWidgetConfig.java
SlowForLoop;DAAP;/Users/rar9993/repos/research/fdroid_apps/similar_fdroid_vibe_apps/NotePad;/src/main/java/com/nononsenseapps/notepad/android/provider/DummyProvider.java;file:/src/main/java/com/nononsenseapps/notepad/android/provider/DummyProvider.java
SlowForLoop;DAAP;/Users/rar9993/repos/research/fdroid_apps/similar_fdroid_vibe_apps/NotePad;/src/main/java/com/nononsenseapps/notepad/sync/orgsync/SDSynchronizer.java;file:/src/main/java/com/nononsenseapps/notepad/sync/orgsync/SDSynchronizer.java
SlowForLoop;DAAP;/Users/rar9993/repos/research/fdroid_apps/similar_fdroid_vibe_apps/NotePad;/src/main/java/com/nononsenseapps/notepad/sync/files/JSONBackup.java;file:/src/main/java/com/nononsenseapps/notepad/sync/files/JSONBackup.java
NoLowMemoryResolver;DAAP;/Users/rar9993/repos/research/fdroid_apps/similar_fdroid_vibe_apps/NotePad;/src/main/java/com/nononsenseapps/notepad/widget/shortcut/ShortcutConfig.java;file:/src/main/java/com/nononsenseapps/notepad/widget/shortcut/ShortcutConfig.java
NoLowMemoryResolver;DAAP;/Users/rar9993/repos/research/fdroid_apps/similar_fdroid_vibe_apps/NotePad;/src/main/java/com/nononsenseapps/notepad/widget/list/ListWidgetConfig.java;file:/src/main/java/com/nononsenseapps/notepad/widget/list/ListWidgetConfig.java
NoLowMemoryResolver;DAAP;/Users/rar9993/repos/research/fdroid_apps/similar_fdroid_vibe_apps/NotePad;/src/main/java/com/nononsenseapps/notepad/dashclock/DashclockPrefActivity.java;file:/src/main/java/com/nononsenseapps/notepad/dashclock/DashclockPrefActivity.java
NoLowMemoryResolver;DAAP;/Users/rar9993/repos/research/fdroid_apps/similar_fdroid_vibe_apps/NotePad;/src/main/java/com/nononsenseapps/notepad/activities/ActivitySearch.java;file:/src/main/java/com/nononsenseapps/notepad/activities/ActivitySearch.java
NoLowMemoryResolver;DAAP;/Users/rar9993/repos/research/fdroid_apps/similar_fdroid_vibe_apps/NotePad;/src/main/java/com/nononsenseapps/notepad/activities/ActivityTaskHistory.java;file:/src/main/java/com/nononsenseapps/notepad/activities/ActivityTaskHistory.java
NoLowMemoryResolver;DAAP;/Users/rar9993/repos/research/fdroid_apps/similar_fdroid_vibe_apps/NotePad;/src/main/java/com/nononsenseapps/notepad/activities/main/ActivityMain.java;file:/src/main/java/com/nononsenseapps/notepad/activities/main/ActivityMain.java
NoLowMemoryResolver;DAAP;/Users/rar9993/repos/research/fdroid_apps/similar_fdroid_vibe_apps/NotePad;/src/main/java/com/nononsenseapps/notepad/activities/ActivitySearchDeleted.java;file:/src/main/java/com/nononsenseapps/notepad/activities/ActivitySearchDeleted.java
CollectionOfViews;DAAP;/Users/rar9993/repos/research/fdroid_apps/similar_fdroid_vibe_apps/NotePad;/src/main/java/com/nononsenseapps/notepad/fragments/TaskListFragment.java;file:/src/main/java/com/nononsenseapps/notepad/fragments/TaskListFragment.java
CollectionOfViews;DAAP;/Users/rar9993/repos/research/fdroid_apps/similar_fdroid_vibe_apps/NotePad;/src/main/java/com/nononsenseapps/notepad/activities/main/ActivityMain.java;file:/src/main/java/com/nononsenseapps/notepad/activities/main/ActivityMain.java
DroppedData;DAAP;/Users/rar9993/repos/research/fdroid_apps/similar_fdroid_vibe_apps/NotePad;/src/main/java/com/nononsenseapps/notepad/prefs/IndexPrefs.java;file:/src/main/java/com/nononsenseapps/notepad/prefs/IndexPrefs.java
DroppedData;DAAP;/Users/rar9993/repos/research/fdroid_apps/similar_fdroid_vibe_apps/NotePad;/src/main/java/com/nononsenseapps/notepad/prefs/NotificationPrefs.java;file:/src/main/java/com/nononsenseapps/notepad/prefs/NotificationPrefs.java
DroppedData;DAAP;/Users/rar9993/repos/research/fdroid_apps/similar_fdroid_vibe_apps/NotePad;/src/main/java/com/nononsenseapps/notepad/prefs/PasswordPrefs.java;file:/src/main/java/com/nononsenseapps/notepad/prefs/PasswordPrefs.java
DroppedData;DAAP;/Users/rar9993/repos/research/fdroid_apps/similar_fdroid_vibe_apps/NotePad;/src/main/java/com/nononsenseapps/notepad/prefs/SyncPrefs.java;file:/src/main/java/com/nononsenseapps/notepad/prefs/SyncPrefs.java
DroppedData;DAAP;/Users/rar9993/repos/research/fdroid_apps/similar_fdroid_vibe_apps/NotePad;/src/main/java/com/nononsenseapps/notepad/prefs/AboutPrefs.java;file:/src/main/java/com/nononsenseapps/notepad/prefs/AboutPrefs.java
DroppedData;DAAP;/Users/rar9993/repos/research/fdroid_apps/similar_fdroid_vibe_apps/NotePad;/src/main/java/com/nononsenseapps/notepad/prefs/AppearancePrefs.java;file:/src/main/java/com/nononsenseapps/notepad/prefs/AppearancePrefs.java
DroppedData;DAAP;/Users/rar9993/repos/research/fdroid_apps/similar_fdroid_vibe_apps/NotePad;/src/main/java/com/nononsenseapps/notepad/fragments/DialogRestore.java;file:/src/main/java/com/nononsenseapps/notepad/fragments/DialogRestore.java
DroppedData;DAAP;/Users/rar9993/repos/research/fdroid_apps/similar_fdroid_vibe_apps/NotePad;/src/main/java/com/nononsenseapps/notepad/fragments/DialogEditList.java;file:/src/main/java/com/nononsenseapps/notepad/fragments/DialogEditList.java
DroppedData;DAAP;/Users/rar9993/repos/research/fdroid_apps/similar_fdroid_vibe_apps/NotePad;/src/main/java/com/nononsenseapps/notepad/fragments/TaskListViewPagerFragment.java;file:/src/main/java/com/nononsenseapps/notepad/fragments/TaskListViewPagerFragment.java
DroppedData;DAAP;/Users/rar9993/repos/research/fdroid_apps/similar_fdroid_vibe_apps/NotePad;/src/main/java/com/nononsenseapps/notepad/fragments/DialogMoveToList.java;file:/src/main/java/com/nononsenseapps/notepad/fragments/DialogMoveToList.java
DroppedData;DAAP;/Users/rar9993/repos/research/fdroid_apps/similar_fdroid_vibe_apps/NotePad;/src/main/java/com/nononsenseapps/notepad/fragments/TaskDetailFragment.java;file:/src/main/java/com/nononsenseapps/notepad/fragments/TaskDetailFragment.java
DroppedData;DAAP;/Users/rar9993/repos/research/fdroid_apps/similar_fdroid_vibe_apps/NotePad;/src/main/java/com/nononsenseapps/notepad/fragments/DialogPassword.java;file:/src/main/java/com/nononsenseapps/notepad/fragments/DialogPassword.java
DroppedData;DAAP;/Users/rar9993/repos/research/fdroid_apps/similar_fdroid_vibe_apps/NotePad;/src/main/java/com/nononsenseapps/notepad/fragments/DialogPasswordV11.java;file:/src/main/java/com/nononsenseapps/notepad/fragments/DialogPasswordV11.java
DroppedData;DAAP;/Users/rar9993/repos/research/fdroid_apps/similar_fdroid_vibe_apps/NotePad;/src/main/java/com/nononsenseapps/notepad/fragments/DialogConfirmBase.java;file:/src/main/java/com/nononsenseapps/notepad/fragments/DialogConfirmBase.java
DroppedData;DAAP;/Users/rar9993/repos/research/fdroid_apps/similar_fdroid_vibe_apps/NotePad;/src/main/java/com/nononsenseapps/notepad/fragments/DialogConfirmBaseV11.java;file:/src/main/java/com/nononsenseapps/notepad/fragments/DialogConfirmBaseV11.java
DroppedData;DAAP;/Users/rar9993/repos/research/fdroid_apps/similar_fdroid_vibe_apps/NotePad;/src/main/java/com/nononsenseapps/notepad/widget/shortcut/ShortcutConfig.java;file:/src/main/java/com/nononsenseapps/notepad/widget/shortcut/ShortcutConfig.java
DroppedData;DAAP;/Users/rar9993/repos/research/fdroid_apps/similar_fdroid_vibe_apps/NotePad;/src/main/java/com/nononsenseapps/notepad/widget/list/ListWidgetConfig.java;file:/src/main/java/com/nononsenseapps/notepad/widget/list/ListWidgetConfig.java
DroppedData;DAAP;/Users/rar9993/repos/research/fdroid_apps/similar_fdroid_vibe_apps/NotePad;/src/main/java/com/nononsenseapps/notepad/dashclock/DashclockPrefActivity.java;file:/src/main/java/com/nononsenseapps/notepad/dashclock/DashclockPrefActivity.java
DroppedData;DAAP;/Users/rar9993/repos/research/fdroid_apps/similar_fdroid_vibe_apps/NotePad;/src/main/java/com/nononsenseapps/notepad/activities/ActivitySearch.java;file:/src/main/java/com/nononsenseapps/notepad/activities/ActivitySearch.java
DroppedData;DAAP;/Users/rar9993/repos/research/fdroid_apps/similar_fdroid_vibe_apps/NotePad;/src/main/java/com/nononsenseapps/notepad/activities/ActivityTaskHistory.java;file:/src/main/java/com/nononsenseapps/notepad/activities/ActivityTaskHistory.java
DroppedData;DAAP;/Users/rar9993/repos/research/fdroid_apps/similar_fdroid_vibe_apps/NotePad;/src/main/java/com/nononsenseapps/notepad/activities/main/ActivityMain.java;file:/src/main/java/com/nononsenseapps/notepad/activities/main/ActivityMain.java
DroppedData;DAAP;/Users/rar9993/repos/research/fdroid_apps/similar_fdroid_vibe_apps/NotePad;/src/main/java/com/nononsenseapps/notepad/activities/ActivitySearchDeleted.java;file:/src/main/java/com/nononsenseapps/notepad/activities/ActivitySearchDeleted.java
