Issue;Tool;Project;File;Location
LeakingInnerClass;aDoctor;/Users/rar9993/repos/research/fdroid_apps/native_apps/MonsterHunter4UDatabase/NONE_TRANSFORMED_;/Users/rar9993/repos/research/fdroid_apps/native_apps/MonsterHunter4UDatabase/app/src/main/java/com/daviancorp/android/ui/general/GenericActionBarActivity.java;file:/Users/rar9993/repos/research/fdroid_apps/native_apps/MonsterHunter4UDatabase/app/src/main/java/com/daviancorp/android/ui/general/GenericActionBarActivity.java|class:com.daviancorp.android.ui.general.GenericActionBarActivity
LeakingThread;aDoctor;/Users/rar9993/repos/research/fdroid_apps/native_apps/MonsterHunter4UDatabase/NONE_TRANSFORMED_;/Users/rar9993/repos/research/fdroid_apps/native_apps/MonsterHunter4UDatabase/app/src/main/java/com/daviancorp/android/ui/general/GenericActionBarActivity.java;file:/Users/rar9993/repos/research/fdroid_apps/native_apps/MonsterHunter4UDatabase/app/src/main/java/com/daviancorp/android/ui/general/GenericActionBarActivity.java|class:com.daviancorp.android.ui.general.GenericActionBarActivity
MemberIgnoringMethod;aDoctor;/Users/rar9993/repos/research/fdroid_apps/native_apps/MonsterHunter4UDatabase/NONE_TRANSFORMED_;/Users/rar9993/repos/research/fdroid_apps/native_apps/MonsterHunter4UDatabase/app/src/main/java/com/daviancorp/android/ui/general/GenericActionBarActivity.java;file:/Users/rar9993/repos/research/fdroid_apps/native_apps/MonsterHunter4UDatabase/app/src/main/java/com/daviancorp/android/ui/general/GenericActionBarActivity.java|class:com.daviancorp.android.ui.general.GenericActionBarActivity
NoLowMemoryResolver;aDoctor;/Users/rar9993/repos/research/fdroid_apps/native_apps/MonsterHunter4UDatabase/NONE_TRANSFORMED_;/Users/rar9993/repos/research/fdroid_apps/native_apps/MonsterHunter4UDatabase/app/src/main/java/com/daviancorp/android/ui/general/GenericActionBarActivity.java;file:/Users/rar9993/repos/research/fdroid_apps/native_apps/MonsterHunter4UDatabase/app/src/main/java/com/daviancorp/android/ui/general/GenericActionBarActivity.java|class:com.daviancorp.android.ui.general.GenericActionBarActivity
SlowForLoop;aDoctor;/Users/rar9993/repos/research/fdroid_apps/native_apps/MonsterHunter4UDatabase/NONE_TRANSFORMED_;/Users/rar9993/repos/research/fdroid_apps/native_apps/MonsterHunter4UDatabase/app/src/main/java/com/daviancorp/android/ui/general/GenericActionBarActivity.java;file:/Users/rar9993/repos/research/fdroid_apps/native_apps/MonsterHunter4UDatabase/app/src/main/java/com/daviancorp/android/ui/general/GenericActionBarActivity.java|class:com.daviancorp.android.ui.general.GenericActionBarActivity
LeakingInnerClass;aDoctor;/Users/rar9993/repos/research/fdroid_apps/native_apps/MonsterHunter4UDatabase/NONE_TRANSFORMED_;/Users/rar9993/repos/research/fdroid_apps/native_apps/MonsterHunter4UDatabase/app/src/main/java/com/daviancorp/android/ui/general/HomeFragment.java;file:/Users/rar9993/repos/research/fdroid_apps/native_apps/MonsterHunter4UDatabase/app/src/main/java/com/daviancorp/android/ui/general/HomeFragment.java|class:com.daviancorp.android.ui.general.HomeFragment
MemberIgnoringMethod;aDoctor;/Users/rar9993/repos/research/fdroid_apps/native_apps/MonsterHunter4UDatabase/NONE_TRANSFORMED_;/Users/rar9993/repos/research/fdroid_apps/native_apps/MonsterHunter4UDatabase/app/src/main/java/com/daviancorp/android/ui/general/HomeFragment.java;file:/Users/rar9993/repos/research/fdroid_apps/native_apps/MonsterHunter4UDatabase/app/src/main/java/com/daviancorp/android/ui/general/HomeFragment.java|class:com.daviancorp.android.ui.general.HomeFragment
NoLowMemoryResolver;aDoctor;/Users/rar9993/repos/research/fdroid_apps/native_apps/MonsterHunter4UDatabase/NONE_TRANSFORMED_;/Users/rar9993/repos/research/fdroid_apps/native_apps/MonsterHunter4UDatabase/app/src/main/java/com/daviancorp/android/ui/general/HomeFragment.java;file:/Users/rar9993/repos/research/fdroid_apps/native_apps/MonsterHunter4UDatabase/app/src/main/java/com/daviancorp/android/ui/general/HomeFragment.java|class:com.daviancorp.android.ui.general.HomeFragment
LeakingInnerClass;aDoctor;/Users/rar9993/repos/research/fdroid_apps/native_apps/MonsterHunter4UDatabase/NONE_TRANSFORMED_;/Users/rar9993/repos/research/fdroid_apps/native_apps/MonsterHunter4UDatabase/app/src/main/java/com/daviancorp/android/ui/general/SlidingTabLayout.java;file:/Users/rar9993/repos/research/fdroid_apps/native_apps/MonsterHunter4UDatabase/app/src/main/java/com/daviancorp/android/ui/general/SlidingTabLayout.java|class:com.daviancorp.android.ui.general.SlidingTabLayout
MemberIgnoringMethod;aDoctor;/Users/rar9993/repos/research/fdroid_apps/native_apps/MonsterHunter4UDatabase/NONE_TRANSFORMED_;/Users/rar9993/repos/research/fdroid_apps/native_apps/MonsterHunter4UDatabase/app/src/main/java/com/daviancorp/android/ui/general/SlidingTabLayout.java;file:/Users/rar9993/repos/research/fdroid_apps/native_apps/MonsterHunter4UDatabase/app/src/main/java/com/daviancorp/android/ui/general/SlidingTabLayout.java|class:com.daviancorp.android.ui.general.SlidingTabLayout
SlowForLoop;aDoctor;/Users/rar9993/repos/research/fdroid_apps/native_apps/MonsterHunter4UDatabase/NONE_TRANSFORMED_;/Users/rar9993/repos/research/fdroid_apps/native_apps/MonsterHunter4UDatabase/app/src/main/java/com/daviancorp/android/ui/general/SlidingTabLayout.java;file:/Users/rar9993/repos/research/fdroid_apps/native_apps/MonsterHunter4UDatabase/app/src/main/java/com/daviancorp/android/ui/general/SlidingTabLayout.java|class:com.daviancorp.android.ui.general.SlidingTabLayout
MemberIgnoringMethod;aDoctor;/Users/rar9993/repos/research/fdroid_apps/native_apps/MonsterHunter4UDatabase/NONE_TRANSFORMED_;/Users/rar9993/repos/research/fdroid_apps/native_apps/MonsterHunter4UDatabase/app/src/main/java/com/daviancorp/android/ui/general/SlidingTabStrip.java;file:/Users/rar9993/repos/research/fdroid_apps/native_apps/MonsterHunter4UDatabase/app/src/main/java/com/daviancorp/android/ui/general/SlidingTabStrip.java|class:com.daviancorp.android.ui.general.SlidingTabStrip
MemberIgnoringMethod;aDoctor;/Users/rar9993/repos/research/fdroid_apps/native_apps/MonsterHunter4UDatabase/NONE_TRANSFORMED_;/Users/rar9993/repos/research/fdroid_apps/native_apps/MonsterHunter4UDatabase/app/src/main/java/com/daviancorp/android/ui/general/DrawSharpness.java;file:/Users/rar9993/repos/research/fdroid_apps/native_apps/MonsterHunter4UDatabase/app/src/main/java/com/daviancorp/android/ui/general/DrawSharpness.java|class:com.daviancorp.android.ui.general.DrawSharpness
MemberIgnoringMethod;aDoctor;/Users/rar9993/repos/research/fdroid_apps/native_apps/MonsterHunter4UDatabase/NONE_TRANSFORMED_;/Users/rar9993/repos/research/fdroid_apps/native_apps/MonsterHunter4UDatabase/app/src/main/java/com/daviancorp/android/ui/adapter/LocationDetailPagerAdapter.java;file:/Users/rar9993/repos/research/fdroid_apps/native_apps/MonsterHunter4UDatabase/app/src/main/java/com/daviancorp/android/ui/adapter/LocationDetailPagerAdapter.java|class:com.daviancorp.android.ui.adapter.LocationDetailPagerAdapter
MemberIgnoringMethod;aDoctor;/Users/rar9993/repos/research/fdroid_apps/native_apps/MonsterHunter4UDatabase/NONE_TRANSFORMED_;/Users/rar9993/repos/research/fdroid_apps/native_apps/MonsterHunter4UDatabase/app/src/main/java/com/daviancorp/android/ui/adapter/MonsterGridPagerAdapter.java;file:/Users/rar9993/repos/research/fdroid_apps/native_apps/MonsterHunter4UDatabase/app/src/main/java/com/daviancorp/android/ui/adapter/MonsterGridPagerAdapter.java|class:com.daviancorp.android.ui.adapter.MonsterGridPagerAdapter
MemberIgnoringMethod;aDoctor;/Users/rar9993/repos/research/fdroid_apps/native_apps/MonsterHunter4UDatabase/NONE_TRANSFORMED_;/Users/rar9993/repos/research/fdroid_apps/native_apps/MonsterHunter4UDatabase/app/src/main/java/com/daviancorp/android/ui/adapter/MonsterDetailPagerAdapter.java;file:/Users/rar9993/repos/research/fdroid_apps/native_apps/MonsterHunter4UDatabase/app/src/main/java/com/daviancorp/android/ui/adapter/MonsterDetailPagerAdapter.java|class:com.daviancorp.android.ui.adapter.MonsterDetailPagerAdapter
MemberIgnoringMethod;aDoctor;/Users/rar9993/repos/research/fdroid_apps/native_apps/MonsterHunter4UDatabase/NONE_TRANSFORMED_;/Users/rar9993/repos/research/fdroid_apps/native_apps/MonsterHunter4UDatabase/app/src/main/java/com/daviancorp/android/ui/adapter/WyporiumTradeDetailPagerAdapter.java;file:/Users/rar9993/repos/research/fdroid_apps/native_apps/MonsterHunter4UDatabase/app/src/main/java/com/daviancorp/android/ui/adapter/WyporiumTradeDetailPagerAdapter.java|class:com.daviancorp.android.ui.adapter.WyporiumTradeDetailPagerAdapter
MemberIgnoringMethod;aDoctor;/Users/rar9993/repos/research/fdroid_apps/native_apps/MonsterHunter4UDatabase/NONE_TRANSFORMED_;/Users/rar9993/repos/research/fdroid_apps/native_apps/MonsterHunter4UDatabase/app/src/main/java/com/daviancorp/android/ui/adapter/QuestExpandableListPagerAdapter.java;file:/Users/rar9993/repos/research/fdroid_apps/native_apps/MonsterHunter4UDatabase/app/src/main/java/com/daviancorp/android/ui/adapter/QuestExpandableListPagerAdapter.java|class:com.daviancorp.android.ui.adapter.QuestExpandableListPagerAdapter
MemberIgnoringMethod;aDoctor;/Users/rar9993/repos/research/fdroid_apps/native_apps/MonsterHunter4UDatabase/NONE_TRANSFORMED_;/Users/rar9993/repos/research/fdroid_apps/native_apps/MonsterHunter4UDatabase/app/src/main/java/com/daviancorp/android/ui/adapter/ArmorExpandableListPagerAdapter.java;file:/Users/rar9993/repos/research/fdroid_apps/native_apps/MonsterHunter4UDatabase/app/src/main/java/com/daviancorp/android/ui/adapter/ArmorExpandableListPagerAdapter.java|class:com.daviancorp.android.ui.adapter.ArmorExpandableListPagerAdapter
MemberIgnoringMethod;aDoctor;/Users/rar9993/repos/research/fdroid_apps/native_apps/MonsterHunter4UDatabase/NONE_TRANSFORMED_;/Users/rar9993/repos/research/fdroid_apps/native_apps/MonsterHunter4UDatabase/app/src/main/java/com/daviancorp/android/ui/adapter/QuestDetailPagerAdapter.java;file:/Users/rar9993/repos/research/fdroid_apps/native_apps/MonsterHunter4UDatabase/app/src/main/java/com/daviancorp/android/ui/adapter/QuestDetailPagerAdapter.java|class:com.daviancorp.android.ui.adapter.QuestDetailPagerAdapter
MemberIgnoringMethod;aDoctor;/Users/rar9993/repos/research/fdroid_apps/native_apps/MonsterHunter4UDatabase/NONE_TRANSFORMED_;/Users/rar9993/repos/research/fdroid_apps/native_apps/MonsterHunter4UDatabase/app/src/main/java/com/daviancorp/android/ui/adapter/ItemDetailPagerAdapter.java;file:/Users/rar9993/repos/research/fdroid_apps/native_apps/MonsterHunter4UDatabase/app/src/main/java/com/daviancorp/android/ui/adapter/ItemDetailPagerAdapter.java|class:com.daviancorp.android.ui.adapter.ItemDetailPagerAdapter
LeakingInnerClass;aDoctor;/Users/rar9993/repos/research/fdroid_apps/native_apps/MonsterHunter4UDatabase/NONE_TRANSFORMED_;/Users/rar9993/repos/research/fdroid_apps/native_apps/MonsterHunter4UDatabase/app/src/main/java/com/daviancorp/android/ui/adapter/WeaponExpandableListGeneralAdapter.java;file:/Users/rar9993/repos/research/fdroid_apps/native_apps/MonsterHunter4UDatabase/app/src/main/java/com/daviancorp/android/ui/adapter/WeaponExpandableListGeneralAdapter.java|class:com.daviancorp.android.ui.adapter.WeaponExpandableListGeneralAdapter
MemberIgnoringMethod;aDoctor;/Users/rar9993/repos/research/fdroid_apps/native_apps/MonsterHunter4UDatabase/NONE_TRANSFORMED_;/Users/rar9993/repos/research/fdroid_apps/native_apps/MonsterHunter4UDatabase/app/src/main/java/com/daviancorp/android/ui/adapter/WeaponExpandableListGeneralAdapter.java;file:/Users/rar9993/repos/research/fdroid_apps/native_apps/MonsterHunter4UDatabase/app/src/main/java/com/daviancorp/android/ui/adapter/WeaponExpandableListGeneralAdapter.java|class:com.daviancorp.android.ui.adapter.WeaponExpandableListGeneralAdapter
MemberIgnoringMethod;aDoctor;/Users/rar9993/repos/research/fdroid_apps/native_apps/MonsterHunter4UDatabase/NONE_TRANSFORMED_;/Users/rar9993/repos/research/fdroid_apps/native_apps/MonsterHunter4UDatabase/app/src/main/java/com/daviancorp/android/ui/adapter/WeaponDetailPagerAdapter.java;file:/Users/rar9993/repos/research/fdroid_apps/native_apps/MonsterHunter4UDatabase/app/src/main/java/com/daviancorp/android/ui/adapter/WeaponDetailPagerAdapter.java|class:com.daviancorp.android.ui.adapter.WeaponDetailPagerAdapter
MemberIgnoringMethod;aDoctor;/Users/rar9993/repos/research/fdroid_apps/native_apps/MonsterHunter4UDatabase/NONE_TRANSFORMED_;/Users/rar9993/repos/research/fdroid_apps/native_apps/MonsterHunter4UDatabase/app/src/main/java/com/daviancorp/android/ui/adapter/ASBPagerAdapter.java;file:/Users/rar9993/repos/research/fdroid_apps/native_apps/MonsterHunter4UDatabase/app/src/main/java/com/daviancorp/android/ui/adapter/ASBPagerAdapter.java|class:com.daviancorp.android.ui.adapter.ASBPagerAdapter
MemberIgnoringMethod;aDoctor;/Users/rar9993/repos/research/fdroid_apps/native_apps/MonsterHunter4UDatabase/NONE_TRANSFORMED_;/Users/rar9993/repos/research/fdroid_apps/native_apps/MonsterHunter4UDatabase/app/src/main/java/com/daviancorp/android/ui/adapter/DecorationDetailPagerAdapter.java;file:/Users/rar9993/repos/research/fdroid_apps/native_apps/MonsterHunter4UDatabase/app/src/main/java/com/daviancorp/android/ui/adapter/DecorationDetailPagerAdapter.java|class:com.daviancorp.android.ui.adapter.DecorationDetailPagerAdapter
MemberIgnoringMethod;aDoctor;/Users/rar9993/repos/research/fdroid_apps/native_apps/MonsterHunter4UDatabase/NONE_TRANSFORMED_;/Users/rar9993/repos/research/fdroid_apps/native_apps/MonsterHunter4UDatabase/app/src/main/java/com/daviancorp/android/ui/adapter/ArenaQuestDetailPagerAdapter.java;file:/Users/rar9993/repos/research/fdroid_apps/native_apps/MonsterHunter4UDatabase/app/src/main/java/com/daviancorp/android/ui/adapter/ArenaQuestDetailPagerAdapter.java|class:com.daviancorp.android.ui.adapter.ArenaQuestDetailPagerAdapter
MemberIgnoringMethod;aDoctor;/Users/rar9993/repos/research/fdroid_apps/native_apps/MonsterHunter4UDatabase/NONE_TRANSFORMED_;/Users/rar9993/repos/research/fdroid_apps/native_apps/MonsterHunter4UDatabase/app/src/main/java/com/daviancorp/android/ui/adapter/WishlistDetailPagerAdapter.java;file:/Users/rar9993/repos/research/fdroid_apps/native_apps/MonsterHunter4UDatabase/app/src/main/java/com/daviancorp/android/ui/adapter/WishlistDetailPagerAdapter.java|class:com.daviancorp.android.ui.adapter.WishlistDetailPagerAdapter
MemberIgnoringMethod;aDoctor;/Users/rar9993/repos/research/fdroid_apps/native_apps/MonsterHunter4UDatabase/NONE_TRANSFORMED_;/Users/rar9993/repos/research/fdroid_apps/native_apps/MonsterHunter4UDatabase/app/src/main/java/com/daviancorp/android/ui/adapter/ArmorDetailPagerAdapter.java;file:/Users/rar9993/repos/research/fdroid_apps/native_apps/MonsterHunter4UDatabase/app/src/main/java/com/daviancorp/android/ui/adapter/ArmorDetailPagerAdapter.java|class:com.daviancorp.android.ui.adapter.ArmorDetailPagerAdapter
MemberIgnoringMethod;aDoctor;/Users/rar9993/repos/research/fdroid_apps/native_apps/MonsterHunter4UDatabase/NONE_TRANSFORMED_;/Users/rar9993/repos/research/fdroid_apps/native_apps/MonsterHunter4UDatabase/app/src/main/java/com/daviancorp/android/ui/adapter/SkillTreeDetailPagerAdapter.java;file:/Users/rar9993/repos/research/fdroid_apps/native_apps/MonsterHunter4UDatabase/app/src/main/java/com/daviancorp/android/ui/adapter/SkillTreeDetailPagerAdapter.java|class:com.daviancorp.android.ui.adapter.SkillTreeDetailPagerAdapter
NoLowMemoryResolver;aDoctor;/Users/rar9993/repos/research/fdroid_apps/native_apps/MonsterHunter4UDatabase/NONE_TRANSFORMED_;/Users/rar9993/repos/research/fdroid_apps/native_apps/MonsterHunter4UDatabase/app/src/main/java/com/daviancorp/android/ui/dialog/WishlistComponentPathDialogFragment.java;file:/Users/rar9993/repos/research/fdroid_apps/native_apps/MonsterHunter4UDatabase/app/src/main/java/com/daviancorp/android/ui/dialog/WishlistComponentPathDialogFragment.java|class:com.daviancorp.android.ui.dialog.WishlistComponentPathDialogFragment
SlowForLoop;aDoctor;/Users/rar9993/repos/research/fdroid_apps/native_apps/MonsterHunter4UDatabase/NONE_TRANSFORMED_;/Users/rar9993/repos/research/fdroid_apps/native_apps/MonsterHunter4UDatabase/app/src/main/java/com/daviancorp/android/ui/dialog/WishlistComponentPathDialogFragment.java;file:/Users/rar9993/repos/research/fdroid_apps/native_apps/MonsterHunter4UDatabase/app/src/main/java/com/daviancorp/android/ui/dialog/WishlistComponentPathDialogFragment.java|class:com.daviancorp.android.ui.dialog.WishlistComponentPathDialogFragment
NoLowMemoryResolver;aDoctor;/Users/rar9993/repos/research/fdroid_apps/native_apps/MonsterHunter4UDatabase/NONE_TRANSFORMED_;/Users/rar9993/repos/research/fdroid_apps/native_apps/MonsterHunter4UDatabase/app/src/main/java/com/daviancorp/android/ui/dialog/WishlistRenameDialogFragment.java;file:/Users/rar9993/repos/research/fdroid_apps/native_apps/MonsterHunter4UDatabase/app/src/main/java/com/daviancorp/android/ui/dialog/WishlistRenameDialogFragment.java|class:com.daviancorp.android.ui.dialog.WishlistRenameDialogFragment
NoLowMemoryResolver;aDoctor;/Users/rar9993/repos/research/fdroid_apps/native_apps/MonsterHunter4UDatabase/NONE_TRANSFORMED_;/Users/rar9993/repos/research/fdroid_apps/native_apps/MonsterHunter4UDatabase/app/src/main/java/com/daviancorp/android/ui/dialog/WishlistDataAddMultiDialogFragment.java;file:/Users/rar9993/repos/research/fdroid_apps/native_apps/MonsterHunter4UDatabase/app/src/main/java/com/daviancorp/android/ui/dialog/WishlistDataAddMultiDialogFragment.java|class:com.daviancorp.android.ui.dialog.WishlistDataAddMultiDialogFragment
SlowForLoop;aDoctor;/Users/rar9993/repos/research/fdroid_apps/native_apps/MonsterHunter4UDatabase/NONE_TRANSFORMED_;/Users/rar9993/repos/research/fdroid_apps/native_apps/MonsterHunter4UDatabase/app/src/main/java/com/daviancorp/android/ui/dialog/WishlistDataAddMultiDialogFragment.java;file:/Users/rar9993/repos/research/fdroid_apps/native_apps/MonsterHunter4UDatabase/app/src/main/java/com/daviancorp/android/ui/dialog/WishlistDataAddMultiDialogFragment.java|class:com.daviancorp.android.ui.dialog.WishlistDataAddMultiDialogFragment
UnclosedCloseable;aDoctor;/Users/rar9993/repos/research/fdroid_apps/native_apps/MonsterHunter4UDatabase/NONE_TRANSFORMED_;/Users/rar9993/repos/research/fdroid_apps/native_apps/MonsterHunter4UDatabase/app/src/main/java/com/daviancorp/android/ui/dialog/WishlistDataAddMultiDialogFragment.java;file:/Users/rar9993/repos/research/fdroid_apps/native_apps/MonsterHunter4UDatabase/app/src/main/java/com/daviancorp/android/ui/dialog/WishlistDataAddMultiDialogFragment.java|class:com.daviancorp.android.ui.dialog.WishlistDataAddMultiDialogFragment
MemberIgnoringMethod;aDoctor;/Users/rar9993/repos/research/fdroid_apps/native_apps/MonsterHunter4UDatabase/NONE_TRANSFORMED_;/Users/rar9993/repos/research/fdroid_apps/native_apps/MonsterHunter4UDatabase/app/src/main/java/com/daviancorp/android/ui/dialog/ASBSetAddDialogFragment.java;file:/Users/rar9993/repos/research/fdroid_apps/native_apps/MonsterHunter4UDatabase/app/src/main/java/com/daviancorp/android/ui/dialog/ASBSetAddDialogFragment.java|class:com.daviancorp.android.ui.dialog.ASBSetAddDialogFragment
NoLowMemoryResolver;aDoctor;/Users/rar9993/repos/research/fdroid_apps/native_apps/MonsterHunter4UDatabase/NONE_TRANSFORMED_;/Users/rar9993/repos/research/fdroid_apps/native_apps/MonsterHunter4UDatabase/app/src/main/java/com/daviancorp/android/ui/dialog/ASBSetAddDialogFragment.java;file:/Users/rar9993/repos/research/fdroid_apps/native_apps/MonsterHunter4UDatabase/app/src/main/java/com/daviancorp/android/ui/dialog/ASBSetAddDialogFragment.java|class:com.daviancorp.android.ui.dialog.ASBSetAddDialogFragment
NoLowMemoryResolver;aDoctor;/Users/rar9993/repos/research/fdroid_apps/native_apps/MonsterHunter4UDatabase/NONE_TRANSFORMED_;/Users/rar9993/repos/research/fdroid_apps/native_apps/MonsterHunter4UDatabase/app/src/main/java/com/daviancorp/android/ui/dialog/WishlistDataAddDialogFragment.java;file:/Users/rar9993/repos/research/fdroid_apps/native_apps/MonsterHunter4UDatabase/app/src/main/java/com/daviancorp/android/ui/dialog/WishlistDataAddDialogFragment.java|class:com.daviancorp.android.ui.dialog.WishlistDataAddDialogFragment
UnclosedCloseable;aDoctor;/Users/rar9993/repos/research/fdroid_apps/native_apps/MonsterHunter4UDatabase/NONE_TRANSFORMED_;/Users/rar9993/repos/research/fdroid_apps/native_apps/MonsterHunter4UDatabase/app/src/main/java/com/daviancorp/android/ui/dialog/WishlistDataAddDialogFragment.java;file:/Users/rar9993/repos/research/fdroid_apps/native_apps/MonsterHunter4UDatabase/app/src/main/java/com/daviancorp/android/ui/dialog/WishlistDataAddDialogFragment.java|class:com.daviancorp.android.ui.dialog.WishlistDataAddDialogFragment
MemberIgnoringMethod;aDoctor;/Users/rar9993/repos/research/fdroid_apps/native_apps/MonsterHunter4UDatabase/NONE_TRANSFORMED_;/Users/rar9993/repos/research/fdroid_apps/native_apps/MonsterHunter4UDatabase/app/src/main/java/com/daviancorp/android/ui/dialog/WishlistAddDialogFragment.java;file:/Users/rar9993/repos/research/fdroid_apps/native_apps/MonsterHunter4UDatabase/app/src/main/java/com/daviancorp/android/ui/dialog/WishlistAddDialogFragment.java|class:com.daviancorp.android.ui.dialog.WishlistAddDialogFragment
NoLowMemoryResolver;aDoctor;/Users/rar9993/repos/research/fdroid_apps/native_apps/MonsterHunter4UDatabase/NONE_TRANSFORMED_;/Users/rar9993/repos/research/fdroid_apps/native_apps/MonsterHunter4UDatabase/app/src/main/java/com/daviancorp/android/ui/dialog/WishlistAddDialogFragment.java;file:/Users/rar9993/repos/research/fdroid_apps/native_apps/MonsterHunter4UDatabase/app/src/main/java/com/daviancorp/android/ui/dialog/WishlistAddDialogFragment.java|class:com.daviancorp.android.ui.dialog.WishlistAddDialogFragment
NoLowMemoryResolver;aDoctor;/Users/rar9993/repos/research/fdroid_apps/native_apps/MonsterHunter4UDatabase/NONE_TRANSFORMED_;/Users/rar9993/repos/research/fdroid_apps/native_apps/MonsterHunter4UDatabase/app/src/main/java/com/daviancorp/android/ui/dialog/WishlistDeleteDialogFragment.java;file:/Users/rar9993/repos/research/fdroid_apps/native_apps/MonsterHunter4UDatabase/app/src/main/java/com/daviancorp/android/ui/dialog/WishlistDeleteDialogFragment.java|class:com.daviancorp.android.ui.dialog.WishlistDeleteDialogFragment
NoLowMemoryResolver;aDoctor;/Users/rar9993/repos/research/fdroid_apps/native_apps/MonsterHunter4UDatabase/NONE_TRANSFORMED_;/Users/rar9993/repos/research/fdroid_apps/native_apps/MonsterHunter4UDatabase/app/src/main/java/com/daviancorp/android/ui/dialog/AboutDialogFragment.java;file:/Users/rar9993/repos/research/fdroid_apps/native_apps/MonsterHunter4UDatabase/app/src/main/java/com/daviancorp/android/ui/dialog/AboutDialogFragment.java|class:com.daviancorp.android.ui.dialog.AboutDialogFragment
NoLowMemoryResolver;aDoctor;/Users/rar9993/repos/research/fdroid_apps/native_apps/MonsterHunter4UDatabase/NONE_TRANSFORMED_;/Users/rar9993/repos/research/fdroid_apps/native_apps/MonsterHunter4UDatabase/app/src/main/java/com/daviancorp/android/ui/dialog/WishlistComponentEditDialogFragment.java;file:/Users/rar9993/repos/research/fdroid_apps/native_apps/MonsterHunter4UDatabase/app/src/main/java/com/daviancorp/android/ui/dialog/WishlistComponentEditDialogFragment.java|class:com.daviancorp.android.ui.dialog.WishlistComponentEditDialogFragment
NoLowMemoryResolver;aDoctor;/Users/rar9993/repos/research/fdroid_apps/native_apps/MonsterHunter4UDatabase/NONE_TRANSFORMED_;/Users/rar9993/repos/research/fdroid_apps/native_apps/MonsterHunter4UDatabase/app/src/main/java/com/daviancorp/android/ui/dialog/WishlistDataEditDialogFragment.java;file:/Users/rar9993/repos/research/fdroid_apps/native_apps/MonsterHunter4UDatabase/app/src/main/java/com/daviancorp/android/ui/dialog/WishlistDataEditDialogFragment.java|class:com.daviancorp.android.ui.dialog.WishlistDataEditDialogFragment
NoLowMemoryResolver;aDoctor;/Users/rar9993/repos/research/fdroid_apps/native_apps/MonsterHunter4UDatabase/NONE_TRANSFORMED_;/Users/rar9993/repos/research/fdroid_apps/native_apps/MonsterHunter4UDatabase/app/src/main/java/com/daviancorp/android/ui/dialog/WishlistCopyDialogFragment.java;file:/Users/rar9993/repos/research/fdroid_apps/native_apps/MonsterHunter4UDatabase/app/src/main/java/com/daviancorp/android/ui/dialog/WishlistCopyDialogFragment.java|class:com.daviancorp.android.ui.dialog.WishlistCopyDialogFragment
MemberIgnoringMethod;aDoctor;/Users/rar9993/repos/research/fdroid_apps/native_apps/MonsterHunter4UDatabase/NONE_TRANSFORMED_;/Users/rar9993/repos/research/fdroid_apps/native_apps/MonsterHunter4UDatabase/app/src/main/java/com/daviancorp/android/ui/dialog/ASBTalismanDialogFragment.java;file:/Users/rar9993/repos/research/fdroid_apps/native_apps/MonsterHunter4UDatabase/app/src/main/java/com/daviancorp/android/ui/dialog/ASBTalismanDialogFragment.java|class:com.daviancorp.android.ui.dialog.ASBTalismanDialogFragment
NoLowMemoryResolver;aDoctor;/Users/rar9993/repos/research/fdroid_apps/native_apps/MonsterHunter4UDatabase/NONE_TRANSFORMED_;/Users/rar9993/repos/research/fdroid_apps/native_apps/MonsterHunter4UDatabase/app/src/main/java/com/daviancorp/android/ui/dialog/ASBTalismanDialogFragment.java;file:/Users/rar9993/repos/research/fdroid_apps/native_apps/MonsterHunter4UDatabase/app/src/main/java/com/daviancorp/android/ui/dialog/ASBTalismanDialogFragment.java|class:com.daviancorp.android.ui.dialog.ASBTalismanDialogFragment
NoLowMemoryResolver;aDoctor;/Users/rar9993/repos/research/fdroid_apps/native_apps/MonsterHunter4UDatabase/NONE_TRANSFORMED_;/Users/rar9993/repos/research/fdroid_apps/native_apps/MonsterHunter4UDatabase/app/src/main/java/com/daviancorp/android/ui/dialog/WishlistDataDeleteDialogFragment.java;file:/Users/rar9993/repos/research/fdroid_apps/native_apps/MonsterHunter4UDatabase/app/src/main/java/com/daviancorp/android/ui/dialog/WishlistDataDeleteDialogFragment.java|class:com.daviancorp.android.ui.dialog.WishlistDataDeleteDialogFragment
MemberIgnoringMethod;aDoctor;/Users/rar9993/repos/research/fdroid_apps/native_apps/MonsterHunter4UDatabase/NONE_TRANSFORMED_;/Users/rar9993/repos/research/fdroid_apps/native_apps/MonsterHunter4UDatabase/app/src/main/java/com/daviancorp/android/ui/dialog/ArmorFilterDialogFragment.java;file:/Users/rar9993/repos/research/fdroid_apps/native_apps/MonsterHunter4UDatabase/app/src/main/java/com/daviancorp/android/ui/dialog/ArmorFilterDialogFragment.java|class:com.daviancorp.android.ui.dialog.ArmorFilterDialogFragment
NoLowMemoryResolver;aDoctor;/Users/rar9993/repos/research/fdroid_apps/native_apps/MonsterHunter4UDatabase/NONE_TRANSFORMED_;/Users/rar9993/repos/research/fdroid_apps/native_apps/MonsterHunter4UDatabase/app/src/main/java/com/daviancorp/android/ui/dialog/ArmorFilterDialogFragment.java;file:/Users/rar9993/repos/research/fdroid_apps/native_apps/MonsterHunter4UDatabase/app/src/main/java/com/daviancorp/android/ui/dialog/ArmorFilterDialogFragment.java|class:com.daviancorp.android.ui.dialog.ArmorFilterDialogFragment
LeakingInnerClass;aDoctor;/Users/rar9993/repos/research/fdroid_apps/native_apps/MonsterHunter4UDatabase/NONE_TRANSFORMED_;/Users/rar9993/repos/research/fdroid_apps/native_apps/MonsterHunter4UDatabase/app/src/main/java/com/daviancorp/android/ui/detail/ASBActivity.java;file:/Users/rar9993/repos/research/fdroid_apps/native_apps/MonsterHunter4UDatabase/app/src/main/java/com/daviancorp/android/ui/detail/ASBActivity.java|class:com.daviancorp.android.ui.detail.ASBActivity
MemberIgnoringMethod;aDoctor;/Users/rar9993/repos/research/fdroid_apps/native_apps/MonsterHunter4UDatabase/NONE_TRANSFORMED_;/Users/rar9993/repos/research/fdroid_apps/native_apps/MonsterHunter4UDatabase/app/src/main/java/com/daviancorp/android/ui/detail/ASBActivity.java;file:/Users/rar9993/repos/research/fdroid_apps/native_apps/MonsterHunter4UDatabase/app/src/main/java/com/daviancorp/android/ui/detail/ASBActivity.java|class:com.daviancorp.android.ui.detail.ASBActivity
DataTransmissionWithoutCompression;aDoctor;/Users/rar9993/repos/research/fdroid_apps/native_apps/MonsterHunter4UDatabase/NONE_TRANSFORMED_;/Users/rar9993/repos/research/fdroid_apps/native_apps/MonsterHunter4UDatabase/app/src/main/java/com/daviancorp/android/ui/detail/MonsterStatusFragment.java;file:/Users/rar9993/repos/research/fdroid_apps/native_apps/MonsterHunter4UDatabase/app/src/main/java/com/daviancorp/android/ui/detail/MonsterStatusFragment.java|class:com.daviancorp.android.ui.detail.MonsterStatusFragment
MemberIgnoringMethod;aDoctor;/Users/rar9993/repos/research/fdroid_apps/native_apps/MonsterHunter4UDatabase/NONE_TRANSFORMED_;/Users/rar9993/repos/research/fdroid_apps/native_apps/MonsterHunter4UDatabase/app/src/main/java/com/daviancorp/android/ui/detail/MonsterStatusFragment.java;file:/Users/rar9993/repos/research/fdroid_apps/native_apps/MonsterHunter4UDatabase/app/src/main/java/com/daviancorp/android/ui/detail/MonsterStatusFragment.java|class:com.daviancorp.android.ui.detail.MonsterStatusFragment
NoLowMemoryResolver;aDoctor;/Users/rar9993/repos/research/fdroid_apps/native_apps/MonsterHunter4UDatabase/NONE_TRANSFORMED_;/Users/rar9993/repos/research/fdroid_apps/native_apps/MonsterHunter4UDatabase/app/src/main/java/com/daviancorp/android/ui/detail/MonsterStatusFragment.java;file:/Users/rar9993/repos/research/fdroid_apps/native_apps/MonsterHunter4UDatabase/app/src/main/java/com/daviancorp/android/ui/detail/MonsterStatusFragment.java|class:com.daviancorp.android.ui.detail.MonsterStatusFragment
SlowForLoop;aDoctor;/Users/rar9993/repos/research/fdroid_apps/native_apps/MonsterHunter4UDatabase/NONE_TRANSFORMED_;/Users/rar9993/repos/research/fdroid_apps/native_apps/MonsterHunter4UDatabase/app/src/main/java/com/daviancorp/android/ui/detail/MonsterStatusFragment.java;file:/Users/rar9993/repos/research/fdroid_apps/native_apps/MonsterHunter4UDatabase/app/src/main/java/com/daviancorp/android/ui/detail/MonsterStatusFragment.java|class:com.daviancorp.android.ui.detail.MonsterStatusFragment
LeakingInnerClass;aDoctor;/Users/rar9993/repos/research/fdroid_apps/native_apps/MonsterHunter4UDatabase/NONE_TRANSFORMED_;/Users/rar9993/repos/research/fdroid_apps/native_apps/MonsterHunter4UDatabase/app/src/main/java/com/daviancorp/android/ui/detail/ItemDetailFragment.java;file:/Users/rar9993/repos/research/fdroid_apps/native_apps/MonsterHunter4UDatabase/app/src/main/java/com/daviancorp/android/ui/detail/ItemDetailFragment.java|class:com.daviancorp.android.ui.detail.ItemDetailFragment
NoLowMemoryResolver;aDoctor;/Users/rar9993/repos/research/fdroid_apps/native_apps/MonsterHunter4UDatabase/NONE_TRANSFORMED_;/Users/rar9993/repos/research/fdroid_apps/native_apps/MonsterHunter4UDatabase/app/src/main/java/com/daviancorp/android/ui/detail/ItemDetailFragment.java;file:/Users/rar9993/repos/research/fdroid_apps/native_apps/MonsterHunter4UDatabase/app/src/main/java/com/daviancorp/android/ui/detail/ItemDetailFragment.java|class:com.daviancorp.android.ui.detail.ItemDetailFragment
MemberIgnoringMethod;aDoctor;/Users/rar9993/repos/research/fdroid_apps/native_apps/MonsterHunter4UDatabase/NONE_TRANSFORMED_;/Users/rar9993/repos/research/fdroid_apps/native_apps/MonsterHunter4UDatabase/app/src/main/java/com/daviancorp/android/ui/detail/QuestRewardFragment.java;file:/Users/rar9993/repos/research/fdroid_apps/native_apps/MonsterHunter4UDatabase/app/src/main/java/com/daviancorp/android/ui/detail/QuestRewardFragment.java|class:com.daviancorp.android.ui.detail.QuestRewardFragment
NoLowMemoryResolver;aDoctor;/Users/rar9993/repos/research/fdroid_apps/native_apps/MonsterHunter4UDatabase/NONE_TRANSFORMED_;/Users/rar9993/repos/research/fdroid_apps/native_apps/MonsterHunter4UDatabase/app/src/main/java/com/daviancorp/android/ui/detail/QuestRewardFragment.java;file:/Users/rar9993/repos/research/fdroid_apps/native_apps/MonsterHunter4UDatabase/app/src/main/java/com/daviancorp/android/ui/detail/QuestRewardFragment.java|class:com.daviancorp.android.ui.detail.QuestRewardFragment
UnclosedCloseable;aDoctor;/Users/rar9993/repos/research/fdroid_apps/native_apps/MonsterHunter4UDatabase/NONE_TRANSFORMED_;/Users/rar9993/repos/research/fdroid_apps/native_apps/MonsterHunter4UDatabase/app/src/main/java/com/daviancorp/android/ui/detail/QuestRewardFragment.java;file:/Users/rar9993/repos/research/fdroid_apps/native_apps/MonsterHunter4UDatabase/app/src/main/java/com/daviancorp/android/ui/detail/QuestRewardFragment.java|class:com.daviancorp.android.ui.detail.QuestRewardFragment
MemberIgnoringMethod;aDoctor;/Users/rar9993/repos/research/fdroid_apps/native_apps/MonsterHunter4UDatabase/NONE_TRANSFORMED_;/Users/rar9993/repos/research/fdroid_apps/native_apps/MonsterHunter4UDatabase/app/src/main/java/com/daviancorp/android/ui/detail/ItemQuestFragment.java;file:/Users/rar9993/repos/research/fdroid_apps/native_apps/MonsterHunter4UDatabase/app/src/main/java/com/daviancorp/android/ui/detail/ItemQuestFragment.java|class:com.daviancorp.android.ui.detail.ItemQuestFragment
NoLowMemoryResolver;aDoctor;/Users/rar9993/repos/research/fdroid_apps/native_apps/MonsterHunter4UDatabase/NONE_TRANSFORMED_;/Users/rar9993/repos/research/fdroid_apps/native_apps/MonsterHunter4UDatabase/app/src/main/java/com/daviancorp/android/ui/detail/ItemQuestFragment.java;file:/Users/rar9993/repos/research/fdroid_apps/native_apps/MonsterHunter4UDatabase/app/src/main/java/com/daviancorp/android/ui/detail/ItemQuestFragment.java|class:com.daviancorp.android.ui.detail.ItemQuestFragment
UnclosedCloseable;aDoctor;/Users/rar9993/repos/research/fdroid_apps/native_apps/MonsterHunter4UDatabase/NONE_TRANSFORMED_;/Users/rar9993/repos/research/fdroid_apps/native_apps/MonsterHunter4UDatabase/app/src/main/java/com/daviancorp/android/ui/detail/ItemQuestFragment.java;file:/Users/rar9993/repos/research/fdroid_apps/native_apps/MonsterHunter4UDatabase/app/src/main/java/com/daviancorp/android/ui/detail/ItemQuestFragment.java|class:com.daviancorp.android.ui.detail.ItemQuestFragment
MemberIgnoringMethod;aDoctor;/Users/rar9993/repos/research/fdroid_apps/native_apps/MonsterHunter4UDatabase/NONE_TRANSFORMED_;/Users/rar9993/repos/research/fdroid_apps/native_apps/MonsterHunter4UDatabase/app/src/main/java/com/daviancorp/android/ui/detail/ArenaQuestRewardFragment.java;file:/Users/rar9993/repos/research/fdroid_apps/native_apps/MonsterHunter4UDatabase/app/src/main/java/com/daviancorp/android/ui/detail/ArenaQuestRewardFragment.java|class:com.daviancorp.android.ui.detail.ArenaQuestRewardFragment
NoLowMemoryResolver;aDoctor;/Users/rar9993/repos/research/fdroid_apps/native_apps/MonsterHunter4UDatabase/NONE_TRANSFORMED_;/Users/rar9993/repos/research/fdroid_apps/native_apps/MonsterHunter4UDatabase/app/src/main/java/com/daviancorp/android/ui/detail/ArenaQuestRewardFragment.java;file:/Users/rar9993/repos/research/fdroid_apps/native_apps/MonsterHunter4UDatabase/app/src/main/java/com/daviancorp/android/ui/detail/ArenaQuestRewardFragment.java|class:com.daviancorp.android.ui.detail.ArenaQuestRewardFragment
UnclosedCloseable;aDoctor;/Users/rar9993/repos/research/fdroid_apps/native_apps/MonsterHunter4UDatabase/NONE_TRANSFORMED_;/Users/rar9993/repos/research/fdroid_apps/native_apps/MonsterHunter4UDatabase/app/src/main/java/com/daviancorp/android/ui/detail/ArenaQuestRewardFragment.java;file:/Users/rar9993/repos/research/fdroid_apps/native_apps/MonsterHunter4UDatabase/app/src/main/java/com/daviancorp/android/ui/detail/ArenaQuestRewardFragment.java|class:com.daviancorp.android.ui.detail.ArenaQuestRewardFragment
MemberIgnoringMethod;aDoctor;/Users/rar9993/repos/research/fdroid_apps/native_apps/MonsterHunter4UDatabase/NONE_TRANSFORMED_;/Users/rar9993/repos/research/fdroid_apps/native_apps/MonsterHunter4UDatabase/app/src/main/java/com/daviancorp/android/ui/detail/MonsterHabitatFragment.java;file:/Users/rar9993/repos/research/fdroid_apps/native_apps/MonsterHunter4UDatabase/app/src/main/java/com/daviancorp/android/ui/detail/MonsterHabitatFragment.java|class:com.daviancorp.android.ui.detail.MonsterHabitatFragment
NoLowMemoryResolver;aDoctor;/Users/rar9993/repos/research/fdroid_apps/native_apps/MonsterHunter4UDatabase/NONE_TRANSFORMED_;/Users/rar9993/repos/research/fdroid_apps/native_apps/MonsterHunter4UDatabase/app/src/main/java/com/daviancorp/android/ui/detail/MonsterHabitatFragment.java;file:/Users/rar9993/repos/research/fdroid_apps/native_apps/MonsterHunter4UDatabase/app/src/main/java/com/daviancorp/android/ui/detail/MonsterHabitatFragment.java|class:com.daviancorp.android.ui.detail.MonsterHabitatFragment
SlowForLoop;aDoctor;/Users/rar9993/repos/research/fdroid_apps/native_apps/MonsterHunter4UDatabase/NONE_TRANSFORMED_;/Users/rar9993/repos/research/fdroid_apps/native_apps/MonsterHunter4UDatabase/app/src/main/java/com/daviancorp/android/ui/detail/MonsterHabitatFragment.java;file:/Users/rar9993/repos/research/fdroid_apps/native_apps/MonsterHunter4UDatabase/app/src/main/java/com/daviancorp/android/ui/detail/MonsterHabitatFragment.java|class:com.daviancorp.android.ui.detail.MonsterHabitatFragment
UnclosedCloseable;aDoctor;/Users/rar9993/repos/research/fdroid_apps/native_apps/MonsterHunter4UDatabase/NONE_TRANSFORMED_;/Users/rar9993/repos/research/fdroid_apps/native_apps/MonsterHunter4UDatabase/app/src/main/java/com/daviancorp/android/ui/detail/MonsterHabitatFragment.java;file:/Users/rar9993/repos/research/fdroid_apps/native_apps/MonsterHunter4UDatabase/app/src/main/java/com/daviancorp/android/ui/detail/MonsterHabitatFragment.java|class:com.daviancorp.android.ui.detail.MonsterHabitatFragment
MemberIgnoringMethod;aDoctor;/Users/rar9993/repos/research/fdroid_apps/native_apps/MonsterHunter4UDatabase/NONE_TRANSFORMED_;/Users/rar9993/repos/research/fdroid_apps/native_apps/MonsterHunter4UDatabase/app/src/main/java/com/daviancorp/android/ui/detail/SkillTreeArmorFragment.java;file:/Users/rar9993/repos/research/fdroid_apps/native_apps/MonsterHunter4UDatabase/app/src/main/java/com/daviancorp/android/ui/detail/SkillTreeArmorFragment.java|class:com.daviancorp.android.ui.detail.SkillTreeArmorFragment
NoLowMemoryResolver;aDoctor;/Users/rar9993/repos/research/fdroid_apps/native_apps/MonsterHunter4UDatabase/NONE_TRANSFORMED_;/Users/rar9993/repos/research/fdroid_apps/native_apps/MonsterHunter4UDatabase/app/src/main/java/com/daviancorp/android/ui/detail/SkillTreeArmorFragment.java;file:/Users/rar9993/repos/research/fdroid_apps/native_apps/MonsterHunter4UDatabase/app/src/main/java/com/daviancorp/android/ui/detail/SkillTreeArmorFragment.java|class:com.daviancorp.android.ui.detail.SkillTreeArmorFragment
UnclosedCloseable;aDoctor;/Users/rar9993/repos/research/fdroid_apps/native_apps/MonsterHunter4UDatabase/NONE_TRANSFORMED_;/Users/rar9993/repos/research/fdroid_apps/native_apps/MonsterHunter4UDatabase/app/src/main/java/com/daviancorp/android/ui/detail/SkillTreeArmorFragment.java;file:/Users/rar9993/repos/research/fdroid_apps/native_apps/MonsterHunter4UDatabase/app/src/main/java/com/daviancorp/android/ui/detail/SkillTreeArmorFragment.java|class:com.daviancorp.android.ui.detail.SkillTreeArmorFragment
MemberIgnoringMethod;aDoctor;/Users/rar9993/repos/research/fdroid_apps/native_apps/MonsterHunter4UDatabase/NONE_TRANSFORMED_;/Users/rar9993/repos/research/fdroid_apps/native_apps/MonsterHunter4UDatabase/app/src/main/java/com/daviancorp/android/ui/detail/ArenaQuestDetailActivity.java;file:/Users/rar9993/repos/research/fdroid_apps/native_apps/MonsterHunter4UDatabase/app/src/main/java/com/daviancorp/android/ui/detail/ArenaQuestDetailActivity.java|class:com.daviancorp.android.ui.detail.ArenaQuestDetailActivity
UnclosedCloseable;aDoctor;/Users/rar9993/repos/research/fdroid_apps/native_apps/MonsterHunter4UDatabase/NONE_TRANSFORMED_;/Users/rar9993/repos/research/fdroid_apps/native_apps/MonsterHunter4UDatabase/app/src/main/java/com/daviancorp/android/ui/detail/ArenaQuestDetailActivity.java;file:/Users/rar9993/repos/research/fdroid_apps/native_apps/MonsterHunter4UDatabase/app/src/main/java/com/daviancorp/android/ui/detail/ArenaQuestDetailActivity.java|class:com.daviancorp.android.ui.detail.ArenaQuestDetailActivity
MemberIgnoringMethod;aDoctor;/Users/rar9993/repos/research/fdroid_apps/native_apps/MonsterHunter4UDatabase/NONE_TRANSFORMED_;/Users/rar9993/repos/research/fdroid_apps/native_apps/MonsterHunter4UDatabase/app/src/main/java/com/daviancorp/android/ui/detail/QuestDetailActivity.java;file:/Users/rar9993/repos/research/fdroid_apps/native_apps/MonsterHunter4UDatabase/app/src/main/java/com/daviancorp/android/ui/detail/QuestDetailActivity.java|class:com.daviancorp.android.ui.detail.QuestDetailActivity
UnclosedCloseable;aDoctor;/Users/rar9993/repos/research/fdroid_apps/native_apps/MonsterHunter4UDatabase/NONE_TRANSFORMED_;/Users/rar9993/repos/research/fdroid_apps/native_apps/MonsterHunter4UDatabase/app/src/main/java/com/daviancorp/android/ui/detail/QuestDetailActivity.java;file:/Users/rar9993/repos/research/fdroid_apps/native_apps/MonsterHunter4UDatabase/app/src/main/java/com/daviancorp/android/ui/detail/QuestDetailActivity.java|class:com.daviancorp.android.ui.detail.QuestDetailActivity
MemberIgnoringMethod;aDoctor;/Users/rar9993/repos/research/fdroid_apps/native_apps/MonsterHunter4UDatabase/NONE_TRANSFORMED_;/Users/rar9993/repos/research/fdroid_apps/native_apps/MonsterHunter4UDatabase/app/src/main/java/com/daviancorp/android/ui/detail/ItemLocationFragment.java;file:/Users/rar9993/repos/research/fdroid_apps/native_apps/MonsterHunter4UDatabase/app/src/main/java/com/daviancorp/android/ui/detail/ItemLocationFragment.java|class:com.daviancorp.android.ui.detail.ItemLocationFragment
NoLowMemoryResolver;aDoctor;/Users/rar9993/repos/research/fdroid_apps/native_apps/MonsterHunter4UDatabase/NONE_TRANSFORMED_;/Users/rar9993/repos/research/fdroid_apps/native_apps/MonsterHunter4UDatabase/app/src/main/java/com/daviancorp/android/ui/detail/ItemLocationFragment.java;file:/Users/rar9993/repos/research/fdroid_apps/native_apps/MonsterHunter4UDatabase/app/src/main/java/com/daviancorp/android/ui/detail/ItemLocationFragment.java|class:com.daviancorp.android.ui.detail.ItemLocationFragment
UnclosedCloseable;aDoctor;/Users/rar9993/repos/research/fdroid_apps/native_apps/MonsterHunter4UDatabase/NONE_TRANSFORMED_;/Users/rar9993/repos/research/fdroid_apps/native_apps/MonsterHunter4UDatabase/app/src/main/java/com/daviancorp/android/ui/detail/ItemLocationFragment.java;file:/Users/rar9993/repos/research/fdroid_apps/native_apps/MonsterHunter4UDatabase/app/src/main/java/com/daviancorp/android/ui/detail/ItemLocationFragment.java|class:com.daviancorp.android.ui.detail.ItemLocationFragment
MemberIgnoringMethod;aDoctor;/Users/rar9993/repos/research/fdroid_apps/native_apps/MonsterHunter4UDatabase/NONE_TRANSFORMED_;/Users/rar9993/repos/research/fdroid_apps/native_apps/MonsterHunter4UDatabase/app/src/main/java/com/daviancorp/android/ui/detail/SkillTreeDetailFragment.java;file:/Users/rar9993/repos/research/fdroid_apps/native_apps/MonsterHunter4UDatabase/app/src/main/java/com/daviancorp/android/ui/detail/SkillTreeDetailFragment.java|class:com.daviancorp.android.ui.detail.SkillTreeDetailFragment
NoLowMemoryResolver;aDoctor;/Users/rar9993/repos/research/fdroid_apps/native_apps/MonsterHunter4UDatabase/NONE_TRANSFORMED_;/Users/rar9993/repos/research/fdroid_apps/native_apps/MonsterHunter4UDatabase/app/src/main/java/com/daviancorp/android/ui/detail/SkillTreeDetailFragment.java;file:/Users/rar9993/repos/research/fdroid_apps/native_apps/MonsterHunter4UDatabase/app/src/main/java/com/daviancorp/android/ui/detail/SkillTreeDetailFragment.java|class:com.daviancorp.android.ui.detail.SkillTreeDetailFragment
UnclosedCloseable;aDoctor;/Users/rar9993/repos/research/fdroid_apps/native_apps/MonsterHunter4UDatabase/NONE_TRANSFORMED_;/Users/rar9993/repos/research/fdroid_apps/native_apps/MonsterHunter4UDatabase/app/src/main/java/com/daviancorp/android/ui/detail/SkillTreeDetailFragment.java;file:/Users/rar9993/repos/research/fdroid_apps/native_apps/MonsterHunter4UDatabase/app/src/main/java/com/daviancorp/android/ui/detail/SkillTreeDetailFragment.java|class:com.daviancorp.android.ui.detail.SkillTreeDetailFragment
MemberIgnoringMethod;aDoctor;/Users/rar9993/repos/research/fdroid_apps/native_apps/MonsterHunter4UDatabase/NONE_TRANSFORMED_;/Users/rar9993/repos/research/fdroid_apps/native_apps/MonsterHunter4UDatabase/app/src/main/java/com/daviancorp/android/ui/detail/WeaponTreeFragment.java;file:/Users/rar9993/repos/research/fdroid_apps/native_apps/MonsterHunter4UDatabase/app/src/main/java/com/daviancorp/android/ui/detail/WeaponTreeFragment.java|class:com.daviancorp.android.ui.detail.WeaponTreeFragment
NoLowMemoryResolver;aDoctor;/Users/rar9993/repos/research/fdroid_apps/native_apps/MonsterHunter4UDatabase/NONE_TRANSFORMED_;/Users/rar9993/repos/research/fdroid_apps/native_apps/MonsterHunter4UDatabase/app/src/main/java/com/daviancorp/android/ui/detail/WeaponTreeFragment.java;file:/Users/rar9993/repos/research/fdroid_apps/native_apps/MonsterHunter4UDatabase/app/src/main/java/com/daviancorp/android/ui/detail/WeaponTreeFragment.java|class:com.daviancorp.android.ui.detail.WeaponTreeFragment
UnclosedCloseable;aDoctor;/Users/rar9993/repos/research/fdroid_apps/native_apps/MonsterHunter4UDatabase/NONE_TRANSFORMED_;/Users/rar9993/repos/research/fdroid_apps/native_apps/MonsterHunter4UDatabase/app/src/main/java/com/daviancorp/android/ui/detail/WeaponTreeFragment.java;file:/Users/rar9993/repos/research/fdroid_apps/native_apps/MonsterHunter4UDatabase/app/src/main/java/com/daviancorp/android/ui/detail/WeaponTreeFragment.java|class:com.daviancorp.android.ui.detail.WeaponTreeFragment
MemberIgnoringMethod;aDoctor;/Users/rar9993/repos/research/fdroid_apps/native_apps/MonsterHunter4UDatabase/NONE_TRANSFORMED_;/Users/rar9993/repos/research/fdroid_apps/native_apps/MonsterHunter4UDatabase/app/src/main/java/com/daviancorp/android/ui/detail/LocationDetailActivity.java;file:/Users/rar9993/repos/research/fdroid_apps/native_apps/MonsterHunter4UDatabase/app/src/main/java/com/daviancorp/android/ui/detail/LocationDetailActivity.java|class:com.daviancorp.android.ui.detail.LocationDetailActivity
UnclosedCloseable;aDoctor;/Users/rar9993/repos/research/fdroid_apps/native_apps/MonsterHunter4UDatabase/NONE_TRANSFORMED_;/Users/rar9993/repos/research/fdroid_apps/native_apps/MonsterHunter4UDatabase/app/src/main/java/com/daviancorp/android/ui/detail/LocationDetailActivity.java;file:/Users/rar9993/repos/research/fdroid_apps/native_apps/MonsterHunter4UDatabase/app/src/main/java/com/daviancorp/android/ui/detail/LocationDetailActivity.java|class:com.daviancorp.android.ui.detail.LocationDetailActivity
LeakingInnerClass;aDoctor;/Users/rar9993/repos/research/fdroid_apps/native_apps/MonsterHunter4UDatabase/NONE_TRANSFORMED_;/Users/rar9993/repos/research/fdroid_apps/native_apps/MonsterHunter4UDatabase/app/src/main/java/com/daviancorp/android/ui/detail/ArmorDetailFragment.java;file:/Users/rar9993/repos/research/fdroid_apps/native_apps/MonsterHunter4UDatabase/app/src/main/java/com/daviancorp/android/ui/detail/ArmorDetailFragment.java|class:com.daviancorp.android.ui.detail.ArmorDetailFragment
NoLowMemoryResolver;aDoctor;/Users/rar9993/repos/research/fdroid_apps/native_apps/MonsterHunter4UDatabase/NONE_TRANSFORMED_;/Users/rar9993/repos/research/fdroid_apps/native_apps/MonsterHunter4UDatabase/app/src/main/java/com/daviancorp/android/ui/detail/ArmorDetailFragment.java;file:/Users/rar9993/repos/research/fdroid_apps/native_apps/MonsterHunter4UDatabase/app/src/main/java/com/daviancorp/android/ui/detail/ArmorDetailFragment.java|class:com.daviancorp.android.ui.detail.ArmorDetailFragment
MemberIgnoringMethod;aDoctor;/Users/rar9993/repos/research/fdroid_apps/native_apps/MonsterHunter4UDatabase/NONE_TRANSFORMED_;/Users/rar9993/repos/research/fdroid_apps/native_apps/MonsterHunter4UDatabase/app/src/main/java/com/daviancorp/android/ui/detail/LocationRankFragment.java;file:/Users/rar9993/repos/research/fdroid_apps/native_apps/MonsterHunter4UDatabase/app/src/main/java/com/daviancorp/android/ui/detail/LocationRankFragment.java|class:com.daviancorp.android.ui.detail.LocationRankFragment
NoLowMemoryResolver;aDoctor;/Users/rar9993/repos/research/fdroid_apps/native_apps/MonsterHunter4UDatabase/NONE_TRANSFORMED_;/Users/rar9993/repos/research/fdroid_apps/native_apps/MonsterHunter4UDatabase/app/src/main/java/com/daviancorp/android/ui/detail/LocationRankFragment.java;file:/Users/rar9993/repos/research/fdroid_apps/native_apps/MonsterHunter4UDatabase/app/src/main/java/com/daviancorp/android/ui/detail/LocationRankFragment.java|class:com.daviancorp.android.ui.detail.LocationRankFragment
UnclosedCloseable;aDoctor;/Users/rar9993/repos/research/fdroid_apps/native_apps/MonsterHunter4UDatabase/NONE_TRANSFORMED_;/Users/rar9993/repos/research/fdroid_apps/native_apps/MonsterHunter4UDatabase/app/src/main/java/com/daviancorp/android/ui/detail/LocationRankFragment.java;file:/Users/rar9993/repos/research/fdroid_apps/native_apps/MonsterHunter4UDatabase/app/src/main/java/com/daviancorp/android/ui/detail/LocationRankFragment.java|class:com.daviancorp.android.ui.detail.LocationRankFragment
MemberIgnoringMethod;aDoctor;/Users/rar9993/repos/research/fdroid_apps/native_apps/MonsterHunter4UDatabase/NONE_TRANSFORMED_;/Users/rar9993/repos/research/fdroid_apps/native_apps/MonsterHunter4UDatabase/app/src/main/java/com/daviancorp/android/ui/detail/WeaponDetailActivity.java;file:/Users/rar9993/repos/research/fdroid_apps/native_apps/MonsterHunter4UDatabase/app/src/main/java/com/daviancorp/android/ui/detail/WeaponDetailActivity.java|class:com.daviancorp.android.ui.detail.WeaponDetailActivity
UnclosedCloseable;aDoctor;/Users/rar9993/repos/research/fdroid_apps/native_apps/MonsterHunter4UDatabase/NONE_TRANSFORMED_;/Users/rar9993/repos/research/fdroid_apps/native_apps/MonsterHunter4UDatabase/app/src/main/java/com/daviancorp/android/ui/detail/WeaponDetailActivity.java;file:/Users/rar9993/repos/research/fdroid_apps/native_apps/MonsterHunter4UDatabase/app/src/main/java/com/daviancorp/android/ui/detail/WeaponDetailActivity.java|class:com.daviancorp.android.ui.detail.WeaponDetailActivity
LeakingInnerClass;aDoctor;/Users/rar9993/repos/research/fdroid_apps/native_apps/MonsterHunter4UDatabase/NONE_TRANSFORMED_;/Users/rar9993/repos/research/fdroid_apps/native_apps/MonsterHunter4UDatabase/app/src/main/java/com/daviancorp/android/ui/detail/MonsterDamageFragment.java;file:/Users/rar9993/repos/research/fdroid_apps/native_apps/MonsterHunter4UDatabase/app/src/main/java/com/daviancorp/android/ui/detail/MonsterDamageFragment.java|class:com.daviancorp.android.ui.detail.MonsterDamageFragment
MemberIgnoringMethod;aDoctor;/Users/rar9993/repos/research/fdroid_apps/native_apps/MonsterHunter4UDatabase/NONE_TRANSFORMED_;/Users/rar9993/repos/research/fdroid_apps/native_apps/MonsterHunter4UDatabase/app/src/main/java/com/daviancorp/android/ui/detail/MonsterDamageFragment.java;file:/Users/rar9993/repos/research/fdroid_apps/native_apps/MonsterHunter4UDatabase/app/src/main/java/com/daviancorp/android/ui/detail/MonsterDamageFragment.java|class:com.daviancorp.android.ui.detail.MonsterDamageFragment
NoLowMemoryResolver;aDoctor;/Users/rar9993/repos/research/fdroid_apps/native_apps/MonsterHunter4UDatabase/NONE_TRANSFORMED_;/Users/rar9993/repos/research/fdroid_apps/native_apps/MonsterHunter4UDatabase/app/src/main/java/com/daviancorp/android/ui/detail/MonsterDamageFragment.java;file:/Users/rar9993/repos/research/fdroid_apps/native_apps/MonsterHunter4UDatabase/app/src/main/java/com/daviancorp/android/ui/detail/MonsterDamageFragment.java|class:com.daviancorp.android.ui.detail.MonsterDamageFragment
SlowForLoop;aDoctor;/Users/rar9993/repos/research/fdroid_apps/native_apps/MonsterHunter4UDatabase/NONE_TRANSFORMED_;/Users/rar9993/repos/research/fdroid_apps/native_apps/MonsterHunter4UDatabase/app/src/main/java/com/daviancorp/android/ui/detail/MonsterDamageFragment.java;file:/Users/rar9993/repos/research/fdroid_apps/native_apps/MonsterHunter4UDatabase/app/src/main/java/com/daviancorp/android/ui/detail/MonsterDamageFragment.java|class:com.daviancorp.android.ui.detail.MonsterDamageFragment
UnclosedCloseable;aDoctor;/Users/rar9993/repos/research/fdroid_apps/native_apps/MonsterHunter4UDatabase/NONE_TRANSFORMED_;/Users/rar9993/repos/research/fdroid_apps/native_apps/MonsterHunter4UDatabase/app/src/main/java/com/daviancorp/android/ui/detail/MonsterDamageFragment.java;file:/Users/rar9993/repos/research/fdroid_apps/native_apps/MonsterHunter4UDatabase/app/src/main/java/com/daviancorp/android/ui/detail/MonsterDamageFragment.java|class:com.daviancorp.android.ui.detail.MonsterDamageFragment
MemberIgnoringMethod;aDoctor;/Users/rar9993/repos/research/fdroid_apps/native_apps/MonsterHunter4UDatabase/NONE_TRANSFORMED_;/Users/rar9993/repos/research/fdroid_apps/native_apps/MonsterHunter4UDatabase/app/src/main/java/com/daviancorp/android/ui/detail/WeaponBowgunDetailFragment.java;file:/Users/rar9993/repos/research/fdroid_apps/native_apps/MonsterHunter4UDatabase/app/src/main/java/com/daviancorp/android/ui/detail/WeaponBowgunDetailFragment.java|class:com.daviancorp.android.ui.detail.WeaponBowgunDetailFragment
MemberIgnoringMethod;aDoctor;/Users/rar9993/repos/research/fdroid_apps/native_apps/MonsterHunter4UDatabase/NONE_TRANSFORMED_;/Users/rar9993/repos/research/fdroid_apps/native_apps/MonsterHunter4UDatabase/app/src/main/java/com/daviancorp/android/ui/detail/ItemMonsterFragment.java;file:/Users/rar9993/repos/research/fdroid_apps/native_apps/MonsterHunter4UDatabase/app/src/main/java/com/daviancorp/android/ui/detail/ItemMonsterFragment.java|class:com.daviancorp.android.ui.detail.ItemMonsterFragment
NoLowMemoryResolver;aDoctor;/Users/rar9993/repos/research/fdroid_apps/native_apps/MonsterHunter4UDatabase/NONE_TRANSFORMED_;/Users/rar9993/repos/research/fdroid_apps/native_apps/MonsterHunter4UDatabase/app/src/main/java/com/daviancorp/android/ui/detail/ItemMonsterFragment.java;file:/Users/rar9993/repos/research/fdroid_apps/native_apps/MonsterHunter4UDatabase/app/src/main/java/com/daviancorp/android/ui/detail/ItemMonsterFragment.java|class:com.daviancorp.android.ui.detail.ItemMonsterFragment
UnclosedCloseable;aDoctor;/Users/rar9993/repos/research/fdroid_apps/native_apps/MonsterHunter4UDatabase/NONE_TRANSFORMED_;/Users/rar9993/repos/research/fdroid_apps/native_apps/MonsterHunter4UDatabase/app/src/main/java/com/daviancorp/android/ui/detail/ItemMonsterFragment.java;file:/Users/rar9993/repos/research/fdroid_apps/native_apps/MonsterHunter4UDatabase/app/src/main/java/com/daviancorp/android/ui/detail/ItemMonsterFragment.java|class:com.daviancorp.android.ui.detail.ItemMonsterFragment
MemberIgnoringMethod;aDoctor;/Users/rar9993/repos/research/fdroid_apps/native_apps/MonsterHunter4UDatabase/NONE_TRANSFORMED_;/Users/rar9993/repos/research/fdroid_apps/native_apps/MonsterHunter4UDatabase/app/src/main/java/com/daviancorp/android/ui/detail/SkillTreeDecorationFragment.java;file:/Users/rar9993/repos/research/fdroid_apps/native_apps/MonsterHunter4UDatabase/app/src/main/java/com/daviancorp/android/ui/detail/SkillTreeDecorationFragment.java|class:com.daviancorp.android.ui.detail.SkillTreeDecorationFragment
NoLowMemoryResolver;aDoctor;/Users/rar9993/repos/research/fdroid_apps/native_apps/MonsterHunter4UDatabase/NONE_TRANSFORMED_;/Users/rar9993/repos/research/fdroid_apps/native_apps/MonsterHunter4UDatabase/app/src/main/java/com/daviancorp/android/ui/detail/SkillTreeDecorationFragment.java;file:/Users/rar9993/repos/research/fdroid_apps/native_apps/MonsterHunter4UDatabase/app/src/main/java/com/daviancorp/android/ui/detail/SkillTreeDecorationFragment.java|class:com.daviancorp.android.ui.detail.SkillTreeDecorationFragment
UnclosedCloseable;aDoctor;/Users/rar9993/repos/research/fdroid_apps/native_apps/MonsterHunter4UDatabase/NONE_TRANSFORMED_;/Users/rar9993/repos/research/fdroid_apps/native_apps/MonsterHunter4UDatabase/app/src/main/java/com/daviancorp/android/ui/detail/SkillTreeDecorationFragment.java;file:/Users/rar9993/repos/research/fdroid_apps/native_apps/MonsterHunter4UDatabase/app/src/main/java/com/daviancorp/android/ui/detail/SkillTreeDecorationFragment.java|class:com.daviancorp.android.ui.detail.SkillTreeDecorationFragment
LeakingInnerClass;aDoctor;/Users/rar9993/repos/research/fdroid_apps/native_apps/MonsterHunter4UDatabase/NONE_TRANSFORMED_;/Users/rar9993/repos/research/fdroid_apps/native_apps/MonsterHunter4UDatabase/app/src/main/java/com/daviancorp/android/ui/detail/DecorationDetailFragment.java;file:/Users/rar9993/repos/research/fdroid_apps/native_apps/MonsterHunter4UDatabase/app/src/main/java/com/daviancorp/android/ui/detail/DecorationDetailFragment.java|class:com.daviancorp.android.ui.detail.DecorationDetailFragment
NoLowMemoryResolver;aDoctor;/Users/rar9993/repos/research/fdroid_apps/native_apps/MonsterHunter4UDatabase/NONE_TRANSFORMED_;/Users/rar9993/repos/research/fdroid_apps/native_apps/MonsterHunter4UDatabase/app/src/main/java/com/daviancorp/android/ui/detail/DecorationDetailFragment.java;file:/Users/rar9993/repos/research/fdroid_apps/native_apps/MonsterHunter4UDatabase/app/src/main/java/com/daviancorp/android/ui/detail/DecorationDetailFragment.java|class:com.daviancorp.android.ui.detail.DecorationDetailFragment
MemberIgnoringMethod;aDoctor;/Users/rar9993/repos/research/fdroid_apps/native_apps/MonsterHunter4UDatabase/NONE_TRANSFORMED_;/Users/rar9993/repos/research/fdroid_apps/native_apps/MonsterHunter4UDatabase/app/src/main/java/com/daviancorp/android/ui/detail/ItemComponentFragment.java;file:/Users/rar9993/repos/research/fdroid_apps/native_apps/MonsterHunter4UDatabase/app/src/main/java/com/daviancorp/android/ui/detail/ItemComponentFragment.java|class:com.daviancorp.android.ui.detail.ItemComponentFragment
NoLowMemoryResolver;aDoctor;/Users/rar9993/repos/research/fdroid_apps/native_apps/MonsterHunter4UDatabase/NONE_TRANSFORMED_;/Users/rar9993/repos/research/fdroid_apps/native_apps/MonsterHunter4UDatabase/app/src/main/java/com/daviancorp/android/ui/detail/ItemComponentFragment.java;file:/Users/rar9993/repos/research/fdroid_apps/native_apps/MonsterHunter4UDatabase/app/src/main/java/com/daviancorp/android/ui/detail/ItemComponentFragment.java|class:com.daviancorp.android.ui.detail.ItemComponentFragment
UnclosedCloseable;aDoctor;/Users/rar9993/repos/research/fdroid_apps/native_apps/MonsterHunter4UDatabase/NONE_TRANSFORMED_;/Users/rar9993/repos/research/fdroid_apps/native_apps/MonsterHunter4UDatabase/app/src/main/java/com/daviancorp/android/ui/detail/ItemComponentFragment.java;file:/Users/rar9993/repos/research/fdroid_apps/native_apps/MonsterHunter4UDatabase/app/src/main/java/com/daviancorp/android/ui/detail/ItemComponentFragment.java|class:com.daviancorp.android.ui.detail.ItemComponentFragment
LeakingInnerClass;aDoctor;/Users/rar9993/repos/research/fdroid_apps/native_apps/MonsterHunter4UDatabase/NONE_TRANSFORMED_;/Users/rar9993/repos/research/fdroid_apps/native_apps/MonsterHunter4UDatabase/app/src/main/java/com/daviancorp/android/ui/detail/ItemTradeFragment.java;file:/Users/rar9993/repos/research/fdroid_apps/native_apps/MonsterHunter4UDatabase/app/src/main/java/com/daviancorp/android/ui/detail/ItemTradeFragment.java|class:com.daviancorp.android.ui.detail.ItemTradeFragment
MemberIgnoringMethod;aDoctor;/Users/rar9993/repos/research/fdroid_apps/native_apps/MonsterHunter4UDatabase/NONE_TRANSFORMED_;/Users/rar9993/repos/research/fdroid_apps/native_apps/MonsterHunter4UDatabase/app/src/main/java/com/daviancorp/android/ui/detail/ItemTradeFragment.java;file:/Users/rar9993/repos/research/fdroid_apps/native_apps/MonsterHunter4UDatabase/app/src/main/java/com/daviancorp/android/ui/detail/ItemTradeFragment.java|class:com.daviancorp.android.ui.detail.ItemTradeFragment
NoLowMemoryResolver;aDoctor;/Users/rar9993/repos/research/fdroid_apps/native_apps/MonsterHunter4UDatabase/NONE_TRANSFORMED_;/Users/rar9993/repos/research/fdroid_apps/native_apps/MonsterHunter4UDatabase/app/src/main/java/com/daviancorp/android/ui/detail/ItemTradeFragment.java;file:/Users/rar9993/repos/research/fdroid_apps/native_apps/MonsterHunter4UDatabase/app/src/main/java/com/daviancorp/android/ui/detail/ItemTradeFragment.java|class:com.daviancorp.android.ui.detail.ItemTradeFragment
MemberIgnoringMethod;aDoctor;/Users/rar9993/repos/research/fdroid_apps/native_apps/MonsterHunter4UDatabase/NONE_TRANSFORMED_;/Users/rar9993/repos/research/fdroid_apps/native_apps/MonsterHunter4UDatabase/app/src/main/java/com/daviancorp/android/ui/detail/ItemToSkillFragment.java;file:/Users/rar9993/repos/research/fdroid_apps/native_apps/MonsterHunter4UDatabase/app/src/main/java/com/daviancorp/android/ui/detail/ItemToSkillFragment.java|class:com.daviancorp.android.ui.detail.ItemToSkillFragment
NoLowMemoryResolver;aDoctor;/Users/rar9993/repos/research/fdroid_apps/native_apps/MonsterHunter4UDatabase/NONE_TRANSFORMED_;/Users/rar9993/repos/research/fdroid_apps/native_apps/MonsterHunter4UDatabase/app/src/main/java/com/daviancorp/android/ui/detail/ItemToSkillFragment.java;file:/Users/rar9993/repos/research/fdroid_apps/native_apps/MonsterHunter4UDatabase/app/src/main/java/com/daviancorp/android/ui/detail/ItemToSkillFragment.java|class:com.daviancorp.android.ui.detail.ItemToSkillFragment
UnclosedCloseable;aDoctor;/Users/rar9993/repos/research/fdroid_apps/native_apps/MonsterHunter4UDatabase/NONE_TRANSFORMED_;/Users/rar9993/repos/research/fdroid_apps/native_apps/MonsterHunter4UDatabase/app/src/main/java/com/daviancorp/android/ui/detail/ItemToSkillFragment.java;file:/Users/rar9993/repos/research/fdroid_apps/native_apps/MonsterHunter4UDatabase/app/src/main/java/com/daviancorp/android/ui/detail/ItemToSkillFragment.java|class:com.daviancorp.android.ui.detail.ItemToSkillFragment
MemberIgnoringMethod;aDoctor;/Users/rar9993/repos/research/fdroid_apps/native_apps/MonsterHunter4UDatabase/NONE_TRANSFORMED_;/Users/rar9993/repos/research/fdroid_apps/native_apps/MonsterHunter4UDatabase/app/src/main/java/com/daviancorp/android/ui/detail/MonsterRewardFragment.java;file:/Users/rar9993/repos/research/fdroid_apps/native_apps/MonsterHunter4UDatabase/app/src/main/java/com/daviancorp/android/ui/detail/MonsterRewardFragment.java|class:com.daviancorp.android.ui.detail.MonsterRewardFragment
NoLowMemoryResolver;aDoctor;/Users/rar9993/repos/research/fdroid_apps/native_apps/MonsterHunter4UDatabase/NONE_TRANSFORMED_;/Users/rar9993/repos/research/fdroid_apps/native_apps/MonsterHunter4UDatabase/app/src/main/java/com/daviancorp/android/ui/detail/MonsterRewardFragment.java;file:/Users/rar9993/repos/research/fdroid_apps/native_apps/MonsterHunter4UDatabase/app/src/main/java/com/daviancorp/android/ui/detail/MonsterRewardFragment.java|class:com.daviancorp.android.ui.detail.MonsterRewardFragment
UnclosedCloseable;aDoctor;/Users/rar9993/repos/research/fdroid_apps/native_apps/MonsterHunter4UDatabase/NONE_TRANSFORMED_;/Users/rar9993/repos/research/fdroid_apps/native_apps/MonsterHunter4UDatabase/app/src/main/java/com/daviancorp/android/ui/detail/MonsterRewardFragment.java;file:/Users/rar9993/repos/research/fdroid_apps/native_apps/MonsterHunter4UDatabase/app/src/main/java/com/daviancorp/android/ui/detail/MonsterRewardFragment.java|class:com.daviancorp.android.ui.detail.MonsterRewardFragment
LeakingInnerClass;aDoctor;/Users/rar9993/repos/research/fdroid_apps/native_apps/MonsterHunter4UDatabase/NONE_TRANSFORMED_;/Users/rar9993/repos/research/fdroid_apps/native_apps/MonsterHunter4UDatabase/app/src/main/java/com/daviancorp/android/ui/detail/QuestDetailFragment.java;file:/Users/rar9993/repos/research/fdroid_apps/native_apps/MonsterHunter4UDatabase/app/src/main/java/com/daviancorp/android/ui/detail/QuestDetailFragment.java|class:com.daviancorp.android.ui.detail.QuestDetailFragment
MemberIgnoringMethod;aDoctor;/Users/rar9993/repos/research/fdroid_apps/native_apps/MonsterHunter4UDatabase/NONE_TRANSFORMED_;/Users/rar9993/repos/research/fdroid_apps/native_apps/MonsterHunter4UDatabase/app/src/main/java/com/daviancorp/android/ui/detail/QuestDetailFragment.java;file:/Users/rar9993/repos/research/fdroid_apps/native_apps/MonsterHunter4UDatabase/app/src/main/java/com/daviancorp/android/ui/detail/QuestDetailFragment.java|class:com.daviancorp.android.ui.detail.QuestDetailFragment
NoLowMemoryResolver;aDoctor;/Users/rar9993/repos/research/fdroid_apps/native_apps/MonsterHunter4UDatabase/NONE_TRANSFORMED_;/Users/rar9993/repos/research/fdroid_apps/native_apps/MonsterHunter4UDatabase/app/src/main/java/com/daviancorp/android/ui/detail/QuestDetailFragment.java;file:/Users/rar9993/repos/research/fdroid_apps/native_apps/MonsterHunter4UDatabase/app/src/main/java/com/daviancorp/android/ui/detail/QuestDetailFragment.java|class:com.daviancorp.android.ui.detail.QuestDetailFragment
LeakingInnerClass;aDoctor;/Users/rar9993/repos/research/fdroid_apps/native_apps/MonsterHunter4UDatabase/NONE_TRANSFORMED_;/Users/rar9993/repos/research/fdroid_apps/native_apps/MonsterHunter4UDatabase/app/src/main/java/com/daviancorp/android/ui/detail/ArenaQuestDetailFragment.java;file:/Users/rar9993/repos/research/fdroid_apps/native_apps/MonsterHunter4UDatabase/app/src/main/java/com/daviancorp/android/ui/detail/ArenaQuestDetailFragment.java|class:com.daviancorp.android.ui.detail.ArenaQuestDetailFragment
NoLowMemoryResolver;aDoctor;/Users/rar9993/repos/research/fdroid_apps/native_apps/MonsterHunter4UDatabase/NONE_TRANSFORMED_;/Users/rar9993/repos/research/fdroid_apps/native_apps/MonsterHunter4UDatabase/app/src/main/java/com/daviancorp/android/ui/detail/ArenaQuestDetailFragment.java;file:/Users/rar9993/repos/research/fdroid_apps/native_apps/MonsterHunter4UDatabase/app/src/main/java/com/daviancorp/android/ui/detail/ArenaQuestDetailFragment.java|class:com.daviancorp.android.ui.detail.ArenaQuestDetailFragment
MemberIgnoringMethod;aDoctor;/Users/rar9993/repos/research/fdroid_apps/native_apps/MonsterHunter4UDatabase/NONE_TRANSFORMED_;/Users/rar9993/repos/research/fdroid_apps/native_apps/MonsterHunter4UDatabase/app/src/main/java/com/daviancorp/android/ui/detail/ComponentListFragment.java;file:/Users/rar9993/repos/research/fdroid_apps/native_apps/MonsterHunter4UDatabase/app/src/main/java/com/daviancorp/android/ui/detail/ComponentListFragment.java|class:com.daviancorp.android.ui.detail.ComponentListFragment
NoLowMemoryResolver;aDoctor;/Users/rar9993/repos/research/fdroid_apps/native_apps/MonsterHunter4UDatabase/NONE_TRANSFORMED_;/Users/rar9993/repos/research/fdroid_apps/native_apps/MonsterHunter4UDatabase/app/src/main/java/com/daviancorp/android/ui/detail/ComponentListFragment.java;file:/Users/rar9993/repos/research/fdroid_apps/native_apps/MonsterHunter4UDatabase/app/src/main/java/com/daviancorp/android/ui/detail/ComponentListFragment.java|class:com.daviancorp.android.ui.detail.ComponentListFragment
UnclosedCloseable;aDoctor;/Users/rar9993/repos/research/fdroid_apps/native_apps/MonsterHunter4UDatabase/NONE_TRANSFORMED_;/Users/rar9993/repos/research/fdroid_apps/native_apps/MonsterHunter4UDatabase/app/src/main/java/com/daviancorp/android/ui/detail/ComponentListFragment.java;file:/Users/rar9993/repos/research/fdroid_apps/native_apps/MonsterHunter4UDatabase/app/src/main/java/com/daviancorp/android/ui/detail/ComponentListFragment.java|class:com.daviancorp.android.ui.detail.ComponentListFragment
MemberIgnoringMethod;aDoctor;/Users/rar9993/repos/research/fdroid_apps/native_apps/MonsterHunter4UDatabase/NONE_TRANSFORMED_;/Users/rar9993/repos/research/fdroid_apps/native_apps/MonsterHunter4UDatabase/app/src/main/java/com/daviancorp/android/ui/detail/LocationHabitatFragment.java;file:/Users/rar9993/repos/research/fdroid_apps/native_apps/MonsterHunter4UDatabase/app/src/main/java/com/daviancorp/android/ui/detail/LocationHabitatFragment.java|class:com.daviancorp.android.ui.detail.LocationHabitatFragment
NoLowMemoryResolver;aDoctor;/Users/rar9993/repos/research/fdroid_apps/native_apps/MonsterHunter4UDatabase/NONE_TRANSFORMED_;/Users/rar9993/repos/research/fdroid_apps/native_apps/MonsterHunter4UDatabase/app/src/main/java/com/daviancorp/android/ui/detail/LocationHabitatFragment.java;file:/Users/rar9993/repos/research/fdroid_apps/native_apps/MonsterHunter4UDatabase/app/src/main/java/com/daviancorp/android/ui/detail/LocationHabitatFragment.java|class:com.daviancorp.android.ui.detail.LocationHabitatFragment
SlowForLoop;aDoctor;/Users/rar9993/repos/research/fdroid_apps/native_apps/MonsterHunter4UDatabase/NONE_TRANSFORMED_;/Users/rar9993/repos/research/fdroid_apps/native_apps/MonsterHunter4UDatabase/app/src/main/java/com/daviancorp/android/ui/detail/LocationHabitatFragment.java;file:/Users/rar9993/repos/research/fdroid_apps/native_apps/MonsterHunter4UDatabase/app/src/main/java/com/daviancorp/android/ui/detail/LocationHabitatFragment.java|class:com.daviancorp.android.ui.detail.LocationHabitatFragment
UnclosedCloseable;aDoctor;/Users/rar9993/repos/research/fdroid_apps/native_apps/MonsterHunter4UDatabase/NONE_TRANSFORMED_;/Users/rar9993/repos/research/fdroid_apps/native_apps/MonsterHunter4UDatabase/app/src/main/java/com/daviancorp/android/ui/detail/LocationHabitatFragment.java;file:/Users/rar9993/repos/research/fdroid_apps/native_apps/MonsterHunter4UDatabase/app/src/main/java/com/daviancorp/android/ui/detail/LocationHabitatFragment.java|class:com.daviancorp.android.ui.detail.LocationHabitatFragment
MemberIgnoringMethod;aDoctor;/Users/rar9993/repos/research/fdroid_apps/native_apps/MonsterHunter4UDatabase/NONE_TRANSFORMED_;/Users/rar9993/repos/research/fdroid_apps/native_apps/MonsterHunter4UDatabase/app/src/main/java/com/daviancorp/android/ui/detail/MonsterDetailActivity.java;file:/Users/rar9993/repos/research/fdroid_apps/native_apps/MonsterHunter4UDatabase/app/src/main/java/com/daviancorp/android/ui/detail/MonsterDetailActivity.java|class:com.daviancorp.android.ui.detail.MonsterDetailActivity
UnclosedCloseable;aDoctor;/Users/rar9993/repos/research/fdroid_apps/native_apps/MonsterHunter4UDatabase/NONE_TRANSFORMED_;/Users/rar9993/repos/research/fdroid_apps/native_apps/MonsterHunter4UDatabase/app/src/main/java/com/daviancorp/android/ui/detail/MonsterDetailActivity.java;file:/Users/rar9993/repos/research/fdroid_apps/native_apps/MonsterHunter4UDatabase/app/src/main/java/com/daviancorp/android/ui/detail/MonsterDetailActivity.java|class:com.daviancorp.android.ui.detail.MonsterDetailActivity
MemberIgnoringMethod;aDoctor;/Users/rar9993/repos/research/fdroid_apps/native_apps/MonsterHunter4UDatabase/NONE_TRANSFORMED_;/Users/rar9993/repos/research/fdroid_apps/native_apps/MonsterHunter4UDatabase/app/src/main/java/com/daviancorp/android/ui/detail/ItemDetailActivity.java;file:/Users/rar9993/repos/research/fdroid_apps/native_apps/MonsterHunter4UDatabase/app/src/main/java/com/daviancorp/android/ui/detail/ItemDetailActivity.java|class:com.daviancorp.android.ui.detail.ItemDetailActivity
UnclosedCloseable;aDoctor;/Users/rar9993/repos/research/fdroid_apps/native_apps/MonsterHunter4UDatabase/NONE_TRANSFORMED_;/Users/rar9993/repos/research/fdroid_apps/native_apps/MonsterHunter4UDatabase/app/src/main/java/com/daviancorp/android/ui/detail/ItemDetailActivity.java;file:/Users/rar9993/repos/research/fdroid_apps/native_apps/MonsterHunter4UDatabase/app/src/main/java/com/daviancorp/android/ui/detail/ItemDetailActivity.java|class:com.daviancorp.android.ui.detail.ItemDetailActivity
MemberIgnoringMethod;aDoctor;/Users/rar9993/repos/research/fdroid_apps/native_apps/MonsterHunter4UDatabase/NONE_TRANSFORMED_;/Users/rar9993/repos/research/fdroid_apps/native_apps/MonsterHunter4UDatabase/app/src/main/java/com/daviancorp/android/ui/detail/WishlistDetailActivity.java;file:/Users/rar9993/repos/research/fdroid_apps/native_apps/MonsterHunter4UDatabase/app/src/main/java/com/daviancorp/android/ui/detail/WishlistDetailActivity.java|class:com.daviancorp.android.ui.detail.WishlistDetailActivity
UnclosedCloseable;aDoctor;/Users/rar9993/repos/research/fdroid_apps/native_apps/MonsterHunter4UDatabase/NONE_TRANSFORMED_;/Users/rar9993/repos/research/fdroid_apps/native_apps/MonsterHunter4UDatabase/app/src/main/java/com/daviancorp/android/ui/detail/WishlistDetailActivity.java;file:/Users/rar9993/repos/research/fdroid_apps/native_apps/MonsterHunter4UDatabase/app/src/main/java/com/daviancorp/android/ui/detail/WishlistDetailActivity.java|class:com.daviancorp.android.ui.detail.WishlistDetailActivity
MemberIgnoringMethod;aDoctor;/Users/rar9993/repos/research/fdroid_apps/native_apps/MonsterHunter4UDatabase/NONE_TRANSFORMED_;/Users/rar9993/repos/research/fdroid_apps/native_apps/MonsterHunter4UDatabase/app/src/main/java/com/daviancorp/android/ui/detail/ASBFragment.java;file:/Users/rar9993/repos/research/fdroid_apps/native_apps/MonsterHunter4UDatabase/app/src/main/java/com/daviancorp/android/ui/detail/ASBFragment.java|class:com.daviancorp.android.ui.detail.ASBFragment
NoLowMemoryResolver;aDoctor;/Users/rar9993/repos/research/fdroid_apps/native_apps/MonsterHunter4UDatabase/NONE_TRANSFORMED_;/Users/rar9993/repos/research/fdroid_apps/native_apps/MonsterHunter4UDatabase/app/src/main/java/com/daviancorp/android/ui/detail/ASBFragment.java;file:/Users/rar9993/repos/research/fdroid_apps/native_apps/MonsterHunter4UDatabase/app/src/main/java/com/daviancorp/android/ui/detail/ASBFragment.java|class:com.daviancorp.android.ui.detail.ASBFragment
UnclosedCloseable;aDoctor;/Users/rar9993/repos/research/fdroid_apps/native_apps/MonsterHunter4UDatabase/NONE_TRANSFORMED_;/Users/rar9993/repos/research/fdroid_apps/native_apps/MonsterHunter4UDatabase/app/src/main/java/com/daviancorp/android/ui/detail/ASBFragment.java;file:/Users/rar9993/repos/research/fdroid_apps/native_apps/MonsterHunter4UDatabase/app/src/main/java/com/daviancorp/android/ui/detail/ASBFragment.java|class:com.daviancorp.android.ui.detail.ASBFragment
LeakingInnerClass;aDoctor;/Users/rar9993/repos/research/fdroid_apps/native_apps/MonsterHunter4UDatabase/NONE_TRANSFORMED_;/Users/rar9993/repos/research/fdroid_apps/native_apps/MonsterHunter4UDatabase/app/src/main/java/com/daviancorp/android/ui/detail/LocationDetailFragment.java;file:/Users/rar9993/repos/research/fdroid_apps/native_apps/MonsterHunter4UDatabase/app/src/main/java/com/daviancorp/android/ui/detail/LocationDetailFragment.java|class:com.daviancorp.android.ui.detail.LocationDetailFragment
NoLowMemoryResolver;aDoctor;/Users/rar9993/repos/research/fdroid_apps/native_apps/MonsterHunter4UDatabase/NONE_TRANSFORMED_;/Users/rar9993/repos/research/fdroid_apps/native_apps/MonsterHunter4UDatabase/app/src/main/java/com/daviancorp/android/ui/detail/LocationDetailFragment.java;file:/Users/rar9993/repos/research/fdroid_apps/native_apps/MonsterHunter4UDatabase/app/src/main/java/com/daviancorp/android/ui/detail/LocationDetailFragment.java|class:com.daviancorp.android.ui.detail.LocationDetailFragment
MemberIgnoringMethod;aDoctor;/Users/rar9993/repos/research/fdroid_apps/native_apps/MonsterHunter4UDatabase/NONE_TRANSFORMED_;/Users/rar9993/repos/research/fdroid_apps/native_apps/MonsterHunter4UDatabase/app/src/main/java/com/daviancorp/android/ui/detail/MonsterQuestFragment.java;file:/Users/rar9993/repos/research/fdroid_apps/native_apps/MonsterHunter4UDatabase/app/src/main/java/com/daviancorp/android/ui/detail/MonsterQuestFragment.java|class:com.daviancorp.android.ui.detail.MonsterQuestFragment
NoLowMemoryResolver;aDoctor;/Users/rar9993/repos/research/fdroid_apps/native_apps/MonsterHunter4UDatabase/NONE_TRANSFORMED_;/Users/rar9993/repos/research/fdroid_apps/native_apps/MonsterHunter4UDatabase/app/src/main/java/com/daviancorp/android/ui/detail/MonsterQuestFragment.java;file:/Users/rar9993/repos/research/fdroid_apps/native_apps/MonsterHunter4UDatabase/app/src/main/java/com/daviancorp/android/ui/detail/MonsterQuestFragment.java|class:com.daviancorp.android.ui.detail.MonsterQuestFragment
UnclosedCloseable;aDoctor;/Users/rar9993/repos/research/fdroid_apps/native_apps/MonsterHunter4UDatabase/NONE_TRANSFORMED_;/Users/rar9993/repos/research/fdroid_apps/native_apps/MonsterHunter4UDatabase/app/src/main/java/com/daviancorp/android/ui/detail/MonsterQuestFragment.java;file:/Users/rar9993/repos/research/fdroid_apps/native_apps/MonsterHunter4UDatabase/app/src/main/java/com/daviancorp/android/ui/detail/MonsterQuestFragment.java|class:com.daviancorp.android.ui.detail.MonsterQuestFragment
MemberIgnoringMethod;aDoctor;/Users/rar9993/repos/research/fdroid_apps/native_apps/MonsterHunter4UDatabase/NONE_TRANSFORMED_;/Users/rar9993/repos/research/fdroid_apps/native_apps/MonsterHunter4UDatabase/app/src/main/java/com/daviancorp/android/ui/detail/ArenaQuestMonsterFragment.java;file:/Users/rar9993/repos/research/fdroid_apps/native_apps/MonsterHunter4UDatabase/app/src/main/java/com/daviancorp/android/ui/detail/ArenaQuestMonsterFragment.java|class:com.daviancorp.android.ui.detail.ArenaQuestMonsterFragment
NoLowMemoryResolver;aDoctor;/Users/rar9993/repos/research/fdroid_apps/native_apps/MonsterHunter4UDatabase/NONE_TRANSFORMED_;/Users/rar9993/repos/research/fdroid_apps/native_apps/MonsterHunter4UDatabase/app/src/main/java/com/daviancorp/android/ui/detail/ArenaQuestMonsterFragment.java;file:/Users/rar9993/repos/research/fdroid_apps/native_apps/MonsterHunter4UDatabase/app/src/main/java/com/daviancorp/android/ui/detail/ArenaQuestMonsterFragment.java|class:com.daviancorp.android.ui.detail.ArenaQuestMonsterFragment
UnclosedCloseable;aDoctor;/Users/rar9993/repos/research/fdroid_apps/native_apps/MonsterHunter4UDatabase/NONE_TRANSFORMED_;/Users/rar9993/repos/research/fdroid_apps/native_apps/MonsterHunter4UDatabase/app/src/main/java/com/daviancorp/android/ui/detail/ArenaQuestMonsterFragment.java;file:/Users/rar9993/repos/research/fdroid_apps/native_apps/MonsterHunter4UDatabase/app/src/main/java/com/daviancorp/android/ui/detail/ArenaQuestMonsterFragment.java|class:com.daviancorp.android.ui.detail.ArenaQuestMonsterFragment
MemberIgnoringMethod;aDoctor;/Users/rar9993/repos/research/fdroid_apps/native_apps/MonsterHunter4UDatabase/NONE_TRANSFORMED_;/Users/rar9993/repos/research/fdroid_apps/native_apps/MonsterHunter4UDatabase/app/src/main/java/com/daviancorp/android/ui/detail/SkillTreeDetailActivity.java;file:/Users/rar9993/repos/research/fdroid_apps/native_apps/MonsterHunter4UDatabase/app/src/main/java/com/daviancorp/android/ui/detail/SkillTreeDetailActivity.java|class:com.daviancorp.android.ui.detail.SkillTreeDetailActivity
UnclosedCloseable;aDoctor;/Users/rar9993/repos/research/fdroid_apps/native_apps/MonsterHunter4UDatabase/NONE_TRANSFORMED_;/Users/rar9993/repos/research/fdroid_apps/native_apps/MonsterHunter4UDatabase/app/src/main/java/com/daviancorp/android/ui/detail/SkillTreeDetailActivity.java;file:/Users/rar9993/repos/research/fdroid_apps/native_apps/MonsterHunter4UDatabase/app/src/main/java/com/daviancorp/android/ui/detail/SkillTreeDetailActivity.java|class:com.daviancorp.android.ui.detail.SkillTreeDetailActivity
LeakingInnerClass;aDoctor;/Users/rar9993/repos/research/fdroid_apps/native_apps/MonsterHunter4UDatabase/NONE_TRANSFORMED_;/Users/rar9993/repos/research/fdroid_apps/native_apps/MonsterHunter4UDatabase/app/src/main/java/com/daviancorp/android/ui/detail/MonsterSummaryFragment.java;file:/Users/rar9993/repos/research/fdroid_apps/native_apps/MonsterHunter4UDatabase/app/src/main/java/com/daviancorp/android/ui/detail/MonsterSummaryFragment.java|class:com.daviancorp.android.ui.detail.MonsterSummaryFragment
MemberIgnoringMethod;aDoctor;/Users/rar9993/repos/research/fdroid_apps/native_apps/MonsterHunter4UDatabase/NONE_TRANSFORMED_;/Users/rar9993/repos/research/fdroid_apps/native_apps/MonsterHunter4UDatabase/app/src/main/java/com/daviancorp/android/ui/detail/MonsterSummaryFragment.java;file:/Users/rar9993/repos/research/fdroid_apps/native_apps/MonsterHunter4UDatabase/app/src/main/java/com/daviancorp/android/ui/detail/MonsterSummaryFragment.java|class:com.daviancorp.android.ui.detail.MonsterSummaryFragment
NoLowMemoryResolver;aDoctor;/Users/rar9993/repos/research/fdroid_apps/native_apps/MonsterHunter4UDatabase/NONE_TRANSFORMED_;/Users/rar9993/repos/research/fdroid_apps/native_apps/MonsterHunter4UDatabase/app/src/main/java/com/daviancorp/android/ui/detail/MonsterSummaryFragment.java;file:/Users/rar9993/repos/research/fdroid_apps/native_apps/MonsterHunter4UDatabase/app/src/main/java/com/daviancorp/android/ui/detail/MonsterSummaryFragment.java|class:com.daviancorp.android.ui.detail.MonsterSummaryFragment
SlowForLoop;aDoctor;/Users/rar9993/repos/research/fdroid_apps/native_apps/MonsterHunter4UDatabase/NONE_TRANSFORMED_;/Users/rar9993/repos/research/fdroid_apps/native_apps/MonsterHunter4UDatabase/app/src/main/java/com/daviancorp/android/ui/detail/MonsterSummaryFragment.java;file:/Users/rar9993/repos/research/fdroid_apps/native_apps/MonsterHunter4UDatabase/app/src/main/java/com/daviancorp/android/ui/detail/MonsterSummaryFragment.java|class:com.daviancorp.android.ui.detail.MonsterSummaryFragment
UnclosedCloseable;aDoctor;/Users/rar9993/repos/research/fdroid_apps/native_apps/MonsterHunter4UDatabase/NONE_TRANSFORMED_;/Users/rar9993/repos/research/fdroid_apps/native_apps/MonsterHunter4UDatabase/app/src/main/java/com/daviancorp/android/ui/detail/MonsterSummaryFragment.java;file:/Users/rar9993/repos/research/fdroid_apps/native_apps/MonsterHunter4UDatabase/app/src/main/java/com/daviancorp/android/ui/detail/MonsterSummaryFragment.java|class:com.daviancorp.android.ui.detail.MonsterSummaryFragment
MemberIgnoringMethod;aDoctor;/Users/rar9993/repos/research/fdroid_apps/native_apps/MonsterHunter4UDatabase/NONE_TRANSFORMED_;/Users/rar9993/repos/research/fdroid_apps/native_apps/MonsterHunter4UDatabase/app/src/main/java/com/daviancorp/android/ui/detail/QuestMonsterFragment.java;file:/Users/rar9993/repos/research/fdroid_apps/native_apps/MonsterHunter4UDatabase/app/src/main/java/com/daviancorp/android/ui/detail/QuestMonsterFragment.java|class:com.daviancorp.android.ui.detail.QuestMonsterFragment
NoLowMemoryResolver;aDoctor;/Users/rar9993/repos/research/fdroid_apps/native_apps/MonsterHunter4UDatabase/NONE_TRANSFORMED_;/Users/rar9993/repos/research/fdroid_apps/native_apps/MonsterHunter4UDatabase/app/src/main/java/com/daviancorp/android/ui/detail/QuestMonsterFragment.java;file:/Users/rar9993/repos/research/fdroid_apps/native_apps/MonsterHunter4UDatabase/app/src/main/java/com/daviancorp/android/ui/detail/QuestMonsterFragment.java|class:com.daviancorp.android.ui.detail.QuestMonsterFragment
UnclosedCloseable;aDoctor;/Users/rar9993/repos/research/fdroid_apps/native_apps/MonsterHunter4UDatabase/NONE_TRANSFORMED_;/Users/rar9993/repos/research/fdroid_apps/native_apps/MonsterHunter4UDatabase/app/src/main/java/com/daviancorp/android/ui/detail/QuestMonsterFragment.java;file:/Users/rar9993/repos/research/fdroid_apps/native_apps/MonsterHunter4UDatabase/app/src/main/java/com/daviancorp/android/ui/detail/QuestMonsterFragment.java|class:com.daviancorp.android.ui.detail.QuestMonsterFragment
LeakingInnerClass;aDoctor;/Users/rar9993/repos/research/fdroid_apps/native_apps/MonsterHunter4UDatabase/NONE_TRANSFORMED_;/Users/rar9993/repos/research/fdroid_apps/native_apps/MonsterHunter4UDatabase/app/src/main/java/com/daviancorp/android/ui/detail/WishlistDataComponentFragment.java;file:/Users/rar9993/repos/research/fdroid_apps/native_apps/MonsterHunter4UDatabase/app/src/main/java/com/daviancorp/android/ui/detail/WishlistDataComponentFragment.java|class:com.daviancorp.android.ui.detail.WishlistDataComponentFragment
MemberIgnoringMethod;aDoctor;/Users/rar9993/repos/research/fdroid_apps/native_apps/MonsterHunter4UDatabase/NONE_TRANSFORMED_;/Users/rar9993/repos/research/fdroid_apps/native_apps/MonsterHunter4UDatabase/app/src/main/java/com/daviancorp/android/ui/detail/WishlistDataComponentFragment.java;file:/Users/rar9993/repos/research/fdroid_apps/native_apps/MonsterHunter4UDatabase/app/src/main/java/com/daviancorp/android/ui/detail/WishlistDataComponentFragment.java|class:com.daviancorp.android.ui.detail.WishlistDataComponentFragment
NoLowMemoryResolver;aDoctor;/Users/rar9993/repos/research/fdroid_apps/native_apps/MonsterHunter4UDatabase/NONE_TRANSFORMED_;/Users/rar9993/repos/research/fdroid_apps/native_apps/MonsterHunter4UDatabase/app/src/main/java/com/daviancorp/android/ui/detail/WishlistDataComponentFragment.java;file:/Users/rar9993/repos/research/fdroid_apps/native_apps/MonsterHunter4UDatabase/app/src/main/java/com/daviancorp/android/ui/detail/WishlistDataComponentFragment.java|class:com.daviancorp.android.ui.detail.WishlistDataComponentFragment
SlowForLoop;aDoctor;/Users/rar9993/repos/research/fdroid_apps/native_apps/MonsterHunter4UDatabase/NONE_TRANSFORMED_;/Users/rar9993/repos/research/fdroid_apps/native_apps/MonsterHunter4UDatabase/app/src/main/java/com/daviancorp/android/ui/detail/WishlistDataComponentFragment.java;file:/Users/rar9993/repos/research/fdroid_apps/native_apps/MonsterHunter4UDatabase/app/src/main/java/com/daviancorp/android/ui/detail/WishlistDataComponentFragment.java|class:com.daviancorp.android.ui.detail.WishlistDataComponentFragment
UnclosedCloseable;aDoctor;/Users/rar9993/repos/research/fdroid_apps/native_apps/MonsterHunter4UDatabase/NONE_TRANSFORMED_;/Users/rar9993/repos/research/fdroid_apps/native_apps/MonsterHunter4UDatabase/app/src/main/java/com/daviancorp/android/ui/detail/WishlistDataComponentFragment.java;file:/Users/rar9993/repos/research/fdroid_apps/native_apps/MonsterHunter4UDatabase/app/src/main/java/com/daviancorp/android/ui/detail/WishlistDataComponentFragment.java|class:com.daviancorp.android.ui.detail.WishlistDataComponentFragment
LeakingInnerClass;aDoctor;/Users/rar9993/repos/research/fdroid_apps/native_apps/MonsterHunter4UDatabase/NONE_TRANSFORMED_;/Users/rar9993/repos/research/fdroid_apps/native_apps/MonsterHunter4UDatabase/app/src/main/java/com/daviancorp/android/ui/detail/WeaponBladeDetailFragment.java;file:/Users/rar9993/repos/research/fdroid_apps/native_apps/MonsterHunter4UDatabase/app/src/main/java/com/daviancorp/android/ui/detail/WeaponBladeDetailFragment.java|class:com.daviancorp.android.ui.detail.WeaponBladeDetailFragment
MemberIgnoringMethod;aDoctor;/Users/rar9993/repos/research/fdroid_apps/native_apps/MonsterHunter4UDatabase/NONE_TRANSFORMED_;/Users/rar9993/repos/research/fdroid_apps/native_apps/MonsterHunter4UDatabase/app/src/main/java/com/daviancorp/android/ui/detail/WeaponBladeDetailFragment.java;file:/Users/rar9993/repos/research/fdroid_apps/native_apps/MonsterHunter4UDatabase/app/src/main/java/com/daviancorp/android/ui/detail/WeaponBladeDetailFragment.java|class:com.daviancorp.android.ui.detail.WeaponBladeDetailFragment
LeakingInnerClass;aDoctor;/Users/rar9993/repos/research/fdroid_apps/native_apps/MonsterHunter4UDatabase/NONE_TRANSFORMED_;/Users/rar9993/repos/research/fdroid_apps/native_apps/MonsterHunter4UDatabase/app/src/main/java/com/daviancorp/android/ui/detail/WishlistDataDetailFragment.java;file:/Users/rar9993/repos/research/fdroid_apps/native_apps/MonsterHunter4UDatabase/app/src/main/java/com/daviancorp/android/ui/detail/WishlistDataDetailFragment.java|class:com.daviancorp.android.ui.detail.WishlistDataDetailFragment
MemberIgnoringMethod;aDoctor;/Users/rar9993/repos/research/fdroid_apps/native_apps/MonsterHunter4UDatabase/NONE_TRANSFORMED_;/Users/rar9993/repos/research/fdroid_apps/native_apps/MonsterHunter4UDatabase/app/src/main/java/com/daviancorp/android/ui/detail/WishlistDataDetailFragment.java;file:/Users/rar9993/repos/research/fdroid_apps/native_apps/MonsterHunter4UDatabase/app/src/main/java/com/daviancorp/android/ui/detail/WishlistDataDetailFragment.java|class:com.daviancorp.android.ui.detail.WishlistDataDetailFragment
NoLowMemoryResolver;aDoctor;/Users/rar9993/repos/research/fdroid_apps/native_apps/MonsterHunter4UDatabase/NONE_TRANSFORMED_;/Users/rar9993/repos/research/fdroid_apps/native_apps/MonsterHunter4UDatabase/app/src/main/java/com/daviancorp/android/ui/detail/WishlistDataDetailFragment.java;file:/Users/rar9993/repos/research/fdroid_apps/native_apps/MonsterHunter4UDatabase/app/src/main/java/com/daviancorp/android/ui/detail/WishlistDataDetailFragment.java|class:com.daviancorp.android.ui.detail.WishlistDataDetailFragment
SlowForLoop;aDoctor;/Users/rar9993/repos/research/fdroid_apps/native_apps/MonsterHunter4UDatabase/NONE_TRANSFORMED_;/Users/rar9993/repos/research/fdroid_apps/native_apps/MonsterHunter4UDatabase/app/src/main/java/com/daviancorp/android/ui/detail/WishlistDataDetailFragment.java;file:/Users/rar9993/repos/research/fdroid_apps/native_apps/MonsterHunter4UDatabase/app/src/main/java/com/daviancorp/android/ui/detail/WishlistDataDetailFragment.java|class:com.daviancorp.android.ui.detail.WishlistDataDetailFragment
UnclosedCloseable;aDoctor;/Users/rar9993/repos/research/fdroid_apps/native_apps/MonsterHunter4UDatabase/NONE_TRANSFORMED_;/Users/rar9993/repos/research/fdroid_apps/native_apps/MonsterHunter4UDatabase/app/src/main/java/com/daviancorp/android/ui/detail/WishlistDataDetailFragment.java;file:/Users/rar9993/repos/research/fdroid_apps/native_apps/MonsterHunter4UDatabase/app/src/main/java/com/daviancorp/android/ui/detail/WishlistDataDetailFragment.java|class:com.daviancorp.android.ui.detail.WishlistDataDetailFragment
LeakingInnerClass;aDoctor;/Users/rar9993/repos/research/fdroid_apps/native_apps/MonsterHunter4UDatabase/NONE_TRANSFORMED_;/Users/rar9993/repos/research/fdroid_apps/native_apps/MonsterHunter4UDatabase/app/src/main/java/com/daviancorp/android/ui/detail/WeaponDetailFragment.java;file:/Users/rar9993/repos/research/fdroid_apps/native_apps/MonsterHunter4UDatabase/app/src/main/java/com/daviancorp/android/ui/detail/WeaponDetailFragment.java|class:com.daviancorp.android.ui.detail.WeaponDetailFragment
MemberIgnoringMethod;aDoctor;/Users/rar9993/repos/research/fdroid_apps/native_apps/MonsterHunter4UDatabase/NONE_TRANSFORMED_;/Users/rar9993/repos/research/fdroid_apps/native_apps/MonsterHunter4UDatabase/app/src/main/java/com/daviancorp/android/ui/detail/WeaponDetailFragment.java;file:/Users/rar9993/repos/research/fdroid_apps/native_apps/MonsterHunter4UDatabase/app/src/main/java/com/daviancorp/android/ui/detail/WeaponDetailFragment.java|class:com.daviancorp.android.ui.detail.WeaponDetailFragment
NoLowMemoryResolver;aDoctor;/Users/rar9993/repos/research/fdroid_apps/native_apps/MonsterHunter4UDatabase/NONE_TRANSFORMED_;/Users/rar9993/repos/research/fdroid_apps/native_apps/MonsterHunter4UDatabase/app/src/main/java/com/daviancorp/android/ui/detail/WeaponDetailFragment.java;file:/Users/rar9993/repos/research/fdroid_apps/native_apps/MonsterHunter4UDatabase/app/src/main/java/com/daviancorp/android/ui/detail/WeaponDetailFragment.java|class:com.daviancorp.android.ui.detail.WeaponDetailFragment
MemberIgnoringMethod;aDoctor;/Users/rar9993/repos/research/fdroid_apps/native_apps/MonsterHunter4UDatabase/NONE_TRANSFORMED_;/Users/rar9993/repos/research/fdroid_apps/native_apps/MonsterHunter4UDatabase/app/src/main/java/com/daviancorp/android/ui/detail/ItemArenaFragment.java;file:/Users/rar9993/repos/research/fdroid_apps/native_apps/MonsterHunter4UDatabase/app/src/main/java/com/daviancorp/android/ui/detail/ItemArenaFragment.java|class:com.daviancorp.android.ui.detail.ItemArenaFragment
NoLowMemoryResolver;aDoctor;/Users/rar9993/repos/research/fdroid_apps/native_apps/MonsterHunter4UDatabase/NONE_TRANSFORMED_;/Users/rar9993/repos/research/fdroid_apps/native_apps/MonsterHunter4UDatabase/app/src/main/java/com/daviancorp/android/ui/detail/ItemArenaFragment.java;file:/Users/rar9993/repos/research/fdroid_apps/native_apps/MonsterHunter4UDatabase/app/src/main/java/com/daviancorp/android/ui/detail/ItemArenaFragment.java|class:com.daviancorp.android.ui.detail.ItemArenaFragment
UnclosedCloseable;aDoctor;/Users/rar9993/repos/research/fdroid_apps/native_apps/MonsterHunter4UDatabase/NONE_TRANSFORMED_;/Users/rar9993/repos/research/fdroid_apps/native_apps/MonsterHunter4UDatabase/app/src/main/java/com/daviancorp/android/ui/detail/ItemArenaFragment.java;file:/Users/rar9993/repos/research/fdroid_apps/native_apps/MonsterHunter4UDatabase/app/src/main/java/com/daviancorp/android/ui/detail/ItemArenaFragment.java|class:com.daviancorp.android.ui.detail.ItemArenaFragment
MemberIgnoringMethod;aDoctor;/Users/rar9993/repos/research/fdroid_apps/native_apps/MonsterHunter4UDatabase/NONE_TRANSFORMED_;/Users/rar9993/repos/research/fdroid_apps/native_apps/MonsterHunter4UDatabase/app/src/main/java/com/daviancorp/android/ui/detail/ArmorDetailActivity.java;file:/Users/rar9993/repos/research/fdroid_apps/native_apps/MonsterHunter4UDatabase/app/src/main/java/com/daviancorp/android/ui/detail/ArmorDetailActivity.java|class:com.daviancorp.android.ui.detail.ArmorDetailActivity
UnclosedCloseable;aDoctor;/Users/rar9993/repos/research/fdroid_apps/native_apps/MonsterHunter4UDatabase/NONE_TRANSFORMED_;/Users/rar9993/repos/research/fdroid_apps/native_apps/MonsterHunter4UDatabase/app/src/main/java/com/daviancorp/android/ui/detail/ArmorDetailActivity.java;file:/Users/rar9993/repos/research/fdroid_apps/native_apps/MonsterHunter4UDatabase/app/src/main/java/com/daviancorp/android/ui/detail/ArmorDetailActivity.java|class:com.daviancorp.android.ui.detail.ArmorDetailActivity
MemberIgnoringMethod;aDoctor;/Users/rar9993/repos/research/fdroid_apps/native_apps/MonsterHunter4UDatabase/NONE_TRANSFORMED_;/Users/rar9993/repos/research/fdroid_apps/native_apps/MonsterHunter4UDatabase/app/src/main/java/com/daviancorp/android/ui/detail/DecorationDetailActivity.java;file:/Users/rar9993/repos/research/fdroid_apps/native_apps/MonsterHunter4UDatabase/app/src/main/java/com/daviancorp/android/ui/detail/DecorationDetailActivity.java|class:com.daviancorp.android.ui.detail.DecorationDetailActivity
UnclosedCloseable;aDoctor;/Users/rar9993/repos/research/fdroid_apps/native_apps/MonsterHunter4UDatabase/NONE_TRANSFORMED_;/Users/rar9993/repos/research/fdroid_apps/native_apps/MonsterHunter4UDatabase/app/src/main/java/com/daviancorp/android/ui/detail/DecorationDetailActivity.java;file:/Users/rar9993/repos/research/fdroid_apps/native_apps/MonsterHunter4UDatabase/app/src/main/java/com/daviancorp/android/ui/detail/DecorationDetailActivity.java|class:com.daviancorp.android.ui.detail.DecorationDetailActivity
LeakingInnerClass;aDoctor;/Users/rar9993/repos/research/fdroid_apps/native_apps/MonsterHunter4UDatabase/NONE_TRANSFORMED_;/Users/rar9993/repos/research/fdroid_apps/native_apps/MonsterHunter4UDatabase/app/src/main/java/com/daviancorp/android/ui/list/UniversalSearchFragment.java;file:/Users/rar9993/repos/research/fdroid_apps/native_apps/MonsterHunter4UDatabase/app/src/main/java/com/daviancorp/android/ui/list/UniversalSearchFragment.java|class:com.daviancorp.android.ui.list.UniversalSearchFragment
MemberIgnoringMethod;aDoctor;/Users/rar9993/repos/research/fdroid_apps/native_apps/MonsterHunter4UDatabase/NONE_TRANSFORMED_;/Users/rar9993/repos/research/fdroid_apps/native_apps/MonsterHunter4UDatabase/app/src/main/java/com/daviancorp/android/ui/list/UniversalSearchFragment.java;file:/Users/rar9993/repos/research/fdroid_apps/native_apps/MonsterHunter4UDatabase/app/src/main/java/com/daviancorp/android/ui/list/UniversalSearchFragment.java|class:com.daviancorp.android.ui.list.UniversalSearchFragment
NoLowMemoryResolver;aDoctor;/Users/rar9993/repos/research/fdroid_apps/native_apps/MonsterHunter4UDatabase/NONE_TRANSFORMED_;/Users/rar9993/repos/research/fdroid_apps/native_apps/MonsterHunter4UDatabase/app/src/main/java/com/daviancorp/android/ui/list/UniversalSearchFragment.java;file:/Users/rar9993/repos/research/fdroid_apps/native_apps/MonsterHunter4UDatabase/app/src/main/java/com/daviancorp/android/ui/list/UniversalSearchFragment.java|class:com.daviancorp.android.ui.list.UniversalSearchFragment
UnclosedCloseable;aDoctor;/Users/rar9993/repos/research/fdroid_apps/native_apps/MonsterHunter4UDatabase/NONE_TRANSFORMED_;/Users/rar9993/repos/research/fdroid_apps/native_apps/MonsterHunter4UDatabase/app/src/main/java/com/daviancorp/android/ui/list/UniversalSearchFragment.java;file:/Users/rar9993/repos/research/fdroid_apps/native_apps/MonsterHunter4UDatabase/app/src/main/java/com/daviancorp/android/ui/list/UniversalSearchFragment.java|class:com.daviancorp.android.ui.list.UniversalSearchFragment
LeakingInnerClass;aDoctor;/Users/rar9993/repos/research/fdroid_apps/native_apps/MonsterHunter4UDatabase/NONE_TRANSFORMED_;/Users/rar9993/repos/research/fdroid_apps/native_apps/MonsterHunter4UDatabase/app/src/main/java/com/daviancorp/android/ui/list/SkillTreeListFragment.java;file:/Users/rar9993/repos/research/fdroid_apps/native_apps/MonsterHunter4UDatabase/app/src/main/java/com/daviancorp/android/ui/list/SkillTreeListFragment.java|class:com.daviancorp.android.ui.list.SkillTreeListFragment
NoLowMemoryResolver;aDoctor;/Users/rar9993/repos/research/fdroid_apps/native_apps/MonsterHunter4UDatabase/NONE_TRANSFORMED_;/Users/rar9993/repos/research/fdroid_apps/native_apps/MonsterHunter4UDatabase/app/src/main/java/com/daviancorp/android/ui/list/SkillTreeListFragment.java;file:/Users/rar9993/repos/research/fdroid_apps/native_apps/MonsterHunter4UDatabase/app/src/main/java/com/daviancorp/android/ui/list/SkillTreeListFragment.java|class:com.daviancorp.android.ui.list.SkillTreeListFragment
UnclosedCloseable;aDoctor;/Users/rar9993/repos/research/fdroid_apps/native_apps/MonsterHunter4UDatabase/NONE_TRANSFORMED_;/Users/rar9993/repos/research/fdroid_apps/native_apps/MonsterHunter4UDatabase/app/src/main/java/com/daviancorp/android/ui/list/SkillTreeListFragment.java;file:/Users/rar9993/repos/research/fdroid_apps/native_apps/MonsterHunter4UDatabase/app/src/main/java/com/daviancorp/android/ui/list/SkillTreeListFragment.java|class:com.daviancorp.android.ui.list.SkillTreeListFragment
MemberIgnoringMethod;aDoctor;/Users/rar9993/repos/research/fdroid_apps/native_apps/MonsterHunter4UDatabase/NONE_TRANSFORMED_;/Users/rar9993/repos/research/fdroid_apps/native_apps/MonsterHunter4UDatabase/app/src/main/java/com/daviancorp/android/ui/list/WeaponListActivity.java;file:/Users/rar9993/repos/research/fdroid_apps/native_apps/MonsterHunter4UDatabase/app/src/main/java/com/daviancorp/android/ui/list/WeaponListActivity.java|class:com.daviancorp.android.ui.list.WeaponListActivity
MemberIgnoringMethod;aDoctor;/Users/rar9993/repos/research/fdroid_apps/native_apps/MonsterHunter4UDatabase/NONE_TRANSFORMED_;/Users/rar9993/repos/research/fdroid_apps/native_apps/MonsterHunter4UDatabase/app/src/main/java/com/daviancorp/android/ui/list/ASBSkillsListFragment.java;file:/Users/rar9993/repos/research/fdroid_apps/native_apps/MonsterHunter4UDatabase/app/src/main/java/com/daviancorp/android/ui/list/ASBSkillsListFragment.java|class:com.daviancorp.android.ui.list.ASBSkillsListFragment
NoLowMemoryResolver;aDoctor;/Users/rar9993/repos/research/fdroid_apps/native_apps/MonsterHunter4UDatabase/NONE_TRANSFORMED_;/Users/rar9993/repos/research/fdroid_apps/native_apps/MonsterHunter4UDatabase/app/src/main/java/com/daviancorp/android/ui/list/ASBSkillsListFragment.java;file:/Users/rar9993/repos/research/fdroid_apps/native_apps/MonsterHunter4UDatabase/app/src/main/java/com/daviancorp/android/ui/list/ASBSkillsListFragment.java|class:com.daviancorp.android.ui.list.ASBSkillsListFragment
MemberIgnoringMethod;aDoctor;/Users/rar9993/repos/research/fdroid_apps/native_apps/MonsterHunter4UDatabase/NONE_TRANSFORMED_;/Users/rar9993/repos/research/fdroid_apps/native_apps/MonsterHunter4UDatabase/app/src/main/java/com/daviancorp/android/ui/list/ArmorListActivity.java;file:/Users/rar9993/repos/research/fdroid_apps/native_apps/MonsterHunter4UDatabase/app/src/main/java/com/daviancorp/android/ui/list/ArmorListActivity.java|class:com.daviancorp.android.ui.list.ArmorListActivity
UnclosedCloseable;aDoctor;/Users/rar9993/repos/research/fdroid_apps/native_apps/MonsterHunter4UDatabase/NONE_TRANSFORMED_;/Users/rar9993/repos/research/fdroid_apps/native_apps/MonsterHunter4UDatabase/app/src/main/java/com/daviancorp/android/ui/list/WeaponSelectionListActivity.java;file:/Users/rar9993/repos/research/fdroid_apps/native_apps/MonsterHunter4UDatabase/app/src/main/java/com/daviancorp/android/ui/list/WeaponSelectionListActivity.java|class:com.daviancorp.android.ui.list.WeaponSelectionListActivity
LeakingInnerClass;aDoctor;/Users/rar9993/repos/research/fdroid_apps/native_apps/MonsterHunter4UDatabase/NONE_TRANSFORMED_;/Users/rar9993/repos/research/fdroid_apps/native_apps/MonsterHunter4UDatabase/app/src/main/java/com/daviancorp/android/ui/list/QuestExpandableListFragment.java;file:/Users/rar9993/repos/research/fdroid_apps/native_apps/MonsterHunter4UDatabase/app/src/main/java/com/daviancorp/android/ui/list/QuestExpandableListFragment.java|class:com.daviancorp.android.ui.list.QuestExpandableListFragment
NoLowMemoryResolver;aDoctor;/Users/rar9993/repos/research/fdroid_apps/native_apps/MonsterHunter4UDatabase/NONE_TRANSFORMED_;/Users/rar9993/repos/research/fdroid_apps/native_apps/MonsterHunter4UDatabase/app/src/main/java/com/daviancorp/android/ui/list/QuestExpandableListFragment.java;file:/Users/rar9993/repos/research/fdroid_apps/native_apps/MonsterHunter4UDatabase/app/src/main/java/com/daviancorp/android/ui/list/QuestExpandableListFragment.java|class:com.daviancorp.android.ui.list.QuestExpandableListFragment
SlowForLoop;aDoctor;/Users/rar9993/repos/research/fdroid_apps/native_apps/MonsterHunter4UDatabase/NONE_TRANSFORMED_;/Users/rar9993/repos/research/fdroid_apps/native_apps/MonsterHunter4UDatabase/app/src/main/java/com/daviancorp/android/ui/list/QuestExpandableListFragment.java;file:/Users/rar9993/repos/research/fdroid_apps/native_apps/MonsterHunter4UDatabase/app/src/main/java/com/daviancorp/android/ui/list/QuestExpandableListFragment.java|class:com.daviancorp.android.ui.list.QuestExpandableListFragment
MemberIgnoringMethod;aDoctor;/Users/rar9993/repos/research/fdroid_apps/native_apps/MonsterHunter4UDatabase/NONE_TRANSFORMED_;/Users/rar9993/repos/research/fdroid_apps/native_apps/MonsterHunter4UDatabase/app/src/main/java/com/daviancorp/android/ui/list/MonsterListFragment.java;file:/Users/rar9993/repos/research/fdroid_apps/native_apps/MonsterHunter4UDatabase/app/src/main/java/com/daviancorp/android/ui/list/MonsterListFragment.java|class:com.daviancorp.android.ui.list.MonsterListFragment
NoLowMemoryResolver;aDoctor;/Users/rar9993/repos/research/fdroid_apps/native_apps/MonsterHunter4UDatabase/NONE_TRANSFORMED_;/Users/rar9993/repos/research/fdroid_apps/native_apps/MonsterHunter4UDatabase/app/src/main/java/com/daviancorp/android/ui/list/MonsterListFragment.java;file:/Users/rar9993/repos/research/fdroid_apps/native_apps/MonsterHunter4UDatabase/app/src/main/java/com/daviancorp/android/ui/list/MonsterListFragment.java|class:com.daviancorp.android.ui.list.MonsterListFragment
UnclosedCloseable;aDoctor;/Users/rar9993/repos/research/fdroid_apps/native_apps/MonsterHunter4UDatabase/NONE_TRANSFORMED_;/Users/rar9993/repos/research/fdroid_apps/native_apps/MonsterHunter4UDatabase/app/src/main/java/com/daviancorp/android/ui/list/MonsterListFragment.java;file:/Users/rar9993/repos/research/fdroid_apps/native_apps/MonsterHunter4UDatabase/app/src/main/java/com/daviancorp/android/ui/list/MonsterListFragment.java|class:com.daviancorp.android.ui.list.MonsterListFragment
LeakingInnerClass;aDoctor;/Users/rar9993/repos/research/fdroid_apps/native_apps/MonsterHunter4UDatabase/NONE_TRANSFORMED_;/Users/rar9993/repos/research/fdroid_apps/native_apps/MonsterHunter4UDatabase/app/src/main/java/com/daviancorp/android/ui/list/ASBSetListFragment.java;file:/Users/rar9993/repos/research/fdroid_apps/native_apps/MonsterHunter4UDatabase/app/src/main/java/com/daviancorp/android/ui/list/ASBSetListFragment.java|class:com.daviancorp.android.ui.list.ASBSetListFragment
MemberIgnoringMethod;aDoctor;/Users/rar9993/repos/research/fdroid_apps/native_apps/MonsterHunter4UDatabase/NONE_TRANSFORMED_;/Users/rar9993/repos/research/fdroid_apps/native_apps/MonsterHunter4UDatabase/app/src/main/java/com/daviancorp/android/ui/list/ASBSetListFragment.java;file:/Users/rar9993/repos/research/fdroid_apps/native_apps/MonsterHunter4UDatabase/app/src/main/java/com/daviancorp/android/ui/list/ASBSetListFragment.java|class:com.daviancorp.android.ui.list.ASBSetListFragment
NoLowMemoryResolver;aDoctor;/Users/rar9993/repos/research/fdroid_apps/native_apps/MonsterHunter4UDatabase/NONE_TRANSFORMED_;/Users/rar9993/repos/research/fdroid_apps/native_apps/MonsterHunter4UDatabase/app/src/main/java/com/daviancorp/android/ui/list/ASBSetListFragment.java;file:/Users/rar9993/repos/research/fdroid_apps/native_apps/MonsterHunter4UDatabase/app/src/main/java/com/daviancorp/android/ui/list/ASBSetListFragment.java|class:com.daviancorp.android.ui.list.ASBSetListFragment
UnclosedCloseable;aDoctor;/Users/rar9993/repos/research/fdroid_apps/native_apps/MonsterHunter4UDatabase/NONE_TRANSFORMED_;/Users/rar9993/repos/research/fdroid_apps/native_apps/MonsterHunter4UDatabase/app/src/main/java/com/daviancorp/android/ui/list/ASBSetListFragment.java;file:/Users/rar9993/repos/research/fdroid_apps/native_apps/MonsterHunter4UDatabase/app/src/main/java/com/daviancorp/android/ui/list/ASBSetListFragment.java|class:com.daviancorp.android.ui.list.ASBSetListFragment
LeakingInnerClass;aDoctor;/Users/rar9993/repos/research/fdroid_apps/native_apps/MonsterHunter4UDatabase/NONE_TRANSFORMED_;/Users/rar9993/repos/research/fdroid_apps/native_apps/MonsterHunter4UDatabase/app/src/main/java/com/daviancorp/android/ui/list/ArmorExpandableListFragment.java;file:/Users/rar9993/repos/research/fdroid_apps/native_apps/MonsterHunter4UDatabase/app/src/main/java/com/daviancorp/android/ui/list/ArmorExpandableListFragment.java|class:com.daviancorp.android.ui.list.ArmorExpandableListFragment
MemberIgnoringMethod;aDoctor;/Users/rar9993/repos/research/fdroid_apps/native_apps/MonsterHunter4UDatabase/NONE_TRANSFORMED_;/Users/rar9993/repos/research/fdroid_apps/native_apps/MonsterHunter4UDatabase/app/src/main/java/com/daviancorp/android/ui/list/ArmorExpandableListFragment.java;file:/Users/rar9993/repos/research/fdroid_apps/native_apps/MonsterHunter4UDatabase/app/src/main/java/com/daviancorp/android/ui/list/ArmorExpandableListFragment.java|class:com.daviancorp.android.ui.list.ArmorExpandableListFragment
NoLowMemoryResolver;aDoctor;/Users/rar9993/repos/research/fdroid_apps/native_apps/MonsterHunter4UDatabase/NONE_TRANSFORMED_;/Users/rar9993/repos/research/fdroid_apps/native_apps/MonsterHunter4UDatabase/app/src/main/java/com/daviancorp/android/ui/list/ArmorExpandableListFragment.java;file:/Users/rar9993/repos/research/fdroid_apps/native_apps/MonsterHunter4UDatabase/app/src/main/java/com/daviancorp/android/ui/list/ArmorExpandableListFragment.java|class:com.daviancorp.android.ui.list.ArmorExpandableListFragment
SlowForLoop;aDoctor;/Users/rar9993/repos/research/fdroid_apps/native_apps/MonsterHunter4UDatabase/NONE_TRANSFORMED_;/Users/rar9993/repos/research/fdroid_apps/native_apps/MonsterHunter4UDatabase/app/src/main/java/com/daviancorp/android/ui/list/ArmorExpandableListFragment.java;file:/Users/rar9993/repos/research/fdroid_apps/native_apps/MonsterHunter4UDatabase/app/src/main/java/com/daviancorp/android/ui/list/ArmorExpandableListFragment.java|class:com.daviancorp.android.ui.list.ArmorExpandableListFragment
UnclosedCloseable;aDoctor;/Users/rar9993/repos/research/fdroid_apps/native_apps/MonsterHunter4UDatabase/NONE_TRANSFORMED_;/Users/rar9993/repos/research/fdroid_apps/native_apps/MonsterHunter4UDatabase/app/src/main/java/com/daviancorp/android/ui/list/ArmorExpandableListFragment.java;file:/Users/rar9993/repos/research/fdroid_apps/native_apps/MonsterHunter4UDatabase/app/src/main/java/com/daviancorp/android/ui/list/ArmorExpandableListFragment.java|class:com.daviancorp.android.ui.list.ArmorExpandableListFragment
NoLowMemoryResolver;aDoctor;/Users/rar9993/repos/research/fdroid_apps/native_apps/MonsterHunter4UDatabase/NONE_TRANSFORMED_;/Users/rar9993/repos/research/fdroid_apps/native_apps/MonsterHunter4UDatabase/app/src/main/java/com/daviancorp/android/ui/list/ArenaQuestListFragment.java;file:/Users/rar9993/repos/research/fdroid_apps/native_apps/MonsterHunter4UDatabase/app/src/main/java/com/daviancorp/android/ui/list/ArenaQuestListFragment.java|class:com.daviancorp.android.ui.list.ArenaQuestListFragment
UnclosedCloseable;aDoctor;/Users/rar9993/repos/research/fdroid_apps/native_apps/MonsterHunter4UDatabase/NONE_TRANSFORMED_;/Users/rar9993/repos/research/fdroid_apps/native_apps/MonsterHunter4UDatabase/app/src/main/java/com/daviancorp/android/ui/list/ArenaQuestListFragment.java;file:/Users/rar9993/repos/research/fdroid_apps/native_apps/MonsterHunter4UDatabase/app/src/main/java/com/daviancorp/android/ui/list/ArenaQuestListFragment.java|class:com.daviancorp.android.ui.list.ArenaQuestListFragment
LeakingInnerClass;aDoctor;/Users/rar9993/repos/research/fdroid_apps/native_apps/MonsterHunter4UDatabase/NONE_TRANSFORMED_;/Users/rar9993/repos/research/fdroid_apps/native_apps/MonsterHunter4UDatabase/app/src/main/java/com/daviancorp/android/ui/list/LocationListFragment.java;file:/Users/rar9993/repos/research/fdroid_apps/native_apps/MonsterHunter4UDatabase/app/src/main/java/com/daviancorp/android/ui/list/LocationListFragment.java|class:com.daviancorp.android.ui.list.LocationListFragment
MemberIgnoringMethod;aDoctor;/Users/rar9993/repos/research/fdroid_apps/native_apps/MonsterHunter4UDatabase/NONE_TRANSFORMED_;/Users/rar9993/repos/research/fdroid_apps/native_apps/MonsterHunter4UDatabase/app/src/main/java/com/daviancorp/android/ui/list/LocationListFragment.java;file:/Users/rar9993/repos/research/fdroid_apps/native_apps/MonsterHunter4UDatabase/app/src/main/java/com/daviancorp/android/ui/list/LocationListFragment.java|class:com.daviancorp.android.ui.list.LocationListFragment
NoLowMemoryResolver;aDoctor;/Users/rar9993/repos/research/fdroid_apps/native_apps/MonsterHunter4UDatabase/NONE_TRANSFORMED_;/Users/rar9993/repos/research/fdroid_apps/native_apps/MonsterHunter4UDatabase/app/src/main/java/com/daviancorp/android/ui/list/LocationListFragment.java;file:/Users/rar9993/repos/research/fdroid_apps/native_apps/MonsterHunter4UDatabase/app/src/main/java/com/daviancorp/android/ui/list/LocationListFragment.java|class:com.daviancorp.android.ui.list.LocationListFragment
UnclosedCloseable;aDoctor;/Users/rar9993/repos/research/fdroid_apps/native_apps/MonsterHunter4UDatabase/NONE_TRANSFORMED_;/Users/rar9993/repos/research/fdroid_apps/native_apps/MonsterHunter4UDatabase/app/src/main/java/com/daviancorp/android/ui/list/LocationListFragment.java;file:/Users/rar9993/repos/research/fdroid_apps/native_apps/MonsterHunter4UDatabase/app/src/main/java/com/daviancorp/android/ui/list/LocationListFragment.java|class:com.daviancorp.android.ui.list.LocationListFragment
MemberIgnoringMethod;aDoctor;/Users/rar9993/repos/research/fdroid_apps/native_apps/MonsterHunter4UDatabase/NONE_TRANSFORMED_;/Users/rar9993/repos/research/fdroid_apps/native_apps/MonsterHunter4UDatabase/app/src/main/java/com/daviancorp/android/ui/list/ItemListFragment.java;file:/Users/rar9993/repos/research/fdroid_apps/native_apps/MonsterHunter4UDatabase/app/src/main/java/com/daviancorp/android/ui/list/ItemListFragment.java|class:com.daviancorp.android.ui.list.ItemListFragment
NoLowMemoryResolver;aDoctor;/Users/rar9993/repos/research/fdroid_apps/native_apps/MonsterHunter4UDatabase/NONE_TRANSFORMED_;/Users/rar9993/repos/research/fdroid_apps/native_apps/MonsterHunter4UDatabase/app/src/main/java/com/daviancorp/android/ui/list/ItemListFragment.java;file:/Users/rar9993/repos/research/fdroid_apps/native_apps/MonsterHunter4UDatabase/app/src/main/java/com/daviancorp/android/ui/list/ItemListFragment.java|class:com.daviancorp.android.ui.list.ItemListFragment
UnclosedCloseable;aDoctor;/Users/rar9993/repos/research/fdroid_apps/native_apps/MonsterHunter4UDatabase/NONE_TRANSFORMED_;/Users/rar9993/repos/research/fdroid_apps/native_apps/MonsterHunter4UDatabase/app/src/main/java/com/daviancorp/android/ui/list/ItemListFragment.java;file:/Users/rar9993/repos/research/fdroid_apps/native_apps/MonsterHunter4UDatabase/app/src/main/java/com/daviancorp/android/ui/list/ItemListFragment.java|class:com.daviancorp.android.ui.list.ItemListFragment
LeakingInnerClass;aDoctor;/Users/rar9993/repos/research/fdroid_apps/native_apps/MonsterHunter4UDatabase/NONE_TRANSFORMED_;/Users/rar9993/repos/research/fdroid_apps/native_apps/MonsterHunter4UDatabase/app/src/main/java/com/daviancorp/android/ui/list/WishlistListFragment.java;file:/Users/rar9993/repos/research/fdroid_apps/native_apps/MonsterHunter4UDatabase/app/src/main/java/com/daviancorp/android/ui/list/WishlistListFragment.java|class:com.daviancorp.android.ui.list.WishlistListFragment
MemberIgnoringMethod;aDoctor;/Users/rar9993/repos/research/fdroid_apps/native_apps/MonsterHunter4UDatabase/NONE_TRANSFORMED_;/Users/rar9993/repos/research/fdroid_apps/native_apps/MonsterHunter4UDatabase/app/src/main/java/com/daviancorp/android/ui/list/WishlistListFragment.java;file:/Users/rar9993/repos/research/fdroid_apps/native_apps/MonsterHunter4UDatabase/app/src/main/java/com/daviancorp/android/ui/list/WishlistListFragment.java|class:com.daviancorp.android.ui.list.WishlistListFragment
NoLowMemoryResolver;aDoctor;/Users/rar9993/repos/research/fdroid_apps/native_apps/MonsterHunter4UDatabase/NONE_TRANSFORMED_;/Users/rar9993/repos/research/fdroid_apps/native_apps/MonsterHunter4UDatabase/app/src/main/java/com/daviancorp/android/ui/list/WishlistListFragment.java;file:/Users/rar9993/repos/research/fdroid_apps/native_apps/MonsterHunter4UDatabase/app/src/main/java/com/daviancorp/android/ui/list/WishlistListFragment.java|class:com.daviancorp.android.ui.list.WishlistListFragment
SlowForLoop;aDoctor;/Users/rar9993/repos/research/fdroid_apps/native_apps/MonsterHunter4UDatabase/NONE_TRANSFORMED_;/Users/rar9993/repos/research/fdroid_apps/native_apps/MonsterHunter4UDatabase/app/src/main/java/com/daviancorp/android/ui/list/WishlistListFragment.java;file:/Users/rar9993/repos/research/fdroid_apps/native_apps/MonsterHunter4UDatabase/app/src/main/java/com/daviancorp/android/ui/list/WishlistListFragment.java|class:com.daviancorp.android.ui.list.WishlistListFragment
UnclosedCloseable;aDoctor;/Users/rar9993/repos/research/fdroid_apps/native_apps/MonsterHunter4UDatabase/NONE_TRANSFORMED_;/Users/rar9993/repos/research/fdroid_apps/native_apps/MonsterHunter4UDatabase/app/src/main/java/com/daviancorp/android/ui/list/WishlistListFragment.java;file:/Users/rar9993/repos/research/fdroid_apps/native_apps/MonsterHunter4UDatabase/app/src/main/java/com/daviancorp/android/ui/list/WishlistListFragment.java|class:com.daviancorp.android.ui.list.WishlistListFragment
MemberIgnoringMethod;aDoctor;/Users/rar9993/repos/research/fdroid_apps/native_apps/MonsterHunter4UDatabase/NONE_TRANSFORMED_;/Users/rar9993/repos/research/fdroid_apps/native_apps/MonsterHunter4UDatabase/app/src/main/java/com/daviancorp/android/ui/list/WeaponListFragment.java;file:/Users/rar9993/repos/research/fdroid_apps/native_apps/MonsterHunter4UDatabase/app/src/main/java/com/daviancorp/android/ui/list/WeaponListFragment.java|class:com.daviancorp.android.ui.list.WeaponListFragment
NoLowMemoryResolver;aDoctor;/Users/rar9993/repos/research/fdroid_apps/native_apps/MonsterHunter4UDatabase/NONE_TRANSFORMED_;/Users/rar9993/repos/research/fdroid_apps/native_apps/MonsterHunter4UDatabase/app/src/main/java/com/daviancorp/android/ui/list/WeaponListFragment.java;file:/Users/rar9993/repos/research/fdroid_apps/native_apps/MonsterHunter4UDatabase/app/src/main/java/com/daviancorp/android/ui/list/WeaponListFragment.java|class:com.daviancorp.android.ui.list.WeaponListFragment
UnclosedCloseable;aDoctor;/Users/rar9993/repos/research/fdroid_apps/native_apps/MonsterHunter4UDatabase/NONE_TRANSFORMED_;/Users/rar9993/repos/research/fdroid_apps/native_apps/MonsterHunter4UDatabase/app/src/main/java/com/daviancorp/android/ui/list/WeaponListFragment.java;file:/Users/rar9993/repos/research/fdroid_apps/native_apps/MonsterHunter4UDatabase/app/src/main/java/com/daviancorp/android/ui/list/WeaponListFragment.java|class:com.daviancorp.android.ui.list.WeaponListFragment
UnclosedCloseable;aDoctor;/Users/rar9993/repos/research/fdroid_apps/native_apps/MonsterHunter4UDatabase/NONE_TRANSFORMED_;/Users/rar9993/repos/research/fdroid_apps/native_apps/MonsterHunter4UDatabase/app/src/main/java/com/daviancorp/android/ui/list/UniversalSearchActivity.java;file:/Users/rar9993/repos/research/fdroid_apps/native_apps/MonsterHunter4UDatabase/app/src/main/java/com/daviancorp/android/ui/list/UniversalSearchActivity.java|class:com.daviancorp.android.ui.list.UniversalSearchActivity
MemberIgnoringMethod;aDoctor;/Users/rar9993/repos/research/fdroid_apps/native_apps/MonsterHunter4UDatabase/NONE_TRANSFORMED_;/Users/rar9993/repos/research/fdroid_apps/native_apps/MonsterHunter4UDatabase/app/src/main/java/com/daviancorp/android/ui/list/MonsterListActivity.java;file:/Users/rar9993/repos/research/fdroid_apps/native_apps/MonsterHunter4UDatabase/app/src/main/java/com/daviancorp/android/ui/list/MonsterListActivity.java|class:com.daviancorp.android.ui.list.MonsterListActivity
UnclosedCloseable;aDoctor;/Users/rar9993/repos/research/fdroid_apps/native_apps/MonsterHunter4UDatabase/NONE_TRANSFORMED_;/Users/rar9993/repos/research/fdroid_apps/native_apps/MonsterHunter4UDatabase/app/src/main/java/com/daviancorp/android/ui/list/MonsterListActivity.java;file:/Users/rar9993/repos/research/fdroid_apps/native_apps/MonsterHunter4UDatabase/app/src/main/java/com/daviancorp/android/ui/list/MonsterListActivity.java|class:com.daviancorp.android.ui.list.MonsterListActivity
LeakingInnerClass;aDoctor;/Users/rar9993/repos/research/fdroid_apps/native_apps/MonsterHunter4UDatabase/NONE_TRANSFORMED_;/Users/rar9993/repos/research/fdroid_apps/native_apps/MonsterHunter4UDatabase/app/src/main/java/com/daviancorp/android/ui/list/WeaponSelectionListFragment.java;file:/Users/rar9993/repos/research/fdroid_apps/native_apps/MonsterHunter4UDatabase/app/src/main/java/com/daviancorp/android/ui/list/WeaponSelectionListFragment.java|class:com.daviancorp.android.ui.list.WeaponSelectionListFragment
MemberIgnoringMethod;aDoctor;/Users/rar9993/repos/research/fdroid_apps/native_apps/MonsterHunter4UDatabase/NONE_TRANSFORMED_;/Users/rar9993/repos/research/fdroid_apps/native_apps/MonsterHunter4UDatabase/app/src/main/java/com/daviancorp/android/ui/list/WeaponSelectionListFragment.java;file:/Users/rar9993/repos/research/fdroid_apps/native_apps/MonsterHunter4UDatabase/app/src/main/java/com/daviancorp/android/ui/list/WeaponSelectionListFragment.java|class:com.daviancorp.android.ui.list.WeaponSelectionListFragment
NoLowMemoryResolver;aDoctor;/Users/rar9993/repos/research/fdroid_apps/native_apps/MonsterHunter4UDatabase/NONE_TRANSFORMED_;/Users/rar9993/repos/research/fdroid_apps/native_apps/MonsterHunter4UDatabase/app/src/main/java/com/daviancorp/android/ui/list/WeaponSelectionListFragment.java;file:/Users/rar9993/repos/research/fdroid_apps/native_apps/MonsterHunter4UDatabase/app/src/main/java/com/daviancorp/android/ui/list/WeaponSelectionListFragment.java|class:com.daviancorp.android.ui.list.WeaponSelectionListFragment
SlowForLoop;aDoctor;/Users/rar9993/repos/research/fdroid_apps/native_apps/MonsterHunter4UDatabase/NONE_TRANSFORMED_;/Users/rar9993/repos/research/fdroid_apps/native_apps/MonsterHunter4UDatabase/app/src/main/java/com/daviancorp/android/ui/list/WeaponSelectionListFragment.java;file:/Users/rar9993/repos/research/fdroid_apps/native_apps/MonsterHunter4UDatabase/app/src/main/java/com/daviancorp/android/ui/list/WeaponSelectionListFragment.java|class:com.daviancorp.android.ui.list.WeaponSelectionListFragment
MemberIgnoringMethod;aDoctor;/Users/rar9993/repos/research/fdroid_apps/native_apps/MonsterHunter4UDatabase/NONE_TRANSFORMED_;/Users/rar9993/repos/research/fdroid_apps/native_apps/MonsterHunter4UDatabase/app/src/main/java/com/daviancorp/android/ui/list/DecorationListFragment.java;file:/Users/rar9993/repos/research/fdroid_apps/native_apps/MonsterHunter4UDatabase/app/src/main/java/com/daviancorp/android/ui/list/DecorationListFragment.java|class:com.daviancorp.android.ui.list.DecorationListFragment
NoLowMemoryResolver;aDoctor;/Users/rar9993/repos/research/fdroid_apps/native_apps/MonsterHunter4UDatabase/NONE_TRANSFORMED_;/Users/rar9993/repos/research/fdroid_apps/native_apps/MonsterHunter4UDatabase/app/src/main/java/com/daviancorp/android/ui/list/DecorationListFragment.java;file:/Users/rar9993/repos/research/fdroid_apps/native_apps/MonsterHunter4UDatabase/app/src/main/java/com/daviancorp/android/ui/list/DecorationListFragment.java|class:com.daviancorp.android.ui.list.DecorationListFragment
UnclosedCloseable;aDoctor;/Users/rar9993/repos/research/fdroid_apps/native_apps/MonsterHunter4UDatabase/NONE_TRANSFORMED_;/Users/rar9993/repos/research/fdroid_apps/native_apps/MonsterHunter4UDatabase/app/src/main/java/com/daviancorp/android/ui/list/DecorationListFragment.java;file:/Users/rar9993/repos/research/fdroid_apps/native_apps/MonsterHunter4UDatabase/app/src/main/java/com/daviancorp/android/ui/list/DecorationListFragment.java|class:com.daviancorp.android.ui.list.DecorationListFragment
NoLowMemoryResolver;aDoctor;/Users/rar9993/repos/research/fdroid_apps/native_apps/MonsterHunter4UDatabase/NONE_TRANSFORMED_;/Users/rar9993/repos/research/fdroid_apps/native_apps/MonsterHunter4UDatabase/app/src/main/java/com/daviancorp/android/ui/list/WyporiumTradeListFragment.java;file:/Users/rar9993/repos/research/fdroid_apps/native_apps/MonsterHunter4UDatabase/app/src/main/java/com/daviancorp/android/ui/list/WyporiumTradeListFragment.java|class:com.daviancorp.android.ui.list.WyporiumTradeListFragment
UnclosedCloseable;aDoctor;/Users/rar9993/repos/research/fdroid_apps/native_apps/MonsterHunter4UDatabase/NONE_TRANSFORMED_;/Users/rar9993/repos/research/fdroid_apps/native_apps/MonsterHunter4UDatabase/app/src/main/java/com/daviancorp/android/ui/list/WyporiumTradeListFragment.java;file:/Users/rar9993/repos/research/fdroid_apps/native_apps/MonsterHunter4UDatabase/app/src/main/java/com/daviancorp/android/ui/list/WyporiumTradeListFragment.java|class:com.daviancorp.android.ui.list.WyporiumTradeListFragment
MemberIgnoringMethod;aDoctor;/Users/rar9993/repos/research/fdroid_apps/native_apps/MonsterHunter4UDatabase/NONE_TRANSFORMED_;/Users/rar9993/repos/research/fdroid_apps/native_apps/MonsterHunter4UDatabase/app/src/main/java/com/daviancorp/android/ui/list/QuestListActivity.java;file:/Users/rar9993/repos/research/fdroid_apps/native_apps/MonsterHunter4UDatabase/app/src/main/java/com/daviancorp/android/ui/list/QuestListActivity.java|class:com.daviancorp.android.ui.list.QuestListActivity
UnclosedCloseable;aDoctor;/Users/rar9993/repos/research/fdroid_apps/native_apps/MonsterHunter4UDatabase/NONE_TRANSFORMED_;/Users/rar9993/repos/research/fdroid_apps/native_apps/MonsterHunter4UDatabase/app/src/main/java/com/daviancorp/android/ui/list/QuestListActivity.java;file:/Users/rar9993/repos/research/fdroid_apps/native_apps/MonsterHunter4UDatabase/app/src/main/java/com/daviancorp/android/ui/list/QuestListActivity.java|class:com.daviancorp.android.ui.list.QuestListActivity
NoLowMemoryResolver;aDoctor;/Users/rar9993/repos/research/fdroid_apps/native_apps/MonsterHunter4UDatabase/NONE_TRANSFORMED_;/Users/rar9993/repos/research/fdroid_apps/native_apps/MonsterHunter4UDatabase/app/src/main/java/com/daviancorp/android/ui/list/CombiningListFragment.java;file:/Users/rar9993/repos/research/fdroid_apps/native_apps/MonsterHunter4UDatabase/app/src/main/java/com/daviancorp/android/ui/list/CombiningListFragment.java|class:com.daviancorp.android.ui.list.CombiningListFragment
UnclosedCloseable;aDoctor;/Users/rar9993/repos/research/fdroid_apps/native_apps/MonsterHunter4UDatabase/NONE_TRANSFORMED_;/Users/rar9993/repos/research/fdroid_apps/native_apps/MonsterHunter4UDatabase/app/src/main/java/com/daviancorp/android/ui/list/CombiningListFragment.java;file:/Users/rar9993/repos/research/fdroid_apps/native_apps/MonsterHunter4UDatabase/app/src/main/java/com/daviancorp/android/ui/list/CombiningListFragment.java|class:com.daviancorp.android.ui.list.CombiningListFragment
UnclosedCloseable;aDoctor;/Users/rar9993/repos/research/fdroid_apps/native_apps/MonsterHunter4UDatabase/NONE_TRANSFORMED_;/Users/rar9993/repos/research/fdroid_apps/native_apps/MonsterHunter4UDatabase/app/src/main/java/com/daviancorp/android/ui/list/LocationListActivity.java;file:/Users/rar9993/repos/research/fdroid_apps/native_apps/MonsterHunter4UDatabase/app/src/main/java/com/daviancorp/android/ui/list/LocationListActivity.java|class:com.daviancorp.android.ui.list.LocationListActivity
MemberIgnoringMethod;aDoctor;/Users/rar9993/repos/research/fdroid_apps/native_apps/MonsterHunter4UDatabase/NONE_TRANSFORMED_;/Users/rar9993/repos/research/fdroid_apps/native_apps/MonsterHunter4UDatabase/app/src/main/java/com/daviancorp/android/ui/list/adapter/MenuDrawerListAdapter.java;file:/Users/rar9993/repos/research/fdroid_apps/native_apps/MonsterHunter4UDatabase/app/src/main/java/com/daviancorp/android/ui/list/adapter/MenuDrawerListAdapter.java|class:com.daviancorp.android.ui.list.adapter.MenuDrawerListAdapter
LeakingInnerClass;aDoctor;/Users/rar9993/repos/research/fdroid_apps/native_apps/MonsterHunter4UDatabase/NONE_TRANSFORMED_;/Users/rar9993/repos/research/fdroid_apps/native_apps/MonsterHunter4UDatabase/app/src/main/java/com/daviancorp/android/ui/compound/ASBPieceContainer.java;file:/Users/rar9993/repos/research/fdroid_apps/native_apps/MonsterHunter4UDatabase/app/src/main/java/com/daviancorp/android/ui/compound/ASBPieceContainer.java|class:com.daviancorp.android.ui.compound.ASBPieceContainer
SlowForLoop;aDoctor;/Users/rar9993/repos/research/fdroid_apps/native_apps/MonsterHunter4UDatabase/NONE_TRANSFORMED_;/Users/rar9993/repos/research/fdroid_apps/native_apps/MonsterHunter4UDatabase/app/src/main/java/com/daviancorp/android/ui/compound/ASBPieceContainer.java;file:/Users/rar9993/repos/research/fdroid_apps/native_apps/MonsterHunter4UDatabase/app/src/main/java/com/daviancorp/android/ui/compound/ASBPieceContainer.java|class:com.daviancorp.android.ui.compound.ASBPieceContainer
LeakingInnerClass;aDoctor;/Users/rar9993/repos/research/fdroid_apps/native_apps/MonsterHunter4UDatabase/NONE_TRANSFORMED_;/Users/rar9993/repos/research/fdroid_apps/native_apps/MonsterHunter4UDatabase/app/src/main/java/com/daviancorp/android/ui/compound/ASBTalismanSkillContainer.java;file:/Users/rar9993/repos/research/fdroid_apps/native_apps/MonsterHunter4UDatabase/app/src/main/java/com/daviancorp/android/ui/compound/ASBTalismanSkillContainer.java|class:com.daviancorp.android.ui.compound.ASBTalismanSkillContainer
MemberIgnoringMethod;aDoctor;/Users/rar9993/repos/research/fdroid_apps/native_apps/MonsterHunter4UDatabase/NONE_TRANSFORMED_;/Users/rar9993/repos/research/fdroid_apps/native_apps/MonsterHunter4UDatabase/app/src/main/java/com/daviancorp/android/ui/compound/ASBTalismanSkillContainer.java;file:/Users/rar9993/repos/research/fdroid_apps/native_apps/MonsterHunter4UDatabase/app/src/main/java/com/daviancorp/android/ui/compound/ASBTalismanSkillContainer.java|class:com.daviancorp.android.ui.compound.ASBTalismanSkillContainer
SlowForLoop;aDoctor;/Users/rar9993/repos/research/fdroid_apps/native_apps/MonsterHunter4UDatabase/NONE_TRANSFORMED_;/Users/rar9993/repos/research/fdroid_apps/native_apps/MonsterHunter4UDatabase/app/src/main/java/com/daviancorp/android/ui/MHUtils.java;file:/Users/rar9993/repos/research/fdroid_apps/native_apps/MonsterHunter4UDatabase/app/src/main/java/com/daviancorp/android/ui/MHUtils.java|class:com.daviancorp.android.ui.MHUtils
UnclosedCloseable;aDoctor;/Users/rar9993/repos/research/fdroid_apps/native_apps/MonsterHunter4UDatabase/NONE_TRANSFORMED_;/Users/rar9993/repos/research/fdroid_apps/native_apps/MonsterHunter4UDatabase/app/src/main/java/com/daviancorp/android/loader/ASBSetListCursorLoader.java;file:/Users/rar9993/repos/research/fdroid_apps/native_apps/MonsterHunter4UDatabase/app/src/main/java/com/daviancorp/android/loader/ASBSetListCursorLoader.java|class:com.daviancorp.android.loader.ASBSetListCursorLoader
UnclosedCloseable;aDoctor;/Users/rar9993/repos/research/fdroid_apps/native_apps/MonsterHunter4UDatabase/NONE_TRANSFORMED_;/Users/rar9993/repos/research/fdroid_apps/native_apps/MonsterHunter4UDatabase/app/src/main/java/com/daviancorp/android/loader/QuestListCursorLoader.java;file:/Users/rar9993/repos/research/fdroid_apps/native_apps/MonsterHunter4UDatabase/app/src/main/java/com/daviancorp/android/loader/QuestListCursorLoader.java|class:com.daviancorp.android.loader.QuestListCursorLoader
UnclosedCloseable;aDoctor;/Users/rar9993/repos/research/fdroid_apps/native_apps/MonsterHunter4UDatabase/NONE_TRANSFORMED_;/Users/rar9993/repos/research/fdroid_apps/native_apps/MonsterHunter4UDatabase/app/src/main/java/com/daviancorp/android/loader/MogaWoodsRewardListCursorLoader.java;file:/Users/rar9993/repos/research/fdroid_apps/native_apps/MonsterHunter4UDatabase/app/src/main/java/com/daviancorp/android/loader/MogaWoodsRewardListCursorLoader.java|class:com.daviancorp.android.loader.MogaWoodsRewardListCursorLoader
UnclosedCloseable;aDoctor;/Users/rar9993/repos/research/fdroid_apps/native_apps/MonsterHunter4UDatabase/NONE_TRANSFORMED_;/Users/rar9993/repos/research/fdroid_apps/native_apps/MonsterHunter4UDatabase/app/src/main/java/com/daviancorp/android/loader/SkillListCursorLoader.java;file:/Users/rar9993/repos/research/fdroid_apps/native_apps/MonsterHunter4UDatabase/app/src/main/java/com/daviancorp/android/loader/SkillListCursorLoader.java|class:com.daviancorp.android.loader.SkillListCursorLoader
UnclosedCloseable;aDoctor;/Users/rar9993/repos/research/fdroid_apps/native_apps/MonsterHunter4UDatabase/NONE_TRANSFORMED_;/Users/rar9993/repos/research/fdroid_apps/native_apps/MonsterHunter4UDatabase/app/src/main/java/com/daviancorp/android/loader/LocationListCursorLoader.java;file:/Users/rar9993/repos/research/fdroid_apps/native_apps/MonsterHunter4UDatabase/app/src/main/java/com/daviancorp/android/loader/LocationListCursorLoader.java|class:com.daviancorp.android.loader.LocationListCursorLoader
UnclosedCloseable;aDoctor;/Users/rar9993/repos/research/fdroid_apps/native_apps/MonsterHunter4UDatabase/NONE_TRANSFORMED_;/Users/rar9993/repos/research/fdroid_apps/native_apps/MonsterHunter4UDatabase/app/src/main/java/com/daviancorp/android/loader/ArmorListCursorLoader.java;file:/Users/rar9993/repos/research/fdroid_apps/native_apps/MonsterHunter4UDatabase/app/src/main/java/com/daviancorp/android/loader/ArmorListCursorLoader.java|class:com.daviancorp.android.loader.ArmorListCursorLoader
UnclosedCloseable;aDoctor;/Users/rar9993/repos/research/fdroid_apps/native_apps/MonsterHunter4UDatabase/NONE_TRANSFORMED_;/Users/rar9993/repos/research/fdroid_apps/native_apps/MonsterHunter4UDatabase/app/src/main/java/com/daviancorp/android/loader/HuntingRewardListCursorLoader.java;file:/Users/rar9993/repos/research/fdroid_apps/native_apps/MonsterHunter4UDatabase/app/src/main/java/com/daviancorp/android/loader/HuntingRewardListCursorLoader.java|class:com.daviancorp.android.loader.HuntingRewardListCursorLoader
UnclosedCloseable;aDoctor;/Users/rar9993/repos/research/fdroid_apps/native_apps/MonsterHunter4UDatabase/NONE_TRANSFORMED_;/Users/rar9993/repos/research/fdroid_apps/native_apps/MonsterHunter4UDatabase/app/src/main/java/com/daviancorp/android/loader/SkillTreeListCursorLoader.java;file:/Users/rar9993/repos/research/fdroid_apps/native_apps/MonsterHunter4UDatabase/app/src/main/java/com/daviancorp/android/loader/SkillTreeListCursorLoader.java|class:com.daviancorp.android.loader.SkillTreeListCursorLoader
UnclosedCloseable;aDoctor;/Users/rar9993/repos/research/fdroid_apps/native_apps/MonsterHunter4UDatabase/NONE_TRANSFORMED_;/Users/rar9993/repos/research/fdroid_apps/native_apps/MonsterHunter4UDatabase/app/src/main/java/com/daviancorp/android/loader/WishlistListCursorLoader.java;file:/Users/rar9993/repos/research/fdroid_apps/native_apps/MonsterHunter4UDatabase/app/src/main/java/com/daviancorp/android/loader/WishlistListCursorLoader.java|class:com.daviancorp.android.loader.WishlistListCursorLoader
UnclosedCloseable;aDoctor;/Users/rar9993/repos/research/fdroid_apps/native_apps/MonsterHunter4UDatabase/NONE_TRANSFORMED_;/Users/rar9993/repos/research/fdroid_apps/native_apps/MonsterHunter4UDatabase/app/src/main/java/com/daviancorp/android/loader/QuestRewardListCursorLoader.java;file:/Users/rar9993/repos/research/fdroid_apps/native_apps/MonsterHunter4UDatabase/app/src/main/java/com/daviancorp/android/loader/QuestRewardListCursorLoader.java|class:com.daviancorp.android.loader.QuestRewardListCursorLoader
UnclosedCloseable;aDoctor;/Users/rar9993/repos/research/fdroid_apps/native_apps/MonsterHunter4UDatabase/NONE_TRANSFORMED_;/Users/rar9993/repos/research/fdroid_apps/native_apps/MonsterHunter4UDatabase/app/src/main/java/com/daviancorp/android/loader/MonsterAilmentCursorLoader.java;file:/Users/rar9993/repos/research/fdroid_apps/native_apps/MonsterHunter4UDatabase/app/src/main/java/com/daviancorp/android/loader/MonsterAilmentCursorLoader.java|class:com.daviancorp.android.loader.MonsterAilmentCursorLoader
UnclosedCloseable;aDoctor;/Users/rar9993/repos/research/fdroid_apps/native_apps/MonsterHunter4UDatabase/NONE_TRANSFORMED_;/Users/rar9993/repos/research/fdroid_apps/native_apps/MonsterHunter4UDatabase/app/src/main/java/com/daviancorp/android/loader/ItemToSkillTreeListCursorLoader.java;file:/Users/rar9993/repos/research/fdroid_apps/native_apps/MonsterHunter4UDatabase/app/src/main/java/com/daviancorp/android/loader/ItemToSkillTreeListCursorLoader.java|class:com.daviancorp.android.loader.ItemToSkillTreeListCursorLoader
UnclosedCloseable;aDoctor;/Users/rar9993/repos/research/fdroid_apps/native_apps/MonsterHunter4UDatabase/NONE_TRANSFORMED_;/Users/rar9993/repos/research/fdroid_apps/native_apps/MonsterHunter4UDatabase/app/src/main/java/com/daviancorp/android/loader/MonsterWeaknessCursorLoader.java;file:/Users/rar9993/repos/research/fdroid_apps/native_apps/MonsterHunter4UDatabase/app/src/main/java/com/daviancorp/android/loader/MonsterWeaknessCursorLoader.java|class:com.daviancorp.android.loader.MonsterWeaknessCursorLoader
UnclosedCloseable;aDoctor;/Users/rar9993/repos/research/fdroid_apps/native_apps/MonsterHunter4UDatabase/NONE_TRANSFORMED_;/Users/rar9993/repos/research/fdroid_apps/native_apps/MonsterHunter4UDatabase/app/src/main/java/com/daviancorp/android/loader/MonsterDamageListCursorLoader.java;file:/Users/rar9993/repos/research/fdroid_apps/native_apps/MonsterHunter4UDatabase/app/src/main/java/com/daviancorp/android/loader/MonsterDamageListCursorLoader.java|class:com.daviancorp.android.loader.MonsterDamageListCursorLoader
MemberIgnoringMethod;aDoctor;/Users/rar9993/repos/research/fdroid_apps/native_apps/MonsterHunter4UDatabase/NONE_TRANSFORMED_;/Users/rar9993/repos/research/fdroid_apps/native_apps/MonsterHunter4UDatabase/app/src/main/java/com/daviancorp/android/loader/DataLoader.java;file:/Users/rar9993/repos/research/fdroid_apps/native_apps/MonsterHunter4UDatabase/app/src/main/java/com/daviancorp/android/loader/DataLoader.java|class:com.daviancorp.android.loader.DataLoader
UnclosedCloseable;aDoctor;/Users/rar9993/repos/research/fdroid_apps/native_apps/MonsterHunter4UDatabase/NONE_TRANSFORMED_;/Users/rar9993/repos/research/fdroid_apps/native_apps/MonsterHunter4UDatabase/app/src/main/java/com/daviancorp/android/loader/MonsterHabitatListCursorLoader.java;file:/Users/rar9993/repos/research/fdroid_apps/native_apps/MonsterHunter4UDatabase/app/src/main/java/com/daviancorp/android/loader/MonsterHabitatListCursorLoader.java|class:com.daviancorp.android.loader.MonsterHabitatListCursorLoader
UnclosedCloseable;aDoctor;/Users/rar9993/repos/research/fdroid_apps/native_apps/MonsterHunter4UDatabase/NONE_TRANSFORMED_;/Users/rar9993/repos/research/fdroid_apps/native_apps/MonsterHunter4UDatabase/app/src/main/java/com/daviancorp/android/loader/CombiningListCursorLoader.java;file:/Users/rar9993/repos/research/fdroid_apps/native_apps/MonsterHunter4UDatabase/app/src/main/java/com/daviancorp/android/loader/CombiningListCursorLoader.java|class:com.daviancorp.android.loader.CombiningListCursorLoader
UnclosedCloseable;aDoctor;/Users/rar9993/repos/research/fdroid_apps/native_apps/MonsterHunter4UDatabase/NONE_TRANSFORMED_;/Users/rar9993/repos/research/fdroid_apps/native_apps/MonsterHunter4UDatabase/app/src/main/java/com/daviancorp/android/loader/DecorationListCursorLoader.java;file:/Users/rar9993/repos/research/fdroid_apps/native_apps/MonsterHunter4UDatabase/app/src/main/java/com/daviancorp/android/loader/DecorationListCursorLoader.java|class:com.daviancorp.android.loader.DecorationListCursorLoader
UnclosedCloseable;aDoctor;/Users/rar9993/repos/research/fdroid_apps/native_apps/MonsterHunter4UDatabase/NONE_TRANSFORMED_;/Users/rar9993/repos/research/fdroid_apps/native_apps/MonsterHunter4UDatabase/app/src/main/java/com/daviancorp/android/loader/WyporiumTradeListCursorLoader.java;file:/Users/rar9993/repos/research/fdroid_apps/native_apps/MonsterHunter4UDatabase/app/src/main/java/com/daviancorp/android/loader/WyporiumTradeListCursorLoader.java|class:com.daviancorp.android.loader.WyporiumTradeListCursorLoader
UnclosedCloseable;aDoctor;/Users/rar9993/repos/research/fdroid_apps/native_apps/MonsterHunter4UDatabase/NONE_TRANSFORMED_;/Users/rar9993/repos/research/fdroid_apps/native_apps/MonsterHunter4UDatabase/app/src/main/java/com/daviancorp/android/loader/ArenaQuestListCursorLoader.java;file:/Users/rar9993/repos/research/fdroid_apps/native_apps/MonsterHunter4UDatabase/app/src/main/java/com/daviancorp/android/loader/ArenaQuestListCursorLoader.java|class:com.daviancorp.android.loader.ArenaQuestListCursorLoader
UnclosedCloseable;aDoctor;/Users/rar9993/repos/research/fdroid_apps/native_apps/MonsterHunter4UDatabase/NONE_TRANSFORMED_;/Users/rar9993/repos/research/fdroid_apps/native_apps/MonsterHunter4UDatabase/app/src/main/java/com/daviancorp/android/loader/WeaponListCursorLoader.java;file:/Users/rar9993/repos/research/fdroid_apps/native_apps/MonsterHunter4UDatabase/app/src/main/java/com/daviancorp/android/loader/WeaponListCursorLoader.java|class:com.daviancorp.android.loader.WeaponListCursorLoader
UnclosedCloseable;aDoctor;/Users/rar9993/repos/research/fdroid_apps/native_apps/MonsterHunter4UDatabase/NONE_TRANSFORMED_;/Users/rar9993/repos/research/fdroid_apps/native_apps/MonsterHunter4UDatabase/app/src/main/java/com/daviancorp/android/loader/WishlistComponentListCursorLoader.java;file:/Users/rar9993/repos/research/fdroid_apps/native_apps/MonsterHunter4UDatabase/app/src/main/java/com/daviancorp/android/loader/WishlistComponentListCursorLoader.java|class:com.daviancorp.android.loader.WishlistComponentListCursorLoader
UnclosedCloseable;aDoctor;/Users/rar9993/repos/research/fdroid_apps/native_apps/MonsterHunter4UDatabase/NONE_TRANSFORMED_;/Users/rar9993/repos/research/fdroid_apps/native_apps/MonsterHunter4UDatabase/app/src/main/java/com/daviancorp/android/loader/WeaponTreeListCursorLoader.java;file:/Users/rar9993/repos/research/fdroid_apps/native_apps/MonsterHunter4UDatabase/app/src/main/java/com/daviancorp/android/loader/WeaponTreeListCursorLoader.java|class:com.daviancorp.android.loader.WeaponTreeListCursorLoader
UnclosedCloseable;aDoctor;/Users/rar9993/repos/research/fdroid_apps/native_apps/MonsterHunter4UDatabase/NONE_TRANSFORMED_;/Users/rar9993/repos/research/fdroid_apps/native_apps/MonsterHunter4UDatabase/app/src/main/java/com/daviancorp/android/loader/HuntingFleetListCursorLoader.java;file:/Users/rar9993/repos/research/fdroid_apps/native_apps/MonsterHunter4UDatabase/app/src/main/java/com/daviancorp/android/loader/HuntingFleetListCursorLoader.java|class:com.daviancorp.android.loader.HuntingFleetListCursorLoader
UnclosedCloseable;aDoctor;/Users/rar9993/repos/research/fdroid_apps/native_apps/MonsterHunter4UDatabase/NONE_TRANSFORMED_;/Users/rar9993/repos/research/fdroid_apps/native_apps/MonsterHunter4UDatabase/app/src/main/java/com/daviancorp/android/loader/MonsterToQuestListCursorLoader.java;file:/Users/rar9993/repos/research/fdroid_apps/native_apps/MonsterHunter4UDatabase/app/src/main/java/com/daviancorp/android/loader/MonsterToQuestListCursorLoader.java|class:com.daviancorp.android.loader.MonsterToQuestListCursorLoader
UnclosedCloseable;aDoctor;/Users/rar9993/repos/research/fdroid_apps/native_apps/MonsterHunter4UDatabase/NONE_TRANSFORMED_;/Users/rar9993/repos/research/fdroid_apps/native_apps/MonsterHunter4UDatabase/app/src/main/java/com/daviancorp/android/loader/UniversalSearchCursorLoader.java;file:/Users/rar9993/repos/research/fdroid_apps/native_apps/MonsterHunter4UDatabase/app/src/main/java/com/daviancorp/android/loader/UniversalSearchCursorLoader.java|class:com.daviancorp.android.loader.UniversalSearchCursorLoader
MemberIgnoringMethod;aDoctor;/Users/rar9993/repos/research/fdroid_apps/native_apps/MonsterHunter4UDatabase/NONE_TRANSFORMED_;/Users/rar9993/repos/research/fdroid_apps/native_apps/MonsterHunter4UDatabase/app/src/main/java/com/daviancorp/android/loader/SQLiteCursorLoader.java;file:/Users/rar9993/repos/research/fdroid_apps/native_apps/MonsterHunter4UDatabase/app/src/main/java/com/daviancorp/android/loader/SQLiteCursorLoader.java|class:com.daviancorp.android.loader.SQLiteCursorLoader
UnclosedCloseable;aDoctor;/Users/rar9993/repos/research/fdroid_apps/native_apps/MonsterHunter4UDatabase/NONE_TRANSFORMED_;/Users/rar9993/repos/research/fdroid_apps/native_apps/MonsterHunter4UDatabase/app/src/main/java/com/daviancorp/android/loader/ComponentListCursorLoader.java;file:/Users/rar9993/repos/research/fdroid_apps/native_apps/MonsterHunter4UDatabase/app/src/main/java/com/daviancorp/android/loader/ComponentListCursorLoader.java|class:com.daviancorp.android.loader.ComponentListCursorLoader
UnclosedCloseable;aDoctor;/Users/rar9993/repos/research/fdroid_apps/native_apps/MonsterHunter4UDatabase/NONE_TRANSFORMED_;/Users/rar9993/repos/research/fdroid_apps/native_apps/MonsterHunter4UDatabase/app/src/main/java/com/daviancorp/android/loader/HornMelodyListCursorLoader.java;file:/Users/rar9993/repos/research/fdroid_apps/native_apps/MonsterHunter4UDatabase/app/src/main/java/com/daviancorp/android/loader/HornMelodyListCursorLoader.java|class:com.daviancorp.android.loader.HornMelodyListCursorLoader
UnclosedCloseable;aDoctor;/Users/rar9993/repos/research/fdroid_apps/native_apps/MonsterHunter4UDatabase/NONE_TRANSFORMED_;/Users/rar9993/repos/research/fdroid_apps/native_apps/MonsterHunter4UDatabase/app/src/main/java/com/daviancorp/android/loader/MonsterToArenaListCursorLoader.java;file:/Users/rar9993/repos/research/fdroid_apps/native_apps/MonsterHunter4UDatabase/app/src/main/java/com/daviancorp/android/loader/MonsterToArenaListCursorLoader.java|class:com.daviancorp.android.loader.MonsterToArenaListCursorLoader
UnclosedCloseable;aDoctor;/Users/rar9993/repos/research/fdroid_apps/native_apps/MonsterHunter4UDatabase/NONE_TRANSFORMED_;/Users/rar9993/repos/research/fdroid_apps/native_apps/MonsterHunter4UDatabase/app/src/main/java/com/daviancorp/android/loader/WishlistDataListCursorLoader.java;file:/Users/rar9993/repos/research/fdroid_apps/native_apps/MonsterHunter4UDatabase/app/src/main/java/com/daviancorp/android/loader/WishlistDataListCursorLoader.java|class:com.daviancorp.android.loader.WishlistDataListCursorLoader
UnclosedCloseable;aDoctor;/Users/rar9993/repos/research/fdroid_apps/native_apps/MonsterHunter4UDatabase/NONE_TRANSFORMED_;/Users/rar9993/repos/research/fdroid_apps/native_apps/MonsterHunter4UDatabase/app/src/main/java/com/daviancorp/android/loader/GatheringListCursorLoader.java;file:/Users/rar9993/repos/research/fdroid_apps/native_apps/MonsterHunter4UDatabase/app/src/main/java/com/daviancorp/android/loader/GatheringListCursorLoader.java|class:com.daviancorp.android.loader.GatheringListCursorLoader
UnclosedCloseable;aDoctor;/Users/rar9993/repos/research/fdroid_apps/native_apps/MonsterHunter4UDatabase/NONE_TRANSFORMED_;/Users/rar9993/repos/research/fdroid_apps/native_apps/MonsterHunter4UDatabase/app/src/main/java/com/daviancorp/android/loader/ItemListCursorLoader.java;file:/Users/rar9993/repos/research/fdroid_apps/native_apps/MonsterHunter4UDatabase/app/src/main/java/com/daviancorp/android/loader/ItemListCursorLoader.java|class:com.daviancorp.android.loader.ItemListCursorLoader
UnclosedCloseable;aDoctor;/Users/rar9993/repos/research/fdroid_apps/native_apps/MonsterHunter4UDatabase/NONE_TRANSFORMED_;/Users/rar9993/repos/research/fdroid_apps/native_apps/MonsterHunter4UDatabase/app/src/main/java/com/daviancorp/android/loader/ArenaQuestRewardListCursorLoader.java;file:/Users/rar9993/repos/research/fdroid_apps/native_apps/MonsterHunter4UDatabase/app/src/main/java/com/daviancorp/android/loader/ArenaQuestRewardListCursorLoader.java|class:com.daviancorp.android.loader.ArenaQuestRewardListCursorLoader
UnclosedCloseable;aDoctor;/Users/rar9993/repos/research/fdroid_apps/native_apps/MonsterHunter4UDatabase/NONE_TRANSFORMED_;/Users/rar9993/repos/research/fdroid_apps/native_apps/MonsterHunter4UDatabase/app/src/main/java/com/daviancorp/android/loader/MonsterListCursorLoader.java;file:/Users/rar9993/repos/research/fdroid_apps/native_apps/MonsterHunter4UDatabase/app/src/main/java/com/daviancorp/android/loader/MonsterListCursorLoader.java|class:com.daviancorp.android.loader.MonsterListCursorLoader
UnclosedCloseable;aDoctor;/Users/rar9993/repos/research/fdroid_apps/native_apps/MonsterHunter4UDatabase/NONE_TRANSFORMED_;/Users/rar9993/repos/research/fdroid_apps/native_apps/MonsterHunter4UDatabase/app/src/main/java/com/daviancorp/android/data/database/MonsterAilmentCursor.java;file:/Users/rar9993/repos/research/fdroid_apps/native_apps/MonsterHunter4UDatabase/app/src/main/java/com/daviancorp/android/data/database/MonsterAilmentCursor.java|class:com.daviancorp.android.data.database.MonsterAilmentCursor
UnclosedCloseable;aDoctor;/Users/rar9993/repos/research/fdroid_apps/native_apps/MonsterHunter4UDatabase/NONE_TRANSFORMED_;/Users/rar9993/repos/research/fdroid_apps/native_apps/MonsterHunter4UDatabase/app/src/main/java/com/daviancorp/android/data/database/MonsterStatusCursor.java;file:/Users/rar9993/repos/research/fdroid_apps/native_apps/MonsterHunter4UDatabase/app/src/main/java/com/daviancorp/android/data/database/MonsterStatusCursor.java|class:com.daviancorp.android.data.database.MonsterStatusCursor
LeakingInnerClass;aDoctor;/Users/rar9993/repos/research/fdroid_apps/native_apps/MonsterHunter4UDatabase/NONE_TRANSFORMED_;/Users/rar9993/repos/research/fdroid_apps/native_apps/MonsterHunter4UDatabase/app/src/main/java/com/daviancorp/android/data/database/MultiObjectCursor.java;file:/Users/rar9993/repos/research/fdroid_apps/native_apps/MonsterHunter4UDatabase/app/src/main/java/com/daviancorp/android/data/database/MultiObjectCursor.java|class:com.daviancorp.android.data.database.MultiObjectCursor
MemberIgnoringMethod;aDoctor;/Users/rar9993/repos/research/fdroid_apps/native_apps/MonsterHunter4UDatabase/NONE_TRANSFORMED_;/Users/rar9993/repos/research/fdroid_apps/native_apps/MonsterHunter4UDatabase/app/src/main/java/com/daviancorp/android/data/database/MultiObjectCursor.java;file:/Users/rar9993/repos/research/fdroid_apps/native_apps/MonsterHunter4UDatabase/app/src/main/java/com/daviancorp/android/data/database/MultiObjectCursor.java|class:com.daviancorp.android.data.database.MultiObjectCursor
UnclosedCloseable;aDoctor;/Users/rar9993/repos/research/fdroid_apps/native_apps/MonsterHunter4UDatabase/NONE_TRANSFORMED_;/Users/rar9993/repos/research/fdroid_apps/native_apps/MonsterHunter4UDatabase/app/src/main/java/com/daviancorp/android/data/database/MultiObjectCursor.java;file:/Users/rar9993/repos/research/fdroid_apps/native_apps/MonsterHunter4UDatabase/app/src/main/java/com/daviancorp/android/data/database/MultiObjectCursor.java|class:com.daviancorp.android.data.database.MultiObjectCursor
UnclosedCloseable;aDoctor;/Users/rar9993/repos/research/fdroid_apps/native_apps/MonsterHunter4UDatabase/NONE_TRANSFORMED_;/Users/rar9993/repos/research/fdroid_apps/native_apps/MonsterHunter4UDatabase/app/src/main/java/com/daviancorp/android/data/database/ASBSessionCursor.java;file:/Users/rar9993/repos/research/fdroid_apps/native_apps/MonsterHunter4UDatabase/app/src/main/java/com/daviancorp/android/data/database/ASBSessionCursor.java|class:com.daviancorp.android.data.database.ASBSessionCursor
UnclosedCloseable;aDoctor;/Users/rar9993/repos/research/fdroid_apps/native_apps/MonsterHunter4UDatabase/NONE_TRANSFORMED_;/Users/rar9993/repos/research/fdroid_apps/native_apps/MonsterHunter4UDatabase/app/src/main/java/com/daviancorp/android/data/database/LocationCursor.java;file:/Users/rar9993/repos/research/fdroid_apps/native_apps/MonsterHunter4UDatabase/app/src/main/java/com/daviancorp/android/data/database/LocationCursor.java|class:com.daviancorp.android.data.database.LocationCursor
UnclosedCloseable;aDoctor;/Users/rar9993/repos/research/fdroid_apps/native_apps/MonsterHunter4UDatabase/NONE_TRANSFORMED_;/Users/rar9993/repos/research/fdroid_apps/native_apps/MonsterHunter4UDatabase/app/src/main/java/com/daviancorp/android/data/database/WeaponTreeCursor.java;file:/Users/rar9993/repos/research/fdroid_apps/native_apps/MonsterHunter4UDatabase/app/src/main/java/com/daviancorp/android/data/database/WeaponTreeCursor.java|class:com.daviancorp.android.data.database.WeaponTreeCursor
UnclosedCloseable;aDoctor;/Users/rar9993/repos/research/fdroid_apps/native_apps/MonsterHunter4UDatabase/NONE_TRANSFORMED_;/Users/rar9993/repos/research/fdroid_apps/native_apps/MonsterHunter4UDatabase/app/src/main/java/com/daviancorp/android/data/database/DecorationCursor.java;file:/Users/rar9993/repos/research/fdroid_apps/native_apps/MonsterHunter4UDatabase/app/src/main/java/com/daviancorp/android/data/database/DecorationCursor.java|class:com.daviancorp.android.data.database.DecorationCursor
UnclosedCloseable;aDoctor;/Users/rar9993/repos/research/fdroid_apps/native_apps/MonsterHunter4UDatabase/NONE_TRANSFORMED_;/Users/rar9993/repos/research/fdroid_apps/native_apps/MonsterHunter4UDatabase/app/src/main/java/com/daviancorp/android/data/database/MonsterWeaknessCursor.java;file:/Users/rar9993/repos/research/fdroid_apps/native_apps/MonsterHunter4UDatabase/app/src/main/java/com/daviancorp/android/data/database/MonsterWeaknessCursor.java|class:com.daviancorp.android.data.database.MonsterWeaknessCursor
UnclosedCloseable;aDoctor;/Users/rar9993/repos/research/fdroid_apps/native_apps/MonsterHunter4UDatabase/NONE_TRANSFORMED_;/Users/rar9993/repos/research/fdroid_apps/native_apps/MonsterHunter4UDatabase/app/src/main/java/com/daviancorp/android/data/database/ArmorCursor.java;file:/Users/rar9993/repos/research/fdroid_apps/native_apps/MonsterHunter4UDatabase/app/src/main/java/com/daviancorp/android/data/database/ArmorCursor.java|class:com.daviancorp.android.data.database.ArmorCursor
UnclosedCloseable;aDoctor;/Users/rar9993/repos/research/fdroid_apps/native_apps/MonsterHunter4UDatabase/NONE_TRANSFORMED_;/Users/rar9993/repos/research/fdroid_apps/native_apps/MonsterHunter4UDatabase/app/src/main/java/com/daviancorp/android/data/database/MonsterToQuestCursor.java;file:/Users/rar9993/repos/research/fdroid_apps/native_apps/MonsterHunter4UDatabase/app/src/main/java/com/daviancorp/android/data/database/MonsterToQuestCursor.java|class:com.daviancorp.android.data.database.MonsterToQuestCursor
UnclosedCloseable;aDoctor;/Users/rar9993/repos/research/fdroid_apps/native_apps/MonsterHunter4UDatabase/NONE_TRANSFORMED_;/Users/rar9993/repos/research/fdroid_apps/native_apps/MonsterHunter4UDatabase/app/src/main/java/com/daviancorp/android/data/database/HuntingFleetCursor.java;file:/Users/rar9993/repos/research/fdroid_apps/native_apps/MonsterHunter4UDatabase/app/src/main/java/com/daviancorp/android/data/database/HuntingFleetCursor.java|class:com.daviancorp.android.data.database.HuntingFleetCursor
UnclosedCloseable;aDoctor;/Users/rar9993/repos/research/fdroid_apps/native_apps/MonsterHunter4UDatabase/NONE_TRANSFORMED_;/Users/rar9993/repos/research/fdroid_apps/native_apps/MonsterHunter4UDatabase/app/src/main/java/com/daviancorp/android/data/database/HornMelodiesCursor.java;file:/Users/rar9993/repos/research/fdroid_apps/native_apps/MonsterHunter4UDatabase/app/src/main/java/com/daviancorp/android/data/database/HornMelodiesCursor.java|class:com.daviancorp.android.data.database.HornMelodiesCursor
UnclosedCloseable;aDoctor;/Users/rar9993/repos/research/fdroid_apps/native_apps/MonsterHunter4UDatabase/NONE_TRANSFORMED_;/Users/rar9993/repos/research/fdroid_apps/native_apps/MonsterHunter4UDatabase/app/src/main/java/com/daviancorp/android/data/database/MonsterDamageCursor.java;file:/Users/rar9993/repos/research/fdroid_apps/native_apps/MonsterHunter4UDatabase/app/src/main/java/com/daviancorp/android/data/database/MonsterDamageCursor.java|class:com.daviancorp.android.data.database.MonsterDamageCursor
UnclosedCloseable;aDoctor;/Users/rar9993/repos/research/fdroid_apps/native_apps/MonsterHunter4UDatabase/NONE_TRANSFORMED_;/Users/rar9993/repos/research/fdroid_apps/native_apps/MonsterHunter4UDatabase/app/src/main/java/com/daviancorp/android/data/database/HuntingRewardCursor.java;file:/Users/rar9993/repos/research/fdroid_apps/native_apps/MonsterHunter4UDatabase/app/src/main/java/com/daviancorp/android/data/database/HuntingRewardCursor.java|class:com.daviancorp.android.data.database.HuntingRewardCursor
SlowForLoop;aDoctor;/Users/rar9993/repos/research/fdroid_apps/native_apps/MonsterHunter4UDatabase/NONE_TRANSFORMED_;/Users/rar9993/repos/research/fdroid_apps/native_apps/MonsterHunter4UDatabase/app/src/main/java/com/daviancorp/android/data/database/MonsterHabitatCursor.java;file:/Users/rar9993/repos/research/fdroid_apps/native_apps/MonsterHunter4UDatabase/app/src/main/java/com/daviancorp/android/data/database/MonsterHabitatCursor.java|class:com.daviancorp.android.data.database.MonsterHabitatCursor
UnclosedCloseable;aDoctor;/Users/rar9993/repos/research/fdroid_apps/native_apps/MonsterHunter4UDatabase/NONE_TRANSFORMED_;/Users/rar9993/repos/research/fdroid_apps/native_apps/MonsterHunter4UDatabase/app/src/main/java/com/daviancorp/android/data/database/MonsterHabitatCursor.java;file:/Users/rar9993/repos/research/fdroid_apps/native_apps/MonsterHunter4UDatabase/app/src/main/java/com/daviancorp/android/data/database/MonsterHabitatCursor.java|class:com.daviancorp.android.data.database.MonsterHabitatCursor
UnclosedCloseable;aDoctor;/Users/rar9993/repos/research/fdroid_apps/native_apps/MonsterHunter4UDatabase/NONE_TRANSFORMED_;/Users/rar9993/repos/research/fdroid_apps/native_apps/MonsterHunter4UDatabase/app/src/main/java/com/daviancorp/android/data/database/MogaWoodsRewardCursor.java;file:/Users/rar9993/repos/research/fdroid_apps/native_apps/MonsterHunter4UDatabase/app/src/main/java/com/daviancorp/android/data/database/MogaWoodsRewardCursor.java|class:com.daviancorp.android.data.database.MogaWoodsRewardCursor
SlowForLoop;aDoctor;/Users/rar9993/repos/research/fdroid_apps/native_apps/MonsterHunter4UDatabase/NONE_TRANSFORMED_;/Users/rar9993/repos/research/fdroid_apps/native_apps/MonsterHunter4UDatabase/app/src/main/java/com/daviancorp/android/data/database/DataManager.java;file:/Users/rar9993/repos/research/fdroid_apps/native_apps/MonsterHunter4UDatabase/app/src/main/java/com/daviancorp/android/data/database/DataManager.java|class:com.daviancorp.android.data.database.DataManager
UnclosedCloseable;aDoctor;/Users/rar9993/repos/research/fdroid_apps/native_apps/MonsterHunter4UDatabase/NONE_TRANSFORMED_;/Users/rar9993/repos/research/fdroid_apps/native_apps/MonsterHunter4UDatabase/app/src/main/java/com/daviancorp/android/data/database/ArenaQuestCursor.java;file:/Users/rar9993/repos/research/fdroid_apps/native_apps/MonsterHunter4UDatabase/app/src/main/java/com/daviancorp/android/data/database/ArenaQuestCursor.java|class:com.daviancorp.android.data.database.ArenaQuestCursor
UnclosedCloseable;aDoctor;/Users/rar9993/repos/research/fdroid_apps/native_apps/MonsterHunter4UDatabase/NONE_TRANSFORMED_;/Users/rar9993/repos/research/fdroid_apps/native_apps/MonsterHunter4UDatabase/app/src/main/java/com/daviancorp/android/data/database/SkillCursor.java;file:/Users/rar9993/repos/research/fdroid_apps/native_apps/MonsterHunter4UDatabase/app/src/main/java/com/daviancorp/android/data/database/SkillCursor.java|class:com.daviancorp.android.data.database.SkillCursor
UnclosedCloseable;aDoctor;/Users/rar9993/repos/research/fdroid_apps/native_apps/MonsterHunter4UDatabase/NONE_TRANSFORMED_;/Users/rar9993/repos/research/fdroid_apps/native_apps/MonsterHunter4UDatabase/app/src/main/java/com/daviancorp/android/data/database/WishlistDataCursor.java;file:/Users/rar9993/repos/research/fdroid_apps/native_apps/MonsterHunter4UDatabase/app/src/main/java/com/daviancorp/android/data/database/WishlistDataCursor.java|class:com.daviancorp.android.data.database.WishlistDataCursor
UnclosedCloseable;aDoctor;/Users/rar9993/repos/research/fdroid_apps/native_apps/MonsterHunter4UDatabase/NONE_TRANSFORMED_;/Users/rar9993/repos/research/fdroid_apps/native_apps/MonsterHunter4UDatabase/app/src/main/java/com/daviancorp/android/data/database/QuestRewardCursor.java;file:/Users/rar9993/repos/research/fdroid_apps/native_apps/MonsterHunter4UDatabase/app/src/main/java/com/daviancorp/android/data/database/QuestRewardCursor.java|class:com.daviancorp.android.data.database.QuestRewardCursor
UnclosedCloseable;aDoctor;/Users/rar9993/repos/research/fdroid_apps/native_apps/MonsterHunter4UDatabase/NONE_TRANSFORMED_;/Users/rar9993/repos/research/fdroid_apps/native_apps/MonsterHunter4UDatabase/app/src/main/java/com/daviancorp/android/data/database/ItemToSkillTreeCursor.java;file:/Users/rar9993/repos/research/fdroid_apps/native_apps/MonsterHunter4UDatabase/app/src/main/java/com/daviancorp/android/data/database/ItemToSkillTreeCursor.java|class:com.daviancorp.android.data.database.ItemToSkillTreeCursor
UnclosedCloseable;aDoctor;/Users/rar9993/repos/research/fdroid_apps/native_apps/MonsterHunter4UDatabase/NONE_TRANSFORMED_;/Users/rar9993/repos/research/fdroid_apps/native_apps/MonsterHunter4UDatabase/app/src/main/java/com/daviancorp/android/data/database/CombiningCursor.java;file:/Users/rar9993/repos/research/fdroid_apps/native_apps/MonsterHunter4UDatabase/app/src/main/java/com/daviancorp/android/data/database/CombiningCursor.java|class:com.daviancorp.android.data.database.CombiningCursor
UnclosedCloseable;aDoctor;/Users/rar9993/repos/research/fdroid_apps/native_apps/MonsterHunter4UDatabase/NONE_TRANSFORMED_;/Users/rar9993/repos/research/fdroid_apps/native_apps/MonsterHunter4UDatabase/app/src/main/java/com/daviancorp/android/data/database/WyporiumTradeCursor.java;file:/Users/rar9993/repos/research/fdroid_apps/native_apps/MonsterHunter4UDatabase/app/src/main/java/com/daviancorp/android/data/database/WyporiumTradeCursor.java|class:com.daviancorp.android.data.database.WyporiumTradeCursor
MemberIgnoringMethod;aDoctor;/Users/rar9993/repos/research/fdroid_apps/native_apps/MonsterHunter4UDatabase/NONE_TRANSFORMED_;/Users/rar9993/repos/research/fdroid_apps/native_apps/MonsterHunter4UDatabase/app/src/main/java/com/daviancorp/android/data/database/MonsterHunterDatabaseHelper.java;file:/Users/rar9993/repos/research/fdroid_apps/native_apps/MonsterHunter4UDatabase/app/src/main/java/com/daviancorp/android/data/database/MonsterHunterDatabaseHelper.java|class:com.daviancorp.android.data.database.MonsterHunterDatabaseHelper
SlowForLoop;aDoctor;/Users/rar9993/repos/research/fdroid_apps/native_apps/MonsterHunter4UDatabase/NONE_TRANSFORMED_;/Users/rar9993/repos/research/fdroid_apps/native_apps/MonsterHunter4UDatabase/app/src/main/java/com/daviancorp/android/data/database/MonsterHunterDatabaseHelper.java;file:/Users/rar9993/repos/research/fdroid_apps/native_apps/MonsterHunter4UDatabase/app/src/main/java/com/daviancorp/android/data/database/MonsterHunterDatabaseHelper.java|class:com.daviancorp.android.data.database.MonsterHunterDatabaseHelper
UnclosedCloseable;aDoctor;/Users/rar9993/repos/research/fdroid_apps/native_apps/MonsterHunter4UDatabase/NONE_TRANSFORMED_;/Users/rar9993/repos/research/fdroid_apps/native_apps/MonsterHunter4UDatabase/app/src/main/java/com/daviancorp/android/data/database/ItemCursor.java;file:/Users/rar9993/repos/research/fdroid_apps/native_apps/MonsterHunter4UDatabase/app/src/main/java/com/daviancorp/android/data/database/ItemCursor.java|class:com.daviancorp.android.data.database.ItemCursor
UnclosedCloseable;aDoctor;/Users/rar9993/repos/research/fdroid_apps/native_apps/MonsterHunter4UDatabase/NONE_TRANSFORMED_;/Users/rar9993/repos/research/fdroid_apps/native_apps/MonsterHunter4UDatabase/app/src/main/java/com/daviancorp/android/data/database/WeaponCursor.java;file:/Users/rar9993/repos/research/fdroid_apps/native_apps/MonsterHunter4UDatabase/app/src/main/java/com/daviancorp/android/data/database/WeaponCursor.java|class:com.daviancorp.android.data.database.WeaponCursor
UnclosedCloseable;aDoctor;/Users/rar9993/repos/research/fdroid_apps/native_apps/MonsterHunter4UDatabase/NONE_TRANSFORMED_;/Users/rar9993/repos/research/fdroid_apps/native_apps/MonsterHunter4UDatabase/app/src/main/java/com/daviancorp/android/data/database/MonsterCursor.java;file:/Users/rar9993/repos/research/fdroid_apps/native_apps/MonsterHunter4UDatabase/app/src/main/java/com/daviancorp/android/data/database/MonsterCursor.java|class:com.daviancorp.android.data.database.MonsterCursor
UnclosedCloseable;aDoctor;/Users/rar9993/repos/research/fdroid_apps/native_apps/MonsterHunter4UDatabase/NONE_TRANSFORMED_;/Users/rar9993/repos/research/fdroid_apps/native_apps/MonsterHunter4UDatabase/app/src/main/java/com/daviancorp/android/data/database/ArenaRewardCursor.java;file:/Users/rar9993/repos/research/fdroid_apps/native_apps/MonsterHunter4UDatabase/app/src/main/java/com/daviancorp/android/data/database/ArenaRewardCursor.java|class:com.daviancorp.android.data.database.ArenaRewardCursor
UnclosedCloseable;aDoctor;/Users/rar9993/repos/research/fdroid_apps/native_apps/MonsterHunter4UDatabase/NONE_TRANSFORMED_;/Users/rar9993/repos/research/fdroid_apps/native_apps/MonsterHunter4UDatabase/app/src/main/java/com/daviancorp/android/data/database/WishlistComponentCursor.java;file:/Users/rar9993/repos/research/fdroid_apps/native_apps/MonsterHunter4UDatabase/app/src/main/java/com/daviancorp/android/data/database/WishlistComponentCursor.java|class:com.daviancorp.android.data.database.WishlistComponentCursor
UnclosedCloseable;aDoctor;/Users/rar9993/repos/research/fdroid_apps/native_apps/MonsterHunter4UDatabase/NONE_TRANSFORMED_;/Users/rar9993/repos/research/fdroid_apps/native_apps/MonsterHunter4UDatabase/app/src/main/java/com/daviancorp/android/data/database/MonsterToArenaCursor.java;file:/Users/rar9993/repos/research/fdroid_apps/native_apps/MonsterHunter4UDatabase/app/src/main/java/com/daviancorp/android/data/database/MonsterToArenaCursor.java|class:com.daviancorp.android.data.database.MonsterToArenaCursor
UnclosedCloseable;aDoctor;/Users/rar9993/repos/research/fdroid_apps/native_apps/MonsterHunter4UDatabase/NONE_TRANSFORMED_;/Users/rar9993/repos/research/fdroid_apps/native_apps/MonsterHunter4UDatabase/app/src/main/java/com/daviancorp/android/data/database/SkillTreeCursor.java;file:/Users/rar9993/repos/research/fdroid_apps/native_apps/MonsterHunter4UDatabase/app/src/main/java/com/daviancorp/android/data/database/SkillTreeCursor.java|class:com.daviancorp.android.data.database.SkillTreeCursor
UnclosedCloseable;aDoctor;/Users/rar9993/repos/research/fdroid_apps/native_apps/MonsterHunter4UDatabase/NONE_TRANSFORMED_;/Users/rar9993/repos/research/fdroid_apps/native_apps/MonsterHunter4UDatabase/app/src/main/java/com/daviancorp/android/data/database/QuestCursor.java;file:/Users/rar9993/repos/research/fdroid_apps/native_apps/MonsterHunter4UDatabase/app/src/main/java/com/daviancorp/android/data/database/QuestCursor.java|class:com.daviancorp.android.data.database.QuestCursor
UnclosedCloseable;aDoctor;/Users/rar9993/repos/research/fdroid_apps/native_apps/MonsterHunter4UDatabase/NONE_TRANSFORMED_;/Users/rar9993/repos/research/fdroid_apps/native_apps/MonsterHunter4UDatabase/app/src/main/java/com/daviancorp/android/data/database/ASBSetCursor.java;file:/Users/rar9993/repos/research/fdroid_apps/native_apps/MonsterHunter4UDatabase/app/src/main/java/com/daviancorp/android/data/database/ASBSetCursor.java|class:com.daviancorp.android.data.database.ASBSetCursor
UnclosedCloseable;aDoctor;/Users/rar9993/repos/research/fdroid_apps/native_apps/MonsterHunter4UDatabase/NONE_TRANSFORMED_;/Users/rar9993/repos/research/fdroid_apps/native_apps/MonsterHunter4UDatabase/app/src/main/java/com/daviancorp/android/data/database/GatheringCursor.java;file:/Users/rar9993/repos/research/fdroid_apps/native_apps/MonsterHunter4UDatabase/app/src/main/java/com/daviancorp/android/data/database/GatheringCursor.java|class:com.daviancorp.android.data.database.GatheringCursor
UnclosedCloseable;aDoctor;/Users/rar9993/repos/research/fdroid_apps/native_apps/MonsterHunter4UDatabase/NONE_TRANSFORMED_;/Users/rar9993/repos/research/fdroid_apps/native_apps/MonsterHunter4UDatabase/app/src/main/java/com/daviancorp/android/data/database/ComponentCursor.java;file:/Users/rar9993/repos/research/fdroid_apps/native_apps/MonsterHunter4UDatabase/app/src/main/java/com/daviancorp/android/data/database/ComponentCursor.java|class:com.daviancorp.android.data.database.ComponentCursor
UnclosedCloseable;aDoctor;/Users/rar9993/repos/research/fdroid_apps/native_apps/MonsterHunter4UDatabase/NONE_TRANSFORMED_;/Users/rar9993/repos/research/fdroid_apps/native_apps/MonsterHunter4UDatabase/app/src/main/java/com/daviancorp/android/data/database/WishlistCursor.java;file:/Users/rar9993/repos/research/fdroid_apps/native_apps/MonsterHunter4UDatabase/app/src/main/java/com/daviancorp/android/data/database/WishlistCursor.java|class:com.daviancorp.android.data.database.WishlistCursor
InternalGetterSetter;aDoctor;/Users/rar9993/repos/research/fdroid_apps/native_apps/MonsterHunter4UDatabase/NONE_TRANSFORMED_;/Users/rar9993/repos/research/fdroid_apps/native_apps/MonsterHunter4UDatabase/app/src/main/java/com/daviancorp/android/data/classes/ASBSession.java;file:/Users/rar9993/repos/research/fdroid_apps/native_apps/MonsterHunter4UDatabase/app/src/main/java/com/daviancorp/android/data/classes/ASBSession.java|class:com.daviancorp.android.data.classes.ASBSession
MemberIgnoringMethod;aDoctor;/Users/rar9993/repos/research/fdroid_apps/native_apps/MonsterHunter4UDatabase/NONE_TRANSFORMED_;/Users/rar9993/repos/research/fdroid_apps/native_apps/MonsterHunter4UDatabase/app/src/main/java/com/daviancorp/android/data/classes/ASBSession.java;file:/Users/rar9993/repos/research/fdroid_apps/native_apps/MonsterHunter4UDatabase/app/src/main/java/com/daviancorp/android/data/classes/ASBSession.java|class:com.daviancorp.android.data.classes.ASBSession
SlowForLoop;aDoctor;/Users/rar9993/repos/research/fdroid_apps/native_apps/MonsterHunter4UDatabase/NONE_TRANSFORMED_;/Users/rar9993/repos/research/fdroid_apps/native_apps/MonsterHunter4UDatabase/app/src/main/java/com/daviancorp/android/data/classes/ASBSession.java;file:/Users/rar9993/repos/research/fdroid_apps/native_apps/MonsterHunter4UDatabase/app/src/main/java/com/daviancorp/android/data/classes/ASBSession.java|class:com.daviancorp.android.data.classes.ASBSession
MemberIgnoringMethod;aDoctor;/Users/rar9993/repos/research/fdroid_apps/native_apps/MonsterHunter4UDatabase/NONE_TRANSFORMED_;/Users/rar9993/repos/research/fdroid_apps/native_apps/MonsterHunter4UDatabase/app/src/main/java/com/daviancorp/android/data/classes/Armor.java;file:/Users/rar9993/repos/research/fdroid_apps/native_apps/MonsterHunter4UDatabase/app/src/main/java/com/daviancorp/android/data/classes/Armor.java|class:com.daviancorp.android.data.classes.Armor
SlowForLoop;aDoctor;/Users/rar9993/repos/research/fdroid_apps/native_apps/MonsterHunter4UDatabase/NONE_TRANSFORMED_;/Users/rar9993/repos/research/fdroid_apps/native_apps/MonsterHunter4UDatabase/app/src/main/java/com/daviancorp/android/data/classes/Weapon.java;file:/Users/rar9993/repos/research/fdroid_apps/native_apps/MonsterHunter4UDatabase/app/src/main/java/com/daviancorp/android/data/classes/Weapon.java|class:com.daviancorp.android.data.classes.Weapon
LeakingInnerClass;aDoctor;/Users/rar9993/repos/research/fdroid_apps/native_apps/MonsterHunter4UDatabase/NONE_TRANSFORMED_;/Users/rar9993/repos/research/fdroid_apps/native_apps/MonsterHunter4UDatabase/multilevelexpindlistview/src/main/java/com/oissela/software/multilevelexpindlistview/MultiLevelExpIndListAdapter.java;file:/Users/rar9993/repos/research/fdroid_apps/native_apps/MonsterHunter4UDatabase/multilevelexpindlistview/src/main/java/com/oissela/software/multilevelexpindlistview/MultiLevelExpIndListAdapter.java|class:com.oissela.software.multilevelexpindlistview.MultiLevelExpIndListAdapter
MemberIgnoringMethod;aDoctor;/Users/rar9993/repos/research/fdroid_apps/native_apps/MonsterHunter4UDatabase/NONE_TRANSFORMED_;/Users/rar9993/repos/research/fdroid_apps/native_apps/MonsterHunter4UDatabase/multilevelexpindlistview/src/main/java/com/oissela/software/multilevelexpindlistview/MultiLevelExpIndListAdapter.java;file:/Users/rar9993/repos/research/fdroid_apps/native_apps/MonsterHunter4UDatabase/multilevelexpindlistview/src/main/java/com/oissela/software/multilevelexpindlistview/MultiLevelExpIndListAdapter.java|class:com.oissela.software.multilevelexpindlistview.MultiLevelExpIndListAdapter
SlowForLoop;aDoctor;/Users/rar9993/repos/research/fdroid_apps/native_apps/MonsterHunter4UDatabase/NONE_TRANSFORMED_;/Users/rar9993/repos/research/fdroid_apps/native_apps/MonsterHunter4UDatabase/multilevelexpindlistview/src/main/java/com/oissela/software/multilevelexpindlistview/MultiLevelExpIndListAdapter.java;file:/Users/rar9993/repos/research/fdroid_apps/native_apps/MonsterHunter4UDatabase/multilevelexpindlistview/src/main/java/com/oissela/software/multilevelexpindlistview/MultiLevelExpIndListAdapter.java|class:com.oissela.software.multilevelexpindlistview.MultiLevelExpIndListAdapter
SlowForLoop;aDoctor;/Users/rar9993/repos/research/fdroid_apps/native_apps/MonsterHunter4UDatabase/NONE_TRANSFORMED_;/Users/rar9993/repos/research/fdroid_apps/native_apps/MonsterHunter4UDatabase/android-sqlite-asset-helper/src/main/java/com/readystatesoftware/sqliteasset/Utils.java;file:/Users/rar9993/repos/research/fdroid_apps/native_apps/MonsterHunter4UDatabase/android-sqlite-asset-helper/src/main/java/com/readystatesoftware/sqliteasset/Utils.java|class:com.readystatesoftware.sqliteasset.Utils
MemberIgnoringMethod;aDoctor;/Users/rar9993/repos/research/fdroid_apps/native_apps/MonsterHunter4UDatabase/NONE_TRANSFORMED_;/Users/rar9993/repos/research/fdroid_apps/native_apps/MonsterHunter4UDatabase/android-sqlite-asset-helper/src/main/java/com/readystatesoftware/sqliteasset/SQLiteAssetHelper.java;file:/Users/rar9993/repos/research/fdroid_apps/native_apps/MonsterHunter4UDatabase/android-sqlite-asset-helper/src/main/java/com/readystatesoftware/sqliteasset/SQLiteAssetHelper.java|class:com.readystatesoftware.sqliteasset.SQLiteAssetHelper
AvoidInstantiatingObjectsInLoops;PMD;/Users/rar9993/repos/research/fdroid_apps/native_apps/MonsterHunter4UDatabase/NONE_TRANSFORMED_;/Users/rar9993/repos/research/fdroid_apps/native_apps/MonsterHunter4UDatabase/app/src/main/java/com/daviancorp/android/data/classes/ASBSession.java;file:/Users/rar9993/repos/research/fdroid_apps/native_apps/MonsterHunter4UDatabase/app/src/main/java/com/daviancorp/android/data/classes/ASBSession.java|line:303
UseStringBufferForStringAppends;PMD;/Users/rar9993/repos/research/fdroid_apps/native_apps/MonsterHunter4UDatabase/NONE_TRANSFORMED_;/Users/rar9993/repos/research/fdroid_apps/native_apps/MonsterHunter4UDatabase/app/src/main/java/com/daviancorp/android/data/classes/Weapon.java;file:/Users/rar9993/repos/research/fdroid_apps/native_apps/MonsterHunter4UDatabase/app/src/main/java/com/daviancorp/android/data/classes/Weapon.java|line:197
AvoidInstantiatingObjectsInLoops;PMD;/Users/rar9993/repos/research/fdroid_apps/native_apps/MonsterHunter4UDatabase/NONE_TRANSFORMED_;/Users/rar9993/repos/research/fdroid_apps/native_apps/MonsterHunter4UDatabase/app/src/main/java/com/daviancorp/android/data/database/DataManager.java;file:/Users/rar9993/repos/research/fdroid_apps/native_apps/MonsterHunter4UDatabase/app/src/main/java/com/daviancorp/android/data/database/DataManager.java|line:1004
RedundantFieldInitializer;PMD;/Users/rar9993/repos/research/fdroid_apps/native_apps/MonsterHunter4UDatabase/NONE_TRANSFORMED_;/Users/rar9993/repos/research/fdroid_apps/native_apps/MonsterHunter4UDatabase/app/src/main/java/com/daviancorp/android/data/database/MonsterHunterDatabaseHelper.java;file:/Users/rar9993/repos/research/fdroid_apps/native_apps/MonsterHunter4UDatabase/app/src/main/java/com/daviancorp/android/data/database/MonsterHunterDatabaseHelper.java|line:62
AppendCharacterWithChar;PMD;/Users/rar9993/repos/research/fdroid_apps/native_apps/MonsterHunter4UDatabase/NONE_TRANSFORMED_;/Users/rar9993/repos/research/fdroid_apps/native_apps/MonsterHunter4UDatabase/app/src/main/java/com/daviancorp/android/data/database/MonsterHunterDatabaseHelper.java;file:/Users/rar9993/repos/research/fdroid_apps/native_apps/MonsterHunter4UDatabase/app/src/main/java/com/daviancorp/android/data/database/MonsterHunterDatabaseHelper.java|line:474
AddEmptyString;PMD;/Users/rar9993/repos/research/fdroid_apps/native_apps/MonsterHunter4UDatabase/NONE_TRANSFORMED_;/Users/rar9993/repos/research/fdroid_apps/native_apps/MonsterHunter4UDatabase/app/src/main/java/com/daviancorp/android/data/database/MonsterHunterDatabaseHelper.java;file:/Users/rar9993/repos/research/fdroid_apps/native_apps/MonsterHunter4UDatabase/app/src/main/java/com/daviancorp/android/data/database/MonsterHunterDatabaseHelper.java|line:623
AddEmptyString;PMD;/Users/rar9993/repos/research/fdroid_apps/native_apps/MonsterHunter4UDatabase/NONE_TRANSFORMED_;/Users/rar9993/repos/research/fdroid_apps/native_apps/MonsterHunter4UDatabase/app/src/main/java/com/daviancorp/android/data/database/MonsterHunterDatabaseHelper.java;file:/Users/rar9993/repos/research/fdroid_apps/native_apps/MonsterHunter4UDatabase/app/src/main/java/com/daviancorp/android/data/database/MonsterHunterDatabaseHelper.java|line:682
AddEmptyString;PMD;/Users/rar9993/repos/research/fdroid_apps/native_apps/MonsterHunter4UDatabase/NONE_TRANSFORMED_;/Users/rar9993/repos/research/fdroid_apps/native_apps/MonsterHunter4UDatabase/app/src/main/java/com/daviancorp/android/data/database/MonsterHunterDatabaseHelper.java;file:/Users/rar9993/repos/research/fdroid_apps/native_apps/MonsterHunter4UDatabase/app/src/main/java/com/daviancorp/android/data/database/MonsterHunterDatabaseHelper.java|line:700
AddEmptyString;PMD;/Users/rar9993/repos/research/fdroid_apps/native_apps/MonsterHunter4UDatabase/NONE_TRANSFORMED_;/Users/rar9993/repos/research/fdroid_apps/native_apps/MonsterHunter4UDatabase/app/src/main/java/com/daviancorp/android/data/database/MonsterHunterDatabaseHelper.java;file:/Users/rar9993/repos/research/fdroid_apps/native_apps/MonsterHunter4UDatabase/app/src/main/java/com/daviancorp/android/data/database/MonsterHunterDatabaseHelper.java|line:1041
AddEmptyString;PMD;/Users/rar9993/repos/research/fdroid_apps/native_apps/MonsterHunter4UDatabase/NONE_TRANSFORMED_;/Users/rar9993/repos/research/fdroid_apps/native_apps/MonsterHunter4UDatabase/app/src/main/java/com/daviancorp/android/data/database/MonsterHunterDatabaseHelper.java;file:/Users/rar9993/repos/research/fdroid_apps/native_apps/MonsterHunter4UDatabase/app/src/main/java/com/daviancorp/android/data/database/MonsterHunterDatabaseHelper.java|line:1059
AddEmptyString;PMD;/Users/rar9993/repos/research/fdroid_apps/native_apps/MonsterHunter4UDatabase/NONE_TRANSFORMED_;/Users/rar9993/repos/research/fdroid_apps/native_apps/MonsterHunter4UDatabase/app/src/main/java/com/daviancorp/android/data/database/MonsterHunterDatabaseHelper.java;file:/Users/rar9993/repos/research/fdroid_apps/native_apps/MonsterHunter4UDatabase/app/src/main/java/com/daviancorp/android/data/database/MonsterHunterDatabaseHelper.java|line:1078
AddEmptyString;PMD;/Users/rar9993/repos/research/fdroid_apps/native_apps/MonsterHunter4UDatabase/NONE_TRANSFORMED_;/Users/rar9993/repos/research/fdroid_apps/native_apps/MonsterHunter4UDatabase/app/src/main/java/com/daviancorp/android/data/database/MonsterHunterDatabaseHelper.java;file:/Users/rar9993/repos/research/fdroid_apps/native_apps/MonsterHunter4UDatabase/app/src/main/java/com/daviancorp/android/data/database/MonsterHunterDatabaseHelper.java|line:1256
AddEmptyString;PMD;/Users/rar9993/repos/research/fdroid_apps/native_apps/MonsterHunter4UDatabase/NONE_TRANSFORMED_;/Users/rar9993/repos/research/fdroid_apps/native_apps/MonsterHunter4UDatabase/app/src/main/java/com/daviancorp/android/data/database/MonsterHunterDatabaseHelper.java;file:/Users/rar9993/repos/research/fdroid_apps/native_apps/MonsterHunter4UDatabase/app/src/main/java/com/daviancorp/android/data/database/MonsterHunterDatabaseHelper.java|line:1275
AddEmptyString;PMD;/Users/rar9993/repos/research/fdroid_apps/native_apps/MonsterHunter4UDatabase/NONE_TRANSFORMED_;/Users/rar9993/repos/research/fdroid_apps/native_apps/MonsterHunter4UDatabase/app/src/main/java/com/daviancorp/android/data/database/MonsterHunterDatabaseHelper.java;file:/Users/rar9993/repos/research/fdroid_apps/native_apps/MonsterHunter4UDatabase/app/src/main/java/com/daviancorp/android/data/database/MonsterHunterDatabaseHelper.java|line:1294
AddEmptyString;PMD;/Users/rar9993/repos/research/fdroid_apps/native_apps/MonsterHunter4UDatabase/NONE_TRANSFORMED_;/Users/rar9993/repos/research/fdroid_apps/native_apps/MonsterHunter4UDatabase/app/src/main/java/com/daviancorp/android/data/database/MonsterHunterDatabaseHelper.java;file:/Users/rar9993/repos/research/fdroid_apps/native_apps/MonsterHunter4UDatabase/app/src/main/java/com/daviancorp/android/data/database/MonsterHunterDatabaseHelper.java|line:1477
AddEmptyString;PMD;/Users/rar9993/repos/research/fdroid_apps/native_apps/MonsterHunter4UDatabase/NONE_TRANSFORMED_;/Users/rar9993/repos/research/fdroid_apps/native_apps/MonsterHunter4UDatabase/app/src/main/java/com/daviancorp/android/data/database/MonsterHunterDatabaseHelper.java;file:/Users/rar9993/repos/research/fdroid_apps/native_apps/MonsterHunter4UDatabase/app/src/main/java/com/daviancorp/android/data/database/MonsterHunterDatabaseHelper.java|line:1657
AddEmptyString;PMD;/Users/rar9993/repos/research/fdroid_apps/native_apps/MonsterHunter4UDatabase/NONE_TRANSFORMED_;/Users/rar9993/repos/research/fdroid_apps/native_apps/MonsterHunter4UDatabase/app/src/main/java/com/daviancorp/android/data/database/MonsterHunterDatabaseHelper.java;file:/Users/rar9993/repos/research/fdroid_apps/native_apps/MonsterHunter4UDatabase/app/src/main/java/com/daviancorp/android/data/database/MonsterHunterDatabaseHelper.java|line:1683
AddEmptyString;PMD;/Users/rar9993/repos/research/fdroid_apps/native_apps/MonsterHunter4UDatabase/NONE_TRANSFORMED_;/Users/rar9993/repos/research/fdroid_apps/native_apps/MonsterHunter4UDatabase/app/src/main/java/com/daviancorp/android/data/database/MonsterHunterDatabaseHelper.java;file:/Users/rar9993/repos/research/fdroid_apps/native_apps/MonsterHunter4UDatabase/app/src/main/java/com/daviancorp/android/data/database/MonsterHunterDatabaseHelper.java|line:1817
AddEmptyString;PMD;/Users/rar9993/repos/research/fdroid_apps/native_apps/MonsterHunter4UDatabase/NONE_TRANSFORMED_;/Users/rar9993/repos/research/fdroid_apps/native_apps/MonsterHunter4UDatabase/app/src/main/java/com/daviancorp/android/data/database/MonsterHunterDatabaseHelper.java;file:/Users/rar9993/repos/research/fdroid_apps/native_apps/MonsterHunter4UDatabase/app/src/main/java/com/daviancorp/android/data/database/MonsterHunterDatabaseHelper.java|line:1834
AddEmptyString;PMD;/Users/rar9993/repos/research/fdroid_apps/native_apps/MonsterHunter4UDatabase/NONE_TRANSFORMED_;/Users/rar9993/repos/research/fdroid_apps/native_apps/MonsterHunter4UDatabase/app/src/main/java/com/daviancorp/android/data/database/MonsterHunterDatabaseHelper.java;file:/Users/rar9993/repos/research/fdroid_apps/native_apps/MonsterHunter4UDatabase/app/src/main/java/com/daviancorp/android/data/database/MonsterHunterDatabaseHelper.java|line:1853
AddEmptyString;PMD;/Users/rar9993/repos/research/fdroid_apps/native_apps/MonsterHunter4UDatabase/NONE_TRANSFORMED_;/Users/rar9993/repos/research/fdroid_apps/native_apps/MonsterHunter4UDatabase/app/src/main/java/com/daviancorp/android/data/database/MonsterHunterDatabaseHelper.java;file:/Users/rar9993/repos/research/fdroid_apps/native_apps/MonsterHunter4UDatabase/app/src/main/java/com/daviancorp/android/data/database/MonsterHunterDatabaseHelper.java|line:2199
AddEmptyString;PMD;/Users/rar9993/repos/research/fdroid_apps/native_apps/MonsterHunter4UDatabase/NONE_TRANSFORMED_;/Users/rar9993/repos/research/fdroid_apps/native_apps/MonsterHunter4UDatabase/app/src/main/java/com/daviancorp/android/data/database/MonsterHunterDatabaseHelper.java;file:/Users/rar9993/repos/research/fdroid_apps/native_apps/MonsterHunter4UDatabase/app/src/main/java/com/daviancorp/android/data/database/MonsterHunterDatabaseHelper.java|line:2218
AddEmptyString;PMD;/Users/rar9993/repos/research/fdroid_apps/native_apps/MonsterHunter4UDatabase/NONE_TRANSFORMED_;/Users/rar9993/repos/research/fdroid_apps/native_apps/MonsterHunter4UDatabase/app/src/main/java/com/daviancorp/android/data/database/MonsterHunterDatabaseHelper.java;file:/Users/rar9993/repos/research/fdroid_apps/native_apps/MonsterHunter4UDatabase/app/src/main/java/com/daviancorp/android/data/database/MonsterHunterDatabaseHelper.java|line:2280
AddEmptyString;PMD;/Users/rar9993/repos/research/fdroid_apps/native_apps/MonsterHunter4UDatabase/NONE_TRANSFORMED_;/Users/rar9993/repos/research/fdroid_apps/native_apps/MonsterHunter4UDatabase/app/src/main/java/com/daviancorp/android/data/database/MonsterHunterDatabaseHelper.java;file:/Users/rar9993/repos/research/fdroid_apps/native_apps/MonsterHunter4UDatabase/app/src/main/java/com/daviancorp/android/data/database/MonsterHunterDatabaseHelper.java|line:2299
AddEmptyString;PMD;/Users/rar9993/repos/research/fdroid_apps/native_apps/MonsterHunter4UDatabase/NONE_TRANSFORMED_;/Users/rar9993/repos/research/fdroid_apps/native_apps/MonsterHunter4UDatabase/app/src/main/java/com/daviancorp/android/data/database/MonsterHunterDatabaseHelper.java;file:/Users/rar9993/repos/research/fdroid_apps/native_apps/MonsterHunter4UDatabase/app/src/main/java/com/daviancorp/android/data/database/MonsterHunterDatabaseHelper.java|line:2520
AddEmptyString;PMD;/Users/rar9993/repos/research/fdroid_apps/native_apps/MonsterHunter4UDatabase/NONE_TRANSFORMED_;/Users/rar9993/repos/research/fdroid_apps/native_apps/MonsterHunter4UDatabase/app/src/main/java/com/daviancorp/android/data/database/MonsterHunterDatabaseHelper.java;file:/Users/rar9993/repos/research/fdroid_apps/native_apps/MonsterHunter4UDatabase/app/src/main/java/com/daviancorp/android/data/database/MonsterHunterDatabaseHelper.java|line:2538
AddEmptyString;PMD;/Users/rar9993/repos/research/fdroid_apps/native_apps/MonsterHunter4UDatabase/NONE_TRANSFORMED_;/Users/rar9993/repos/research/fdroid_apps/native_apps/MonsterHunter4UDatabase/app/src/main/java/com/daviancorp/android/data/database/MonsterHunterDatabaseHelper.java;file:/Users/rar9993/repos/research/fdroid_apps/native_apps/MonsterHunter4UDatabase/app/src/main/java/com/daviancorp/android/data/database/MonsterHunterDatabaseHelper.java|line:3030
AddEmptyString;PMD;/Users/rar9993/repos/research/fdroid_apps/native_apps/MonsterHunter4UDatabase/NONE_TRANSFORMED_;/Users/rar9993/repos/research/fdroid_apps/native_apps/MonsterHunter4UDatabase/app/src/main/java/com/daviancorp/android/data/database/MonsterHunterDatabaseHelper.java;file:/Users/rar9993/repos/research/fdroid_apps/native_apps/MonsterHunter4UDatabase/app/src/main/java/com/daviancorp/android/data/database/MonsterHunterDatabaseHelper.java|line:3227
AddEmptyString;PMD;/Users/rar9993/repos/research/fdroid_apps/native_apps/MonsterHunter4UDatabase/NONE_TRANSFORMED_;/Users/rar9993/repos/research/fdroid_apps/native_apps/MonsterHunter4UDatabase/app/src/main/java/com/daviancorp/android/data/database/MonsterHunterDatabaseHelper.java;file:/Users/rar9993/repos/research/fdroid_apps/native_apps/MonsterHunter4UDatabase/app/src/main/java/com/daviancorp/android/data/database/MonsterHunterDatabaseHelper.java|line:3449
OptimizableToArrayCall;PMD;/Users/rar9993/repos/research/fdroid_apps/native_apps/MonsterHunter4UDatabase/NONE_TRANSFORMED_;/Users/rar9993/repos/research/fdroid_apps/native_apps/MonsterHunter4UDatabase/app/src/main/java/com/daviancorp/android/data/database/MultiObjectCursor.java;file:/Users/rar9993/repos/research/fdroid_apps/native_apps/MonsterHunter4UDatabase/app/src/main/java/com/daviancorp/android/data/database/MultiObjectCursor.java|line:93
UseStringBufferForStringAppends;PMD;/Users/rar9993/repos/research/fdroid_apps/native_apps/MonsterHunter4UDatabase/NONE_TRANSFORMED_;/Users/rar9993/repos/research/fdroid_apps/native_apps/MonsterHunter4UDatabase/app/src/main/java/com/daviancorp/android/ui/adapter/WeaponExpandableListBladeAdapter.java;file:/Users/rar9993/repos/research/fdroid_apps/native_apps/MonsterHunter4UDatabase/app/src/main/java/com/daviancorp/android/ui/adapter/WeaponExpandableListBladeAdapter.java|line:139
UseStringBufferForStringAppends;PMD;/Users/rar9993/repos/research/fdroid_apps/native_apps/MonsterHunter4UDatabase/NONE_TRANSFORMED_;/Users/rar9993/repos/research/fdroid_apps/native_apps/MonsterHunter4UDatabase/app/src/main/java/com/daviancorp/android/ui/adapter/WeaponExpandableListBladeAdapter.java;file:/Users/rar9993/repos/research/fdroid_apps/native_apps/MonsterHunter4UDatabase/app/src/main/java/com/daviancorp/android/ui/adapter/WeaponExpandableListBladeAdapter.java|line:142
UseStringBufferForStringAppends;PMD;/Users/rar9993/repos/research/fdroid_apps/native_apps/MonsterHunter4UDatabase/NONE_TRANSFORMED_;/Users/rar9993/repos/research/fdroid_apps/native_apps/MonsterHunter4UDatabase/app/src/main/java/com/daviancorp/android/ui/adapter/WeaponExpandableListBladeAdapter.java;file:/Users/rar9993/repos/research/fdroid_apps/native_apps/MonsterHunter4UDatabase/app/src/main/java/com/daviancorp/android/ui/adapter/WeaponExpandableListBladeAdapter.java|line:145
UseStringBufferForStringAppends;PMD;/Users/rar9993/repos/research/fdroid_apps/native_apps/MonsterHunter4UDatabase/NONE_TRANSFORMED_;/Users/rar9993/repos/research/fdroid_apps/native_apps/MonsterHunter4UDatabase/app/src/main/java/com/daviancorp/android/ui/adapter/WeaponExpandableListBladeAdapter.java;file:/Users/rar9993/repos/research/fdroid_apps/native_apps/MonsterHunter4UDatabase/app/src/main/java/com/daviancorp/android/ui/adapter/WeaponExpandableListBladeAdapter.java|line:148
UseStringBufferForStringAppends;PMD;/Users/rar9993/repos/research/fdroid_apps/native_apps/MonsterHunter4UDatabase/NONE_TRANSFORMED_;/Users/rar9993/repos/research/fdroid_apps/native_apps/MonsterHunter4UDatabase/app/src/main/java/com/daviancorp/android/ui/adapter/WeaponExpandableListBladeAdapter.java;file:/Users/rar9993/repos/research/fdroid_apps/native_apps/MonsterHunter4UDatabase/app/src/main/java/com/daviancorp/android/ui/adapter/WeaponExpandableListBladeAdapter.java|line:151
UseStringBufferForStringAppends;PMD;/Users/rar9993/repos/research/fdroid_apps/native_apps/MonsterHunter4UDatabase/NONE_TRANSFORMED_;/Users/rar9993/repos/research/fdroid_apps/native_apps/MonsterHunter4UDatabase/app/src/main/java/com/daviancorp/android/ui/adapter/WeaponExpandableListBladeAdapter.java;file:/Users/rar9993/repos/research/fdroid_apps/native_apps/MonsterHunter4UDatabase/app/src/main/java/com/daviancorp/android/ui/adapter/WeaponExpandableListBladeAdapter.java|line:154
UseStringBufferForStringAppends;PMD;/Users/rar9993/repos/research/fdroid_apps/native_apps/MonsterHunter4UDatabase/NONE_TRANSFORMED_;/Users/rar9993/repos/research/fdroid_apps/native_apps/MonsterHunter4UDatabase/app/src/main/java/com/daviancorp/android/ui/adapter/WeaponExpandableListBladeAdapter.java;file:/Users/rar9993/repos/research/fdroid_apps/native_apps/MonsterHunter4UDatabase/app/src/main/java/com/daviancorp/android/ui/adapter/WeaponExpandableListBladeAdapter.java|line:157
UseStringBufferForStringAppends;PMD;/Users/rar9993/repos/research/fdroid_apps/native_apps/MonsterHunter4UDatabase/NONE_TRANSFORMED_;/Users/rar9993/repos/research/fdroid_apps/native_apps/MonsterHunter4UDatabase/app/src/main/java/com/daviancorp/android/ui/adapter/WeaponExpandableListBladeAdapter.java;file:/Users/rar9993/repos/research/fdroid_apps/native_apps/MonsterHunter4UDatabase/app/src/main/java/com/daviancorp/android/ui/adapter/WeaponExpandableListBladeAdapter.java|line:160
AddEmptyString;PMD;/Users/rar9993/repos/research/fdroid_apps/native_apps/MonsterHunter4UDatabase/NONE_TRANSFORMED_;/Users/rar9993/repos/research/fdroid_apps/native_apps/MonsterHunter4UDatabase/app/src/main/java/com/daviancorp/android/ui/adapter/WeaponExpandableListElementAdapter.java;file:/Users/rar9993/repos/research/fdroid_apps/native_apps/MonsterHunter4UDatabase/app/src/main/java/com/daviancorp/android/ui/adapter/WeaponExpandableListElementAdapter.java|line:103
UseStringBufferForStringAppends;PMD;/Users/rar9993/repos/research/fdroid_apps/native_apps/MonsterHunter4UDatabase/NONE_TRANSFORMED_;/Users/rar9993/repos/research/fdroid_apps/native_apps/MonsterHunter4UDatabase/app/src/main/java/com/daviancorp/android/ui/adapter/WeaponExpandableListGeneralAdapter.java;file:/Users/rar9993/repos/research/fdroid_apps/native_apps/MonsterHunter4UDatabase/app/src/main/java/com/daviancorp/android/ui/adapter/WeaponExpandableListGeneralAdapter.java|line:160
UseStringBufferForStringAppends;PMD;/Users/rar9993/repos/research/fdroid_apps/native_apps/MonsterHunter4UDatabase/NONE_TRANSFORMED_;/Users/rar9993/repos/research/fdroid_apps/native_apps/MonsterHunter4UDatabase/app/src/main/java/com/daviancorp/android/ui/adapter/WeaponExpandableListGeneralAdapter.java;file:/Users/rar9993/repos/research/fdroid_apps/native_apps/MonsterHunter4UDatabase/app/src/main/java/com/daviancorp/android/ui/adapter/WeaponExpandableListGeneralAdapter.java|line:163
TooFewBranchesForSwitch;PMD;/Users/rar9993/repos/research/fdroid_apps/native_apps/MonsterHunter4UDatabase/NONE_TRANSFORMED_;/Users/rar9993/repos/research/fdroid_apps/native_apps/MonsterHunter4UDatabase/app/src/main/java/com/daviancorp/android/ui/adapter/WyporiumTradeDetailPagerAdapter.java;file:/Users/rar9993/repos/research/fdroid_apps/native_apps/MonsterHunter4UDatabase/app/src/main/java/com/daviancorp/android/ui/adapter/WyporiumTradeDetailPagerAdapter.java|line:24
UselessStringValueOf;PMD;/Users/rar9993/repos/research/fdroid_apps/native_apps/MonsterHunter4UDatabase/NONE_TRANSFORMED_;/Users/rar9993/repos/research/fdroid_apps/native_apps/MonsterHunter4UDatabase/app/src/main/java/com/daviancorp/android/ui/compound/ASBPieceContainer.java;file:/Users/rar9993/repos/research/fdroid_apps/native_apps/MonsterHunter4UDatabase/app/src/main/java/com/daviancorp/android/ui/compound/ASBPieceContainer.java|line:212
AvoidInstantiatingObjectsInLoops;PMD;/Users/rar9993/repos/research/fdroid_apps/native_apps/MonsterHunter4UDatabase/NONE_TRANSFORMED_;/Users/rar9993/repos/research/fdroid_apps/native_apps/MonsterHunter4UDatabase/app/src/main/java/com/daviancorp/android/ui/compound/ASBPieceContainer.java;file:/Users/rar9993/repos/research/fdroid_apps/native_apps/MonsterHunter4UDatabase/app/src/main/java/com/daviancorp/android/ui/compound/ASBPieceContainer.java|line:290
AvoidInstantiatingObjectsInLoops;PMD;/Users/rar9993/repos/research/fdroid_apps/native_apps/MonsterHunter4UDatabase/NONE_TRANSFORMED_;/Users/rar9993/repos/research/fdroid_apps/native_apps/MonsterHunter4UDatabase/app/src/main/java/com/daviancorp/android/ui/compound/ASBPieceContainer.java;file:/Users/rar9993/repos/research/fdroid_apps/native_apps/MonsterHunter4UDatabase/app/src/main/java/com/daviancorp/android/ui/compound/ASBPieceContainer.java|line:299
UseStringBufferForStringAppends;PMD;/Users/rar9993/repos/research/fdroid_apps/native_apps/MonsterHunter4UDatabase/NONE_TRANSFORMED_;/Users/rar9993/repos/research/fdroid_apps/native_apps/MonsterHunter4UDatabase/app/src/main/java/com/daviancorp/android/ui/compound/ASBPieceContainer.java;file:/Users/rar9993/repos/research/fdroid_apps/native_apps/MonsterHunter4UDatabase/app/src/main/java/com/daviancorp/android/ui/compound/ASBPieceContainer.java|line:359
UseStringBufferForStringAppends;PMD;/Users/rar9993/repos/research/fdroid_apps/native_apps/MonsterHunter4UDatabase/NONE_TRANSFORMED_;/Users/rar9993/repos/research/fdroid_apps/native_apps/MonsterHunter4UDatabase/app/src/main/java/com/daviancorp/android/ui/compound/ASBPieceContainer.java;file:/Users/rar9993/repos/research/fdroid_apps/native_apps/MonsterHunter4UDatabase/app/src/main/java/com/daviancorp/android/ui/compound/ASBPieceContainer.java|line:361
TooFewBranchesForSwitch;PMD;/Users/rar9993/repos/research/fdroid_apps/native_apps/MonsterHunter4UDatabase/NONE_TRANSFORMED_;/Users/rar9993/repos/research/fdroid_apps/native_apps/MonsterHunter4UDatabase/app/src/main/java/com/daviancorp/android/ui/detail/ASBFragment.java;file:/Users/rar9993/repos/research/fdroid_apps/native_apps/MonsterHunter4UDatabase/app/src/main/java/com/daviancorp/android/ui/detail/ASBFragment.java|line:105
AddEmptyString;PMD;/Users/rar9993/repos/research/fdroid_apps/native_apps/MonsterHunter4UDatabase/NONE_TRANSFORMED_;/Users/rar9993/repos/research/fdroid_apps/native_apps/MonsterHunter4UDatabase/app/src/main/java/com/daviancorp/android/ui/detail/ArenaQuestDetailFragment.java;file:/Users/rar9993/repos/research/fdroid_apps/native_apps/MonsterHunter4UDatabase/app/src/main/java/com/daviancorp/android/ui/detail/ArenaQuestDetailFragment.java|line:75
AddEmptyString;PMD;/Users/rar9993/repos/research/fdroid_apps/native_apps/MonsterHunter4UDatabase/NONE_TRANSFORMED_;/Users/rar9993/repos/research/fdroid_apps/native_apps/MonsterHunter4UDatabase/app/src/main/java/com/daviancorp/android/ui/detail/ArenaQuestDetailFragment.java;file:/Users/rar9993/repos/research/fdroid_apps/native_apps/MonsterHunter4UDatabase/app/src/main/java/com/daviancorp/android/ui/detail/ArenaQuestDetailFragment.java|line:76
AddEmptyString;PMD;/Users/rar9993/repos/research/fdroid_apps/native_apps/MonsterHunter4UDatabase/NONE_TRANSFORMED_;/Users/rar9993/repos/research/fdroid_apps/native_apps/MonsterHunter4UDatabase/app/src/main/java/com/daviancorp/android/ui/detail/ArenaQuestDetailFragment.java;file:/Users/rar9993/repos/research/fdroid_apps/native_apps/MonsterHunter4UDatabase/app/src/main/java/com/daviancorp/android/ui/detail/ArenaQuestDetailFragment.java|line:77
AddEmptyString;PMD;/Users/rar9993/repos/research/fdroid_apps/native_apps/MonsterHunter4UDatabase/NONE_TRANSFORMED_;/Users/rar9993/repos/research/fdroid_apps/native_apps/MonsterHunter4UDatabase/app/src/main/java/com/daviancorp/android/ui/detail/ArenaQuestDetailFragment.java;file:/Users/rar9993/repos/research/fdroid_apps/native_apps/MonsterHunter4UDatabase/app/src/main/java/com/daviancorp/android/ui/detail/ArenaQuestDetailFragment.java|line:78
AddEmptyString;PMD;/Users/rar9993/repos/research/fdroid_apps/native_apps/MonsterHunter4UDatabase/NONE_TRANSFORMED_;/Users/rar9993/repos/research/fdroid_apps/native_apps/MonsterHunter4UDatabase/app/src/main/java/com/daviancorp/android/ui/detail/ArenaQuestDetailFragment.java;file:/Users/rar9993/repos/research/fdroid_apps/native_apps/MonsterHunter4UDatabase/app/src/main/java/com/daviancorp/android/ui/detail/ArenaQuestDetailFragment.java|line:79
AddEmptyString;PMD;/Users/rar9993/repos/research/fdroid_apps/native_apps/MonsterHunter4UDatabase/NONE_TRANSFORMED_;/Users/rar9993/repos/research/fdroid_apps/native_apps/MonsterHunter4UDatabase/app/src/main/java/com/daviancorp/android/ui/detail/ArenaQuestRewardFragment.java;file:/Users/rar9993/repos/research/fdroid_apps/native_apps/MonsterHunter4UDatabase/app/src/main/java/com/daviancorp/android/ui/detail/ArenaQuestRewardFragment.java|line:129
AddEmptyString;PMD;/Users/rar9993/repos/research/fdroid_apps/native_apps/MonsterHunter4UDatabase/NONE_TRANSFORMED_;/Users/rar9993/repos/research/fdroid_apps/native_apps/MonsterHunter4UDatabase/app/src/main/java/com/daviancorp/android/ui/detail/ArenaQuestRewardFragment.java;file:/Users/rar9993/repos/research/fdroid_apps/native_apps/MonsterHunter4UDatabase/app/src/main/java/com/daviancorp/android/ui/detail/ArenaQuestRewardFragment.java|line:131
TooFewBranchesForSwitch;PMD;/Users/rar9993/repos/research/fdroid_apps/native_apps/MonsterHunter4UDatabase/NONE_TRANSFORMED_;/Users/rar9993/repos/research/fdroid_apps/native_apps/MonsterHunter4UDatabase/app/src/main/java/com/daviancorp/android/ui/detail/ArmorDetailActivity.java;file:/Users/rar9993/repos/research/fdroid_apps/native_apps/MonsterHunter4UDatabase/app/src/main/java/com/daviancorp/android/ui/detail/ArmorDetailActivity.java|line:63
AddEmptyString;PMD;/Users/rar9993/repos/research/fdroid_apps/native_apps/MonsterHunter4UDatabase/NONE_TRANSFORMED_;/Users/rar9993/repos/research/fdroid_apps/native_apps/MonsterHunter4UDatabase/app/src/main/java/com/daviancorp/android/ui/detail/ArmorDetailFragment.java;file:/Users/rar9993/repos/research/fdroid_apps/native_apps/MonsterHunter4UDatabase/app/src/main/java/com/daviancorp/android/ui/detail/ArmorDetailFragment.java|line:117
AddEmptyString;PMD;/Users/rar9993/repos/research/fdroid_apps/native_apps/MonsterHunter4UDatabase/NONE_TRANSFORMED_;/Users/rar9993/repos/research/fdroid_apps/native_apps/MonsterHunter4UDatabase/app/src/main/java/com/daviancorp/android/ui/detail/ArmorDetailFragment.java;file:/Users/rar9993/repos/research/fdroid_apps/native_apps/MonsterHunter4UDatabase/app/src/main/java/com/daviancorp/android/ui/detail/ArmorDetailFragment.java|line:118
AddEmptyString;PMD;/Users/rar9993/repos/research/fdroid_apps/native_apps/MonsterHunter4UDatabase/NONE_TRANSFORMED_;/Users/rar9993/repos/research/fdroid_apps/native_apps/MonsterHunter4UDatabase/app/src/main/java/com/daviancorp/android/ui/detail/ArmorDetailFragment.java;file:/Users/rar9993/repos/research/fdroid_apps/native_apps/MonsterHunter4UDatabase/app/src/main/java/com/daviancorp/android/ui/detail/ArmorDetailFragment.java|line:119
AddEmptyString;PMD;/Users/rar9993/repos/research/fdroid_apps/native_apps/MonsterHunter4UDatabase/NONE_TRANSFORMED_;/Users/rar9993/repos/research/fdroid_apps/native_apps/MonsterHunter4UDatabase/app/src/main/java/com/daviancorp/android/ui/detail/ArmorDetailFragment.java;file:/Users/rar9993/repos/research/fdroid_apps/native_apps/MonsterHunter4UDatabase/app/src/main/java/com/daviancorp/android/ui/detail/ArmorDetailFragment.java|line:120
AddEmptyString;PMD;/Users/rar9993/repos/research/fdroid_apps/native_apps/MonsterHunter4UDatabase/NONE_TRANSFORMED_;/Users/rar9993/repos/research/fdroid_apps/native_apps/MonsterHunter4UDatabase/app/src/main/java/com/daviancorp/android/ui/detail/ArmorDetailFragment.java;file:/Users/rar9993/repos/research/fdroid_apps/native_apps/MonsterHunter4UDatabase/app/src/main/java/com/daviancorp/android/ui/detail/ArmorDetailFragment.java|line:121
AddEmptyString;PMD;/Users/rar9993/repos/research/fdroid_apps/native_apps/MonsterHunter4UDatabase/NONE_TRANSFORMED_;/Users/rar9993/repos/research/fdroid_apps/native_apps/MonsterHunter4UDatabase/app/src/main/java/com/daviancorp/android/ui/detail/ArmorDetailFragment.java;file:/Users/rar9993/repos/research/fdroid_apps/native_apps/MonsterHunter4UDatabase/app/src/main/java/com/daviancorp/android/ui/detail/ArmorDetailFragment.java|line:123
AddEmptyString;PMD;/Users/rar9993/repos/research/fdroid_apps/native_apps/MonsterHunter4UDatabase/NONE_TRANSFORMED_;/Users/rar9993/repos/research/fdroid_apps/native_apps/MonsterHunter4UDatabase/app/src/main/java/com/daviancorp/android/ui/detail/ArmorDetailFragment.java;file:/Users/rar9993/repos/research/fdroid_apps/native_apps/MonsterHunter4UDatabase/app/src/main/java/com/daviancorp/android/ui/detail/ArmorDetailFragment.java|line:124
AddEmptyString;PMD;/Users/rar9993/repos/research/fdroid_apps/native_apps/MonsterHunter4UDatabase/NONE_TRANSFORMED_;/Users/rar9993/repos/research/fdroid_apps/native_apps/MonsterHunter4UDatabase/app/src/main/java/com/daviancorp/android/ui/detail/ArmorDetailFragment.java;file:/Users/rar9993/repos/research/fdroid_apps/native_apps/MonsterHunter4UDatabase/app/src/main/java/com/daviancorp/android/ui/detail/ArmorDetailFragment.java|line:125
AddEmptyString;PMD;/Users/rar9993/repos/research/fdroid_apps/native_apps/MonsterHunter4UDatabase/NONE_TRANSFORMED_;/Users/rar9993/repos/research/fdroid_apps/native_apps/MonsterHunter4UDatabase/app/src/main/java/com/daviancorp/android/ui/detail/ArmorDetailFragment.java;file:/Users/rar9993/repos/research/fdroid_apps/native_apps/MonsterHunter4UDatabase/app/src/main/java/com/daviancorp/android/ui/detail/ArmorDetailFragment.java|line:126
AddEmptyString;PMD;/Users/rar9993/repos/research/fdroid_apps/native_apps/MonsterHunter4UDatabase/NONE_TRANSFORMED_;/Users/rar9993/repos/research/fdroid_apps/native_apps/MonsterHunter4UDatabase/app/src/main/java/com/daviancorp/android/ui/detail/ArmorDetailFragment.java;file:/Users/rar9993/repos/research/fdroid_apps/native_apps/MonsterHunter4UDatabase/app/src/main/java/com/daviancorp/android/ui/detail/ArmorDetailFragment.java|line:127
AddEmptyString;PMD;/Users/rar9993/repos/research/fdroid_apps/native_apps/MonsterHunter4UDatabase/NONE_TRANSFORMED_;/Users/rar9993/repos/research/fdroid_apps/native_apps/MonsterHunter4UDatabase/app/src/main/java/com/daviancorp/android/ui/detail/ComponentListFragment.java;file:/Users/rar9993/repos/research/fdroid_apps/native_apps/MonsterHunter4UDatabase/app/src/main/java/com/daviancorp/android/ui/detail/ComponentListFragment.java|line:118
AddEmptyString;PMD;/Users/rar9993/repos/research/fdroid_apps/native_apps/MonsterHunter4UDatabase/NONE_TRANSFORMED_;/Users/rar9993/repos/research/fdroid_apps/native_apps/MonsterHunter4UDatabase/app/src/main/java/com/daviancorp/android/ui/detail/ComponentListFragment.java;file:/Users/rar9993/repos/research/fdroid_apps/native_apps/MonsterHunter4UDatabase/app/src/main/java/com/daviancorp/android/ui/detail/ComponentListFragment.java|line:119
TooFewBranchesForSwitch;PMD;/Users/rar9993/repos/research/fdroid_apps/native_apps/MonsterHunter4UDatabase/NONE_TRANSFORMED_;/Users/rar9993/repos/research/fdroid_apps/native_apps/MonsterHunter4UDatabase/app/src/main/java/com/daviancorp/android/ui/detail/DecorationDetailActivity.java;file:/Users/rar9993/repos/research/fdroid_apps/native_apps/MonsterHunter4UDatabase/app/src/main/java/com/daviancorp/android/ui/detail/DecorationDetailActivity.java|line:65
AddEmptyString;PMD;/Users/rar9993/repos/research/fdroid_apps/native_apps/MonsterHunter4UDatabase/NONE_TRANSFORMED_;/Users/rar9993/repos/research/fdroid_apps/native_apps/MonsterHunter4UDatabase/app/src/main/java/com/daviancorp/android/ui/detail/DecorationDetailFragment.java;file:/Users/rar9993/repos/research/fdroid_apps/native_apps/MonsterHunter4UDatabase/app/src/main/java/com/daviancorp/android/ui/detail/DecorationDetailFragment.java|line:104
AddEmptyString;PMD;/Users/rar9993/repos/research/fdroid_apps/native_apps/MonsterHunter4UDatabase/NONE_TRANSFORMED_;/Users/rar9993/repos/research/fdroid_apps/native_apps/MonsterHunter4UDatabase/app/src/main/java/com/daviancorp/android/ui/detail/DecorationDetailFragment.java;file:/Users/rar9993/repos/research/fdroid_apps/native_apps/MonsterHunter4UDatabase/app/src/main/java/com/daviancorp/android/ui/detail/DecorationDetailFragment.java|line:105
AddEmptyString;PMD;/Users/rar9993/repos/research/fdroid_apps/native_apps/MonsterHunter4UDatabase/NONE_TRANSFORMED_;/Users/rar9993/repos/research/fdroid_apps/native_apps/MonsterHunter4UDatabase/app/src/main/java/com/daviancorp/android/ui/detail/DecorationDetailFragment.java;file:/Users/rar9993/repos/research/fdroid_apps/native_apps/MonsterHunter4UDatabase/app/src/main/java/com/daviancorp/android/ui/detail/DecorationDetailFragment.java|line:106
AddEmptyString;PMD;/Users/rar9993/repos/research/fdroid_apps/native_apps/MonsterHunter4UDatabase/NONE_TRANSFORMED_;/Users/rar9993/repos/research/fdroid_apps/native_apps/MonsterHunter4UDatabase/app/src/main/java/com/daviancorp/android/ui/detail/DecorationDetailFragment.java;file:/Users/rar9993/repos/research/fdroid_apps/native_apps/MonsterHunter4UDatabase/app/src/main/java/com/daviancorp/android/ui/detail/DecorationDetailFragment.java|line:107
AddEmptyString;PMD;/Users/rar9993/repos/research/fdroid_apps/native_apps/MonsterHunter4UDatabase/NONE_TRANSFORMED_;/Users/rar9993/repos/research/fdroid_apps/native_apps/MonsterHunter4UDatabase/app/src/main/java/com/daviancorp/android/ui/detail/DecorationDetailFragment.java;file:/Users/rar9993/repos/research/fdroid_apps/native_apps/MonsterHunter4UDatabase/app/src/main/java/com/daviancorp/android/ui/detail/DecorationDetailFragment.java|line:108
AddEmptyString;PMD;/Users/rar9993/repos/research/fdroid_apps/native_apps/MonsterHunter4UDatabase/NONE_TRANSFORMED_;/Users/rar9993/repos/research/fdroid_apps/native_apps/MonsterHunter4UDatabase/app/src/main/java/com/daviancorp/android/ui/detail/ItemArenaFragment.java;file:/Users/rar9993/repos/research/fdroid_apps/native_apps/MonsterHunter4UDatabase/app/src/main/java/com/daviancorp/android/ui/detail/ItemArenaFragment.java|line:125
AddEmptyString;PMD;/Users/rar9993/repos/research/fdroid_apps/native_apps/MonsterHunter4UDatabase/NONE_TRANSFORMED_;/Users/rar9993/repos/research/fdroid_apps/native_apps/MonsterHunter4UDatabase/app/src/main/java/com/daviancorp/android/ui/detail/ItemArenaFragment.java;file:/Users/rar9993/repos/research/fdroid_apps/native_apps/MonsterHunter4UDatabase/app/src/main/java/com/daviancorp/android/ui/detail/ItemArenaFragment.java|line:127
AddEmptyString;PMD;/Users/rar9993/repos/research/fdroid_apps/native_apps/MonsterHunter4UDatabase/NONE_TRANSFORMED_;/Users/rar9993/repos/research/fdroid_apps/native_apps/MonsterHunter4UDatabase/app/src/main/java/com/daviancorp/android/ui/detail/ItemComponentFragment.java;file:/Users/rar9993/repos/research/fdroid_apps/native_apps/MonsterHunter4UDatabase/app/src/main/java/com/daviancorp/android/ui/detail/ItemComponentFragment.java|line:125
AddEmptyString;PMD;/Users/rar9993/repos/research/fdroid_apps/native_apps/MonsterHunter4UDatabase/NONE_TRANSFORMED_;/Users/rar9993/repos/research/fdroid_apps/native_apps/MonsterHunter4UDatabase/app/src/main/java/com/daviancorp/android/ui/detail/ItemComponentFragment.java;file:/Users/rar9993/repos/research/fdroid_apps/native_apps/MonsterHunter4UDatabase/app/src/main/java/com/daviancorp/android/ui/detail/ItemComponentFragment.java|line:126
AddEmptyString;PMD;/Users/rar9993/repos/research/fdroid_apps/native_apps/MonsterHunter4UDatabase/NONE_TRANSFORMED_;/Users/rar9993/repos/research/fdroid_apps/native_apps/MonsterHunter4UDatabase/app/src/main/java/com/daviancorp/android/ui/detail/ItemDetailFragment.java;file:/Users/rar9993/repos/research/fdroid_apps/native_apps/MonsterHunter4UDatabase/app/src/main/java/com/daviancorp/android/ui/detail/ItemDetailFragment.java|line:82
AddEmptyString;PMD;/Users/rar9993/repos/research/fdroid_apps/native_apps/MonsterHunter4UDatabase/NONE_TRANSFORMED_;/Users/rar9993/repos/research/fdroid_apps/native_apps/MonsterHunter4UDatabase/app/src/main/java/com/daviancorp/android/ui/detail/ItemDetailFragment.java;file:/Users/rar9993/repos/research/fdroid_apps/native_apps/MonsterHunter4UDatabase/app/src/main/java/com/daviancorp/android/ui/detail/ItemDetailFragment.java|line:83
AddEmptyString;PMD;/Users/rar9993/repos/research/fdroid_apps/native_apps/MonsterHunter4UDatabase/NONE_TRANSFORMED_;/Users/rar9993/repos/research/fdroid_apps/native_apps/MonsterHunter4UDatabase/app/src/main/java/com/daviancorp/android/ui/detail/ItemDetailFragment.java;file:/Users/rar9993/repos/research/fdroid_apps/native_apps/MonsterHunter4UDatabase/app/src/main/java/com/daviancorp/android/ui/detail/ItemDetailFragment.java|line:84
AddEmptyString;PMD;/Users/rar9993/repos/research/fdroid_apps/native_apps/MonsterHunter4UDatabase/NONE_TRANSFORMED_;/Users/rar9993/repos/research/fdroid_apps/native_apps/MonsterHunter4UDatabase/app/src/main/java/com/daviancorp/android/ui/detail/ItemDetailFragment.java;file:/Users/rar9993/repos/research/fdroid_apps/native_apps/MonsterHunter4UDatabase/app/src/main/java/com/daviancorp/android/ui/detail/ItemDetailFragment.java|line:85
AddEmptyString;PMD;/Users/rar9993/repos/research/fdroid_apps/native_apps/MonsterHunter4UDatabase/NONE_TRANSFORMED_;/Users/rar9993/repos/research/fdroid_apps/native_apps/MonsterHunter4UDatabase/app/src/main/java/com/daviancorp/android/ui/detail/ItemDetailFragment.java;file:/Users/rar9993/repos/research/fdroid_apps/native_apps/MonsterHunter4UDatabase/app/src/main/java/com/daviancorp/android/ui/detail/ItemDetailFragment.java|line:86
AddEmptyString;PMD;/Users/rar9993/repos/research/fdroid_apps/native_apps/MonsterHunter4UDatabase/NONE_TRANSFORMED_;/Users/rar9993/repos/research/fdroid_apps/native_apps/MonsterHunter4UDatabase/app/src/main/java/com/daviancorp/android/ui/detail/ItemMonsterFragment.java;file:/Users/rar9993/repos/research/fdroid_apps/native_apps/MonsterHunter4UDatabase/app/src/main/java/com/daviancorp/android/ui/detail/ItemMonsterFragment.java|line:125
AddEmptyString;PMD;/Users/rar9993/repos/research/fdroid_apps/native_apps/MonsterHunter4UDatabase/NONE_TRANSFORMED_;/Users/rar9993/repos/research/fdroid_apps/native_apps/MonsterHunter4UDatabase/app/src/main/java/com/daviancorp/android/ui/detail/ItemMonsterFragment.java;file:/Users/rar9993/repos/research/fdroid_apps/native_apps/MonsterHunter4UDatabase/app/src/main/java/com/daviancorp/android/ui/detail/ItemMonsterFragment.java|line:127
AddEmptyString;PMD;/Users/rar9993/repos/research/fdroid_apps/native_apps/MonsterHunter4UDatabase/NONE_TRANSFORMED_;/Users/rar9993/repos/research/fdroid_apps/native_apps/MonsterHunter4UDatabase/app/src/main/java/com/daviancorp/android/ui/detail/ItemQuestFragment.java;file:/Users/rar9993/repos/research/fdroid_apps/native_apps/MonsterHunter4UDatabase/app/src/main/java/com/daviancorp/android/ui/detail/ItemQuestFragment.java|line:122
AddEmptyString;PMD;/Users/rar9993/repos/research/fdroid_apps/native_apps/MonsterHunter4UDatabase/NONE_TRANSFORMED_;/Users/rar9993/repos/research/fdroid_apps/native_apps/MonsterHunter4UDatabase/app/src/main/java/com/daviancorp/android/ui/detail/ItemQuestFragment.java;file:/Users/rar9993/repos/research/fdroid_apps/native_apps/MonsterHunter4UDatabase/app/src/main/java/com/daviancorp/android/ui/detail/ItemQuestFragment.java|line:124
AddEmptyString;PMD;/Users/rar9993/repos/research/fdroid_apps/native_apps/MonsterHunter4UDatabase/NONE_TRANSFORMED_;/Users/rar9993/repos/research/fdroid_apps/native_apps/MonsterHunter4UDatabase/app/src/main/java/com/daviancorp/android/ui/detail/ItemToSkillFragment.java;file:/Users/rar9993/repos/research/fdroid_apps/native_apps/MonsterHunter4UDatabase/app/src/main/java/com/daviancorp/android/ui/detail/ItemToSkillFragment.java|line:112
UseStringBufferForStringAppends;PMD;/Users/rar9993/repos/research/fdroid_apps/native_apps/MonsterHunter4UDatabase/NONE_TRANSFORMED_;/Users/rar9993/repos/research/fdroid_apps/native_apps/MonsterHunter4UDatabase/app/src/main/java/com/daviancorp/android/ui/detail/LocationHabitatFragment.java;file:/Users/rar9993/repos/research/fdroid_apps/native_apps/MonsterHunter4UDatabase/app/src/main/java/com/daviancorp/android/ui/detail/LocationHabitatFragment.java|line:144
UseStringBufferForStringAppends;PMD;/Users/rar9993/repos/research/fdroid_apps/native_apps/MonsterHunter4UDatabase/NONE_TRANSFORMED_;/Users/rar9993/repos/research/fdroid_apps/native_apps/MonsterHunter4UDatabase/app/src/main/java/com/daviancorp/android/ui/detail/LocationHabitatFragment.java;file:/Users/rar9993/repos/research/fdroid_apps/native_apps/MonsterHunter4UDatabase/app/src/main/java/com/daviancorp/android/ui/detail/LocationHabitatFragment.java|line:147
AddEmptyString;PMD;/Users/rar9993/repos/research/fdroid_apps/native_apps/MonsterHunter4UDatabase/NONE_TRANSFORMED_;/Users/rar9993/repos/research/fdroid_apps/native_apps/MonsterHunter4UDatabase/app/src/main/java/com/daviancorp/android/ui/detail/MonsterDamageFragment.java;file:/Users/rar9993/repos/research/fdroid_apps/native_apps/MonsterHunter4UDatabase/app/src/main/java/com/daviancorp/android/ui/detail/MonsterDamageFragment.java|line:145
AddEmptyString;PMD;/Users/rar9993/repos/research/fdroid_apps/native_apps/MonsterHunter4UDatabase/NONE_TRANSFORMED_;/Users/rar9993/repos/research/fdroid_apps/native_apps/MonsterHunter4UDatabase/app/src/main/java/com/daviancorp/android/ui/detail/MonsterDamageFragment.java;file:/Users/rar9993/repos/research/fdroid_apps/native_apps/MonsterHunter4UDatabase/app/src/main/java/com/daviancorp/android/ui/detail/MonsterDamageFragment.java|line:146
AddEmptyString;PMD;/Users/rar9993/repos/research/fdroid_apps/native_apps/MonsterHunter4UDatabase/NONE_TRANSFORMED_;/Users/rar9993/repos/research/fdroid_apps/native_apps/MonsterHunter4UDatabase/app/src/main/java/com/daviancorp/android/ui/detail/MonsterDamageFragment.java;file:/Users/rar9993/repos/research/fdroid_apps/native_apps/MonsterHunter4UDatabase/app/src/main/java/com/daviancorp/android/ui/detail/MonsterDamageFragment.java|line:147
AddEmptyString;PMD;/Users/rar9993/repos/research/fdroid_apps/native_apps/MonsterHunter4UDatabase/NONE_TRANSFORMED_;/Users/rar9993/repos/research/fdroid_apps/native_apps/MonsterHunter4UDatabase/app/src/main/java/com/daviancorp/android/ui/detail/MonsterDamageFragment.java;file:/Users/rar9993/repos/research/fdroid_apps/native_apps/MonsterHunter4UDatabase/app/src/main/java/com/daviancorp/android/ui/detail/MonsterDamageFragment.java|line:148
AddEmptyString;PMD;/Users/rar9993/repos/research/fdroid_apps/native_apps/MonsterHunter4UDatabase/NONE_TRANSFORMED_;/Users/rar9993/repos/research/fdroid_apps/native_apps/MonsterHunter4UDatabase/app/src/main/java/com/daviancorp/android/ui/detail/MonsterDamageFragment.java;file:/Users/rar9993/repos/research/fdroid_apps/native_apps/MonsterHunter4UDatabase/app/src/main/java/com/daviancorp/android/ui/detail/MonsterDamageFragment.java|line:149
AddEmptyString;PMD;/Users/rar9993/repos/research/fdroid_apps/native_apps/MonsterHunter4UDatabase/NONE_TRANSFORMED_;/Users/rar9993/repos/research/fdroid_apps/native_apps/MonsterHunter4UDatabase/app/src/main/java/com/daviancorp/android/ui/detail/MonsterDamageFragment.java;file:/Users/rar9993/repos/research/fdroid_apps/native_apps/MonsterHunter4UDatabase/app/src/main/java/com/daviancorp/android/ui/detail/MonsterDamageFragment.java|line:150
AddEmptyString;PMD;/Users/rar9993/repos/research/fdroid_apps/native_apps/MonsterHunter4UDatabase/NONE_TRANSFORMED_;/Users/rar9993/repos/research/fdroid_apps/native_apps/MonsterHunter4UDatabase/app/src/main/java/com/daviancorp/android/ui/detail/MonsterDamageFragment.java;file:/Users/rar9993/repos/research/fdroid_apps/native_apps/MonsterHunter4UDatabase/app/src/main/java/com/daviancorp/android/ui/detail/MonsterDamageFragment.java|line:151
AddEmptyString;PMD;/Users/rar9993/repos/research/fdroid_apps/native_apps/MonsterHunter4UDatabase/NONE_TRANSFORMED_;/Users/rar9993/repos/research/fdroid_apps/native_apps/MonsterHunter4UDatabase/app/src/main/java/com/daviancorp/android/ui/detail/MonsterDamageFragment.java;file:/Users/rar9993/repos/research/fdroid_apps/native_apps/MonsterHunter4UDatabase/app/src/main/java/com/daviancorp/android/ui/detail/MonsterDamageFragment.java|line:152
AddEmptyString;PMD;/Users/rar9993/repos/research/fdroid_apps/native_apps/MonsterHunter4UDatabase/NONE_TRANSFORMED_;/Users/rar9993/repos/research/fdroid_apps/native_apps/MonsterHunter4UDatabase/app/src/main/java/com/daviancorp/android/ui/detail/MonsterDamageFragment.java;file:/Users/rar9993/repos/research/fdroid_apps/native_apps/MonsterHunter4UDatabase/app/src/main/java/com/daviancorp/android/ui/detail/MonsterDamageFragment.java|line:153
UseStringBufferForStringAppends;PMD;/Users/rar9993/repos/research/fdroid_apps/native_apps/MonsterHunter4UDatabase/NONE_TRANSFORMED_;/Users/rar9993/repos/research/fdroid_apps/native_apps/MonsterHunter4UDatabase/app/src/main/java/com/daviancorp/android/ui/detail/MonsterHabitatFragment.java;file:/Users/rar9993/repos/research/fdroid_apps/native_apps/MonsterHunter4UDatabase/app/src/main/java/com/daviancorp/android/ui/detail/MonsterHabitatFragment.java|line:156
UseStringBufferForStringAppends;PMD;/Users/rar9993/repos/research/fdroid_apps/native_apps/MonsterHunter4UDatabase/NONE_TRANSFORMED_;/Users/rar9993/repos/research/fdroid_apps/native_apps/MonsterHunter4UDatabase/app/src/main/java/com/daviancorp/android/ui/detail/MonsterHabitatFragment.java;file:/Users/rar9993/repos/research/fdroid_apps/native_apps/MonsterHunter4UDatabase/app/src/main/java/com/daviancorp/android/ui/detail/MonsterHabitatFragment.java|line:159
AddEmptyString;PMD;/Users/rar9993/repos/research/fdroid_apps/native_apps/MonsterHunter4UDatabase/NONE_TRANSFORMED_;/Users/rar9993/repos/research/fdroid_apps/native_apps/MonsterHunter4UDatabase/app/src/main/java/com/daviancorp/android/ui/detail/MonsterRewardFragment.java;file:/Users/rar9993/repos/research/fdroid_apps/native_apps/MonsterHunter4UDatabase/app/src/main/java/com/daviancorp/android/ui/detail/MonsterRewardFragment.java|line:154
AddEmptyString;PMD;/Users/rar9993/repos/research/fdroid_apps/native_apps/MonsterHunter4UDatabase/NONE_TRANSFORMED_;/Users/rar9993/repos/research/fdroid_apps/native_apps/MonsterHunter4UDatabase/app/src/main/java/com/daviancorp/android/ui/detail/MonsterRewardFragment.java;file:/Users/rar9993/repos/research/fdroid_apps/native_apps/MonsterHunter4UDatabase/app/src/main/java/com/daviancorp/android/ui/detail/MonsterRewardFragment.java|line:156
UseStringBufferForStringAppends;PMD;/Users/rar9993/repos/research/fdroid_apps/native_apps/MonsterHunter4UDatabase/NONE_TRANSFORMED_;/Users/rar9993/repos/research/fdroid_apps/native_apps/MonsterHunter4UDatabase/app/src/main/java/com/daviancorp/android/ui/detail/MonsterStatusFragment.java;file:/Users/rar9993/repos/research/fdroid_apps/native_apps/MonsterHunter4UDatabase/app/src/main/java/com/daviancorp/android/ui/detail/MonsterStatusFragment.java|line:112
UseStringBufferForStringAppends;PMD;/Users/rar9993/repos/research/fdroid_apps/native_apps/MonsterHunter4UDatabase/NONE_TRANSFORMED_;/Users/rar9993/repos/research/fdroid_apps/native_apps/MonsterHunter4UDatabase/app/src/main/java/com/daviancorp/android/ui/detail/MonsterStatusFragment.java;file:/Users/rar9993/repos/research/fdroid_apps/native_apps/MonsterHunter4UDatabase/app/src/main/java/com/daviancorp/android/ui/detail/MonsterStatusFragment.java|line:115
UseStringBufferForStringAppends;PMD;/Users/rar9993/repos/research/fdroid_apps/native_apps/MonsterHunter4UDatabase/NONE_TRANSFORMED_;/Users/rar9993/repos/research/fdroid_apps/native_apps/MonsterHunter4UDatabase/app/src/main/java/com/daviancorp/android/ui/detail/MonsterStatusFragment.java;file:/Users/rar9993/repos/research/fdroid_apps/native_apps/MonsterHunter4UDatabase/app/src/main/java/com/daviancorp/android/ui/detail/MonsterStatusFragment.java|line:118
UseStringBufferForStringAppends;PMD;/Users/rar9993/repos/research/fdroid_apps/native_apps/MonsterHunter4UDatabase/NONE_TRANSFORMED_;/Users/rar9993/repos/research/fdroid_apps/native_apps/MonsterHunter4UDatabase/app/src/main/java/com/daviancorp/android/ui/detail/MonsterStatusFragment.java;file:/Users/rar9993/repos/research/fdroid_apps/native_apps/MonsterHunter4UDatabase/app/src/main/java/com/daviancorp/android/ui/detail/MonsterStatusFragment.java|line:121
UseStringBufferForStringAppends;PMD;/Users/rar9993/repos/research/fdroid_apps/native_apps/MonsterHunter4UDatabase/NONE_TRANSFORMED_;/Users/rar9993/repos/research/fdroid_apps/native_apps/MonsterHunter4UDatabase/app/src/main/java/com/daviancorp/android/ui/detail/MonsterStatusFragment.java;file:/Users/rar9993/repos/research/fdroid_apps/native_apps/MonsterHunter4UDatabase/app/src/main/java/com/daviancorp/android/ui/detail/MonsterStatusFragment.java|line:125
UseStringBufferForStringAppends;PMD;/Users/rar9993/repos/research/fdroid_apps/native_apps/MonsterHunter4UDatabase/NONE_TRANSFORMED_;/Users/rar9993/repos/research/fdroid_apps/native_apps/MonsterHunter4UDatabase/app/src/main/java/com/daviancorp/android/ui/detail/MonsterStatusFragment.java;file:/Users/rar9993/repos/research/fdroid_apps/native_apps/MonsterHunter4UDatabase/app/src/main/java/com/daviancorp/android/ui/detail/MonsterStatusFragment.java|line:128
UseStringBufferForStringAppends;PMD;/Users/rar9993/repos/research/fdroid_apps/native_apps/MonsterHunter4UDatabase/NONE_TRANSFORMED_;/Users/rar9993/repos/research/fdroid_apps/native_apps/MonsterHunter4UDatabase/app/src/main/java/com/daviancorp/android/ui/detail/MonsterStatusFragment.java;file:/Users/rar9993/repos/research/fdroid_apps/native_apps/MonsterHunter4UDatabase/app/src/main/java/com/daviancorp/android/ui/detail/MonsterStatusFragment.java|line:132
UseStringBufferForStringAppends;PMD;/Users/rar9993/repos/research/fdroid_apps/native_apps/MonsterHunter4UDatabase/NONE_TRANSFORMED_;/Users/rar9993/repos/research/fdroid_apps/native_apps/MonsterHunter4UDatabase/app/src/main/java/com/daviancorp/android/ui/detail/MonsterStatusFragment.java;file:/Users/rar9993/repos/research/fdroid_apps/native_apps/MonsterHunter4UDatabase/app/src/main/java/com/daviancorp/android/ui/detail/MonsterStatusFragment.java|line:136
AddEmptyString;PMD;/Users/rar9993/repos/research/fdroid_apps/native_apps/MonsterHunter4UDatabase/NONE_TRANSFORMED_;/Users/rar9993/repos/research/fdroid_apps/native_apps/MonsterHunter4UDatabase/app/src/main/java/com/daviancorp/android/ui/detail/QuestDetailFragment.java;file:/Users/rar9993/repos/research/fdroid_apps/native_apps/MonsterHunter4UDatabase/app/src/main/java/com/daviancorp/android/ui/detail/QuestDetailFragment.java|line:92
AddEmptyString;PMD;/Users/rar9993/repos/research/fdroid_apps/native_apps/MonsterHunter4UDatabase/NONE_TRANSFORMED_;/Users/rar9993/repos/research/fdroid_apps/native_apps/MonsterHunter4UDatabase/app/src/main/java/com/daviancorp/android/ui/detail/QuestDetailFragment.java;file:/Users/rar9993/repos/research/fdroid_apps/native_apps/MonsterHunter4UDatabase/app/src/main/java/com/daviancorp/android/ui/detail/QuestDetailFragment.java|line:93
AddEmptyString;PMD;/Users/rar9993/repos/research/fdroid_apps/native_apps/MonsterHunter4UDatabase/NONE_TRANSFORMED_;/Users/rar9993/repos/research/fdroid_apps/native_apps/MonsterHunter4UDatabase/app/src/main/java/com/daviancorp/android/ui/detail/QuestDetailFragment.java;file:/Users/rar9993/repos/research/fdroid_apps/native_apps/MonsterHunter4UDatabase/app/src/main/java/com/daviancorp/android/ui/detail/QuestDetailFragment.java|line:94
AddEmptyString;PMD;/Users/rar9993/repos/research/fdroid_apps/native_apps/MonsterHunter4UDatabase/NONE_TRANSFORMED_;/Users/rar9993/repos/research/fdroid_apps/native_apps/MonsterHunter4UDatabase/app/src/main/java/com/daviancorp/android/ui/detail/QuestDetailFragment.java;file:/Users/rar9993/repos/research/fdroid_apps/native_apps/MonsterHunter4UDatabase/app/src/main/java/com/daviancorp/android/ui/detail/QuestDetailFragment.java|line:98
AddEmptyString;PMD;/Users/rar9993/repos/research/fdroid_apps/native_apps/MonsterHunter4UDatabase/NONE_TRANSFORMED_;/Users/rar9993/repos/research/fdroid_apps/native_apps/MonsterHunter4UDatabase/app/src/main/java/com/daviancorp/android/ui/detail/QuestDetailFragment.java;file:/Users/rar9993/repos/research/fdroid_apps/native_apps/MonsterHunter4UDatabase/app/src/main/java/com/daviancorp/android/ui/detail/QuestDetailFragment.java|line:99
AddEmptyString;PMD;/Users/rar9993/repos/research/fdroid_apps/native_apps/MonsterHunter4UDatabase/NONE_TRANSFORMED_;/Users/rar9993/repos/research/fdroid_apps/native_apps/MonsterHunter4UDatabase/app/src/main/java/com/daviancorp/android/ui/detail/QuestRewardFragment.java;file:/Users/rar9993/repos/research/fdroid_apps/native_apps/MonsterHunter4UDatabase/app/src/main/java/com/daviancorp/android/ui/detail/QuestRewardFragment.java|line:136
AddEmptyString;PMD;/Users/rar9993/repos/research/fdroid_apps/native_apps/MonsterHunter4UDatabase/NONE_TRANSFORMED_;/Users/rar9993/repos/research/fdroid_apps/native_apps/MonsterHunter4UDatabase/app/src/main/java/com/daviancorp/android/ui/detail/QuestRewardFragment.java;file:/Users/rar9993/repos/research/fdroid_apps/native_apps/MonsterHunter4UDatabase/app/src/main/java/com/daviancorp/android/ui/detail/QuestRewardFragment.java|line:138
AddEmptyString;PMD;/Users/rar9993/repos/research/fdroid_apps/native_apps/MonsterHunter4UDatabase/NONE_TRANSFORMED_;/Users/rar9993/repos/research/fdroid_apps/native_apps/MonsterHunter4UDatabase/app/src/main/java/com/daviancorp/android/ui/detail/SkillTreeArmorFragment.java;file:/Users/rar9993/repos/research/fdroid_apps/native_apps/MonsterHunter4UDatabase/app/src/main/java/com/daviancorp/android/ui/detail/SkillTreeArmorFragment.java|line:149
AddEmptyString;PMD;/Users/rar9993/repos/research/fdroid_apps/native_apps/MonsterHunter4UDatabase/NONE_TRANSFORMED_;/Users/rar9993/repos/research/fdroid_apps/native_apps/MonsterHunter4UDatabase/app/src/main/java/com/daviancorp/android/ui/detail/SkillTreeDecorationFragment.java;file:/Users/rar9993/repos/research/fdroid_apps/native_apps/MonsterHunter4UDatabase/app/src/main/java/com/daviancorp/android/ui/detail/SkillTreeDecorationFragment.java|line:128
AddEmptyString;PMD;/Users/rar9993/repos/research/fdroid_apps/native_apps/MonsterHunter4UDatabase/NONE_TRANSFORMED_;/Users/rar9993/repos/research/fdroid_apps/native_apps/MonsterHunter4UDatabase/app/src/main/java/com/daviancorp/android/ui/detail/SkillTreeDetailFragment.java;file:/Users/rar9993/repos/research/fdroid_apps/native_apps/MonsterHunter4UDatabase/app/src/main/java/com/daviancorp/android/ui/detail/SkillTreeDetailFragment.java|line:103
UseStringBufferForStringAppends;PMD;/Users/rar9993/repos/research/fdroid_apps/native_apps/MonsterHunter4UDatabase/NONE_TRANSFORMED_;/Users/rar9993/repos/research/fdroid_apps/native_apps/MonsterHunter4UDatabase/app/src/main/java/com/daviancorp/android/ui/detail/WeaponBladeDetailFragment.java;file:/Users/rar9993/repos/research/fdroid_apps/native_apps/MonsterHunter4UDatabase/app/src/main/java/com/daviancorp/android/ui/detail/WeaponBladeDetailFragment.java|line:195
UseStringBufferForStringAppends;PMD;/Users/rar9993/repos/research/fdroid_apps/native_apps/MonsterHunter4UDatabase/NONE_TRANSFORMED_;/Users/rar9993/repos/research/fdroid_apps/native_apps/MonsterHunter4UDatabase/app/src/main/java/com/daviancorp/android/ui/detail/WeaponBladeDetailFragment.java;file:/Users/rar9993/repos/research/fdroid_apps/native_apps/MonsterHunter4UDatabase/app/src/main/java/com/daviancorp/android/ui/detail/WeaponBladeDetailFragment.java|line:200
UseStringBufferForStringAppends;PMD;/Users/rar9993/repos/research/fdroid_apps/native_apps/MonsterHunter4UDatabase/NONE_TRANSFORMED_;/Users/rar9993/repos/research/fdroid_apps/native_apps/MonsterHunter4UDatabase/app/src/main/java/com/daviancorp/android/ui/detail/WeaponBowDetailFragment.java;file:/Users/rar9993/repos/research/fdroid_apps/native_apps/MonsterHunter4UDatabase/app/src/main/java/com/daviancorp/android/ui/detail/WeaponBowDetailFragment.java|line:208
UseStringBufferForStringAppends;PMD;/Users/rar9993/repos/research/fdroid_apps/native_apps/MonsterHunter4UDatabase/NONE_TRANSFORMED_;/Users/rar9993/repos/research/fdroid_apps/native_apps/MonsterHunter4UDatabase/app/src/main/java/com/daviancorp/android/ui/detail/WeaponBowDetailFragment.java;file:/Users/rar9993/repos/research/fdroid_apps/native_apps/MonsterHunter4UDatabase/app/src/main/java/com/daviancorp/android/ui/detail/WeaponBowDetailFragment.java|line:213
TooFewBranchesForSwitch;PMD;/Users/rar9993/repos/research/fdroid_apps/native_apps/MonsterHunter4UDatabase/NONE_TRANSFORMED_;/Users/rar9993/repos/research/fdroid_apps/native_apps/MonsterHunter4UDatabase/app/src/main/java/com/daviancorp/android/ui/detail/WeaponDetailActivity.java;file:/Users/rar9993/repos/research/fdroid_apps/native_apps/MonsterHunter4UDatabase/app/src/main/java/com/daviancorp/android/ui/detail/WeaponDetailActivity.java|line:64
AddEmptyString;PMD;/Users/rar9993/repos/research/fdroid_apps/native_apps/MonsterHunter4UDatabase/NONE_TRANSFORMED_;/Users/rar9993/repos/research/fdroid_apps/native_apps/MonsterHunter4UDatabase/app/src/main/java/com/daviancorp/android/ui/detail/WeaponDetailFragment.java;file:/Users/rar9993/repos/research/fdroid_apps/native_apps/MonsterHunter4UDatabase/app/src/main/java/com/daviancorp/android/ui/detail/WeaponDetailFragment.java|line:56
AddEmptyString;PMD;/Users/rar9993/repos/research/fdroid_apps/native_apps/MonsterHunter4UDatabase/NONE_TRANSFORMED_;/Users/rar9993/repos/research/fdroid_apps/native_apps/MonsterHunter4UDatabase/app/src/main/java/com/daviancorp/android/ui/detail/WeaponDetailFragment.java;file:/Users/rar9993/repos/research/fdroid_apps/native_apps/MonsterHunter4UDatabase/app/src/main/java/com/daviancorp/android/ui/detail/WeaponDetailFragment.java|line:57
AddEmptyString;PMD;/Users/rar9993/repos/research/fdroid_apps/native_apps/MonsterHunter4UDatabase/NONE_TRANSFORMED_;/Users/rar9993/repos/research/fdroid_apps/native_apps/MonsterHunter4UDatabase/app/src/main/java/com/daviancorp/android/ui/detail/WeaponDetailFragment.java;file:/Users/rar9993/repos/research/fdroid_apps/native_apps/MonsterHunter4UDatabase/app/src/main/java/com/daviancorp/android/ui/detail/WeaponDetailFragment.java|line:58
AddEmptyString;PMD;/Users/rar9993/repos/research/fdroid_apps/native_apps/MonsterHunter4UDatabase/NONE_TRANSFORMED_;/Users/rar9993/repos/research/fdroid_apps/native_apps/MonsterHunter4UDatabase/app/src/main/java/com/daviancorp/android/ui/detail/WeaponDetailFragment.java;file:/Users/rar9993/repos/research/fdroid_apps/native_apps/MonsterHunter4UDatabase/app/src/main/java/com/daviancorp/android/ui/detail/WeaponDetailFragment.java|line:59
AddEmptyString;PMD;/Users/rar9993/repos/research/fdroid_apps/native_apps/MonsterHunter4UDatabase/NONE_TRANSFORMED_;/Users/rar9993/repos/research/fdroid_apps/native_apps/MonsterHunter4UDatabase/app/src/main/java/com/daviancorp/android/ui/detail/WeaponDetailFragment.java;file:/Users/rar9993/repos/research/fdroid_apps/native_apps/MonsterHunter4UDatabase/app/src/main/java/com/daviancorp/android/ui/detail/WeaponDetailFragment.java|line:71
AddEmptyString;PMD;/Users/rar9993/repos/research/fdroid_apps/native_apps/MonsterHunter4UDatabase/NONE_TRANSFORMED_;/Users/rar9993/repos/research/fdroid_apps/native_apps/MonsterHunter4UDatabase/app/src/main/java/com/daviancorp/android/ui/detail/WeaponDetailFragment.java;file:/Users/rar9993/repos/research/fdroid_apps/native_apps/MonsterHunter4UDatabase/app/src/main/java/com/daviancorp/android/ui/detail/WeaponDetailFragment.java|line:73
AddEmptyString;PMD;/Users/rar9993/repos/research/fdroid_apps/native_apps/MonsterHunter4UDatabase/NONE_TRANSFORMED_;/Users/rar9993/repos/research/fdroid_apps/native_apps/MonsterHunter4UDatabase/app/src/main/java/com/daviancorp/android/ui/detail/WeaponDetailFragment.java;file:/Users/rar9993/repos/research/fdroid_apps/native_apps/MonsterHunter4UDatabase/app/src/main/java/com/daviancorp/android/ui/detail/WeaponDetailFragment.java|line:74
TooFewBranchesForSwitch;PMD;/Users/rar9993/repos/research/fdroid_apps/native_apps/MonsterHunter4UDatabase/NONE_TRANSFORMED_;/Users/rar9993/repos/research/fdroid_apps/native_apps/MonsterHunter4UDatabase/app/src/main/java/com/daviancorp/android/ui/detail/WishlistDataComponentFragment.java;file:/Users/rar9993/repos/research/fdroid_apps/native_apps/MonsterHunter4UDatabase/app/src/main/java/com/daviancorp/android/ui/detail/WishlistDataComponentFragment.java|line:133
TooFewBranchesForSwitch;PMD;/Users/rar9993/repos/research/fdroid_apps/native_apps/MonsterHunter4UDatabase/NONE_TRANSFORMED_;/Users/rar9993/repos/research/fdroid_apps/native_apps/MonsterHunter4UDatabase/app/src/main/java/com/daviancorp/android/ui/detail/WishlistDataComponentFragment.java;file:/Users/rar9993/repos/research/fdroid_apps/native_apps/MonsterHunter4UDatabase/app/src/main/java/com/daviancorp/android/ui/detail/WishlistDataComponentFragment.java|line:221
AddEmptyString;PMD;/Users/rar9993/repos/research/fdroid_apps/native_apps/MonsterHunter4UDatabase/NONE_TRANSFORMED_;/Users/rar9993/repos/research/fdroid_apps/native_apps/MonsterHunter4UDatabase/app/src/main/java/com/daviancorp/android/ui/detail/WishlistDataComponentFragment.java;file:/Users/rar9993/repos/research/fdroid_apps/native_apps/MonsterHunter4UDatabase/app/src/main/java/com/daviancorp/android/ui/detail/WishlistDataComponentFragment.java|line:351
AddEmptyString;PMD;/Users/rar9993/repos/research/fdroid_apps/native_apps/MonsterHunter4UDatabase/NONE_TRANSFORMED_;/Users/rar9993/repos/research/fdroid_apps/native_apps/MonsterHunter4UDatabase/app/src/main/java/com/daviancorp/android/ui/detail/WishlistDataComponentFragment.java;file:/Users/rar9993/repos/research/fdroid_apps/native_apps/MonsterHunter4UDatabase/app/src/main/java/com/daviancorp/android/ui/detail/WishlistDataComponentFragment.java|line:352
AddEmptyString;PMD;/Users/rar9993/repos/research/fdroid_apps/native_apps/MonsterHunter4UDatabase/NONE_TRANSFORMED_;/Users/rar9993/repos/research/fdroid_apps/native_apps/MonsterHunter4UDatabase/app/src/main/java/com/daviancorp/android/ui/detail/WishlistDataComponentFragment.java;file:/Users/rar9993/repos/research/fdroid_apps/native_apps/MonsterHunter4UDatabase/app/src/main/java/com/daviancorp/android/ui/detail/WishlistDataComponentFragment.java|line:365
TooFewBranchesForSwitch;PMD;/Users/rar9993/repos/research/fdroid_apps/native_apps/MonsterHunter4UDatabase/NONE_TRANSFORMED_;/Users/rar9993/repos/research/fdroid_apps/native_apps/MonsterHunter4UDatabase/app/src/main/java/com/daviancorp/android/ui/detail/WishlistDataDetailFragment.java;file:/Users/rar9993/repos/research/fdroid_apps/native_apps/MonsterHunter4UDatabase/app/src/main/java/com/daviancorp/android/ui/detail/WishlistDataDetailFragment.java|line:134
AddEmptyString;PMD;/Users/rar9993/repos/research/fdroid_apps/native_apps/MonsterHunter4UDatabase/NONE_TRANSFORMED_;/Users/rar9993/repos/research/fdroid_apps/native_apps/MonsterHunter4UDatabase/app/src/main/java/com/daviancorp/android/ui/detail/WishlistDataDetailFragment.java;file:/Users/rar9993/repos/research/fdroid_apps/native_apps/MonsterHunter4UDatabase/app/src/main/java/com/daviancorp/android/ui/detail/WishlistDataDetailFragment.java|line:343
AddEmptyString;PMD;/Users/rar9993/repos/research/fdroid_apps/native_apps/MonsterHunter4UDatabase/NONE_TRANSFORMED_;/Users/rar9993/repos/research/fdroid_apps/native_apps/MonsterHunter4UDatabase/app/src/main/java/com/daviancorp/android/ui/detail/WishlistDataDetailFragment.java;file:/Users/rar9993/repos/research/fdroid_apps/native_apps/MonsterHunter4UDatabase/app/src/main/java/com/daviancorp/android/ui/detail/WishlistDataDetailFragment.java|line:360
RedundantFieldInitializer;PMD;/Users/rar9993/repos/research/fdroid_apps/native_apps/MonsterHunter4UDatabase/NONE_TRANSFORMED_;/Users/rar9993/repos/research/fdroid_apps/native_apps/MonsterHunter4UDatabase/app/src/main/java/com/daviancorp/android/ui/general/GenericActionBarActivity.java;file:/Users/rar9993/repos/research/fdroid_apps/native_apps/MonsterHunter4UDatabase/app/src/main/java/com/daviancorp/android/ui/general/GenericActionBarActivity.java|line:75
AvoidInstantiatingObjectsInLoops;PMD;/Users/rar9993/repos/research/fdroid_apps/native_apps/MonsterHunter4UDatabase/NONE_TRANSFORMED_;/Users/rar9993/repos/research/fdroid_apps/native_apps/MonsterHunter4UDatabase/app/src/main/java/com/daviancorp/android/ui/general/GenericActionBarActivity.java;file:/Users/rar9993/repos/research/fdroid_apps/native_apps/MonsterHunter4UDatabase/app/src/main/java/com/daviancorp/android/ui/general/GenericActionBarActivity.java|line:327
AvoidInstantiatingObjectsInLoops;PMD;/Users/rar9993/repos/research/fdroid_apps/native_apps/MonsterHunter4UDatabase/NONE_TRANSFORMED_;/Users/rar9993/repos/research/fdroid_apps/native_apps/MonsterHunter4UDatabase/app/src/main/java/com/daviancorp/android/ui/general/GenericActionBarActivity.java;file:/Users/rar9993/repos/research/fdroid_apps/native_apps/MonsterHunter4UDatabase/app/src/main/java/com/daviancorp/android/ui/general/GenericActionBarActivity.java|line:328
TooFewBranchesForSwitch;PMD;/Users/rar9993/repos/research/fdroid_apps/native_apps/MonsterHunter4UDatabase/NONE_TRANSFORMED_;/Users/rar9993/repos/research/fdroid_apps/native_apps/MonsterHunter4UDatabase/app/src/main/java/com/daviancorp/android/ui/list/ASBSetListFragment.java;file:/Users/rar9993/repos/research/fdroid_apps/native_apps/MonsterHunter4UDatabase/app/src/main/java/com/daviancorp/android/ui/list/ASBSetListFragment.java|line:55
TooFewBranchesForSwitch;PMD;/Users/rar9993/repos/research/fdroid_apps/native_apps/MonsterHunter4UDatabase/NONE_TRANSFORMED_;/Users/rar9993/repos/research/fdroid_apps/native_apps/MonsterHunter4UDatabase/app/src/main/java/com/daviancorp/android/ui/list/ASBSetListFragment.java;file:/Users/rar9993/repos/research/fdroid_apps/native_apps/MonsterHunter4UDatabase/app/src/main/java/com/daviancorp/android/ui/list/ASBSetListFragment.java|line:71
TooFewBranchesForSwitch;PMD;/Users/rar9993/repos/research/fdroid_apps/native_apps/MonsterHunter4UDatabase/NONE_TRANSFORMED_;/Users/rar9993/repos/research/fdroid_apps/native_apps/MonsterHunter4UDatabase/app/src/main/java/com/daviancorp/android/ui/list/ArmorExpandableListFragment.java;file:/Users/rar9993/repos/research/fdroid_apps/native_apps/MonsterHunter4UDatabase/app/src/main/java/com/daviancorp/android/ui/list/ArmorExpandableListFragment.java|line:177
TooFewBranchesForSwitch;PMD;/Users/rar9993/repos/research/fdroid_apps/native_apps/MonsterHunter4UDatabase/NONE_TRANSFORMED_;/Users/rar9993/repos/research/fdroid_apps/native_apps/MonsterHunter4UDatabase/app/src/main/java/com/daviancorp/android/ui/list/ArmorExpandableListFragment.java;file:/Users/rar9993/repos/research/fdroid_apps/native_apps/MonsterHunter4UDatabase/app/src/main/java/com/daviancorp/android/ui/list/ArmorExpandableListFragment.java|line:201
AddEmptyString;PMD;/Users/rar9993/repos/research/fdroid_apps/native_apps/MonsterHunter4UDatabase/NONE_TRANSFORMED_;/Users/rar9993/repos/research/fdroid_apps/native_apps/MonsterHunter4UDatabase/app/src/main/java/com/daviancorp/android/ui/list/CombiningListFragment.java;file:/Users/rar9993/repos/research/fdroid_apps/native_apps/MonsterHunter4UDatabase/app/src/main/java/com/daviancorp/android/ui/list/CombiningListFragment.java|line:113
AddEmptyString;PMD;/Users/rar9993/repos/research/fdroid_apps/native_apps/MonsterHunter4UDatabase/NONE_TRANSFORMED_;/Users/rar9993/repos/research/fdroid_apps/native_apps/MonsterHunter4UDatabase/app/src/main/java/com/daviancorp/android/ui/list/CombiningListFragment.java;file:/Users/rar9993/repos/research/fdroid_apps/native_apps/MonsterHunter4UDatabase/app/src/main/java/com/daviancorp/android/ui/list/CombiningListFragment.java|line:119
AddEmptyString;PMD;/Users/rar9993/repos/research/fdroid_apps/native_apps/MonsterHunter4UDatabase/NONE_TRANSFORMED_;/Users/rar9993/repos/research/fdroid_apps/native_apps/MonsterHunter4UDatabase/app/src/main/java/com/daviancorp/android/ui/list/DecorationListFragment.java;file:/Users/rar9993/repos/research/fdroid_apps/native_apps/MonsterHunter4UDatabase/app/src/main/java/com/daviancorp/android/ui/list/DecorationListFragment.java|line:151
TooFewBranchesForSwitch;PMD;/Users/rar9993/repos/research/fdroid_apps/native_apps/MonsterHunter4UDatabase/NONE_TRANSFORMED_;/Users/rar9993/repos/research/fdroid_apps/native_apps/MonsterHunter4UDatabase/app/src/main/java/com/daviancorp/android/ui/list/ItemListActivity.java;file:/Users/rar9993/repos/research/fdroid_apps/native_apps/MonsterHunter4UDatabase/app/src/main/java/com/daviancorp/android/ui/list/ItemListActivity.java|line:39
TooFewBranchesForSwitch;PMD;/Users/rar9993/repos/research/fdroid_apps/native_apps/MonsterHunter4UDatabase/NONE_TRANSFORMED_;/Users/rar9993/repos/research/fdroid_apps/native_apps/MonsterHunter4UDatabase/app/src/main/java/com/daviancorp/android/ui/list/MonsterListActivity.java;file:/Users/rar9993/repos/research/fdroid_apps/native_apps/MonsterHunter4UDatabase/app/src/main/java/com/daviancorp/android/ui/list/MonsterListActivity.java|line:53
TooFewBranchesForSwitch;PMD;/Users/rar9993/repos/research/fdroid_apps/native_apps/MonsterHunter4UDatabase/NONE_TRANSFORMED_;/Users/rar9993/repos/research/fdroid_apps/native_apps/MonsterHunter4UDatabase/app/src/main/java/com/daviancorp/android/ui/list/QuestListActivity.java;file:/Users/rar9993/repos/research/fdroid_apps/native_apps/MonsterHunter4UDatabase/app/src/main/java/com/daviancorp/android/ui/list/QuestListActivity.java|line:50
RedundantFieldInitializer;PMD;/Users/rar9993/repos/research/fdroid_apps/native_apps/MonsterHunter4UDatabase/NONE_TRANSFORMED_;/Users/rar9993/repos/research/fdroid_apps/native_apps/MonsterHunter4UDatabase/app/src/main/java/com/daviancorp/android/ui/list/WeaponListFragment.java;file:/Users/rar9993/repos/research/fdroid_apps/native_apps/MonsterHunter4UDatabase/app/src/main/java/com/daviancorp/android/ui/list/WeaponListFragment.java|line:39
TooFewBranchesForSwitch;PMD;/Users/rar9993/repos/research/fdroid_apps/native_apps/MonsterHunter4UDatabase/NONE_TRANSFORMED_;/Users/rar9993/repos/research/fdroid_apps/native_apps/MonsterHunter4UDatabase/app/src/main/java/com/daviancorp/android/ui/list/WeaponListFragment.java;file:/Users/rar9993/repos/research/fdroid_apps/native_apps/MonsterHunter4UDatabase/app/src/main/java/com/daviancorp/android/ui/list/WeaponListFragment.java|line:92
RedundantFieldInitializer;PMD;/Users/rar9993/repos/research/fdroid_apps/native_apps/MonsterHunter4UDatabase/NONE_TRANSFORMED_;/Users/rar9993/repos/research/fdroid_apps/native_apps/MonsterHunter4UDatabase/app/src/main/java/com/daviancorp/android/ui/list/WeaponSelectionListFragment.java;file:/Users/rar9993/repos/research/fdroid_apps/native_apps/MonsterHunter4UDatabase/app/src/main/java/com/daviancorp/android/ui/list/WeaponSelectionListFragment.java|line:28
UseStringBufferForStringAppends;PMD;/Users/rar9993/repos/research/fdroid_apps/native_apps/MonsterHunter4UDatabase/NONE_TRANSFORMED_;/Users/rar9993/repos/research/fdroid_apps/native_apps/MonsterHunter4UDatabase/app/src/main/java/com/daviancorp/android/ui/list/WeaponSelectionListFragment.java;file:/Users/rar9993/repos/research/fdroid_apps/native_apps/MonsterHunter4UDatabase/app/src/main/java/com/daviancorp/android/ui/list/WeaponSelectionListFragment.java|line:68
RedundantFieldInitializer;PMD;/Users/rar9993/repos/research/fdroid_apps/native_apps/MonsterHunter4UDatabase/NONE_TRANSFORMED_;/Users/rar9993/repos/research/fdroid_apps/native_apps/MonsterHunter4UDatabase/app/src/main/java/com/daviancorp/android/ui/list/WishlistListFragment.java;file:/Users/rar9993/repos/research/fdroid_apps/native_apps/MonsterHunter4UDatabase/app/src/main/java/com/daviancorp/android/ui/list/WishlistListFragment.java|line:52
RedundantFieldInitializer;PMD;/Users/rar9993/repos/research/fdroid_apps/native_apps/MonsterHunter4UDatabase/NONE_TRANSFORMED_;/Users/rar9993/repos/research/fdroid_apps/native_apps/MonsterHunter4UDatabase/android-sqlite-asset-helper/src/main/java/com/readystatesoftware/sqliteasset/SQLiteAssetHelper.java;file:/Users/rar9993/repos/research/fdroid_apps/native_apps/MonsterHunter4UDatabase/android-sqlite-asset-helper/src/main/java/com/readystatesoftware/sqliteasset/SQLiteAssetHelper.java|line:67
RedundantFieldInitializer;PMD;/Users/rar9993/repos/research/fdroid_apps/native_apps/MonsterHunter4UDatabase/NONE_TRANSFORMED_;/Users/rar9993/repos/research/fdroid_apps/native_apps/MonsterHunter4UDatabase/android-sqlite-asset-helper/src/main/java/com/readystatesoftware/sqliteasset/SQLiteAssetHelper.java;file:/Users/rar9993/repos/research/fdroid_apps/native_apps/MonsterHunter4UDatabase/android-sqlite-asset-helper/src/main/java/com/readystatesoftware/sqliteasset/SQLiteAssetHelper.java|line:68
RedundantFieldInitializer;PMD;/Users/rar9993/repos/research/fdroid_apps/native_apps/MonsterHunter4UDatabase/NONE_TRANSFORMED_;/Users/rar9993/repos/research/fdroid_apps/native_apps/MonsterHunter4UDatabase/android-sqlite-asset-helper/src/main/java/com/readystatesoftware/sqliteasset/SQLiteAssetHelper.java;file:/Users/rar9993/repos/research/fdroid_apps/native_apps/MonsterHunter4UDatabase/android-sqlite-asset-helper/src/main/java/com/readystatesoftware/sqliteasset/SQLiteAssetHelper.java|line:76
InefficientEmptyStringCheck;PMD;/Users/rar9993/repos/research/fdroid_apps/native_apps/MonsterHunter4UDatabase/NONE_TRANSFORMED_;/Users/rar9993/repos/research/fdroid_apps/native_apps/MonsterHunter4UDatabase/android-sqlite-asset-helper/src/main/java/com/readystatesoftware/sqliteasset/SQLiteAssetHelper.java;file:/Users/rar9993/repos/research/fdroid_apps/native_apps/MonsterHunter4UDatabase/android-sqlite-asset-helper/src/main/java/com/readystatesoftware/sqliteasset/SQLiteAssetHelper.java|line:327
AvoidFileStream;PMD;/Users/rar9993/repos/research/fdroid_apps/native_apps/MonsterHunter4UDatabase/NONE_TRANSFORMED_;/Users/rar9993/repos/research/fdroid_apps/native_apps/MonsterHunter4UDatabase/android-sqlite-asset-helper/src/main/java/com/readystatesoftware/sqliteasset/SQLiteAssetHelper.java;file:/Users/rar9993/repos/research/fdroid_apps/native_apps/MonsterHunter4UDatabase/android-sqlite-asset-helper/src/main/java/com/readystatesoftware/sqliteasset/SQLiteAssetHelper.java|line:463
AvoidFileStream;PMD;/Users/rar9993/repos/research/fdroid_apps/native_apps/MonsterHunter4UDatabase/NONE_TRANSFORMED_;/Users/rar9993/repos/research/fdroid_apps/native_apps/MonsterHunter4UDatabase/android-sqlite-asset-helper/src/main/java/com/readystatesoftware/sqliteasset/SQLiteAssetHelper.java;file:/Users/rar9993/repos/research/fdroid_apps/native_apps/MonsterHunter4UDatabase/android-sqlite-asset-helper/src/main/java/com/readystatesoftware/sqliteasset/SQLiteAssetHelper.java|line:465
AvoidInstantiatingObjectsInLoops;PMD;/Users/rar9993/repos/research/fdroid_apps/native_apps/MonsterHunter4UDatabase/NONE_TRANSFORMED_;/Users/rar9993/repos/research/fdroid_apps/native_apps/MonsterHunter4UDatabase/android-sqlite-asset-helper/src/main/java/com/readystatesoftware/sqliteasset/Utils.java;file:/Users/rar9993/repos/research/fdroid_apps/native_apps/MonsterHunter4UDatabase/android-sqlite-asset-helper/src/main/java/com/readystatesoftware/sqliteasset/Utils.java|line:30
MemberIgnoringMethod;DAAP;/Users/rar9993/repos/research/fdroid_apps/native_apps/MonsterHunter4UDatabase/NONE_TRANSFORMED_;/src/main/java/com/readystatesoftware/sqliteasset/SQLiteAssetHelper.java;file:/src/main/java/com/readystatesoftware/sqliteasset/SQLiteAssetHelper.java
SlowForLoop;DAAP;/Users/rar9993/repos/research/fdroid_apps/native_apps/MonsterHunter4UDatabase/NONE_TRANSFORMED_;/src/main/java/com/readystatesoftware/sqliteasset/Utils.java;file:/src/main/java/com/readystatesoftware/sqliteasset/Utils.java
MemberIgnoringMethod;DAAP;/Users/rar9993/repos/research/fdroid_apps/native_apps/MonsterHunter4UDatabase/NONE_TRANSFORMED_;/src/main/java/com/daviancorp/android/ui/general/GenericActionBarActivity.java;file:/src/main/java/com/daviancorp/android/ui/general/GenericActionBarActivity.java
MemberIgnoringMethod;DAAP;/Users/rar9993/repos/research/fdroid_apps/native_apps/MonsterHunter4UDatabase/NONE_TRANSFORMED_;/src/main/java/com/daviancorp/android/ui/general/HomeFragment.java;file:/src/main/java/com/daviancorp/android/ui/general/HomeFragment.java
MemberIgnoringMethod;DAAP;/Users/rar9993/repos/research/fdroid_apps/native_apps/MonsterHunter4UDatabase/NONE_TRANSFORMED_;/src/main/java/com/daviancorp/android/ui/general/SlidingTabLayout.java;file:/src/main/java/com/daviancorp/android/ui/general/SlidingTabLayout.java
MemberIgnoringMethod;DAAP;/Users/rar9993/repos/research/fdroid_apps/native_apps/MonsterHunter4UDatabase/NONE_TRANSFORMED_;/src/main/java/com/daviancorp/android/ui/general/FixedImageView.java;file:/src/main/java/com/daviancorp/android/ui/general/FixedImageView.java
MemberIgnoringMethod;DAAP;/Users/rar9993/repos/research/fdroid_apps/native_apps/MonsterHunter4UDatabase/NONE_TRANSFORMED_;/src/main/java/com/daviancorp/android/ui/general/GenericActivity.java;file:/src/main/java/com/daviancorp/android/ui/general/GenericActivity.java
MemberIgnoringMethod;DAAP;/Users/rar9993/repos/research/fdroid_apps/native_apps/MonsterHunter4UDatabase/NONE_TRANSFORMED_;/src/main/java/com/daviancorp/android/ui/general/HomeActivity.java;file:/src/main/java/com/daviancorp/android/ui/general/HomeActivity.java
MemberIgnoringMethod;DAAP;/Users/rar9993/repos/research/fdroid_apps/native_apps/MonsterHunter4UDatabase/NONE_TRANSFORMED_;/src/main/java/com/daviancorp/android/ui/general/DrawSharpness.java;file:/src/main/java/com/daviancorp/android/ui/general/DrawSharpness.java
MemberIgnoringMethod;DAAP;/Users/rar9993/repos/research/fdroid_apps/native_apps/MonsterHunter4UDatabase/NONE_TRANSFORMED_;/src/main/java/com/daviancorp/android/ui/adapter/MonsterGridPagerAdapter.java;file:/src/main/java/com/daviancorp/android/ui/adapter/MonsterGridPagerAdapter.java
MemberIgnoringMethod;DAAP;/Users/rar9993/repos/research/fdroid_apps/native_apps/MonsterHunter4UDatabase/NONE_TRANSFORMED_;/src/main/java/com/daviancorp/android/ui/adapter/QuestExpandableListPagerAdapter.java;file:/src/main/java/com/daviancorp/android/ui/adapter/QuestExpandableListPagerAdapter.java
MemberIgnoringMethod;DAAP;/Users/rar9993/repos/research/fdroid_apps/native_apps/MonsterHunter4UDatabase/NONE_TRANSFORMED_;/src/main/java/com/daviancorp/android/ui/adapter/ArmorExpandableListPagerAdapter.java;file:/src/main/java/com/daviancorp/android/ui/adapter/ArmorExpandableListPagerAdapter.java
MemberIgnoringMethod;DAAP;/Users/rar9993/repos/research/fdroid_apps/native_apps/MonsterHunter4UDatabase/NONE_TRANSFORMED_;/src/main/java/com/daviancorp/android/ui/adapter/WeaponExpandableListBladeAdapter.java;file:/src/main/java/com/daviancorp/android/ui/adapter/WeaponExpandableListBladeAdapter.java
MemberIgnoringMethod;DAAP;/Users/rar9993/repos/research/fdroid_apps/native_apps/MonsterHunter4UDatabase/NONE_TRANSFORMED_;/src/main/java/com/daviancorp/android/ui/adapter/WeaponExpandableListBowgunAdapter.java;file:/src/main/java/com/daviancorp/android/ui/adapter/WeaponExpandableListBowgunAdapter.java
MemberIgnoringMethod;DAAP;/Users/rar9993/repos/research/fdroid_apps/native_apps/MonsterHunter4UDatabase/NONE_TRANSFORMED_;/src/main/java/com/daviancorp/android/ui/adapter/WeaponExpandableListBowAdapter.java;file:/src/main/java/com/daviancorp/android/ui/adapter/WeaponExpandableListBowAdapter.java
MemberIgnoringMethod;DAAP;/Users/rar9993/repos/research/fdroid_apps/native_apps/MonsterHunter4UDatabase/NONE_TRANSFORMED_;/src/main/java/com/daviancorp/android/ui/adapter/WeaponExpandableListGeneralAdapter.java;file:/src/main/java/com/daviancorp/android/ui/adapter/WeaponExpandableListGeneralAdapter.java
MemberIgnoringMethod;DAAP;/Users/rar9993/repos/research/fdroid_apps/native_apps/MonsterHunter4UDatabase/NONE_TRANSFORMED_;/src/main/java/com/daviancorp/android/ui/adapter/WeaponExpandableListElementAdapter.java;file:/src/main/java/com/daviancorp/android/ui/adapter/WeaponExpandableListElementAdapter.java
MemberIgnoringMethod;DAAP;/Users/rar9993/repos/research/fdroid_apps/native_apps/MonsterHunter4UDatabase/NONE_TRANSFORMED_;/src/main/java/com/daviancorp/android/ui/adapter/ASBPagerAdapter.java;file:/src/main/java/com/daviancorp/android/ui/adapter/ASBPagerAdapter.java
MemberIgnoringMethod;DAAP;/Users/rar9993/repos/research/fdroid_apps/native_apps/MonsterHunter4UDatabase/NONE_TRANSFORMED_;/src/main/java/com/daviancorp/android/ui/dialog/WishlistAddDialogFragment.java;file:/src/main/java/com/daviancorp/android/ui/dialog/WishlistAddDialogFragment.java
MemberIgnoringMethod;DAAP;/Users/rar9993/repos/research/fdroid_apps/native_apps/MonsterHunter4UDatabase/NONE_TRANSFORMED_;/src/main/java/com/daviancorp/android/ui/dialog/AboutDialogFragment.java;file:/src/main/java/com/daviancorp/android/ui/dialog/AboutDialogFragment.java
MemberIgnoringMethod;DAAP;/Users/rar9993/repos/research/fdroid_apps/native_apps/MonsterHunter4UDatabase/NONE_TRANSFORMED_;/src/main/java/com/daviancorp/android/ui/dialog/ArmorFilterDialogFragment.java;file:/src/main/java/com/daviancorp/android/ui/dialog/ArmorFilterDialogFragment.java
MemberIgnoringMethod;DAAP;/Users/rar9993/repos/research/fdroid_apps/native_apps/MonsterHunter4UDatabase/NONE_TRANSFORMED_;/src/main/java/com/daviancorp/android/ui/detail/ASBActivity.java;file:/src/main/java/com/daviancorp/android/ui/detail/ASBActivity.java
MemberIgnoringMethod;DAAP;/Users/rar9993/repos/research/fdroid_apps/native_apps/MonsterHunter4UDatabase/NONE_TRANSFORMED_;/src/main/java/com/daviancorp/android/ui/detail/ItemDetailFragment.java;file:/src/main/java/com/daviancorp/android/ui/detail/ItemDetailFragment.java
MemberIgnoringMethod;DAAP;/Users/rar9993/repos/research/fdroid_apps/native_apps/MonsterHunter4UDatabase/NONE_TRANSFORMED_;/src/main/java/com/daviancorp/android/ui/detail/QuestRewardFragment.java;file:/src/main/java/com/daviancorp/android/ui/detail/QuestRewardFragment.java
MemberIgnoringMethod;DAAP;/Users/rar9993/repos/research/fdroid_apps/native_apps/MonsterHunter4UDatabase/NONE_TRANSFORMED_;/src/main/java/com/daviancorp/android/ui/detail/ItemQuestFragment.java;file:/src/main/java/com/daviancorp/android/ui/detail/ItemQuestFragment.java
MemberIgnoringMethod;DAAP;/Users/rar9993/repos/research/fdroid_apps/native_apps/MonsterHunter4UDatabase/NONE_TRANSFORMED_;/src/main/java/com/daviancorp/android/ui/detail/ArenaQuestRewardFragment.java;file:/src/main/java/com/daviancorp/android/ui/detail/ArenaQuestRewardFragment.java
MemberIgnoringMethod;DAAP;/Users/rar9993/repos/research/fdroid_apps/native_apps/MonsterHunter4UDatabase/NONE_TRANSFORMED_;/src/main/java/com/daviancorp/android/ui/detail/MonsterHabitatFragment.java;file:/src/main/java/com/daviancorp/android/ui/detail/MonsterHabitatFragment.java
MemberIgnoringMethod;DAAP;/Users/rar9993/repos/research/fdroid_apps/native_apps/MonsterHunter4UDatabase/NONE_TRANSFORMED_;/src/main/java/com/daviancorp/android/ui/detail/SkillTreeArmorFragment.java;file:/src/main/java/com/daviancorp/android/ui/detail/SkillTreeArmorFragment.java
MemberIgnoringMethod;DAAP;/Users/rar9993/repos/research/fdroid_apps/native_apps/MonsterHunter4UDatabase/NONE_TRANSFORMED_;/src/main/java/com/daviancorp/android/ui/detail/ArenaQuestDetailActivity.java;file:/src/main/java/com/daviancorp/android/ui/detail/ArenaQuestDetailActivity.java
MemberIgnoringMethod;DAAP;/Users/rar9993/repos/research/fdroid_apps/native_apps/MonsterHunter4UDatabase/NONE_TRANSFORMED_;/src/main/java/com/daviancorp/android/ui/detail/QuestDetailActivity.java;file:/src/main/java/com/daviancorp/android/ui/detail/QuestDetailActivity.java
MemberIgnoringMethod;DAAP;/Users/rar9993/repos/research/fdroid_apps/native_apps/MonsterHunter4UDatabase/NONE_TRANSFORMED_;/src/main/java/com/daviancorp/android/ui/detail/ItemLocationFragment.java;file:/src/main/java/com/daviancorp/android/ui/detail/ItemLocationFragment.java
MemberIgnoringMethod;DAAP;/Users/rar9993/repos/research/fdroid_apps/native_apps/MonsterHunter4UDatabase/NONE_TRANSFORMED_;/src/main/java/com/daviancorp/android/ui/detail/SkillTreeDetailFragment.java;file:/src/main/java/com/daviancorp/android/ui/detail/SkillTreeDetailFragment.java
MemberIgnoringMethod;DAAP;/Users/rar9993/repos/research/fdroid_apps/native_apps/MonsterHunter4UDatabase/NONE_TRANSFORMED_;/src/main/java/com/daviancorp/android/ui/detail/WeaponTreeFragment.java;file:/src/main/java/com/daviancorp/android/ui/detail/WeaponTreeFragment.java
MemberIgnoringMethod;DAAP;/Users/rar9993/repos/research/fdroid_apps/native_apps/MonsterHunter4UDatabase/NONE_TRANSFORMED_;/src/main/java/com/daviancorp/android/ui/detail/LocationDetailActivity.java;file:/src/main/java/com/daviancorp/android/ui/detail/LocationDetailActivity.java
MemberIgnoringMethod;DAAP;/Users/rar9993/repos/research/fdroid_apps/native_apps/MonsterHunter4UDatabase/NONE_TRANSFORMED_;/src/main/java/com/daviancorp/android/ui/detail/ArmorDetailFragment.java;file:/src/main/java/com/daviancorp/android/ui/detail/ArmorDetailFragment.java
MemberIgnoringMethod;DAAP;/Users/rar9993/repos/research/fdroid_apps/native_apps/MonsterHunter4UDatabase/NONE_TRANSFORMED_;/src/main/java/com/daviancorp/android/ui/detail/LocationRankFragment.java;file:/src/main/java/com/daviancorp/android/ui/detail/LocationRankFragment.java
MemberIgnoringMethod;DAAP;/Users/rar9993/repos/research/fdroid_apps/native_apps/MonsterHunter4UDatabase/NONE_TRANSFORMED_;/src/main/java/com/daviancorp/android/ui/detail/WeaponDetailActivity.java;file:/src/main/java/com/daviancorp/android/ui/detail/WeaponDetailActivity.java
MemberIgnoringMethod;DAAP;/Users/rar9993/repos/research/fdroid_apps/native_apps/MonsterHunter4UDatabase/NONE_TRANSFORMED_;/src/main/java/com/daviancorp/android/ui/detail/MonsterDamageFragment.java;file:/src/main/java/com/daviancorp/android/ui/detail/MonsterDamageFragment.java
MemberIgnoringMethod;DAAP;/Users/rar9993/repos/research/fdroid_apps/native_apps/MonsterHunter4UDatabase/NONE_TRANSFORMED_;/src/main/java/com/daviancorp/android/ui/detail/ItemMonsterFragment.java;file:/src/main/java/com/daviancorp/android/ui/detail/ItemMonsterFragment.java
MemberIgnoringMethod;DAAP;/Users/rar9993/repos/research/fdroid_apps/native_apps/MonsterHunter4UDatabase/NONE_TRANSFORMED_;/src/main/java/com/daviancorp/android/ui/detail/SkillTreeDecorationFragment.java;file:/src/main/java/com/daviancorp/android/ui/detail/SkillTreeDecorationFragment.java
MemberIgnoringMethod;DAAP;/Users/rar9993/repos/research/fdroid_apps/native_apps/MonsterHunter4UDatabase/NONE_TRANSFORMED_;/src/main/java/com/daviancorp/android/ui/detail/DecorationDetailFragment.java;file:/src/main/java/com/daviancorp/android/ui/detail/DecorationDetailFragment.java
MemberIgnoringMethod;DAAP;/Users/rar9993/repos/research/fdroid_apps/native_apps/MonsterHunter4UDatabase/NONE_TRANSFORMED_;/src/main/java/com/daviancorp/android/ui/detail/ItemComponentFragment.java;file:/src/main/java/com/daviancorp/android/ui/detail/ItemComponentFragment.java
MemberIgnoringMethod;DAAP;/Users/rar9993/repos/research/fdroid_apps/native_apps/MonsterHunter4UDatabase/NONE_TRANSFORMED_;/src/main/java/com/daviancorp/android/ui/detail/ItemTradeFragment.java;file:/src/main/java/com/daviancorp/android/ui/detail/ItemTradeFragment.java
MemberIgnoringMethod;DAAP;/Users/rar9993/repos/research/fdroid_apps/native_apps/MonsterHunter4UDatabase/NONE_TRANSFORMED_;/src/main/java/com/daviancorp/android/ui/detail/ItemToSkillFragment.java;file:/src/main/java/com/daviancorp/android/ui/detail/ItemToSkillFragment.java
MemberIgnoringMethod;DAAP;/Users/rar9993/repos/research/fdroid_apps/native_apps/MonsterHunter4UDatabase/NONE_TRANSFORMED_;/src/main/java/com/daviancorp/android/ui/detail/MonsterRewardFragment.java;file:/src/main/java/com/daviancorp/android/ui/detail/MonsterRewardFragment.java
MemberIgnoringMethod;DAAP;/Users/rar9993/repos/research/fdroid_apps/native_apps/MonsterHunter4UDatabase/NONE_TRANSFORMED_;/src/main/java/com/daviancorp/android/ui/detail/QuestDetailFragment.java;file:/src/main/java/com/daviancorp/android/ui/detail/QuestDetailFragment.java
MemberIgnoringMethod;DAAP;/Users/rar9993/repos/research/fdroid_apps/native_apps/MonsterHunter4UDatabase/NONE_TRANSFORMED_;/src/main/java/com/daviancorp/android/ui/detail/ArenaQuestDetailFragment.java;file:/src/main/java/com/daviancorp/android/ui/detail/ArenaQuestDetailFragment.java
MemberIgnoringMethod;DAAP;/Users/rar9993/repos/research/fdroid_apps/native_apps/MonsterHunter4UDatabase/NONE_TRANSFORMED_;/src/main/java/com/daviancorp/android/ui/detail/ComponentListFragment.java;file:/src/main/java/com/daviancorp/android/ui/detail/ComponentListFragment.java
MemberIgnoringMethod;DAAP;/Users/rar9993/repos/research/fdroid_apps/native_apps/MonsterHunter4UDatabase/NONE_TRANSFORMED_;/src/main/java/com/daviancorp/android/ui/detail/LocationHabitatFragment.java;file:/src/main/java/com/daviancorp/android/ui/detail/LocationHabitatFragment.java
MemberIgnoringMethod;DAAP;/Users/rar9993/repos/research/fdroid_apps/native_apps/MonsterHunter4UDatabase/NONE_TRANSFORMED_;/src/main/java/com/daviancorp/android/ui/detail/MonsterDetailActivity.java;file:/src/main/java/com/daviancorp/android/ui/detail/MonsterDetailActivity.java
MemberIgnoringMethod;DAAP;/Users/rar9993/repos/research/fdroid_apps/native_apps/MonsterHunter4UDatabase/NONE_TRANSFORMED_;/src/main/java/com/daviancorp/android/ui/detail/ItemDetailActivity.java;file:/src/main/java/com/daviancorp/android/ui/detail/ItemDetailActivity.java
MemberIgnoringMethod;DAAP;/Users/rar9993/repos/research/fdroid_apps/native_apps/MonsterHunter4UDatabase/NONE_TRANSFORMED_;/src/main/java/com/daviancorp/android/ui/detail/WishlistDetailActivity.java;file:/src/main/java/com/daviancorp/android/ui/detail/WishlistDetailActivity.java
MemberIgnoringMethod;DAAP;/Users/rar9993/repos/research/fdroid_apps/native_apps/MonsterHunter4UDatabase/NONE_TRANSFORMED_;/src/main/java/com/daviancorp/android/ui/detail/ASBFragment.java;file:/src/main/java/com/daviancorp/android/ui/detail/ASBFragment.java
MemberIgnoringMethod;DAAP;/Users/rar9993/repos/research/fdroid_apps/native_apps/MonsterHunter4UDatabase/NONE_TRANSFORMED_;/src/main/java/com/daviancorp/android/ui/detail/LocationDetailFragment.java;file:/src/main/java/com/daviancorp/android/ui/detail/LocationDetailFragment.java
MemberIgnoringMethod;DAAP;/Users/rar9993/repos/research/fdroid_apps/native_apps/MonsterHunter4UDatabase/NONE_TRANSFORMED_;/src/main/java/com/daviancorp/android/ui/detail/MonsterQuestFragment.java;file:/src/main/java/com/daviancorp/android/ui/detail/MonsterQuestFragment.java
MemberIgnoringMethod;DAAP;/Users/rar9993/repos/research/fdroid_apps/native_apps/MonsterHunter4UDatabase/NONE_TRANSFORMED_;/src/main/java/com/daviancorp/android/ui/detail/ArenaQuestMonsterFragment.java;file:/src/main/java/com/daviancorp/android/ui/detail/ArenaQuestMonsterFragment.java
MemberIgnoringMethod;DAAP;/Users/rar9993/repos/research/fdroid_apps/native_apps/MonsterHunter4UDatabase/NONE_TRANSFORMED_;/src/main/java/com/daviancorp/android/ui/detail/SkillTreeDetailActivity.java;file:/src/main/java/com/daviancorp/android/ui/detail/SkillTreeDetailActivity.java
MemberIgnoringMethod;DAAP;/Users/rar9993/repos/research/fdroid_apps/native_apps/MonsterHunter4UDatabase/NONE_TRANSFORMED_;/src/main/java/com/daviancorp/android/ui/detail/MonsterSummaryFragment.java;file:/src/main/java/com/daviancorp/android/ui/detail/MonsterSummaryFragment.java
MemberIgnoringMethod;DAAP;/Users/rar9993/repos/research/fdroid_apps/native_apps/MonsterHunter4UDatabase/NONE_TRANSFORMED_;/src/main/java/com/daviancorp/android/ui/detail/QuestMonsterFragment.java;file:/src/main/java/com/daviancorp/android/ui/detail/QuestMonsterFragment.java
MemberIgnoringMethod;DAAP;/Users/rar9993/repos/research/fdroid_apps/native_apps/MonsterHunter4UDatabase/NONE_TRANSFORMED_;/src/main/java/com/daviancorp/android/ui/detail/WishlistDataComponentFragment.java;file:/src/main/java/com/daviancorp/android/ui/detail/WishlistDataComponentFragment.java
MemberIgnoringMethod;DAAP;/Users/rar9993/repos/research/fdroid_apps/native_apps/MonsterHunter4UDatabase/NONE_TRANSFORMED_;/src/main/java/com/daviancorp/android/ui/detail/WeaponBladeDetailFragment.java;file:/src/main/java/com/daviancorp/android/ui/detail/WeaponBladeDetailFragment.java
MemberIgnoringMethod;DAAP;/Users/rar9993/repos/research/fdroid_apps/native_apps/MonsterHunter4UDatabase/NONE_TRANSFORMED_;/src/main/java/com/daviancorp/android/ui/detail/WishlistDataDetailFragment.java;file:/src/main/java/com/daviancorp/android/ui/detail/WishlistDataDetailFragment.java
MemberIgnoringMethod;DAAP;/Users/rar9993/repos/research/fdroid_apps/native_apps/MonsterHunter4UDatabase/NONE_TRANSFORMED_;/src/main/java/com/daviancorp/android/ui/detail/WeaponDetailFragment.java;file:/src/main/java/com/daviancorp/android/ui/detail/WeaponDetailFragment.java
MemberIgnoringMethod;DAAP;/Users/rar9993/repos/research/fdroid_apps/native_apps/MonsterHunter4UDatabase/NONE_TRANSFORMED_;/src/main/java/com/daviancorp/android/ui/detail/ItemArenaFragment.java;file:/src/main/java/com/daviancorp/android/ui/detail/ItemArenaFragment.java
MemberIgnoringMethod;DAAP;/Users/rar9993/repos/research/fdroid_apps/native_apps/MonsterHunter4UDatabase/NONE_TRANSFORMED_;/src/main/java/com/daviancorp/android/ui/detail/ArmorDetailActivity.java;file:/src/main/java/com/daviancorp/android/ui/detail/ArmorDetailActivity.java
MemberIgnoringMethod;DAAP;/Users/rar9993/repos/research/fdroid_apps/native_apps/MonsterHunter4UDatabase/NONE_TRANSFORMED_;/src/main/java/com/daviancorp/android/ui/detail/DecorationDetailActivity.java;file:/src/main/java/com/daviancorp/android/ui/detail/DecorationDetailActivity.java
MemberIgnoringMethod;DAAP;/Users/rar9993/repos/research/fdroid_apps/native_apps/MonsterHunter4UDatabase/NONE_TRANSFORMED_;/src/main/java/com/daviancorp/android/ui/list/UniversalSearchFragment.java;file:/src/main/java/com/daviancorp/android/ui/list/UniversalSearchFragment.java
MemberIgnoringMethod;DAAP;/Users/rar9993/repos/research/fdroid_apps/native_apps/MonsterHunter4UDatabase/NONE_TRANSFORMED_;/src/main/java/com/daviancorp/android/ui/list/SkillTreeListFragment.java;file:/src/main/java/com/daviancorp/android/ui/list/SkillTreeListFragment.java
MemberIgnoringMethod;DAAP;/Users/rar9993/repos/research/fdroid_apps/native_apps/MonsterHunter4UDatabase/NONE_TRANSFORMED_;/src/main/java/com/daviancorp/android/ui/list/WishlistListActivity.java;file:/src/main/java/com/daviancorp/android/ui/list/WishlistListActivity.java
MemberIgnoringMethod;DAAP;/Users/rar9993/repos/research/fdroid_apps/native_apps/MonsterHunter4UDatabase/NONE_TRANSFORMED_;/src/main/java/com/daviancorp/android/ui/list/WeaponListActivity.java;file:/src/main/java/com/daviancorp/android/ui/list/WeaponListActivity.java
MemberIgnoringMethod;DAAP;/Users/rar9993/repos/research/fdroid_apps/native_apps/MonsterHunter4UDatabase/NONE_TRANSFORMED_;/src/main/java/com/daviancorp/android/ui/list/DecorationListActivity.java;file:/src/main/java/com/daviancorp/android/ui/list/DecorationListActivity.java
MemberIgnoringMethod;DAAP;/Users/rar9993/repos/research/fdroid_apps/native_apps/MonsterHunter4UDatabase/NONE_TRANSFORMED_;/src/main/java/com/daviancorp/android/ui/list/ArmorListActivity.java;file:/src/main/java/com/daviancorp/android/ui/list/ArmorListActivity.java
MemberIgnoringMethod;DAAP;/Users/rar9993/repos/research/fdroid_apps/native_apps/MonsterHunter4UDatabase/NONE_TRANSFORMED_;/src/main/java/com/daviancorp/android/ui/list/WeaponSelectionListActivity.java;file:/src/main/java/com/daviancorp/android/ui/list/WeaponSelectionListActivity.java
MemberIgnoringMethod;DAAP;/Users/rar9993/repos/research/fdroid_apps/native_apps/MonsterHunter4UDatabase/NONE_TRANSFORMED_;/src/main/java/com/daviancorp/android/ui/list/QuestExpandableListFragment.java;file:/src/main/java/com/daviancorp/android/ui/list/QuestExpandableListFragment.java
MemberIgnoringMethod;DAAP;/Users/rar9993/repos/research/fdroid_apps/native_apps/MonsterHunter4UDatabase/NONE_TRANSFORMED_;/src/main/java/com/daviancorp/android/ui/list/MonsterListFragment.java;file:/src/main/java/com/daviancorp/android/ui/list/MonsterListFragment.java
MemberIgnoringMethod;DAAP;/Users/rar9993/repos/research/fdroid_apps/native_apps/MonsterHunter4UDatabase/NONE_TRANSFORMED_;/src/main/java/com/daviancorp/android/ui/list/ASBSetListFragment.java;file:/src/main/java/com/daviancorp/android/ui/list/ASBSetListFragment.java
MemberIgnoringMethod;DAAP;/Users/rar9993/repos/research/fdroid_apps/native_apps/MonsterHunter4UDatabase/NONE_TRANSFORMED_;/src/main/java/com/daviancorp/android/ui/list/CombiningListActivity.java;file:/src/main/java/com/daviancorp/android/ui/list/CombiningListActivity.java
MemberIgnoringMethod;DAAP;/Users/rar9993/repos/research/fdroid_apps/native_apps/MonsterHunter4UDatabase/NONE_TRANSFORMED_;/src/main/java/com/daviancorp/android/ui/list/ArmorExpandableListFragment.java;file:/src/main/java/com/daviancorp/android/ui/list/ArmorExpandableListFragment.java
MemberIgnoringMethod;DAAP;/Users/rar9993/repos/research/fdroid_apps/native_apps/MonsterHunter4UDatabase/NONE_TRANSFORMED_;/src/main/java/com/daviancorp/android/ui/list/ArenaQuestListFragment.java;file:/src/main/java/com/daviancorp/android/ui/list/ArenaQuestListFragment.java
MemberIgnoringMethod;DAAP;/Users/rar9993/repos/research/fdroid_apps/native_apps/MonsterHunter4UDatabase/NONE_TRANSFORMED_;/src/main/java/com/daviancorp/android/ui/list/WyporiumTradeListActivity.java;file:/src/main/java/com/daviancorp/android/ui/list/WyporiumTradeListActivity.java
MemberIgnoringMethod;DAAP;/Users/rar9993/repos/research/fdroid_apps/native_apps/MonsterHunter4UDatabase/NONE_TRANSFORMED_;/src/main/java/com/daviancorp/android/ui/list/LocationListFragment.java;file:/src/main/java/com/daviancorp/android/ui/list/LocationListFragment.java
MemberIgnoringMethod;DAAP;/Users/rar9993/repos/research/fdroid_apps/native_apps/MonsterHunter4UDatabase/NONE_TRANSFORMED_;/src/main/java/com/daviancorp/android/ui/list/ItemListFragment.java;file:/src/main/java/com/daviancorp/android/ui/list/ItemListFragment.java
MemberIgnoringMethod;DAAP;/Users/rar9993/repos/research/fdroid_apps/native_apps/MonsterHunter4UDatabase/NONE_TRANSFORMED_;/src/main/java/com/daviancorp/android/ui/list/adapter/MenuDrawerListAdapter.java;file:/src/main/java/com/daviancorp/android/ui/list/adapter/MenuDrawerListAdapter.java
MemberIgnoringMethod;DAAP;/Users/rar9993/repos/research/fdroid_apps/native_apps/MonsterHunter4UDatabase/NONE_TRANSFORMED_;/src/main/java/com/daviancorp/android/ui/list/WishlistListFragment.java;file:/src/main/java/com/daviancorp/android/ui/list/WishlistListFragment.java
MemberIgnoringMethod;DAAP;/Users/rar9993/repos/research/fdroid_apps/native_apps/MonsterHunter4UDatabase/NONE_TRANSFORMED_;/src/main/java/com/daviancorp/android/ui/list/WeaponListFragment.java;file:/src/main/java/com/daviancorp/android/ui/list/WeaponListFragment.java
MemberIgnoringMethod;DAAP;/Users/rar9993/repos/research/fdroid_apps/native_apps/MonsterHunter4UDatabase/NONE_TRANSFORMED_;/src/main/java/com/daviancorp/android/ui/list/SkillTreeListActivity.java;file:/src/main/java/com/daviancorp/android/ui/list/SkillTreeListActivity.java
MemberIgnoringMethod;DAAP;/Users/rar9993/repos/research/fdroid_apps/native_apps/MonsterHunter4UDatabase/NONE_TRANSFORMED_;/src/main/java/com/daviancorp/android/ui/list/UniversalSearchActivity.java;file:/src/main/java/com/daviancorp/android/ui/list/UniversalSearchActivity.java
MemberIgnoringMethod;DAAP;/Users/rar9993/repos/research/fdroid_apps/native_apps/MonsterHunter4UDatabase/NONE_TRANSFORMED_;/src/main/java/com/daviancorp/android/ui/list/ASBSetListActivity.java;file:/src/main/java/com/daviancorp/android/ui/list/ASBSetListActivity.java
MemberIgnoringMethod;DAAP;/Users/rar9993/repos/research/fdroid_apps/native_apps/MonsterHunter4UDatabase/NONE_TRANSFORMED_;/src/main/java/com/daviancorp/android/ui/list/MonsterListActivity.java;file:/src/main/java/com/daviancorp/android/ui/list/MonsterListActivity.java
MemberIgnoringMethod;DAAP;/Users/rar9993/repos/research/fdroid_apps/native_apps/MonsterHunter4UDatabase/NONE_TRANSFORMED_;/src/main/java/com/daviancorp/android/ui/list/WeaponSelectionListFragment.java;file:/src/main/java/com/daviancorp/android/ui/list/WeaponSelectionListFragment.java
MemberIgnoringMethod;DAAP;/Users/rar9993/repos/research/fdroid_apps/native_apps/MonsterHunter4UDatabase/NONE_TRANSFORMED_;/src/main/java/com/daviancorp/android/ui/list/DecorationListFragment.java;file:/src/main/java/com/daviancorp/android/ui/list/DecorationListFragment.java
MemberIgnoringMethod;DAAP;/Users/rar9993/repos/research/fdroid_apps/native_apps/MonsterHunter4UDatabase/NONE_TRANSFORMED_;/src/main/java/com/daviancorp/android/ui/list/WyporiumTradeListFragment.java;file:/src/main/java/com/daviancorp/android/ui/list/WyporiumTradeListFragment.java
MemberIgnoringMethod;DAAP;/Users/rar9993/repos/research/fdroid_apps/native_apps/MonsterHunter4UDatabase/NONE_TRANSFORMED_;/src/main/java/com/daviancorp/android/ui/list/ArenaQuestListActivity.java;file:/src/main/java/com/daviancorp/android/ui/list/ArenaQuestListActivity.java
MemberIgnoringMethod;DAAP;/Users/rar9993/repos/research/fdroid_apps/native_apps/MonsterHunter4UDatabase/NONE_TRANSFORMED_;/src/main/java/com/daviancorp/android/ui/list/QuestListActivity.java;file:/src/main/java/com/daviancorp/android/ui/list/QuestListActivity.java
MemberIgnoringMethod;DAAP;/Users/rar9993/repos/research/fdroid_apps/native_apps/MonsterHunter4UDatabase/NONE_TRANSFORMED_;/src/main/java/com/daviancorp/android/ui/list/CombiningListFragment.java;file:/src/main/java/com/daviancorp/android/ui/list/CombiningListFragment.java
MemberIgnoringMethod;DAAP;/Users/rar9993/repos/research/fdroid_apps/native_apps/MonsterHunter4UDatabase/NONE_TRANSFORMED_;/src/main/java/com/daviancorp/android/ui/list/ItemListActivity.java;file:/src/main/java/com/daviancorp/android/ui/list/ItemListActivity.java
MemberIgnoringMethod;DAAP;/Users/rar9993/repos/research/fdroid_apps/native_apps/MonsterHunter4UDatabase/NONE_TRANSFORMED_;/src/main/java/com/daviancorp/android/ui/list/LocationListActivity.java;file:/src/main/java/com/daviancorp/android/ui/list/LocationListActivity.java
MemberIgnoringMethod;DAAP;/Users/rar9993/repos/research/fdroid_apps/native_apps/MonsterHunter4UDatabase/NONE_TRANSFORMED_;/src/main/java/com/daviancorp/android/ui/compound/ASBPieceContainer.java;file:/src/main/java/com/daviancorp/android/ui/compound/ASBPieceContainer.java
MemberIgnoringMethod;DAAP;/Users/rar9993/repos/research/fdroid_apps/native_apps/MonsterHunter4UDatabase/NONE_TRANSFORMED_;/src/main/java/com/daviancorp/android/ui/compound/ASBTalismanSkillContainer.java;file:/src/main/java/com/daviancorp/android/ui/compound/ASBTalismanSkillContainer.java
MemberIgnoringMethod;DAAP;/Users/rar9993/repos/research/fdroid_apps/native_apps/MonsterHunter4UDatabase/NONE_TRANSFORMED_;/src/main/java/com/daviancorp/android/loader/ASBSetListCursorLoader.java;file:/src/main/java/com/daviancorp/android/loader/ASBSetListCursorLoader.java
MemberIgnoringMethod;DAAP;/Users/rar9993/repos/research/fdroid_apps/native_apps/MonsterHunter4UDatabase/NONE_TRANSFORMED_;/src/main/java/com/daviancorp/android/loader/LocationListCursorLoader.java;file:/src/main/java/com/daviancorp/android/loader/LocationListCursorLoader.java
MemberIgnoringMethod;DAAP;/Users/rar9993/repos/research/fdroid_apps/native_apps/MonsterHunter4UDatabase/NONE_TRANSFORMED_;/src/main/java/com/daviancorp/android/loader/SkillTreeListCursorLoader.java;file:/src/main/java/com/daviancorp/android/loader/SkillTreeListCursorLoader.java
MemberIgnoringMethod;DAAP;/Users/rar9993/repos/research/fdroid_apps/native_apps/MonsterHunter4UDatabase/NONE_TRANSFORMED_;/src/main/java/com/daviancorp/android/loader/WishlistListCursorLoader.java;file:/src/main/java/com/daviancorp/android/loader/WishlistListCursorLoader.java
MemberIgnoringMethod;DAAP;/Users/rar9993/repos/research/fdroid_apps/native_apps/MonsterHunter4UDatabase/NONE_TRANSFORMED_;/src/main/java/com/daviancorp/android/loader/WyporiumTradeListCursorLoader.java;file:/src/main/java/com/daviancorp/android/loader/WyporiumTradeListCursorLoader.java
MemberIgnoringMethod;DAAP;/Users/rar9993/repos/research/fdroid_apps/native_apps/MonsterHunter4UDatabase/NONE_TRANSFORMED_;/src/main/java/com/daviancorp/android/loader/ArenaQuestListCursorLoader.java;file:/src/main/java/com/daviancorp/android/loader/ArenaQuestListCursorLoader.java
MemberIgnoringMethod;DAAP;/Users/rar9993/repos/research/fdroid_apps/native_apps/MonsterHunter4UDatabase/NONE_TRANSFORMED_;/src/main/java/com/daviancorp/android/loader/SQLiteCursorLoader.java;file:/src/main/java/com/daviancorp/android/loader/SQLiteCursorLoader.java
MemberIgnoringMethod;DAAP;/Users/rar9993/repos/research/fdroid_apps/native_apps/MonsterHunter4UDatabase/NONE_TRANSFORMED_;/src/main/java/com/daviancorp/android/data/database/MonsterAilmentCursor.java;file:/src/main/java/com/daviancorp/android/data/database/MonsterAilmentCursor.java
MemberIgnoringMethod;DAAP;/Users/rar9993/repos/research/fdroid_apps/native_apps/MonsterHunter4UDatabase/NONE_TRANSFORMED_;/src/main/java/com/daviancorp/android/data/database/MonsterStatusCursor.java;file:/src/main/java/com/daviancorp/android/data/database/MonsterStatusCursor.java
MemberIgnoringMethod;DAAP;/Users/rar9993/repos/research/fdroid_apps/native_apps/MonsterHunter4UDatabase/NONE_TRANSFORMED_;/src/main/java/com/daviancorp/android/data/database/MultiObjectCursor.java;file:/src/main/java/com/daviancorp/android/data/database/MultiObjectCursor.java
MemberIgnoringMethod;DAAP;/Users/rar9993/repos/research/fdroid_apps/native_apps/MonsterHunter4UDatabase/NONE_TRANSFORMED_;/src/main/java/com/daviancorp/android/data/database/ASBSessionCursor.java;file:/src/main/java/com/daviancorp/android/data/database/ASBSessionCursor.java
MemberIgnoringMethod;DAAP;/Users/rar9993/repos/research/fdroid_apps/native_apps/MonsterHunter4UDatabase/NONE_TRANSFORMED_;/src/main/java/com/daviancorp/android/data/database/LocationCursor.java;file:/src/main/java/com/daviancorp/android/data/database/LocationCursor.java
MemberIgnoringMethod;DAAP;/Users/rar9993/repos/research/fdroid_apps/native_apps/MonsterHunter4UDatabase/NONE_TRANSFORMED_;/src/main/java/com/daviancorp/android/data/database/WeaponTreeCursor.java;file:/src/main/java/com/daviancorp/android/data/database/WeaponTreeCursor.java
MemberIgnoringMethod;DAAP;/Users/rar9993/repos/research/fdroid_apps/native_apps/MonsterHunter4UDatabase/NONE_TRANSFORMED_;/src/main/java/com/daviancorp/android/data/database/DecorationCursor.java;file:/src/main/java/com/daviancorp/android/data/database/DecorationCursor.java
MemberIgnoringMethod;DAAP;/Users/rar9993/repos/research/fdroid_apps/native_apps/MonsterHunter4UDatabase/NONE_TRANSFORMED_;/src/main/java/com/daviancorp/android/data/database/MonsterWeaknessCursor.java;file:/src/main/java/com/daviancorp/android/data/database/MonsterWeaknessCursor.java
MemberIgnoringMethod;DAAP;/Users/rar9993/repos/research/fdroid_apps/native_apps/MonsterHunter4UDatabase/NONE_TRANSFORMED_;/src/main/java/com/daviancorp/android/data/database/ArmorCursor.java;file:/src/main/java/com/daviancorp/android/data/database/ArmorCursor.java
MemberIgnoringMethod;DAAP;/Users/rar9993/repos/research/fdroid_apps/native_apps/MonsterHunter4UDatabase/NONE_TRANSFORMED_;/src/main/java/com/daviancorp/android/data/database/MonsterToQuestCursor.java;file:/src/main/java/com/daviancorp/android/data/database/MonsterToQuestCursor.java
MemberIgnoringMethod;DAAP;/Users/rar9993/repos/research/fdroid_apps/native_apps/MonsterHunter4UDatabase/NONE_TRANSFORMED_;/src/main/java/com/daviancorp/android/data/database/HuntingFleetCursor.java;file:/src/main/java/com/daviancorp/android/data/database/HuntingFleetCursor.java
MemberIgnoringMethod;DAAP;/Users/rar9993/repos/research/fdroid_apps/native_apps/MonsterHunter4UDatabase/NONE_TRANSFORMED_;/src/main/java/com/daviancorp/android/data/database/HornMelodiesCursor.java;file:/src/main/java/com/daviancorp/android/data/database/HornMelodiesCursor.java
MemberIgnoringMethod;DAAP;/Users/rar9993/repos/research/fdroid_apps/native_apps/MonsterHunter4UDatabase/NONE_TRANSFORMED_;/src/main/java/com/daviancorp/android/data/database/MonsterDamageCursor.java;file:/src/main/java/com/daviancorp/android/data/database/MonsterDamageCursor.java
MemberIgnoringMethod;DAAP;/Users/rar9993/repos/research/fdroid_apps/native_apps/MonsterHunter4UDatabase/NONE_TRANSFORMED_;/src/main/java/com/daviancorp/android/data/database/HuntingRewardCursor.java;file:/src/main/java/com/daviancorp/android/data/database/HuntingRewardCursor.java
MemberIgnoringMethod;DAAP;/Users/rar9993/repos/research/fdroid_apps/native_apps/MonsterHunter4UDatabase/NONE_TRANSFORMED_;/src/main/java/com/daviancorp/android/data/database/MonsterHabitatCursor.java;file:/src/main/java/com/daviancorp/android/data/database/MonsterHabitatCursor.java
MemberIgnoringMethod;DAAP;/Users/rar9993/repos/research/fdroid_apps/native_apps/MonsterHunter4UDatabase/NONE_TRANSFORMED_;/src/main/java/com/daviancorp/android/data/database/MogaWoodsRewardCursor.java;file:/src/main/java/com/daviancorp/android/data/database/MogaWoodsRewardCursor.java
MemberIgnoringMethod;DAAP;/Users/rar9993/repos/research/fdroid_apps/native_apps/MonsterHunter4UDatabase/NONE_TRANSFORMED_;/src/main/java/com/daviancorp/android/data/database/ArenaQuestCursor.java;file:/src/main/java/com/daviancorp/android/data/database/ArenaQuestCursor.java
MemberIgnoringMethod;DAAP;/Users/rar9993/repos/research/fdroid_apps/native_apps/MonsterHunter4UDatabase/NONE_TRANSFORMED_;/src/main/java/com/daviancorp/android/data/database/SkillCursor.java;file:/src/main/java/com/daviancorp/android/data/database/SkillCursor.java
MemberIgnoringMethod;DAAP;/Users/rar9993/repos/research/fdroid_apps/native_apps/MonsterHunter4UDatabase/NONE_TRANSFORMED_;/src/main/java/com/daviancorp/android/data/database/WishlistDataCursor.java;file:/src/main/java/com/daviancorp/android/data/database/WishlistDataCursor.java
MemberIgnoringMethod;DAAP;/Users/rar9993/repos/research/fdroid_apps/native_apps/MonsterHunter4UDatabase/NONE_TRANSFORMED_;/src/main/java/com/daviancorp/android/data/database/QuestRewardCursor.java;file:/src/main/java/com/daviancorp/android/data/database/QuestRewardCursor.java
MemberIgnoringMethod;DAAP;/Users/rar9993/repos/research/fdroid_apps/native_apps/MonsterHunter4UDatabase/NONE_TRANSFORMED_;/src/main/java/com/daviancorp/android/data/database/ItemToSkillTreeCursor.java;file:/src/main/java/com/daviancorp/android/data/database/ItemToSkillTreeCursor.java
MemberIgnoringMethod;DAAP;/Users/rar9993/repos/research/fdroid_apps/native_apps/MonsterHunter4UDatabase/NONE_TRANSFORMED_;/src/main/java/com/daviancorp/android/data/database/CombiningCursor.java;file:/src/main/java/com/daviancorp/android/data/database/CombiningCursor.java
MemberIgnoringMethod;DAAP;/Users/rar9993/repos/research/fdroid_apps/native_apps/MonsterHunter4UDatabase/NONE_TRANSFORMED_;/src/main/java/com/daviancorp/android/data/database/WyporiumTradeCursor.java;file:/src/main/java/com/daviancorp/android/data/database/WyporiumTradeCursor.java
MemberIgnoringMethod;DAAP;/Users/rar9993/repos/research/fdroid_apps/native_apps/MonsterHunter4UDatabase/NONE_TRANSFORMED_;/src/main/java/com/daviancorp/android/data/database/ItemCursor.java;file:/src/main/java/com/daviancorp/android/data/database/ItemCursor.java
MemberIgnoringMethod;DAAP;/Users/rar9993/repos/research/fdroid_apps/native_apps/MonsterHunter4UDatabase/NONE_TRANSFORMED_;/src/main/java/com/daviancorp/android/data/database/WeaponCursor.java;file:/src/main/java/com/daviancorp/android/data/database/WeaponCursor.java
MemberIgnoringMethod;DAAP;/Users/rar9993/repos/research/fdroid_apps/native_apps/MonsterHunter4UDatabase/NONE_TRANSFORMED_;/src/main/java/com/daviancorp/android/data/database/MonsterCursor.java;file:/src/main/java/com/daviancorp/android/data/database/MonsterCursor.java
MemberIgnoringMethod;DAAP;/Users/rar9993/repos/research/fdroid_apps/native_apps/MonsterHunter4UDatabase/NONE_TRANSFORMED_;/src/main/java/com/daviancorp/android/data/database/ArenaRewardCursor.java;file:/src/main/java/com/daviancorp/android/data/database/ArenaRewardCursor.java
MemberIgnoringMethod;DAAP;/Users/rar9993/repos/research/fdroid_apps/native_apps/MonsterHunter4UDatabase/NONE_TRANSFORMED_;/src/main/java/com/daviancorp/android/data/database/WishlistComponentCursor.java;file:/src/main/java/com/daviancorp/android/data/database/WishlistComponentCursor.java
MemberIgnoringMethod;DAAP;/Users/rar9993/repos/research/fdroid_apps/native_apps/MonsterHunter4UDatabase/NONE_TRANSFORMED_;/src/main/java/com/daviancorp/android/data/database/MonsterToArenaCursor.java;file:/src/main/java/com/daviancorp/android/data/database/MonsterToArenaCursor.java
MemberIgnoringMethod;DAAP;/Users/rar9993/repos/research/fdroid_apps/native_apps/MonsterHunter4UDatabase/NONE_TRANSFORMED_;/src/main/java/com/daviancorp/android/data/database/SkillTreeCursor.java;file:/src/main/java/com/daviancorp/android/data/database/SkillTreeCursor.java
MemberIgnoringMethod;DAAP;/Users/rar9993/repos/research/fdroid_apps/native_apps/MonsterHunter4UDatabase/NONE_TRANSFORMED_;/src/main/java/com/daviancorp/android/data/database/QuestCursor.java;file:/src/main/java/com/daviancorp/android/data/database/QuestCursor.java
MemberIgnoringMethod;DAAP;/Users/rar9993/repos/research/fdroid_apps/native_apps/MonsterHunter4UDatabase/NONE_TRANSFORMED_;/src/main/java/com/daviancorp/android/data/database/ASBSetCursor.java;file:/src/main/java/com/daviancorp/android/data/database/ASBSetCursor.java
MemberIgnoringMethod;DAAP;/Users/rar9993/repos/research/fdroid_apps/native_apps/MonsterHunter4UDatabase/NONE_TRANSFORMED_;/src/main/java/com/daviancorp/android/data/database/GatheringCursor.java;file:/src/main/java/com/daviancorp/android/data/database/GatheringCursor.java
MemberIgnoringMethod;DAAP;/Users/rar9993/repos/research/fdroid_apps/native_apps/MonsterHunter4UDatabase/NONE_TRANSFORMED_;/src/main/java/com/daviancorp/android/data/database/ComponentCursor.java;file:/src/main/java/com/daviancorp/android/data/database/ComponentCursor.java
MemberIgnoringMethod;DAAP;/Users/rar9993/repos/research/fdroid_apps/native_apps/MonsterHunter4UDatabase/NONE_TRANSFORMED_;/src/main/java/com/daviancorp/android/data/database/WishlistCursor.java;file:/src/main/java/com/daviancorp/android/data/database/WishlistCursor.java
MemberIgnoringMethod;DAAP;/Users/rar9993/repos/research/fdroid_apps/native_apps/MonsterHunter4UDatabase/NONE_TRANSFORMED_;/src/main/java/com/daviancorp/android/data/classes/ASBSession.java;file:/src/main/java/com/daviancorp/android/data/classes/ASBSession.java
MemberIgnoringMethod;DAAP;/Users/rar9993/repos/research/fdroid_apps/native_apps/MonsterHunter4UDatabase/NONE_TRANSFORMED_;/src/main/java/com/daviancorp/android/data/classes/Armor.java;file:/src/main/java/com/daviancorp/android/data/classes/Armor.java
InternalGetterSetter;DAAP;/Users/rar9993/repos/research/fdroid_apps/native_apps/MonsterHunter4UDatabase/NONE_TRANSFORMED_;/src/main/java/com/daviancorp/android/data/classes/ASBSession.java;file:/src/main/java/com/daviancorp/android/data/classes/ASBSession.java
SlowForLoop;DAAP;/Users/rar9993/repos/research/fdroid_apps/native_apps/MonsterHunter4UDatabase/NONE_TRANSFORMED_;/src/main/java/com/daviancorp/android/ui/general/GenericActionBarActivity.java;file:/src/main/java/com/daviancorp/android/ui/general/GenericActionBarActivity.java
SlowForLoop;DAAP;/Users/rar9993/repos/research/fdroid_apps/native_apps/MonsterHunter4UDatabase/NONE_TRANSFORMED_;/src/main/java/com/daviancorp/android/ui/general/SlidingTabLayout.java;file:/src/main/java/com/daviancorp/android/ui/general/SlidingTabLayout.java
SlowForLoop;DAAP;/Users/rar9993/repos/research/fdroid_apps/native_apps/MonsterHunter4UDatabase/NONE_TRANSFORMED_;/src/main/java/com/daviancorp/android/ui/dialog/WishlistComponentPathDialogFragment.java;file:/src/main/java/com/daviancorp/android/ui/dialog/WishlistComponentPathDialogFragment.java
SlowForLoop;DAAP;/Users/rar9993/repos/research/fdroid_apps/native_apps/MonsterHunter4UDatabase/NONE_TRANSFORMED_;/src/main/java/com/daviancorp/android/ui/dialog/WishlistDataAddMultiDialogFragment.java;file:/src/main/java/com/daviancorp/android/ui/dialog/WishlistDataAddMultiDialogFragment.java
SlowForLoop;DAAP;/Users/rar9993/repos/research/fdroid_apps/native_apps/MonsterHunter4UDatabase/NONE_TRANSFORMED_;/src/main/java/com/daviancorp/android/ui/detail/MonsterStatusFragment.java;file:/src/main/java/com/daviancorp/android/ui/detail/MonsterStatusFragment.java
SlowForLoop;DAAP;/Users/rar9993/repos/research/fdroid_apps/native_apps/MonsterHunter4UDatabase/NONE_TRANSFORMED_;/src/main/java/com/daviancorp/android/ui/detail/MonsterHabitatFragment.java;file:/src/main/java/com/daviancorp/android/ui/detail/MonsterHabitatFragment.java
SlowForLoop;DAAP;/Users/rar9993/repos/research/fdroid_apps/native_apps/MonsterHunter4UDatabase/NONE_TRANSFORMED_;/src/main/java/com/daviancorp/android/ui/detail/MonsterDamageFragment.java;file:/src/main/java/com/daviancorp/android/ui/detail/MonsterDamageFragment.java
SlowForLoop;DAAP;/Users/rar9993/repos/research/fdroid_apps/native_apps/MonsterHunter4UDatabase/NONE_TRANSFORMED_;/src/main/java/com/daviancorp/android/ui/detail/LocationHabitatFragment.java;file:/src/main/java/com/daviancorp/android/ui/detail/LocationHabitatFragment.java
SlowForLoop;DAAP;/Users/rar9993/repos/research/fdroid_apps/native_apps/MonsterHunter4UDatabase/NONE_TRANSFORMED_;/src/main/java/com/daviancorp/android/ui/detail/MonsterSummaryFragment.java;file:/src/main/java/com/daviancorp/android/ui/detail/MonsterSummaryFragment.java
SlowForLoop;DAAP;/Users/rar9993/repos/research/fdroid_apps/native_apps/MonsterHunter4UDatabase/NONE_TRANSFORMED_;/src/main/java/com/daviancorp/android/ui/detail/WishlistDataComponentFragment.java;file:/src/main/java/com/daviancorp/android/ui/detail/WishlistDataComponentFragment.java
SlowForLoop;DAAP;/Users/rar9993/repos/research/fdroid_apps/native_apps/MonsterHunter4UDatabase/NONE_TRANSFORMED_;/src/main/java/com/daviancorp/android/ui/detail/WishlistDataDetailFragment.java;file:/src/main/java/com/daviancorp/android/ui/detail/WishlistDataDetailFragment.java
SlowForLoop;DAAP;/Users/rar9993/repos/research/fdroid_apps/native_apps/MonsterHunter4UDatabase/NONE_TRANSFORMED_;/src/main/java/com/daviancorp/android/ui/list/QuestExpandableListFragment.java;file:/src/main/java/com/daviancorp/android/ui/list/QuestExpandableListFragment.java
SlowForLoop;DAAP;/Users/rar9993/repos/research/fdroid_apps/native_apps/MonsterHunter4UDatabase/NONE_TRANSFORMED_;/src/main/java/com/daviancorp/android/ui/list/ArmorExpandableListFragment.java;file:/src/main/java/com/daviancorp/android/ui/list/ArmorExpandableListFragment.java
SlowForLoop;DAAP;/Users/rar9993/repos/research/fdroid_apps/native_apps/MonsterHunter4UDatabase/NONE_TRANSFORMED_;/src/main/java/com/daviancorp/android/ui/list/WishlistListFragment.java;file:/src/main/java/com/daviancorp/android/ui/list/WishlistListFragment.java
SlowForLoop;DAAP;/Users/rar9993/repos/research/fdroid_apps/native_apps/MonsterHunter4UDatabase/NONE_TRANSFORMED_;/src/main/java/com/daviancorp/android/ui/list/WeaponSelectionListFragment.java;file:/src/main/java/com/daviancorp/android/ui/list/WeaponSelectionListFragment.java
SlowForLoop;DAAP;/Users/rar9993/repos/research/fdroid_apps/native_apps/MonsterHunter4UDatabase/NONE_TRANSFORMED_;/src/main/java/com/daviancorp/android/ui/compound/ASBPieceContainer.java;file:/src/main/java/com/daviancorp/android/ui/compound/ASBPieceContainer.java
SlowForLoop;DAAP;/Users/rar9993/repos/research/fdroid_apps/native_apps/MonsterHunter4UDatabase/NONE_TRANSFORMED_;/src/main/java/com/daviancorp/android/ui/MHUtils.java;file:/src/main/java/com/daviancorp/android/ui/MHUtils.java
SlowForLoop;DAAP;/Users/rar9993/repos/research/fdroid_apps/native_apps/MonsterHunter4UDatabase/NONE_TRANSFORMED_;/src/main/java/com/daviancorp/android/data/database/MonsterHabitatCursor.java;file:/src/main/java/com/daviancorp/android/data/database/MonsterHabitatCursor.java
SlowForLoop;DAAP;/Users/rar9993/repos/research/fdroid_apps/native_apps/MonsterHunter4UDatabase/NONE_TRANSFORMED_;/src/main/java/com/daviancorp/android/data/database/DataManager.java;file:/src/main/java/com/daviancorp/android/data/database/DataManager.java
SlowForLoop;DAAP;/Users/rar9993/repos/research/fdroid_apps/native_apps/MonsterHunter4UDatabase/NONE_TRANSFORMED_;/src/main/java/com/daviancorp/android/data/database/MonsterHunterDatabaseHelper.java;file:/src/main/java/com/daviancorp/android/data/database/MonsterHunterDatabaseHelper.java
SlowForLoop;DAAP;/Users/rar9993/repos/research/fdroid_apps/native_apps/MonsterHunter4UDatabase/NONE_TRANSFORMED_;/src/main/java/com/daviancorp/android/data/classes/ASBSession.java;file:/src/main/java/com/daviancorp/android/data/classes/ASBSession.java
SlowForLoop;DAAP;/Users/rar9993/repos/research/fdroid_apps/native_apps/MonsterHunter4UDatabase/NONE_TRANSFORMED_;/src/main/java/com/daviancorp/android/data/classes/Weapon.java;file:/src/main/java/com/daviancorp/android/data/classes/Weapon.java
NoLowMemoryResolver;DAAP;/Users/rar9993/repos/research/fdroid_apps/native_apps/MonsterHunter4UDatabase/NONE_TRANSFORMED_;/src/main/java/com/daviancorp/android/ui/general/GenericActionBarActivity.java;file:/src/main/java/com/daviancorp/android/ui/general/GenericActionBarActivity.java
NoLowMemoryResolver;DAAP;/Users/rar9993/repos/research/fdroid_apps/native_apps/MonsterHunter4UDatabase/NONE_TRANSFORMED_;/src/main/java/com/daviancorp/android/ui/general/GenericActivity.java;file:/src/main/java/com/daviancorp/android/ui/general/GenericActivity.java
NoLowMemoryResolver;DAAP;/Users/rar9993/repos/research/fdroid_apps/native_apps/MonsterHunter4UDatabase/NONE_TRANSFORMED_;/src/main/java/com/daviancorp/android/ui/general/HomeActivity.java;file:/src/main/java/com/daviancorp/android/ui/general/HomeActivity.java
NoLowMemoryResolver;DAAP;/Users/rar9993/repos/research/fdroid_apps/native_apps/MonsterHunter4UDatabase/NONE_TRANSFORMED_;/src/main/java/com/daviancorp/android/ui/general/GenericTabActivity.java;file:/src/main/java/com/daviancorp/android/ui/general/GenericTabActivity.java
NoLowMemoryResolver;DAAP;/Users/rar9993/repos/research/fdroid_apps/native_apps/MonsterHunter4UDatabase/NONE_TRANSFORMED_;/src/main/java/com/daviancorp/android/ui/detail/ASBActivity.java;file:/src/main/java/com/daviancorp/android/ui/detail/ASBActivity.java
NoLowMemoryResolver;DAAP;/Users/rar9993/repos/research/fdroid_apps/native_apps/MonsterHunter4UDatabase/NONE_TRANSFORMED_;/src/main/java/com/daviancorp/android/ui/detail/ArenaQuestDetailActivity.java;file:/src/main/java/com/daviancorp/android/ui/detail/ArenaQuestDetailActivity.java
NoLowMemoryResolver;DAAP;/Users/rar9993/repos/research/fdroid_apps/native_apps/MonsterHunter4UDatabase/NONE_TRANSFORMED_;/src/main/java/com/daviancorp/android/ui/detail/QuestDetailActivity.java;file:/src/main/java/com/daviancorp/android/ui/detail/QuestDetailActivity.java
NoLowMemoryResolver;DAAP;/Users/rar9993/repos/research/fdroid_apps/native_apps/MonsterHunter4UDatabase/NONE_TRANSFORMED_;/src/main/java/com/daviancorp/android/ui/detail/LocationDetailActivity.java;file:/src/main/java/com/daviancorp/android/ui/detail/LocationDetailActivity.java
NoLowMemoryResolver;DAAP;/Users/rar9993/repos/research/fdroid_apps/native_apps/MonsterHunter4UDatabase/NONE_TRANSFORMED_;/src/main/java/com/daviancorp/android/ui/detail/WeaponDetailActivity.java;file:/src/main/java/com/daviancorp/android/ui/detail/WeaponDetailActivity.java
NoLowMemoryResolver;DAAP;/Users/rar9993/repos/research/fdroid_apps/native_apps/MonsterHunter4UDatabase/NONE_TRANSFORMED_;/src/main/java/com/daviancorp/android/ui/detail/MonsterDetailActivity.java;file:/src/main/java/com/daviancorp/android/ui/detail/MonsterDetailActivity.java
NoLowMemoryResolver;DAAP;/Users/rar9993/repos/research/fdroid_apps/native_apps/MonsterHunter4UDatabase/NONE_TRANSFORMED_;/src/main/java/com/daviancorp/android/ui/detail/ItemDetailActivity.java;file:/src/main/java/com/daviancorp/android/ui/detail/ItemDetailActivity.java
NoLowMemoryResolver;DAAP;/Users/rar9993/repos/research/fdroid_apps/native_apps/MonsterHunter4UDatabase/NONE_TRANSFORMED_;/src/main/java/com/daviancorp/android/ui/detail/WishlistDetailActivity.java;file:/src/main/java/com/daviancorp/android/ui/detail/WishlistDetailActivity.java
NoLowMemoryResolver;DAAP;/Users/rar9993/repos/research/fdroid_apps/native_apps/MonsterHunter4UDatabase/NONE_TRANSFORMED_;/src/main/java/com/daviancorp/android/ui/detail/SkillTreeDetailActivity.java;file:/src/main/java/com/daviancorp/android/ui/detail/SkillTreeDetailActivity.java
NoLowMemoryResolver;DAAP;/Users/rar9993/repos/research/fdroid_apps/native_apps/MonsterHunter4UDatabase/NONE_TRANSFORMED_;/src/main/java/com/daviancorp/android/ui/detail/ArmorDetailActivity.java;file:/src/main/java/com/daviancorp/android/ui/detail/ArmorDetailActivity.java
NoLowMemoryResolver;DAAP;/Users/rar9993/repos/research/fdroid_apps/native_apps/MonsterHunter4UDatabase/NONE_TRANSFORMED_;/src/main/java/com/daviancorp/android/ui/detail/DecorationDetailActivity.java;file:/src/main/java/com/daviancorp/android/ui/detail/DecorationDetailActivity.java
NoLowMemoryResolver;DAAP;/Users/rar9993/repos/research/fdroid_apps/native_apps/MonsterHunter4UDatabase/NONE_TRANSFORMED_;/src/main/java/com/daviancorp/android/ui/list/WishlistListActivity.java;file:/src/main/java/com/daviancorp/android/ui/list/WishlistListActivity.java
NoLowMemoryResolver;DAAP;/Users/rar9993/repos/research/fdroid_apps/native_apps/MonsterHunter4UDatabase/NONE_TRANSFORMED_;/src/main/java/com/daviancorp/android/ui/list/WeaponListActivity.java;file:/src/main/java/com/daviancorp/android/ui/list/WeaponListActivity.java
NoLowMemoryResolver;DAAP;/Users/rar9993/repos/research/fdroid_apps/native_apps/MonsterHunter4UDatabase/NONE_TRANSFORMED_;/src/main/java/com/daviancorp/android/ui/list/DecorationListActivity.java;file:/src/main/java/com/daviancorp/android/ui/list/DecorationListActivity.java
NoLowMemoryResolver;DAAP;/Users/rar9993/repos/research/fdroid_apps/native_apps/MonsterHunter4UDatabase/NONE_TRANSFORMED_;/src/main/java/com/daviancorp/android/ui/list/ArmorListActivity.java;file:/src/main/java/com/daviancorp/android/ui/list/ArmorListActivity.java
NoLowMemoryResolver;DAAP;/Users/rar9993/repos/research/fdroid_apps/native_apps/MonsterHunter4UDatabase/NONE_TRANSFORMED_;/src/main/java/com/daviancorp/android/ui/list/WeaponSelectionListActivity.java;file:/src/main/java/com/daviancorp/android/ui/list/WeaponSelectionListActivity.java
NoLowMemoryResolver;DAAP;/Users/rar9993/repos/research/fdroid_apps/native_apps/MonsterHunter4UDatabase/NONE_TRANSFORMED_;/src/main/java/com/daviancorp/android/ui/list/CombiningListActivity.java;file:/src/main/java/com/daviancorp/android/ui/list/CombiningListActivity.java
NoLowMemoryResolver;DAAP;/Users/rar9993/repos/research/fdroid_apps/native_apps/MonsterHunter4UDatabase/NONE_TRANSFORMED_;/src/main/java/com/daviancorp/android/ui/list/WyporiumTradeListActivity.java;file:/src/main/java/com/daviancorp/android/ui/list/WyporiumTradeListActivity.java
NoLowMemoryResolver;DAAP;/Users/rar9993/repos/research/fdroid_apps/native_apps/MonsterHunter4UDatabase/NONE_TRANSFORMED_;/src/main/java/com/daviancorp/android/ui/list/SkillTreeListActivity.java;file:/src/main/java/com/daviancorp/android/ui/list/SkillTreeListActivity.java
NoLowMemoryResolver;DAAP;/Users/rar9993/repos/research/fdroid_apps/native_apps/MonsterHunter4UDatabase/NONE_TRANSFORMED_;/src/main/java/com/daviancorp/android/ui/list/UniversalSearchActivity.java;file:/src/main/java/com/daviancorp/android/ui/list/UniversalSearchActivity.java
NoLowMemoryResolver;DAAP;/Users/rar9993/repos/research/fdroid_apps/native_apps/MonsterHunter4UDatabase/NONE_TRANSFORMED_;/src/main/java/com/daviancorp/android/ui/list/ASBSetListActivity.java;file:/src/main/java/com/daviancorp/android/ui/list/ASBSetListActivity.java
NoLowMemoryResolver;DAAP;/Users/rar9993/repos/research/fdroid_apps/native_apps/MonsterHunter4UDatabase/NONE_TRANSFORMED_;/src/main/java/com/daviancorp/android/ui/list/MonsterListActivity.java;file:/src/main/java/com/daviancorp/android/ui/list/MonsterListActivity.java
NoLowMemoryResolver;DAAP;/Users/rar9993/repos/research/fdroid_apps/native_apps/MonsterHunter4UDatabase/NONE_TRANSFORMED_;/src/main/java/com/daviancorp/android/ui/list/ArenaQuestListActivity.java;file:/src/main/java/com/daviancorp/android/ui/list/ArenaQuestListActivity.java
NoLowMemoryResolver;DAAP;/Users/rar9993/repos/research/fdroid_apps/native_apps/MonsterHunter4UDatabase/NONE_TRANSFORMED_;/src/main/java/com/daviancorp/android/ui/list/QuestListActivity.java;file:/src/main/java/com/daviancorp/android/ui/list/QuestListActivity.java
NoLowMemoryResolver;DAAP;/Users/rar9993/repos/research/fdroid_apps/native_apps/MonsterHunter4UDatabase/NONE_TRANSFORMED_;/src/main/java/com/daviancorp/android/ui/list/ItemListActivity.java;file:/src/main/java/com/daviancorp/android/ui/list/ItemListActivity.java
NoLowMemoryResolver;DAAP;/Users/rar9993/repos/research/fdroid_apps/native_apps/MonsterHunter4UDatabase/NONE_TRANSFORMED_;/src/main/java/com/daviancorp/android/ui/list/LocationListActivity.java;file:/src/main/java/com/daviancorp/android/ui/list/LocationListActivity.java
CollectionOfViews;DAAP;/Users/rar9993/repos/research/fdroid_apps/native_apps/MonsterHunter4UDatabase/NONE_TRANSFORMED_;/src/main/java/com/daviancorp/android/ui/general/GenericActionBarActivity.java;file:/src/main/java/com/daviancorp/android/ui/general/GenericActionBarActivity.java
CollectionOfViews;DAAP;/Users/rar9993/repos/research/fdroid_apps/native_apps/MonsterHunter4UDatabase/NONE_TRANSFORMED_;/src/main/java/com/daviancorp/android/ui/general/SlidingTabLayout.java;file:/src/main/java/com/daviancorp/android/ui/general/SlidingTabLayout.java
CollectionOfViews;DAAP;/Users/rar9993/repos/research/fdroid_apps/native_apps/MonsterHunter4UDatabase/NONE_TRANSFORMED_;/src/main/java/com/daviancorp/android/ui/detail/WishlistDataComponentFragment.java;file:/src/main/java/com/daviancorp/android/ui/detail/WishlistDataComponentFragment.java
CollectionOfViews;DAAP;/Users/rar9993/repos/research/fdroid_apps/native_apps/MonsterHunter4UDatabase/NONE_TRANSFORMED_;/src/main/java/com/daviancorp/android/ui/detail/WeaponBladeDetailFragment.java;file:/src/main/java/com/daviancorp/android/ui/detail/WeaponBladeDetailFragment.java
CollectionOfViews;DAAP;/Users/rar9993/repos/research/fdroid_apps/native_apps/MonsterHunter4UDatabase/NONE_TRANSFORMED_;/src/main/java/com/daviancorp/android/ui/detail/WishlistDataDetailFragment.java;file:/src/main/java/com/daviancorp/android/ui/detail/WishlistDataDetailFragment.java
CollectionOfViews;DAAP;/Users/rar9993/repos/research/fdroid_apps/native_apps/MonsterHunter4UDatabase/NONE_TRANSFORMED_;/src/main/java/com/daviancorp/android/ui/list/ArmorExpandableListFragment.java;file:/src/main/java/com/daviancorp/android/ui/list/ArmorExpandableListFragment.java
CollectionOfViews;DAAP;/Users/rar9993/repos/research/fdroid_apps/native_apps/MonsterHunter4UDatabase/NONE_TRANSFORMED_;/src/main/java/com/daviancorp/android/ui/list/WishlistListFragment.java;file:/src/main/java/com/daviancorp/android/ui/list/WishlistListFragment.java
DroppedData;DAAP;/Users/rar9993/repos/research/fdroid_apps/native_apps/MonsterHunter4UDatabase/NONE_TRANSFORMED_;/src/main/java/com/daviancorp/android/ui/general/GenericActionBarActivity.java;file:/src/main/java/com/daviancorp/android/ui/general/GenericActionBarActivity.java
DroppedData;DAAP;/Users/rar9993/repos/research/fdroid_apps/native_apps/MonsterHunter4UDatabase/NONE_TRANSFORMED_;/src/main/java/com/daviancorp/android/ui/general/HomeFragment.java;file:/src/main/java/com/daviancorp/android/ui/general/HomeFragment.java
DroppedData;DAAP;/Users/rar9993/repos/research/fdroid_apps/native_apps/MonsterHunter4UDatabase/NONE_TRANSFORMED_;/src/main/java/com/daviancorp/android/ui/general/GenericActivity.java;file:/src/main/java/com/daviancorp/android/ui/general/GenericActivity.java
DroppedData;DAAP;/Users/rar9993/repos/research/fdroid_apps/native_apps/MonsterHunter4UDatabase/NONE_TRANSFORMED_;/src/main/java/com/daviancorp/android/ui/general/HomeActivity.java;file:/src/main/java/com/daviancorp/android/ui/general/HomeActivity.java
DroppedData;DAAP;/Users/rar9993/repos/research/fdroid_apps/native_apps/MonsterHunter4UDatabase/NONE_TRANSFORMED_;/src/main/java/com/daviancorp/android/ui/general/GenericTabActivity.java;file:/src/main/java/com/daviancorp/android/ui/general/GenericTabActivity.java
DroppedData;DAAP;/Users/rar9993/repos/research/fdroid_apps/native_apps/MonsterHunter4UDatabase/NONE_TRANSFORMED_;/src/main/java/com/daviancorp/android/ui/adapter/LocationDetailPagerAdapter.java;file:/src/main/java/com/daviancorp/android/ui/adapter/LocationDetailPagerAdapter.java
DroppedData;DAAP;/Users/rar9993/repos/research/fdroid_apps/native_apps/MonsterHunter4UDatabase/NONE_TRANSFORMED_;/src/main/java/com/daviancorp/android/ui/adapter/MonsterGridPagerAdapter.java;file:/src/main/java/com/daviancorp/android/ui/adapter/MonsterGridPagerAdapter.java
DroppedData;DAAP;/Users/rar9993/repos/research/fdroid_apps/native_apps/MonsterHunter4UDatabase/NONE_TRANSFORMED_;/src/main/java/com/daviancorp/android/ui/adapter/MonsterDetailPagerAdapter.java;file:/src/main/java/com/daviancorp/android/ui/adapter/MonsterDetailPagerAdapter.java
DroppedData;DAAP;/Users/rar9993/repos/research/fdroid_apps/native_apps/MonsterHunter4UDatabase/NONE_TRANSFORMED_;/src/main/java/com/daviancorp/android/ui/adapter/WyporiumTradeDetailPagerAdapter.java;file:/src/main/java/com/daviancorp/android/ui/adapter/WyporiumTradeDetailPagerAdapter.java
DroppedData;DAAP;/Users/rar9993/repos/research/fdroid_apps/native_apps/MonsterHunter4UDatabase/NONE_TRANSFORMED_;/src/main/java/com/daviancorp/android/ui/adapter/QuestExpandableListPagerAdapter.java;file:/src/main/java/com/daviancorp/android/ui/adapter/QuestExpandableListPagerAdapter.java
DroppedData;DAAP;/Users/rar9993/repos/research/fdroid_apps/native_apps/MonsterHunter4UDatabase/NONE_TRANSFORMED_;/src/main/java/com/daviancorp/android/ui/adapter/ArmorExpandableListPagerAdapter.java;file:/src/main/java/com/daviancorp/android/ui/adapter/ArmorExpandableListPagerAdapter.java
DroppedData;DAAP;/Users/rar9993/repos/research/fdroid_apps/native_apps/MonsterHunter4UDatabase/NONE_TRANSFORMED_;/src/main/java/com/daviancorp/android/ui/adapter/QuestDetailPagerAdapter.java;file:/src/main/java/com/daviancorp/android/ui/adapter/QuestDetailPagerAdapter.java
DroppedData;DAAP;/Users/rar9993/repos/research/fdroid_apps/native_apps/MonsterHunter4UDatabase/NONE_TRANSFORMED_;/src/main/java/com/daviancorp/android/ui/adapter/ItemDetailPagerAdapter.java;file:/src/main/java/com/daviancorp/android/ui/adapter/ItemDetailPagerAdapter.java
DroppedData;DAAP;/Users/rar9993/repos/research/fdroid_apps/native_apps/MonsterHunter4UDatabase/NONE_TRANSFORMED_;/src/main/java/com/daviancorp/android/ui/adapter/WeaponDetailPagerAdapter.java;file:/src/main/java/com/daviancorp/android/ui/adapter/WeaponDetailPagerAdapter.java
DroppedData;DAAP;/Users/rar9993/repos/research/fdroid_apps/native_apps/MonsterHunter4UDatabase/NONE_TRANSFORMED_;/src/main/java/com/daviancorp/android/ui/adapter/ASBPagerAdapter.java;file:/src/main/java/com/daviancorp/android/ui/adapter/ASBPagerAdapter.java
DroppedData;DAAP;/Users/rar9993/repos/research/fdroid_apps/native_apps/MonsterHunter4UDatabase/NONE_TRANSFORMED_;/src/main/java/com/daviancorp/android/ui/adapter/DecorationDetailPagerAdapter.java;file:/src/main/java/com/daviancorp/android/ui/adapter/DecorationDetailPagerAdapter.java
DroppedData;DAAP;/Users/rar9993/repos/research/fdroid_apps/native_apps/MonsterHunter4UDatabase/NONE_TRANSFORMED_;/src/main/java/com/daviancorp/android/ui/adapter/ArenaQuestDetailPagerAdapter.java;file:/src/main/java/com/daviancorp/android/ui/adapter/ArenaQuestDetailPagerAdapter.java
DroppedData;DAAP;/Users/rar9993/repos/research/fdroid_apps/native_apps/MonsterHunter4UDatabase/NONE_TRANSFORMED_;/src/main/java/com/daviancorp/android/ui/adapter/WishlistDetailPagerAdapter.java;file:/src/main/java/com/daviancorp/android/ui/adapter/WishlistDetailPagerAdapter.java
DroppedData;DAAP;/Users/rar9993/repos/research/fdroid_apps/native_apps/MonsterHunter4UDatabase/NONE_TRANSFORMED_;/src/main/java/com/daviancorp/android/ui/adapter/ArmorDetailPagerAdapter.java;file:/src/main/java/com/daviancorp/android/ui/adapter/ArmorDetailPagerAdapter.java
DroppedData;DAAP;/Users/rar9993/repos/research/fdroid_apps/native_apps/MonsterHunter4UDatabase/NONE_TRANSFORMED_;/src/main/java/com/daviancorp/android/ui/adapter/SkillTreeDetailPagerAdapter.java;file:/src/main/java/com/daviancorp/android/ui/adapter/SkillTreeDetailPagerAdapter.java
DroppedData;DAAP;/Users/rar9993/repos/research/fdroid_apps/native_apps/MonsterHunter4UDatabase/NONE_TRANSFORMED_;/src/main/java/com/daviancorp/android/ui/dialog/WishlistComponentPathDialogFragment.java;file:/src/main/java/com/daviancorp/android/ui/dialog/WishlistComponentPathDialogFragment.java
DroppedData;DAAP;/Users/rar9993/repos/research/fdroid_apps/native_apps/MonsterHunter4UDatabase/NONE_TRANSFORMED_;/src/main/java/com/daviancorp/android/ui/dialog/WishlistRenameDialogFragment.java;file:/src/main/java/com/daviancorp/android/ui/dialog/WishlistRenameDialogFragment.java
DroppedData;DAAP;/Users/rar9993/repos/research/fdroid_apps/native_apps/MonsterHunter4UDatabase/NONE_TRANSFORMED_;/src/main/java/com/daviancorp/android/ui/dialog/WishlistDataAddMultiDialogFragment.java;file:/src/main/java/com/daviancorp/android/ui/dialog/WishlistDataAddMultiDialogFragment.java
DroppedData;DAAP;/Users/rar9993/repos/research/fdroid_apps/native_apps/MonsterHunter4UDatabase/NONE_TRANSFORMED_;/src/main/java/com/daviancorp/android/ui/dialog/ASBSetAddDialogFragment.java;file:/src/main/java/com/daviancorp/android/ui/dialog/ASBSetAddDialogFragment.java
DroppedData;DAAP;/Users/rar9993/repos/research/fdroid_apps/native_apps/MonsterHunter4UDatabase/NONE_TRANSFORMED_;/src/main/java/com/daviancorp/android/ui/dialog/WishlistDataAddDialogFragment.java;file:/src/main/java/com/daviancorp/android/ui/dialog/WishlistDataAddDialogFragment.java
DroppedData;DAAP;/Users/rar9993/repos/research/fdroid_apps/native_apps/MonsterHunter4UDatabase/NONE_TRANSFORMED_;/src/main/java/com/daviancorp/android/ui/dialog/WishlistAddDialogFragment.java;file:/src/main/java/com/daviancorp/android/ui/dialog/WishlistAddDialogFragment.java
DroppedData;DAAP;/Users/rar9993/repos/research/fdroid_apps/native_apps/MonsterHunter4UDatabase/NONE_TRANSFORMED_;/src/main/java/com/daviancorp/android/ui/dialog/WishlistDeleteDialogFragment.java;file:/src/main/java/com/daviancorp/android/ui/dialog/WishlistDeleteDialogFragment.java
DroppedData;DAAP;/Users/rar9993/repos/research/fdroid_apps/native_apps/MonsterHunter4UDatabase/NONE_TRANSFORMED_;/src/main/java/com/daviancorp/android/ui/dialog/AboutDialogFragment.java;file:/src/main/java/com/daviancorp/android/ui/dialog/AboutDialogFragment.java
DroppedData;DAAP;/Users/rar9993/repos/research/fdroid_apps/native_apps/MonsterHunter4UDatabase/NONE_TRANSFORMED_;/src/main/java/com/daviancorp/android/ui/dialog/WishlistComponentEditDialogFragment.java;file:/src/main/java/com/daviancorp/android/ui/dialog/WishlistComponentEditDialogFragment.java
DroppedData;DAAP;/Users/rar9993/repos/research/fdroid_apps/native_apps/MonsterHunter4UDatabase/NONE_TRANSFORMED_;/src/main/java/com/daviancorp/android/ui/dialog/WishlistDataEditDialogFragment.java;file:/src/main/java/com/daviancorp/android/ui/dialog/WishlistDataEditDialogFragment.java
DroppedData;DAAP;/Users/rar9993/repos/research/fdroid_apps/native_apps/MonsterHunter4UDatabase/NONE_TRANSFORMED_;/src/main/java/com/daviancorp/android/ui/dialog/WishlistCopyDialogFragment.java;file:/src/main/java/com/daviancorp/android/ui/dialog/WishlistCopyDialogFragment.java
DroppedData;DAAP;/Users/rar9993/repos/research/fdroid_apps/native_apps/MonsterHunter4UDatabase/NONE_TRANSFORMED_;/src/main/java/com/daviancorp/android/ui/dialog/ASBTalismanDialogFragment.java;file:/src/main/java/com/daviancorp/android/ui/dialog/ASBTalismanDialogFragment.java
DroppedData;DAAP;/Users/rar9993/repos/research/fdroid_apps/native_apps/MonsterHunter4UDatabase/NONE_TRANSFORMED_;/src/main/java/com/daviancorp/android/ui/dialog/WishlistDataDeleteDialogFragment.java;file:/src/main/java/com/daviancorp/android/ui/dialog/WishlistDataDeleteDialogFragment.java
DroppedData;DAAP;/Users/rar9993/repos/research/fdroid_apps/native_apps/MonsterHunter4UDatabase/NONE_TRANSFORMED_;/src/main/java/com/daviancorp/android/ui/dialog/ArmorFilterDialogFragment.java;file:/src/main/java/com/daviancorp/android/ui/dialog/ArmorFilterDialogFragment.java
DroppedData;DAAP;/Users/rar9993/repos/research/fdroid_apps/native_apps/MonsterHunter4UDatabase/NONE_TRANSFORMED_;/src/main/java/com/daviancorp/android/ui/detail/ASBActivity.java;file:/src/main/java/com/daviancorp/android/ui/detail/ASBActivity.java
DroppedData;DAAP;/Users/rar9993/repos/research/fdroid_apps/native_apps/MonsterHunter4UDatabase/NONE_TRANSFORMED_;/src/main/java/com/daviancorp/android/ui/detail/MonsterStatusFragment.java;file:/src/main/java/com/daviancorp/android/ui/detail/MonsterStatusFragment.java
DroppedData;DAAP;/Users/rar9993/repos/research/fdroid_apps/native_apps/MonsterHunter4UDatabase/NONE_TRANSFORMED_;/src/main/java/com/daviancorp/android/ui/detail/ItemDetailFragment.java;file:/src/main/java/com/daviancorp/android/ui/detail/ItemDetailFragment.java
DroppedData;DAAP;/Users/rar9993/repos/research/fdroid_apps/native_apps/MonsterHunter4UDatabase/NONE_TRANSFORMED_;/src/main/java/com/daviancorp/android/ui/detail/QuestRewardFragment.java;file:/src/main/java/com/daviancorp/android/ui/detail/QuestRewardFragment.java
DroppedData;DAAP;/Users/rar9993/repos/research/fdroid_apps/native_apps/MonsterHunter4UDatabase/NONE_TRANSFORMED_;/src/main/java/com/daviancorp/android/ui/detail/ItemQuestFragment.java;file:/src/main/java/com/daviancorp/android/ui/detail/ItemQuestFragment.java
DroppedData;DAAP;/Users/rar9993/repos/research/fdroid_apps/native_apps/MonsterHunter4UDatabase/NONE_TRANSFORMED_;/src/main/java/com/daviancorp/android/ui/detail/ArenaQuestRewardFragment.java;file:/src/main/java/com/daviancorp/android/ui/detail/ArenaQuestRewardFragment.java
DroppedData;DAAP;/Users/rar9993/repos/research/fdroid_apps/native_apps/MonsterHunter4UDatabase/NONE_TRANSFORMED_;/src/main/java/com/daviancorp/android/ui/detail/MonsterHabitatFragment.java;file:/src/main/java/com/daviancorp/android/ui/detail/MonsterHabitatFragment.java
DroppedData;DAAP;/Users/rar9993/repos/research/fdroid_apps/native_apps/MonsterHunter4UDatabase/NONE_TRANSFORMED_;/src/main/java/com/daviancorp/android/ui/detail/SkillTreeArmorFragment.java;file:/src/main/java/com/daviancorp/android/ui/detail/SkillTreeArmorFragment.java
DroppedData;DAAP;/Users/rar9993/repos/research/fdroid_apps/native_apps/MonsterHunter4UDatabase/NONE_TRANSFORMED_;/src/main/java/com/daviancorp/android/ui/detail/ArenaQuestDetailActivity.java;file:/src/main/java/com/daviancorp/android/ui/detail/ArenaQuestDetailActivity.java
DroppedData;DAAP;/Users/rar9993/repos/research/fdroid_apps/native_apps/MonsterHunter4UDatabase/NONE_TRANSFORMED_;/src/main/java/com/daviancorp/android/ui/detail/QuestDetailActivity.java;file:/src/main/java/com/daviancorp/android/ui/detail/QuestDetailActivity.java
DroppedData;DAAP;/Users/rar9993/repos/research/fdroid_apps/native_apps/MonsterHunter4UDatabase/NONE_TRANSFORMED_;/src/main/java/com/daviancorp/android/ui/detail/ItemLocationFragment.java;file:/src/main/java/com/daviancorp/android/ui/detail/ItemLocationFragment.java
DroppedData;DAAP;/Users/rar9993/repos/research/fdroid_apps/native_apps/MonsterHunter4UDatabase/NONE_TRANSFORMED_;/src/main/java/com/daviancorp/android/ui/detail/SkillTreeDetailFragment.java;file:/src/main/java/com/daviancorp/android/ui/detail/SkillTreeDetailFragment.java
DroppedData;DAAP;/Users/rar9993/repos/research/fdroid_apps/native_apps/MonsterHunter4UDatabase/NONE_TRANSFORMED_;/src/main/java/com/daviancorp/android/ui/detail/WeaponTreeFragment.java;file:/src/main/java/com/daviancorp/android/ui/detail/WeaponTreeFragment.java
DroppedData;DAAP;/Users/rar9993/repos/research/fdroid_apps/native_apps/MonsterHunter4UDatabase/NONE_TRANSFORMED_;/src/main/java/com/daviancorp/android/ui/detail/LocationDetailActivity.java;file:/src/main/java/com/daviancorp/android/ui/detail/LocationDetailActivity.java
DroppedData;DAAP;/Users/rar9993/repos/research/fdroid_apps/native_apps/MonsterHunter4UDatabase/NONE_TRANSFORMED_;/src/main/java/com/daviancorp/android/ui/detail/ArmorDetailFragment.java;file:/src/main/java/com/daviancorp/android/ui/detail/ArmorDetailFragment.java
DroppedData;DAAP;/Users/rar9993/repos/research/fdroid_apps/native_apps/MonsterHunter4UDatabase/NONE_TRANSFORMED_;/src/main/java/com/daviancorp/android/ui/detail/LocationRankFragment.java;file:/src/main/java/com/daviancorp/android/ui/detail/LocationRankFragment.java
DroppedData;DAAP;/Users/rar9993/repos/research/fdroid_apps/native_apps/MonsterHunter4UDatabase/NONE_TRANSFORMED_;/src/main/java/com/daviancorp/android/ui/detail/WeaponDetailActivity.java;file:/src/main/java/com/daviancorp/android/ui/detail/WeaponDetailActivity.java
DroppedData;DAAP;/Users/rar9993/repos/research/fdroid_apps/native_apps/MonsterHunter4UDatabase/NONE_TRANSFORMED_;/src/main/java/com/daviancorp/android/ui/detail/MonsterDamageFragment.java;file:/src/main/java/com/daviancorp/android/ui/detail/MonsterDamageFragment.java
DroppedData;DAAP;/Users/rar9993/repos/research/fdroid_apps/native_apps/MonsterHunter4UDatabase/NONE_TRANSFORMED_;/src/main/java/com/daviancorp/android/ui/detail/WeaponBowgunDetailFragment.java;file:/src/main/java/com/daviancorp/android/ui/detail/WeaponBowgunDetailFragment.java
DroppedData;DAAP;/Users/rar9993/repos/research/fdroid_apps/native_apps/MonsterHunter4UDatabase/NONE_TRANSFORMED_;/src/main/java/com/daviancorp/android/ui/detail/ItemMonsterFragment.java;file:/src/main/java/com/daviancorp/android/ui/detail/ItemMonsterFragment.java
DroppedData;DAAP;/Users/rar9993/repos/research/fdroid_apps/native_apps/MonsterHunter4UDatabase/NONE_TRANSFORMED_;/src/main/java/com/daviancorp/android/ui/detail/WeaponBowDetailFragment.java;file:/src/main/java/com/daviancorp/android/ui/detail/WeaponBowDetailFragment.java
DroppedData;DAAP;/Users/rar9993/repos/research/fdroid_apps/native_apps/MonsterHunter4UDatabase/NONE_TRANSFORMED_;/src/main/java/com/daviancorp/android/ui/detail/SkillTreeDecorationFragment.java;file:/src/main/java/com/daviancorp/android/ui/detail/SkillTreeDecorationFragment.java
DroppedData;DAAP;/Users/rar9993/repos/research/fdroid_apps/native_apps/MonsterHunter4UDatabase/NONE_TRANSFORMED_;/src/main/java/com/daviancorp/android/ui/detail/DecorationDetailFragment.java;file:/src/main/java/com/daviancorp/android/ui/detail/DecorationDetailFragment.java
DroppedData;DAAP;/Users/rar9993/repos/research/fdroid_apps/native_apps/MonsterHunter4UDatabase/NONE_TRANSFORMED_;/src/main/java/com/daviancorp/android/ui/detail/ItemComponentFragment.java;file:/src/main/java/com/daviancorp/android/ui/detail/ItemComponentFragment.java
DroppedData;DAAP;/Users/rar9993/repos/research/fdroid_apps/native_apps/MonsterHunter4UDatabase/NONE_TRANSFORMED_;/src/main/java/com/daviancorp/android/ui/detail/ItemTradeFragment.java;file:/src/main/java/com/daviancorp/android/ui/detail/ItemTradeFragment.java
DroppedData;DAAP;/Users/rar9993/repos/research/fdroid_apps/native_apps/MonsterHunter4UDatabase/NONE_TRANSFORMED_;/src/main/java/com/daviancorp/android/ui/detail/ItemToSkillFragment.java;file:/src/main/java/com/daviancorp/android/ui/detail/ItemToSkillFragment.java
DroppedData;DAAP;/Users/rar9993/repos/research/fdroid_apps/native_apps/MonsterHunter4UDatabase/NONE_TRANSFORMED_;/src/main/java/com/daviancorp/android/ui/detail/MonsterRewardFragment.java;file:/src/main/java/com/daviancorp/android/ui/detail/MonsterRewardFragment.java
DroppedData;DAAP;/Users/rar9993/repos/research/fdroid_apps/native_apps/MonsterHunter4UDatabase/NONE_TRANSFORMED_;/src/main/java/com/daviancorp/android/ui/detail/QuestDetailFragment.java;file:/src/main/java/com/daviancorp/android/ui/detail/QuestDetailFragment.java
DroppedData;DAAP;/Users/rar9993/repos/research/fdroid_apps/native_apps/MonsterHunter4UDatabase/NONE_TRANSFORMED_;/src/main/java/com/daviancorp/android/ui/detail/ArenaQuestDetailFragment.java;file:/src/main/java/com/daviancorp/android/ui/detail/ArenaQuestDetailFragment.java
DroppedData;DAAP;/Users/rar9993/repos/research/fdroid_apps/native_apps/MonsterHunter4UDatabase/NONE_TRANSFORMED_;/src/main/java/com/daviancorp/android/ui/detail/ComponentListFragment.java;file:/src/main/java/com/daviancorp/android/ui/detail/ComponentListFragment.java
DroppedData;DAAP;/Users/rar9993/repos/research/fdroid_apps/native_apps/MonsterHunter4UDatabase/NONE_TRANSFORMED_;/src/main/java/com/daviancorp/android/ui/detail/LocationHabitatFragment.java;file:/src/main/java/com/daviancorp/android/ui/detail/LocationHabitatFragment.java
DroppedData;DAAP;/Users/rar9993/repos/research/fdroid_apps/native_apps/MonsterHunter4UDatabase/NONE_TRANSFORMED_;/src/main/java/com/daviancorp/android/ui/detail/MonsterDetailActivity.java;file:/src/main/java/com/daviancorp/android/ui/detail/MonsterDetailActivity.java
DroppedData;DAAP;/Users/rar9993/repos/research/fdroid_apps/native_apps/MonsterHunter4UDatabase/NONE_TRANSFORMED_;/src/main/java/com/daviancorp/android/ui/detail/ItemDetailActivity.java;file:/src/main/java/com/daviancorp/android/ui/detail/ItemDetailActivity.java
DroppedData;DAAP;/Users/rar9993/repos/research/fdroid_apps/native_apps/MonsterHunter4UDatabase/NONE_TRANSFORMED_;/src/main/java/com/daviancorp/android/ui/detail/WishlistDetailActivity.java;file:/src/main/java/com/daviancorp/android/ui/detail/WishlistDetailActivity.java
DroppedData;DAAP;/Users/rar9993/repos/research/fdroid_apps/native_apps/MonsterHunter4UDatabase/NONE_TRANSFORMED_;/src/main/java/com/daviancorp/android/ui/detail/ASBFragment.java;file:/src/main/java/com/daviancorp/android/ui/detail/ASBFragment.java
DroppedData;DAAP;/Users/rar9993/repos/research/fdroid_apps/native_apps/MonsterHunter4UDatabase/NONE_TRANSFORMED_;/src/main/java/com/daviancorp/android/ui/detail/LocationDetailFragment.java;file:/src/main/java/com/daviancorp/android/ui/detail/LocationDetailFragment.java
DroppedData;DAAP;/Users/rar9993/repos/research/fdroid_apps/native_apps/MonsterHunter4UDatabase/NONE_TRANSFORMED_;/src/main/java/com/daviancorp/android/ui/detail/MonsterQuestFragment.java;file:/src/main/java/com/daviancorp/android/ui/detail/MonsterQuestFragment.java
DroppedData;DAAP;/Users/rar9993/repos/research/fdroid_apps/native_apps/MonsterHunter4UDatabase/NONE_TRANSFORMED_;/src/main/java/com/daviancorp/android/ui/detail/ArenaQuestMonsterFragment.java;file:/src/main/java/com/daviancorp/android/ui/detail/ArenaQuestMonsterFragment.java
DroppedData;DAAP;/Users/rar9993/repos/research/fdroid_apps/native_apps/MonsterHunter4UDatabase/NONE_TRANSFORMED_;/src/main/java/com/daviancorp/android/ui/detail/SkillTreeDetailActivity.java;file:/src/main/java/com/daviancorp/android/ui/detail/SkillTreeDetailActivity.java
DroppedData;DAAP;/Users/rar9993/repos/research/fdroid_apps/native_apps/MonsterHunter4UDatabase/NONE_TRANSFORMED_;/src/main/java/com/daviancorp/android/ui/detail/MonsterSummaryFragment.java;file:/src/main/java/com/daviancorp/android/ui/detail/MonsterSummaryFragment.java
DroppedData;DAAP;/Users/rar9993/repos/research/fdroid_apps/native_apps/MonsterHunter4UDatabase/NONE_TRANSFORMED_;/src/main/java/com/daviancorp/android/ui/detail/QuestMonsterFragment.java;file:/src/main/java/com/daviancorp/android/ui/detail/QuestMonsterFragment.java
DroppedData;DAAP;/Users/rar9993/repos/research/fdroid_apps/native_apps/MonsterHunter4UDatabase/NONE_TRANSFORMED_;/src/main/java/com/daviancorp/android/ui/detail/WishlistDataComponentFragment.java;file:/src/main/java/com/daviancorp/android/ui/detail/WishlistDataComponentFragment.java
DroppedData;DAAP;/Users/rar9993/repos/research/fdroid_apps/native_apps/MonsterHunter4UDatabase/NONE_TRANSFORMED_;/src/main/java/com/daviancorp/android/ui/detail/WeaponBladeDetailFragment.java;file:/src/main/java/com/daviancorp/android/ui/detail/WeaponBladeDetailFragment.java
DroppedData;DAAP;/Users/rar9993/repos/research/fdroid_apps/native_apps/MonsterHunter4UDatabase/NONE_TRANSFORMED_;/src/main/java/com/daviancorp/android/ui/detail/WishlistDataDetailFragment.java;file:/src/main/java/com/daviancorp/android/ui/detail/WishlistDataDetailFragment.java
DroppedData;DAAP;/Users/rar9993/repos/research/fdroid_apps/native_apps/MonsterHunter4UDatabase/NONE_TRANSFORMED_;/src/main/java/com/daviancorp/android/ui/detail/WeaponDetailFragment.java;file:/src/main/java/com/daviancorp/android/ui/detail/WeaponDetailFragment.java
DroppedData;DAAP;/Users/rar9993/repos/research/fdroid_apps/native_apps/MonsterHunter4UDatabase/NONE_TRANSFORMED_;/src/main/java/com/daviancorp/android/ui/detail/ItemArenaFragment.java;file:/src/main/java/com/daviancorp/android/ui/detail/ItemArenaFragment.java
DroppedData;DAAP;/Users/rar9993/repos/research/fdroid_apps/native_apps/MonsterHunter4UDatabase/NONE_TRANSFORMED_;/src/main/java/com/daviancorp/android/ui/detail/ArmorDetailActivity.java;file:/src/main/java/com/daviancorp/android/ui/detail/ArmorDetailActivity.java
DroppedData;DAAP;/Users/rar9993/repos/research/fdroid_apps/native_apps/MonsterHunter4UDatabase/NONE_TRANSFORMED_;/src/main/java/com/daviancorp/android/ui/detail/DecorationDetailActivity.java;file:/src/main/java/com/daviancorp/android/ui/detail/DecorationDetailActivity.java
DroppedData;DAAP;/Users/rar9993/repos/research/fdroid_apps/native_apps/MonsterHunter4UDatabase/NONE_TRANSFORMED_;/src/main/java/com/daviancorp/android/ui/list/UniversalSearchFragment.java;file:/src/main/java/com/daviancorp/android/ui/list/UniversalSearchFragment.java
DroppedData;DAAP;/Users/rar9993/repos/research/fdroid_apps/native_apps/MonsterHunter4UDatabase/NONE_TRANSFORMED_;/src/main/java/com/daviancorp/android/ui/list/SkillTreeListFragment.java;file:/src/main/java/com/daviancorp/android/ui/list/SkillTreeListFragment.java
DroppedData;DAAP;/Users/rar9993/repos/research/fdroid_apps/native_apps/MonsterHunter4UDatabase/NONE_TRANSFORMED_;/src/main/java/com/daviancorp/android/ui/list/WishlistListActivity.java;file:/src/main/java/com/daviancorp/android/ui/list/WishlistListActivity.java
DroppedData;DAAP;/Users/rar9993/repos/research/fdroid_apps/native_apps/MonsterHunter4UDatabase/NONE_TRANSFORMED_;/src/main/java/com/daviancorp/android/ui/list/WeaponListActivity.java;file:/src/main/java/com/daviancorp/android/ui/list/WeaponListActivity.java
DroppedData;DAAP;/Users/rar9993/repos/research/fdroid_apps/native_apps/MonsterHunter4UDatabase/NONE_TRANSFORMED_;/src/main/java/com/daviancorp/android/ui/list/ASBSkillsListFragment.java;file:/src/main/java/com/daviancorp/android/ui/list/ASBSkillsListFragment.java
DroppedData;DAAP;/Users/rar9993/repos/research/fdroid_apps/native_apps/MonsterHunter4UDatabase/NONE_TRANSFORMED_;/src/main/java/com/daviancorp/android/ui/list/DecorationListActivity.java;file:/src/main/java/com/daviancorp/android/ui/list/DecorationListActivity.java
DroppedData;DAAP;/Users/rar9993/repos/research/fdroid_apps/native_apps/MonsterHunter4UDatabase/NONE_TRANSFORMED_;/src/main/java/com/daviancorp/android/ui/list/ArmorListActivity.java;file:/src/main/java/com/daviancorp/android/ui/list/ArmorListActivity.java
DroppedData;DAAP;/Users/rar9993/repos/research/fdroid_apps/native_apps/MonsterHunter4UDatabase/NONE_TRANSFORMED_;/src/main/java/com/daviancorp/android/ui/list/WeaponSelectionListActivity.java;file:/src/main/java/com/daviancorp/android/ui/list/WeaponSelectionListActivity.java
DroppedData;DAAP;/Users/rar9993/repos/research/fdroid_apps/native_apps/MonsterHunter4UDatabase/NONE_TRANSFORMED_;/src/main/java/com/daviancorp/android/ui/list/QuestExpandableListFragment.java;file:/src/main/java/com/daviancorp/android/ui/list/QuestExpandableListFragment.java
DroppedData;DAAP;/Users/rar9993/repos/research/fdroid_apps/native_apps/MonsterHunter4UDatabase/NONE_TRANSFORMED_;/src/main/java/com/daviancorp/android/ui/list/MonsterListFragment.java;file:/src/main/java/com/daviancorp/android/ui/list/MonsterListFragment.java
DroppedData;DAAP;/Users/rar9993/repos/research/fdroid_apps/native_apps/MonsterHunter4UDatabase/NONE_TRANSFORMED_;/src/main/java/com/daviancorp/android/ui/list/ASBSetListFragment.java;file:/src/main/java/com/daviancorp/android/ui/list/ASBSetListFragment.java
DroppedData;DAAP;/Users/rar9993/repos/research/fdroid_apps/native_apps/MonsterHunter4UDatabase/NONE_TRANSFORMED_;/src/main/java/com/daviancorp/android/ui/list/CombiningListActivity.java;file:/src/main/java/com/daviancorp/android/ui/list/CombiningListActivity.java
DroppedData;DAAP;/Users/rar9993/repos/research/fdroid_apps/native_apps/MonsterHunter4UDatabase/NONE_TRANSFORMED_;/src/main/java/com/daviancorp/android/ui/list/ArmorExpandableListFragment.java;file:/src/main/java/com/daviancorp/android/ui/list/ArmorExpandableListFragment.java
DroppedData;DAAP;/Users/rar9993/repos/research/fdroid_apps/native_apps/MonsterHunter4UDatabase/NONE_TRANSFORMED_;/src/main/java/com/daviancorp/android/ui/list/WeaponBowgunExpandableFragment.java;file:/src/main/java/com/daviancorp/android/ui/list/WeaponBowgunExpandableFragment.java
DroppedData;DAAP;/Users/rar9993/repos/research/fdroid_apps/native_apps/MonsterHunter4UDatabase/NONE_TRANSFORMED_;/src/main/java/com/daviancorp/android/ui/list/ArenaQuestListFragment.java;file:/src/main/java/com/daviancorp/android/ui/list/ArenaQuestListFragment.java
DroppedData;DAAP;/Users/rar9993/repos/research/fdroid_apps/native_apps/MonsterHunter4UDatabase/NONE_TRANSFORMED_;/src/main/java/com/daviancorp/android/ui/list/WyporiumTradeListActivity.java;file:/src/main/java/com/daviancorp/android/ui/list/WyporiumTradeListActivity.java
DroppedData;DAAP;/Users/rar9993/repos/research/fdroid_apps/native_apps/MonsterHunter4UDatabase/NONE_TRANSFORMED_;/src/main/java/com/daviancorp/android/ui/list/LocationListFragment.java;file:/src/main/java/com/daviancorp/android/ui/list/LocationListFragment.java
DroppedData;DAAP;/Users/rar9993/repos/research/fdroid_apps/native_apps/MonsterHunter4UDatabase/NONE_TRANSFORMED_;/src/main/java/com/daviancorp/android/ui/list/ItemListFragment.java;file:/src/main/java/com/daviancorp/android/ui/list/ItemListFragment.java
DroppedData;DAAP;/Users/rar9993/repos/research/fdroid_apps/native_apps/MonsterHunter4UDatabase/NONE_TRANSFORMED_;/src/main/java/com/daviancorp/android/ui/list/WishlistListFragment.java;file:/src/main/java/com/daviancorp/android/ui/list/WishlistListFragment.java
DroppedData;DAAP;/Users/rar9993/repos/research/fdroid_apps/native_apps/MonsterHunter4UDatabase/NONE_TRANSFORMED_;/src/main/java/com/daviancorp/android/ui/list/SkillTreeListActivity.java;file:/src/main/java/com/daviancorp/android/ui/list/SkillTreeListActivity.java
DroppedData;DAAP;/Users/rar9993/repos/research/fdroid_apps/native_apps/MonsterHunter4UDatabase/NONE_TRANSFORMED_;/src/main/java/com/daviancorp/android/ui/list/UniversalSearchActivity.java;file:/src/main/java/com/daviancorp/android/ui/list/UniversalSearchActivity.java
DroppedData;DAAP;/Users/rar9993/repos/research/fdroid_apps/native_apps/MonsterHunter4UDatabase/NONE_TRANSFORMED_;/src/main/java/com/daviancorp/android/ui/list/ASBSetListActivity.java;file:/src/main/java/com/daviancorp/android/ui/list/ASBSetListActivity.java
DroppedData;DAAP;/Users/rar9993/repos/research/fdroid_apps/native_apps/MonsterHunter4UDatabase/NONE_TRANSFORMED_;/src/main/java/com/daviancorp/android/ui/list/MonsterListActivity.java;file:/src/main/java/com/daviancorp/android/ui/list/MonsterListActivity.java
DroppedData;DAAP;/Users/rar9993/repos/research/fdroid_apps/native_apps/MonsterHunter4UDatabase/NONE_TRANSFORMED_;/src/main/java/com/daviancorp/android/ui/list/WeaponSelectionListFragment.java;file:/src/main/java/com/daviancorp/android/ui/list/WeaponSelectionListFragment.java
DroppedData;DAAP;/Users/rar9993/repos/research/fdroid_apps/native_apps/MonsterHunter4UDatabase/NONE_TRANSFORMED_;/src/main/java/com/daviancorp/android/ui/list/DecorationListFragment.java;file:/src/main/java/com/daviancorp/android/ui/list/DecorationListFragment.java
DroppedData;DAAP;/Users/rar9993/repos/research/fdroid_apps/native_apps/MonsterHunter4UDatabase/NONE_TRANSFORMED_;/src/main/java/com/daviancorp/android/ui/list/WeaponBladeExpandableFragment.java;file:/src/main/java/com/daviancorp/android/ui/list/WeaponBladeExpandableFragment.java
DroppedData;DAAP;/Users/rar9993/repos/research/fdroid_apps/native_apps/MonsterHunter4UDatabase/NONE_TRANSFORMED_;/src/main/java/com/daviancorp/android/ui/list/WyporiumTradeListFragment.java;file:/src/main/java/com/daviancorp/android/ui/list/WyporiumTradeListFragment.java
DroppedData;DAAP;/Users/rar9993/repos/research/fdroid_apps/native_apps/MonsterHunter4UDatabase/NONE_TRANSFORMED_;/src/main/java/com/daviancorp/android/ui/list/ArenaQuestListActivity.java;file:/src/main/java/com/daviancorp/android/ui/list/ArenaQuestListActivity.java
DroppedData;DAAP;/Users/rar9993/repos/research/fdroid_apps/native_apps/MonsterHunter4UDatabase/NONE_TRANSFORMED_;/src/main/java/com/daviancorp/android/ui/list/QuestListActivity.java;file:/src/main/java/com/daviancorp/android/ui/list/QuestListActivity.java
DroppedData;DAAP;/Users/rar9993/repos/research/fdroid_apps/native_apps/MonsterHunter4UDatabase/NONE_TRANSFORMED_;/src/main/java/com/daviancorp/android/ui/list/CombiningListFragment.java;file:/src/main/java/com/daviancorp/android/ui/list/CombiningListFragment.java
DroppedData;DAAP;/Users/rar9993/repos/research/fdroid_apps/native_apps/MonsterHunter4UDatabase/NONE_TRANSFORMED_;/src/main/java/com/daviancorp/android/ui/list/ItemListActivity.java;file:/src/main/java/com/daviancorp/android/ui/list/ItemListActivity.java
DroppedData;DAAP;/Users/rar9993/repos/research/fdroid_apps/native_apps/MonsterHunter4UDatabase/NONE_TRANSFORMED_;/src/main/java/com/daviancorp/android/ui/list/WeaponBowExpandableFragment.java;file:/src/main/java/com/daviancorp/android/ui/list/WeaponBowExpandableFragment.java
DroppedData;DAAP;/Users/rar9993/repos/research/fdroid_apps/native_apps/MonsterHunter4UDatabase/NONE_TRANSFORMED_;/src/main/java/com/daviancorp/android/ui/list/LocationListActivity.java;file:/src/main/java/com/daviancorp/android/ui/list/LocationListActivity.java
MemberIgnoringMethod;DAAP;/Users/rar9993/repos/research/fdroid_apps/native_apps/MonsterHunter4UDatabase/NONE_TRANSFORMED_;/src/main/java/com/oissela/software/multilevelexpindlistview/MultiLevelExpIndListAdapter.java;file:/src/main/java/com/oissela/software/multilevelexpindlistview/MultiLevelExpIndListAdapter.java
SlowForLoop;DAAP;/Users/rar9993/repos/research/fdroid_apps/native_apps/MonsterHunter4UDatabase/NONE_TRANSFORMED_;/src/main/java/com/oissela/software/multilevelexpindlistview/MultiLevelExpIndListAdapter.java;file:/src/main/java/com/oissela/software/multilevelexpindlistview/MultiLevelExpIndListAdapter.java
