Issue;Tool;Project;File;Location
NoLowMemoryResolver;aDoctor;/Users/rar9993/repos/research/fdroid_apps/native_apps/Tacere/NONE_TRANSFORMED_;/Users/rar9993/repos/research/fdroid_apps/native_apps/Tacere/donate-key/src/main/java/org/ciasaboark/tacere/key/MainActivity.java;file:/Users/rar9993/repos/research/fdroid_apps/native_apps/Tacere/donate-key/src/main/java/org/ciasaboark/tacere/key/MainActivity.java|class:org.ciasaboark.tacere.key.MainActivity
UnclosedCloseable;aDoctor;/Users/rar9993/repos/research/fdroid_apps/native_apps/Tacere/NONE_TRANSFORMED_;/Users/rar9993/repos/research/fdroid_apps/native_apps/Tacere/donate-key/src/main/java/org/ciasaboark/tacere/key/MainActivity.java;file:/Users/rar9993/repos/research/fdroid_apps/native_apps/Tacere/donate-key/src/main/java/org/ciasaboark/tacere/key/MainActivity.java|class:org.ciasaboark.tacere.key.MainActivity
LeakingThread;aDoctor;/Users/rar9993/repos/research/fdroid_apps/native_apps/Tacere/NONE_TRANSFORMED_;/Users/rar9993/repos/research/fdroid_apps/native_apps/Tacere/viewPagerIndicator/src/main/java/com/viewpagerindicator/UnderlinePageIndicator.java;file:/Users/rar9993/repos/research/fdroid_apps/native_apps/Tacere/viewPagerIndicator/src/main/java/com/viewpagerindicator/UnderlinePageIndicator.java|class:com.viewpagerindicator.UnderlinePageIndicator
MemberIgnoringMethod;aDoctor;/Users/rar9993/repos/research/fdroid_apps/native_apps/Tacere/NONE_TRANSFORMED_;/Users/rar9993/repos/research/fdroid_apps/native_apps/Tacere/viewPagerIndicator/src/main/java/com/viewpagerindicator/UnderlinePageIndicator.java;file:/Users/rar9993/repos/research/fdroid_apps/native_apps/Tacere/viewPagerIndicator/src/main/java/com/viewpagerindicator/UnderlinePageIndicator.java|class:com.viewpagerindicator.UnderlinePageIndicator
MemberIgnoringMethod;aDoctor;/Users/rar9993/repos/research/fdroid_apps/native_apps/Tacere/NONE_TRANSFORMED_;/Users/rar9993/repos/research/fdroid_apps/native_apps/Tacere/viewPagerIndicator/src/main/java/com/viewpagerindicator/CirclePageIndicator.java;file:/Users/rar9993/repos/research/fdroid_apps/native_apps/Tacere/viewPagerIndicator/src/main/java/com/viewpagerindicator/CirclePageIndicator.java|class:com.viewpagerindicator.CirclePageIndicator
SlowForLoop;aDoctor;/Users/rar9993/repos/research/fdroid_apps/native_apps/Tacere/NONE_TRANSFORMED_;/Users/rar9993/repos/research/fdroid_apps/native_apps/Tacere/viewPagerIndicator/src/main/java/com/viewpagerindicator/CirclePageIndicator.java;file:/Users/rar9993/repos/research/fdroid_apps/native_apps/Tacere/viewPagerIndicator/src/main/java/com/viewpagerindicator/CirclePageIndicator.java|class:com.viewpagerindicator.CirclePageIndicator
LeakingInnerClass;aDoctor;/Users/rar9993/repos/research/fdroid_apps/native_apps/Tacere/NONE_TRANSFORMED_;/Users/rar9993/repos/research/fdroid_apps/native_apps/Tacere/viewPagerIndicator/src/main/java/com/viewpagerindicator/TabPageIndicator.java;file:/Users/rar9993/repos/research/fdroid_apps/native_apps/Tacere/viewPagerIndicator/src/main/java/com/viewpagerindicator/TabPageIndicator.java|class:com.viewpagerindicator.TabPageIndicator
LeakingThread;aDoctor;/Users/rar9993/repos/research/fdroid_apps/native_apps/Tacere/NONE_TRANSFORMED_;/Users/rar9993/repos/research/fdroid_apps/native_apps/Tacere/viewPagerIndicator/src/main/java/com/viewpagerindicator/TabPageIndicator.java;file:/Users/rar9993/repos/research/fdroid_apps/native_apps/Tacere/viewPagerIndicator/src/main/java/com/viewpagerindicator/TabPageIndicator.java|class:com.viewpagerindicator.TabPageIndicator
MemberIgnoringMethod;aDoctor;/Users/rar9993/repos/research/fdroid_apps/native_apps/Tacere/NONE_TRANSFORMED_;/Users/rar9993/repos/research/fdroid_apps/native_apps/Tacere/viewPagerIndicator/src/main/java/com/viewpagerindicator/TabPageIndicator.java;file:/Users/rar9993/repos/research/fdroid_apps/native_apps/Tacere/viewPagerIndicator/src/main/java/com/viewpagerindicator/TabPageIndicator.java|class:com.viewpagerindicator.TabPageIndicator
SlowForLoop;aDoctor;/Users/rar9993/repos/research/fdroid_apps/native_apps/Tacere/NONE_TRANSFORMED_;/Users/rar9993/repos/research/fdroid_apps/native_apps/Tacere/viewPagerIndicator/src/main/java/com/viewpagerindicator/TabPageIndicator.java;file:/Users/rar9993/repos/research/fdroid_apps/native_apps/Tacere/viewPagerIndicator/src/main/java/com/viewpagerindicator/TabPageIndicator.java|class:com.viewpagerindicator.TabPageIndicator
SlowForLoop;aDoctor;/Users/rar9993/repos/research/fdroid_apps/native_apps/Tacere/NONE_TRANSFORMED_;/Users/rar9993/repos/research/fdroid_apps/native_apps/Tacere/viewPagerIndicator/src/main/java/com/viewpagerindicator/IcsLinearLayout.java;file:/Users/rar9993/repos/research/fdroid_apps/native_apps/Tacere/viewPagerIndicator/src/main/java/com/viewpagerindicator/IcsLinearLayout.java|class:com.viewpagerindicator.IcsLinearLayout
MemberIgnoringMethod;aDoctor;/Users/rar9993/repos/research/fdroid_apps/native_apps/Tacere/NONE_TRANSFORMED_;/Users/rar9993/repos/research/fdroid_apps/native_apps/Tacere/viewPagerIndicator/src/main/java/com/viewpagerindicator/TitlePageIndicator.java;file:/Users/rar9993/repos/research/fdroid_apps/native_apps/Tacere/viewPagerIndicator/src/main/java/com/viewpagerindicator/TitlePageIndicator.java|class:com.viewpagerindicator.TitlePageIndicator
SlowForLoop;aDoctor;/Users/rar9993/repos/research/fdroid_apps/native_apps/Tacere/NONE_TRANSFORMED_;/Users/rar9993/repos/research/fdroid_apps/native_apps/Tacere/viewPagerIndicator/src/main/java/com/viewpagerindicator/TitlePageIndicator.java;file:/Users/rar9993/repos/research/fdroid_apps/native_apps/Tacere/viewPagerIndicator/src/main/java/com/viewpagerindicator/TitlePageIndicator.java|class:com.viewpagerindicator.TitlePageIndicator
MemberIgnoringMethod;aDoctor;/Users/rar9993/repos/research/fdroid_apps/native_apps/Tacere/NONE_TRANSFORMED_;/Users/rar9993/repos/research/fdroid_apps/native_apps/Tacere/viewPagerIndicator/src/main/java/com/viewpagerindicator/LinePageIndicator.java;file:/Users/rar9993/repos/research/fdroid_apps/native_apps/Tacere/viewPagerIndicator/src/main/java/com/viewpagerindicator/LinePageIndicator.java|class:com.viewpagerindicator.LinePageIndicator
SlowForLoop;aDoctor;/Users/rar9993/repos/research/fdroid_apps/native_apps/Tacere/NONE_TRANSFORMED_;/Users/rar9993/repos/research/fdroid_apps/native_apps/Tacere/viewPagerIndicator/src/main/java/com/viewpagerindicator/LinePageIndicator.java;file:/Users/rar9993/repos/research/fdroid_apps/native_apps/Tacere/viewPagerIndicator/src/main/java/com/viewpagerindicator/LinePageIndicator.java|class:com.viewpagerindicator.LinePageIndicator
LeakingThread;aDoctor;/Users/rar9993/repos/research/fdroid_apps/native_apps/Tacere/NONE_TRANSFORMED_;/Users/rar9993/repos/research/fdroid_apps/native_apps/Tacere/viewPagerIndicator/src/main/java/com/viewpagerindicator/IconPageIndicator.java;file:/Users/rar9993/repos/research/fdroid_apps/native_apps/Tacere/viewPagerIndicator/src/main/java/com/viewpagerindicator/IconPageIndicator.java|class:com.viewpagerindicator.IconPageIndicator
MemberIgnoringMethod;aDoctor;/Users/rar9993/repos/research/fdroid_apps/native_apps/Tacere/NONE_TRANSFORMED_;/Users/rar9993/repos/research/fdroid_apps/native_apps/Tacere/viewPagerIndicator/src/main/java/com/viewpagerindicator/IconPageIndicator.java;file:/Users/rar9993/repos/research/fdroid_apps/native_apps/Tacere/viewPagerIndicator/src/main/java/com/viewpagerindicator/IconPageIndicator.java|class:com.viewpagerindicator.IconPageIndicator
SlowForLoop;aDoctor;/Users/rar9993/repos/research/fdroid_apps/native_apps/Tacere/NONE_TRANSFORMED_;/Users/rar9993/repos/research/fdroid_apps/native_apps/Tacere/viewPagerIndicator/src/main/java/com/viewpagerindicator/IconPageIndicator.java;file:/Users/rar9993/repos/research/fdroid_apps/native_apps/Tacere/viewPagerIndicator/src/main/java/com/viewpagerindicator/IconPageIndicator.java|class:com.viewpagerindicator.IconPageIndicator
NoLowMemoryResolver;aDoctor;/Users/rar9993/repos/research/fdroid_apps/native_apps/Tacere/NONE_TRANSFORMED_;/Users/rar9993/repos/research/fdroid_apps/native_apps/Tacere/tacere/src/fDroidFlavor/java/org/ciasaboark/tacere/activity/ProUpgradeActivity.java;file:/Users/rar9993/repos/research/fdroid_apps/native_apps/Tacere/tacere/src/fDroidFlavor/java/org/ciasaboark/tacere/activity/ProUpgradeActivity.java|class:org.ciasaboark.tacere.activity.ProUpgradeActivity
MemberIgnoringMethod;aDoctor;/Users/rar9993/repos/research/fdroid_apps/native_apps/Tacere/NONE_TRANSFORMED_;/Users/rar9993/repos/research/fdroid_apps/native_apps/Tacere/tacere/src/playStoreFlavor/java/org/ciasaboark/tacere/activity/ProUpgradeActivity.java;file:/Users/rar9993/repos/research/fdroid_apps/native_apps/Tacere/tacere/src/playStoreFlavor/java/org/ciasaboark/tacere/activity/ProUpgradeActivity.java|class:org.ciasaboark.tacere.activity.ProUpgradeActivity
NoLowMemoryResolver;aDoctor;/Users/rar9993/repos/research/fdroid_apps/native_apps/Tacere/NONE_TRANSFORMED_;/Users/rar9993/repos/research/fdroid_apps/native_apps/Tacere/tacere/src/playStoreFlavor/java/org/ciasaboark/tacere/activity/ProUpgradeActivity.java;file:/Users/rar9993/repos/research/fdroid_apps/native_apps/Tacere/tacere/src/playStoreFlavor/java/org/ciasaboark/tacere/activity/ProUpgradeActivity.java|class:org.ciasaboark.tacere.activity.ProUpgradeActivity
MemberIgnoringMethod;aDoctor;/Users/rar9993/repos/research/fdroid_apps/native_apps/Tacere/NONE_TRANSFORMED_;/Users/rar9993/repos/research/fdroid_apps/native_apps/Tacere/tacere/src/playStoreFlavor/java/org/ciasaboark/tacere/activity/LicenseCheckWrapper.java;file:/Users/rar9993/repos/research/fdroid_apps/native_apps/Tacere/tacere/src/playStoreFlavor/java/org/ciasaboark/tacere/activity/LicenseCheckWrapper.java|class:org.ciasaboark.tacere.activity.LicenseCheckWrapper
NoLowMemoryResolver;aDoctor;/Users/rar9993/repos/research/fdroid_apps/native_apps/Tacere/NONE_TRANSFORMED_;/Users/rar9993/repos/research/fdroid_apps/native_apps/Tacere/tacere/src/playStoreFlavor/java/org/ciasaboark/tacere/activity/LicenseCheckWrapper.java;file:/Users/rar9993/repos/research/fdroid_apps/native_apps/Tacere/tacere/src/playStoreFlavor/java/org/ciasaboark/tacere/activity/LicenseCheckWrapper.java|class:org.ciasaboark.tacere.activity.LicenseCheckWrapper
MemberIgnoringMethod;aDoctor;/Users/rar9993/repos/research/fdroid_apps/native_apps/Tacere/NONE_TRANSFORMED_;/Users/rar9993/repos/research/fdroid_apps/native_apps/Tacere/tacere/src/main/java/org/ciasaboark/tacere/activity/AdvancedSettingsActivity.java;file:/Users/rar9993/repos/research/fdroid_apps/native_apps/Tacere/tacere/src/main/java/org/ciasaboark/tacere/activity/AdvancedSettingsActivity.java|class:org.ciasaboark.tacere.activity.AdvancedSettingsActivity
NoLowMemoryResolver;aDoctor;/Users/rar9993/repos/research/fdroid_apps/native_apps/Tacere/NONE_TRANSFORMED_;/Users/rar9993/repos/research/fdroid_apps/native_apps/Tacere/tacere/src/main/java/org/ciasaboark/tacere/activity/AdvancedSettingsActivity.java;file:/Users/rar9993/repos/research/fdroid_apps/native_apps/Tacere/tacere/src/main/java/org/ciasaboark/tacere/activity/AdvancedSettingsActivity.java|class:org.ciasaboark.tacere.activity.AdvancedSettingsActivity
UnclosedCloseable;aDoctor;/Users/rar9993/repos/research/fdroid_apps/native_apps/Tacere/NONE_TRANSFORMED_;/Users/rar9993/repos/research/fdroid_apps/native_apps/Tacere/tacere/src/main/java/org/ciasaboark/tacere/activity/AdvancedSettingsActivity.java;file:/Users/rar9993/repos/research/fdroid_apps/native_apps/Tacere/tacere/src/main/java/org/ciasaboark/tacere/activity/AdvancedSettingsActivity.java|class:org.ciasaboark.tacere.activity.AdvancedSettingsActivity
MemberIgnoringMethod;aDoctor;/Users/rar9993/repos/research/fdroid_apps/native_apps/Tacere/NONE_TRANSFORMED_;/Users/rar9993/repos/research/fdroid_apps/native_apps/Tacere/tacere/src/main/java/org/ciasaboark/tacere/activity/MainActivity.java;file:/Users/rar9993/repos/research/fdroid_apps/native_apps/Tacere/tacere/src/main/java/org/ciasaboark/tacere/activity/MainActivity.java|class:org.ciasaboark.tacere.activity.MainActivity
NoLowMemoryResolver;aDoctor;/Users/rar9993/repos/research/fdroid_apps/native_apps/Tacere/NONE_TRANSFORMED_;/Users/rar9993/repos/research/fdroid_apps/native_apps/Tacere/tacere/src/main/java/org/ciasaboark/tacere/activity/MainActivity.java;file:/Users/rar9993/repos/research/fdroid_apps/native_apps/Tacere/tacere/src/main/java/org/ciasaboark/tacere/activity/MainActivity.java|class:org.ciasaboark.tacere.activity.MainActivity
NoLowMemoryResolver;aDoctor;/Users/rar9993/repos/research/fdroid_apps/native_apps/Tacere/NONE_TRANSFORMED_;/Users/rar9993/repos/research/fdroid_apps/native_apps/Tacere/tacere/src/main/java/org/ciasaboark/tacere/activity/BetaReleaseActivity.java;file:/Users/rar9993/repos/research/fdroid_apps/native_apps/Tacere/tacere/src/main/java/org/ciasaboark/tacere/activity/BetaReleaseActivity.java|class:org.ciasaboark.tacere.activity.BetaReleaseActivity
UnclosedCloseable;aDoctor;/Users/rar9993/repos/research/fdroid_apps/native_apps/Tacere/NONE_TRANSFORMED_;/Users/rar9993/repos/research/fdroid_apps/native_apps/Tacere/tacere/src/main/java/org/ciasaboark/tacere/activity/BetaReleaseActivity.java;file:/Users/rar9993/repos/research/fdroid_apps/native_apps/Tacere/tacere/src/main/java/org/ciasaboark/tacere/activity/BetaReleaseActivity.java|class:org.ciasaboark.tacere.activity.BetaReleaseActivity
MemberIgnoringMethod;aDoctor;/Users/rar9993/repos/research/fdroid_apps/native_apps/Tacere/NONE_TRANSFORMED_;/Users/rar9993/repos/research/fdroid_apps/native_apps/Tacere/tacere/src/main/java/org/ciasaboark/tacere/activity/ShowUpdatesActivity.java;file:/Users/rar9993/repos/research/fdroid_apps/native_apps/Tacere/tacere/src/main/java/org/ciasaboark/tacere/activity/ShowUpdatesActivity.java|class:org.ciasaboark.tacere.activity.ShowUpdatesActivity
NoLowMemoryResolver;aDoctor;/Users/rar9993/repos/research/fdroid_apps/native_apps/Tacere/NONE_TRANSFORMED_;/Users/rar9993/repos/research/fdroid_apps/native_apps/Tacere/tacere/src/main/java/org/ciasaboark/tacere/activity/ShowUpdatesActivity.java;file:/Users/rar9993/repos/research/fdroid_apps/native_apps/Tacere/tacere/src/main/java/org/ciasaboark/tacere/activity/ShowUpdatesActivity.java|class:org.ciasaboark.tacere.activity.ShowUpdatesActivity
MemberIgnoringMethod;aDoctor;/Users/rar9993/repos/research/fdroid_apps/native_apps/Tacere/NONE_TRANSFORMED_;/Users/rar9993/repos/research/fdroid_apps/native_apps/Tacere/tacere/src/main/java/org/ciasaboark/tacere/activity/BetaSettingsActivity.java;file:/Users/rar9993/repos/research/fdroid_apps/native_apps/Tacere/tacere/src/main/java/org/ciasaboark/tacere/activity/BetaSettingsActivity.java|class:org.ciasaboark.tacere.activity.BetaSettingsActivity
NoLowMemoryResolver;aDoctor;/Users/rar9993/repos/research/fdroid_apps/native_apps/Tacere/NONE_TRANSFORMED_;/Users/rar9993/repos/research/fdroid_apps/native_apps/Tacere/tacere/src/main/java/org/ciasaboark/tacere/activity/BetaSettingsActivity.java;file:/Users/rar9993/repos/research/fdroid_apps/native_apps/Tacere/tacere/src/main/java/org/ciasaboark/tacere/activity/BetaSettingsActivity.java|class:org.ciasaboark.tacere.activity.BetaSettingsActivity
UnclosedCloseable;aDoctor;/Users/rar9993/repos/research/fdroid_apps/native_apps/Tacere/NONE_TRANSFORMED_;/Users/rar9993/repos/research/fdroid_apps/native_apps/Tacere/tacere/src/main/java/org/ciasaboark/tacere/activity/BetaSettingsActivity.java;file:/Users/rar9993/repos/research/fdroid_apps/native_apps/Tacere/tacere/src/main/java/org/ciasaboark/tacere/activity/BetaSettingsActivity.java|class:org.ciasaboark.tacere.activity.BetaSettingsActivity
MemberIgnoringMethod;aDoctor;/Users/rar9993/repos/research/fdroid_apps/native_apps/Tacere/NONE_TRANSFORMED_;/Users/rar9993/repos/research/fdroid_apps/native_apps/Tacere/tacere/src/main/java/org/ciasaboark/tacere/activity/SelectCalendarsActivity.java;file:/Users/rar9993/repos/research/fdroid_apps/native_apps/Tacere/tacere/src/main/java/org/ciasaboark/tacere/activity/SelectCalendarsActivity.java|class:org.ciasaboark.tacere.activity.SelectCalendarsActivity
NoLowMemoryResolver;aDoctor;/Users/rar9993/repos/research/fdroid_apps/native_apps/Tacere/NONE_TRANSFORMED_;/Users/rar9993/repos/research/fdroid_apps/native_apps/Tacere/tacere/src/main/java/org/ciasaboark/tacere/activity/SelectCalendarsActivity.java;file:/Users/rar9993/repos/research/fdroid_apps/native_apps/Tacere/tacere/src/main/java/org/ciasaboark/tacere/activity/SelectCalendarsActivity.java|class:org.ciasaboark.tacere.activity.SelectCalendarsActivity
UnclosedCloseable;aDoctor;/Users/rar9993/repos/research/fdroid_apps/native_apps/Tacere/NONE_TRANSFORMED_;/Users/rar9993/repos/research/fdroid_apps/native_apps/Tacere/tacere/src/main/java/org/ciasaboark/tacere/activity/SelectCalendarsActivity.java;file:/Users/rar9993/repos/research/fdroid_apps/native_apps/Tacere/tacere/src/main/java/org/ciasaboark/tacere/activity/SelectCalendarsActivity.java|class:org.ciasaboark.tacere.activity.SelectCalendarsActivity
LeakingInnerClass;aDoctor;/Users/rar9993/repos/research/fdroid_apps/native_apps/Tacere/NONE_TRANSFORMED_;/Users/rar9993/repos/research/fdroid_apps/native_apps/Tacere/tacere/src/main/java/org/ciasaboark/tacere/activity/TutorialActivity.java;file:/Users/rar9993/repos/research/fdroid_apps/native_apps/Tacere/tacere/src/main/java/org/ciasaboark/tacere/activity/TutorialActivity.java|class:org.ciasaboark.tacere.activity.TutorialActivity
MemberIgnoringMethod;aDoctor;/Users/rar9993/repos/research/fdroid_apps/native_apps/Tacere/NONE_TRANSFORMED_;/Users/rar9993/repos/research/fdroid_apps/native_apps/Tacere/tacere/src/main/java/org/ciasaboark/tacere/activity/TutorialActivity.java;file:/Users/rar9993/repos/research/fdroid_apps/native_apps/Tacere/tacere/src/main/java/org/ciasaboark/tacere/activity/TutorialActivity.java|class:org.ciasaboark.tacere.activity.TutorialActivity
NoLowMemoryResolver;aDoctor;/Users/rar9993/repos/research/fdroid_apps/native_apps/Tacere/NONE_TRANSFORMED_;/Users/rar9993/repos/research/fdroid_apps/native_apps/Tacere/tacere/src/main/java/org/ciasaboark/tacere/activity/TutorialActivity.java;file:/Users/rar9993/repos/research/fdroid_apps/native_apps/Tacere/tacere/src/main/java/org/ciasaboark/tacere/activity/TutorialActivity.java|class:org.ciasaboark.tacere.activity.TutorialActivity
MemberIgnoringMethod;aDoctor;/Users/rar9993/repos/research/fdroid_apps/native_apps/Tacere/NONE_TRANSFORMED_;/Users/rar9993/repos/research/fdroid_apps/native_apps/Tacere/tacere/src/main/java/org/ciasaboark/tacere/activity/SettingsActivity.java;file:/Users/rar9993/repos/research/fdroid_apps/native_apps/Tacere/tacere/src/main/java/org/ciasaboark/tacere/activity/SettingsActivity.java|class:org.ciasaboark.tacere.activity.SettingsActivity
NoLowMemoryResolver;aDoctor;/Users/rar9993/repos/research/fdroid_apps/native_apps/Tacere/NONE_TRANSFORMED_;/Users/rar9993/repos/research/fdroid_apps/native_apps/Tacere/tacere/src/main/java/org/ciasaboark/tacere/activity/SettingsActivity.java;file:/Users/rar9993/repos/research/fdroid_apps/native_apps/Tacere/tacere/src/main/java/org/ciasaboark/tacere/activity/SettingsActivity.java|class:org.ciasaboark.tacere.activity.SettingsActivity
UnclosedCloseable;aDoctor;/Users/rar9993/repos/research/fdroid_apps/native_apps/Tacere/NONE_TRANSFORMED_;/Users/rar9993/repos/research/fdroid_apps/native_apps/Tacere/tacere/src/main/java/org/ciasaboark/tacere/activity/SettingsActivity.java;file:/Users/rar9993/repos/research/fdroid_apps/native_apps/Tacere/tacere/src/main/java/org/ciasaboark/tacere/activity/SettingsActivity.java|class:org.ciasaboark.tacere.activity.SettingsActivity
NoLowMemoryResolver;aDoctor;/Users/rar9993/repos/research/fdroid_apps/native_apps/Tacere/NONE_TRANSFORMED_;/Users/rar9993/repos/research/fdroid_apps/native_apps/Tacere/tacere/src/fDroidFlavor/java/org/ciasaboark/tacere/activity/fragment/TutorialExtraFeaturesFragment.java;file:/Users/rar9993/repos/research/fdroid_apps/native_apps/Tacere/tacere/src/fDroidFlavor/java/org/ciasaboark/tacere/activity/fragment/TutorialExtraFeaturesFragment.java|class:org.ciasaboark.tacere.activity.fragment.TutorialExtraFeaturesFragment
NoLowMemoryResolver;aDoctor;/Users/rar9993/repos/research/fdroid_apps/native_apps/Tacere/NONE_TRANSFORMED_;/Users/rar9993/repos/research/fdroid_apps/native_apps/Tacere/tacere/src/playStoreFlavor/java/org/ciasaboark/tacere/activity/fragment/TutorialExtraFeaturesFragment.java;file:/Users/rar9993/repos/research/fdroid_apps/native_apps/Tacere/tacere/src/playStoreFlavor/java/org/ciasaboark/tacere/activity/fragment/TutorialExtraFeaturesFragment.java|class:org.ciasaboark.tacere.activity.fragment.TutorialExtraFeaturesFragment
MemberIgnoringMethod;aDoctor;/Users/rar9993/repos/research/fdroid_apps/native_apps/Tacere/NONE_TRANSFORMED_;/Users/rar9993/repos/research/fdroid_apps/native_apps/Tacere/tacere/src/main/java/org/ciasaboark/tacere/activity/fragment/EventDetailsFragment.java;file:/Users/rar9993/repos/research/fdroid_apps/native_apps/Tacere/tacere/src/main/java/org/ciasaboark/tacere/activity/fragment/EventDetailsFragment.java|class:org.ciasaboark.tacere.activity.fragment.EventDetailsFragment
NoLowMemoryResolver;aDoctor;/Users/rar9993/repos/research/fdroid_apps/native_apps/Tacere/NONE_TRANSFORMED_;/Users/rar9993/repos/research/fdroid_apps/native_apps/Tacere/tacere/src/main/java/org/ciasaboark/tacere/activity/fragment/EventDetailsFragment.java;file:/Users/rar9993/repos/research/fdroid_apps/native_apps/Tacere/tacere/src/main/java/org/ciasaboark/tacere/activity/fragment/EventDetailsFragment.java|class:org.ciasaboark.tacere.activity.fragment.EventDetailsFragment
NoLowMemoryResolver;aDoctor;/Users/rar9993/repos/research/fdroid_apps/native_apps/Tacere/NONE_TRANSFORMED_;/Users/rar9993/repos/research/fdroid_apps/native_apps/Tacere/tacere/src/main/java/org/ciasaboark/tacere/activity/fragment/TutorialRingerPriorityFragment.java;file:/Users/rar9993/repos/research/fdroid_apps/native_apps/Tacere/tacere/src/main/java/org/ciasaboark/tacere/activity/fragment/TutorialRingerPriorityFragment.java|class:org.ciasaboark.tacere.activity.fragment.TutorialRingerPriorityFragment
MemberIgnoringMethod;aDoctor;/Users/rar9993/repos/research/fdroid_apps/native_apps/Tacere/NONE_TRANSFORMED_;/Users/rar9993/repos/research/fdroid_apps/native_apps/Tacere/tacere/src/main/java/org/ciasaboark/tacere/activity/fragment/BetaSettingsFragment.java;file:/Users/rar9993/repos/research/fdroid_apps/native_apps/Tacere/tacere/src/main/java/org/ciasaboark/tacere/activity/fragment/BetaSettingsFragment.java|class:org.ciasaboark.tacere.activity.fragment.BetaSettingsFragment
MemberIgnoringMethod;aDoctor;/Users/rar9993/repos/research/fdroid_apps/native_apps/Tacere/NONE_TRANSFORMED_;/Users/rar9993/repos/research/fdroid_apps/native_apps/Tacere/tacere/src/main/java/org/ciasaboark/tacere/activity/fragment/EventsFragment.java;file:/Users/rar9993/repos/research/fdroid_apps/native_apps/Tacere/tacere/src/main/java/org/ciasaboark/tacere/activity/fragment/EventsFragment.java|class:org.ciasaboark.tacere.activity.fragment.EventsFragment
NoLowMemoryResolver;aDoctor;/Users/rar9993/repos/research/fdroid_apps/native_apps/Tacere/NONE_TRANSFORMED_;/Users/rar9993/repos/research/fdroid_apps/native_apps/Tacere/tacere/src/main/java/org/ciasaboark/tacere/activity/fragment/EventsFragment.java;file:/Users/rar9993/repos/research/fdroid_apps/native_apps/Tacere/tacere/src/main/java/org/ciasaboark/tacere/activity/fragment/EventsFragment.java|class:org.ciasaboark.tacere.activity.fragment.EventsFragment
UnclosedCloseable;aDoctor;/Users/rar9993/repos/research/fdroid_apps/native_apps/Tacere/NONE_TRANSFORMED_;/Users/rar9993/repos/research/fdroid_apps/native_apps/Tacere/tacere/src/main/java/org/ciasaboark/tacere/activity/fragment/EventsFragment.java;file:/Users/rar9993/repos/research/fdroid_apps/native_apps/Tacere/tacere/src/main/java/org/ciasaboark/tacere/activity/fragment/EventsFragment.java|class:org.ciasaboark.tacere.activity.fragment.EventsFragment
LeakingInnerClass;aDoctor;/Users/rar9993/repos/research/fdroid_apps/native_apps/Tacere/NONE_TRANSFORMED_;/Users/rar9993/repos/research/fdroid_apps/native_apps/Tacere/tacere/src/main/java/org/ciasaboark/tacere/activity/fragment/SelectCalendarsFragment.java;file:/Users/rar9993/repos/research/fdroid_apps/native_apps/Tacere/tacere/src/main/java/org/ciasaboark/tacere/activity/fragment/SelectCalendarsFragment.java|class:org.ciasaboark.tacere.activity.fragment.SelectCalendarsFragment
MemberIgnoringMethod;aDoctor;/Users/rar9993/repos/research/fdroid_apps/native_apps/Tacere/NONE_TRANSFORMED_;/Users/rar9993/repos/research/fdroid_apps/native_apps/Tacere/tacere/src/main/java/org/ciasaboark/tacere/activity/fragment/SelectCalendarsFragment.java;file:/Users/rar9993/repos/research/fdroid_apps/native_apps/Tacere/tacere/src/main/java/org/ciasaboark/tacere/activity/fragment/SelectCalendarsFragment.java|class:org.ciasaboark.tacere.activity.fragment.SelectCalendarsFragment
NoLowMemoryResolver;aDoctor;/Users/rar9993/repos/research/fdroid_apps/native_apps/Tacere/NONE_TRANSFORMED_;/Users/rar9993/repos/research/fdroid_apps/native_apps/Tacere/tacere/src/main/java/org/ciasaboark/tacere/activity/fragment/SelectCalendarsFragment.java;file:/Users/rar9993/repos/research/fdroid_apps/native_apps/Tacere/tacere/src/main/java/org/ciasaboark/tacere/activity/fragment/SelectCalendarsFragment.java|class:org.ciasaboark.tacere.activity.fragment.SelectCalendarsFragment
SlowForLoop;aDoctor;/Users/rar9993/repos/research/fdroid_apps/native_apps/Tacere/NONE_TRANSFORMED_;/Users/rar9993/repos/research/fdroid_apps/native_apps/Tacere/tacere/src/main/java/org/ciasaboark/tacere/activity/fragment/SelectCalendarsFragment.java;file:/Users/rar9993/repos/research/fdroid_apps/native_apps/Tacere/tacere/src/main/java/org/ciasaboark/tacere/activity/fragment/SelectCalendarsFragment.java|class:org.ciasaboark.tacere.activity.fragment.SelectCalendarsFragment
LeakingThread;aDoctor;/Users/rar9993/repos/research/fdroid_apps/native_apps/Tacere/NONE_TRANSFORMED_;/Users/rar9993/repos/research/fdroid_apps/native_apps/Tacere/tacere/src/main/java/org/ciasaboark/tacere/activity/fragment/BugReportDialogFragment.java;file:/Users/rar9993/repos/research/fdroid_apps/native_apps/Tacere/tacere/src/main/java/org/ciasaboark/tacere/activity/fragment/BugReportDialogFragment.java|class:org.ciasaboark.tacere.activity.fragment.BugReportDialogFragment
MemberIgnoringMethod;aDoctor;/Users/rar9993/repos/research/fdroid_apps/native_apps/Tacere/NONE_TRANSFORMED_;/Users/rar9993/repos/research/fdroid_apps/native_apps/Tacere/tacere/src/main/java/org/ciasaboark/tacere/activity/fragment/BugReportDialogFragment.java;file:/Users/rar9993/repos/research/fdroid_apps/native_apps/Tacere/tacere/src/main/java/org/ciasaboark/tacere/activity/fragment/BugReportDialogFragment.java|class:org.ciasaboark.tacere.activity.fragment.BugReportDialogFragment
NoLowMemoryResolver;aDoctor;/Users/rar9993/repos/research/fdroid_apps/native_apps/Tacere/NONE_TRANSFORMED_;/Users/rar9993/repos/research/fdroid_apps/native_apps/Tacere/tacere/src/main/java/org/ciasaboark/tacere/activity/fragment/BugReportDialogFragment.java;file:/Users/rar9993/repos/research/fdroid_apps/native_apps/Tacere/tacere/src/main/java/org/ciasaboark/tacere/activity/fragment/BugReportDialogFragment.java|class:org.ciasaboark.tacere.activity.fragment.BugReportDialogFragment
LeakingInnerClass;aDoctor;/Users/rar9993/repos/research/fdroid_apps/native_apps/Tacere/NONE_TRANSFORMED_;/Users/rar9993/repos/research/fdroid_apps/native_apps/Tacere/tacere/src/main/java/org/ciasaboark/tacere/activity/fragment/SettingsFragment.java;file:/Users/rar9993/repos/research/fdroid_apps/native_apps/Tacere/tacere/src/main/java/org/ciasaboark/tacere/activity/fragment/SettingsFragment.java|class:org.ciasaboark.tacere.activity.fragment.SettingsFragment
MemberIgnoringMethod;aDoctor;/Users/rar9993/repos/research/fdroid_apps/native_apps/Tacere/NONE_TRANSFORMED_;/Users/rar9993/repos/research/fdroid_apps/native_apps/Tacere/tacere/src/main/java/org/ciasaboark/tacere/activity/fragment/SettingsFragment.java;file:/Users/rar9993/repos/research/fdroid_apps/native_apps/Tacere/tacere/src/main/java/org/ciasaboark/tacere/activity/fragment/SettingsFragment.java|class:org.ciasaboark.tacere.activity.fragment.SettingsFragment
MemberIgnoringMethod;aDoctor;/Users/rar9993/repos/research/fdroid_apps/native_apps/Tacere/NONE_TRANSFORMED_;/Users/rar9993/repos/research/fdroid_apps/native_apps/Tacere/tacere/src/main/java/org/ciasaboark/tacere/activity/fragment/AboutLicenseFragment.java;file:/Users/rar9993/repos/research/fdroid_apps/native_apps/Tacere/tacere/src/main/java/org/ciasaboark/tacere/activity/fragment/AboutLicenseFragment.java|class:org.ciasaboark.tacere.activity.fragment.AboutLicenseFragment
NoLowMemoryResolver;aDoctor;/Users/rar9993/repos/research/fdroid_apps/native_apps/Tacere/NONE_TRANSFORMED_;/Users/rar9993/repos/research/fdroid_apps/native_apps/Tacere/tacere/src/main/java/org/ciasaboark/tacere/activity/fragment/AboutLicenseFragment.java;file:/Users/rar9993/repos/research/fdroid_apps/native_apps/Tacere/tacere/src/main/java/org/ciasaboark/tacere/activity/fragment/AboutLicenseFragment.java|class:org.ciasaboark.tacere.activity.fragment.AboutLicenseFragment
MemberIgnoringMethod;aDoctor;/Users/rar9993/repos/research/fdroid_apps/native_apps/Tacere/NONE_TRANSFORMED_;/Users/rar9993/repos/research/fdroid_apps/native_apps/Tacere/tacere/src/main/java/org/ciasaboark/tacere/activity/fragment/AdvancedSettingsFragment.java;file:/Users/rar9993/repos/research/fdroid_apps/native_apps/Tacere/tacere/src/main/java/org/ciasaboark/tacere/activity/fragment/AdvancedSettingsFragment.java|class:org.ciasaboark.tacere.activity.fragment.AdvancedSettingsFragment
SlowForLoop;aDoctor;/Users/rar9993/repos/research/fdroid_apps/native_apps/Tacere/NONE_TRANSFORMED_;/Users/rar9993/repos/research/fdroid_apps/native_apps/Tacere/tacere/src/main/java/org/ciasaboark/tacere/activity/fragment/AdvancedSettingsFragment.java;file:/Users/rar9993/repos/research/fdroid_apps/native_apps/Tacere/tacere/src/main/java/org/ciasaboark/tacere/activity/fragment/AdvancedSettingsFragment.java|class:org.ciasaboark.tacere.activity.fragment.AdvancedSettingsFragment
LeakingInnerClass;aDoctor;/Users/rar9993/repos/research/fdroid_apps/native_apps/Tacere/NONE_TRANSFORMED_;/Users/rar9993/repos/research/fdroid_apps/native_apps/Tacere/tacere/src/main/java/org/ciasaboark/tacere/activity/fragment/TutorialWelcomeFragment.java;file:/Users/rar9993/repos/research/fdroid_apps/native_apps/Tacere/tacere/src/main/java/org/ciasaboark/tacere/activity/fragment/TutorialWelcomeFragment.java|class:org.ciasaboark.tacere.activity.fragment.TutorialWelcomeFragment
NoLowMemoryResolver;aDoctor;/Users/rar9993/repos/research/fdroid_apps/native_apps/Tacere/NONE_TRANSFORMED_;/Users/rar9993/repos/research/fdroid_apps/native_apps/Tacere/tacere/src/main/java/org/ciasaboark/tacere/activity/fragment/TutorialWelcomeFragment.java;file:/Users/rar9993/repos/research/fdroid_apps/native_apps/Tacere/tacere/src/main/java/org/ciasaboark/tacere/activity/fragment/TutorialWelcomeFragment.java|class:org.ciasaboark.tacere.activity.fragment.TutorialWelcomeFragment
MemberIgnoringMethod;aDoctor;/Users/rar9993/repos/research/fdroid_apps/native_apps/Tacere/NONE_TRANSFORMED_;/Users/rar9993/repos/research/fdroid_apps/native_apps/Tacere/tacere/src/main/java/org/ciasaboark/tacere/activity/fragment/AboutFragment.java;file:/Users/rar9993/repos/research/fdroid_apps/native_apps/Tacere/tacere/src/main/java/org/ciasaboark/tacere/activity/fragment/AboutFragment.java|class:org.ciasaboark.tacere.activity.fragment.AboutFragment
NoLowMemoryResolver;aDoctor;/Users/rar9993/repos/research/fdroid_apps/native_apps/Tacere/NONE_TRANSFORMED_;/Users/rar9993/repos/research/fdroid_apps/native_apps/Tacere/tacere/src/main/java/org/ciasaboark/tacere/activity/fragment/AboutFragment.java;file:/Users/rar9993/repos/research/fdroid_apps/native_apps/Tacere/tacere/src/main/java/org/ciasaboark/tacere/activity/fragment/AboutFragment.java|class:org.ciasaboark.tacere.activity.fragment.AboutFragment
MemberIgnoringMethod;aDoctor;/Users/rar9993/repos/research/fdroid_apps/native_apps/Tacere/NONE_TRANSFORMED_;/Users/rar9993/repos/research/fdroid_apps/native_apps/Tacere/tacere/src/main/java/org/ciasaboark/tacere/activity/fragment/TutorialEventListFragment.java;file:/Users/rar9993/repos/research/fdroid_apps/native_apps/Tacere/tacere/src/main/java/org/ciasaboark/tacere/activity/fragment/TutorialEventListFragment.java|class:org.ciasaboark.tacere.activity.fragment.TutorialEventListFragment
NoLowMemoryResolver;aDoctor;/Users/rar9993/repos/research/fdroid_apps/native_apps/Tacere/NONE_TRANSFORMED_;/Users/rar9993/repos/research/fdroid_apps/native_apps/Tacere/tacere/src/main/java/org/ciasaboark/tacere/activity/fragment/TutorialEventListFragment.java;file:/Users/rar9993/repos/research/fdroid_apps/native_apps/Tacere/tacere/src/main/java/org/ciasaboark/tacere/activity/fragment/TutorialEventListFragment.java|class:org.ciasaboark.tacere.activity.fragment.TutorialEventListFragment
MemberIgnoringMethod;aDoctor;/Users/rar9993/repos/research/fdroid_apps/native_apps/Tacere/NONE_TRANSFORMED_;/Users/rar9993/repos/research/fdroid_apps/native_apps/Tacere/tacere/src/main/java/org/ciasaboark/tacere/activity/fragment/TutorialCrashReporterFragment.java;file:/Users/rar9993/repos/research/fdroid_apps/native_apps/Tacere/tacere/src/main/java/org/ciasaboark/tacere/activity/fragment/TutorialCrashReporterFragment.java|class:org.ciasaboark.tacere.activity.fragment.TutorialCrashReporterFragment
NoLowMemoryResolver;aDoctor;/Users/rar9993/repos/research/fdroid_apps/native_apps/Tacere/NONE_TRANSFORMED_;/Users/rar9993/repos/research/fdroid_apps/native_apps/Tacere/tacere/src/main/java/org/ciasaboark/tacere/activity/fragment/TutorialCrashReporterFragment.java;file:/Users/rar9993/repos/research/fdroid_apps/native_apps/Tacere/tacere/src/main/java/org/ciasaboark/tacere/activity/fragment/TutorialCrashReporterFragment.java|class:org.ciasaboark.tacere.activity.fragment.TutorialCrashReporterFragment
MemberIgnoringMethod;aDoctor;/Users/rar9993/repos/research/fdroid_apps/native_apps/Tacere/NONE_TRANSFORMED_;/Users/rar9993/repos/research/fdroid_apps/native_apps/Tacere/tacere/src/playStoreFlavor/java/org/ciasaboark/tacere/billing/Authenticator.java;file:/Users/rar9993/repos/research/fdroid_apps/native_apps/Tacere/tacere/src/playStoreFlavor/java/org/ciasaboark/tacere/billing/Authenticator.java|class:org.ciasaboark.tacere.billing.Authenticator
MemberIgnoringMethod;aDoctor;/Users/rar9993/repos/research/fdroid_apps/native_apps/Tacere/NONE_TRANSFORMED_;/Users/rar9993/repos/research/fdroid_apps/native_apps/Tacere/tacere/src/main/java/org/ciasaboark/tacere/prefs/Updates.java;file:/Users/rar9993/repos/research/fdroid_apps/native_apps/Tacere/tacere/src/main/java/org/ciasaboark/tacere/prefs/Updates.java|class:org.ciasaboark.tacere.prefs.Updates
HashmapUsage;aDoctor;/Users/rar9993/repos/research/fdroid_apps/native_apps/Tacere/NONE_TRANSFORMED_;/Users/rar9993/repos/research/fdroid_apps/native_apps/Tacere/tacere/src/main/java/org/ciasaboark/tacere/prefs/Prefs.java;file:/Users/rar9993/repos/research/fdroid_apps/native_apps/Tacere/tacere/src/main/java/org/ciasaboark/tacere/prefs/Prefs.java|class:org.ciasaboark.tacere.prefs.Prefs
MemberIgnoringMethod;aDoctor;/Users/rar9993/repos/research/fdroid_apps/native_apps/Tacere/NONE_TRANSFORMED_;/Users/rar9993/repos/research/fdroid_apps/native_apps/Tacere/tacere/src/main/java/org/ciasaboark/tacere/prefs/Prefs.java;file:/Users/rar9993/repos/research/fdroid_apps/native_apps/Tacere/tacere/src/main/java/org/ciasaboark/tacere/prefs/Prefs.java|class:org.ciasaboark.tacere.prefs.Prefs
NoLowMemoryResolver;aDoctor;/Users/rar9993/repos/research/fdroid_apps/native_apps/Tacere/NONE_TRANSFORMED_;/Users/rar9993/repos/research/fdroid_apps/native_apps/Tacere/tacere/src/main/java/org/ciasaboark/tacere/Tacere.java;file:/Users/rar9993/repos/research/fdroid_apps/native_apps/Tacere/tacere/src/main/java/org/ciasaboark/tacere/Tacere.java|class:org.ciasaboark.tacere.Tacere
NoLowMemoryResolver;aDoctor;/Users/rar9993/repos/research/fdroid_apps/native_apps/Tacere/NONE_TRANSFORMED_;/Users/rar9993/repos/research/fdroid_apps/native_apps/Tacere/tacere/src/main/java/org/ciasaboark/tacere/service/SkipEventService.java;file:/Users/rar9993/repos/research/fdroid_apps/native_apps/Tacere/tacere/src/main/java/org/ciasaboark/tacere/service/SkipEventService.java|class:org.ciasaboark.tacere.service.SkipEventService
NoLowMemoryResolver;aDoctor;/Users/rar9993/repos/research/fdroid_apps/native_apps/Tacere/NONE_TRANSFORMED_;/Users/rar9993/repos/research/fdroid_apps/native_apps/Tacere/tacere/src/main/java/org/ciasaboark/tacere/service/ExtendEventService.java;file:/Users/rar9993/repos/research/fdroid_apps/native_apps/Tacere/tacere/src/main/java/org/ciasaboark/tacere/service/ExtendEventService.java|class:org.ciasaboark.tacere.service.ExtendEventService
NoLowMemoryResolver;aDoctor;/Users/rar9993/repos/research/fdroid_apps/native_apps/Tacere/NONE_TRANSFORMED_;/Users/rar9993/repos/research/fdroid_apps/native_apps/Tacere/tacere/src/main/java/org/ciasaboark/tacere/service/ResetEventService.java;file:/Users/rar9993/repos/research/fdroid_apps/native_apps/Tacere/tacere/src/main/java/org/ciasaboark/tacere/service/ResetEventService.java|class:org.ciasaboark.tacere.service.ResetEventService
NoLowMemoryResolver;aDoctor;/Users/rar9993/repos/research/fdroid_apps/native_apps/Tacere/NONE_TRANSFORMED_;/Users/rar9993/repos/research/fdroid_apps/native_apps/Tacere/tacere/src/main/java/org/ciasaboark/tacere/service/ExtendQuicksilenceService.java;file:/Users/rar9993/repos/research/fdroid_apps/native_apps/Tacere/tacere/src/main/java/org/ciasaboark/tacere/service/ExtendQuicksilenceService.java|class:org.ciasaboark.tacere.service.ExtendQuicksilenceService
MemberIgnoringMethod;aDoctor;/Users/rar9993/repos/research/fdroid_apps/native_apps/Tacere/NONE_TRANSFORMED_;/Users/rar9993/repos/research/fdroid_apps/native_apps/Tacere/tacere/src/main/java/org/ciasaboark/tacere/service/EventSilencerService.java;file:/Users/rar9993/repos/research/fdroid_apps/native_apps/Tacere/tacere/src/main/java/org/ciasaboark/tacere/service/EventSilencerService.java|class:org.ciasaboark.tacere.service.EventSilencerService
NoLowMemoryResolver;aDoctor;/Users/rar9993/repos/research/fdroid_apps/native_apps/Tacere/NONE_TRANSFORMED_;/Users/rar9993/repos/research/fdroid_apps/native_apps/Tacere/tacere/src/main/java/org/ciasaboark/tacere/service/EventSilencerService.java;file:/Users/rar9993/repos/research/fdroid_apps/native_apps/Tacere/tacere/src/main/java/org/ciasaboark/tacere/service/EventSilencerService.java|class:org.ciasaboark.tacere.service.EventSilencerService
MemberIgnoringMethod;aDoctor;/Users/rar9993/repos/research/fdroid_apps/native_apps/Tacere/NONE_TRANSFORMED_;/Users/rar9993/repos/research/fdroid_apps/native_apps/Tacere/tacere/src/playStoreFlavor/java/org/ciasaboark/tacere/billing/google/Base64DecoderException.java;file:/Users/rar9993/repos/research/fdroid_apps/native_apps/Tacere/tacere/src/playStoreFlavor/java/org/ciasaboark/tacere/billing/google/Base64DecoderException.java|class:org.ciasaboark.tacere.billing.google.Base64DecoderException
MemberIgnoringMethod;aDoctor;/Users/rar9993/repos/research/fdroid_apps/native_apps/Tacere/NONE_TRANSFORMED_;/Users/rar9993/repos/research/fdroid_apps/native_apps/Tacere/tacere/src/playStoreFlavor/java/org/ciasaboark/tacere/billing/google/IabException.java;file:/Users/rar9993/repos/research/fdroid_apps/native_apps/Tacere/tacere/src/playStoreFlavor/java/org/ciasaboark/tacere/billing/google/IabException.java|class:org.ciasaboark.tacere.billing.google.IabException
MemberIgnoringMethod;aDoctor;/Users/rar9993/repos/research/fdroid_apps/native_apps/Tacere/NONE_TRANSFORMED_;/Users/rar9993/repos/research/fdroid_apps/native_apps/Tacere/tacere/src/playStoreFlavor/java/org/ciasaboark/tacere/billing/google/Base64.java;file:/Users/rar9993/repos/research/fdroid_apps/native_apps/Tacere/tacere/src/playStoreFlavor/java/org/ciasaboark/tacere/billing/google/Base64.java|class:org.ciasaboark.tacere.billing.google.Base64
SlowForLoop;aDoctor;/Users/rar9993/repos/research/fdroid_apps/native_apps/Tacere/NONE_TRANSFORMED_;/Users/rar9993/repos/research/fdroid_apps/native_apps/Tacere/tacere/src/playStoreFlavor/java/org/ciasaboark/tacere/billing/google/Base64.java;file:/Users/rar9993/repos/research/fdroid_apps/native_apps/Tacere/tacere/src/playStoreFlavor/java/org/ciasaboark/tacere/billing/google/Base64.java|class:org.ciasaboark.tacere.billing.google.Base64
MemberIgnoringMethod;aDoctor;/Users/rar9993/repos/research/fdroid_apps/native_apps/Tacere/NONE_TRANSFORMED_;/Users/rar9993/repos/research/fdroid_apps/native_apps/Tacere/tacere/src/playStoreFlavor/java/org/ciasaboark/tacere/billing/google/Inventory.java;file:/Users/rar9993/repos/research/fdroid_apps/native_apps/Tacere/tacere/src/playStoreFlavor/java/org/ciasaboark/tacere/billing/google/Inventory.java|class:org.ciasaboark.tacere.billing.google.Inventory
MemberIgnoringMethod;aDoctor;/Users/rar9993/repos/research/fdroid_apps/native_apps/Tacere/NONE_TRANSFORMED_;/Users/rar9993/repos/research/fdroid_apps/native_apps/Tacere/tacere/src/playStoreFlavor/java/org/ciasaboark/tacere/billing/google/SkuDetails.java;file:/Users/rar9993/repos/research/fdroid_apps/native_apps/Tacere/tacere/src/playStoreFlavor/java/org/ciasaboark/tacere/billing/google/SkuDetails.java|class:org.ciasaboark.tacere.billing.google.SkuDetails
MemberIgnoringMethod;aDoctor;/Users/rar9993/repos/research/fdroid_apps/native_apps/Tacere/NONE_TRANSFORMED_;/Users/rar9993/repos/research/fdroid_apps/native_apps/Tacere/tacere/src/playStoreFlavor/java/org/ciasaboark/tacere/billing/google/IabResult.java;file:/Users/rar9993/repos/research/fdroid_apps/native_apps/Tacere/tacere/src/playStoreFlavor/java/org/ciasaboark/tacere/billing/google/IabResult.java|class:org.ciasaboark.tacere.billing.google.IabResult
LeakingInnerClass;aDoctor;/Users/rar9993/repos/research/fdroid_apps/native_apps/Tacere/NONE_TRANSFORMED_;/Users/rar9993/repos/research/fdroid_apps/native_apps/Tacere/tacere/src/playStoreFlavor/java/org/ciasaboark/tacere/billing/google/IabHelper.java;file:/Users/rar9993/repos/research/fdroid_apps/native_apps/Tacere/tacere/src/playStoreFlavor/java/org/ciasaboark/tacere/billing/google/IabHelper.java|class:org.ciasaboark.tacere.billing.google.IabHelper
LeakingThread;aDoctor;/Users/rar9993/repos/research/fdroid_apps/native_apps/Tacere/NONE_TRANSFORMED_;/Users/rar9993/repos/research/fdroid_apps/native_apps/Tacere/tacere/src/playStoreFlavor/java/org/ciasaboark/tacere/billing/google/IabHelper.java;file:/Users/rar9993/repos/research/fdroid_apps/native_apps/Tacere/tacere/src/playStoreFlavor/java/org/ciasaboark/tacere/billing/google/IabHelper.java|class:org.ciasaboark.tacere.billing.google.IabHelper
MemberIgnoringMethod;aDoctor;/Users/rar9993/repos/research/fdroid_apps/native_apps/Tacere/NONE_TRANSFORMED_;/Users/rar9993/repos/research/fdroid_apps/native_apps/Tacere/tacere/src/playStoreFlavor/java/org/ciasaboark/tacere/billing/google/IabHelper.java;file:/Users/rar9993/repos/research/fdroid_apps/native_apps/Tacere/tacere/src/playStoreFlavor/java/org/ciasaboark/tacere/billing/google/IabHelper.java|class:org.ciasaboark.tacere.billing.google.IabHelper
SlowForLoop;aDoctor;/Users/rar9993/repos/research/fdroid_apps/native_apps/Tacere/NONE_TRANSFORMED_;/Users/rar9993/repos/research/fdroid_apps/native_apps/Tacere/tacere/src/playStoreFlavor/java/org/ciasaboark/tacere/billing/google/IabHelper.java;file:/Users/rar9993/repos/research/fdroid_apps/native_apps/Tacere/tacere/src/playStoreFlavor/java/org/ciasaboark/tacere/billing/google/IabHelper.java|class:org.ciasaboark.tacere.billing.google.IabHelper
MemberIgnoringMethod;aDoctor;/Users/rar9993/repos/research/fdroid_apps/native_apps/Tacere/NONE_TRANSFORMED_;/Users/rar9993/repos/research/fdroid_apps/native_apps/Tacere/tacere/src/main/java/org/ciasaboark/tacere/database/DatabaseInterface.java;file:/Users/rar9993/repos/research/fdroid_apps/native_apps/Tacere/tacere/src/main/java/org/ciasaboark/tacere/database/DatabaseInterface.java|class:org.ciasaboark.tacere.database.DatabaseInterface
MemberIgnoringMethod;aDoctor;/Users/rar9993/repos/research/fdroid_apps/native_apps/Tacere/NONE_TRANSFORMED_;/Users/rar9993/repos/research/fdroid_apps/native_apps/Tacere/tacere/src/main/java/org/ciasaboark/tacere/database/DataSetManager.java;file:/Users/rar9993/repos/research/fdroid_apps/native_apps/Tacere/tacere/src/main/java/org/ciasaboark/tacere/database/DataSetManager.java|class:org.ciasaboark.tacere.database.DataSetManager
MemberIgnoringMethod;aDoctor;/Users/rar9993/repos/research/fdroid_apps/native_apps/Tacere/NONE_TRANSFORMED_;/Users/rar9993/repos/research/fdroid_apps/native_apps/Tacere/tacere/src/main/java/org/ciasaboark/tacere/database/EventDatabaseOpenHelper.java;file:/Users/rar9993/repos/research/fdroid_apps/native_apps/Tacere/tacere/src/main/java/org/ciasaboark/tacere/database/EventDatabaseOpenHelper.java|class:org.ciasaboark.tacere.database.EventDatabaseOpenHelper
MemberIgnoringMethod;aDoctor;/Users/rar9993/repos/research/fdroid_apps/native_apps/Tacere/NONE_TRANSFORMED_;/Users/rar9993/repos/research/fdroid_apps/native_apps/Tacere/tacere/src/main/java/org/ciasaboark/tacere/database/NoSuchEventInstanceException.java;file:/Users/rar9993/repos/research/fdroid_apps/native_apps/Tacere/tacere/src/main/java/org/ciasaboark/tacere/database/NoSuchEventInstanceException.java|class:org.ciasaboark.tacere.database.NoSuchEventInstanceException
MemberIgnoringMethod;aDoctor;/Users/rar9993/repos/research/fdroid_apps/native_apps/Tacere/NONE_TRANSFORMED_;/Users/rar9993/repos/research/fdroid_apps/native_apps/Tacere/tacere/src/main/java/org/ciasaboark/tacere/widget/activity/WidgetPopupRinger.java;file:/Users/rar9993/repos/research/fdroid_apps/native_apps/Tacere/tacere/src/main/java/org/ciasaboark/tacere/widget/activity/WidgetPopupRinger.java|class:org.ciasaboark.tacere.widget.activity.WidgetPopupRinger
NoLowMemoryResolver;aDoctor;/Users/rar9993/repos/research/fdroid_apps/native_apps/Tacere/NONE_TRANSFORMED_;/Users/rar9993/repos/research/fdroid_apps/native_apps/Tacere/tacere/src/main/java/org/ciasaboark/tacere/widget/activity/WidgetPopupRinger.java;file:/Users/rar9993/repos/research/fdroid_apps/native_apps/Tacere/tacere/src/main/java/org/ciasaboark/tacere/widget/activity/WidgetPopupRinger.java|class:org.ciasaboark.tacere.widget.activity.WidgetPopupRinger
MemberIgnoringMethod;aDoctor;/Users/rar9993/repos/research/fdroid_apps/native_apps/Tacere/NONE_TRANSFORMED_;/Users/rar9993/repos/research/fdroid_apps/native_apps/Tacere/tacere/src/main/java/org/ciasaboark/tacere/widget/ActiveEventWidgetProvider.java;file:/Users/rar9993/repos/research/fdroid_apps/native_apps/Tacere/tacere/src/main/java/org/ciasaboark/tacere/widget/ActiveEventWidgetProvider.java|class:org.ciasaboark.tacere.widget.ActiveEventWidgetProvider
SlowForLoop;aDoctor;/Users/rar9993/repos/research/fdroid_apps/native_apps/Tacere/NONE_TRANSFORMED_;/Users/rar9993/repos/research/fdroid_apps/native_apps/Tacere/tacere/src/main/java/org/ciasaboark/tacere/widget/EventListWidgetProvider.java;file:/Users/rar9993/repos/research/fdroid_apps/native_apps/Tacere/tacere/src/main/java/org/ciasaboark/tacere/widget/EventListWidgetProvider.java|class:org.ciasaboark.tacere.widget.EventListWidgetProvider
MemberIgnoringMethod;aDoctor;/Users/rar9993/repos/research/fdroid_apps/native_apps/Tacere/NONE_TRANSFORMED_;/Users/rar9993/repos/research/fdroid_apps/native_apps/Tacere/tacere/src/main/java/org/ciasaboark/tacere/widget/adapter/WidgetEventListAdapter.java;file:/Users/rar9993/repos/research/fdroid_apps/native_apps/Tacere/tacere/src/main/java/org/ciasaboark/tacere/widget/adapter/WidgetEventListAdapter.java|class:org.ciasaboark.tacere.widget.adapter.WidgetEventListAdapter
UnclosedCloseable;aDoctor;/Users/rar9993/repos/research/fdroid_apps/native_apps/Tacere/NONE_TRANSFORMED_;/Users/rar9993/repos/research/fdroid_apps/native_apps/Tacere/tacere/src/main/java/org/ciasaboark/tacere/widget/adapter/WidgetEventListAdapter.java;file:/Users/rar9993/repos/research/fdroid_apps/native_apps/Tacere/tacere/src/main/java/org/ciasaboark/tacere/widget/adapter/WidgetEventListAdapter.java|class:org.ciasaboark.tacere.widget.adapter.WidgetEventListAdapter
NoLowMemoryResolver;aDoctor;/Users/rar9993/repos/research/fdroid_apps/native_apps/Tacere/NONE_TRANSFORMED_;/Users/rar9993/repos/research/fdroid_apps/native_apps/Tacere/tacere/src/main/java/org/ciasaboark/tacere/widget/service/WidgetService.java;file:/Users/rar9993/repos/research/fdroid_apps/native_apps/Tacere/tacere/src/main/java/org/ciasaboark/tacere/widget/service/WidgetService.java|class:org.ciasaboark.tacere.widget.service.WidgetService
MemberIgnoringMethod;aDoctor;/Users/rar9993/repos/research/fdroid_apps/native_apps/Tacere/NONE_TRANSFORMED_;/Users/rar9993/repos/research/fdroid_apps/native_apps/Tacere/tacere/src/main/java/org/ciasaboark/tacere/notifier/WidgetNotifier.java;file:/Users/rar9993/repos/research/fdroid_apps/native_apps/Tacere/tacere/src/main/java/org/ciasaboark/tacere/notifier/WidgetNotifier.java|class:org.ciasaboark.tacere.notifier.WidgetNotifier
HashmapUsage;aDoctor;/Users/rar9993/repos/research/fdroid_apps/native_apps/Tacere/NONE_TRANSFORMED_;/Users/rar9993/repos/research/fdroid_apps/native_apps/Tacere/tacere/src/main/java/org/ciasaboark/tacere/adapter/EventCursorAdapter.java;file:/Users/rar9993/repos/research/fdroid_apps/native_apps/Tacere/tacere/src/main/java/org/ciasaboark/tacere/adapter/EventCursorAdapter.java|class:org.ciasaboark.tacere.adapter.EventCursorAdapter
UnclosedCloseable;aDoctor;/Users/rar9993/repos/research/fdroid_apps/native_apps/Tacere/NONE_TRANSFORMED_;/Users/rar9993/repos/research/fdroid_apps/native_apps/Tacere/tacere/src/main/java/org/ciasaboark/tacere/adapter/EventCursorAdapter.java;file:/Users/rar9993/repos/research/fdroid_apps/native_apps/Tacere/tacere/src/main/java/org/ciasaboark/tacere/adapter/EventCursorAdapter.java|class:org.ciasaboark.tacere.adapter.EventCursorAdapter
MemberIgnoringMethod;aDoctor;/Users/rar9993/repos/research/fdroid_apps/native_apps/Tacere/NONE_TRANSFORMED_;/Users/rar9993/repos/research/fdroid_apps/native_apps/Tacere/tacere/src/main/java/org/ciasaboark/tacere/bug/CrashReportManager.java;file:/Users/rar9993/repos/research/fdroid_apps/native_apps/Tacere/tacere/src/main/java/org/ciasaboark/tacere/bug/CrashReportManager.java|class:org.ciasaboark.tacere.bug.CrashReportManager
LeakingInnerClass;aDoctor;/Users/rar9993/repos/research/fdroid_apps/native_apps/Tacere/NONE_TRANSFORMED_;/Users/rar9993/repos/research/fdroid_apps/native_apps/Tacere/tacere/src/main/java/org/ciasaboark/tacere/manager/ServiceStateManager.java;file:/Users/rar9993/repos/research/fdroid_apps/native_apps/Tacere/tacere/src/main/java/org/ciasaboark/tacere/manager/ServiceStateManager.java|class:org.ciasaboark.tacere.manager.ServiceStateManager
MemberIgnoringMethod;aDoctor;/Users/rar9993/repos/research/fdroid_apps/native_apps/Tacere/NONE_TRANSFORMED_;/Users/rar9993/repos/research/fdroid_apps/native_apps/Tacere/tacere/src/main/java/org/ciasaboark/tacere/manager/ServiceStateManager.java;file:/Users/rar9993/repos/research/fdroid_apps/native_apps/Tacere/tacere/src/main/java/org/ciasaboark/tacere/manager/ServiceStateManager.java|class:org.ciasaboark.tacere.manager.ServiceStateManager
MemberIgnoringMethod;aDoctor;/Users/rar9993/repos/research/fdroid_apps/native_apps/Tacere/NONE_TRANSFORMED_;/Users/rar9993/repos/research/fdroid_apps/native_apps/Tacere/tacere/src/main/java/org/ciasaboark/tacere/manager/VolumesManager.java;file:/Users/rar9993/repos/research/fdroid_apps/native_apps/Tacere/tacere/src/main/java/org/ciasaboark/tacere/manager/VolumesManager.java|class:org.ciasaboark.tacere.manager.VolumesManager
LeakingInnerClass;aDoctor;/Users/rar9993/repos/research/fdroid_apps/native_apps/Tacere/NONE_TRANSFORMED_;/Users/rar9993/repos/research/fdroid_apps/native_apps/Tacere/tacere/src/main/java/org/ciasaboark/tacere/manager/NotificationManagerWrapper.java;file:/Users/rar9993/repos/research/fdroid_apps/native_apps/Tacere/tacere/src/main/java/org/ciasaboark/tacere/manager/NotificationManagerWrapper.java|class:org.ciasaboark.tacere.manager.NotificationManagerWrapper
MemberIgnoringMethod;aDoctor;/Users/rar9993/repos/research/fdroid_apps/native_apps/Tacere/NONE_TRANSFORMED_;/Users/rar9993/repos/research/fdroid_apps/native_apps/Tacere/tacere/src/main/java/org/ciasaboark/tacere/manager/NotificationManagerWrapper.java;file:/Users/rar9993/repos/research/fdroid_apps/native_apps/Tacere/tacere/src/main/java/org/ciasaboark/tacere/manager/NotificationManagerWrapper.java|class:org.ciasaboark.tacere.manager.NotificationManagerWrapper
MemberIgnoringMethod;aDoctor;/Users/rar9993/repos/research/fdroid_apps/native_apps/Tacere/NONE_TRANSFORMED_;/Users/rar9993/repos/research/fdroid_apps/native_apps/Tacere/tacere/src/main/java/org/ciasaboark/tacere/manager/AlarmManagerWrapper.java;file:/Users/rar9993/repos/research/fdroid_apps/native_apps/Tacere/tacere/src/main/java/org/ciasaboark/tacere/manager/AlarmManagerWrapper.java|class:org.ciasaboark.tacere.manager.AlarmManagerWrapper
SlowForLoop;aDoctor;/Users/rar9993/repos/research/fdroid_apps/native_apps/Tacere/NONE_TRANSFORMED_;/Users/rar9993/repos/research/fdroid_apps/native_apps/Tacere/tacere/src/main/java/org/ciasaboark/tacere/manager/AlarmManagerWrapper.java;file:/Users/rar9993/repos/research/fdroid_apps/native_apps/Tacere/tacere/src/main/java/org/ciasaboark/tacere/manager/AlarmManagerWrapper.java|class:org.ciasaboark.tacere.manager.AlarmManagerWrapper
MemberIgnoringMethod;aDoctor;/Users/rar9993/repos/research/fdroid_apps/native_apps/Tacere/NONE_TRANSFORMED_;/Users/rar9993/repos/research/fdroid_apps/native_apps/Tacere/tacere/src/main/java/org/ciasaboark/tacere/manager/RingerStateManager.java;file:/Users/rar9993/repos/research/fdroid_apps/native_apps/Tacere/tacere/src/main/java/org/ciasaboark/tacere/manager/RingerStateManager.java|class:org.ciasaboark.tacere.manager.RingerStateManager
InternalGetterSetter;aDoctor;/Users/rar9993/repos/research/fdroid_apps/native_apps/Tacere/NONE_TRANSFORMED_;/Users/rar9993/repos/research/fdroid_apps/native_apps/Tacere/tacere/src/main/java/org/ciasaboark/tacere/view/EventListItem.java;file:/Users/rar9993/repos/research/fdroid_apps/native_apps/Tacere/tacere/src/main/java/org/ciasaboark/tacere/view/EventListItem.java|class:org.ciasaboark.tacere.view.EventListItem
MemberIgnoringMethod;aDoctor;/Users/rar9993/repos/research/fdroid_apps/native_apps/Tacere/NONE_TRANSFORMED_;/Users/rar9993/repos/research/fdroid_apps/native_apps/Tacere/tacere/src/main/java/org/ciasaboark/tacere/view/EventListItem.java;file:/Users/rar9993/repos/research/fdroid_apps/native_apps/Tacere/tacere/src/main/java/org/ciasaboark/tacere/view/EventListItem.java|class:org.ciasaboark.tacere.view.EventListItem
InternalGetterSetter;aDoctor;/Users/rar9993/repos/research/fdroid_apps/native_apps/Tacere/NONE_TRANSFORMED_;/Users/rar9993/repos/research/fdroid_apps/native_apps/Tacere/tacere/src/main/java/org/ciasaboark/tacere/event/EventInstance.java;file:/Users/rar9993/repos/research/fdroid_apps/native_apps/Tacere/tacere/src/main/java/org/ciasaboark/tacere/event/EventInstance.java|class:org.ciasaboark.tacere.event.EventInstance
MemberIgnoringMethod;aDoctor;/Users/rar9993/repos/research/fdroid_apps/native_apps/Tacere/NONE_TRANSFORMED_;/Users/rar9993/repos/research/fdroid_apps/native_apps/Tacere/tacere/src/main/java/org/ciasaboark/tacere/event/EventInstance.java;file:/Users/rar9993/repos/research/fdroid_apps/native_apps/Tacere/tacere/src/main/java/org/ciasaboark/tacere/event/EventInstance.java|class:org.ciasaboark.tacere.event.EventInstance
TooFewBranchesForSwitch;PMD;/Users/rar9993/repos/research/fdroid_apps/native_apps/Tacere/NONE_TRANSFORMED_;/Users/rar9993/repos/research/fdroid_apps/native_apps/Tacere/tacere/src/main/java/org/ciasaboark/tacere/activity/AdvancedSettingsActivity.java;file:/Users/rar9993/repos/research/fdroid_apps/native_apps/Tacere/tacere/src/main/java/org/ciasaboark/tacere/activity/AdvancedSettingsActivity.java|line:67
RedundantFieldInitializer;PMD;/Users/rar9993/repos/research/fdroid_apps/native_apps/Tacere/NONE_TRANSFORMED_;/Users/rar9993/repos/research/fdroid_apps/native_apps/Tacere/tacere/src/main/java/org/ciasaboark/tacere/activity/MainActivity.java;file:/Users/rar9993/repos/research/fdroid_apps/native_apps/Tacere/tacere/src/main/java/org/ciasaboark/tacere/activity/MainActivity.java|line:34
TooFewBranchesForSwitch;PMD;/Users/rar9993/repos/research/fdroid_apps/native_apps/Tacere/NONE_TRANSFORMED_;/Users/rar9993/repos/research/fdroid_apps/native_apps/Tacere/tacere/src/main/java/org/ciasaboark/tacere/activity/SettingsActivity.java;file:/Users/rar9993/repos/research/fdroid_apps/native_apps/Tacere/tacere/src/main/java/org/ciasaboark/tacere/activity/SettingsActivity.java|line:134
RedundantFieldInitializer;PMD;/Users/rar9993/repos/research/fdroid_apps/native_apps/Tacere/NONE_TRANSFORMED_;/Users/rar9993/repos/research/fdroid_apps/native_apps/Tacere/tacere/src/main/java/org/ciasaboark/tacere/activity/ShowUpdatesActivity.java;file:/Users/rar9993/repos/research/fdroid_apps/native_apps/Tacere/tacere/src/main/java/org/ciasaboark/tacere/activity/ShowUpdatesActivity.java|line:28
UseStringBufferForStringAppends;PMD;/Users/rar9993/repos/research/fdroid_apps/native_apps/Tacere/NONE_TRANSFORMED_;/Users/rar9993/repos/research/fdroid_apps/native_apps/Tacere/tacere/src/main/java/org/ciasaboark/tacere/activity/ShowUpdatesActivity.java;file:/Users/rar9993/repos/research/fdroid_apps/native_apps/Tacere/tacere/src/main/java/org/ciasaboark/tacere/activity/ShowUpdatesActivity.java|line:57
RedundantFieldInitializer;PMD;/Users/rar9993/repos/research/fdroid_apps/native_apps/Tacere/NONE_TRANSFORMED_;/Users/rar9993/repos/research/fdroid_apps/native_apps/Tacere/tacere/src/main/java/org/ciasaboark/tacere/activity/TutorialActivity.java;file:/Users/rar9993/repos/research/fdroid_apps/native_apps/Tacere/tacere/src/main/java/org/ciasaboark/tacere/activity/TutorialActivity.java|line:39
RedundantFieldInitializer;PMD;/Users/rar9993/repos/research/fdroid_apps/native_apps/Tacere/NONE_TRANSFORMED_;/Users/rar9993/repos/research/fdroid_apps/native_apps/Tacere/tacere/src/main/java/org/ciasaboark/tacere/activity/fragment/AboutFragment.java;file:/Users/rar9993/repos/research/fdroid_apps/native_apps/Tacere/tacere/src/main/java/org/ciasaboark/tacere/activity/fragment/AboutFragment.java|line:35
TooFewBranchesForSwitch;PMD;/Users/rar9993/repos/research/fdroid_apps/native_apps/Tacere/NONE_TRANSFORMED_;/Users/rar9993/repos/research/fdroid_apps/native_apps/Tacere/tacere/src/main/java/org/ciasaboark/tacere/activity/fragment/AboutFragment.java;file:/Users/rar9993/repos/research/fdroid_apps/native_apps/Tacere/tacere/src/main/java/org/ciasaboark/tacere/activity/fragment/AboutFragment.java|line:43
UseStringBufferForStringAppends;PMD;/Users/rar9993/repos/research/fdroid_apps/native_apps/Tacere/NONE_TRANSFORMED_;/Users/rar9993/repos/research/fdroid_apps/native_apps/Tacere/tacere/src/main/java/org/ciasaboark/tacere/activity/fragment/AboutLicenseFragment.java;file:/Users/rar9993/repos/research/fdroid_apps/native_apps/Tacere/tacere/src/main/java/org/ciasaboark/tacere/activity/fragment/AboutLicenseFragment.java|line:67
TooFewBranchesForSwitch;PMD;/Users/rar9993/repos/research/fdroid_apps/native_apps/Tacere/NONE_TRANSFORMED_;/Users/rar9993/repos/research/fdroid_apps/native_apps/Tacere/tacere/src/main/java/org/ciasaboark/tacere/activity/fragment/AboutLicenseFragment.java;file:/Users/rar9993/repos/research/fdroid_apps/native_apps/Tacere/tacere/src/main/java/org/ciasaboark/tacere/activity/fragment/AboutLicenseFragment.java|line:117
UselessStringValueOf;PMD;/Users/rar9993/repos/research/fdroid_apps/native_apps/Tacere/NONE_TRANSFORMED_;/Users/rar9993/repos/research/fdroid_apps/native_apps/Tacere/tacere/src/main/java/org/ciasaboark/tacere/activity/fragment/AdvancedSettingsFragment.java;file:/Users/rar9993/repos/research/fdroid_apps/native_apps/Tacere/tacere/src/main/java/org/ciasaboark/tacere/activity/fragment/AdvancedSettingsFragment.java|line:352
UseStringBufferForStringAppends;PMD;/Users/rar9993/repos/research/fdroid_apps/native_apps/Tacere/NONE_TRANSFORMED_;/Users/rar9993/repos/research/fdroid_apps/native_apps/Tacere/tacere/src/main/java/org/ciasaboark/tacere/activity/fragment/BugReportDialogFragment.java;file:/Users/rar9993/repos/research/fdroid_apps/native_apps/Tacere/tacere/src/main/java/org/ciasaboark/tacere/activity/fragment/BugReportDialogFragment.java|line:112
UseStringBufferForStringAppends;PMD;/Users/rar9993/repos/research/fdroid_apps/native_apps/Tacere/NONE_TRANSFORMED_;/Users/rar9993/repos/research/fdroid_apps/native_apps/Tacere/tacere/src/main/java/org/ciasaboark/tacere/activity/fragment/BugReportDialogFragment.java;file:/Users/rar9993/repos/research/fdroid_apps/native_apps/Tacere/tacere/src/main/java/org/ciasaboark/tacere/activity/fragment/BugReportDialogFragment.java|line:113
UseStringBufferForStringAppends;PMD;/Users/rar9993/repos/research/fdroid_apps/native_apps/Tacere/NONE_TRANSFORMED_;/Users/rar9993/repos/research/fdroid_apps/native_apps/Tacere/tacere/src/main/java/org/ciasaboark/tacere/activity/fragment/BugReportDialogFragment.java;file:/Users/rar9993/repos/research/fdroid_apps/native_apps/Tacere/tacere/src/main/java/org/ciasaboark/tacere/activity/fragment/BugReportDialogFragment.java|line:114
UseStringBufferForStringAppends;PMD;/Users/rar9993/repos/research/fdroid_apps/native_apps/Tacere/NONE_TRANSFORMED_;/Users/rar9993/repos/research/fdroid_apps/native_apps/Tacere/tacere/src/main/java/org/ciasaboark/tacere/activity/fragment/BugReportDialogFragment.java;file:/Users/rar9993/repos/research/fdroid_apps/native_apps/Tacere/tacere/src/main/java/org/ciasaboark/tacere/activity/fragment/BugReportDialogFragment.java|line:115
UseStringBufferForStringAppends;PMD;/Users/rar9993/repos/research/fdroid_apps/native_apps/Tacere/NONE_TRANSFORMED_;/Users/rar9993/repos/research/fdroid_apps/native_apps/Tacere/tacere/src/main/java/org/ciasaboark/tacere/activity/fragment/BugReportDialogFragment.java;file:/Users/rar9993/repos/research/fdroid_apps/native_apps/Tacere/tacere/src/main/java/org/ciasaboark/tacere/activity/fragment/BugReportDialogFragment.java|line:116
UseStringBufferForStringAppends;PMD;/Users/rar9993/repos/research/fdroid_apps/native_apps/Tacere/NONE_TRANSFORMED_;/Users/rar9993/repos/research/fdroid_apps/native_apps/Tacere/tacere/src/main/java/org/ciasaboark/tacere/activity/fragment/BugReportDialogFragment.java;file:/Users/rar9993/repos/research/fdroid_apps/native_apps/Tacere/tacere/src/main/java/org/ciasaboark/tacere/activity/fragment/BugReportDialogFragment.java|line:117
RedundantFieldInitializer;PMD;/Users/rar9993/repos/research/fdroid_apps/native_apps/Tacere/NONE_TRANSFORMED_;/Users/rar9993/repos/research/fdroid_apps/native_apps/Tacere/tacere/src/main/java/org/ciasaboark/tacere/activity/fragment/EventsFragment.java;file:/Users/rar9993/repos/research/fdroid_apps/native_apps/Tacere/tacere/src/main/java/org/ciasaboark/tacere/activity/fragment/EventsFragment.java|line:59
RedundantFieldInitializer;PMD;/Users/rar9993/repos/research/fdroid_apps/native_apps/Tacere/NONE_TRANSFORMED_;/Users/rar9993/repos/research/fdroid_apps/native_apps/Tacere/tacere/src/main/java/org/ciasaboark/tacere/activity/fragment/EventsFragment.java;file:/Users/rar9993/repos/research/fdroid_apps/native_apps/Tacere/tacere/src/main/java/org/ciasaboark/tacere/activity/fragment/EventsFragment.java|line:60
RedundantFieldInitializer;PMD;/Users/rar9993/repos/research/fdroid_apps/native_apps/Tacere/NONE_TRANSFORMED_;/Users/rar9993/repos/research/fdroid_apps/native_apps/Tacere/tacere/src/main/java/org/ciasaboark/tacere/activity/fragment/EventsFragment.java;file:/Users/rar9993/repos/research/fdroid_apps/native_apps/Tacere/tacere/src/main/java/org/ciasaboark/tacere/activity/fragment/EventsFragment.java|line:63
TooFewBranchesForSwitch;PMD;/Users/rar9993/repos/research/fdroid_apps/native_apps/Tacere/NONE_TRANSFORMED_;/Users/rar9993/repos/research/fdroid_apps/native_apps/Tacere/tacere/src/main/java/org/ciasaboark/tacere/activity/fragment/EventsFragment.java;file:/Users/rar9993/repos/research/fdroid_apps/native_apps/Tacere/tacere/src/main/java/org/ciasaboark/tacere/activity/fragment/EventsFragment.java|line:91
TooFewBranchesForSwitch;PMD;/Users/rar9993/repos/research/fdroid_apps/native_apps/Tacere/NONE_TRANSFORMED_;/Users/rar9993/repos/research/fdroid_apps/native_apps/Tacere/tacere/src/main/java/org/ciasaboark/tacere/activity/fragment/TutorialWelcomeFragment.java;file:/Users/rar9993/repos/research/fdroid_apps/native_apps/Tacere/tacere/src/main/java/org/ciasaboark/tacere/activity/fragment/TutorialWelcomeFragment.java|line:46
RedundantFieldInitializer;PMD;/Users/rar9993/repos/research/fdroid_apps/native_apps/Tacere/NONE_TRANSFORMED_;/Users/rar9993/repos/research/fdroid_apps/native_apps/Tacere/tacere/src/main/java/org/ciasaboark/tacere/activity/fragment/TutorialWelcomeFragment.java;file:/Users/rar9993/repos/research/fdroid_apps/native_apps/Tacere/tacere/src/main/java/org/ciasaboark/tacere/activity/fragment/TutorialWelcomeFragment.java|line:53
RedundantFieldInitializer;PMD;/Users/rar9993/repos/research/fdroid_apps/native_apps/Tacere/NONE_TRANSFORMED_;/Users/rar9993/repos/research/fdroid_apps/native_apps/Tacere/tacere/src/main/java/org/ciasaboark/tacere/activity/fragment/TutorialWelcomeFragment.java;file:/Users/rar9993/repos/research/fdroid_apps/native_apps/Tacere/tacere/src/main/java/org/ciasaboark/tacere/activity/fragment/TutorialWelcomeFragment.java|line:54
RedundantFieldInitializer;PMD;/Users/rar9993/repos/research/fdroid_apps/native_apps/Tacere/NONE_TRANSFORMED_;/Users/rar9993/repos/research/fdroid_apps/native_apps/Tacere/tacere/src/main/java/org/ciasaboark/tacere/activity/fragment/TutorialWelcomeFragment.java;file:/Users/rar9993/repos/research/fdroid_apps/native_apps/Tacere/tacere/src/main/java/org/ciasaboark/tacere/activity/fragment/TutorialWelcomeFragment.java|line:55
RedundantFieldInitializer;PMD;/Users/rar9993/repos/research/fdroid_apps/native_apps/Tacere/NONE_TRANSFORMED_;/Users/rar9993/repos/research/fdroid_apps/native_apps/Tacere/tacere/src/main/java/org/ciasaboark/tacere/adapter/EventCursorAdapter.java;file:/Users/rar9993/repos/research/fdroid_apps/native_apps/Tacere/tacere/src/main/java/org/ciasaboark/tacere/adapter/EventCursorAdapter.java|line:31
RedundantFieldInitializer;PMD;/Users/rar9993/repos/research/fdroid_apps/native_apps/Tacere/NONE_TRANSFORMED_;/Users/rar9993/repos/research/fdroid_apps/native_apps/Tacere/tacere/src/main/java/org/ciasaboark/tacere/adapter/EventCursorAdapter.java;file:/Users/rar9993/repos/research/fdroid_apps/native_apps/Tacere/tacere/src/main/java/org/ciasaboark/tacere/adapter/EventCursorAdapter.java|line:32
UseStringBufferForStringAppends;PMD;/Users/rar9993/repos/research/fdroid_apps/native_apps/Tacere/NONE_TRANSFORMED_;/Users/rar9993/repos/research/fdroid_apps/native_apps/Tacere/tacere/src/main/java/org/ciasaboark/tacere/converter/DateConverter.java;file:/Users/rar9993/repos/research/fdroid_apps/native_apps/Tacere/tacere/src/main/java/org/ciasaboark/tacere/converter/DateConverter.java|line:54
UseStringBufferForStringAppends;PMD;/Users/rar9993/repos/research/fdroid_apps/native_apps/Tacere/NONE_TRANSFORMED_;/Users/rar9993/repos/research/fdroid_apps/native_apps/Tacere/tacere/src/main/java/org/ciasaboark/tacere/converter/DateConverter.java;file:/Users/rar9993/repos/research/fdroid_apps/native_apps/Tacere/tacere/src/main/java/org/ciasaboark/tacere/converter/DateConverter.java|line:56
UseStringBufferForStringAppends;PMD;/Users/rar9993/repos/research/fdroid_apps/native_apps/Tacere/NONE_TRANSFORMED_;/Users/rar9993/repos/research/fdroid_apps/native_apps/Tacere/tacere/src/main/java/org/ciasaboark/tacere/converter/DateConverter.java;file:/Users/rar9993/repos/research/fdroid_apps/native_apps/Tacere/tacere/src/main/java/org/ciasaboark/tacere/converter/DateConverter.java|line:61
UseStringBufferForStringAppends;PMD;/Users/rar9993/repos/research/fdroid_apps/native_apps/Tacere/NONE_TRANSFORMED_;/Users/rar9993/repos/research/fdroid_apps/native_apps/Tacere/tacere/src/main/java/org/ciasaboark/tacere/converter/DateConverter.java;file:/Users/rar9993/repos/research/fdroid_apps/native_apps/Tacere/tacere/src/main/java/org/ciasaboark/tacere/converter/DateConverter.java|line:63
UseStringBufferForStringAppends;PMD;/Users/rar9993/repos/research/fdroid_apps/native_apps/Tacere/NONE_TRANSFORMED_;/Users/rar9993/repos/research/fdroid_apps/native_apps/Tacere/tacere/src/main/java/org/ciasaboark/tacere/converter/DateConverter.java;file:/Users/rar9993/repos/research/fdroid_apps/native_apps/Tacere/tacere/src/main/java/org/ciasaboark/tacere/converter/DateConverter.java|line:68
UseStringBufferForStringAppends;PMD;/Users/rar9993/repos/research/fdroid_apps/native_apps/Tacere/NONE_TRANSFORMED_;/Users/rar9993/repos/research/fdroid_apps/native_apps/Tacere/tacere/src/main/java/org/ciasaboark/tacere/converter/DateConverter.java;file:/Users/rar9993/repos/research/fdroid_apps/native_apps/Tacere/tacere/src/main/java/org/ciasaboark/tacere/converter/DateConverter.java|line:70
UseStringBufferForStringAppends;PMD;/Users/rar9993/repos/research/fdroid_apps/native_apps/Tacere/NONE_TRANSFORMED_;/Users/rar9993/repos/research/fdroid_apps/native_apps/Tacere/tacere/src/main/java/org/ciasaboark/tacere/converter/DateConverter.java;file:/Users/rar9993/repos/research/fdroid_apps/native_apps/Tacere/tacere/src/main/java/org/ciasaboark/tacere/converter/DateConverter.java|line:75
UseStringBufferForStringAppends;PMD;/Users/rar9993/repos/research/fdroid_apps/native_apps/Tacere/NONE_TRANSFORMED_;/Users/rar9993/repos/research/fdroid_apps/native_apps/Tacere/tacere/src/main/java/org/ciasaboark/tacere/converter/DateConverter.java;file:/Users/rar9993/repos/research/fdroid_apps/native_apps/Tacere/tacere/src/main/java/org/ciasaboark/tacere/converter/DateConverter.java|line:77
RedundantFieldInitializer;PMD;/Users/rar9993/repos/research/fdroid_apps/native_apps/Tacere/NONE_TRANSFORMED_;/Users/rar9993/repos/research/fdroid_apps/native_apps/Tacere/tacere/src/main/java/org/ciasaboark/tacere/database/DatabaseInterface.java;file:/Users/rar9993/repos/research/fdroid_apps/native_apps/Tacere/tacere/src/main/java/org/ciasaboark/tacere/database/DatabaseInterface.java|line:84
RedundantFieldInitializer;PMD;/Users/rar9993/repos/research/fdroid_apps/native_apps/Tacere/NONE_TRANSFORMED_;/Users/rar9993/repos/research/fdroid_apps/native_apps/Tacere/tacere/src/main/java/org/ciasaboark/tacere/database/DatabaseInterface.java;file:/Users/rar9993/repos/research/fdroid_apps/native_apps/Tacere/tacere/src/main/java/org/ciasaboark/tacere/database/DatabaseInterface.java|line:85
AvoidInstantiatingObjectsInLoops;PMD;/Users/rar9993/repos/research/fdroid_apps/native_apps/Tacere/NONE_TRANSFORMED_;/Users/rar9993/repos/research/fdroid_apps/native_apps/Tacere/tacere/src/main/java/org/ciasaboark/tacere/database/DatabaseInterface.java;file:/Users/rar9993/repos/research/fdroid_apps/native_apps/Tacere/tacere/src/main/java/org/ciasaboark/tacere/database/DatabaseInterface.java|line:190
AvoidInstantiatingObjectsInLoops;PMD;/Users/rar9993/repos/research/fdroid_apps/native_apps/Tacere/NONE_TRANSFORMED_;/Users/rar9993/repos/research/fdroid_apps/native_apps/Tacere/tacere/src/main/java/org/ciasaboark/tacere/database/DatabaseInterface.java;file:/Users/rar9993/repos/research/fdroid_apps/native_apps/Tacere/tacere/src/main/java/org/ciasaboark/tacere/database/DatabaseInterface.java|line:310
AvoidInstantiatingObjectsInLoops;PMD;/Users/rar9993/repos/research/fdroid_apps/native_apps/Tacere/NONE_TRANSFORMED_;/Users/rar9993/repos/research/fdroid_apps/native_apps/Tacere/tacere/src/main/java/org/ciasaboark/tacere/database/DatabaseInterface.java;file:/Users/rar9993/repos/research/fdroid_apps/native_apps/Tacere/tacere/src/main/java/org/ciasaboark/tacere/database/DatabaseInterface.java|line:423
UseStringBufferForStringAppends;PMD;/Users/rar9993/repos/research/fdroid_apps/native_apps/Tacere/NONE_TRANSFORMED_;/Users/rar9993/repos/research/fdroid_apps/native_apps/Tacere/tacere/src/main/java/org/ciasaboark/tacere/database/DatabaseInterface.java;file:/Users/rar9993/repos/research/fdroid_apps/native_apps/Tacere/tacere/src/main/java/org/ciasaboark/tacere/database/DatabaseInterface.java|line:480
UseStringBufferForStringAppends;PMD;/Users/rar9993/repos/research/fdroid_apps/native_apps/Tacere/NONE_TRANSFORMED_;/Users/rar9993/repos/research/fdroid_apps/native_apps/Tacere/tacere/src/main/java/org/ciasaboark/tacere/database/DatabaseInterface.java;file:/Users/rar9993/repos/research/fdroid_apps/native_apps/Tacere/tacere/src/main/java/org/ciasaboark/tacere/database/DatabaseInterface.java|line:483
AvoidInstantiatingObjectsInLoops;PMD;/Users/rar9993/repos/research/fdroid_apps/native_apps/Tacere/NONE_TRANSFORMED_;/Users/rar9993/repos/research/fdroid_apps/native_apps/Tacere/tacere/src/main/java/org/ciasaboark/tacere/database/DatabaseInterface.java;file:/Users/rar9993/repos/research/fdroid_apps/native_apps/Tacere/tacere/src/main/java/org/ciasaboark/tacere/database/DatabaseInterface.java|line:639
RedundantFieldInitializer;PMD;/Users/rar9993/repos/research/fdroid_apps/native_apps/Tacere/NONE_TRANSFORMED_;/Users/rar9993/repos/research/fdroid_apps/native_apps/Tacere/tacere/src/main/java/org/ciasaboark/tacere/event/Calendar.java;file:/Users/rar9993/repos/research/fdroid_apps/native_apps/Tacere/tacere/src/main/java/org/ciasaboark/tacere/event/Calendar.java|line:15
AvoidInstantiatingObjectsInLoops;PMD;/Users/rar9993/repos/research/fdroid_apps/native_apps/Tacere/NONE_TRANSFORMED_;/Users/rar9993/repos/research/fdroid_apps/native_apps/Tacere/tacere/src/main/java/org/ciasaboark/tacere/manager/AlarmManagerWrapper.java;file:/Users/rar9993/repos/research/fdroid_apps/native_apps/Tacere/tacere/src/main/java/org/ciasaboark/tacere/manager/AlarmManagerWrapper.java|line:111
RedundantFieldInitializer;PMD;/Users/rar9993/repos/research/fdroid_apps/native_apps/Tacere/NONE_TRANSFORMED_;/Users/rar9993/repos/research/fdroid_apps/native_apps/Tacere/tacere/src/main/java/org/ciasaboark/tacere/manager/ServiceStateManager.java;file:/Users/rar9993/repos/research/fdroid_apps/native_apps/Tacere/tacere/src/main/java/org/ciasaboark/tacere/manager/ServiceStateManager.java|line:18
RedundantFieldInitializer;PMD;/Users/rar9993/repos/research/fdroid_apps/native_apps/Tacere/NONE_TRANSFORMED_;/Users/rar9993/repos/research/fdroid_apps/native_apps/Tacere/tacere/src/main/java/org/ciasaboark/tacere/manager/ServiceStateManager.java;file:/Users/rar9993/repos/research/fdroid_apps/native_apps/Tacere/tacere/src/main/java/org/ciasaboark/tacere/manager/ServiceStateManager.java|line:19
AvoidInstantiatingObjectsInLoops;PMD;/Users/rar9993/repos/research/fdroid_apps/native_apps/Tacere/NONE_TRANSFORMED_;/Users/rar9993/repos/research/fdroid_apps/native_apps/Tacere/tacere/src/main/java/org/ciasaboark/tacere/prefs/Prefs.java;file:/Users/rar9993/repos/research/fdroid_apps/native_apps/Tacere/tacere/src/main/java/org/ciasaboark/tacere/prefs/Prefs.java|line:72
UseStringBufferForStringAppends;PMD;/Users/rar9993/repos/research/fdroid_apps/native_apps/Tacere/NONE_TRANSFORMED_;/Users/rar9993/repos/research/fdroid_apps/native_apps/Tacere/tacere/src/main/java/org/ciasaboark/tacere/prefs/Prefs.java;file:/Users/rar9993/repos/research/fdroid_apps/native_apps/Tacere/tacere/src/main/java/org/ciasaboark/tacere/prefs/Prefs.java|line:125
UseStringBufferForStringAppends;PMD;/Users/rar9993/repos/research/fdroid_apps/native_apps/Tacere/NONE_TRANSFORMED_;/Users/rar9993/repos/research/fdroid_apps/native_apps/Tacere/tacere/src/main/java/org/ciasaboark/tacere/prefs/Prefs.java;file:/Users/rar9993/repos/research/fdroid_apps/native_apps/Tacere/tacere/src/main/java/org/ciasaboark/tacere/prefs/Prefs.java|line:344
RedundantFieldInitializer;PMD;/Users/rar9993/repos/research/fdroid_apps/native_apps/Tacere/NONE_TRANSFORMED_;/Users/rar9993/repos/research/fdroid_apps/native_apps/Tacere/tacere/src/main/java/org/ciasaboark/tacere/view/EventListItem.java;file:/Users/rar9993/repos/research/fdroid_apps/native_apps/Tacere/tacere/src/main/java/org/ciasaboark/tacere/view/EventListItem.java|line:44
RedundantFieldInitializer;PMD;/Users/rar9993/repos/research/fdroid_apps/native_apps/Tacere/NONE_TRANSFORMED_;/Users/rar9993/repos/research/fdroid_apps/native_apps/Tacere/tacere/src/main/java/org/ciasaboark/tacere/view/EventListItem.java;file:/Users/rar9993/repos/research/fdroid_apps/native_apps/Tacere/tacere/src/main/java/org/ciasaboark/tacere/view/EventListItem.java|line:49
RedundantFieldInitializer;PMD;/Users/rar9993/repos/research/fdroid_apps/native_apps/Tacere/NONE_TRANSFORMED_;/Users/rar9993/repos/research/fdroid_apps/native_apps/Tacere/tacere/src/main/java/org/ciasaboark/tacere/view/EventListItem.java;file:/Users/rar9993/repos/research/fdroid_apps/native_apps/Tacere/tacere/src/main/java/org/ciasaboark/tacere/view/EventListItem.java|line:50
RedundantFieldInitializer;PMD;/Users/rar9993/repos/research/fdroid_apps/native_apps/Tacere/NONE_TRANSFORMED_;/Users/rar9993/repos/research/fdroid_apps/native_apps/Tacere/tacere/src/main/java/org/ciasaboark/tacere/view/EventListItem.java;file:/Users/rar9993/repos/research/fdroid_apps/native_apps/Tacere/tacere/src/main/java/org/ciasaboark/tacere/view/EventListItem.java|line:51
AvoidInstantiatingObjectsInLoops;PMD;/Users/rar9993/repos/research/fdroid_apps/native_apps/Tacere/NONE_TRANSFORMED_;/Users/rar9993/repos/research/fdroid_apps/native_apps/Tacere/tacere/src/main/java/org/ciasaboark/tacere/widget/ActiveEventWidgetProvider.java;file:/Users/rar9993/repos/research/fdroid_apps/native_apps/Tacere/tacere/src/main/java/org/ciasaboark/tacere/widget/ActiveEventWidgetProvider.java|line:38
AvoidInstantiatingObjectsInLoops;PMD;/Users/rar9993/repos/research/fdroid_apps/native_apps/Tacere/NONE_TRANSFORMED_;/Users/rar9993/repos/research/fdroid_apps/native_apps/Tacere/tacere/src/main/java/org/ciasaboark/tacere/widget/ActiveEventWidgetProvider.java;file:/Users/rar9993/repos/research/fdroid_apps/native_apps/Tacere/tacere/src/main/java/org/ciasaboark/tacere/widget/ActiveEventWidgetProvider.java|line:41
AvoidInstantiatingObjectsInLoops;PMD;/Users/rar9993/repos/research/fdroid_apps/native_apps/Tacere/NONE_TRANSFORMED_;/Users/rar9993/repos/research/fdroid_apps/native_apps/Tacere/tacere/src/main/java/org/ciasaboark/tacere/widget/ActiveEventWidgetProvider.java;file:/Users/rar9993/repos/research/fdroid_apps/native_apps/Tacere/tacere/src/main/java/org/ciasaboark/tacere/widget/ActiveEventWidgetProvider.java|line:43
AvoidInstantiatingObjectsInLoops;PMD;/Users/rar9993/repos/research/fdroid_apps/native_apps/Tacere/NONE_TRANSFORMED_;/Users/rar9993/repos/research/fdroid_apps/native_apps/Tacere/tacere/src/main/java/org/ciasaboark/tacere/widget/ActiveEventWidgetProvider.java;file:/Users/rar9993/repos/research/fdroid_apps/native_apps/Tacere/tacere/src/main/java/org/ciasaboark/tacere/widget/ActiveEventWidgetProvider.java|line:49
AvoidInstantiatingObjectsInLoops;PMD;/Users/rar9993/repos/research/fdroid_apps/native_apps/Tacere/NONE_TRANSFORMED_;/Users/rar9993/repos/research/fdroid_apps/native_apps/Tacere/tacere/src/main/java/org/ciasaboark/tacere/widget/ActiveEventWidgetProvider.java;file:/Users/rar9993/repos/research/fdroid_apps/native_apps/Tacere/tacere/src/main/java/org/ciasaboark/tacere/widget/ActiveEventWidgetProvider.java|line:52
AvoidInstantiatingObjectsInLoops;PMD;/Users/rar9993/repos/research/fdroid_apps/native_apps/Tacere/NONE_TRANSFORMED_;/Users/rar9993/repos/research/fdroid_apps/native_apps/Tacere/tacere/src/main/java/org/ciasaboark/tacere/widget/ActiveEventWidgetProvider.java;file:/Users/rar9993/repos/research/fdroid_apps/native_apps/Tacere/tacere/src/main/java/org/ciasaboark/tacere/widget/ActiveEventWidgetProvider.java|line:68
AvoidInstantiatingObjectsInLoops;PMD;/Users/rar9993/repos/research/fdroid_apps/native_apps/Tacere/NONE_TRANSFORMED_;/Users/rar9993/repos/research/fdroid_apps/native_apps/Tacere/tacere/src/main/java/org/ciasaboark/tacere/widget/ActiveEventWidgetProvider.java;file:/Users/rar9993/repos/research/fdroid_apps/native_apps/Tacere/tacere/src/main/java/org/ciasaboark/tacere/widget/ActiveEventWidgetProvider.java|line:76
AvoidInstantiatingObjectsInLoops;PMD;/Users/rar9993/repos/research/fdroid_apps/native_apps/Tacere/NONE_TRANSFORMED_;/Users/rar9993/repos/research/fdroid_apps/native_apps/Tacere/tacere/src/main/java/org/ciasaboark/tacere/widget/ActiveEventWidgetProvider.java;file:/Users/rar9993/repos/research/fdroid_apps/native_apps/Tacere/tacere/src/main/java/org/ciasaboark/tacere/widget/ActiveEventWidgetProvider.java|line:96
AvoidInstantiatingObjectsInLoops;PMD;/Users/rar9993/repos/research/fdroid_apps/native_apps/Tacere/NONE_TRANSFORMED_;/Users/rar9993/repos/research/fdroid_apps/native_apps/Tacere/tacere/src/main/java/org/ciasaboark/tacere/widget/QuickSilenceTinyWidgetProvider.java;file:/Users/rar9993/repos/research/fdroid_apps/native_apps/Tacere/tacere/src/main/java/org/ciasaboark/tacere/widget/QuickSilenceTinyWidgetProvider.java|line:34
AvoidInstantiatingObjectsInLoops;PMD;/Users/rar9993/repos/research/fdroid_apps/native_apps/Tacere/NONE_TRANSFORMED_;/Users/rar9993/repos/research/fdroid_apps/native_apps/Tacere/tacere/src/main/java/org/ciasaboark/tacere/widget/QuickSilenceTinyWidgetProvider.java;file:/Users/rar9993/repos/research/fdroid_apps/native_apps/Tacere/tacere/src/main/java/org/ciasaboark/tacere/widget/QuickSilenceTinyWidgetProvider.java|line:36
AvoidInstantiatingObjectsInLoops;PMD;/Users/rar9993/repos/research/fdroid_apps/native_apps/Tacere/NONE_TRANSFORMED_;/Users/rar9993/repos/research/fdroid_apps/native_apps/Tacere/tacere/src/main/java/org/ciasaboark/tacere/widget/QuickSilenceTinyWidgetProvider.java;file:/Users/rar9993/repos/research/fdroid_apps/native_apps/Tacere/tacere/src/main/java/org/ciasaboark/tacere/widget/QuickSilenceTinyWidgetProvider.java|line:38
AvoidInstantiatingObjectsInLoops;PMD;/Users/rar9993/repos/research/fdroid_apps/native_apps/Tacere/NONE_TRANSFORMED_;/Users/rar9993/repos/research/fdroid_apps/native_apps/Tacere/tacere/src/main/java/org/ciasaboark/tacere/widget/QuickSilenceTinyWidgetProvider.java;file:/Users/rar9993/repos/research/fdroid_apps/native_apps/Tacere/tacere/src/main/java/org/ciasaboark/tacere/widget/QuickSilenceTinyWidgetProvider.java|line:46
AvoidInstantiatingObjectsInLoops;PMD;/Users/rar9993/repos/research/fdroid_apps/native_apps/Tacere/NONE_TRANSFORMED_;/Users/rar9993/repos/research/fdroid_apps/native_apps/Tacere/tacere/src/main/java/org/ciasaboark/tacere/widget/QuickSilenceTinyWidgetProvider.java;file:/Users/rar9993/repos/research/fdroid_apps/native_apps/Tacere/tacere/src/main/java/org/ciasaboark/tacere/widget/QuickSilenceTinyWidgetProvider.java|line:50
AvoidInstantiatingObjectsInLoops;PMD;/Users/rar9993/repos/research/fdroid_apps/native_apps/Tacere/NONE_TRANSFORMED_;/Users/rar9993/repos/research/fdroid_apps/native_apps/Tacere/tacere/src/main/java/org/ciasaboark/tacere/widget/QuickSilenceTinyWidgetProvider.java;file:/Users/rar9993/repos/research/fdroid_apps/native_apps/Tacere/tacere/src/main/java/org/ciasaboark/tacere/widget/QuickSilenceTinyWidgetProvider.java|line:54
AvoidInstantiatingObjectsInLoops;PMD;/Users/rar9993/repos/research/fdroid_apps/native_apps/Tacere/NONE_TRANSFORMED_;/Users/rar9993/repos/research/fdroid_apps/native_apps/Tacere/tacere/src/main/java/org/ciasaboark/tacere/widget/QuickSilenceTinyWidgetProvider.java;file:/Users/rar9993/repos/research/fdroid_apps/native_apps/Tacere/tacere/src/main/java/org/ciasaboark/tacere/widget/QuickSilenceTinyWidgetProvider.java|line:61
AvoidInstantiatingObjectsInLoops;PMD;/Users/rar9993/repos/research/fdroid_apps/native_apps/Tacere/NONE_TRANSFORMED_;/Users/rar9993/repos/research/fdroid_apps/native_apps/Tacere/tacere/src/main/java/org/ciasaboark/tacere/widget/QuickSilenceTinyWidgetProvider.java;file:/Users/rar9993/repos/research/fdroid_apps/native_apps/Tacere/tacere/src/main/java/org/ciasaboark/tacere/widget/QuickSilenceTinyWidgetProvider.java|line:63
AvoidInstantiatingObjectsInLoops;PMD;/Users/rar9993/repos/research/fdroid_apps/native_apps/Tacere/NONE_TRANSFORMED_;/Users/rar9993/repos/research/fdroid_apps/native_apps/Tacere/tacere/src/main/java/org/ciasaboark/tacere/widget/QuickSilenceTinyWidgetProvider.java;file:/Users/rar9993/repos/research/fdroid_apps/native_apps/Tacere/tacere/src/main/java/org/ciasaboark/tacere/widget/QuickSilenceTinyWidgetProvider.java|line:65
AvoidInstantiatingObjectsInLoops;PMD;/Users/rar9993/repos/research/fdroid_apps/native_apps/Tacere/NONE_TRANSFORMED_;/Users/rar9993/repos/research/fdroid_apps/native_apps/Tacere/tacere/src/main/java/org/ciasaboark/tacere/widget/QuickSilenceWidgetProvider.java;file:/Users/rar9993/repos/research/fdroid_apps/native_apps/Tacere/tacere/src/main/java/org/ciasaboark/tacere/widget/QuickSilenceWidgetProvider.java|line:34
AvoidInstantiatingObjectsInLoops;PMD;/Users/rar9993/repos/research/fdroid_apps/native_apps/Tacere/NONE_TRANSFORMED_;/Users/rar9993/repos/research/fdroid_apps/native_apps/Tacere/tacere/src/main/java/org/ciasaboark/tacere/widget/QuickSilenceWidgetProvider.java;file:/Users/rar9993/repos/research/fdroid_apps/native_apps/Tacere/tacere/src/main/java/org/ciasaboark/tacere/widget/QuickSilenceWidgetProvider.java|line:36
AvoidInstantiatingObjectsInLoops;PMD;/Users/rar9993/repos/research/fdroid_apps/native_apps/Tacere/NONE_TRANSFORMED_;/Users/rar9993/repos/research/fdroid_apps/native_apps/Tacere/tacere/src/main/java/org/ciasaboark/tacere/widget/QuickSilenceWidgetProvider.java;file:/Users/rar9993/repos/research/fdroid_apps/native_apps/Tacere/tacere/src/main/java/org/ciasaboark/tacere/widget/QuickSilenceWidgetProvider.java|line:38
AvoidInstantiatingObjectsInLoops;PMD;/Users/rar9993/repos/research/fdroid_apps/native_apps/Tacere/NONE_TRANSFORMED_;/Users/rar9993/repos/research/fdroid_apps/native_apps/Tacere/tacere/src/main/java/org/ciasaboark/tacere/widget/QuickSilenceWidgetProvider.java;file:/Users/rar9993/repos/research/fdroid_apps/native_apps/Tacere/tacere/src/main/java/org/ciasaboark/tacere/widget/QuickSilenceWidgetProvider.java|line:48
AvoidInstantiatingObjectsInLoops;PMD;/Users/rar9993/repos/research/fdroid_apps/native_apps/Tacere/NONE_TRANSFORMED_;/Users/rar9993/repos/research/fdroid_apps/native_apps/Tacere/tacere/src/main/java/org/ciasaboark/tacere/widget/QuickSilenceWidgetProvider.java;file:/Users/rar9993/repos/research/fdroid_apps/native_apps/Tacere/tacere/src/main/java/org/ciasaboark/tacere/widget/QuickSilenceWidgetProvider.java|line:52
AvoidInstantiatingObjectsInLoops;PMD;/Users/rar9993/repos/research/fdroid_apps/native_apps/Tacere/NONE_TRANSFORMED_;/Users/rar9993/repos/research/fdroid_apps/native_apps/Tacere/tacere/src/main/java/org/ciasaboark/tacere/widget/QuickSilenceWidgetProvider.java;file:/Users/rar9993/repos/research/fdroid_apps/native_apps/Tacere/tacere/src/main/java/org/ciasaboark/tacere/widget/QuickSilenceWidgetProvider.java|line:56
AvoidInstantiatingObjectsInLoops;PMD;/Users/rar9993/repos/research/fdroid_apps/native_apps/Tacere/NONE_TRANSFORMED_;/Users/rar9993/repos/research/fdroid_apps/native_apps/Tacere/tacere/src/main/java/org/ciasaboark/tacere/widget/QuickSilenceWidgetProvider.java;file:/Users/rar9993/repos/research/fdroid_apps/native_apps/Tacere/tacere/src/main/java/org/ciasaboark/tacere/widget/QuickSilenceWidgetProvider.java|line:63
AvoidInstantiatingObjectsInLoops;PMD;/Users/rar9993/repos/research/fdroid_apps/native_apps/Tacere/NONE_TRANSFORMED_;/Users/rar9993/repos/research/fdroid_apps/native_apps/Tacere/tacere/src/main/java/org/ciasaboark/tacere/widget/QuickSilenceWidgetProvider.java;file:/Users/rar9993/repos/research/fdroid_apps/native_apps/Tacere/tacere/src/main/java/org/ciasaboark/tacere/widget/QuickSilenceWidgetProvider.java|line:65
AvoidInstantiatingObjectsInLoops;PMD;/Users/rar9993/repos/research/fdroid_apps/native_apps/Tacere/NONE_TRANSFORMED_;/Users/rar9993/repos/research/fdroid_apps/native_apps/Tacere/tacere/src/main/java/org/ciasaboark/tacere/widget/QuickSilenceWidgetProvider.java;file:/Users/rar9993/repos/research/fdroid_apps/native_apps/Tacere/tacere/src/main/java/org/ciasaboark/tacere/widget/QuickSilenceWidgetProvider.java|line:67
RedundantFieldInitializer;PMD;/Users/rar9993/repos/research/fdroid_apps/native_apps/Tacere/NONE_TRANSFORMED_;/Users/rar9993/repos/research/fdroid_apps/native_apps/Tacere/tacere/src/main/java/org/ciasaboark/tacere/widget/adapter/WidgetEventListAdapter.java;file:/Users/rar9993/repos/research/fdroid_apps/native_apps/Tacere/tacere/src/main/java/org/ciasaboark/tacere/widget/adapter/WidgetEventListAdapter.java|line:28
RedundantFieldInitializer;PMD;/Users/rar9993/repos/research/fdroid_apps/native_apps/Tacere/NONE_TRANSFORMED_;/Users/rar9993/repos/research/fdroid_apps/native_apps/Tacere/tacere/src/playStoreFlavor/java/org/ciasaboark/tacere/billing/google/IabHelper.java;file:/Users/rar9993/repos/research/fdroid_apps/native_apps/Tacere/tacere/src/playStoreFlavor/java/org/ciasaboark/tacere/billing/google/IabHelper.java|line:100
RedundantFieldInitializer;PMD;/Users/rar9993/repos/research/fdroid_apps/native_apps/Tacere/NONE_TRANSFORMED_;/Users/rar9993/repos/research/fdroid_apps/native_apps/Tacere/tacere/src/playStoreFlavor/java/org/ciasaboark/tacere/billing/google/IabHelper.java;file:/Users/rar9993/repos/research/fdroid_apps/native_apps/Tacere/tacere/src/playStoreFlavor/java/org/ciasaboark/tacere/billing/google/IabHelper.java|line:103
RedundantFieldInitializer;PMD;/Users/rar9993/repos/research/fdroid_apps/native_apps/Tacere/NONE_TRANSFORMED_;/Users/rar9993/repos/research/fdroid_apps/native_apps/Tacere/tacere/src/playStoreFlavor/java/org/ciasaboark/tacere/billing/google/IabHelper.java;file:/Users/rar9993/repos/research/fdroid_apps/native_apps/Tacere/tacere/src/playStoreFlavor/java/org/ciasaboark/tacere/billing/google/IabHelper.java|line:105
RedundantFieldInitializer;PMD;/Users/rar9993/repos/research/fdroid_apps/native_apps/Tacere/NONE_TRANSFORMED_;/Users/rar9993/repos/research/fdroid_apps/native_apps/Tacere/tacere/src/playStoreFlavor/java/org/ciasaboark/tacere/billing/google/IabHelper.java;file:/Users/rar9993/repos/research/fdroid_apps/native_apps/Tacere/tacere/src/playStoreFlavor/java/org/ciasaboark/tacere/billing/google/IabHelper.java|line:107
RedundantFieldInitializer;PMD;/Users/rar9993/repos/research/fdroid_apps/native_apps/Tacere/NONE_TRANSFORMED_;/Users/rar9993/repos/research/fdroid_apps/native_apps/Tacere/tacere/src/playStoreFlavor/java/org/ciasaboark/tacere/billing/google/IabHelper.java;file:/Users/rar9993/repos/research/fdroid_apps/native_apps/Tacere/tacere/src/playStoreFlavor/java/org/ciasaboark/tacere/billing/google/IabHelper.java|line:110
RedundantFieldInitializer;PMD;/Users/rar9993/repos/research/fdroid_apps/native_apps/Tacere/NONE_TRANSFORMED_;/Users/rar9993/repos/research/fdroid_apps/native_apps/Tacere/tacere/src/playStoreFlavor/java/org/ciasaboark/tacere/billing/google/IabHelper.java;file:/Users/rar9993/repos/research/fdroid_apps/native_apps/Tacere/tacere/src/playStoreFlavor/java/org/ciasaboark/tacere/billing/google/IabHelper.java|line:124
UselessStringValueOf;PMD;/Users/rar9993/repos/research/fdroid_apps/native_apps/Tacere/NONE_TRANSFORMED_;/Users/rar9993/repos/research/fdroid_apps/native_apps/Tacere/tacere/src/playStoreFlavor/java/org/ciasaboark/tacere/billing/google/IabHelper.java;file:/Users/rar9993/repos/research/fdroid_apps/native_apps/Tacere/tacere/src/playStoreFlavor/java/org/ciasaboark/tacere/billing/google/IabHelper.java|line:432
UselessStringValueOf;PMD;/Users/rar9993/repos/research/fdroid_apps/native_apps/Tacere/NONE_TRANSFORMED_;/Users/rar9993/repos/research/fdroid_apps/native_apps/Tacere/tacere/src/playStoreFlavor/java/org/ciasaboark/tacere/billing/google/IabHelper.java;file:/Users/rar9993/repos/research/fdroid_apps/native_apps/Tacere/tacere/src/playStoreFlavor/java/org/ciasaboark/tacere/billing/google/IabHelper.java|line:434
UselessStringValueOf;PMD;/Users/rar9993/repos/research/fdroid_apps/native_apps/Tacere/NONE_TRANSFORMED_;/Users/rar9993/repos/research/fdroid_apps/native_apps/Tacere/tacere/src/playStoreFlavor/java/org/ciasaboark/tacere/billing/google/IabHelper.java;file:/Users/rar9993/repos/research/fdroid_apps/native_apps/Tacere/tacere/src/playStoreFlavor/java/org/ciasaboark/tacere/billing/google/IabHelper.java|line:785
AvoidInstantiatingObjectsInLoops;PMD;/Users/rar9993/repos/research/fdroid_apps/native_apps/Tacere/NONE_TRANSFORMED_;/Users/rar9993/repos/research/fdroid_apps/native_apps/Tacere/tacere/src/playStoreFlavor/java/org/ciasaboark/tacere/billing/google/IabHelper.java;file:/Users/rar9993/repos/research/fdroid_apps/native_apps/Tacere/tacere/src/playStoreFlavor/java/org/ciasaboark/tacere/billing/google/IabHelper.java|line:810
AvoidInstantiatingObjectsInLoops;PMD;/Users/rar9993/repos/research/fdroid_apps/native_apps/Tacere/NONE_TRANSFORMED_;/Users/rar9993/repos/research/fdroid_apps/native_apps/Tacere/tacere/src/playStoreFlavor/java/org/ciasaboark/tacere/billing/google/IabHelper.java;file:/Users/rar9993/repos/research/fdroid_apps/native_apps/Tacere/tacere/src/playStoreFlavor/java/org/ciasaboark/tacere/billing/google/IabHelper.java|line:872
InefficientEmptyStringCheck;PMD;/Users/rar9993/repos/research/fdroid_apps/native_apps/Tacere/NONE_TRANSFORMED_;/Users/rar9993/repos/research/fdroid_apps/native_apps/Tacere/tacere/src/playStoreFlavor/java/org/ciasaboark/tacere/billing/google/IabResult.java;file:/Users/rar9993/repos/research/fdroid_apps/native_apps/Tacere/tacere/src/playStoreFlavor/java/org/ciasaboark/tacere/billing/google/IabResult.java|line:22
RedundantFieldInitializer;PMD;/Users/rar9993/repos/research/fdroid_apps/native_apps/Tacere/NONE_TRANSFORMED_;/Users/rar9993/repos/research/fdroid_apps/native_apps/Tacere/viewPagerIndicator/build/generated/source/r/debug/com/viewpagerindicator/R.java;file:/Users/rar9993/repos/research/fdroid_apps/native_apps/Tacere/viewPagerIndicator/build/generated/source/r/debug/com/viewpagerindicator/R.java|line:388
RedundantFieldInitializer;PMD;/Users/rar9993/repos/research/fdroid_apps/native_apps/Tacere/NONE_TRANSFORMED_;/Users/rar9993/repos/research/fdroid_apps/native_apps/Tacere/viewPagerIndicator/build/generated/source/r/debug/com/viewpagerindicator/R.java;file:/Users/rar9993/repos/research/fdroid_apps/native_apps/Tacere/viewPagerIndicator/build/generated/source/r/debug/com/viewpagerindicator/R.java|line:525
RedundantFieldInitializer;PMD;/Users/rar9993/repos/research/fdroid_apps/native_apps/Tacere/NONE_TRANSFORMED_;/Users/rar9993/repos/research/fdroid_apps/native_apps/Tacere/viewPagerIndicator/build/generated/source/r/debug/com/viewpagerindicator/R.java;file:/Users/rar9993/repos/research/fdroid_apps/native_apps/Tacere/viewPagerIndicator/build/generated/source/r/debug/com/viewpagerindicator/R.java|line:679
RedundantFieldInitializer;PMD;/Users/rar9993/repos/research/fdroid_apps/native_apps/Tacere/NONE_TRANSFORMED_;/Users/rar9993/repos/research/fdroid_apps/native_apps/Tacere/viewPagerIndicator/build/generated/source/r/debug/com/viewpagerindicator/R.java;file:/Users/rar9993/repos/research/fdroid_apps/native_apps/Tacere/viewPagerIndicator/build/generated/source/r/debug/com/viewpagerindicator/R.java|line:898
RedundantFieldInitializer;PMD;/Users/rar9993/repos/research/fdroid_apps/native_apps/Tacere/NONE_TRANSFORMED_;/Users/rar9993/repos/research/fdroid_apps/native_apps/Tacere/viewPagerIndicator/build/generated/source/r/debug/com/viewpagerindicator/R.java;file:/Users/rar9993/repos/research/fdroid_apps/native_apps/Tacere/viewPagerIndicator/build/generated/source/r/debug/com/viewpagerindicator/R.java|line:989
RedundantFieldInitializer;PMD;/Users/rar9993/repos/research/fdroid_apps/native_apps/Tacere/NONE_TRANSFORMED_;/Users/rar9993/repos/research/fdroid_apps/native_apps/Tacere/viewPagerIndicator/build/generated/source/r/release/com/viewpagerindicator/R.java;file:/Users/rar9993/repos/research/fdroid_apps/native_apps/Tacere/viewPagerIndicator/build/generated/source/r/release/com/viewpagerindicator/R.java|line:388
RedundantFieldInitializer;PMD;/Users/rar9993/repos/research/fdroid_apps/native_apps/Tacere/NONE_TRANSFORMED_;/Users/rar9993/repos/research/fdroid_apps/native_apps/Tacere/viewPagerIndicator/build/generated/source/r/release/com/viewpagerindicator/R.java;file:/Users/rar9993/repos/research/fdroid_apps/native_apps/Tacere/viewPagerIndicator/build/generated/source/r/release/com/viewpagerindicator/R.java|line:525
RedundantFieldInitializer;PMD;/Users/rar9993/repos/research/fdroid_apps/native_apps/Tacere/NONE_TRANSFORMED_;/Users/rar9993/repos/research/fdroid_apps/native_apps/Tacere/viewPagerIndicator/build/generated/source/r/release/com/viewpagerindicator/R.java;file:/Users/rar9993/repos/research/fdroid_apps/native_apps/Tacere/viewPagerIndicator/build/generated/source/r/release/com/viewpagerindicator/R.java|line:679
RedundantFieldInitializer;PMD;/Users/rar9993/repos/research/fdroid_apps/native_apps/Tacere/NONE_TRANSFORMED_;/Users/rar9993/repos/research/fdroid_apps/native_apps/Tacere/viewPagerIndicator/build/generated/source/r/release/com/viewpagerindicator/R.java;file:/Users/rar9993/repos/research/fdroid_apps/native_apps/Tacere/viewPagerIndicator/build/generated/source/r/release/com/viewpagerindicator/R.java|line:898
RedundantFieldInitializer;PMD;/Users/rar9993/repos/research/fdroid_apps/native_apps/Tacere/NONE_TRANSFORMED_;/Users/rar9993/repos/research/fdroid_apps/native_apps/Tacere/viewPagerIndicator/build/generated/source/r/release/com/viewpagerindicator/R.java;file:/Users/rar9993/repos/research/fdroid_apps/native_apps/Tacere/viewPagerIndicator/build/generated/source/r/release/com/viewpagerindicator/R.java|line:989
AvoidInstantiatingObjectsInLoops;PMD;/Users/rar9993/repos/research/fdroid_apps/native_apps/Tacere/NONE_TRANSFORMED_;/Users/rar9993/repos/research/fdroid_apps/native_apps/Tacere/viewPagerIndicator/src/main/java/com/viewpagerindicator/IconPageIndicator.java;file:/Users/rar9993/repos/research/fdroid_apps/native_apps/Tacere/viewPagerIndicator/src/main/java/com/viewpagerindicator/IconPageIndicator.java|line:120
TooFewBranchesForSwitch;PMD;/Users/rar9993/repos/research/fdroid_apps/native_apps/Tacere/NONE_TRANSFORMED_;/Users/rar9993/repos/research/fdroid_apps/native_apps/Tacere/viewPagerIndicator/src/main/java/com/viewpagerindicator/TitlePageIndicator.java;file:/Users/rar9993/repos/research/fdroid_apps/native_apps/Tacere/viewPagerIndicator/src/main/java/com/viewpagerindicator/TitlePageIndicator.java|line:443
MemberIgnoringMethod;DAAP;/Users/rar9993/repos/research/fdroid_apps/native_apps/Tacere/NONE_TRANSFORMED_;/src/main/java/com/viewpagerindicator/UnderlinePageIndicator.java;file:/src/main/java/com/viewpagerindicator/UnderlinePageIndicator.java
MemberIgnoringMethod;DAAP;/Users/rar9993/repos/research/fdroid_apps/native_apps/Tacere/NONE_TRANSFORMED_;/src/main/java/com/viewpagerindicator/CirclePageIndicator.java;file:/src/main/java/com/viewpagerindicator/CirclePageIndicator.java
MemberIgnoringMethod;DAAP;/Users/rar9993/repos/research/fdroid_apps/native_apps/Tacere/NONE_TRANSFORMED_;/src/main/java/com/viewpagerindicator/IconPagerAdapter.java;file:/src/main/java/com/viewpagerindicator/IconPagerAdapter.java
MemberIgnoringMethod;DAAP;/Users/rar9993/repos/research/fdroid_apps/native_apps/Tacere/NONE_TRANSFORMED_;/src/main/java/com/viewpagerindicator/TabPageIndicator.java;file:/src/main/java/com/viewpagerindicator/TabPageIndicator.java
MemberIgnoringMethod;DAAP;/Users/rar9993/repos/research/fdroid_apps/native_apps/Tacere/NONE_TRANSFORMED_;/src/main/java/com/viewpagerindicator/PageIndicator.java;file:/src/main/java/com/viewpagerindicator/PageIndicator.java
MemberIgnoringMethod;DAAP;/Users/rar9993/repos/research/fdroid_apps/native_apps/Tacere/NONE_TRANSFORMED_;/src/main/java/com/viewpagerindicator/TitlePageIndicator.java;file:/src/main/java/com/viewpagerindicator/TitlePageIndicator.java
MemberIgnoringMethod;DAAP;/Users/rar9993/repos/research/fdroid_apps/native_apps/Tacere/NONE_TRANSFORMED_;/src/main/java/com/viewpagerindicator/LinePageIndicator.java;file:/src/main/java/com/viewpagerindicator/LinePageIndicator.java
MemberIgnoringMethod;DAAP;/Users/rar9993/repos/research/fdroid_apps/native_apps/Tacere/NONE_TRANSFORMED_;/src/main/java/com/viewpagerindicator/IconPageIndicator.java;file:/src/main/java/com/viewpagerindicator/IconPageIndicator.java
LeakingThread;DAAP;/Users/rar9993/repos/research/fdroid_apps/native_apps/Tacere/NONE_TRANSFORMED_;/src/main/java/com/viewpagerindicator/UnderlinePageIndicator.java;file:/src/main/java/com/viewpagerindicator/UnderlinePageIndicator.java
SlowForLoop;DAAP;/Users/rar9993/repos/research/fdroid_apps/native_apps/Tacere/NONE_TRANSFORMED_;/src/main/java/com/viewpagerindicator/CirclePageIndicator.java;file:/src/main/java/com/viewpagerindicator/CirclePageIndicator.java
SlowForLoop;DAAP;/Users/rar9993/repos/research/fdroid_apps/native_apps/Tacere/NONE_TRANSFORMED_;/src/main/java/com/viewpagerindicator/TabPageIndicator.java;file:/src/main/java/com/viewpagerindicator/TabPageIndicator.java
SlowForLoop;DAAP;/Users/rar9993/repos/research/fdroid_apps/native_apps/Tacere/NONE_TRANSFORMED_;/src/main/java/com/viewpagerindicator/IcsLinearLayout.java;file:/src/main/java/com/viewpagerindicator/IcsLinearLayout.java
SlowForLoop;DAAP;/Users/rar9993/repos/research/fdroid_apps/native_apps/Tacere/NONE_TRANSFORMED_;/src/main/java/com/viewpagerindicator/TitlePageIndicator.java;file:/src/main/java/com/viewpagerindicator/TitlePageIndicator.java
SlowForLoop;DAAP;/Users/rar9993/repos/research/fdroid_apps/native_apps/Tacere/NONE_TRANSFORMED_;/src/main/java/com/viewpagerindicator/LinePageIndicator.java;file:/src/main/java/com/viewpagerindicator/LinePageIndicator.java
SlowForLoop;DAAP;/Users/rar9993/repos/research/fdroid_apps/native_apps/Tacere/NONE_TRANSFORMED_;/src/main/java/com/viewpagerindicator/IconPageIndicator.java;file:/src/main/java/com/viewpagerindicator/IconPageIndicator.java
CollectionOfViews;DAAP;/Users/rar9993/repos/research/fdroid_apps/native_apps/Tacere/NONE_TRANSFORMED_;/src/main/java/com/viewpagerindicator/UnderlinePageIndicator.java;file:/src/main/java/com/viewpagerindicator/UnderlinePageIndicator.java
CollectionOfViews;DAAP;/Users/rar9993/repos/research/fdroid_apps/native_apps/Tacere/NONE_TRANSFORMED_;/src/main/java/com/viewpagerindicator/CirclePageIndicator.java;file:/src/main/java/com/viewpagerindicator/CirclePageIndicator.java
CollectionOfViews;DAAP;/Users/rar9993/repos/research/fdroid_apps/native_apps/Tacere/NONE_TRANSFORMED_;/src/main/java/com/viewpagerindicator/TabPageIndicator.java;file:/src/main/java/com/viewpagerindicator/TabPageIndicator.java
CollectionOfViews;DAAP;/Users/rar9993/repos/research/fdroid_apps/native_apps/Tacere/NONE_TRANSFORMED_;/src/main/java/com/viewpagerindicator/TitlePageIndicator.java;file:/src/main/java/com/viewpagerindicator/TitlePageIndicator.java
CollectionOfViews;DAAP;/Users/rar9993/repos/research/fdroid_apps/native_apps/Tacere/NONE_TRANSFORMED_;/src/main/java/com/viewpagerindicator/LinePageIndicator.java;file:/src/main/java/com/viewpagerindicator/LinePageIndicator.java
MemberIgnoringMethod;DAAP;/Users/rar9993/repos/research/fdroid_apps/native_apps/Tacere/NONE_TRANSFORMED_;/src/fDroidFlavor/java/org/ciasaboark/tacere/billing/Authenticator.java;file:/src/fDroidFlavor/java/org/ciasaboark/tacere/billing/Authenticator.java
MemberIgnoringMethod;DAAP;/Users/rar9993/repos/research/fdroid_apps/native_apps/Tacere/NONE_TRANSFORMED_;/src/playStoreFlavor/java/org/ciasaboark/tacere/activity/ProUpgradeActivity.java;file:/src/playStoreFlavor/java/org/ciasaboark/tacere/activity/ProUpgradeActivity.java
MemberIgnoringMethod;DAAP;/Users/rar9993/repos/research/fdroid_apps/native_apps/Tacere/NONE_TRANSFORMED_;/src/playStoreFlavor/java/org/ciasaboark/tacere/activity/LicenseCheckWrapper.java;file:/src/playStoreFlavor/java/org/ciasaboark/tacere/activity/LicenseCheckWrapper.java
MemberIgnoringMethod;DAAP;/Users/rar9993/repos/research/fdroid_apps/native_apps/Tacere/NONE_TRANSFORMED_;/src/playStoreFlavor/java/org/ciasaboark/tacere/billing/google/IabResult.java;file:/src/playStoreFlavor/java/org/ciasaboark/tacere/billing/google/IabResult.java
MemberIgnoringMethod;DAAP;/Users/rar9993/repos/research/fdroid_apps/native_apps/Tacere/NONE_TRANSFORMED_;/src/playStoreFlavor/java/org/ciasaboark/tacere/billing/google/IabHelper.java;file:/src/playStoreFlavor/java/org/ciasaboark/tacere/billing/google/IabHelper.java
MemberIgnoringMethod;DAAP;/Users/rar9993/repos/research/fdroid_apps/native_apps/Tacere/NONE_TRANSFORMED_;/src/playStoreFlavor/java/org/ciasaboark/tacere/billing/Authenticator.java;file:/src/playStoreFlavor/java/org/ciasaboark/tacere/billing/Authenticator.java
MemberIgnoringMethod;DAAP;/Users/rar9993/repos/research/fdroid_apps/native_apps/Tacere/NONE_TRANSFORMED_;/src/main/java/org/ciasaboark/tacere/prefs/Updates.java;file:/src/main/java/org/ciasaboark/tacere/prefs/Updates.java
MemberIgnoringMethod;DAAP;/Users/rar9993/repos/research/fdroid_apps/native_apps/Tacere/NONE_TRANSFORMED_;/src/main/java/org/ciasaboark/tacere/prefs/Prefs.java;file:/src/main/java/org/ciasaboark/tacere/prefs/Prefs.java
MemberIgnoringMethod;DAAP;/Users/rar9993/repos/research/fdroid_apps/native_apps/Tacere/NONE_TRANSFORMED_;/src/main/java/org/ciasaboark/tacere/database/DataSetManager.java;file:/src/main/java/org/ciasaboark/tacere/database/DataSetManager.java
MemberIgnoringMethod;DAAP;/Users/rar9993/repos/research/fdroid_apps/native_apps/Tacere/NONE_TRANSFORMED_;/src/main/java/org/ciasaboark/tacere/database/EventDatabaseOpenHelper.java;file:/src/main/java/org/ciasaboark/tacere/database/EventDatabaseOpenHelper.java
MemberIgnoringMethod;DAAP;/Users/rar9993/repos/research/fdroid_apps/native_apps/Tacere/NONE_TRANSFORMED_;/src/main/java/org/ciasaboark/tacere/widget/activity/WidgetPopupRinger.java;file:/src/main/java/org/ciasaboark/tacere/widget/activity/WidgetPopupRinger.java
MemberIgnoringMethod;DAAP;/Users/rar9993/repos/research/fdroid_apps/native_apps/Tacere/NONE_TRANSFORMED_;/src/main/java/org/ciasaboark/tacere/widget/ActiveEventWidgetProvider.java;file:/src/main/java/org/ciasaboark/tacere/widget/ActiveEventWidgetProvider.java
MemberIgnoringMethod;DAAP;/Users/rar9993/repos/research/fdroid_apps/native_apps/Tacere/NONE_TRANSFORMED_;/src/main/java/org/ciasaboark/tacere/widget/adapter/WidgetEventListAdapter.java;file:/src/main/java/org/ciasaboark/tacere/widget/adapter/WidgetEventListAdapter.java
MemberIgnoringMethod;DAAP;/Users/rar9993/repos/research/fdroid_apps/native_apps/Tacere/NONE_TRANSFORMED_;/src/main/java/org/ciasaboark/tacere/widget/EventListWidgetProvider.java;file:/src/main/java/org/ciasaboark/tacere/widget/EventListWidgetProvider.java
MemberIgnoringMethod;DAAP;/Users/rar9993/repos/research/fdroid_apps/native_apps/Tacere/NONE_TRANSFORMED_;/src/main/java/org/ciasaboark/tacere/widget/QuickSilenceTinyWidgetProvider.java;file:/src/main/java/org/ciasaboark/tacere/widget/QuickSilenceTinyWidgetProvider.java
MemberIgnoringMethod;DAAP;/Users/rar9993/repos/research/fdroid_apps/native_apps/Tacere/NONE_TRANSFORMED_;/src/main/java/org/ciasaboark/tacere/widget/service/WidgetService.java;file:/src/main/java/org/ciasaboark/tacere/widget/service/WidgetService.java
MemberIgnoringMethod;DAAP;/Users/rar9993/repos/research/fdroid_apps/native_apps/Tacere/NONE_TRANSFORMED_;/src/main/java/org/ciasaboark/tacere/widget/QuickSilenceWidgetProvider.java;file:/src/main/java/org/ciasaboark/tacere/widget/QuickSilenceWidgetProvider.java
MemberIgnoringMethod;DAAP;/Users/rar9993/repos/research/fdroid_apps/native_apps/Tacere/NONE_TRANSFORMED_;/src/main/java/org/ciasaboark/tacere/notifier/WidgetNotifier.java;file:/src/main/java/org/ciasaboark/tacere/notifier/WidgetNotifier.java
MemberIgnoringMethod;DAAP;/Users/rar9993/repos/research/fdroid_apps/native_apps/Tacere/NONE_TRANSFORMED_;/src/main/java/org/ciasaboark/tacere/activity/AdvancedSettingsActivity.java;file:/src/main/java/org/ciasaboark/tacere/activity/AdvancedSettingsActivity.java
MemberIgnoringMethod;DAAP;/Users/rar9993/repos/research/fdroid_apps/native_apps/Tacere/NONE_TRANSFORMED_;/src/main/java/org/ciasaboark/tacere/activity/MainActivity.java;file:/src/main/java/org/ciasaboark/tacere/activity/MainActivity.java
MemberIgnoringMethod;DAAP;/Users/rar9993/repos/research/fdroid_apps/native_apps/Tacere/NONE_TRANSFORMED_;/src/main/java/org/ciasaboark/tacere/activity/BetaReleaseActivity.java;file:/src/main/java/org/ciasaboark/tacere/activity/BetaReleaseActivity.java
MemberIgnoringMethod;DAAP;/Users/rar9993/repos/research/fdroid_apps/native_apps/Tacere/NONE_TRANSFORMED_;/src/main/java/org/ciasaboark/tacere/activity/ShowUpdatesActivity.java;file:/src/main/java/org/ciasaboark/tacere/activity/ShowUpdatesActivity.java
MemberIgnoringMethod;DAAP;/Users/rar9993/repos/research/fdroid_apps/native_apps/Tacere/NONE_TRANSFORMED_;/src/main/java/org/ciasaboark/tacere/activity/fragment/BetaSettingsFragment.java;file:/src/main/java/org/ciasaboark/tacere/activity/fragment/BetaSettingsFragment.java
MemberIgnoringMethod;DAAP;/Users/rar9993/repos/research/fdroid_apps/native_apps/Tacere/NONE_TRANSFORMED_;/src/main/java/org/ciasaboark/tacere/activity/fragment/EventsFragment.java;file:/src/main/java/org/ciasaboark/tacere/activity/fragment/EventsFragment.java
MemberIgnoringMethod;DAAP;/Users/rar9993/repos/research/fdroid_apps/native_apps/Tacere/NONE_TRANSFORMED_;/src/main/java/org/ciasaboark/tacere/activity/fragment/SelectCalendarsFragment.java;file:/src/main/java/org/ciasaboark/tacere/activity/fragment/SelectCalendarsFragment.java
MemberIgnoringMethod;DAAP;/Users/rar9993/repos/research/fdroid_apps/native_apps/Tacere/NONE_TRANSFORMED_;/src/main/java/org/ciasaboark/tacere/activity/fragment/BugReportDialogFragment.java;file:/src/main/java/org/ciasaboark/tacere/activity/fragment/BugReportDialogFragment.java
MemberIgnoringMethod;DAAP;/Users/rar9993/repos/research/fdroid_apps/native_apps/Tacere/NONE_TRANSFORMED_;/src/main/java/org/ciasaboark/tacere/activity/fragment/SettingsFragment.java;file:/src/main/java/org/ciasaboark/tacere/activity/fragment/SettingsFragment.java
MemberIgnoringMethod;DAAP;/Users/rar9993/repos/research/fdroid_apps/native_apps/Tacere/NONE_TRANSFORMED_;/src/main/java/org/ciasaboark/tacere/activity/fragment/AboutLicenseFragment.java;file:/src/main/java/org/ciasaboark/tacere/activity/fragment/AboutLicenseFragment.java
MemberIgnoringMethod;DAAP;/Users/rar9993/repos/research/fdroid_apps/native_apps/Tacere/NONE_TRANSFORMED_;/src/main/java/org/ciasaboark/tacere/activity/fragment/AdvancedSettingsFragment.java;file:/src/main/java/org/ciasaboark/tacere/activity/fragment/AdvancedSettingsFragment.java
MemberIgnoringMethod;DAAP;/Users/rar9993/repos/research/fdroid_apps/native_apps/Tacere/NONE_TRANSFORMED_;/src/main/java/org/ciasaboark/tacere/activity/fragment/AboutFragment.java;file:/src/main/java/org/ciasaboark/tacere/activity/fragment/AboutFragment.java
MemberIgnoringMethod;DAAP;/Users/rar9993/repos/research/fdroid_apps/native_apps/Tacere/NONE_TRANSFORMED_;/src/main/java/org/ciasaboark/tacere/activity/fragment/TutorialEventListFragment.java;file:/src/main/java/org/ciasaboark/tacere/activity/fragment/TutorialEventListFragment.java
MemberIgnoringMethod;DAAP;/Users/rar9993/repos/research/fdroid_apps/native_apps/Tacere/NONE_TRANSFORMED_;/src/main/java/org/ciasaboark/tacere/activity/fragment/TutorialCrashReporterFragment.java;file:/src/main/java/org/ciasaboark/tacere/activity/fragment/TutorialCrashReporterFragment.java
MemberIgnoringMethod;DAAP;/Users/rar9993/repos/research/fdroid_apps/native_apps/Tacere/NONE_TRANSFORMED_;/src/main/java/org/ciasaboark/tacere/activity/SelectCalendarsActivity.java;file:/src/main/java/org/ciasaboark/tacere/activity/SelectCalendarsActivity.java
MemberIgnoringMethod;DAAP;/Users/rar9993/repos/research/fdroid_apps/native_apps/Tacere/NONE_TRANSFORMED_;/src/main/java/org/ciasaboark/tacere/activity/TutorialActivity.java;file:/src/main/java/org/ciasaboark/tacere/activity/TutorialActivity.java
MemberIgnoringMethod;DAAP;/Users/rar9993/repos/research/fdroid_apps/native_apps/Tacere/NONE_TRANSFORMED_;/src/main/java/org/ciasaboark/tacere/activity/SettingsActivity.java;file:/src/main/java/org/ciasaboark/tacere/activity/SettingsActivity.java
MemberIgnoringMethod;DAAP;/Users/rar9993/repos/research/fdroid_apps/native_apps/Tacere/NONE_TRANSFORMED_;/src/main/java/org/ciasaboark/tacere/Tacere.java;file:/src/main/java/org/ciasaboark/tacere/Tacere.java
MemberIgnoringMethod;DAAP;/Users/rar9993/repos/research/fdroid_apps/native_apps/Tacere/NONE_TRANSFORMED_;/src/main/java/org/ciasaboark/tacere/bug/CrashReportManager.java;file:/src/main/java/org/ciasaboark/tacere/bug/CrashReportManager.java
MemberIgnoringMethod;DAAP;/Users/rar9993/repos/research/fdroid_apps/native_apps/Tacere/NONE_TRANSFORMED_;/src/main/java/org/ciasaboark/tacere/manager/NotificationManagerWrapper.java;file:/src/main/java/org/ciasaboark/tacere/manager/NotificationManagerWrapper.java
MemberIgnoringMethod;DAAP;/Users/rar9993/repos/research/fdroid_apps/native_apps/Tacere/NONE_TRANSFORMED_;/src/main/java/org/ciasaboark/tacere/manager/AlarmManagerWrapper.java;file:/src/main/java/org/ciasaboark/tacere/manager/AlarmManagerWrapper.java
MemberIgnoringMethod;DAAP;/Users/rar9993/repos/research/fdroid_apps/native_apps/Tacere/NONE_TRANSFORMED_;/src/main/java/org/ciasaboark/tacere/manager/RingerStateManager.java;file:/src/main/java/org/ciasaboark/tacere/manager/RingerStateManager.java
MemberIgnoringMethod;DAAP;/Users/rar9993/repos/research/fdroid_apps/native_apps/Tacere/NONE_TRANSFORMED_;/src/main/java/org/ciasaboark/tacere/receiver/BootCompletedReceiver.java;file:/src/main/java/org/ciasaboark/tacere/receiver/BootCompletedReceiver.java
MemberIgnoringMethod;DAAP;/Users/rar9993/repos/research/fdroid_apps/native_apps/Tacere/NONE_TRANSFORMED_;/src/main/java/org/ciasaboark/tacere/service/EventSilencerService.java;file:/src/main/java/org/ciasaboark/tacere/service/EventSilencerService.java
InternalGetterSetter;DAAP;/Users/rar9993/repos/research/fdroid_apps/native_apps/Tacere/NONE_TRANSFORMED_;/src/main/java/org/ciasaboark/tacere/view/EventListItem.java;file:/src/main/java/org/ciasaboark/tacere/view/EventListItem.java
InternalGetterSetter;DAAP;/Users/rar9993/repos/research/fdroid_apps/native_apps/Tacere/NONE_TRANSFORMED_;/src/main/java/org/ciasaboark/tacere/event/EventInstance.java;file:/src/main/java/org/ciasaboark/tacere/event/EventInstance.java
SlowForLoop;DAAP;/Users/rar9993/repos/research/fdroid_apps/native_apps/Tacere/NONE_TRANSFORMED_;/src/playStoreFlavor/java/org/ciasaboark/tacere/billing/google/Base64.java;file:/src/playStoreFlavor/java/org/ciasaboark/tacere/billing/google/Base64.java
SlowForLoop;DAAP;/Users/rar9993/repos/research/fdroid_apps/native_apps/Tacere/NONE_TRANSFORMED_;/src/playStoreFlavor/java/org/ciasaboark/tacere/billing/google/IabHelper.java;file:/src/playStoreFlavor/java/org/ciasaboark/tacere/billing/google/IabHelper.java
SlowForLoop;DAAP;/Users/rar9993/repos/research/fdroid_apps/native_apps/Tacere/NONE_TRANSFORMED_;/src/main/java/org/ciasaboark/tacere/widget/EventListWidgetProvider.java;file:/src/main/java/org/ciasaboark/tacere/widget/EventListWidgetProvider.java
SlowForLoop;DAAP;/Users/rar9993/repos/research/fdroid_apps/native_apps/Tacere/NONE_TRANSFORMED_;/src/main/java/org/ciasaboark/tacere/activity/fragment/SelectCalendarsFragment.java;file:/src/main/java/org/ciasaboark/tacere/activity/fragment/SelectCalendarsFragment.java
SlowForLoop;DAAP;/Users/rar9993/repos/research/fdroid_apps/native_apps/Tacere/NONE_TRANSFORMED_;/src/main/java/org/ciasaboark/tacere/activity/fragment/AdvancedSettingsFragment.java;file:/src/main/java/org/ciasaboark/tacere/activity/fragment/AdvancedSettingsFragment.java
SlowForLoop;DAAP;/Users/rar9993/repos/research/fdroid_apps/native_apps/Tacere/NONE_TRANSFORMED_;/src/main/java/org/ciasaboark/tacere/manager/AlarmManagerWrapper.java;file:/src/main/java/org/ciasaboark/tacere/manager/AlarmManagerWrapper.java
NoLowMemoryResolver;DAAP;/Users/rar9993/repos/research/fdroid_apps/native_apps/Tacere/NONE_TRANSFORMED_;/src/fDroidFlavor/java/org/ciasaboark/tacere/activity/ProUpgradeActivity.java;file:/src/fDroidFlavor/java/org/ciasaboark/tacere/activity/ProUpgradeActivity.java
NoLowMemoryResolver;DAAP;/Users/rar9993/repos/research/fdroid_apps/native_apps/Tacere/NONE_TRANSFORMED_;/src/playStoreFlavor/java/org/ciasaboark/tacere/activity/ProUpgradeActivity.java;file:/src/playStoreFlavor/java/org/ciasaboark/tacere/activity/ProUpgradeActivity.java
NoLowMemoryResolver;DAAP;/Users/rar9993/repos/research/fdroid_apps/native_apps/Tacere/NONE_TRANSFORMED_;/src/playStoreFlavor/java/org/ciasaboark/tacere/activity/LicenseCheckWrapper.java;file:/src/playStoreFlavor/java/org/ciasaboark/tacere/activity/LicenseCheckWrapper.java
NoLowMemoryResolver;DAAP;/Users/rar9993/repos/research/fdroid_apps/native_apps/Tacere/NONE_TRANSFORMED_;/src/main/java/org/ciasaboark/tacere/widget/activity/WidgetPopupRinger.java;file:/src/main/java/org/ciasaboark/tacere/widget/activity/WidgetPopupRinger.java
NoLowMemoryResolver;DAAP;/Users/rar9993/repos/research/fdroid_apps/native_apps/Tacere/NONE_TRANSFORMED_;/src/main/java/org/ciasaboark/tacere/activity/AdvancedSettingsActivity.java;file:/src/main/java/org/ciasaboark/tacere/activity/AdvancedSettingsActivity.java
NoLowMemoryResolver;DAAP;/Users/rar9993/repos/research/fdroid_apps/native_apps/Tacere/NONE_TRANSFORMED_;/src/main/java/org/ciasaboark/tacere/activity/MainActivity.java;file:/src/main/java/org/ciasaboark/tacere/activity/MainActivity.java
NoLowMemoryResolver;DAAP;/Users/rar9993/repos/research/fdroid_apps/native_apps/Tacere/NONE_TRANSFORMED_;/src/main/java/org/ciasaboark/tacere/activity/BetaReleaseActivity.java;file:/src/main/java/org/ciasaboark/tacere/activity/BetaReleaseActivity.java
NoLowMemoryResolver;DAAP;/Users/rar9993/repos/research/fdroid_apps/native_apps/Tacere/NONE_TRANSFORMED_;/src/main/java/org/ciasaboark/tacere/activity/ShowUpdatesActivity.java;file:/src/main/java/org/ciasaboark/tacere/activity/ShowUpdatesActivity.java
NoLowMemoryResolver;DAAP;/Users/rar9993/repos/research/fdroid_apps/native_apps/Tacere/NONE_TRANSFORMED_;/src/main/java/org/ciasaboark/tacere/activity/BetaSettingsActivity.java;file:/src/main/java/org/ciasaboark/tacere/activity/BetaSettingsActivity.java
NoLowMemoryResolver;DAAP;/Users/rar9993/repos/research/fdroid_apps/native_apps/Tacere/NONE_TRANSFORMED_;/src/main/java/org/ciasaboark/tacere/activity/SelectCalendarsActivity.java;file:/src/main/java/org/ciasaboark/tacere/activity/SelectCalendarsActivity.java
NoLowMemoryResolver;DAAP;/Users/rar9993/repos/research/fdroid_apps/native_apps/Tacere/NONE_TRANSFORMED_;/src/main/java/org/ciasaboark/tacere/activity/TutorialActivity.java;file:/src/main/java/org/ciasaboark/tacere/activity/TutorialActivity.java
NoLowMemoryResolver;DAAP;/Users/rar9993/repos/research/fdroid_apps/native_apps/Tacere/NONE_TRANSFORMED_;/src/main/java/org/ciasaboark/tacere/activity/SettingsActivity.java;file:/src/main/java/org/ciasaboark/tacere/activity/SettingsActivity.java
StaticContext;DAAP;/Users/rar9993/repos/research/fdroid_apps/native_apps/Tacere/NONE_TRANSFORMED_;/src/main/java/org/ciasaboark/tacere/database/DatabaseInterface.java;file:/src/main/java/org/ciasaboark/tacere/database/DatabaseInterface.java
CollectionOfViews;DAAP;/Users/rar9993/repos/research/fdroid_apps/native_apps/Tacere/NONE_TRANSFORMED_;/src/main/java/org/ciasaboark/tacere/activity/fragment/EventsFragment.java;file:/src/main/java/org/ciasaboark/tacere/activity/fragment/EventsFragment.java
DroppedData;DAAP;/Users/rar9993/repos/research/fdroid_apps/native_apps/Tacere/NONE_TRANSFORMED_;/src/fDroidFlavor/java/org/ciasaboark/tacere/activity/ProUpgradeActivity.java;file:/src/fDroidFlavor/java/org/ciasaboark/tacere/activity/ProUpgradeActivity.java
DroppedData;DAAP;/Users/rar9993/repos/research/fdroid_apps/native_apps/Tacere/NONE_TRANSFORMED_;/src/fDroidFlavor/java/org/ciasaboark/tacere/activity/fragment/TutorialExtraFeaturesFragment.java;file:/src/fDroidFlavor/java/org/ciasaboark/tacere/activity/fragment/TutorialExtraFeaturesFragment.java
DroppedData;DAAP;/Users/rar9993/repos/research/fdroid_apps/native_apps/Tacere/NONE_TRANSFORMED_;/src/playStoreFlavor/java/org/ciasaboark/tacere/activity/ProUpgradeActivity.java;file:/src/playStoreFlavor/java/org/ciasaboark/tacere/activity/ProUpgradeActivity.java
DroppedData;DAAP;/Users/rar9993/repos/research/fdroid_apps/native_apps/Tacere/NONE_TRANSFORMED_;/src/playStoreFlavor/java/org/ciasaboark/tacere/activity/fragment/TutorialExtraFeaturesFragment.java;file:/src/playStoreFlavor/java/org/ciasaboark/tacere/activity/fragment/TutorialExtraFeaturesFragment.java
DroppedData;DAAP;/Users/rar9993/repos/research/fdroid_apps/native_apps/Tacere/NONE_TRANSFORMED_;/src/playStoreFlavor/java/org/ciasaboark/tacere/activity/LicenseCheckWrapper.java;file:/src/playStoreFlavor/java/org/ciasaboark/tacere/activity/LicenseCheckWrapper.java
DroppedData;DAAP;/Users/rar9993/repos/research/fdroid_apps/native_apps/Tacere/NONE_TRANSFORMED_;/src/main/java/org/ciasaboark/tacere/widget/activity/WidgetPopupRinger.java;file:/src/main/java/org/ciasaboark/tacere/widget/activity/WidgetPopupRinger.java
DroppedData;DAAP;/Users/rar9993/repos/research/fdroid_apps/native_apps/Tacere/NONE_TRANSFORMED_;/src/main/java/org/ciasaboark/tacere/activity/AdvancedSettingsActivity.java;file:/src/main/java/org/ciasaboark/tacere/activity/AdvancedSettingsActivity.java
DroppedData;DAAP;/Users/rar9993/repos/research/fdroid_apps/native_apps/Tacere/NONE_TRANSFORMED_;/src/main/java/org/ciasaboark/tacere/activity/MainActivity.java;file:/src/main/java/org/ciasaboark/tacere/activity/MainActivity.java
DroppedData;DAAP;/Users/rar9993/repos/research/fdroid_apps/native_apps/Tacere/NONE_TRANSFORMED_;/src/main/java/org/ciasaboark/tacere/activity/BetaReleaseActivity.java;file:/src/main/java/org/ciasaboark/tacere/activity/BetaReleaseActivity.java
DroppedData;DAAP;/Users/rar9993/repos/research/fdroid_apps/native_apps/Tacere/NONE_TRANSFORMED_;/src/main/java/org/ciasaboark/tacere/activity/ShowUpdatesActivity.java;file:/src/main/java/org/ciasaboark/tacere/activity/ShowUpdatesActivity.java
DroppedData;DAAP;/Users/rar9993/repos/research/fdroid_apps/native_apps/Tacere/NONE_TRANSFORMED_;/src/main/java/org/ciasaboark/tacere/activity/BetaSettingsActivity.java;file:/src/main/java/org/ciasaboark/tacere/activity/BetaSettingsActivity.java
DroppedData;DAAP;/Users/rar9993/repos/research/fdroid_apps/native_apps/Tacere/NONE_TRANSFORMED_;/src/main/java/org/ciasaboark/tacere/activity/fragment/EventDetailsFragment.java;file:/src/main/java/org/ciasaboark/tacere/activity/fragment/EventDetailsFragment.java
DroppedData;DAAP;/Users/rar9993/repos/research/fdroid_apps/native_apps/Tacere/NONE_TRANSFORMED_;/src/main/java/org/ciasaboark/tacere/activity/fragment/TutorialRingerPriorityFragment.java;file:/src/main/java/org/ciasaboark/tacere/activity/fragment/TutorialRingerPriorityFragment.java
DroppedData;DAAP;/Users/rar9993/repos/research/fdroid_apps/native_apps/Tacere/NONE_TRANSFORMED_;/src/main/java/org/ciasaboark/tacere/activity/fragment/BetaSettingsFragment.java;file:/src/main/java/org/ciasaboark/tacere/activity/fragment/BetaSettingsFragment.java
DroppedData;DAAP;/Users/rar9993/repos/research/fdroid_apps/native_apps/Tacere/NONE_TRANSFORMED_;/src/main/java/org/ciasaboark/tacere/activity/fragment/EventsFragment.java;file:/src/main/java/org/ciasaboark/tacere/activity/fragment/EventsFragment.java
DroppedData;DAAP;/Users/rar9993/repos/research/fdroid_apps/native_apps/Tacere/NONE_TRANSFORMED_;/src/main/java/org/ciasaboark/tacere/activity/fragment/SelectCalendarsFragment.java;file:/src/main/java/org/ciasaboark/tacere/activity/fragment/SelectCalendarsFragment.java
DroppedData;DAAP;/Users/rar9993/repos/research/fdroid_apps/native_apps/Tacere/NONE_TRANSFORMED_;/src/main/java/org/ciasaboark/tacere/activity/fragment/BugReportDialogFragment.java;file:/src/main/java/org/ciasaboark/tacere/activity/fragment/BugReportDialogFragment.java
DroppedData;DAAP;/Users/rar9993/repos/research/fdroid_apps/native_apps/Tacere/NONE_TRANSFORMED_;/src/main/java/org/ciasaboark/tacere/activity/fragment/SettingsFragment.java;file:/src/main/java/org/ciasaboark/tacere/activity/fragment/SettingsFragment.java
DroppedData;DAAP;/Users/rar9993/repos/research/fdroid_apps/native_apps/Tacere/NONE_TRANSFORMED_;/src/main/java/org/ciasaboark/tacere/activity/fragment/AboutLicenseFragment.java;file:/src/main/java/org/ciasaboark/tacere/activity/fragment/AboutLicenseFragment.java
DroppedData;DAAP;/Users/rar9993/repos/research/fdroid_apps/native_apps/Tacere/NONE_TRANSFORMED_;/src/main/java/org/ciasaboark/tacere/activity/fragment/AdvancedSettingsFragment.java;file:/src/main/java/org/ciasaboark/tacere/activity/fragment/AdvancedSettingsFragment.java
DroppedData;DAAP;/Users/rar9993/repos/research/fdroid_apps/native_apps/Tacere/NONE_TRANSFORMED_;/src/main/java/org/ciasaboark/tacere/activity/fragment/TutorialWelcomeFragment.java;file:/src/main/java/org/ciasaboark/tacere/activity/fragment/TutorialWelcomeFragment.java
DroppedData;DAAP;/Users/rar9993/repos/research/fdroid_apps/native_apps/Tacere/NONE_TRANSFORMED_;/src/main/java/org/ciasaboark/tacere/activity/fragment/AboutFragment.java;file:/src/main/java/org/ciasaboark/tacere/activity/fragment/AboutFragment.java
DroppedData;DAAP;/Users/rar9993/repos/research/fdroid_apps/native_apps/Tacere/NONE_TRANSFORMED_;/src/main/java/org/ciasaboark/tacere/activity/fragment/TutorialEventListFragment.java;file:/src/main/java/org/ciasaboark/tacere/activity/fragment/TutorialEventListFragment.java
DroppedData;DAAP;/Users/rar9993/repos/research/fdroid_apps/native_apps/Tacere/NONE_TRANSFORMED_;/src/main/java/org/ciasaboark/tacere/activity/fragment/TutorialCrashReporterFragment.java;file:/src/main/java/org/ciasaboark/tacere/activity/fragment/TutorialCrashReporterFragment.java
DroppedData;DAAP;/Users/rar9993/repos/research/fdroid_apps/native_apps/Tacere/NONE_TRANSFORMED_;/src/main/java/org/ciasaboark/tacere/activity/SelectCalendarsActivity.java;file:/src/main/java/org/ciasaboark/tacere/activity/SelectCalendarsActivity.java
DroppedData;DAAP;/Users/rar9993/repos/research/fdroid_apps/native_apps/Tacere/NONE_TRANSFORMED_;/src/main/java/org/ciasaboark/tacere/activity/TutorialActivity.java;file:/src/main/java/org/ciasaboark/tacere/activity/TutorialActivity.java
DroppedData;DAAP;/Users/rar9993/repos/research/fdroid_apps/native_apps/Tacere/NONE_TRANSFORMED_;/src/main/java/org/ciasaboark/tacere/activity/SettingsActivity.java;file:/src/main/java/org/ciasaboark/tacere/activity/SettingsActivity.java
