Issue;Tool;Project;File;Location
LeakingInnerClass;aDoctor;/Users/rar9993/repos/research/fdroid_apps/native_apps/Dashchan/NONE_TRANSFORMED_;/Users/rar9993/repos/research/fdroid_apps/native_apps/Dashchan/src/chan/util/StringUtils.java;file:/Users/rar9993/repos/research/fdroid_apps/native_apps/Dashchan/src/chan/util/StringUtils.java|class:chan.util.StringUtils
SlowForLoop;aDoctor;/Users/rar9993/repos/research/fdroid_apps/native_apps/Dashchan/NONE_TRANSFORMED_;/Users/rar9993/repos/research/fdroid_apps/native_apps/Dashchan/src/chan/util/StringUtils.java;file:/Users/rar9993/repos/research/fdroid_apps/native_apps/Dashchan/src/chan/util/StringUtils.java|class:chan.util.StringUtils
UnclosedCloseable;aDoctor;/Users/rar9993/repos/research/fdroid_apps/native_apps/Dashchan/NONE_TRANSFORMED_;/Users/rar9993/repos/research/fdroid_apps/native_apps/Dashchan/src/chan/util/StringUtils.java;file:/Users/rar9993/repos/research/fdroid_apps/native_apps/Dashchan/src/chan/util/StringUtils.java|class:chan.util.StringUtils
SlowForLoop;aDoctor;/Users/rar9993/repos/research/fdroid_apps/native_apps/Dashchan/NONE_TRANSFORMED_;/Users/rar9993/repos/research/fdroid_apps/native_apps/Dashchan/src/chan/util/CommonUtils.java;file:/Users/rar9993/repos/research/fdroid_apps/native_apps/Dashchan/src/chan/util/CommonUtils.java|class:chan.util.CommonUtils
DataTransmissionWithoutCompression;aDoctor;/Users/rar9993/repos/research/fdroid_apps/native_apps/Dashchan/NONE_TRANSFORMED_;/Users/rar9993/repos/research/fdroid_apps/native_apps/Dashchan/src/chan/util/DataFile.java;file:/Users/rar9993/repos/research/fdroid_apps/native_apps/Dashchan/src/chan/util/DataFile.java|class:chan.util.DataFile
MemberIgnoringMethod;aDoctor;/Users/rar9993/repos/research/fdroid_apps/native_apps/Dashchan/NONE_TRANSFORMED_;/Users/rar9993/repos/research/fdroid_apps/native_apps/Dashchan/src/chan/util/DataFile.java;file:/Users/rar9993/repos/research/fdroid_apps/native_apps/Dashchan/src/chan/util/DataFile.java|class:chan.util.DataFile
LeakingInnerClass;aDoctor;/Users/rar9993/repos/research/fdroid_apps/native_apps/Dashchan/NONE_TRANSFORMED_;/Users/rar9993/repos/research/fdroid_apps/native_apps/Dashchan/src/chan/content/ApiException.java;file:/Users/rar9993/repos/research/fdroid_apps/native_apps/Dashchan/src/chan/content/ApiException.java|class:chan.content.ApiException
MemberIgnoringMethod;aDoctor;/Users/rar9993/repos/research/fdroid_apps/native_apps/Dashchan/NONE_TRANSFORMED_;/Users/rar9993/repos/research/fdroid_apps/native_apps/Dashchan/src/chan/content/ApiException.java;file:/Users/rar9993/repos/research/fdroid_apps/native_apps/Dashchan/src/chan/content/ApiException.java|class:chan.content.ApiException
LeakingInnerClass;aDoctor;/Users/rar9993/repos/research/fdroid_apps/native_apps/Dashchan/NONE_TRANSFORMED_;/Users/rar9993/repos/research/fdroid_apps/native_apps/Dashchan/src/chan/content/Chan.java;file:/Users/rar9993/repos/research/fdroid_apps/native_apps/Dashchan/src/chan/content/Chan.java|class:chan.content.Chan
LeakingInnerClass;aDoctor;/Users/rar9993/repos/research/fdroid_apps/native_apps/Dashchan/NONE_TRANSFORMED_;/Users/rar9993/repos/research/fdroid_apps/native_apps/Dashchan/src/chan/content/ChanMarkup.java;file:/Users/rar9993/repos/research/fdroid_apps/native_apps/Dashchan/src/chan/content/ChanMarkup.java|class:chan.content.ChanMarkup
MemberIgnoringMethod;aDoctor;/Users/rar9993/repos/research/fdroid_apps/native_apps/Dashchan/NONE_TRANSFORMED_;/Users/rar9993/repos/research/fdroid_apps/native_apps/Dashchan/src/chan/content/ChanMarkup.java;file:/Users/rar9993/repos/research/fdroid_apps/native_apps/Dashchan/src/chan/content/ChanMarkup.java|class:chan.content.ChanMarkup
SlowForLoop;aDoctor;/Users/rar9993/repos/research/fdroid_apps/native_apps/Dashchan/NONE_TRANSFORMED_;/Users/rar9993/repos/research/fdroid_apps/native_apps/Dashchan/src/chan/content/ChanMarkup.java;file:/Users/rar9993/repos/research/fdroid_apps/native_apps/Dashchan/src/chan/content/ChanMarkup.java|class:chan.content.ChanMarkup
DataTransmissionWithoutCompression;aDoctor;/Users/rar9993/repos/research/fdroid_apps/native_apps/Dashchan/NONE_TRANSFORMED_;/Users/rar9993/repos/research/fdroid_apps/native_apps/Dashchan/src/chan/content/ChanConfiguration.java;file:/Users/rar9993/repos/research/fdroid_apps/native_apps/Dashchan/src/chan/content/ChanConfiguration.java|class:chan.content.ChanConfiguration
InternalGetterSetter;aDoctor;/Users/rar9993/repos/research/fdroid_apps/native_apps/Dashchan/NONE_TRANSFORMED_;/Users/rar9993/repos/research/fdroid_apps/native_apps/Dashchan/src/chan/content/ChanConfiguration.java;file:/Users/rar9993/repos/research/fdroid_apps/native_apps/Dashchan/src/chan/content/ChanConfiguration.java|class:chan.content.ChanConfiguration
MemberIgnoringMethod;aDoctor;/Users/rar9993/repos/research/fdroid_apps/native_apps/Dashchan/NONE_TRANSFORMED_;/Users/rar9993/repos/research/fdroid_apps/native_apps/Dashchan/src/chan/content/ChanConfiguration.java;file:/Users/rar9993/repos/research/fdroid_apps/native_apps/Dashchan/src/chan/content/ChanConfiguration.java|class:chan.content.ChanConfiguration
UnclosedCloseable;aDoctor;/Users/rar9993/repos/research/fdroid_apps/native_apps/Dashchan/NONE_TRANSFORMED_;/Users/rar9993/repos/research/fdroid_apps/native_apps/Dashchan/src/chan/content/ChanConfiguration.java;file:/Users/rar9993/repos/research/fdroid_apps/native_apps/Dashchan/src/chan/content/ChanConfiguration.java|class:chan.content.ChanConfiguration
LeakingInnerClass;aDoctor;/Users/rar9993/repos/research/fdroid_apps/native_apps/Dashchan/NONE_TRANSFORMED_;/Users/rar9993/repos/research/fdroid_apps/native_apps/Dashchan/src/chan/content/ChanPerformer.java;file:/Users/rar9993/repos/research/fdroid_apps/native_apps/Dashchan/src/chan/content/ChanPerformer.java|class:chan.content.ChanPerformer
MemberIgnoringMethod;aDoctor;/Users/rar9993/repos/research/fdroid_apps/native_apps/Dashchan/NONE_TRANSFORMED_;/Users/rar9993/repos/research/fdroid_apps/native_apps/Dashchan/src/chan/content/ChanPerformer.java;file:/Users/rar9993/repos/research/fdroid_apps/native_apps/Dashchan/src/chan/content/ChanPerformer.java|class:chan.content.ChanPerformer
SlowForLoop;aDoctor;/Users/rar9993/repos/research/fdroid_apps/native_apps/Dashchan/NONE_TRANSFORMED_;/Users/rar9993/repos/research/fdroid_apps/native_apps/Dashchan/src/chan/content/ChanPerformer.java;file:/Users/rar9993/repos/research/fdroid_apps/native_apps/Dashchan/src/chan/content/ChanPerformer.java|class:chan.content.ChanPerformer
DataTransmissionWithoutCompression;aDoctor;/Users/rar9993/repos/research/fdroid_apps/native_apps/Dashchan/NONE_TRANSFORMED_;/Users/rar9993/repos/research/fdroid_apps/native_apps/Dashchan/src/chan/content/ChanManager.java;file:/Users/rar9993/repos/research/fdroid_apps/native_apps/Dashchan/src/chan/content/ChanManager.java|class:chan.content.ChanManager
LeakingInnerClass;aDoctor;/Users/rar9993/repos/research/fdroid_apps/native_apps/Dashchan/NONE_TRANSFORMED_;/Users/rar9993/repos/research/fdroid_apps/native_apps/Dashchan/src/chan/content/ChanManager.java;file:/Users/rar9993/repos/research/fdroid_apps/native_apps/Dashchan/src/chan/content/ChanManager.java|class:chan.content.ChanManager
MemberIgnoringMethod;aDoctor;/Users/rar9993/repos/research/fdroid_apps/native_apps/Dashchan/NONE_TRANSFORMED_;/Users/rar9993/repos/research/fdroid_apps/native_apps/Dashchan/src/chan/content/ChanManager.java;file:/Users/rar9993/repos/research/fdroid_apps/native_apps/Dashchan/src/chan/content/ChanManager.java|class:chan.content.ChanManager
MemberIgnoringMethod;aDoctor;/Users/rar9993/repos/research/fdroid_apps/native_apps/Dashchan/NONE_TRANSFORMED_;/Users/rar9993/repos/research/fdroid_apps/native_apps/Dashchan/src/chan/content/ChanLocator.java;file:/Users/rar9993/repos/research/fdroid_apps/native_apps/Dashchan/src/chan/content/ChanLocator.java|class:chan.content.ChanLocator
SlowForLoop;aDoctor;/Users/rar9993/repos/research/fdroid_apps/native_apps/Dashchan/NONE_TRANSFORMED_;/Users/rar9993/repos/research/fdroid_apps/native_apps/Dashchan/src/chan/content/ChanLocator.java;file:/Users/rar9993/repos/research/fdroid_apps/native_apps/Dashchan/src/chan/content/ChanLocator.java|class:chan.content.ChanLocator
DataTransmissionWithoutCompression;aDoctor;/Users/rar9993/repos/research/fdroid_apps/native_apps/Dashchan/NONE_TRANSFORMED_;/Users/rar9993/repos/research/fdroid_apps/native_apps/Dashchan/src/chan/content/model/Post.java;file:/Users/rar9993/repos/research/fdroid_apps/native_apps/Dashchan/src/chan/content/model/Post.java|class:chan.content.model.Post
MemberIgnoringMethod;aDoctor;/Users/rar9993/repos/research/fdroid_apps/native_apps/Dashchan/NONE_TRANSFORMED_;/Users/rar9993/repos/research/fdroid_apps/native_apps/Dashchan/src/chan/content/model/Post.java;file:/Users/rar9993/repos/research/fdroid_apps/native_apps/Dashchan/src/chan/content/model/Post.java|class:chan.content.model.Post
MemberIgnoringMethod;aDoctor;/Users/rar9993/repos/research/fdroid_apps/native_apps/Dashchan/NONE_TRANSFORMED_;/Users/rar9993/repos/research/fdroid_apps/native_apps/Dashchan/src/chan/content/model/Posts.java;file:/Users/rar9993/repos/research/fdroid_apps/native_apps/Dashchan/src/chan/content/model/Posts.java|class:chan.content.model.Posts
SlowForLoop;aDoctor;/Users/rar9993/repos/research/fdroid_apps/native_apps/Dashchan/NONE_TRANSFORMED_;/Users/rar9993/repos/research/fdroid_apps/native_apps/Dashchan/src/chan/content/model/Posts.java;file:/Users/rar9993/repos/research/fdroid_apps/native_apps/Dashchan/src/chan/content/model/Posts.java|class:chan.content.model.Posts
MemberIgnoringMethod;aDoctor;/Users/rar9993/repos/research/fdroid_apps/native_apps/Dashchan/NONE_TRANSFORMED_;/Users/rar9993/repos/research/fdroid_apps/native_apps/Dashchan/src/chan/content/model/FileAttachment.java;file:/Users/rar9993/repos/research/fdroid_apps/native_apps/Dashchan/src/chan/content/model/FileAttachment.java|class:chan.content.model.FileAttachment
LeakingInnerClass;aDoctor;/Users/rar9993/repos/research/fdroid_apps/native_apps/Dashchan/NONE_TRANSFORMED_;/Users/rar9993/repos/research/fdroid_apps/native_apps/Dashchan/src/chan/http/FirewallResolver.java;file:/Users/rar9993/repos/research/fdroid_apps/native_apps/Dashchan/src/chan/http/FirewallResolver.java|class:chan.http.FirewallResolver
DataTransmissionWithoutCompression;aDoctor;/Users/rar9993/repos/research/fdroid_apps/native_apps/Dashchan/NONE_TRANSFORMED_;/Users/rar9993/repos/research/fdroid_apps/native_apps/Dashchan/src/chan/http/MultipartEntity.java;file:/Users/rar9993/repos/research/fdroid_apps/native_apps/Dashchan/src/chan/http/MultipartEntity.java|class:chan.http.MultipartEntity
LeakingInnerClass;aDoctor;/Users/rar9993/repos/research/fdroid_apps/native_apps/Dashchan/NONE_TRANSFORMED_;/Users/rar9993/repos/research/fdroid_apps/native_apps/Dashchan/src/chan/http/MultipartEntity.java;file:/Users/rar9993/repos/research/fdroid_apps/native_apps/Dashchan/src/chan/http/MultipartEntity.java|class:chan.http.MultipartEntity
MemberIgnoringMethod;aDoctor;/Users/rar9993/repos/research/fdroid_apps/native_apps/Dashchan/NONE_TRANSFORMED_;/Users/rar9993/repos/research/fdroid_apps/native_apps/Dashchan/src/chan/http/MultipartEntity.java;file:/Users/rar9993/repos/research/fdroid_apps/native_apps/Dashchan/src/chan/http/MultipartEntity.java|class:chan.http.MultipartEntity
SlowForLoop;aDoctor;/Users/rar9993/repos/research/fdroid_apps/native_apps/Dashchan/NONE_TRANSFORMED_;/Users/rar9993/repos/research/fdroid_apps/native_apps/Dashchan/src/chan/http/MultipartEntity.java;file:/Users/rar9993/repos/research/fdroid_apps/native_apps/Dashchan/src/chan/http/MultipartEntity.java|class:chan.http.MultipartEntity
InternalGetterSetter;aDoctor;/Users/rar9993/repos/research/fdroid_apps/native_apps/Dashchan/NONE_TRANSFORMED_;/Users/rar9993/repos/research/fdroid_apps/native_apps/Dashchan/src/chan/http/SimpleEntity.java;file:/Users/rar9993/repos/research/fdroid_apps/native_apps/Dashchan/src/chan/http/SimpleEntity.java|class:chan.http.SimpleEntity
MemberIgnoringMethod;aDoctor;/Users/rar9993/repos/research/fdroid_apps/native_apps/Dashchan/NONE_TRANSFORMED_;/Users/rar9993/repos/research/fdroid_apps/native_apps/Dashchan/src/chan/http/SimpleEntity.java;file:/Users/rar9993/repos/research/fdroid_apps/native_apps/Dashchan/src/chan/http/SimpleEntity.java|class:chan.http.SimpleEntity
LeakingInnerClass;aDoctor;/Users/rar9993/repos/research/fdroid_apps/native_apps/Dashchan/NONE_TRANSFORMED_;/Users/rar9993/repos/research/fdroid_apps/native_apps/Dashchan/src/chan/http/InetSocket.java;file:/Users/rar9993/repos/research/fdroid_apps/native_apps/Dashchan/src/chan/http/InetSocket.java|class:chan.http.InetSocket
LeakingInnerClass;aDoctor;/Users/rar9993/repos/research/fdroid_apps/native_apps/Dashchan/NONE_TRANSFORMED_;/Users/rar9993/repos/research/fdroid_apps/native_apps/Dashchan/src/chan/http/ChanFileOpenable.java;file:/Users/rar9993/repos/research/fdroid_apps/native_apps/Dashchan/src/chan/http/ChanFileOpenable.java|class:chan.http.ChanFileOpenable
MemberIgnoringMethod;aDoctor;/Users/rar9993/repos/research/fdroid_apps/native_apps/Dashchan/NONE_TRANSFORMED_;/Users/rar9993/repos/research/fdroid_apps/native_apps/Dashchan/src/chan/http/ChanFileOpenable.java;file:/Users/rar9993/repos/research/fdroid_apps/native_apps/Dashchan/src/chan/http/ChanFileOpenable.java|class:chan.http.ChanFileOpenable
SlowForLoop;aDoctor;/Users/rar9993/repos/research/fdroid_apps/native_apps/Dashchan/NONE_TRANSFORMED_;/Users/rar9993/repos/research/fdroid_apps/native_apps/Dashchan/src/chan/http/ChanFileOpenable.java;file:/Users/rar9993/repos/research/fdroid_apps/native_apps/Dashchan/src/chan/http/ChanFileOpenable.java|class:chan.http.ChanFileOpenable
MemberIgnoringMethod;aDoctor;/Users/rar9993/repos/research/fdroid_apps/native_apps/Dashchan/NONE_TRANSFORMED_;/Users/rar9993/repos/research/fdroid_apps/native_apps/Dashchan/src/chan/http/CookieBuilder.java;file:/Users/rar9993/repos/research/fdroid_apps/native_apps/Dashchan/src/chan/http/CookieBuilder.java|class:chan.http.CookieBuilder
SlowForLoop;aDoctor;/Users/rar9993/repos/research/fdroid_apps/native_apps/Dashchan/NONE_TRANSFORMED_;/Users/rar9993/repos/research/fdroid_apps/native_apps/Dashchan/src/chan/http/CookieBuilder.java;file:/Users/rar9993/repos/research/fdroid_apps/native_apps/Dashchan/src/chan/http/CookieBuilder.java|class:chan.http.CookieBuilder
LeakingInnerClass;aDoctor;/Users/rar9993/repos/research/fdroid_apps/native_apps/Dashchan/NONE_TRANSFORMED_;/Users/rar9993/repos/research/fdroid_apps/native_apps/Dashchan/src/chan/http/HttpHolder.java;file:/Users/rar9993/repos/research/fdroid_apps/native_apps/Dashchan/src/chan/http/HttpHolder.java|class:chan.http.HttpHolder
MemberIgnoringMethod;aDoctor;/Users/rar9993/repos/research/fdroid_apps/native_apps/Dashchan/NONE_TRANSFORMED_;/Users/rar9993/repos/research/fdroid_apps/native_apps/Dashchan/src/chan/http/HttpHolder.java;file:/Users/rar9993/repos/research/fdroid_apps/native_apps/Dashchan/src/chan/http/HttpHolder.java|class:chan.http.HttpHolder
LeakingInnerClass;aDoctor;/Users/rar9993/repos/research/fdroid_apps/native_apps/Dashchan/NONE_TRANSFORMED_;/Users/rar9993/repos/research/fdroid_apps/native_apps/Dashchan/src/chan/http/WebSocket.java;file:/Users/rar9993/repos/research/fdroid_apps/native_apps/Dashchan/src/chan/http/WebSocket.java|class:chan.http.WebSocket
MemberIgnoringMethod;aDoctor;/Users/rar9993/repos/research/fdroid_apps/native_apps/Dashchan/NONE_TRANSFORMED_;/Users/rar9993/repos/research/fdroid_apps/native_apps/Dashchan/src/chan/http/WebSocket.java;file:/Users/rar9993/repos/research/fdroid_apps/native_apps/Dashchan/src/chan/http/WebSocket.java|class:chan.http.WebSocket
SlowForLoop;aDoctor;/Users/rar9993/repos/research/fdroid_apps/native_apps/Dashchan/NONE_TRANSFORMED_;/Users/rar9993/repos/research/fdroid_apps/native_apps/Dashchan/src/chan/http/WebSocket.java;file:/Users/rar9993/repos/research/fdroid_apps/native_apps/Dashchan/src/chan/http/WebSocket.java|class:chan.http.WebSocket
MemberIgnoringMethod;aDoctor;/Users/rar9993/repos/research/fdroid_apps/native_apps/Dashchan/NONE_TRANSFORMED_;/Users/rar9993/repos/research/fdroid_apps/native_apps/Dashchan/src/chan/http/HttpValidator.java;file:/Users/rar9993/repos/research/fdroid_apps/native_apps/Dashchan/src/chan/http/HttpValidator.java|class:chan.http.HttpValidator
LeakingInnerClass;aDoctor;/Users/rar9993/repos/research/fdroid_apps/native_apps/Dashchan/NONE_TRANSFORMED_;/Users/rar9993/repos/research/fdroid_apps/native_apps/Dashchan/src/chan/http/HttpClient.java;file:/Users/rar9993/repos/research/fdroid_apps/native_apps/Dashchan/src/chan/http/HttpClient.java|class:chan.http.HttpClient
MemberIgnoringMethod;aDoctor;/Users/rar9993/repos/research/fdroid_apps/native_apps/Dashchan/NONE_TRANSFORMED_;/Users/rar9993/repos/research/fdroid_apps/native_apps/Dashchan/src/chan/http/HttpClient.java;file:/Users/rar9993/repos/research/fdroid_apps/native_apps/Dashchan/src/chan/http/HttpClient.java|class:chan.http.HttpClient
SlowForLoop;aDoctor;/Users/rar9993/repos/research/fdroid_apps/native_apps/Dashchan/NONE_TRANSFORMED_;/Users/rar9993/repos/research/fdroid_apps/native_apps/Dashchan/src/chan/http/HttpClient.java;file:/Users/rar9993/repos/research/fdroid_apps/native_apps/Dashchan/src/chan/http/HttpClient.java|class:chan.http.HttpClient
InternalGetterSetter;aDoctor;/Users/rar9993/repos/research/fdroid_apps/native_apps/Dashchan/NONE_TRANSFORMED_;/Users/rar9993/repos/research/fdroid_apps/native_apps/Dashchan/src/chan/http/HttpSession.java;file:/Users/rar9993/repos/research/fdroid_apps/native_apps/Dashchan/src/chan/http/HttpSession.java|class:chan.http.HttpSession
MemberIgnoringMethod;aDoctor;/Users/rar9993/repos/research/fdroid_apps/native_apps/Dashchan/NONE_TRANSFORMED_;/Users/rar9993/repos/research/fdroid_apps/native_apps/Dashchan/src/chan/http/HttpSession.java;file:/Users/rar9993/repos/research/fdroid_apps/native_apps/Dashchan/src/chan/http/HttpSession.java|class:chan.http.HttpSession
InternalGetterSetter;aDoctor;/Users/rar9993/repos/research/fdroid_apps/native_apps/Dashchan/NONE_TRANSFORMED_;/Users/rar9993/repos/research/fdroid_apps/native_apps/Dashchan/src/chan/http/HttpRequest.java;file:/Users/rar9993/repos/research/fdroid_apps/native_apps/Dashchan/src/chan/http/HttpRequest.java|class:chan.http.HttpRequest
LeakingInnerClass;aDoctor;/Users/rar9993/repos/research/fdroid_apps/native_apps/Dashchan/NONE_TRANSFORMED_;/Users/rar9993/repos/research/fdroid_apps/native_apps/Dashchan/src/chan/http/HttpRequest.java;file:/Users/rar9993/repos/research/fdroid_apps/native_apps/Dashchan/src/chan/http/HttpRequest.java|class:chan.http.HttpRequest
MemberIgnoringMethod;aDoctor;/Users/rar9993/repos/research/fdroid_apps/native_apps/Dashchan/NONE_TRANSFORMED_;/Users/rar9993/repos/research/fdroid_apps/native_apps/Dashchan/src/chan/http/HttpRequest.java;file:/Users/rar9993/repos/research/fdroid_apps/native_apps/Dashchan/src/chan/http/HttpRequest.java|class:chan.http.HttpRequest
InternalGetterSetter;aDoctor;/Users/rar9993/repos/research/fdroid_apps/native_apps/Dashchan/NONE_TRANSFORMED_;/Users/rar9993/repos/research/fdroid_apps/native_apps/Dashchan/src/chan/http/UrlEncodedEntity.java;file:/Users/rar9993/repos/research/fdroid_apps/native_apps/Dashchan/src/chan/http/UrlEncodedEntity.java|class:chan.http.UrlEncodedEntity
MemberIgnoringMethod;aDoctor;/Users/rar9993/repos/research/fdroid_apps/native_apps/Dashchan/NONE_TRANSFORMED_;/Users/rar9993/repos/research/fdroid_apps/native_apps/Dashchan/src/chan/http/UrlEncodedEntity.java;file:/Users/rar9993/repos/research/fdroid_apps/native_apps/Dashchan/src/chan/http/UrlEncodedEntity.java|class:chan.http.UrlEncodedEntity
SlowForLoop;aDoctor;/Users/rar9993/repos/research/fdroid_apps/native_apps/Dashchan/NONE_TRANSFORMED_;/Users/rar9993/repos/research/fdroid_apps/native_apps/Dashchan/src/chan/http/UrlEncodedEntity.java;file:/Users/rar9993/repos/research/fdroid_apps/native_apps/Dashchan/src/chan/http/UrlEncodedEntity.java|class:chan.http.UrlEncodedEntity
MemberIgnoringMethod;aDoctor;/Users/rar9993/repos/research/fdroid_apps/native_apps/Dashchan/NONE_TRANSFORMED_;/Users/rar9993/repos/research/fdroid_apps/native_apps/Dashchan/src/chan/http/HttpResponse.java;file:/Users/rar9993/repos/research/fdroid_apps/native_apps/Dashchan/src/chan/http/HttpResponse.java|class:chan.http.HttpResponse
SlowForLoop;aDoctor;/Users/rar9993/repos/research/fdroid_apps/native_apps/Dashchan/NONE_TRANSFORMED_;/Users/rar9993/repos/research/fdroid_apps/native_apps/Dashchan/src/chan/http/HttpResponse.java;file:/Users/rar9993/repos/research/fdroid_apps/native_apps/Dashchan/src/chan/http/HttpResponse.java|class:chan.http.HttpResponse
LeakingInnerClass;aDoctor;/Users/rar9993/repos/research/fdroid_apps/native_apps/Dashchan/NONE_TRANSFORMED_;/Users/rar9993/repos/research/fdroid_apps/native_apps/Dashchan/src/chan/text/GroupParser.java;file:/Users/rar9993/repos/research/fdroid_apps/native_apps/Dashchan/src/chan/text/GroupParser.java|class:chan.text.GroupParser
MemberIgnoringMethod;aDoctor;/Users/rar9993/repos/research/fdroid_apps/native_apps/Dashchan/NONE_TRANSFORMED_;/Users/rar9993/repos/research/fdroid_apps/native_apps/Dashchan/src/chan/text/GroupParser.java;file:/Users/rar9993/repos/research/fdroid_apps/native_apps/Dashchan/src/chan/text/GroupParser.java|class:chan.text.GroupParser
SlowForLoop;aDoctor;/Users/rar9993/repos/research/fdroid_apps/native_apps/Dashchan/NONE_TRANSFORMED_;/Users/rar9993/repos/research/fdroid_apps/native_apps/Dashchan/src/chan/text/GroupParser.java;file:/Users/rar9993/repos/research/fdroid_apps/native_apps/Dashchan/src/chan/text/GroupParser.java|class:chan.text.GroupParser
MemberIgnoringMethod;aDoctor;/Users/rar9993/repos/research/fdroid_apps/native_apps/Dashchan/NONE_TRANSFORMED_;/Users/rar9993/repos/research/fdroid_apps/native_apps/Dashchan/src/chan/text/CommentEditor.java;file:/Users/rar9993/repos/research/fdroid_apps/native_apps/Dashchan/src/chan/text/CommentEditor.java|class:chan.text.CommentEditor
SlowForLoop;aDoctor;/Users/rar9993/repos/research/fdroid_apps/native_apps/Dashchan/NONE_TRANSFORMED_;/Users/rar9993/repos/research/fdroid_apps/native_apps/Dashchan/src/chan/text/CommentEditor.java;file:/Users/rar9993/repos/research/fdroid_apps/native_apps/Dashchan/src/chan/text/CommentEditor.java|class:chan.text.CommentEditor
LeakingInnerClass;aDoctor;/Users/rar9993/repos/research/fdroid_apps/native_apps/Dashchan/NONE_TRANSFORMED_;/Users/rar9993/repos/research/fdroid_apps/native_apps/Dashchan/src/chan/text/TemplateParser.java;file:/Users/rar9993/repos/research/fdroid_apps/native_apps/Dashchan/src/chan/text/TemplateParser.java|class:chan.text.TemplateParser
MemberIgnoringMethod;aDoctor;/Users/rar9993/repos/research/fdroid_apps/native_apps/Dashchan/NONE_TRANSFORMED_;/Users/rar9993/repos/research/fdroid_apps/native_apps/Dashchan/src/chan/text/TemplateParser.java;file:/Users/rar9993/repos/research/fdroid_apps/native_apps/Dashchan/src/chan/text/TemplateParser.java|class:chan.text.TemplateParser
SlowForLoop;aDoctor;/Users/rar9993/repos/research/fdroid_apps/native_apps/Dashchan/NONE_TRANSFORMED_;/Users/rar9993/repos/research/fdroid_apps/native_apps/Dashchan/src/chan/text/TemplateParser.java;file:/Users/rar9993/repos/research/fdroid_apps/native_apps/Dashchan/src/chan/text/TemplateParser.java|class:chan.text.TemplateParser
LeakingInnerClass;aDoctor;/Users/rar9993/repos/research/fdroid_apps/native_apps/Dashchan/NONE_TRANSFORMED_;/Users/rar9993/repos/research/fdroid_apps/native_apps/Dashchan/src/chan/text/JsonSerial.java;file:/Users/rar9993/repos/research/fdroid_apps/native_apps/Dashchan/src/chan/text/JsonSerial.java|class:chan.text.JsonSerial
LeakingInnerClass;aDoctor;/Users/rar9993/repos/research/fdroid_apps/native_apps/Dashchan/NONE_TRANSFORMED_;/Users/rar9993/repos/research/fdroid_apps/native_apps/Dashchan/src/com/mishiranu/dashchan/ui/FragmentHandler.java;file:/Users/rar9993/repos/research/fdroid_apps/native_apps/Dashchan/src/com/mishiranu/dashchan/ui/FragmentHandler.java|class:com.mishiranu.dashchan.ui.FragmentHandler
LeakingInnerClass;aDoctor;/Users/rar9993/repos/research/fdroid_apps/native_apps/Dashchan/NONE_TRANSFORMED_;/Users/rar9993/repos/research/fdroid_apps/native_apps/Dashchan/src/com/mishiranu/dashchan/ui/InstanceDialog.java;file:/Users/rar9993/repos/research/fdroid_apps/native_apps/Dashchan/src/com/mishiranu/dashchan/ui/InstanceDialog.java|class:com.mishiranu.dashchan.ui.InstanceDialog
MemberIgnoringMethod;aDoctor;/Users/rar9993/repos/research/fdroid_apps/native_apps/Dashchan/NONE_TRANSFORMED_;/Users/rar9993/repos/research/fdroid_apps/native_apps/Dashchan/src/com/mishiranu/dashchan/ui/InstanceDialog.java;file:/Users/rar9993/repos/research/fdroid_apps/native_apps/Dashchan/src/com/mishiranu/dashchan/ui/InstanceDialog.java|class:com.mishiranu.dashchan.ui.InstanceDialog
NoLowMemoryResolver;aDoctor;/Users/rar9993/repos/research/fdroid_apps/native_apps/Dashchan/NONE_TRANSFORMED_;/Users/rar9993/repos/research/fdroid_apps/native_apps/Dashchan/src/com/mishiranu/dashchan/ui/InstanceDialog.java;file:/Users/rar9993/repos/research/fdroid_apps/native_apps/Dashchan/src/com/mishiranu/dashchan/ui/InstanceDialog.java|class:com.mishiranu.dashchan.ui.InstanceDialog
SlowForLoop;aDoctor;/Users/rar9993/repos/research/fdroid_apps/native_apps/Dashchan/NONE_TRANSFORMED_;/Users/rar9993/repos/research/fdroid_apps/native_apps/Dashchan/src/com/mishiranu/dashchan/ui/ExtensionsTrustLoop.java;file:/Users/rar9993/repos/research/fdroid_apps/native_apps/Dashchan/src/com/mishiranu/dashchan/ui/ExtensionsTrustLoop.java|class:com.mishiranu.dashchan.ui.ExtensionsTrustLoop
MemberIgnoringMethod;aDoctor;/Users/rar9993/repos/research/fdroid_apps/native_apps/Dashchan/NONE_TRANSFORMED_;/Users/rar9993/repos/research/fdroid_apps/native_apps/Dashchan/src/com/mishiranu/dashchan/ui/StateActivity.java;file:/Users/rar9993/repos/research/fdroid_apps/native_apps/Dashchan/src/com/mishiranu/dashchan/ui/StateActivity.java|class:com.mishiranu.dashchan.ui.StateActivity
NoLowMemoryResolver;aDoctor;/Users/rar9993/repos/research/fdroid_apps/native_apps/Dashchan/NONE_TRANSFORMED_;/Users/rar9993/repos/research/fdroid_apps/native_apps/Dashchan/src/com/mishiranu/dashchan/ui/StateActivity.java;file:/Users/rar9993/repos/research/fdroid_apps/native_apps/Dashchan/src/com/mishiranu/dashchan/ui/StateActivity.java|class:com.mishiranu.dashchan.ui.StateActivity
LeakingInnerClass;aDoctor;/Users/rar9993/repos/research/fdroid_apps/native_apps/Dashchan/NONE_TRANSFORMED_;/Users/rar9993/repos/research/fdroid_apps/native_apps/Dashchan/src/com/mishiranu/dashchan/ui/ThemeDialog.java;file:/Users/rar9993/repos/research/fdroid_apps/native_apps/Dashchan/src/com/mishiranu/dashchan/ui/ThemeDialog.java|class:com.mishiranu.dashchan.ui.ThemeDialog
NoLowMemoryResolver;aDoctor;/Users/rar9993/repos/research/fdroid_apps/native_apps/Dashchan/NONE_TRANSFORMED_;/Users/rar9993/repos/research/fdroid_apps/native_apps/Dashchan/src/com/mishiranu/dashchan/ui/ThemeDialog.java;file:/Users/rar9993/repos/research/fdroid_apps/native_apps/Dashchan/src/com/mishiranu/dashchan/ui/ThemeDialog.java|class:com.mishiranu.dashchan.ui.ThemeDialog
DataTransmissionWithoutCompression;aDoctor;/Users/rar9993/repos/research/fdroid_apps/native_apps/Dashchan/NONE_TRANSFORMED_;/Users/rar9993/repos/research/fdroid_apps/native_apps/Dashchan/src/com/mishiranu/dashchan/ui/MainActivity.java;file:/Users/rar9993/repos/research/fdroid_apps/native_apps/Dashchan/src/com/mishiranu/dashchan/ui/MainActivity.java|class:com.mishiranu.dashchan.ui.MainActivity
LeakingInnerClass;aDoctor;/Users/rar9993/repos/research/fdroid_apps/native_apps/Dashchan/NONE_TRANSFORMED_;/Users/rar9993/repos/research/fdroid_apps/native_apps/Dashchan/src/com/mishiranu/dashchan/ui/MainActivity.java;file:/Users/rar9993/repos/research/fdroid_apps/native_apps/Dashchan/src/com/mishiranu/dashchan/ui/MainActivity.java|class:com.mishiranu.dashchan.ui.MainActivity
LeakingThread;aDoctor;/Users/rar9993/repos/research/fdroid_apps/native_apps/Dashchan/NONE_TRANSFORMED_;/Users/rar9993/repos/research/fdroid_apps/native_apps/Dashchan/src/com/mishiranu/dashchan/ui/MainActivity.java;file:/Users/rar9993/repos/research/fdroid_apps/native_apps/Dashchan/src/com/mishiranu/dashchan/ui/MainActivity.java|class:com.mishiranu.dashchan.ui.MainActivity
MemberIgnoringMethod;aDoctor;/Users/rar9993/repos/research/fdroid_apps/native_apps/Dashchan/NONE_TRANSFORMED_;/Users/rar9993/repos/research/fdroid_apps/native_apps/Dashchan/src/com/mishiranu/dashchan/ui/MainActivity.java;file:/Users/rar9993/repos/research/fdroid_apps/native_apps/Dashchan/src/com/mishiranu/dashchan/ui/MainActivity.java|class:com.mishiranu.dashchan.ui.MainActivity
SlowForLoop;aDoctor;/Users/rar9993/repos/research/fdroid_apps/native_apps/Dashchan/NONE_TRANSFORMED_;/Users/rar9993/repos/research/fdroid_apps/native_apps/Dashchan/src/com/mishiranu/dashchan/ui/MainActivity.java;file:/Users/rar9993/repos/research/fdroid_apps/native_apps/Dashchan/src/com/mishiranu/dashchan/ui/MainActivity.java|class:com.mishiranu.dashchan.ui.MainActivity
InternalGetterSetter;aDoctor;/Users/rar9993/repos/research/fdroid_apps/native_apps/Dashchan/NONE_TRANSFORMED_;/Users/rar9993/repos/research/fdroid_apps/native_apps/Dashchan/src/com/mishiranu/dashchan/ui/DialogMenu.java;file:/Users/rar9993/repos/research/fdroid_apps/native_apps/Dashchan/src/com/mishiranu/dashchan/ui/DialogMenu.java|class:com.mishiranu.dashchan.ui.DialogMenu
LeakingThread;aDoctor;/Users/rar9993/repos/research/fdroid_apps/native_apps/Dashchan/NONE_TRANSFORMED_;/Users/rar9993/repos/research/fdroid_apps/native_apps/Dashchan/src/com/mishiranu/dashchan/ui/DialogMenu.java;file:/Users/rar9993/repos/research/fdroid_apps/native_apps/Dashchan/src/com/mishiranu/dashchan/ui/DialogMenu.java|class:com.mishiranu.dashchan.ui.DialogMenu
MemberIgnoringMethod;aDoctor;/Users/rar9993/repos/research/fdroid_apps/native_apps/Dashchan/NONE_TRANSFORMED_;/Users/rar9993/repos/research/fdroid_apps/native_apps/Dashchan/src/com/mishiranu/dashchan/ui/DialogMenu.java;file:/Users/rar9993/repos/research/fdroid_apps/native_apps/Dashchan/src/com/mishiranu/dashchan/ui/DialogMenu.java|class:com.mishiranu.dashchan.ui.DialogMenu
MemberIgnoringMethod;aDoctor;/Users/rar9993/repos/research/fdroid_apps/native_apps/Dashchan/NONE_TRANSFORMED_;/Users/rar9993/repos/research/fdroid_apps/native_apps/Dashchan/src/com/mishiranu/dashchan/ui/ContentFragment.java;file:/Users/rar9993/repos/research/fdroid_apps/native_apps/Dashchan/src/com/mishiranu/dashchan/ui/ContentFragment.java|class:com.mishiranu.dashchan.ui.ContentFragment
NoLowMemoryResolver;aDoctor;/Users/rar9993/repos/research/fdroid_apps/native_apps/Dashchan/NONE_TRANSFORMED_;/Users/rar9993/repos/research/fdroid_apps/native_apps/Dashchan/src/com/mishiranu/dashchan/ui/ContentFragment.java;file:/Users/rar9993/repos/research/fdroid_apps/native_apps/Dashchan/src/com/mishiranu/dashchan/ui/ContentFragment.java|class:com.mishiranu.dashchan.ui.ContentFragment
SlowForLoop;aDoctor;/Users/rar9993/repos/research/fdroid_apps/native_apps/Dashchan/NONE_TRANSFORMED_;/Users/rar9993/repos/research/fdroid_apps/native_apps/Dashchan/src/com/mishiranu/dashchan/ui/ContentFragment.java;file:/Users/rar9993/repos/research/fdroid_apps/native_apps/Dashchan/src/com/mishiranu/dashchan/ui/ContentFragment.java|class:com.mishiranu.dashchan.ui.ContentFragment
UnclosedCloseable;aDoctor;/Users/rar9993/repos/research/fdroid_apps/native_apps/Dashchan/NONE_TRANSFORMED_;/Users/rar9993/repos/research/fdroid_apps/native_apps/Dashchan/src/com/mishiranu/dashchan/ui/ContentFragment.java;file:/Users/rar9993/repos/research/fdroid_apps/native_apps/Dashchan/src/com/mishiranu/dashchan/ui/ContentFragment.java|class:com.mishiranu.dashchan.ui.ContentFragment
InternalGetterSetter;aDoctor;/Users/rar9993/repos/research/fdroid_apps/native_apps/Dashchan/NONE_TRANSFORMED_;/Users/rar9993/repos/research/fdroid_apps/native_apps/Dashchan/src/com/mishiranu/dashchan/ui/ForegroundManager.java;file:/Users/rar9993/repos/research/fdroid_apps/native_apps/Dashchan/src/com/mishiranu/dashchan/ui/ForegroundManager.java|class:com.mishiranu.dashchan.ui.ForegroundManager
LeakingInnerClass;aDoctor;/Users/rar9993/repos/research/fdroid_apps/native_apps/Dashchan/NONE_TRANSFORMED_;/Users/rar9993/repos/research/fdroid_apps/native_apps/Dashchan/src/com/mishiranu/dashchan/ui/ForegroundManager.java;file:/Users/rar9993/repos/research/fdroid_apps/native_apps/Dashchan/src/com/mishiranu/dashchan/ui/ForegroundManager.java|class:com.mishiranu.dashchan.ui.ForegroundManager
MemberIgnoringMethod;aDoctor;/Users/rar9993/repos/research/fdroid_apps/native_apps/Dashchan/NONE_TRANSFORMED_;/Users/rar9993/repos/research/fdroid_apps/native_apps/Dashchan/src/com/mishiranu/dashchan/ui/ForegroundManager.java;file:/Users/rar9993/repos/research/fdroid_apps/native_apps/Dashchan/src/com/mishiranu/dashchan/ui/ForegroundManager.java|class:com.mishiranu.dashchan.ui.ForegroundManager
SlowForLoop;aDoctor;/Users/rar9993/repos/research/fdroid_apps/native_apps/Dashchan/NONE_TRANSFORMED_;/Users/rar9993/repos/research/fdroid_apps/native_apps/Dashchan/src/com/mishiranu/dashchan/ui/ForegroundManager.java;file:/Users/rar9993/repos/research/fdroid_apps/native_apps/Dashchan/src/com/mishiranu/dashchan/ui/ForegroundManager.java|class:com.mishiranu.dashchan.ui.ForegroundManager
LeakingInnerClass;aDoctor;/Users/rar9993/repos/research/fdroid_apps/native_apps/Dashchan/NONE_TRANSFORMED_;/Users/rar9993/repos/research/fdroid_apps/native_apps/Dashchan/src/com/mishiranu/dashchan/ui/DrawerForm.java;file:/Users/rar9993/repos/research/fdroid_apps/native_apps/Dashchan/src/com/mishiranu/dashchan/ui/DrawerForm.java|class:com.mishiranu.dashchan.ui.DrawerForm
MemberIgnoringMethod;aDoctor;/Users/rar9993/repos/research/fdroid_apps/native_apps/Dashchan/NONE_TRANSFORMED_;/Users/rar9993/repos/research/fdroid_apps/native_apps/Dashchan/src/com/mishiranu/dashchan/ui/DrawerForm.java;file:/Users/rar9993/repos/research/fdroid_apps/native_apps/Dashchan/src/com/mishiranu/dashchan/ui/DrawerForm.java|class:com.mishiranu.dashchan.ui.DrawerForm
SlowForLoop;aDoctor;/Users/rar9993/repos/research/fdroid_apps/native_apps/Dashchan/NONE_TRANSFORMED_;/Users/rar9993/repos/research/fdroid_apps/native_apps/Dashchan/src/com/mishiranu/dashchan/ui/DrawerForm.java;file:/Users/rar9993/repos/research/fdroid_apps/native_apps/Dashchan/src/com/mishiranu/dashchan/ui/DrawerForm.java|class:com.mishiranu.dashchan.ui.DrawerForm
LeakingInnerClass;aDoctor;/Users/rar9993/repos/research/fdroid_apps/native_apps/Dashchan/NONE_TRANSFORMED_;/Users/rar9993/repos/research/fdroid_apps/native_apps/Dashchan/src/com/mishiranu/dashchan/ui/StackItem.java;file:/Users/rar9993/repos/research/fdroid_apps/native_apps/Dashchan/src/com/mishiranu/dashchan/ui/StackItem.java|class:com.mishiranu.dashchan.ui.StackItem
MemberIgnoringMethod;aDoctor;/Users/rar9993/repos/research/fdroid_apps/native_apps/Dashchan/NONE_TRANSFORMED_;/Users/rar9993/repos/research/fdroid_apps/native_apps/Dashchan/src/com/mishiranu/dashchan/ui/StackItem.java;file:/Users/rar9993/repos/research/fdroid_apps/native_apps/Dashchan/src/com/mishiranu/dashchan/ui/StackItem.java|class:com.mishiranu.dashchan.ui.StackItem
MemberIgnoringMethod;aDoctor;/Users/rar9993/repos/research/fdroid_apps/native_apps/Dashchan/NONE_TRANSFORMED_;/Users/rar9993/repos/research/fdroid_apps/native_apps/Dashchan/src/com/mishiranu/dashchan/ui/SearchImageDialog.java;file:/Users/rar9993/repos/research/fdroid_apps/native_apps/Dashchan/src/com/mishiranu/dashchan/ui/SearchImageDialog.java|class:com.mishiranu.dashchan.ui.SearchImageDialog
NoLowMemoryResolver;aDoctor;/Users/rar9993/repos/research/fdroid_apps/native_apps/Dashchan/NONE_TRANSFORMED_;/Users/rar9993/repos/research/fdroid_apps/native_apps/Dashchan/src/com/mishiranu/dashchan/ui/SearchImageDialog.java;file:/Users/rar9993/repos/research/fdroid_apps/native_apps/Dashchan/src/com/mishiranu/dashchan/ui/SearchImageDialog.java|class:com.mishiranu.dashchan.ui.SearchImageDialog
DataTransmissionWithoutCompression;aDoctor;/Users/rar9993/repos/research/fdroid_apps/native_apps/Dashchan/NONE_TRANSFORMED_;/Users/rar9993/repos/research/fdroid_apps/native_apps/Dashchan/src/com/mishiranu/dashchan/ui/DownloadDialog.java;file:/Users/rar9993/repos/research/fdroid_apps/native_apps/Dashchan/src/com/mishiranu/dashchan/ui/DownloadDialog.java|class:com.mishiranu.dashchan.ui.DownloadDialog
LeakingInnerClass;aDoctor;/Users/rar9993/repos/research/fdroid_apps/native_apps/Dashchan/NONE_TRANSFORMED_;/Users/rar9993/repos/research/fdroid_apps/native_apps/Dashchan/src/com/mishiranu/dashchan/ui/DownloadDialog.java;file:/Users/rar9993/repos/research/fdroid_apps/native_apps/Dashchan/src/com/mishiranu/dashchan/ui/DownloadDialog.java|class:com.mishiranu.dashchan.ui.DownloadDialog
LeakingThread;aDoctor;/Users/rar9993/repos/research/fdroid_apps/native_apps/Dashchan/NONE_TRANSFORMED_;/Users/rar9993/repos/research/fdroid_apps/native_apps/Dashchan/src/com/mishiranu/dashchan/ui/DownloadDialog.java;file:/Users/rar9993/repos/research/fdroid_apps/native_apps/Dashchan/src/com/mishiranu/dashchan/ui/DownloadDialog.java|class:com.mishiranu.dashchan.ui.DownloadDialog
MemberIgnoringMethod;aDoctor;/Users/rar9993/repos/research/fdroid_apps/native_apps/Dashchan/NONE_TRANSFORMED_;/Users/rar9993/repos/research/fdroid_apps/native_apps/Dashchan/src/com/mishiranu/dashchan/ui/DownloadDialog.java;file:/Users/rar9993/repos/research/fdroid_apps/native_apps/Dashchan/src/com/mishiranu/dashchan/ui/DownloadDialog.java|class:com.mishiranu.dashchan.ui.DownloadDialog
SlowForLoop;aDoctor;/Users/rar9993/repos/research/fdroid_apps/native_apps/Dashchan/NONE_TRANSFORMED_;/Users/rar9993/repos/research/fdroid_apps/native_apps/Dashchan/src/com/mishiranu/dashchan/ui/DownloadDialog.java;file:/Users/rar9993/repos/research/fdroid_apps/native_apps/Dashchan/src/com/mishiranu/dashchan/ui/DownloadDialog.java|class:com.mishiranu.dashchan.ui.DownloadDialog
LeakingThread;aDoctor;/Users/rar9993/repos/research/fdroid_apps/native_apps/Dashchan/NONE_TRANSFORMED_;/Users/rar9993/repos/research/fdroid_apps/native_apps/Dashchan/src/com/mishiranu/dashchan/ui/AudioPlayerDialog.java;file:/Users/rar9993/repos/research/fdroid_apps/native_apps/Dashchan/src/com/mishiranu/dashchan/ui/AudioPlayerDialog.java|class:com.mishiranu.dashchan.ui.AudioPlayerDialog
MemberIgnoringMethod;aDoctor;/Users/rar9993/repos/research/fdroid_apps/native_apps/Dashchan/NONE_TRANSFORMED_;/Users/rar9993/repos/research/fdroid_apps/native_apps/Dashchan/src/com/mishiranu/dashchan/ui/AudioPlayerDialog.java;file:/Users/rar9993/repos/research/fdroid_apps/native_apps/Dashchan/src/com/mishiranu/dashchan/ui/AudioPlayerDialog.java|class:com.mishiranu.dashchan.ui.AudioPlayerDialog
NoLowMemoryResolver;aDoctor;/Users/rar9993/repos/research/fdroid_apps/native_apps/Dashchan/NONE_TRANSFORMED_;/Users/rar9993/repos/research/fdroid_apps/native_apps/Dashchan/src/com/mishiranu/dashchan/ui/AudioPlayerDialog.java;file:/Users/rar9993/repos/research/fdroid_apps/native_apps/Dashchan/src/com/mishiranu/dashchan/ui/AudioPlayerDialog.java|class:com.mishiranu.dashchan.ui.AudioPlayerDialog
LeakingInnerClass;aDoctor;/Users/rar9993/repos/research/fdroid_apps/native_apps/Dashchan/NONE_TRANSFORMED_;/Users/rar9993/repos/research/fdroid_apps/native_apps/Dashchan/src/com/mishiranu/dashchan/ui/CaptchaForm.java;file:/Users/rar9993/repos/research/fdroid_apps/native_apps/Dashchan/src/com/mishiranu/dashchan/ui/CaptchaForm.java|class:com.mishiranu.dashchan.ui.CaptchaForm
LeakingInnerClass;aDoctor;/Users/rar9993/repos/research/fdroid_apps/native_apps/Dashchan/NONE_TRANSFORMED_;/Users/rar9993/repos/research/fdroid_apps/native_apps/Dashchan/src/com/mishiranu/dashchan/ui/BrowserFragment.java;file:/Users/rar9993/repos/research/fdroid_apps/native_apps/Dashchan/src/com/mishiranu/dashchan/ui/BrowserFragment.java|class:com.mishiranu.dashchan.ui.BrowserFragment
MemberIgnoringMethod;aDoctor;/Users/rar9993/repos/research/fdroid_apps/native_apps/Dashchan/NONE_TRANSFORMED_;/Users/rar9993/repos/research/fdroid_apps/native_apps/Dashchan/src/com/mishiranu/dashchan/ui/BrowserFragment.java;file:/Users/rar9993/repos/research/fdroid_apps/native_apps/Dashchan/src/com/mishiranu/dashchan/ui/BrowserFragment.java|class:com.mishiranu.dashchan.ui.BrowserFragment
UnclosedCloseable;aDoctor;/Users/rar9993/repos/research/fdroid_apps/native_apps/Dashchan/NONE_TRANSFORMED_;/Users/rar9993/repos/research/fdroid_apps/native_apps/Dashchan/src/com/mishiranu/dashchan/ui/BrowserFragment.java;file:/Users/rar9993/repos/research/fdroid_apps/native_apps/Dashchan/src/com/mishiranu/dashchan/ui/BrowserFragment.java|class:com.mishiranu.dashchan.ui.BrowserFragment
DataTransmissionWithoutCompression;aDoctor;/Users/rar9993/repos/research/fdroid_apps/native_apps/Dashchan/NONE_TRANSFORMED_;/Users/rar9993/repos/research/fdroid_apps/native_apps/Dashchan/src/com/mishiranu/dashchan/ui/gallery/PagerUnit.java;file:/Users/rar9993/repos/research/fdroid_apps/native_apps/Dashchan/src/com/mishiranu/dashchan/ui/gallery/PagerUnit.java|class:com.mishiranu.dashchan.ui.gallery.PagerUnit
LeakingInnerClass;aDoctor;/Users/rar9993/repos/research/fdroid_apps/native_apps/Dashchan/NONE_TRANSFORMED_;/Users/rar9993/repos/research/fdroid_apps/native_apps/Dashchan/src/com/mishiranu/dashchan/ui/gallery/PagerUnit.java;file:/Users/rar9993/repos/research/fdroid_apps/native_apps/Dashchan/src/com/mishiranu/dashchan/ui/gallery/PagerUnit.java|class:com.mishiranu.dashchan.ui.gallery.PagerUnit
SlowForLoop;aDoctor;/Users/rar9993/repos/research/fdroid_apps/native_apps/Dashchan/NONE_TRANSFORMED_;/Users/rar9993/repos/research/fdroid_apps/native_apps/Dashchan/src/com/mishiranu/dashchan/ui/gallery/PagerUnit.java;file:/Users/rar9993/repos/research/fdroid_apps/native_apps/Dashchan/src/com/mishiranu/dashchan/ui/gallery/PagerUnit.java|class:com.mishiranu.dashchan.ui.gallery.PagerUnit
LeakingInnerClass;aDoctor;/Users/rar9993/repos/research/fdroid_apps/native_apps/Dashchan/NONE_TRANSFORMED_;/Users/rar9993/repos/research/fdroid_apps/native_apps/Dashchan/src/com/mishiranu/dashchan/ui/gallery/GalleryOverlay.java;file:/Users/rar9993/repos/research/fdroid_apps/native_apps/Dashchan/src/com/mishiranu/dashchan/ui/gallery/GalleryOverlay.java|class:com.mishiranu.dashchan.ui.gallery.GalleryOverlay
LeakingThread;aDoctor;/Users/rar9993/repos/research/fdroid_apps/native_apps/Dashchan/NONE_TRANSFORMED_;/Users/rar9993/repos/research/fdroid_apps/native_apps/Dashchan/src/com/mishiranu/dashchan/ui/gallery/GalleryOverlay.java;file:/Users/rar9993/repos/research/fdroid_apps/native_apps/Dashchan/src/com/mishiranu/dashchan/ui/gallery/GalleryOverlay.java|class:com.mishiranu.dashchan.ui.gallery.GalleryOverlay
MemberIgnoringMethod;aDoctor;/Users/rar9993/repos/research/fdroid_apps/native_apps/Dashchan/NONE_TRANSFORMED_;/Users/rar9993/repos/research/fdroid_apps/native_apps/Dashchan/src/com/mishiranu/dashchan/ui/gallery/GalleryOverlay.java;file:/Users/rar9993/repos/research/fdroid_apps/native_apps/Dashchan/src/com/mishiranu/dashchan/ui/gallery/GalleryOverlay.java|class:com.mishiranu.dashchan.ui.gallery.GalleryOverlay
NoLowMemoryResolver;aDoctor;/Users/rar9993/repos/research/fdroid_apps/native_apps/Dashchan/NONE_TRANSFORMED_;/Users/rar9993/repos/research/fdroid_apps/native_apps/Dashchan/src/com/mishiranu/dashchan/ui/gallery/GalleryOverlay.java;file:/Users/rar9993/repos/research/fdroid_apps/native_apps/Dashchan/src/com/mishiranu/dashchan/ui/gallery/GalleryOverlay.java|class:com.mishiranu.dashchan.ui.gallery.GalleryOverlay
SlowForLoop;aDoctor;/Users/rar9993/repos/research/fdroid_apps/native_apps/Dashchan/NONE_TRANSFORMED_;/Users/rar9993/repos/research/fdroid_apps/native_apps/Dashchan/src/com/mishiranu/dashchan/ui/gallery/GalleryOverlay.java;file:/Users/rar9993/repos/research/fdroid_apps/native_apps/Dashchan/src/com/mishiranu/dashchan/ui/gallery/GalleryOverlay.java|class:com.mishiranu.dashchan.ui.gallery.GalleryOverlay
UnclosedCloseable;aDoctor;/Users/rar9993/repos/research/fdroid_apps/native_apps/Dashchan/NONE_TRANSFORMED_;/Users/rar9993/repos/research/fdroid_apps/native_apps/Dashchan/src/com/mishiranu/dashchan/ui/gallery/GalleryOverlay.java;file:/Users/rar9993/repos/research/fdroid_apps/native_apps/Dashchan/src/com/mishiranu/dashchan/ui/gallery/GalleryOverlay.java|class:com.mishiranu.dashchan.ui.gallery.GalleryOverlay
LeakingInnerClass;aDoctor;/Users/rar9993/repos/research/fdroid_apps/native_apps/Dashchan/NONE_TRANSFORMED_;/Users/rar9993/repos/research/fdroid_apps/native_apps/Dashchan/src/com/mishiranu/dashchan/ui/gallery/ListUnit.java;file:/Users/rar9993/repos/research/fdroid_apps/native_apps/Dashchan/src/com/mishiranu/dashchan/ui/gallery/ListUnit.java|class:com.mishiranu.dashchan.ui.gallery.ListUnit
MemberIgnoringMethod;aDoctor;/Users/rar9993/repos/research/fdroid_apps/native_apps/Dashchan/NONE_TRANSFORMED_;/Users/rar9993/repos/research/fdroid_apps/native_apps/Dashchan/src/com/mishiranu/dashchan/ui/gallery/ListUnit.java;file:/Users/rar9993/repos/research/fdroid_apps/native_apps/Dashchan/src/com/mishiranu/dashchan/ui/gallery/ListUnit.java|class:com.mishiranu.dashchan.ui.gallery.ListUnit
SlowForLoop;aDoctor;/Users/rar9993/repos/research/fdroid_apps/native_apps/Dashchan/NONE_TRANSFORMED_;/Users/rar9993/repos/research/fdroid_apps/native_apps/Dashchan/src/com/mishiranu/dashchan/ui/gallery/ListUnit.java;file:/Users/rar9993/repos/research/fdroid_apps/native_apps/Dashchan/src/com/mishiranu/dashchan/ui/gallery/ListUnit.java|class:com.mishiranu.dashchan.ui.gallery.ListUnit
UnclosedCloseable;aDoctor;/Users/rar9993/repos/research/fdroid_apps/native_apps/Dashchan/NONE_TRANSFORMED_;/Users/rar9993/repos/research/fdroid_apps/native_apps/Dashchan/src/com/mishiranu/dashchan/ui/gallery/ListUnit.java;file:/Users/rar9993/repos/research/fdroid_apps/native_apps/Dashchan/src/com/mishiranu/dashchan/ui/gallery/ListUnit.java|class:com.mishiranu.dashchan.ui.gallery.ListUnit
LeakingInnerClass;aDoctor;/Users/rar9993/repos/research/fdroid_apps/native_apps/Dashchan/NONE_TRANSFORMED_;/Users/rar9993/repos/research/fdroid_apps/native_apps/Dashchan/src/com/mishiranu/dashchan/ui/gallery/GalleryDialog.java;file:/Users/rar9993/repos/research/fdroid_apps/native_apps/Dashchan/src/com/mishiranu/dashchan/ui/gallery/GalleryDialog.java|class:com.mishiranu.dashchan.ui.gallery.GalleryDialog
MemberIgnoringMethod;aDoctor;/Users/rar9993/repos/research/fdroid_apps/native_apps/Dashchan/NONE_TRANSFORMED_;/Users/rar9993/repos/research/fdroid_apps/native_apps/Dashchan/src/com/mishiranu/dashchan/ui/gallery/GalleryDialog.java;file:/Users/rar9993/repos/research/fdroid_apps/native_apps/Dashchan/src/com/mishiranu/dashchan/ui/gallery/GalleryDialog.java|class:com.mishiranu.dashchan.ui.gallery.GalleryDialog
UnclosedCloseable;aDoctor;/Users/rar9993/repos/research/fdroid_apps/native_apps/Dashchan/NONE_TRANSFORMED_;/Users/rar9993/repos/research/fdroid_apps/native_apps/Dashchan/src/com/mishiranu/dashchan/ui/gallery/GalleryDialog.java;file:/Users/rar9993/repos/research/fdroid_apps/native_apps/Dashchan/src/com/mishiranu/dashchan/ui/gallery/GalleryDialog.java|class:com.mishiranu.dashchan.ui.gallery.GalleryDialog
DataTransmissionWithoutCompression;aDoctor;/Users/rar9993/repos/research/fdroid_apps/native_apps/Dashchan/NONE_TRANSFORMED_;/Users/rar9993/repos/research/fdroid_apps/native_apps/Dashchan/src/com/mishiranu/dashchan/ui/gallery/ImageUnit.java;file:/Users/rar9993/repos/research/fdroid_apps/native_apps/Dashchan/src/com/mishiranu/dashchan/ui/gallery/ImageUnit.java|class:com.mishiranu.dashchan.ui.gallery.ImageUnit
LeakingInnerClass;aDoctor;/Users/rar9993/repos/research/fdroid_apps/native_apps/Dashchan/NONE_TRANSFORMED_;/Users/rar9993/repos/research/fdroid_apps/native_apps/Dashchan/src/com/mishiranu/dashchan/ui/gallery/ImageUnit.java;file:/Users/rar9993/repos/research/fdroid_apps/native_apps/Dashchan/src/com/mishiranu/dashchan/ui/gallery/ImageUnit.java|class:com.mishiranu.dashchan.ui.gallery.ImageUnit
LeakingThread;aDoctor;/Users/rar9993/repos/research/fdroid_apps/native_apps/Dashchan/NONE_TRANSFORMED_;/Users/rar9993/repos/research/fdroid_apps/native_apps/Dashchan/src/com/mishiranu/dashchan/ui/gallery/ImageUnit.java;file:/Users/rar9993/repos/research/fdroid_apps/native_apps/Dashchan/src/com/mishiranu/dashchan/ui/gallery/ImageUnit.java|class:com.mishiranu.dashchan.ui.gallery.ImageUnit
MemberIgnoringMethod;aDoctor;/Users/rar9993/repos/research/fdroid_apps/native_apps/Dashchan/NONE_TRANSFORMED_;/Users/rar9993/repos/research/fdroid_apps/native_apps/Dashchan/src/com/mishiranu/dashchan/ui/gallery/ImageUnit.java;file:/Users/rar9993/repos/research/fdroid_apps/native_apps/Dashchan/src/com/mishiranu/dashchan/ui/gallery/ImageUnit.java|class:com.mishiranu.dashchan.ui.gallery.ImageUnit
DataTransmissionWithoutCompression;aDoctor;/Users/rar9993/repos/research/fdroid_apps/native_apps/Dashchan/NONE_TRANSFORMED_;/Users/rar9993/repos/research/fdroid_apps/native_apps/Dashchan/src/com/mishiranu/dashchan/ui/gallery/VideoUnit.java;file:/Users/rar9993/repos/research/fdroid_apps/native_apps/Dashchan/src/com/mishiranu/dashchan/ui/gallery/VideoUnit.java|class:com.mishiranu.dashchan.ui.gallery.VideoUnit
WakeLock;aDoctor;/Users/rar9993/repos/research/fdroid_apps/native_apps/Dashchan/NONE_TRANSFORMED_;/Users/rar9993/repos/research/fdroid_apps/native_apps/Dashchan/src/com/mishiranu/dashchan/ui/gallery/VideoUnit.java;file:/Users/rar9993/repos/research/fdroid_apps/native_apps/Dashchan/src/com/mishiranu/dashchan/ui/gallery/VideoUnit.java|class:com.mishiranu.dashchan.ui.gallery.VideoUnit
LeakingInnerClass;aDoctor;/Users/rar9993/repos/research/fdroid_apps/native_apps/Dashchan/NONE_TRANSFORMED_;/Users/rar9993/repos/research/fdroid_apps/native_apps/Dashchan/src/com/mishiranu/dashchan/ui/gallery/VideoUnit.java;file:/Users/rar9993/repos/research/fdroid_apps/native_apps/Dashchan/src/com/mishiranu/dashchan/ui/gallery/VideoUnit.java|class:com.mishiranu.dashchan.ui.gallery.VideoUnit
LeakingThread;aDoctor;/Users/rar9993/repos/research/fdroid_apps/native_apps/Dashchan/NONE_TRANSFORMED_;/Users/rar9993/repos/research/fdroid_apps/native_apps/Dashchan/src/com/mishiranu/dashchan/ui/gallery/VideoUnit.java;file:/Users/rar9993/repos/research/fdroid_apps/native_apps/Dashchan/src/com/mishiranu/dashchan/ui/gallery/VideoUnit.java|class:com.mishiranu.dashchan.ui.gallery.VideoUnit
MemberIgnoringMethod;aDoctor;/Users/rar9993/repos/research/fdroid_apps/native_apps/Dashchan/NONE_TRANSFORMED_;/Users/rar9993/repos/research/fdroid_apps/native_apps/Dashchan/src/com/mishiranu/dashchan/ui/gallery/VideoUnit.java;file:/Users/rar9993/repos/research/fdroid_apps/native_apps/Dashchan/src/com/mishiranu/dashchan/ui/gallery/VideoUnit.java|class:com.mishiranu.dashchan.ui.gallery.VideoUnit
LeakingInnerClass;aDoctor;/Users/rar9993/repos/research/fdroid_apps/native_apps/Dashchan/NONE_TRANSFORMED_;/Users/rar9993/repos/research/fdroid_apps/native_apps/Dashchan/src/com/mishiranu/dashchan/ui/gallery/GalleryInstance.java;file:/Users/rar9993/repos/research/fdroid_apps/native_apps/Dashchan/src/com/mishiranu/dashchan/ui/gallery/GalleryInstance.java|class:com.mishiranu.dashchan.ui.gallery.GalleryInstance
LeakingInnerClass;aDoctor;/Users/rar9993/repos/research/fdroid_apps/native_apps/Dashchan/NONE_TRANSFORMED_;/Users/rar9993/repos/research/fdroid_apps/native_apps/Dashchan/src/com/mishiranu/dashchan/ui/gallery/PagerInstance.java;file:/Users/rar9993/repos/research/fdroid_apps/native_apps/Dashchan/src/com/mishiranu/dashchan/ui/gallery/PagerInstance.java|class:com.mishiranu.dashchan.ui.gallery.PagerInstance
MemberIgnoringMethod;aDoctor;/Users/rar9993/repos/research/fdroid_apps/native_apps/Dashchan/NONE_TRANSFORMED_;/Users/rar9993/repos/research/fdroid_apps/native_apps/Dashchan/src/com/mishiranu/dashchan/ui/preference/ChanFragment.java;file:/Users/rar9993/repos/research/fdroid_apps/native_apps/Dashchan/src/com/mishiranu/dashchan/ui/preference/ChanFragment.java|class:com.mishiranu.dashchan.ui.preference.ChanFragment
NoLowMemoryResolver;aDoctor;/Users/rar9993/repos/research/fdroid_apps/native_apps/Dashchan/NONE_TRANSFORMED_;/Users/rar9993/repos/research/fdroid_apps/native_apps/Dashchan/src/com/mishiranu/dashchan/ui/preference/ChanFragment.java;file:/Users/rar9993/repos/research/fdroid_apps/native_apps/Dashchan/src/com/mishiranu/dashchan/ui/preference/ChanFragment.java|class:com.mishiranu.dashchan.ui.preference.ChanFragment
LeakingInnerClass;aDoctor;/Users/rar9993/repos/research/fdroid_apps/native_apps/Dashchan/NONE_TRANSFORMED_;/Users/rar9993/repos/research/fdroid_apps/native_apps/Dashchan/src/com/mishiranu/dashchan/ui/preference/AutohideFragment.java;file:/Users/rar9993/repos/research/fdroid_apps/native_apps/Dashchan/src/com/mishiranu/dashchan/ui/preference/AutohideFragment.java|class:com.mishiranu.dashchan.ui.preference.AutohideFragment
MemberIgnoringMethod;aDoctor;/Users/rar9993/repos/research/fdroid_apps/native_apps/Dashchan/NONE_TRANSFORMED_;/Users/rar9993/repos/research/fdroid_apps/native_apps/Dashchan/src/com/mishiranu/dashchan/ui/preference/AutohideFragment.java;file:/Users/rar9993/repos/research/fdroid_apps/native_apps/Dashchan/src/com/mishiranu/dashchan/ui/preference/AutohideFragment.java|class:com.mishiranu.dashchan.ui.preference.AutohideFragment
SlowForLoop;aDoctor;/Users/rar9993/repos/research/fdroid_apps/native_apps/Dashchan/NONE_TRANSFORMED_;/Users/rar9993/repos/research/fdroid_apps/native_apps/Dashchan/src/com/mishiranu/dashchan/ui/preference/AutohideFragment.java;file:/Users/rar9993/repos/research/fdroid_apps/native_apps/Dashchan/src/com/mishiranu/dashchan/ui/preference/AutohideFragment.java|class:com.mishiranu.dashchan.ui.preference.AutohideFragment
UnclosedCloseable;aDoctor;/Users/rar9993/repos/research/fdroid_apps/native_apps/Dashchan/NONE_TRANSFORMED_;/Users/rar9993/repos/research/fdroid_apps/native_apps/Dashchan/src/com/mishiranu/dashchan/ui/preference/AutohideFragment.java;file:/Users/rar9993/repos/research/fdroid_apps/native_apps/Dashchan/src/com/mishiranu/dashchan/ui/preference/AutohideFragment.java|class:com.mishiranu.dashchan.ui.preference.AutohideFragment
MemberIgnoringMethod;aDoctor;/Users/rar9993/repos/research/fdroid_apps/native_apps/Dashchan/NONE_TRANSFORMED_;/Users/rar9993/repos/research/fdroid_apps/native_apps/Dashchan/src/com/mishiranu/dashchan/ui/preference/GeneralFragment.java;file:/Users/rar9993/repos/research/fdroid_apps/native_apps/Dashchan/src/com/mishiranu/dashchan/ui/preference/GeneralFragment.java|class:com.mishiranu.dashchan.ui.preference.GeneralFragment
NoLowMemoryResolver;aDoctor;/Users/rar9993/repos/research/fdroid_apps/native_apps/Dashchan/NONE_TRANSFORMED_;/Users/rar9993/repos/research/fdroid_apps/native_apps/Dashchan/src/com/mishiranu/dashchan/ui/preference/GeneralFragment.java;file:/Users/rar9993/repos/research/fdroid_apps/native_apps/Dashchan/src/com/mishiranu/dashchan/ui/preference/GeneralFragment.java|class:com.mishiranu.dashchan.ui.preference.GeneralFragment
MemberIgnoringMethod;aDoctor;/Users/rar9993/repos/research/fdroid_apps/native_apps/Dashchan/NONE_TRANSFORMED_;/Users/rar9993/repos/research/fdroid_apps/native_apps/Dashchan/src/com/mishiranu/dashchan/ui/preference/CompatibilityFragment.java;file:/Users/rar9993/repos/research/fdroid_apps/native_apps/Dashchan/src/com/mishiranu/dashchan/ui/preference/CompatibilityFragment.java|class:com.mishiranu.dashchan.ui.preference.CompatibilityFragment
NoLowMemoryResolver;aDoctor;/Users/rar9993/repos/research/fdroid_apps/native_apps/Dashchan/NONE_TRANSFORMED_;/Users/rar9993/repos/research/fdroid_apps/native_apps/Dashchan/src/com/mishiranu/dashchan/ui/preference/CompatibilityFragment.java;file:/Users/rar9993/repos/research/fdroid_apps/native_apps/Dashchan/src/com/mishiranu/dashchan/ui/preference/CompatibilityFragment.java|class:com.mishiranu.dashchan.ui.preference.CompatibilityFragment
MemberIgnoringMethod;aDoctor;/Users/rar9993/repos/research/fdroid_apps/native_apps/Dashchan/NONE_TRANSFORMED_;/Users/rar9993/repos/research/fdroid_apps/native_apps/Dashchan/src/com/mishiranu/dashchan/ui/preference/InterfaceFragment.java;file:/Users/rar9993/repos/research/fdroid_apps/native_apps/Dashchan/src/com/mishiranu/dashchan/ui/preference/InterfaceFragment.java|class:com.mishiranu.dashchan.ui.preference.InterfaceFragment
NoLowMemoryResolver;aDoctor;/Users/rar9993/repos/research/fdroid_apps/native_apps/Dashchan/NONE_TRANSFORMED_;/Users/rar9993/repos/research/fdroid_apps/native_apps/Dashchan/src/com/mishiranu/dashchan/ui/preference/InterfaceFragment.java;file:/Users/rar9993/repos/research/fdroid_apps/native_apps/Dashchan/src/com/mishiranu/dashchan/ui/preference/InterfaceFragment.java|class:com.mishiranu.dashchan.ui.preference.InterfaceFragment
LeakingThread;aDoctor;/Users/rar9993/repos/research/fdroid_apps/native_apps/Dashchan/NONE_TRANSFORMED_;/Users/rar9993/repos/research/fdroid_apps/native_apps/Dashchan/src/com/mishiranu/dashchan/ui/preference/MediaFragment.java;file:/Users/rar9993/repos/research/fdroid_apps/native_apps/Dashchan/src/com/mishiranu/dashchan/ui/preference/MediaFragment.java|class:com.mishiranu.dashchan.ui.preference.MediaFragment
MemberIgnoringMethod;aDoctor;/Users/rar9993/repos/research/fdroid_apps/native_apps/Dashchan/NONE_TRANSFORMED_;/Users/rar9993/repos/research/fdroid_apps/native_apps/Dashchan/src/com/mishiranu/dashchan/ui/preference/MediaFragment.java;file:/Users/rar9993/repos/research/fdroid_apps/native_apps/Dashchan/src/com/mishiranu/dashchan/ui/preference/MediaFragment.java|class:com.mishiranu.dashchan.ui.preference.MediaFragment
NoLowMemoryResolver;aDoctor;/Users/rar9993/repos/research/fdroid_apps/native_apps/Dashchan/NONE_TRANSFORMED_;/Users/rar9993/repos/research/fdroid_apps/native_apps/Dashchan/src/com/mishiranu/dashchan/ui/preference/MediaFragment.java;file:/Users/rar9993/repos/research/fdroid_apps/native_apps/Dashchan/src/com/mishiranu/dashchan/ui/preference/MediaFragment.java|class:com.mishiranu.dashchan.ui.preference.MediaFragment
UnclosedCloseable;aDoctor;/Users/rar9993/repos/research/fdroid_apps/native_apps/Dashchan/NONE_TRANSFORMED_;/Users/rar9993/repos/research/fdroid_apps/native_apps/Dashchan/src/com/mishiranu/dashchan/ui/preference/StatisticsFragment.java;file:/Users/rar9993/repos/research/fdroid_apps/native_apps/Dashchan/src/com/mishiranu/dashchan/ui/preference/StatisticsFragment.java|class:com.mishiranu.dashchan.ui.preference.StatisticsFragment
LeakingInnerClass;aDoctor;/Users/rar9993/repos/research/fdroid_apps/native_apps/Dashchan/NONE_TRANSFORMED_;/Users/rar9993/repos/research/fdroid_apps/native_apps/Dashchan/src/com/mishiranu/dashchan/ui/preference/ChanMultiChoiceDialog.java;file:/Users/rar9993/repos/research/fdroid_apps/native_apps/Dashchan/src/com/mishiranu/dashchan/ui/preference/ChanMultiChoiceDialog.java|class:com.mishiranu.dashchan.ui.preference.ChanMultiChoiceDialog
MemberIgnoringMethod;aDoctor;/Users/rar9993/repos/research/fdroid_apps/native_apps/Dashchan/NONE_TRANSFORMED_;/Users/rar9993/repos/research/fdroid_apps/native_apps/Dashchan/src/com/mishiranu/dashchan/ui/preference/ChanMultiChoiceDialog.java;file:/Users/rar9993/repos/research/fdroid_apps/native_apps/Dashchan/src/com/mishiranu/dashchan/ui/preference/ChanMultiChoiceDialog.java|class:com.mishiranu.dashchan.ui.preference.ChanMultiChoiceDialog
NoLowMemoryResolver;aDoctor;/Users/rar9993/repos/research/fdroid_apps/native_apps/Dashchan/NONE_TRANSFORMED_;/Users/rar9993/repos/research/fdroid_apps/native_apps/Dashchan/src/com/mishiranu/dashchan/ui/preference/ChanMultiChoiceDialog.java;file:/Users/rar9993/repos/research/fdroid_apps/native_apps/Dashchan/src/com/mishiranu/dashchan/ui/preference/ChanMultiChoiceDialog.java|class:com.mishiranu.dashchan.ui.preference.ChanMultiChoiceDialog
SlowForLoop;aDoctor;/Users/rar9993/repos/research/fdroid_apps/native_apps/Dashchan/NONE_TRANSFORMED_;/Users/rar9993/repos/research/fdroid_apps/native_apps/Dashchan/src/com/mishiranu/dashchan/ui/preference/ChanMultiChoiceDialog.java;file:/Users/rar9993/repos/research/fdroid_apps/native_apps/Dashchan/src/com/mishiranu/dashchan/ui/preference/ChanMultiChoiceDialog.java|class:com.mishiranu.dashchan.ui.preference.ChanMultiChoiceDialog
LeakingInnerClass;aDoctor;/Users/rar9993/repos/research/fdroid_apps/native_apps/Dashchan/NONE_TRANSFORMED_;/Users/rar9993/repos/research/fdroid_apps/native_apps/Dashchan/src/com/mishiranu/dashchan/ui/preference/ThemesFragment.java;file:/Users/rar9993/repos/research/fdroid_apps/native_apps/Dashchan/src/com/mishiranu/dashchan/ui/preference/ThemesFragment.java|class:com.mishiranu.dashchan.ui.preference.ThemesFragment
MemberIgnoringMethod;aDoctor;/Users/rar9993/repos/research/fdroid_apps/native_apps/Dashchan/NONE_TRANSFORMED_;/Users/rar9993/repos/research/fdroid_apps/native_apps/Dashchan/src/com/mishiranu/dashchan/ui/preference/ThemesFragment.java;file:/Users/rar9993/repos/research/fdroid_apps/native_apps/Dashchan/src/com/mishiranu/dashchan/ui/preference/ThemesFragment.java|class:com.mishiranu.dashchan.ui.preference.ThemesFragment
SlowForLoop;aDoctor;/Users/rar9993/repos/research/fdroid_apps/native_apps/Dashchan/NONE_TRANSFORMED_;/Users/rar9993/repos/research/fdroid_apps/native_apps/Dashchan/src/com/mishiranu/dashchan/ui/preference/ThemesFragment.java;file:/Users/rar9993/repos/research/fdroid_apps/native_apps/Dashchan/src/com/mishiranu/dashchan/ui/preference/ThemesFragment.java|class:com.mishiranu.dashchan.ui.preference.ThemesFragment
UnclosedCloseable;aDoctor;/Users/rar9993/repos/research/fdroid_apps/native_apps/Dashchan/NONE_TRANSFORMED_;/Users/rar9993/repos/research/fdroid_apps/native_apps/Dashchan/src/com/mishiranu/dashchan/ui/preference/ThemesFragment.java;file:/Users/rar9993/repos/research/fdroid_apps/native_apps/Dashchan/src/com/mishiranu/dashchan/ui/preference/ThemesFragment.java|class:com.mishiranu.dashchan.ui.preference.ThemesFragment
LeakingThread;aDoctor;/Users/rar9993/repos/research/fdroid_apps/native_apps/Dashchan/NONE_TRANSFORMED_;/Users/rar9993/repos/research/fdroid_apps/native_apps/Dashchan/src/com/mishiranu/dashchan/ui/preference/ContentsFragment.java;file:/Users/rar9993/repos/research/fdroid_apps/native_apps/Dashchan/src/com/mishiranu/dashchan/ui/preference/ContentsFragment.java|class:com.mishiranu.dashchan.ui.preference.ContentsFragment
MemberIgnoringMethod;aDoctor;/Users/rar9993/repos/research/fdroid_apps/native_apps/Dashchan/NONE_TRANSFORMED_;/Users/rar9993/repos/research/fdroid_apps/native_apps/Dashchan/src/com/mishiranu/dashchan/ui/preference/ContentsFragment.java;file:/Users/rar9993/repos/research/fdroid_apps/native_apps/Dashchan/src/com/mishiranu/dashchan/ui/preference/ContentsFragment.java|class:com.mishiranu.dashchan.ui.preference.ContentsFragment
NoLowMemoryResolver;aDoctor;/Users/rar9993/repos/research/fdroid_apps/native_apps/Dashchan/NONE_TRANSFORMED_;/Users/rar9993/repos/research/fdroid_apps/native_apps/Dashchan/src/com/mishiranu/dashchan/ui/preference/ContentsFragment.java;file:/Users/rar9993/repos/research/fdroid_apps/native_apps/Dashchan/src/com/mishiranu/dashchan/ui/preference/ContentsFragment.java|class:com.mishiranu.dashchan.ui.preference.ContentsFragment
SlowForLoop;aDoctor;/Users/rar9993/repos/research/fdroid_apps/native_apps/Dashchan/NONE_TRANSFORMED_;/Users/rar9993/repos/research/fdroid_apps/native_apps/Dashchan/src/com/mishiranu/dashchan/ui/preference/ContentsFragment.java;file:/Users/rar9993/repos/research/fdroid_apps/native_apps/Dashchan/src/com/mishiranu/dashchan/ui/preference/ContentsFragment.java|class:com.mishiranu.dashchan.ui.preference.ContentsFragment
LeakingInnerClass;aDoctor;/Users/rar9993/repos/research/fdroid_apps/native_apps/Dashchan/NONE_TRANSFORMED_;/Users/rar9993/repos/research/fdroid_apps/native_apps/Dashchan/src/com/mishiranu/dashchan/ui/preference/CookiesFragment.java;file:/Users/rar9993/repos/research/fdroid_apps/native_apps/Dashchan/src/com/mishiranu/dashchan/ui/preference/CookiesFragment.java|class:com.mishiranu.dashchan.ui.preference.CookiesFragment
MemberIgnoringMethod;aDoctor;/Users/rar9993/repos/research/fdroid_apps/native_apps/Dashchan/NONE_TRANSFORMED_;/Users/rar9993/repos/research/fdroid_apps/native_apps/Dashchan/src/com/mishiranu/dashchan/ui/preference/CookiesFragment.java;file:/Users/rar9993/repos/research/fdroid_apps/native_apps/Dashchan/src/com/mishiranu/dashchan/ui/preference/CookiesFragment.java|class:com.mishiranu.dashchan.ui.preference.CookiesFragment
DataTransmissionWithoutCompression;aDoctor;/Users/rar9993/repos/research/fdroid_apps/native_apps/Dashchan/NONE_TRANSFORMED_;/Users/rar9993/repos/research/fdroid_apps/native_apps/Dashchan/src/com/mishiranu/dashchan/ui/preference/AboutFragment.java;file:/Users/rar9993/repos/research/fdroid_apps/native_apps/Dashchan/src/com/mishiranu/dashchan/ui/preference/AboutFragment.java|class:com.mishiranu.dashchan.ui.preference.AboutFragment
MemberIgnoringMethod;aDoctor;/Users/rar9993/repos/research/fdroid_apps/native_apps/Dashchan/NONE_TRANSFORMED_;/Users/rar9993/repos/research/fdroid_apps/native_apps/Dashchan/src/com/mishiranu/dashchan/ui/preference/AboutFragment.java;file:/Users/rar9993/repos/research/fdroid_apps/native_apps/Dashchan/src/com/mishiranu/dashchan/ui/preference/AboutFragment.java|class:com.mishiranu.dashchan.ui.preference.AboutFragment
NoLowMemoryResolver;aDoctor;/Users/rar9993/repos/research/fdroid_apps/native_apps/Dashchan/NONE_TRANSFORMED_;/Users/rar9993/repos/research/fdroid_apps/native_apps/Dashchan/src/com/mishiranu/dashchan/ui/preference/AboutFragment.java;file:/Users/rar9993/repos/research/fdroid_apps/native_apps/Dashchan/src/com/mishiranu/dashchan/ui/preference/AboutFragment.java|class:com.mishiranu.dashchan.ui.preference.AboutFragment
SlowForLoop;aDoctor;/Users/rar9993/repos/research/fdroid_apps/native_apps/Dashchan/NONE_TRANSFORMED_;/Users/rar9993/repos/research/fdroid_apps/native_apps/Dashchan/src/com/mishiranu/dashchan/ui/preference/AboutFragment.java;file:/Users/rar9993/repos/research/fdroid_apps/native_apps/Dashchan/src/com/mishiranu/dashchan/ui/preference/AboutFragment.java|class:com.mishiranu.dashchan.ui.preference.AboutFragment
MemberIgnoringMethod;aDoctor;/Users/rar9993/repos/research/fdroid_apps/native_apps/Dashchan/NONE_TRANSFORMED_;/Users/rar9993/repos/research/fdroid_apps/native_apps/Dashchan/src/com/mishiranu/dashchan/ui/preference/CategoriesFragment.java;file:/Users/rar9993/repos/research/fdroid_apps/native_apps/Dashchan/src/com/mishiranu/dashchan/ui/preference/CategoriesFragment.java|class:com.mishiranu.dashchan.ui.preference.CategoriesFragment
NoLowMemoryResolver;aDoctor;/Users/rar9993/repos/research/fdroid_apps/native_apps/Dashchan/NONE_TRANSFORMED_;/Users/rar9993/repos/research/fdroid_apps/native_apps/Dashchan/src/com/mishiranu/dashchan/ui/preference/CategoriesFragment.java;file:/Users/rar9993/repos/research/fdroid_apps/native_apps/Dashchan/src/com/mishiranu/dashchan/ui/preference/CategoriesFragment.java|class:com.mishiranu.dashchan.ui.preference.CategoriesFragment
LeakingInnerClass;aDoctor;/Users/rar9993/repos/research/fdroid_apps/native_apps/Dashchan/NONE_TRANSFORMED_;/Users/rar9993/repos/research/fdroid_apps/native_apps/Dashchan/src/com/mishiranu/dashchan/ui/preference/UpdateFragment.java;file:/Users/rar9993/repos/research/fdroid_apps/native_apps/Dashchan/src/com/mishiranu/dashchan/ui/preference/UpdateFragment.java|class:com.mishiranu.dashchan.ui.preference.UpdateFragment
MemberIgnoringMethod;aDoctor;/Users/rar9993/repos/research/fdroid_apps/native_apps/Dashchan/NONE_TRANSFORMED_;/Users/rar9993/repos/research/fdroid_apps/native_apps/Dashchan/src/com/mishiranu/dashchan/ui/preference/UpdateFragment.java;file:/Users/rar9993/repos/research/fdroid_apps/native_apps/Dashchan/src/com/mishiranu/dashchan/ui/preference/UpdateFragment.java|class:com.mishiranu.dashchan.ui.preference.UpdateFragment
SlowForLoop;aDoctor;/Users/rar9993/repos/research/fdroid_apps/native_apps/Dashchan/NONE_TRANSFORMED_;/Users/rar9993/repos/research/fdroid_apps/native_apps/Dashchan/src/com/mishiranu/dashchan/ui/preference/UpdateFragment.java;file:/Users/rar9993/repos/research/fdroid_apps/native_apps/Dashchan/src/com/mishiranu/dashchan/ui/preference/UpdateFragment.java|class:com.mishiranu.dashchan.ui.preference.UpdateFragment
UnclosedCloseable;aDoctor;/Users/rar9993/repos/research/fdroid_apps/native_apps/Dashchan/NONE_TRANSFORMED_;/Users/rar9993/repos/research/fdroid_apps/native_apps/Dashchan/src/com/mishiranu/dashchan/ui/preference/UpdateFragment.java;file:/Users/rar9993/repos/research/fdroid_apps/native_apps/Dashchan/src/com/mishiranu/dashchan/ui/preference/UpdateFragment.java|class:com.mishiranu.dashchan.ui.preference.UpdateFragment
MemberIgnoringMethod;aDoctor;/Users/rar9993/repos/research/fdroid_apps/native_apps/Dashchan/NONE_TRANSFORMED_;/Users/rar9993/repos/research/fdroid_apps/native_apps/Dashchan/src/com/mishiranu/dashchan/ui/preference/TextFragment.java;file:/Users/rar9993/repos/research/fdroid_apps/native_apps/Dashchan/src/com/mishiranu/dashchan/ui/preference/TextFragment.java|class:com.mishiranu.dashchan.ui.preference.TextFragment
SlowForLoop;aDoctor;/Users/rar9993/repos/research/fdroid_apps/native_apps/Dashchan/NONE_TRANSFORMED_;/Users/rar9993/repos/research/fdroid_apps/native_apps/Dashchan/src/com/mishiranu/dashchan/ui/preference/TextFragment.java;file:/Users/rar9993/repos/research/fdroid_apps/native_apps/Dashchan/src/com/mishiranu/dashchan/ui/preference/TextFragment.java|class:com.mishiranu.dashchan.ui.preference.TextFragment
NoLowMemoryResolver;aDoctor;/Users/rar9993/repos/research/fdroid_apps/native_apps/Dashchan/NONE_TRANSFORMED_;/Users/rar9993/repos/research/fdroid_apps/native_apps/Dashchan/src/com/mishiranu/dashchan/ui/preference/ChansFragment.java;file:/Users/rar9993/repos/research/fdroid_apps/native_apps/Dashchan/src/com/mishiranu/dashchan/ui/preference/ChansFragment.java|class:com.mishiranu.dashchan.ui.preference.ChansFragment
MemberIgnoringMethod;aDoctor;/Users/rar9993/repos/research/fdroid_apps/native_apps/Dashchan/NONE_TRANSFORMED_;/Users/rar9993/repos/research/fdroid_apps/native_apps/Dashchan/src/com/mishiranu/dashchan/ui/preference/BaseListFragment.java;file:/Users/rar9993/repos/research/fdroid_apps/native_apps/Dashchan/src/com/mishiranu/dashchan/ui/preference/BaseListFragment.java|class:com.mishiranu.dashchan.ui.preference.BaseListFragment
InternalGetterSetter;aDoctor;/Users/rar9993/repos/research/fdroid_apps/native_apps/Dashchan/NONE_TRANSFORMED_;/Users/rar9993/repos/research/fdroid_apps/native_apps/Dashchan/src/com/mishiranu/dashchan/ui/preference/core/Preference.java;file:/Users/rar9993/repos/research/fdroid_apps/native_apps/Dashchan/src/com/mishiranu/dashchan/ui/preference/core/Preference.java|class:com.mishiranu.dashchan.ui.preference.core.Preference
LeakingInnerClass;aDoctor;/Users/rar9993/repos/research/fdroid_apps/native_apps/Dashchan/NONE_TRANSFORMED_;/Users/rar9993/repos/research/fdroid_apps/native_apps/Dashchan/src/com/mishiranu/dashchan/ui/preference/core/Preference.java;file:/Users/rar9993/repos/research/fdroid_apps/native_apps/Dashchan/src/com/mishiranu/dashchan/ui/preference/core/Preference.java|class:com.mishiranu.dashchan.ui.preference.core.Preference
MemberIgnoringMethod;aDoctor;/Users/rar9993/repos/research/fdroid_apps/native_apps/Dashchan/NONE_TRANSFORMED_;/Users/rar9993/repos/research/fdroid_apps/native_apps/Dashchan/src/com/mishiranu/dashchan/ui/preference/core/Preference.java;file:/Users/rar9993/repos/research/fdroid_apps/native_apps/Dashchan/src/com/mishiranu/dashchan/ui/preference/core/Preference.java|class:com.mishiranu.dashchan.ui.preference.core.Preference
MemberIgnoringMethod;aDoctor;/Users/rar9993/repos/research/fdroid_apps/native_apps/Dashchan/NONE_TRANSFORMED_;/Users/rar9993/repos/research/fdroid_apps/native_apps/Dashchan/src/com/mishiranu/dashchan/ui/preference/core/SeekPreference.java;file:/Users/rar9993/repos/research/fdroid_apps/native_apps/Dashchan/src/com/mishiranu/dashchan/ui/preference/core/SeekPreference.java|class:com.mishiranu.dashchan.ui.preference.core.SeekPreference
InternalGetterSetter;aDoctor;/Users/rar9993/repos/research/fdroid_apps/native_apps/Dashchan/NONE_TRANSFORMED_;/Users/rar9993/repos/research/fdroid_apps/native_apps/Dashchan/src/com/mishiranu/dashchan/ui/preference/core/PreferenceFragment.java;file:/Users/rar9993/repos/research/fdroid_apps/native_apps/Dashchan/src/com/mishiranu/dashchan/ui/preference/core/PreferenceFragment.java|class:com.mishiranu.dashchan.ui.preference.core.PreferenceFragment
LeakingInnerClass;aDoctor;/Users/rar9993/repos/research/fdroid_apps/native_apps/Dashchan/NONE_TRANSFORMED_;/Users/rar9993/repos/research/fdroid_apps/native_apps/Dashchan/src/com/mishiranu/dashchan/ui/preference/core/PreferenceFragment.java;file:/Users/rar9993/repos/research/fdroid_apps/native_apps/Dashchan/src/com/mishiranu/dashchan/ui/preference/core/PreferenceFragment.java|class:com.mishiranu.dashchan.ui.preference.core.PreferenceFragment
MemberIgnoringMethod;aDoctor;/Users/rar9993/repos/research/fdroid_apps/native_apps/Dashchan/NONE_TRANSFORMED_;/Users/rar9993/repos/research/fdroid_apps/native_apps/Dashchan/src/com/mishiranu/dashchan/ui/preference/core/PreferenceFragment.java;file:/Users/rar9993/repos/research/fdroid_apps/native_apps/Dashchan/src/com/mishiranu/dashchan/ui/preference/core/PreferenceFragment.java|class:com.mishiranu.dashchan.ui.preference.core.PreferenceFragment
SlowForLoop;aDoctor;/Users/rar9993/repos/research/fdroid_apps/native_apps/Dashchan/NONE_TRANSFORMED_;/Users/rar9993/repos/research/fdroid_apps/native_apps/Dashchan/src/com/mishiranu/dashchan/ui/preference/core/PreferenceFragment.java;file:/Users/rar9993/repos/research/fdroid_apps/native_apps/Dashchan/src/com/mishiranu/dashchan/ui/preference/core/PreferenceFragment.java|class:com.mishiranu.dashchan.ui.preference.core.PreferenceFragment
MemberIgnoringMethod;aDoctor;/Users/rar9993/repos/research/fdroid_apps/native_apps/Dashchan/NONE_TRANSFORMED_;/Users/rar9993/repos/research/fdroid_apps/native_apps/Dashchan/src/com/mishiranu/dashchan/ui/preference/core/DialogPreference.java;file:/Users/rar9993/repos/research/fdroid_apps/native_apps/Dashchan/src/com/mishiranu/dashchan/ui/preference/core/DialogPreference.java|class:com.mishiranu.dashchan.ui.preference.core.DialogPreference
LeakingInnerClass;aDoctor;/Users/rar9993/repos/research/fdroid_apps/native_apps/Dashchan/NONE_TRANSFORMED_;/Users/rar9993/repos/research/fdroid_apps/native_apps/Dashchan/src/com/mishiranu/dashchan/ui/preference/core/MultipleEditPreference.java;file:/Users/rar9993/repos/research/fdroid_apps/native_apps/Dashchan/src/com/mishiranu/dashchan/ui/preference/core/MultipleEditPreference.java|class:com.mishiranu.dashchan.ui.preference.core.MultipleEditPreference
MemberIgnoringMethod;aDoctor;/Users/rar9993/repos/research/fdroid_apps/native_apps/Dashchan/NONE_TRANSFORMED_;/Users/rar9993/repos/research/fdroid_apps/native_apps/Dashchan/src/com/mishiranu/dashchan/ui/preference/core/MultipleEditPreference.java;file:/Users/rar9993/repos/research/fdroid_apps/native_apps/Dashchan/src/com/mishiranu/dashchan/ui/preference/core/MultipleEditPreference.java|class:com.mishiranu.dashchan.ui.preference.core.MultipleEditPreference
SlowForLoop;aDoctor;/Users/rar9993/repos/research/fdroid_apps/native_apps/Dashchan/NONE_TRANSFORMED_;/Users/rar9993/repos/research/fdroid_apps/native_apps/Dashchan/src/com/mishiranu/dashchan/ui/preference/core/MultipleEditPreference.java;file:/Users/rar9993/repos/research/fdroid_apps/native_apps/Dashchan/src/com/mishiranu/dashchan/ui/preference/core/MultipleEditPreference.java|class:com.mishiranu.dashchan.ui.preference.core.MultipleEditPreference
MemberIgnoringMethod;aDoctor;/Users/rar9993/repos/research/fdroid_apps/native_apps/Dashchan/NONE_TRANSFORMED_;/Users/rar9993/repos/research/fdroid_apps/native_apps/Dashchan/src/com/mishiranu/dashchan/ui/preference/core/EditPreference.java;file:/Users/rar9993/repos/research/fdroid_apps/native_apps/Dashchan/src/com/mishiranu/dashchan/ui/preference/core/EditPreference.java|class:com.mishiranu.dashchan.ui.preference.core.EditPreference
MemberIgnoringMethod;aDoctor;/Users/rar9993/repos/research/fdroid_apps/native_apps/Dashchan/NONE_TRANSFORMED_;/Users/rar9993/repos/research/fdroid_apps/native_apps/Dashchan/src/com/mishiranu/dashchan/ui/preference/core/ListPreference.java;file:/Users/rar9993/repos/research/fdroid_apps/native_apps/Dashchan/src/com/mishiranu/dashchan/ui/preference/core/ListPreference.java|class:com.mishiranu.dashchan.ui.preference.core.ListPreference
MemberIgnoringMethod;aDoctor;/Users/rar9993/repos/research/fdroid_apps/native_apps/Dashchan/NONE_TRANSFORMED_;/Users/rar9993/repos/research/fdroid_apps/native_apps/Dashchan/src/com/mishiranu/dashchan/ui/navigator/Page.java;file:/Users/rar9993/repos/research/fdroid_apps/native_apps/Dashchan/src/com/mishiranu/dashchan/ui/navigator/Page.java|class:com.mishiranu.dashchan.ui.navigator.Page
MemberIgnoringMethod;aDoctor;/Users/rar9993/repos/research/fdroid_apps/native_apps/Dashchan/NONE_TRANSFORMED_;/Users/rar9993/repos/research/fdroid_apps/native_apps/Dashchan/src/com/mishiranu/dashchan/ui/navigator/SavedPageItem.java;file:/Users/rar9993/repos/research/fdroid_apps/native_apps/Dashchan/src/com/mishiranu/dashchan/ui/navigator/SavedPageItem.java|class:com.mishiranu.dashchan.ui.navigator.SavedPageItem
MemberIgnoringMethod;aDoctor;/Users/rar9993/repos/research/fdroid_apps/native_apps/Dashchan/NONE_TRANSFORMED_;/Users/rar9993/repos/research/fdroid_apps/native_apps/Dashchan/src/com/mishiranu/dashchan/ui/navigator/PageItem.java;file:/Users/rar9993/repos/research/fdroid_apps/native_apps/Dashchan/src/com/mishiranu/dashchan/ui/navigator/PageItem.java|class:com.mishiranu.dashchan.ui.navigator.PageItem
LeakingInnerClass;aDoctor;/Users/rar9993/repos/research/fdroid_apps/native_apps/Dashchan/NONE_TRANSFORMED_;/Users/rar9993/repos/research/fdroid_apps/native_apps/Dashchan/src/com/mishiranu/dashchan/ui/navigator/PageFragment.java;file:/Users/rar9993/repos/research/fdroid_apps/native_apps/Dashchan/src/com/mishiranu/dashchan/ui/navigator/PageFragment.java|class:com.mishiranu.dashchan.ui.navigator.PageFragment
LeakingThread;aDoctor;/Users/rar9993/repos/research/fdroid_apps/native_apps/Dashchan/NONE_TRANSFORMED_;/Users/rar9993/repos/research/fdroid_apps/native_apps/Dashchan/src/com/mishiranu/dashchan/ui/navigator/PageFragment.java;file:/Users/rar9993/repos/research/fdroid_apps/native_apps/Dashchan/src/com/mishiranu/dashchan/ui/navigator/PageFragment.java|class:com.mishiranu.dashchan.ui.navigator.PageFragment
MemberIgnoringMethod;aDoctor;/Users/rar9993/repos/research/fdroid_apps/native_apps/Dashchan/NONE_TRANSFORMED_;/Users/rar9993/repos/research/fdroid_apps/native_apps/Dashchan/src/com/mishiranu/dashchan/ui/navigator/PageFragment.java;file:/Users/rar9993/repos/research/fdroid_apps/native_apps/Dashchan/src/com/mishiranu/dashchan/ui/navigator/PageFragment.java|class:com.mishiranu.dashchan.ui.navigator.PageFragment
SlowForLoop;aDoctor;/Users/rar9993/repos/research/fdroid_apps/native_apps/Dashchan/NONE_TRANSFORMED_;/Users/rar9993/repos/research/fdroid_apps/native_apps/Dashchan/src/com/mishiranu/dashchan/ui/navigator/PageFragment.java;file:/Users/rar9993/repos/research/fdroid_apps/native_apps/Dashchan/src/com/mishiranu/dashchan/ui/navigator/PageFragment.java|class:com.mishiranu.dashchan.ui.navigator.PageFragment
LeakingInnerClass;aDoctor;/Users/rar9993/repos/research/fdroid_apps/native_apps/Dashchan/NONE_TRANSFORMED_;/Users/rar9993/repos/research/fdroid_apps/native_apps/Dashchan/src/com/mishiranu/dashchan/ui/navigator/page/PostsPage.java;file:/Users/rar9993/repos/research/fdroid_apps/native_apps/Dashchan/src/com/mishiranu/dashchan/ui/navigator/page/PostsPage.java|class:com.mishiranu.dashchan.ui.navigator.page.PostsPage
LeakingThread;aDoctor;/Users/rar9993/repos/research/fdroid_apps/native_apps/Dashchan/NONE_TRANSFORMED_;/Users/rar9993/repos/research/fdroid_apps/native_apps/Dashchan/src/com/mishiranu/dashchan/ui/navigator/page/PostsPage.java;file:/Users/rar9993/repos/research/fdroid_apps/native_apps/Dashchan/src/com/mishiranu/dashchan/ui/navigator/page/PostsPage.java|class:com.mishiranu.dashchan.ui.navigator.page.PostsPage
MemberIgnoringMethod;aDoctor;/Users/rar9993/repos/research/fdroid_apps/native_apps/Dashchan/NONE_TRANSFORMED_;/Users/rar9993/repos/research/fdroid_apps/native_apps/Dashchan/src/com/mishiranu/dashchan/ui/navigator/page/PostsPage.java;file:/Users/rar9993/repos/research/fdroid_apps/native_apps/Dashchan/src/com/mishiranu/dashchan/ui/navigator/page/PostsPage.java|class:com.mishiranu.dashchan.ui.navigator.page.PostsPage
SlowForLoop;aDoctor;/Users/rar9993/repos/research/fdroid_apps/native_apps/Dashchan/NONE_TRANSFORMED_;/Users/rar9993/repos/research/fdroid_apps/native_apps/Dashchan/src/com/mishiranu/dashchan/ui/navigator/page/PostsPage.java;file:/Users/rar9993/repos/research/fdroid_apps/native_apps/Dashchan/src/com/mishiranu/dashchan/ui/navigator/page/PostsPage.java|class:com.mishiranu.dashchan.ui.navigator.page.PostsPage
MemberIgnoringMethod;aDoctor;/Users/rar9993/repos/research/fdroid_apps/native_apps/Dashchan/NONE_TRANSFORMED_;/Users/rar9993/repos/research/fdroid_apps/native_apps/Dashchan/src/com/mishiranu/dashchan/ui/navigator/page/SearchPage.java;file:/Users/rar9993/repos/research/fdroid_apps/native_apps/Dashchan/src/com/mishiranu/dashchan/ui/navigator/page/SearchPage.java|class:com.mishiranu.dashchan.ui.navigator.page.SearchPage
UnclosedCloseable;aDoctor;/Users/rar9993/repos/research/fdroid_apps/native_apps/Dashchan/NONE_TRANSFORMED_;/Users/rar9993/repos/research/fdroid_apps/native_apps/Dashchan/src/com/mishiranu/dashchan/ui/navigator/page/SearchPage.java;file:/Users/rar9993/repos/research/fdroid_apps/native_apps/Dashchan/src/com/mishiranu/dashchan/ui/navigator/page/SearchPage.java|class:com.mishiranu.dashchan.ui.navigator.page.SearchPage
MemberIgnoringMethod;aDoctor;/Users/rar9993/repos/research/fdroid_apps/native_apps/Dashchan/NONE_TRANSFORMED_;/Users/rar9993/repos/research/fdroid_apps/native_apps/Dashchan/src/com/mishiranu/dashchan/ui/navigator/page/ThreadsPage.java;file:/Users/rar9993/repos/research/fdroid_apps/native_apps/Dashchan/src/com/mishiranu/dashchan/ui/navigator/page/ThreadsPage.java|class:com.mishiranu.dashchan.ui.navigator.page.ThreadsPage
SlowForLoop;aDoctor;/Users/rar9993/repos/research/fdroid_apps/native_apps/Dashchan/NONE_TRANSFORMED_;/Users/rar9993/repos/research/fdroid_apps/native_apps/Dashchan/src/com/mishiranu/dashchan/ui/navigator/page/ThreadsPage.java;file:/Users/rar9993/repos/research/fdroid_apps/native_apps/Dashchan/src/com/mishiranu/dashchan/ui/navigator/page/ThreadsPage.java|class:com.mishiranu.dashchan.ui.navigator.page.ThreadsPage
MemberIgnoringMethod;aDoctor;/Users/rar9993/repos/research/fdroid_apps/native_apps/Dashchan/NONE_TRANSFORMED_;/Users/rar9993/repos/research/fdroid_apps/native_apps/Dashchan/src/com/mishiranu/dashchan/ui/navigator/page/UserBoardsPage.java;file:/Users/rar9993/repos/research/fdroid_apps/native_apps/Dashchan/src/com/mishiranu/dashchan/ui/navigator/page/UserBoardsPage.java|class:com.mishiranu.dashchan.ui.navigator.page.UserBoardsPage
UnclosedCloseable;aDoctor;/Users/rar9993/repos/research/fdroid_apps/native_apps/Dashchan/NONE_TRANSFORMED_;/Users/rar9993/repos/research/fdroid_apps/native_apps/Dashchan/src/com/mishiranu/dashchan/ui/navigator/page/UserBoardsPage.java;file:/Users/rar9993/repos/research/fdroid_apps/native_apps/Dashchan/src/com/mishiranu/dashchan/ui/navigator/page/UserBoardsPage.java|class:com.mishiranu.dashchan.ui.navigator.page.UserBoardsPage
MemberIgnoringMethod;aDoctor;/Users/rar9993/repos/research/fdroid_apps/native_apps/Dashchan/NONE_TRANSFORMED_;/Users/rar9993/repos/research/fdroid_apps/native_apps/Dashchan/src/com/mishiranu/dashchan/ui/navigator/page/HistoryPage.java;file:/Users/rar9993/repos/research/fdroid_apps/native_apps/Dashchan/src/com/mishiranu/dashchan/ui/navigator/page/HistoryPage.java|class:com.mishiranu.dashchan.ui.navigator.page.HistoryPage
UnclosedCloseable;aDoctor;/Users/rar9993/repos/research/fdroid_apps/native_apps/Dashchan/NONE_TRANSFORMED_;/Users/rar9993/repos/research/fdroid_apps/native_apps/Dashchan/src/com/mishiranu/dashchan/ui/navigator/page/HistoryPage.java;file:/Users/rar9993/repos/research/fdroid_apps/native_apps/Dashchan/src/com/mishiranu/dashchan/ui/navigator/page/HistoryPage.java|class:com.mishiranu.dashchan.ui.navigator.page.HistoryPage
LeakingInnerClass;aDoctor;/Users/rar9993/repos/research/fdroid_apps/native_apps/Dashchan/NONE_TRANSFORMED_;/Users/rar9993/repos/research/fdroid_apps/native_apps/Dashchan/src/com/mishiranu/dashchan/ui/navigator/page/ListPage.java;file:/Users/rar9993/repos/research/fdroid_apps/native_apps/Dashchan/src/com/mishiranu/dashchan/ui/navigator/page/ListPage.java|class:com.mishiranu.dashchan.ui.navigator.page.ListPage
MemberIgnoringMethod;aDoctor;/Users/rar9993/repos/research/fdroid_apps/native_apps/Dashchan/NONE_TRANSFORMED_;/Users/rar9993/repos/research/fdroid_apps/native_apps/Dashchan/src/com/mishiranu/dashchan/ui/navigator/page/ListPage.java;file:/Users/rar9993/repos/research/fdroid_apps/native_apps/Dashchan/src/com/mishiranu/dashchan/ui/navigator/page/ListPage.java|class:com.mishiranu.dashchan.ui.navigator.page.ListPage
MemberIgnoringMethod;aDoctor;/Users/rar9993/repos/research/fdroid_apps/native_apps/Dashchan/NONE_TRANSFORMED_;/Users/rar9993/repos/research/fdroid_apps/native_apps/Dashchan/src/com/mishiranu/dashchan/ui/navigator/page/BoardsPage.java;file:/Users/rar9993/repos/research/fdroid_apps/native_apps/Dashchan/src/com/mishiranu/dashchan/ui/navigator/page/BoardsPage.java|class:com.mishiranu.dashchan.ui.navigator.page.BoardsPage
UnclosedCloseable;aDoctor;/Users/rar9993/repos/research/fdroid_apps/native_apps/Dashchan/NONE_TRANSFORMED_;/Users/rar9993/repos/research/fdroid_apps/native_apps/Dashchan/src/com/mishiranu/dashchan/ui/navigator/page/ArchivePage.java;file:/Users/rar9993/repos/research/fdroid_apps/native_apps/Dashchan/src/com/mishiranu/dashchan/ui/navigator/page/ArchivePage.java|class:com.mishiranu.dashchan.ui.navigator.page.ArchivePage
LeakingInnerClass;aDoctor;/Users/rar9993/repos/research/fdroid_apps/native_apps/Dashchan/NONE_TRANSFORMED_;/Users/rar9993/repos/research/fdroid_apps/native_apps/Dashchan/src/com/mishiranu/dashchan/ui/navigator/adapter/ThreadsAdapter.java;file:/Users/rar9993/repos/research/fdroid_apps/native_apps/Dashchan/src/com/mishiranu/dashchan/ui/navigator/adapter/ThreadsAdapter.java|class:com.mishiranu.dashchan.ui.navigator.adapter.ThreadsAdapter
MemberIgnoringMethod;aDoctor;/Users/rar9993/repos/research/fdroid_apps/native_apps/Dashchan/NONE_TRANSFORMED_;/Users/rar9993/repos/research/fdroid_apps/native_apps/Dashchan/src/com/mishiranu/dashchan/ui/navigator/adapter/ThreadsAdapter.java;file:/Users/rar9993/repos/research/fdroid_apps/native_apps/Dashchan/src/com/mishiranu/dashchan/ui/navigator/adapter/ThreadsAdapter.java|class:com.mishiranu.dashchan.ui.navigator.adapter.ThreadsAdapter
SlowForLoop;aDoctor;/Users/rar9993/repos/research/fdroid_apps/native_apps/Dashchan/NONE_TRANSFORMED_;/Users/rar9993/repos/research/fdroid_apps/native_apps/Dashchan/src/com/mishiranu/dashchan/ui/navigator/adapter/ThreadsAdapter.java;file:/Users/rar9993/repos/research/fdroid_apps/native_apps/Dashchan/src/com/mishiranu/dashchan/ui/navigator/adapter/ThreadsAdapter.java|class:com.mishiranu.dashchan.ui.navigator.adapter.ThreadsAdapter
UnclosedCloseable;aDoctor;/Users/rar9993/repos/research/fdroid_apps/native_apps/Dashchan/NONE_TRANSFORMED_;/Users/rar9993/repos/research/fdroid_apps/native_apps/Dashchan/src/com/mishiranu/dashchan/ui/navigator/adapter/ThreadsAdapter.java;file:/Users/rar9993/repos/research/fdroid_apps/native_apps/Dashchan/src/com/mishiranu/dashchan/ui/navigator/adapter/ThreadsAdapter.java|class:com.mishiranu.dashchan.ui.navigator.adapter.ThreadsAdapter
LeakingInnerClass;aDoctor;/Users/rar9993/repos/research/fdroid_apps/native_apps/Dashchan/NONE_TRANSFORMED_;/Users/rar9993/repos/research/fdroid_apps/native_apps/Dashchan/src/com/mishiranu/dashchan/ui/navigator/adapter/HistoryAdapter.java;file:/Users/rar9993/repos/research/fdroid_apps/native_apps/Dashchan/src/com/mishiranu/dashchan/ui/navigator/adapter/HistoryAdapter.java|class:com.mishiranu.dashchan.ui.navigator.adapter.HistoryAdapter
UnclosedCloseable;aDoctor;/Users/rar9993/repos/research/fdroid_apps/native_apps/Dashchan/NONE_TRANSFORMED_;/Users/rar9993/repos/research/fdroid_apps/native_apps/Dashchan/src/com/mishiranu/dashchan/ui/navigator/adapter/HistoryAdapter.java;file:/Users/rar9993/repos/research/fdroid_apps/native_apps/Dashchan/src/com/mishiranu/dashchan/ui/navigator/adapter/HistoryAdapter.java|class:com.mishiranu.dashchan.ui.navigator.adapter.HistoryAdapter
LeakingInnerClass;aDoctor;/Users/rar9993/repos/research/fdroid_apps/native_apps/Dashchan/NONE_TRANSFORMED_;/Users/rar9993/repos/research/fdroid_apps/native_apps/Dashchan/src/com/mishiranu/dashchan/ui/navigator/adapter/PostsAdapter.java;file:/Users/rar9993/repos/research/fdroid_apps/native_apps/Dashchan/src/com/mishiranu/dashchan/ui/navigator/adapter/PostsAdapter.java|class:com.mishiranu.dashchan.ui.navigator.adapter.PostsAdapter
MemberIgnoringMethod;aDoctor;/Users/rar9993/repos/research/fdroid_apps/native_apps/Dashchan/NONE_TRANSFORMED_;/Users/rar9993/repos/research/fdroid_apps/native_apps/Dashchan/src/com/mishiranu/dashchan/ui/navigator/adapter/PostsAdapter.java;file:/Users/rar9993/repos/research/fdroid_apps/native_apps/Dashchan/src/com/mishiranu/dashchan/ui/navigator/adapter/PostsAdapter.java|class:com.mishiranu.dashchan.ui.navigator.adapter.PostsAdapter
SlowForLoop;aDoctor;/Users/rar9993/repos/research/fdroid_apps/native_apps/Dashchan/NONE_TRANSFORMED_;/Users/rar9993/repos/research/fdroid_apps/native_apps/Dashchan/src/com/mishiranu/dashchan/ui/navigator/adapter/PostsAdapter.java;file:/Users/rar9993/repos/research/fdroid_apps/native_apps/Dashchan/src/com/mishiranu/dashchan/ui/navigator/adapter/PostsAdapter.java|class:com.mishiranu.dashchan.ui.navigator.adapter.PostsAdapter
LeakingInnerClass;aDoctor;/Users/rar9993/repos/research/fdroid_apps/native_apps/Dashchan/NONE_TRANSFORMED_;/Users/rar9993/repos/research/fdroid_apps/native_apps/Dashchan/src/com/mishiranu/dashchan/ui/navigator/adapter/BoardsAdapter.java;file:/Users/rar9993/repos/research/fdroid_apps/native_apps/Dashchan/src/com/mishiranu/dashchan/ui/navigator/adapter/BoardsAdapter.java|class:com.mishiranu.dashchan.ui.navigator.adapter.BoardsAdapter
MemberIgnoringMethod;aDoctor;/Users/rar9993/repos/research/fdroid_apps/native_apps/Dashchan/NONE_TRANSFORMED_;/Users/rar9993/repos/research/fdroid_apps/native_apps/Dashchan/src/com/mishiranu/dashchan/ui/navigator/adapter/BoardsAdapter.java;file:/Users/rar9993/repos/research/fdroid_apps/native_apps/Dashchan/src/com/mishiranu/dashchan/ui/navigator/adapter/BoardsAdapter.java|class:com.mishiranu.dashchan.ui.navigator.adapter.BoardsAdapter
UnclosedCloseable;aDoctor;/Users/rar9993/repos/research/fdroid_apps/native_apps/Dashchan/NONE_TRANSFORMED_;/Users/rar9993/repos/research/fdroid_apps/native_apps/Dashchan/src/com/mishiranu/dashchan/ui/navigator/adapter/BoardsAdapter.java;file:/Users/rar9993/repos/research/fdroid_apps/native_apps/Dashchan/src/com/mishiranu/dashchan/ui/navigator/adapter/BoardsAdapter.java|class:com.mishiranu.dashchan.ui.navigator.adapter.BoardsAdapter
LeakingInnerClass;aDoctor;/Users/rar9993/repos/research/fdroid_apps/native_apps/Dashchan/NONE_TRANSFORMED_;/Users/rar9993/repos/research/fdroid_apps/native_apps/Dashchan/src/com/mishiranu/dashchan/ui/navigator/adapter/SearchAdapter.java;file:/Users/rar9993/repos/research/fdroid_apps/native_apps/Dashchan/src/com/mishiranu/dashchan/ui/navigator/adapter/SearchAdapter.java|class:com.mishiranu.dashchan.ui.navigator.adapter.SearchAdapter
MemberIgnoringMethod;aDoctor;/Users/rar9993/repos/research/fdroid_apps/native_apps/Dashchan/NONE_TRANSFORMED_;/Users/rar9993/repos/research/fdroid_apps/native_apps/Dashchan/src/com/mishiranu/dashchan/ui/navigator/adapter/SearchAdapter.java;file:/Users/rar9993/repos/research/fdroid_apps/native_apps/Dashchan/src/com/mishiranu/dashchan/ui/navigator/adapter/SearchAdapter.java|class:com.mishiranu.dashchan.ui.navigator.adapter.SearchAdapter
SlowForLoop;aDoctor;/Users/rar9993/repos/research/fdroid_apps/native_apps/Dashchan/NONE_TRANSFORMED_;/Users/rar9993/repos/research/fdroid_apps/native_apps/Dashchan/src/com/mishiranu/dashchan/ui/navigator/adapter/SearchAdapter.java;file:/Users/rar9993/repos/research/fdroid_apps/native_apps/Dashchan/src/com/mishiranu/dashchan/ui/navigator/adapter/SearchAdapter.java|class:com.mishiranu.dashchan.ui.navigator.adapter.SearchAdapter
LeakingInnerClass;aDoctor;/Users/rar9993/repos/research/fdroid_apps/native_apps/Dashchan/NONE_TRANSFORMED_;/Users/rar9993/repos/research/fdroid_apps/native_apps/Dashchan/src/com/mishiranu/dashchan/ui/navigator/adapter/UserBoardsAdapter.java;file:/Users/rar9993/repos/research/fdroid_apps/native_apps/Dashchan/src/com/mishiranu/dashchan/ui/navigator/adapter/UserBoardsAdapter.java|class:com.mishiranu.dashchan.ui.navigator.adapter.UserBoardsAdapter
LeakingInnerClass;aDoctor;/Users/rar9993/repos/research/fdroid_apps/native_apps/Dashchan/NONE_TRANSFORMED_;/Users/rar9993/repos/research/fdroid_apps/native_apps/Dashchan/src/com/mishiranu/dashchan/ui/navigator/adapter/ArchiveAdapter.java;file:/Users/rar9993/repos/research/fdroid_apps/native_apps/Dashchan/src/com/mishiranu/dashchan/ui/navigator/adapter/ArchiveAdapter.java|class:com.mishiranu.dashchan.ui.navigator.adapter.ArchiveAdapter
MemberIgnoringMethod;aDoctor;/Users/rar9993/repos/research/fdroid_apps/native_apps/Dashchan/NONE_TRANSFORMED_;/Users/rar9993/repos/research/fdroid_apps/native_apps/Dashchan/src/com/mishiranu/dashchan/ui/navigator/adapter/ArchiveAdapter.java;file:/Users/rar9993/repos/research/fdroid_apps/native_apps/Dashchan/src/com/mishiranu/dashchan/ui/navigator/adapter/ArchiveAdapter.java|class:com.mishiranu.dashchan.ui.navigator.adapter.ArchiveAdapter
LeakingInnerClass;aDoctor;/Users/rar9993/repos/research/fdroid_apps/native_apps/Dashchan/NONE_TRANSFORMED_;/Users/rar9993/repos/research/fdroid_apps/native_apps/Dashchan/src/com/mishiranu/dashchan/ui/navigator/manager/DialogUnit.java;file:/Users/rar9993/repos/research/fdroid_apps/native_apps/Dashchan/src/com/mishiranu/dashchan/ui/navigator/manager/DialogUnit.java|class:com.mishiranu.dashchan.ui.navigator.manager.DialogUnit
LeakingThread;aDoctor;/Users/rar9993/repos/research/fdroid_apps/native_apps/Dashchan/NONE_TRANSFORMED_;/Users/rar9993/repos/research/fdroid_apps/native_apps/Dashchan/src/com/mishiranu/dashchan/ui/navigator/manager/DialogUnit.java;file:/Users/rar9993/repos/research/fdroid_apps/native_apps/Dashchan/src/com/mishiranu/dashchan/ui/navigator/manager/DialogUnit.java|class:com.mishiranu.dashchan.ui.navigator.manager.DialogUnit
MemberIgnoringMethod;aDoctor;/Users/rar9993/repos/research/fdroid_apps/native_apps/Dashchan/NONE_TRANSFORMED_;/Users/rar9993/repos/research/fdroid_apps/native_apps/Dashchan/src/com/mishiranu/dashchan/ui/navigator/manager/DialogUnit.java;file:/Users/rar9993/repos/research/fdroid_apps/native_apps/Dashchan/src/com/mishiranu/dashchan/ui/navigator/manager/DialogUnit.java|class:com.mishiranu.dashchan.ui.navigator.manager.DialogUnit
SlowForLoop;aDoctor;/Users/rar9993/repos/research/fdroid_apps/native_apps/Dashchan/NONE_TRANSFORMED_;/Users/rar9993/repos/research/fdroid_apps/native_apps/Dashchan/src/com/mishiranu/dashchan/ui/navigator/manager/DialogUnit.java;file:/Users/rar9993/repos/research/fdroid_apps/native_apps/Dashchan/src/com/mishiranu/dashchan/ui/navigator/manager/DialogUnit.java|class:com.mishiranu.dashchan.ui.navigator.manager.DialogUnit
LeakingInnerClass;aDoctor;/Users/rar9993/repos/research/fdroid_apps/native_apps/Dashchan/NONE_TRANSFORMED_;/Users/rar9993/repos/research/fdroid_apps/native_apps/Dashchan/src/com/mishiranu/dashchan/ui/navigator/manager/UiManager.java;file:/Users/rar9993/repos/research/fdroid_apps/native_apps/Dashchan/src/com/mishiranu/dashchan/ui/navigator/manager/UiManager.java|class:com.mishiranu.dashchan.ui.navigator.manager.UiManager
MemberIgnoringMethod;aDoctor;/Users/rar9993/repos/research/fdroid_apps/native_apps/Dashchan/NONE_TRANSFORMED_;/Users/rar9993/repos/research/fdroid_apps/native_apps/Dashchan/src/com/mishiranu/dashchan/ui/navigator/manager/UiManager.java;file:/Users/rar9993/repos/research/fdroid_apps/native_apps/Dashchan/src/com/mishiranu/dashchan/ui/navigator/manager/UiManager.java|class:com.mishiranu.dashchan.ui.navigator.manager.UiManager
LeakingThread;aDoctor;/Users/rar9993/repos/research/fdroid_apps/native_apps/Dashchan/NONE_TRANSFORMED_;/Users/rar9993/repos/research/fdroid_apps/native_apps/Dashchan/src/com/mishiranu/dashchan/ui/navigator/manager/ThreadshotPerformer.java;file:/Users/rar9993/repos/research/fdroid_apps/native_apps/Dashchan/src/com/mishiranu/dashchan/ui/navigator/manager/ThreadshotPerformer.java|class:com.mishiranu.dashchan.ui.navigator.manager.ThreadshotPerformer
MemberIgnoringMethod;aDoctor;/Users/rar9993/repos/research/fdroid_apps/native_apps/Dashchan/NONE_TRANSFORMED_;/Users/rar9993/repos/research/fdroid_apps/native_apps/Dashchan/src/com/mishiranu/dashchan/ui/navigator/manager/ViewUnit.java;file:/Users/rar9993/repos/research/fdroid_apps/native_apps/Dashchan/src/com/mishiranu/dashchan/ui/navigator/manager/ViewUnit.java|class:com.mishiranu.dashchan.ui.navigator.manager.ViewUnit
SlowForLoop;aDoctor;/Users/rar9993/repos/research/fdroid_apps/native_apps/Dashchan/NONE_TRANSFORMED_;/Users/rar9993/repos/research/fdroid_apps/native_apps/Dashchan/src/com/mishiranu/dashchan/ui/navigator/manager/ViewUnit.java;file:/Users/rar9993/repos/research/fdroid_apps/native_apps/Dashchan/src/com/mishiranu/dashchan/ui/navigator/manager/ViewUnit.java|class:com.mishiranu.dashchan.ui.navigator.manager.ViewUnit
MemberIgnoringMethod;aDoctor;/Users/rar9993/repos/research/fdroid_apps/native_apps/Dashchan/NONE_TRANSFORMED_;/Users/rar9993/repos/research/fdroid_apps/native_apps/Dashchan/src/com/mishiranu/dashchan/ui/navigator/manager/InteractionUnit.java;file:/Users/rar9993/repos/research/fdroid_apps/native_apps/Dashchan/src/com/mishiranu/dashchan/ui/navigator/manager/InteractionUnit.java|class:com.mishiranu.dashchan.ui.navigator.manager.InteractionUnit
SlowForLoop;aDoctor;/Users/rar9993/repos/research/fdroid_apps/native_apps/Dashchan/NONE_TRANSFORMED_;/Users/rar9993/repos/research/fdroid_apps/native_apps/Dashchan/src/com/mishiranu/dashchan/ui/navigator/manager/InteractionUnit.java;file:/Users/rar9993/repos/research/fdroid_apps/native_apps/Dashchan/src/com/mishiranu/dashchan/ui/navigator/manager/InteractionUnit.java|class:com.mishiranu.dashchan.ui.navigator.manager.InteractionUnit
UnclosedCloseable;aDoctor;/Users/rar9993/repos/research/fdroid_apps/native_apps/Dashchan/NONE_TRANSFORMED_;/Users/rar9993/repos/research/fdroid_apps/native_apps/Dashchan/src/com/mishiranu/dashchan/ui/navigator/manager/InteractionUnit.java;file:/Users/rar9993/repos/research/fdroid_apps/native_apps/Dashchan/src/com/mishiranu/dashchan/ui/navigator/manager/InteractionUnit.java|class:com.mishiranu.dashchan.ui.navigator.manager.InteractionUnit
LeakingInnerClass;aDoctor;/Users/rar9993/repos/research/fdroid_apps/native_apps/Dashchan/NONE_TRANSFORMED_;/Users/rar9993/repos/research/fdroid_apps/native_apps/Dashchan/src/com/mishiranu/dashchan/ui/posting/Replyable.java;file:/Users/rar9993/repos/research/fdroid_apps/native_apps/Dashchan/src/com/mishiranu/dashchan/ui/posting/Replyable.java|class:com.mishiranu.dashchan.ui.posting.Replyable
LeakingInnerClass;aDoctor;/Users/rar9993/repos/research/fdroid_apps/native_apps/Dashchan/NONE_TRANSFORMED_;/Users/rar9993/repos/research/fdroid_apps/native_apps/Dashchan/src/com/mishiranu/dashchan/ui/posting/PostingFragment.java;file:/Users/rar9993/repos/research/fdroid_apps/native_apps/Dashchan/src/com/mishiranu/dashchan/ui/posting/PostingFragment.java|class:com.mishiranu.dashchan.ui.posting.PostingFragment
LeakingThread;aDoctor;/Users/rar9993/repos/research/fdroid_apps/native_apps/Dashchan/NONE_TRANSFORMED_;/Users/rar9993/repos/research/fdroid_apps/native_apps/Dashchan/src/com/mishiranu/dashchan/ui/posting/PostingFragment.java;file:/Users/rar9993/repos/research/fdroid_apps/native_apps/Dashchan/src/com/mishiranu/dashchan/ui/posting/PostingFragment.java|class:com.mishiranu.dashchan.ui.posting.PostingFragment
MemberIgnoringMethod;aDoctor;/Users/rar9993/repos/research/fdroid_apps/native_apps/Dashchan/NONE_TRANSFORMED_;/Users/rar9993/repos/research/fdroid_apps/native_apps/Dashchan/src/com/mishiranu/dashchan/ui/posting/PostingFragment.java;file:/Users/rar9993/repos/research/fdroid_apps/native_apps/Dashchan/src/com/mishiranu/dashchan/ui/posting/PostingFragment.java|class:com.mishiranu.dashchan.ui.posting.PostingFragment
SlowForLoop;aDoctor;/Users/rar9993/repos/research/fdroid_apps/native_apps/Dashchan/NONE_TRANSFORMED_;/Users/rar9993/repos/research/fdroid_apps/native_apps/Dashchan/src/com/mishiranu/dashchan/ui/posting/PostingFragment.java;file:/Users/rar9993/repos/research/fdroid_apps/native_apps/Dashchan/src/com/mishiranu/dashchan/ui/posting/PostingFragment.java|class:com.mishiranu.dashchan.ui.posting.PostingFragment
UnclosedCloseable;aDoctor;/Users/rar9993/repos/research/fdroid_apps/native_apps/Dashchan/NONE_TRANSFORMED_;/Users/rar9993/repos/research/fdroid_apps/native_apps/Dashchan/src/com/mishiranu/dashchan/ui/posting/PostingFragment.java;file:/Users/rar9993/repos/research/fdroid_apps/native_apps/Dashchan/src/com/mishiranu/dashchan/ui/posting/PostingFragment.java|class:com.mishiranu.dashchan.ui.posting.PostingFragment
MemberIgnoringMethod;aDoctor;/Users/rar9993/repos/research/fdroid_apps/native_apps/Dashchan/NONE_TRANSFORMED_;/Users/rar9993/repos/research/fdroid_apps/native_apps/Dashchan/src/com/mishiranu/dashchan/ui/posting/dialog/AttachmentOptionsDialog.java;file:/Users/rar9993/repos/research/fdroid_apps/native_apps/Dashchan/src/com/mishiranu/dashchan/ui/posting/dialog/AttachmentOptionsDialog.java|class:com.mishiranu.dashchan.ui.posting.dialog.AttachmentOptionsDialog
NoLowMemoryResolver;aDoctor;/Users/rar9993/repos/research/fdroid_apps/native_apps/Dashchan/NONE_TRANSFORMED_;/Users/rar9993/repos/research/fdroid_apps/native_apps/Dashchan/src/com/mishiranu/dashchan/ui/posting/dialog/AttachmentOptionsDialog.java;file:/Users/rar9993/repos/research/fdroid_apps/native_apps/Dashchan/src/com/mishiranu/dashchan/ui/posting/dialog/AttachmentOptionsDialog.java|class:com.mishiranu.dashchan.ui.posting.dialog.AttachmentOptionsDialog
SlowForLoop;aDoctor;/Users/rar9993/repos/research/fdroid_apps/native_apps/Dashchan/NONE_TRANSFORMED_;/Users/rar9993/repos/research/fdroid_apps/native_apps/Dashchan/src/com/mishiranu/dashchan/ui/posting/dialog/AttachmentOptionsDialog.java;file:/Users/rar9993/repos/research/fdroid_apps/native_apps/Dashchan/src/com/mishiranu/dashchan/ui/posting/dialog/AttachmentOptionsDialog.java|class:com.mishiranu.dashchan.ui.posting.dialog.AttachmentOptionsDialog
MemberIgnoringMethod;aDoctor;/Users/rar9993/repos/research/fdroid_apps/native_apps/Dashchan/NONE_TRANSFORMED_;/Users/rar9993/repos/research/fdroid_apps/native_apps/Dashchan/src/com/mishiranu/dashchan/ui/posting/dialog/AttachmentWarningDialog.java;file:/Users/rar9993/repos/research/fdroid_apps/native_apps/Dashchan/src/com/mishiranu/dashchan/ui/posting/dialog/AttachmentWarningDialog.java|class:com.mishiranu.dashchan.ui.posting.dialog.AttachmentWarningDialog
NoLowMemoryResolver;aDoctor;/Users/rar9993/repos/research/fdroid_apps/native_apps/Dashchan/NONE_TRANSFORMED_;/Users/rar9993/repos/research/fdroid_apps/native_apps/Dashchan/src/com/mishiranu/dashchan/ui/posting/dialog/AttachmentWarningDialog.java;file:/Users/rar9993/repos/research/fdroid_apps/native_apps/Dashchan/src/com/mishiranu/dashchan/ui/posting/dialog/AttachmentWarningDialog.java|class:com.mishiranu.dashchan.ui.posting.dialog.AttachmentWarningDialog
MemberIgnoringMethod;aDoctor;/Users/rar9993/repos/research/fdroid_apps/native_apps/Dashchan/NONE_TRANSFORMED_;/Users/rar9993/repos/research/fdroid_apps/native_apps/Dashchan/src/com/mishiranu/dashchan/ui/posting/dialog/AttachmentRatingDialog.java;file:/Users/rar9993/repos/research/fdroid_apps/native_apps/Dashchan/src/com/mishiranu/dashchan/ui/posting/dialog/AttachmentRatingDialog.java|class:com.mishiranu.dashchan.ui.posting.dialog.AttachmentRatingDialog
NoLowMemoryResolver;aDoctor;/Users/rar9993/repos/research/fdroid_apps/native_apps/Dashchan/NONE_TRANSFORMED_;/Users/rar9993/repos/research/fdroid_apps/native_apps/Dashchan/src/com/mishiranu/dashchan/ui/posting/dialog/AttachmentRatingDialog.java;file:/Users/rar9993/repos/research/fdroid_apps/native_apps/Dashchan/src/com/mishiranu/dashchan/ui/posting/dialog/AttachmentRatingDialog.java|class:com.mishiranu.dashchan.ui.posting.dialog.AttachmentRatingDialog
SlowForLoop;aDoctor;/Users/rar9993/repos/research/fdroid_apps/native_apps/Dashchan/NONE_TRANSFORMED_;/Users/rar9993/repos/research/fdroid_apps/native_apps/Dashchan/src/com/mishiranu/dashchan/ui/posting/dialog/AttachmentRatingDialog.java;file:/Users/rar9993/repos/research/fdroid_apps/native_apps/Dashchan/src/com/mishiranu/dashchan/ui/posting/dialog/AttachmentRatingDialog.java|class:com.mishiranu.dashchan.ui.posting.dialog.AttachmentRatingDialog
MemberIgnoringMethod;aDoctor;/Users/rar9993/repos/research/fdroid_apps/native_apps/Dashchan/NONE_TRANSFORMED_;/Users/rar9993/repos/research/fdroid_apps/native_apps/Dashchan/src/com/mishiranu/dashchan/ui/posting/dialog/SendPostFailDetailsDialog.java;file:/Users/rar9993/repos/research/fdroid_apps/native_apps/Dashchan/src/com/mishiranu/dashchan/ui/posting/dialog/SendPostFailDetailsDialog.java|class:com.mishiranu.dashchan.ui.posting.dialog.SendPostFailDetailsDialog
NoLowMemoryResolver;aDoctor;/Users/rar9993/repos/research/fdroid_apps/native_apps/Dashchan/NONE_TRANSFORMED_;/Users/rar9993/repos/research/fdroid_apps/native_apps/Dashchan/src/com/mishiranu/dashchan/ui/posting/dialog/SendPostFailDetailsDialog.java;file:/Users/rar9993/repos/research/fdroid_apps/native_apps/Dashchan/src/com/mishiranu/dashchan/ui/posting/dialog/SendPostFailDetailsDialog.java|class:com.mishiranu.dashchan.ui.posting.dialog.SendPostFailDetailsDialog
NoLowMemoryResolver;aDoctor;/Users/rar9993/repos/research/fdroid_apps/native_apps/Dashchan/NONE_TRANSFORMED_;/Users/rar9993/repos/research/fdroid_apps/native_apps/Dashchan/src/com/mishiranu/dashchan/ui/posting/dialog/ReencodingDialog.java;file:/Users/rar9993/repos/research/fdroid_apps/native_apps/Dashchan/src/com/mishiranu/dashchan/ui/posting/dialog/ReencodingDialog.java|class:com.mishiranu.dashchan.ui.posting.dialog.ReencodingDialog
SlowForLoop;aDoctor;/Users/rar9993/repos/research/fdroid_apps/native_apps/Dashchan/NONE_TRANSFORMED_;/Users/rar9993/repos/research/fdroid_apps/native_apps/Dashchan/src/com/mishiranu/dashchan/ui/posting/dialog/ReencodingDialog.java;file:/Users/rar9993/repos/research/fdroid_apps/native_apps/Dashchan/src/com/mishiranu/dashchan/ui/posting/dialog/ReencodingDialog.java|class:com.mishiranu.dashchan.ui.posting.dialog.ReencodingDialog
InternalGetterSetter;aDoctor;/Users/rar9993/repos/research/fdroid_apps/native_apps/Dashchan/NONE_TRANSFORMED_;/Users/rar9993/repos/research/fdroid_apps/native_apps/Dashchan/src/com/mishiranu/dashchan/ui/posting/text/MarkupButtonProvider.java;file:/Users/rar9993/repos/research/fdroid_apps/native_apps/Dashchan/src/com/mishiranu/dashchan/ui/posting/text/MarkupButtonProvider.java|class:com.mishiranu.dashchan.ui.posting.text.MarkupButtonProvider
MemberIgnoringMethod;aDoctor;/Users/rar9993/repos/research/fdroid_apps/native_apps/Dashchan/NONE_TRANSFORMED_;/Users/rar9993/repos/research/fdroid_apps/native_apps/Dashchan/src/com/mishiranu/dashchan/ui/posting/text/MarkupButtonProvider.java;file:/Users/rar9993/repos/research/fdroid_apps/native_apps/Dashchan/src/com/mishiranu/dashchan/ui/posting/text/MarkupButtonProvider.java|class:com.mishiranu.dashchan.ui.posting.text.MarkupButtonProvider
SlowForLoop;aDoctor;/Users/rar9993/repos/research/fdroid_apps/native_apps/Dashchan/NONE_TRANSFORMED_;/Users/rar9993/repos/research/fdroid_apps/native_apps/Dashchan/src/com/mishiranu/dashchan/ui/posting/text/MarkupButtonProvider.java;file:/Users/rar9993/repos/research/fdroid_apps/native_apps/Dashchan/src/com/mishiranu/dashchan/ui/posting/text/MarkupButtonProvider.java|class:com.mishiranu.dashchan.ui.posting.text.MarkupButtonProvider
LeakingThread;aDoctor;/Users/rar9993/repos/research/fdroid_apps/native_apps/Dashchan/NONE_TRANSFORMED_;/Users/rar9993/repos/research/fdroid_apps/native_apps/Dashchan/src/com/mishiranu/dashchan/ui/posting/text/CommentEditWatcher.java;file:/Users/rar9993/repos/research/fdroid_apps/native_apps/Dashchan/src/com/mishiranu/dashchan/ui/posting/text/CommentEditWatcher.java|class:com.mishiranu.dashchan.ui.posting.text.CommentEditWatcher
MemberIgnoringMethod;aDoctor;/Users/rar9993/repos/research/fdroid_apps/native_apps/Dashchan/NONE_TRANSFORMED_;/Users/rar9993/repos/research/fdroid_apps/native_apps/Dashchan/src/com/mishiranu/dashchan/ui/posting/text/CommentEditWatcher.java;file:/Users/rar9993/repos/research/fdroid_apps/native_apps/Dashchan/src/com/mishiranu/dashchan/ui/posting/text/CommentEditWatcher.java|class:com.mishiranu.dashchan.ui.posting.text.CommentEditWatcher
MemberIgnoringMethod;aDoctor;/Users/rar9993/repos/research/fdroid_apps/native_apps/Dashchan/NONE_TRANSFORMED_;/Users/rar9993/repos/research/fdroid_apps/native_apps/Dashchan/src/com/mishiranu/dashchan/ui/posting/text/QuoteEditWatcher.java;file:/Users/rar9993/repos/research/fdroid_apps/native_apps/Dashchan/src/com/mishiranu/dashchan/ui/posting/text/QuoteEditWatcher.java|class:com.mishiranu.dashchan.ui.posting.text.QuoteEditWatcher
SlowForLoop;aDoctor;/Users/rar9993/repos/research/fdroid_apps/native_apps/Dashchan/NONE_TRANSFORMED_;/Users/rar9993/repos/research/fdroid_apps/native_apps/Dashchan/src/com/mishiranu/dashchan/ui/posting/text/QuoteEditWatcher.java;file:/Users/rar9993/repos/research/fdroid_apps/native_apps/Dashchan/src/com/mishiranu/dashchan/ui/posting/text/QuoteEditWatcher.java|class:com.mishiranu.dashchan.ui.posting.text.QuoteEditWatcher
LeakingThread;aDoctor;/Users/rar9993/repos/research/fdroid_apps/native_apps/Dashchan/NONE_TRANSFORMED_;/Users/rar9993/repos/research/fdroid_apps/native_apps/Dashchan/src/com/mishiranu/dashchan/ui/posting/text/NameEditWatcher.java;file:/Users/rar9993/repos/research/fdroid_apps/native_apps/Dashchan/src/com/mishiranu/dashchan/ui/posting/text/NameEditWatcher.java|class:com.mishiranu.dashchan.ui.posting.text.NameEditWatcher
MemberIgnoringMethod;aDoctor;/Users/rar9993/repos/research/fdroid_apps/native_apps/Dashchan/NONE_TRANSFORMED_;/Users/rar9993/repos/research/fdroid_apps/native_apps/Dashchan/src/com/mishiranu/dashchan/ui/posting/text/NameEditWatcher.java;file:/Users/rar9993/repos/research/fdroid_apps/native_apps/Dashchan/src/com/mishiranu/dashchan/ui/posting/text/NameEditWatcher.java|class:com.mishiranu.dashchan.ui.posting.text.NameEditWatcher
LeakingInnerClass;aDoctor;/Users/rar9993/repos/research/fdroid_apps/native_apps/Dashchan/NONE_TRANSFORMED_;/Users/rar9993/repos/research/fdroid_apps/native_apps/Dashchan/src/com/mishiranu/dashchan/widget/DropdownView.java;file:/Users/rar9993/repos/research/fdroid_apps/native_apps/Dashchan/src/com/mishiranu/dashchan/widget/DropdownView.java|class:com.mishiranu.dashchan.widget.DropdownView
MemberIgnoringMethod;aDoctor;/Users/rar9993/repos/research/fdroid_apps/native_apps/Dashchan/NONE_TRANSFORMED_;/Users/rar9993/repos/research/fdroid_apps/native_apps/Dashchan/src/com/mishiranu/dashchan/widget/DropdownView.java;file:/Users/rar9993/repos/research/fdroid_apps/native_apps/Dashchan/src/com/mishiranu/dashchan/widget/DropdownView.java|class:com.mishiranu.dashchan.widget.DropdownView
SlowForLoop;aDoctor;/Users/rar9993/repos/research/fdroid_apps/native_apps/Dashchan/NONE_TRANSFORMED_;/Users/rar9993/repos/research/fdroid_apps/native_apps/Dashchan/src/com/mishiranu/dashchan/widget/DropdownView.java;file:/Users/rar9993/repos/research/fdroid_apps/native_apps/Dashchan/src/com/mishiranu/dashchan/widget/DropdownView.java|class:com.mishiranu.dashchan.widget.DropdownView
MemberIgnoringMethod;aDoctor;/Users/rar9993/repos/research/fdroid_apps/native_apps/Dashchan/NONE_TRANSFORMED_;/Users/rar9993/repos/research/fdroid_apps/native_apps/Dashchan/src/com/mishiranu/dashchan/widget/ViewFactory.java;file:/Users/rar9993/repos/research/fdroid_apps/native_apps/Dashchan/src/com/mishiranu/dashchan/widget/ViewFactory.java|class:com.mishiranu.dashchan.widget.ViewFactory
SlowForLoop;aDoctor;/Users/rar9993/repos/research/fdroid_apps/native_apps/Dashchan/NONE_TRANSFORMED_;/Users/rar9993/repos/research/fdroid_apps/native_apps/Dashchan/src/com/mishiranu/dashchan/widget/ExpandedLayout.java;file:/Users/rar9993/repos/research/fdroid_apps/native_apps/Dashchan/src/com/mishiranu/dashchan/widget/ExpandedLayout.java|class:com.mishiranu.dashchan.widget.ExpandedLayout
MemberIgnoringMethod;aDoctor;/Users/rar9993/repos/research/fdroid_apps/native_apps/Dashchan/NONE_TRANSFORMED_;/Users/rar9993/repos/research/fdroid_apps/native_apps/Dashchan/src/com/mishiranu/dashchan/widget/CursorAdapter.java;file:/Users/rar9993/repos/research/fdroid_apps/native_apps/Dashchan/src/com/mishiranu/dashchan/widget/CursorAdapter.java|class:com.mishiranu.dashchan.widget.CursorAdapter
LeakingInnerClass;aDoctor;/Users/rar9993/repos/research/fdroid_apps/native_apps/Dashchan/NONE_TRANSFORMED_;/Users/rar9993/repos/research/fdroid_apps/native_apps/Dashchan/src/com/mishiranu/dashchan/widget/HeaderItemDecoration.java;file:/Users/rar9993/repos/research/fdroid_apps/native_apps/Dashchan/src/com/mishiranu/dashchan/widget/HeaderItemDecoration.java|class:com.mishiranu.dashchan.widget.HeaderItemDecoration
SlowForLoop;aDoctor;/Users/rar9993/repos/research/fdroid_apps/native_apps/Dashchan/NONE_TRANSFORMED_;/Users/rar9993/repos/research/fdroid_apps/native_apps/Dashchan/src/com/mishiranu/dashchan/widget/HeaderItemDecoration.java;file:/Users/rar9993/repos/research/fdroid_apps/native_apps/Dashchan/src/com/mishiranu/dashchan/widget/HeaderItemDecoration.java|class:com.mishiranu.dashchan.widget.HeaderItemDecoration
MemberIgnoringMethod;aDoctor;/Users/rar9993/repos/research/fdroid_apps/native_apps/Dashchan/NONE_TRANSFORMED_;/Users/rar9993/repos/research/fdroid_apps/native_apps/Dashchan/src/com/mishiranu/dashchan/widget/SafePasteEditText.java;file:/Users/rar9993/repos/research/fdroid_apps/native_apps/Dashchan/src/com/mishiranu/dashchan/widget/SafePasteEditText.java|class:com.mishiranu.dashchan.widget.SafePasteEditText
LeakingInnerClass;aDoctor;/Users/rar9993/repos/research/fdroid_apps/native_apps/Dashchan/NONE_TRANSFORMED_;/Users/rar9993/repos/research/fdroid_apps/native_apps/Dashchan/src/com/mishiranu/dashchan/widget/MenuExpandListener.java;file:/Users/rar9993/repos/research/fdroid_apps/native_apps/Dashchan/src/com/mishiranu/dashchan/widget/MenuExpandListener.java|class:com.mishiranu.dashchan.widget.MenuExpandListener
LeakingInnerClass;aDoctor;/Users/rar9993/repos/research/fdroid_apps/native_apps/Dashchan/NONE_TRANSFORMED_;/Users/rar9993/repos/research/fdroid_apps/native_apps/Dashchan/src/com/mishiranu/dashchan/widget/CommentTextView.java;file:/Users/rar9993/repos/research/fdroid_apps/native_apps/Dashchan/src/com/mishiranu/dashchan/widget/CommentTextView.java|class:com.mishiranu.dashchan.widget.CommentTextView
LeakingThread;aDoctor;/Users/rar9993/repos/research/fdroid_apps/native_apps/Dashchan/NONE_TRANSFORMED_;/Users/rar9993/repos/research/fdroid_apps/native_apps/Dashchan/src/com/mishiranu/dashchan/widget/CommentTextView.java;file:/Users/rar9993/repos/research/fdroid_apps/native_apps/Dashchan/src/com/mishiranu/dashchan/widget/CommentTextView.java|class:com.mishiranu.dashchan.widget.CommentTextView
MemberIgnoringMethod;aDoctor;/Users/rar9993/repos/research/fdroid_apps/native_apps/Dashchan/NONE_TRANSFORMED_;/Users/rar9993/repos/research/fdroid_apps/native_apps/Dashchan/src/com/mishiranu/dashchan/widget/CommentTextView.java;file:/Users/rar9993/repos/research/fdroid_apps/native_apps/Dashchan/src/com/mishiranu/dashchan/widget/CommentTextView.java|class:com.mishiranu.dashchan.widget.CommentTextView
SlowForLoop;aDoctor;/Users/rar9993/repos/research/fdroid_apps/native_apps/Dashchan/NONE_TRANSFORMED_;/Users/rar9993/repos/research/fdroid_apps/native_apps/Dashchan/src/com/mishiranu/dashchan/widget/CommentTextView.java;file:/Users/rar9993/repos/research/fdroid_apps/native_apps/Dashchan/src/com/mishiranu/dashchan/widget/CommentTextView.java|class:com.mishiranu.dashchan.widget.CommentTextView
UnclosedCloseable;aDoctor;/Users/rar9993/repos/research/fdroid_apps/native_apps/Dashchan/NONE_TRANSFORMED_;/Users/rar9993/repos/research/fdroid_apps/native_apps/Dashchan/src/com/mishiranu/dashchan/widget/CommentTextView.java;file:/Users/rar9993/repos/research/fdroid_apps/native_apps/Dashchan/src/com/mishiranu/dashchan/widget/CommentTextView.java|class:com.mishiranu.dashchan.widget.CommentTextView
MemberIgnoringMethod;aDoctor;/Users/rar9993/repos/research/fdroid_apps/native_apps/Dashchan/NONE_TRANSFORMED_;/Users/rar9993/repos/research/fdroid_apps/native_apps/Dashchan/src/com/mishiranu/dashchan/widget/ScaledWebView.java;file:/Users/rar9993/repos/research/fdroid_apps/native_apps/Dashchan/src/com/mishiranu/dashchan/widget/ScaledWebView.java|class:com.mishiranu.dashchan.widget.ScaledWebView
MemberIgnoringMethod;aDoctor;/Users/rar9993/repos/research/fdroid_apps/native_apps/Dashchan/NONE_TRANSFORMED_;/Users/rar9993/repos/research/fdroid_apps/native_apps/Dashchan/src/com/mishiranu/dashchan/widget/CarryLayout.java;file:/Users/rar9993/repos/research/fdroid_apps/native_apps/Dashchan/src/com/mishiranu/dashchan/widget/CarryLayout.java|class:com.mishiranu.dashchan.widget.CarryLayout
SlowForLoop;aDoctor;/Users/rar9993/repos/research/fdroid_apps/native_apps/Dashchan/NONE_TRANSFORMED_;/Users/rar9993/repos/research/fdroid_apps/native_apps/Dashchan/src/com/mishiranu/dashchan/widget/CarryLayout.java;file:/Users/rar9993/repos/research/fdroid_apps/native_apps/Dashchan/src/com/mishiranu/dashchan/widget/CarryLayout.java|class:com.mishiranu.dashchan.widget.CarryLayout
MemberIgnoringMethod;aDoctor;/Users/rar9993/repos/research/fdroid_apps/native_apps/Dashchan/NONE_TRANSFORMED_;/Users/rar9993/repos/research/fdroid_apps/native_apps/Dashchan/src/com/mishiranu/dashchan/widget/PostLinearLayout.java;file:/Users/rar9993/repos/research/fdroid_apps/native_apps/Dashchan/src/com/mishiranu/dashchan/widget/PostLinearLayout.java|class:com.mishiranu.dashchan.widget.PostLinearLayout
LeakingInnerClass;aDoctor;/Users/rar9993/repos/research/fdroid_apps/native_apps/Dashchan/NONE_TRANSFORMED_;/Users/rar9993/repos/research/fdroid_apps/native_apps/Dashchan/src/com/mishiranu/dashchan/widget/DialogStack.java;file:/Users/rar9993/repos/research/fdroid_apps/native_apps/Dashchan/src/com/mishiranu/dashchan/widget/DialogStack.java|class:com.mishiranu.dashchan.widget.DialogStack
LeakingThread;aDoctor;/Users/rar9993/repos/research/fdroid_apps/native_apps/Dashchan/NONE_TRANSFORMED_;/Users/rar9993/repos/research/fdroid_apps/native_apps/Dashchan/src/com/mishiranu/dashchan/widget/DialogStack.java;file:/Users/rar9993/repos/research/fdroid_apps/native_apps/Dashchan/src/com/mishiranu/dashchan/widget/DialogStack.java|class:com.mishiranu.dashchan.widget.DialogStack
MemberIgnoringMethod;aDoctor;/Users/rar9993/repos/research/fdroid_apps/native_apps/Dashchan/NONE_TRANSFORMED_;/Users/rar9993/repos/research/fdroid_apps/native_apps/Dashchan/src/com/mishiranu/dashchan/widget/DialogStack.java;file:/Users/rar9993/repos/research/fdroid_apps/native_apps/Dashchan/src/com/mishiranu/dashchan/widget/DialogStack.java|class:com.mishiranu.dashchan.widget.DialogStack
SlowForLoop;aDoctor;/Users/rar9993/repos/research/fdroid_apps/native_apps/Dashchan/NONE_TRANSFORMED_;/Users/rar9993/repos/research/fdroid_apps/native_apps/Dashchan/src/com/mishiranu/dashchan/widget/DialogStack.java;file:/Users/rar9993/repos/research/fdroid_apps/native_apps/Dashchan/src/com/mishiranu/dashchan/widget/DialogStack.java|class:com.mishiranu.dashchan.widget.DialogStack
LeakingThread;aDoctor;/Users/rar9993/repos/research/fdroid_apps/native_apps/Dashchan/NONE_TRANSFORMED_;/Users/rar9993/repos/research/fdroid_apps/native_apps/Dashchan/src/com/mishiranu/dashchan/widget/CircularProgressBar.java;file:/Users/rar9993/repos/research/fdroid_apps/native_apps/Dashchan/src/com/mishiranu/dashchan/widget/CircularProgressBar.java|class:com.mishiranu.dashchan.widget.CircularProgressBar
MemberIgnoringMethod;aDoctor;/Users/rar9993/repos/research/fdroid_apps/native_apps/Dashchan/NONE_TRANSFORMED_;/Users/rar9993/repos/research/fdroid_apps/native_apps/Dashchan/src/com/mishiranu/dashchan/widget/CircularProgressBar.java;file:/Users/rar9993/repos/research/fdroid_apps/native_apps/Dashchan/src/com/mishiranu/dashchan/widget/CircularProgressBar.java|class:com.mishiranu.dashchan.widget.CircularProgressBar
UnclosedCloseable;aDoctor;/Users/rar9993/repos/research/fdroid_apps/native_apps/Dashchan/NONE_TRANSFORMED_;/Users/rar9993/repos/research/fdroid_apps/native_apps/Dashchan/src/com/mishiranu/dashchan/widget/CircularProgressBar.java;file:/Users/rar9993/repos/research/fdroid_apps/native_apps/Dashchan/src/com/mishiranu/dashchan/widget/CircularProgressBar.java|class:com.mishiranu.dashchan.widget.CircularProgressBar
SlowForLoop;aDoctor;/Users/rar9993/repos/research/fdroid_apps/native_apps/Dashchan/NONE_TRANSFORMED_;/Users/rar9993/repos/research/fdroid_apps/native_apps/Dashchan/src/com/mishiranu/dashchan/widget/CutTextView.java;file:/Users/rar9993/repos/research/fdroid_apps/native_apps/Dashchan/src/com/mishiranu/dashchan/widget/CutTextView.java|class:com.mishiranu.dashchan.widget.CutTextView
MemberIgnoringMethod;aDoctor;/Users/rar9993/repos/research/fdroid_apps/native_apps/Dashchan/NONE_TRANSFORMED_;/Users/rar9993/repos/research/fdroid_apps/native_apps/Dashchan/src/com/mishiranu/dashchan/widget/AttachmentView.java;file:/Users/rar9993/repos/research/fdroid_apps/native_apps/Dashchan/src/com/mishiranu/dashchan/widget/AttachmentView.java|class:com.mishiranu.dashchan.widget.AttachmentView
UnclosedCloseable;aDoctor;/Users/rar9993/repos/research/fdroid_apps/native_apps/Dashchan/NONE_TRANSFORMED_;/Users/rar9993/repos/research/fdroid_apps/native_apps/Dashchan/src/com/mishiranu/dashchan/widget/AttachmentView.java;file:/Users/rar9993/repos/research/fdroid_apps/native_apps/Dashchan/src/com/mishiranu/dashchan/widget/AttachmentView.java|class:com.mishiranu.dashchan.widget.AttachmentView
LeakingInnerClass;aDoctor;/Users/rar9993/repos/research/fdroid_apps/native_apps/Dashchan/NONE_TRANSFORMED_;/Users/rar9993/repos/research/fdroid_apps/native_apps/Dashchan/src/com/mishiranu/dashchan/widget/SortableHelper.java;file:/Users/rar9993/repos/research/fdroid_apps/native_apps/Dashchan/src/com/mishiranu/dashchan/widget/SortableHelper.java|class:com.mishiranu.dashchan.widget.SortableHelper
MemberIgnoringMethod;aDoctor;/Users/rar9993/repos/research/fdroid_apps/native_apps/Dashchan/NONE_TRANSFORMED_;/Users/rar9993/repos/research/fdroid_apps/native_apps/Dashchan/src/com/mishiranu/dashchan/widget/SortableHelper.java;file:/Users/rar9993/repos/research/fdroid_apps/native_apps/Dashchan/src/com/mishiranu/dashchan/widget/SortableHelper.java|class:com.mishiranu.dashchan.widget.SortableHelper
LeakingInnerClass;aDoctor;/Users/rar9993/repos/research/fdroid_apps/native_apps/Dashchan/NONE_TRANSFORMED_;/Users/rar9993/repos/research/fdroid_apps/native_apps/Dashchan/src/com/mishiranu/dashchan/widget/InsetsLayout.java;file:/Users/rar9993/repos/research/fdroid_apps/native_apps/Dashchan/src/com/mishiranu/dashchan/widget/InsetsLayout.java|class:com.mishiranu.dashchan.widget.InsetsLayout
MemberIgnoringMethod;aDoctor;/Users/rar9993/repos/research/fdroid_apps/native_apps/Dashchan/NONE_TRANSFORMED_;/Users/rar9993/repos/research/fdroid_apps/native_apps/Dashchan/src/com/mishiranu/dashchan/widget/InsetsLayout.java;file:/Users/rar9993/repos/research/fdroid_apps/native_apps/Dashchan/src/com/mishiranu/dashchan/widget/InsetsLayout.java|class:com.mishiranu.dashchan.widget.InsetsLayout
LeakingInnerClass;aDoctor;/Users/rar9993/repos/research/fdroid_apps/native_apps/Dashchan/NONE_TRANSFORMED_;/Users/rar9993/repos/research/fdroid_apps/native_apps/Dashchan/src/com/mishiranu/dashchan/widget/PhotoView.java;file:/Users/rar9993/repos/research/fdroid_apps/native_apps/Dashchan/src/com/mishiranu/dashchan/widget/PhotoView.java|class:com.mishiranu.dashchan.widget.PhotoView
LeakingThread;aDoctor;/Users/rar9993/repos/research/fdroid_apps/native_apps/Dashchan/NONE_TRANSFORMED_;/Users/rar9993/repos/research/fdroid_apps/native_apps/Dashchan/src/com/mishiranu/dashchan/widget/PhotoView.java;file:/Users/rar9993/repos/research/fdroid_apps/native_apps/Dashchan/src/com/mishiranu/dashchan/widget/PhotoView.java|class:com.mishiranu.dashchan.widget.PhotoView
MemberIgnoringMethod;aDoctor;/Users/rar9993/repos/research/fdroid_apps/native_apps/Dashchan/NONE_TRANSFORMED_;/Users/rar9993/repos/research/fdroid_apps/native_apps/Dashchan/src/com/mishiranu/dashchan/widget/PhotoView.java;file:/Users/rar9993/repos/research/fdroid_apps/native_apps/Dashchan/src/com/mishiranu/dashchan/widget/PhotoView.java|class:com.mishiranu.dashchan.widget.PhotoView
MemberIgnoringMethod;aDoctor;/Users/rar9993/repos/research/fdroid_apps/native_apps/Dashchan/NONE_TRANSFORMED_;/Users/rar9993/repos/research/fdroid_apps/native_apps/Dashchan/src/com/mishiranu/dashchan/widget/SimpleViewHolder.java;file:/Users/rar9993/repos/research/fdroid_apps/native_apps/Dashchan/src/com/mishiranu/dashchan/widget/SimpleViewHolder.java|class:com.mishiranu.dashchan.widget.SimpleViewHolder
LeakingInnerClass;aDoctor;/Users/rar9993/repos/research/fdroid_apps/native_apps/Dashchan/NONE_TRANSFORMED_;/Users/rar9993/repos/research/fdroid_apps/native_apps/Dashchan/src/com/mishiranu/dashchan/widget/RecyclerScrollTracker.java;file:/Users/rar9993/repos/research/fdroid_apps/native_apps/Dashchan/src/com/mishiranu/dashchan/widget/RecyclerScrollTracker.java|class:com.mishiranu.dashchan.widget.RecyclerScrollTracker
MemberIgnoringMethod;aDoctor;/Users/rar9993/repos/research/fdroid_apps/native_apps/Dashchan/NONE_TRANSFORMED_;/Users/rar9993/repos/research/fdroid_apps/native_apps/Dashchan/src/com/mishiranu/dashchan/widget/RecyclerScrollTracker.java;file:/Users/rar9993/repos/research/fdroid_apps/native_apps/Dashchan/src/com/mishiranu/dashchan/widget/RecyclerScrollTracker.java|class:com.mishiranu.dashchan.widget.RecyclerScrollTracker
LeakingInnerClass;aDoctor;/Users/rar9993/repos/research/fdroid_apps/native_apps/Dashchan/NONE_TRANSFORMED_;/Users/rar9993/repos/research/fdroid_apps/native_apps/Dashchan/src/com/mishiranu/dashchan/widget/ExpandedScreen.java;file:/Users/rar9993/repos/research/fdroid_apps/native_apps/Dashchan/src/com/mishiranu/dashchan/widget/ExpandedScreen.java|class:com.mishiranu.dashchan.widget.ExpandedScreen
LeakingThread;aDoctor;/Users/rar9993/repos/research/fdroid_apps/native_apps/Dashchan/NONE_TRANSFORMED_;/Users/rar9993/repos/research/fdroid_apps/native_apps/Dashchan/src/com/mishiranu/dashchan/widget/ExpandedScreen.java;file:/Users/rar9993/repos/research/fdroid_apps/native_apps/Dashchan/src/com/mishiranu/dashchan/widget/ExpandedScreen.java|class:com.mishiranu.dashchan.widget.ExpandedScreen
MemberIgnoringMethod;aDoctor;/Users/rar9993/repos/research/fdroid_apps/native_apps/Dashchan/NONE_TRANSFORMED_;/Users/rar9993/repos/research/fdroid_apps/native_apps/Dashchan/src/com/mishiranu/dashchan/widget/ExpandedScreen.java;file:/Users/rar9993/repos/research/fdroid_apps/native_apps/Dashchan/src/com/mishiranu/dashchan/widget/ExpandedScreen.java|class:com.mishiranu.dashchan.widget.ExpandedScreen
SlowForLoop;aDoctor;/Users/rar9993/repos/research/fdroid_apps/native_apps/Dashchan/NONE_TRANSFORMED_;/Users/rar9993/repos/research/fdroid_apps/native_apps/Dashchan/src/com/mishiranu/dashchan/widget/ExpandedScreen.java;file:/Users/rar9993/repos/research/fdroid_apps/native_apps/Dashchan/src/com/mishiranu/dashchan/widget/ExpandedScreen.java|class:com.mishiranu.dashchan.widget.ExpandedScreen
LeakingInnerClass;aDoctor;/Users/rar9993/repos/research/fdroid_apps/native_apps/Dashchan/NONE_TRANSFORMED_;/Users/rar9993/repos/research/fdroid_apps/native_apps/Dashchan/src/com/mishiranu/dashchan/widget/CustomSearchView.java;file:/Users/rar9993/repos/research/fdroid_apps/native_apps/Dashchan/src/com/mishiranu/dashchan/widget/CustomSearchView.java|class:com.mishiranu.dashchan.widget.CustomSearchView
SlowForLoop;aDoctor;/Users/rar9993/repos/research/fdroid_apps/native_apps/Dashchan/NONE_TRANSFORMED_;/Users/rar9993/repos/research/fdroid_apps/native_apps/Dashchan/src/com/mishiranu/dashchan/widget/CustomSearchView.java;file:/Users/rar9993/repos/research/fdroid_apps/native_apps/Dashchan/src/com/mishiranu/dashchan/widget/CustomSearchView.java|class:com.mishiranu.dashchan.widget.CustomSearchView
LeakingInnerClass;aDoctor;/Users/rar9993/repos/research/fdroid_apps/native_apps/Dashchan/NONE_TRANSFORMED_;/Users/rar9993/repos/research/fdroid_apps/native_apps/Dashchan/src/com/mishiranu/dashchan/widget/ClickableToast.java;file:/Users/rar9993/repos/research/fdroid_apps/native_apps/Dashchan/src/com/mishiranu/dashchan/widget/ClickableToast.java|class:com.mishiranu.dashchan.widget.ClickableToast
LeakingThread;aDoctor;/Users/rar9993/repos/research/fdroid_apps/native_apps/Dashchan/NONE_TRANSFORMED_;/Users/rar9993/repos/research/fdroid_apps/native_apps/Dashchan/src/com/mishiranu/dashchan/widget/ClickableToast.java;file:/Users/rar9993/repos/research/fdroid_apps/native_apps/Dashchan/src/com/mishiranu/dashchan/widget/ClickableToast.java|class:com.mishiranu.dashchan.widget.ClickableToast
SlowForLoop;aDoctor;/Users/rar9993/repos/research/fdroid_apps/native_apps/Dashchan/NONE_TRANSFORMED_;/Users/rar9993/repos/research/fdroid_apps/native_apps/Dashchan/src/com/mishiranu/dashchan/widget/ClickableToast.java;file:/Users/rar9993/repos/research/fdroid_apps/native_apps/Dashchan/src/com/mishiranu/dashchan/widget/ClickableToast.java|class:com.mishiranu.dashchan.widget.ClickableToast
LeakingInnerClass;aDoctor;/Users/rar9993/repos/research/fdroid_apps/native_apps/Dashchan/NONE_TRANSFORMED_;/Users/rar9993/repos/research/fdroid_apps/native_apps/Dashchan/src/com/mishiranu/dashchan/widget/CardView.java;file:/Users/rar9993/repos/research/fdroid_apps/native_apps/Dashchan/src/com/mishiranu/dashchan/widget/CardView.java|class:com.mishiranu.dashchan.widget.CardView
MemberIgnoringMethod;aDoctor;/Users/rar9993/repos/research/fdroid_apps/native_apps/Dashchan/NONE_TRANSFORMED_;/Users/rar9993/repos/research/fdroid_apps/native_apps/Dashchan/src/com/mishiranu/dashchan/widget/CardView.java;file:/Users/rar9993/repos/research/fdroid_apps/native_apps/Dashchan/src/com/mishiranu/dashchan/widget/CardView.java|class:com.mishiranu.dashchan.widget.CardView
LeakingInnerClass;aDoctor;/Users/rar9993/repos/research/fdroid_apps/native_apps/Dashchan/NONE_TRANSFORMED_;/Users/rar9993/repos/research/fdroid_apps/native_apps/Dashchan/src/com/mishiranu/dashchan/widget/EdgeEffectHandler.java;file:/Users/rar9993/repos/research/fdroid_apps/native_apps/Dashchan/src/com/mishiranu/dashchan/widget/EdgeEffectHandler.java|class:com.mishiranu.dashchan.widget.EdgeEffectHandler
LeakingInnerClass;aDoctor;/Users/rar9993/repos/research/fdroid_apps/native_apps/Dashchan/NONE_TRANSFORMED_;/Users/rar9993/repos/research/fdroid_apps/native_apps/Dashchan/src/com/mishiranu/dashchan/widget/DividerItemDecoration.java;file:/Users/rar9993/repos/research/fdroid_apps/native_apps/Dashchan/src/com/mishiranu/dashchan/widget/DividerItemDecoration.java|class:com.mishiranu.dashchan.widget.DividerItemDecoration
SlowForLoop;aDoctor;/Users/rar9993/repos/research/fdroid_apps/native_apps/Dashchan/NONE_TRANSFORMED_;/Users/rar9993/repos/research/fdroid_apps/native_apps/Dashchan/src/com/mishiranu/dashchan/widget/DividerItemDecoration.java;file:/Users/rar9993/repos/research/fdroid_apps/native_apps/Dashchan/src/com/mishiranu/dashchan/widget/DividerItemDecoration.java|class:com.mishiranu.dashchan.widget.DividerItemDecoration
MemberIgnoringMethod;aDoctor;/Users/rar9993/repos/research/fdroid_apps/native_apps/Dashchan/NONE_TRANSFORMED_;/Users/rar9993/repos/research/fdroid_apps/native_apps/Dashchan/src/com/mishiranu/dashchan/widget/ThreadDescriptionView.java;file:/Users/rar9993/repos/research/fdroid_apps/native_apps/Dashchan/src/com/mishiranu/dashchan/widget/ThreadDescriptionView.java|class:com.mishiranu.dashchan.widget.ThreadDescriptionView
SlowForLoop;aDoctor;/Users/rar9993/repos/research/fdroid_apps/native_apps/Dashchan/NONE_TRANSFORMED_;/Users/rar9993/repos/research/fdroid_apps/native_apps/Dashchan/src/com/mishiranu/dashchan/widget/ThreadDescriptionView.java;file:/Users/rar9993/repos/research/fdroid_apps/native_apps/Dashchan/src/com/mishiranu/dashchan/widget/ThreadDescriptionView.java|class:com.mishiranu.dashchan.widget.ThreadDescriptionView
MemberIgnoringMethod;aDoctor;/Users/rar9993/repos/research/fdroid_apps/native_apps/Dashchan/NONE_TRANSFORMED_;/Users/rar9993/repos/research/fdroid_apps/native_apps/Dashchan/src/com/mishiranu/dashchan/widget/SummaryLayout.java;file:/Users/rar9993/repos/research/fdroid_apps/native_apps/Dashchan/src/com/mishiranu/dashchan/widget/SummaryLayout.java|class:com.mishiranu.dashchan.widget.SummaryLayout
MemberIgnoringMethod;aDoctor;/Users/rar9993/repos/research/fdroid_apps/native_apps/Dashchan/NONE_TRANSFORMED_;/Users/rar9993/repos/research/fdroid_apps/native_apps/Dashchan/src/com/mishiranu/dashchan/widget/LinebreakLayout.java;file:/Users/rar9993/repos/research/fdroid_apps/native_apps/Dashchan/src/com/mishiranu/dashchan/widget/LinebreakLayout.java|class:com.mishiranu.dashchan.widget.LinebreakLayout
SlowForLoop;aDoctor;/Users/rar9993/repos/research/fdroid_apps/native_apps/Dashchan/NONE_TRANSFORMED_;/Users/rar9993/repos/research/fdroid_apps/native_apps/Dashchan/src/com/mishiranu/dashchan/widget/LinebreakLayout.java;file:/Users/rar9993/repos/research/fdroid_apps/native_apps/Dashchan/src/com/mishiranu/dashchan/widget/LinebreakLayout.java|class:com.mishiranu.dashchan.widget.LinebreakLayout
LeakingInnerClass;aDoctor;/Users/rar9993/repos/research/fdroid_apps/native_apps/Dashchan/NONE_TRANSFORMED_;/Users/rar9993/repos/research/fdroid_apps/native_apps/Dashchan/src/com/mishiranu/dashchan/widget/ListPosition.java;file:/Users/rar9993/repos/research/fdroid_apps/native_apps/Dashchan/src/com/mishiranu/dashchan/widget/ListPosition.java|class:com.mishiranu.dashchan.widget.ListPosition
MemberIgnoringMethod;aDoctor;/Users/rar9993/repos/research/fdroid_apps/native_apps/Dashchan/NONE_TRANSFORMED_;/Users/rar9993/repos/research/fdroid_apps/native_apps/Dashchan/src/com/mishiranu/dashchan/widget/ListPosition.java;file:/Users/rar9993/repos/research/fdroid_apps/native_apps/Dashchan/src/com/mishiranu/dashchan/widget/ListPosition.java|class:com.mishiranu.dashchan.widget.ListPosition
SlowForLoop;aDoctor;/Users/rar9993/repos/research/fdroid_apps/native_apps/Dashchan/NONE_TRANSFORMED_;/Users/rar9993/repos/research/fdroid_apps/native_apps/Dashchan/src/com/mishiranu/dashchan/widget/ListPosition.java;file:/Users/rar9993/repos/research/fdroid_apps/native_apps/Dashchan/src/com/mishiranu/dashchan/widget/ListPosition.java|class:com.mishiranu.dashchan.widget.ListPosition
LeakingInnerClass;aDoctor;/Users/rar9993/repos/research/fdroid_apps/native_apps/Dashchan/NONE_TRANSFORMED_;/Users/rar9993/repos/research/fdroid_apps/native_apps/Dashchan/src/com/mishiranu/dashchan/widget/PullableWrapper.java;file:/Users/rar9993/repos/research/fdroid_apps/native_apps/Dashchan/src/com/mishiranu/dashchan/widget/PullableWrapper.java|class:com.mishiranu.dashchan.widget.PullableWrapper
InternalGetterSetter;aDoctor;/Users/rar9993/repos/research/fdroid_apps/native_apps/Dashchan/NONE_TRANSFORMED_;/Users/rar9993/repos/research/fdroid_apps/native_apps/Dashchan/src/com/mishiranu/dashchan/widget/ProgressDialog.java;file:/Users/rar9993/repos/research/fdroid_apps/native_apps/Dashchan/src/com/mishiranu/dashchan/widget/ProgressDialog.java|class:com.mishiranu.dashchan.widget.ProgressDialog
LeakingInnerClass;aDoctor;/Users/rar9993/repos/research/fdroid_apps/native_apps/Dashchan/NONE_TRANSFORMED_;/Users/rar9993/repos/research/fdroid_apps/native_apps/Dashchan/src/com/mishiranu/dashchan/widget/PhotoViewPager.java;file:/Users/rar9993/repos/research/fdroid_apps/native_apps/Dashchan/src/com/mishiranu/dashchan/widget/PhotoViewPager.java|class:com.mishiranu.dashchan.widget.PhotoViewPager
LeakingThread;aDoctor;/Users/rar9993/repos/research/fdroid_apps/native_apps/Dashchan/NONE_TRANSFORMED_;/Users/rar9993/repos/research/fdroid_apps/native_apps/Dashchan/src/com/mishiranu/dashchan/widget/PhotoViewPager.java;file:/Users/rar9993/repos/research/fdroid_apps/native_apps/Dashchan/src/com/mishiranu/dashchan/widget/PhotoViewPager.java|class:com.mishiranu.dashchan.widget.PhotoViewPager
MemberIgnoringMethod;aDoctor;/Users/rar9993/repos/research/fdroid_apps/native_apps/Dashchan/NONE_TRANSFORMED_;/Users/rar9993/repos/research/fdroid_apps/native_apps/Dashchan/src/com/mishiranu/dashchan/widget/PhotoViewPager.java;file:/Users/rar9993/repos/research/fdroid_apps/native_apps/Dashchan/src/com/mishiranu/dashchan/widget/PhotoViewPager.java|class:com.mishiranu.dashchan.widget.PhotoViewPager
SlowForLoop;aDoctor;/Users/rar9993/repos/research/fdroid_apps/native_apps/Dashchan/NONE_TRANSFORMED_;/Users/rar9993/repos/research/fdroid_apps/native_apps/Dashchan/src/com/mishiranu/dashchan/widget/PhotoViewPager.java;file:/Users/rar9993/repos/research/fdroid_apps/native_apps/Dashchan/src/com/mishiranu/dashchan/widget/PhotoViewPager.java|class:com.mishiranu.dashchan.widget.PhotoViewPager
MemberIgnoringMethod;aDoctor;/Users/rar9993/repos/research/fdroid_apps/native_apps/Dashchan/NONE_TRANSFORMED_;/Users/rar9993/repos/research/fdroid_apps/native_apps/Dashchan/src/com/mishiranu/dashchan/widget/PaddedRecyclerView.java;file:/Users/rar9993/repos/research/fdroid_apps/native_apps/Dashchan/src/com/mishiranu/dashchan/widget/PaddedRecyclerView.java|class:com.mishiranu.dashchan.widget.PaddedRecyclerView
DataTransmissionWithoutCompression;aDoctor;/Users/rar9993/repos/research/fdroid_apps/native_apps/Dashchan/NONE_TRANSFORMED_;/Users/rar9993/repos/research/fdroid_apps/native_apps/Dashchan/src/com/mishiranu/dashchan/util/IOUtils.java;file:/Users/rar9993/repos/research/fdroid_apps/native_apps/Dashchan/src/com/mishiranu/dashchan/util/IOUtils.java|class:com.mishiranu.dashchan.util.IOUtils
SlowForLoop;aDoctor;/Users/rar9993/repos/research/fdroid_apps/native_apps/Dashchan/NONE_TRANSFORMED_;/Users/rar9993/repos/research/fdroid_apps/native_apps/Dashchan/src/com/mishiranu/dashchan/util/IOUtils.java;file:/Users/rar9993/repos/research/fdroid_apps/native_apps/Dashchan/src/com/mishiranu/dashchan/util/IOUtils.java|class:com.mishiranu.dashchan.util.IOUtils
WakeLock;aDoctor;/Users/rar9993/repos/research/fdroid_apps/native_apps/Dashchan/NONE_TRANSFORMED_;/Users/rar9993/repos/research/fdroid_apps/native_apps/Dashchan/src/com/mishiranu/dashchan/util/AudioFocus.java;file:/Users/rar9993/repos/research/fdroid_apps/native_apps/Dashchan/src/com/mishiranu/dashchan/util/AudioFocus.java|class:com.mishiranu.dashchan.util.AudioFocus
LeakingInnerClass;aDoctor;/Users/rar9993/repos/research/fdroid_apps/native_apps/Dashchan/NONE_TRANSFORMED_;/Users/rar9993/repos/research/fdroid_apps/native_apps/Dashchan/src/com/mishiranu/dashchan/util/AudioFocus.java;file:/Users/rar9993/repos/research/fdroid_apps/native_apps/Dashchan/src/com/mishiranu/dashchan/util/AudioFocus.java|class:com.mishiranu.dashchan.util.AudioFocus
MemberIgnoringMethod;aDoctor;/Users/rar9993/repos/research/fdroid_apps/native_apps/Dashchan/NONE_TRANSFORMED_;/Users/rar9993/repos/research/fdroid_apps/native_apps/Dashchan/src/com/mishiranu/dashchan/util/ViewUtils.java;file:/Users/rar9993/repos/research/fdroid_apps/native_apps/Dashchan/src/com/mishiranu/dashchan/util/ViewUtils.java|class:com.mishiranu.dashchan.util.ViewUtils
SlowForLoop;aDoctor;/Users/rar9993/repos/research/fdroid_apps/native_apps/Dashchan/NONE_TRANSFORMED_;/Users/rar9993/repos/research/fdroid_apps/native_apps/Dashchan/src/com/mishiranu/dashchan/util/ViewUtils.java;file:/Users/rar9993/repos/research/fdroid_apps/native_apps/Dashchan/src/com/mishiranu/dashchan/util/ViewUtils.java|class:com.mishiranu.dashchan.util.ViewUtils
SlowForLoop;aDoctor;/Users/rar9993/repos/research/fdroid_apps/native_apps/Dashchan/NONE_TRANSFORMED_;/Users/rar9993/repos/research/fdroid_apps/native_apps/Dashchan/src/com/mishiranu/dashchan/util/GraphicsUtils.java;file:/Users/rar9993/repos/research/fdroid_apps/native_apps/Dashchan/src/com/mishiranu/dashchan/util/GraphicsUtils.java|class:com.mishiranu.dashchan.util.GraphicsUtils
DataTransmissionWithoutCompression;aDoctor;/Users/rar9993/repos/research/fdroid_apps/native_apps/Dashchan/NONE_TRANSFORMED_;/Users/rar9993/repos/research/fdroid_apps/native_apps/Dashchan/src/com/mishiranu/dashchan/util/Logger.java;file:/Users/rar9993/repos/research/fdroid_apps/native_apps/Dashchan/src/com/mishiranu/dashchan/util/Logger.java|class:com.mishiranu.dashchan.util.Logger
LeakingInnerClass;aDoctor;/Users/rar9993/repos/research/fdroid_apps/native_apps/Dashchan/NONE_TRANSFORMED_;/Users/rar9993/repos/research/fdroid_apps/native_apps/Dashchan/src/com/mishiranu/dashchan/util/Logger.java;file:/Users/rar9993/repos/research/fdroid_apps/native_apps/Dashchan/src/com/mishiranu/dashchan/util/Logger.java|class:com.mishiranu.dashchan.util.Logger
SlowForLoop;aDoctor;/Users/rar9993/repos/research/fdroid_apps/native_apps/Dashchan/NONE_TRANSFORMED_;/Users/rar9993/repos/research/fdroid_apps/native_apps/Dashchan/src/com/mishiranu/dashchan/util/Logger.java;file:/Users/rar9993/repos/research/fdroid_apps/native_apps/Dashchan/src/com/mishiranu/dashchan/util/Logger.java|class:com.mishiranu.dashchan.util.Logger
LeakingThread;aDoctor;/Users/rar9993/repos/research/fdroid_apps/native_apps/Dashchan/NONE_TRANSFORMED_;/Users/rar9993/repos/research/fdroid_apps/native_apps/Dashchan/src/com/mishiranu/dashchan/util/ConcurrentUtils.java;file:/Users/rar9993/repos/research/fdroid_apps/native_apps/Dashchan/src/com/mishiranu/dashchan/util/ConcurrentUtils.java|class:com.mishiranu.dashchan.util.ConcurrentUtils
MemberIgnoringMethod;aDoctor;/Users/rar9993/repos/research/fdroid_apps/native_apps/Dashchan/NONE_TRANSFORMED_;/Users/rar9993/repos/research/fdroid_apps/native_apps/Dashchan/src/com/mishiranu/dashchan/util/ConcurrentUtils.java;file:/Users/rar9993/repos/research/fdroid_apps/native_apps/Dashchan/src/com/mishiranu/dashchan/util/ConcurrentUtils.java|class:com.mishiranu.dashchan.util.ConcurrentUtils
LeakingInnerClass;aDoctor;/Users/rar9993/repos/research/fdroid_apps/native_apps/Dashchan/NONE_TRANSFORMED_;/Users/rar9993/repos/research/fdroid_apps/native_apps/Dashchan/src/com/mishiranu/dashchan/util/LruCache.java;file:/Users/rar9993/repos/research/fdroid_apps/native_apps/Dashchan/src/com/mishiranu/dashchan/util/LruCache.java|class:com.mishiranu.dashchan.util.LruCache
LeakingInnerClass;aDoctor;/Users/rar9993/repos/research/fdroid_apps/native_apps/Dashchan/NONE_TRANSFORMED_;/Users/rar9993/repos/research/fdroid_apps/native_apps/Dashchan/src/com/mishiranu/dashchan/util/SharedPreferences.java;file:/Users/rar9993/repos/research/fdroid_apps/native_apps/Dashchan/src/com/mishiranu/dashchan/util/SharedPreferences.java|class:com.mishiranu.dashchan.util.SharedPreferences
MemberIgnoringMethod;aDoctor;/Users/rar9993/repos/research/fdroid_apps/native_apps/Dashchan/NONE_TRANSFORMED_;/Users/rar9993/repos/research/fdroid_apps/native_apps/Dashchan/src/com/mishiranu/dashchan/util/SharedPreferences.java;file:/Users/rar9993/repos/research/fdroid_apps/native_apps/Dashchan/src/com/mishiranu/dashchan/util/SharedPreferences.java|class:com.mishiranu.dashchan.util.SharedPreferences
SlowForLoop;aDoctor;/Users/rar9993/repos/research/fdroid_apps/native_apps/Dashchan/NONE_TRANSFORMED_;/Users/rar9993/repos/research/fdroid_apps/native_apps/Dashchan/src/com/mishiranu/dashchan/util/SearchHelper.java;file:/Users/rar9993/repos/research/fdroid_apps/native_apps/Dashchan/src/com/mishiranu/dashchan/util/SearchHelper.java|class:com.mishiranu.dashchan.util.SearchHelper
MemberIgnoringMethod;aDoctor;/Users/rar9993/repos/research/fdroid_apps/native_apps/Dashchan/NONE_TRANSFORMED_;/Users/rar9993/repos/research/fdroid_apps/native_apps/Dashchan/src/com/mishiranu/dashchan/util/Hasher.java;file:/Users/rar9993/repos/research/fdroid_apps/native_apps/Dashchan/src/com/mishiranu/dashchan/util/Hasher.java|class:com.mishiranu.dashchan.util.Hasher
DataTransmissionWithoutCompression;aDoctor;/Users/rar9993/repos/research/fdroid_apps/native_apps/Dashchan/NONE_TRANSFORMED_;/Users/rar9993/repos/research/fdroid_apps/native_apps/Dashchan/src/com/mishiranu/dashchan/util/NavigationUtils.java;file:/Users/rar9993/repos/research/fdroid_apps/native_apps/Dashchan/src/com/mishiranu/dashchan/util/NavigationUtils.java|class:com.mishiranu.dashchan.util.NavigationUtils
LeakingInnerClass;aDoctor;/Users/rar9993/repos/research/fdroid_apps/native_apps/Dashchan/NONE_TRANSFORMED_;/Users/rar9993/repos/research/fdroid_apps/native_apps/Dashchan/src/com/mishiranu/dashchan/util/ListViewUtils.java;file:/Users/rar9993/repos/research/fdroid_apps/native_apps/Dashchan/src/com/mishiranu/dashchan/util/ListViewUtils.java|class:com.mishiranu.dashchan.util.ListViewUtils
LeakingInnerClass;aDoctor;/Users/rar9993/repos/research/fdroid_apps/native_apps/Dashchan/NONE_TRANSFORMED_;/Users/rar9993/repos/research/fdroid_apps/native_apps/Dashchan/src/com/mishiranu/dashchan/util/AndroidUtils.java;file:/Users/rar9993/repos/research/fdroid_apps/native_apps/Dashchan/src/com/mishiranu/dashchan/util/AndroidUtils.java|class:com.mishiranu.dashchan.util.AndroidUtils
MemberIgnoringMethod;aDoctor;/Users/rar9993/repos/research/fdroid_apps/native_apps/Dashchan/NONE_TRANSFORMED_;/Users/rar9993/repos/research/fdroid_apps/native_apps/Dashchan/src/com/mishiranu/dashchan/util/AndroidUtils.java;file:/Users/rar9993/repos/research/fdroid_apps/native_apps/Dashchan/src/com/mishiranu/dashchan/util/AndroidUtils.java|class:com.mishiranu.dashchan.util.AndroidUtils
LeakingInnerClass;aDoctor;/Users/rar9993/repos/research/fdroid_apps/native_apps/Dashchan/NONE_TRANSFORMED_;/Users/rar9993/repos/research/fdroid_apps/native_apps/Dashchan/src/com/mishiranu/dashchan/util/WeakIterator.java;file:/Users/rar9993/repos/research/fdroid_apps/native_apps/Dashchan/src/com/mishiranu/dashchan/util/WeakIterator.java|class:com.mishiranu.dashchan.util.WeakIterator
MemberIgnoringMethod;aDoctor;/Users/rar9993/repos/research/fdroid_apps/native_apps/Dashchan/NONE_TRANSFORMED_;/Users/rar9993/repos/research/fdroid_apps/native_apps/Dashchan/src/com/mishiranu/dashchan/util/WeakIterator.java;file:/Users/rar9993/repos/research/fdroid_apps/native_apps/Dashchan/src/com/mishiranu/dashchan/util/WeakIterator.java|class:com.mishiranu.dashchan.util.WeakIterator
LeakingInnerClass;aDoctor;/Users/rar9993/repos/research/fdroid_apps/native_apps/Dashchan/NONE_TRANSFORMED_;/Users/rar9993/repos/research/fdroid_apps/native_apps/Dashchan/src/com/mishiranu/dashchan/util/DrawerToggle.java;file:/Users/rar9993/repos/research/fdroid_apps/native_apps/Dashchan/src/com/mishiranu/dashchan/util/DrawerToggle.java|class:com.mishiranu.dashchan.util.DrawerToggle
MemberIgnoringMethod;aDoctor;/Users/rar9993/repos/research/fdroid_apps/native_apps/Dashchan/NONE_TRANSFORMED_;/Users/rar9993/repos/research/fdroid_apps/native_apps/Dashchan/src/com/mishiranu/dashchan/util/DrawerToggle.java;file:/Users/rar9993/repos/research/fdroid_apps/native_apps/Dashchan/src/com/mishiranu/dashchan/util/DrawerToggle.java|class:com.mishiranu.dashchan.util.DrawerToggle
LeakingThread;aDoctor;/Users/rar9993/repos/research/fdroid_apps/native_apps/Dashchan/NONE_TRANSFORMED_;/Users/rar9993/repos/research/fdroid_apps/native_apps/Dashchan/src/com/mishiranu/dashchan/util/WebViewUtils.java;file:/Users/rar9993/repos/research/fdroid_apps/native_apps/Dashchan/src/com/mishiranu/dashchan/util/WebViewUtils.java|class:com.mishiranu.dashchan.util.WebViewUtils
DataTransmissionWithoutCompression;aDoctor;/Users/rar9993/repos/research/fdroid_apps/native_apps/Dashchan/NONE_TRANSFORMED_;/Users/rar9993/repos/research/fdroid_apps/native_apps/Dashchan/src/com/mishiranu/dashchan/content/database/PagesDatabase.java;file:/Users/rar9993/repos/research/fdroid_apps/native_apps/Dashchan/src/com/mishiranu/dashchan/content/database/PagesDatabase.java|class:com.mishiranu.dashchan.content.database.PagesDatabase
LeakingInnerClass;aDoctor;/Users/rar9993/repos/research/fdroid_apps/native_apps/Dashchan/NONE_TRANSFORMED_;/Users/rar9993/repos/research/fdroid_apps/native_apps/Dashchan/src/com/mishiranu/dashchan/content/database/PagesDatabase.java;file:/Users/rar9993/repos/research/fdroid_apps/native_apps/Dashchan/src/com/mishiranu/dashchan/content/database/PagesDatabase.java|class:com.mishiranu.dashchan.content.database.PagesDatabase
MemberIgnoringMethod;aDoctor;/Users/rar9993/repos/research/fdroid_apps/native_apps/Dashchan/NONE_TRANSFORMED_;/Users/rar9993/repos/research/fdroid_apps/native_apps/Dashchan/src/com/mishiranu/dashchan/content/database/PagesDatabase.java;file:/Users/rar9993/repos/research/fdroid_apps/native_apps/Dashchan/src/com/mishiranu/dashchan/content/database/PagesDatabase.java|class:com.mishiranu.dashchan.content.database.PagesDatabase
SlowForLoop;aDoctor;/Users/rar9993/repos/research/fdroid_apps/native_apps/Dashchan/NONE_TRANSFORMED_;/Users/rar9993/repos/research/fdroid_apps/native_apps/Dashchan/src/com/mishiranu/dashchan/content/database/PagesDatabase.java;file:/Users/rar9993/repos/research/fdroid_apps/native_apps/Dashchan/src/com/mishiranu/dashchan/content/database/PagesDatabase.java|class:com.mishiranu.dashchan.content.database.PagesDatabase
UnclosedCloseable;aDoctor;/Users/rar9993/repos/research/fdroid_apps/native_apps/Dashchan/NONE_TRANSFORMED_;/Users/rar9993/repos/research/fdroid_apps/native_apps/Dashchan/src/com/mishiranu/dashchan/content/database/PagesDatabase.java;file:/Users/rar9993/repos/research/fdroid_apps/native_apps/Dashchan/src/com/mishiranu/dashchan/content/database/PagesDatabase.java|class:com.mishiranu.dashchan.content.database.PagesDatabase
LeakingInnerClass;aDoctor;/Users/rar9993/repos/research/fdroid_apps/native_apps/Dashchan/NONE_TRANSFORMED_;/Users/rar9993/repos/research/fdroid_apps/native_apps/Dashchan/src/com/mishiranu/dashchan/content/database/ThreadsDatabase.java;file:/Users/rar9993/repos/research/fdroid_apps/native_apps/Dashchan/src/com/mishiranu/dashchan/content/database/ThreadsDatabase.java|class:com.mishiranu.dashchan.content.database.ThreadsDatabase
UnclosedCloseable;aDoctor;/Users/rar9993/repos/research/fdroid_apps/native_apps/Dashchan/NONE_TRANSFORMED_;/Users/rar9993/repos/research/fdroid_apps/native_apps/Dashchan/src/com/mishiranu/dashchan/content/database/ThreadsDatabase.java;file:/Users/rar9993/repos/research/fdroid_apps/native_apps/Dashchan/src/com/mishiranu/dashchan/content/database/ThreadsDatabase.java|class:com.mishiranu.dashchan.content.database.ThreadsDatabase
LeakingInnerClass;aDoctor;/Users/rar9993/repos/research/fdroid_apps/native_apps/Dashchan/NONE_TRANSFORMED_;/Users/rar9993/repos/research/fdroid_apps/native_apps/Dashchan/src/com/mishiranu/dashchan/content/database/Expression.java;file:/Users/rar9993/repos/research/fdroid_apps/native_apps/Dashchan/src/com/mishiranu/dashchan/content/database/Expression.java|class:com.mishiranu.dashchan.content.database.Expression
LeakingThread;aDoctor;/Users/rar9993/repos/research/fdroid_apps/native_apps/Dashchan/NONE_TRANSFORMED_;/Users/rar9993/repos/research/fdroid_apps/native_apps/Dashchan/src/com/mishiranu/dashchan/content/database/Expression.java;file:/Users/rar9993/repos/research/fdroid_apps/native_apps/Dashchan/src/com/mishiranu/dashchan/content/database/Expression.java|class:com.mishiranu.dashchan.content.database.Expression
SlowForLoop;aDoctor;/Users/rar9993/repos/research/fdroid_apps/native_apps/Dashchan/NONE_TRANSFORMED_;/Users/rar9993/repos/research/fdroid_apps/native_apps/Dashchan/src/com/mishiranu/dashchan/content/database/Expression.java;file:/Users/rar9993/repos/research/fdroid_apps/native_apps/Dashchan/src/com/mishiranu/dashchan/content/database/Expression.java|class:com.mishiranu.dashchan.content.database.Expression
LeakingInnerClass;aDoctor;/Users/rar9993/repos/research/fdroid_apps/native_apps/Dashchan/NONE_TRANSFORMED_;/Users/rar9993/repos/research/fdroid_apps/native_apps/Dashchan/src/com/mishiranu/dashchan/content/database/PostsDatabase.java;file:/Users/rar9993/repos/research/fdroid_apps/native_apps/Dashchan/src/com/mishiranu/dashchan/content/database/PostsDatabase.java|class:com.mishiranu.dashchan.content.database.PostsDatabase
UnclosedCloseable;aDoctor;/Users/rar9993/repos/research/fdroid_apps/native_apps/Dashchan/NONE_TRANSFORMED_;/Users/rar9993/repos/research/fdroid_apps/native_apps/Dashchan/src/com/mishiranu/dashchan/content/database/PostsDatabase.java;file:/Users/rar9993/repos/research/fdroid_apps/native_apps/Dashchan/src/com/mishiranu/dashchan/content/database/PostsDatabase.java|class:com.mishiranu.dashchan.content.database.PostsDatabase
LeakingInnerClass;aDoctor;/Users/rar9993/repos/research/fdroid_apps/native_apps/Dashchan/NONE_TRANSFORMED_;/Users/rar9993/repos/research/fdroid_apps/native_apps/Dashchan/src/com/mishiranu/dashchan/content/database/HistoryDatabase.java;file:/Users/rar9993/repos/research/fdroid_apps/native_apps/Dashchan/src/com/mishiranu/dashchan/content/database/HistoryDatabase.java|class:com.mishiranu.dashchan.content.database.HistoryDatabase
UnclosedCloseable;aDoctor;/Users/rar9993/repos/research/fdroid_apps/native_apps/Dashchan/NONE_TRANSFORMED_;/Users/rar9993/repos/research/fdroid_apps/native_apps/Dashchan/src/com/mishiranu/dashchan/content/database/HistoryDatabase.java;file:/Users/rar9993/repos/research/fdroid_apps/native_apps/Dashchan/src/com/mishiranu/dashchan/content/database/HistoryDatabase.java|class:com.mishiranu.dashchan.content.database.HistoryDatabase
DataTransmissionWithoutCompression;aDoctor;/Users/rar9993/repos/research/fdroid_apps/native_apps/Dashchan/NONE_TRANSFORMED_;/Users/rar9993/repos/research/fdroid_apps/native_apps/Dashchan/src/com/mishiranu/dashchan/content/database/CommonDatabase.java;file:/Users/rar9993/repos/research/fdroid_apps/native_apps/Dashchan/src/com/mishiranu/dashchan/content/database/CommonDatabase.java|class:com.mishiranu.dashchan.content.database.CommonDatabase
LeakingInnerClass;aDoctor;/Users/rar9993/repos/research/fdroid_apps/native_apps/Dashchan/NONE_TRANSFORMED_;/Users/rar9993/repos/research/fdroid_apps/native_apps/Dashchan/src/com/mishiranu/dashchan/content/database/CommonDatabase.java;file:/Users/rar9993/repos/research/fdroid_apps/native_apps/Dashchan/src/com/mishiranu/dashchan/content/database/CommonDatabase.java|class:com.mishiranu.dashchan.content.database.CommonDatabase
MemberIgnoringMethod;aDoctor;/Users/rar9993/repos/research/fdroid_apps/native_apps/Dashchan/NONE_TRANSFORMED_;/Users/rar9993/repos/research/fdroid_apps/native_apps/Dashchan/src/com/mishiranu/dashchan/content/database/CommonDatabase.java;file:/Users/rar9993/repos/research/fdroid_apps/native_apps/Dashchan/src/com/mishiranu/dashchan/content/database/CommonDatabase.java|class:com.mishiranu.dashchan.content.database.CommonDatabase
UnclosedCloseable;aDoctor;/Users/rar9993/repos/research/fdroid_apps/native_apps/Dashchan/NONE_TRANSFORMED_;/Users/rar9993/repos/research/fdroid_apps/native_apps/Dashchan/src/com/mishiranu/dashchan/content/database/CommonDatabase.java;file:/Users/rar9993/repos/research/fdroid_apps/native_apps/Dashchan/src/com/mishiranu/dashchan/content/database/CommonDatabase.java|class:com.mishiranu.dashchan.content.database.CommonDatabase
DataTransmissionWithoutCompression;aDoctor;/Users/rar9993/repos/research/fdroid_apps/native_apps/Dashchan/NONE_TRANSFORMED_;/Users/rar9993/repos/research/fdroid_apps/native_apps/Dashchan/src/com/mishiranu/dashchan/content/database/ChanDatabase.java;file:/Users/rar9993/repos/research/fdroid_apps/native_apps/Dashchan/src/com/mishiranu/dashchan/content/database/ChanDatabase.java|class:com.mishiranu.dashchan.content.database.ChanDatabase
LeakingInnerClass;aDoctor;/Users/rar9993/repos/research/fdroid_apps/native_apps/Dashchan/NONE_TRANSFORMED_;/Users/rar9993/repos/research/fdroid_apps/native_apps/Dashchan/src/com/mishiranu/dashchan/content/database/ChanDatabase.java;file:/Users/rar9993/repos/research/fdroid_apps/native_apps/Dashchan/src/com/mishiranu/dashchan/content/database/ChanDatabase.java|class:com.mishiranu.dashchan.content.database.ChanDatabase
MemberIgnoringMethod;aDoctor;/Users/rar9993/repos/research/fdroid_apps/native_apps/Dashchan/NONE_TRANSFORMED_;/Users/rar9993/repos/research/fdroid_apps/native_apps/Dashchan/src/com/mishiranu/dashchan/content/database/ChanDatabase.java;file:/Users/rar9993/repos/research/fdroid_apps/native_apps/Dashchan/src/com/mishiranu/dashchan/content/database/ChanDatabase.java|class:com.mishiranu.dashchan.content.database.ChanDatabase
SlowForLoop;aDoctor;/Users/rar9993/repos/research/fdroid_apps/native_apps/Dashchan/NONE_TRANSFORMED_;/Users/rar9993/repos/research/fdroid_apps/native_apps/Dashchan/src/com/mishiranu/dashchan/content/database/ChanDatabase.java;file:/Users/rar9993/repos/research/fdroid_apps/native_apps/Dashchan/src/com/mishiranu/dashchan/content/database/ChanDatabase.java|class:com.mishiranu.dashchan.content.database.ChanDatabase
DataTransmissionWithoutCompression;aDoctor;/Users/rar9993/repos/research/fdroid_apps/native_apps/Dashchan/NONE_TRANSFORMED_;/Users/rar9993/repos/research/fdroid_apps/native_apps/Dashchan/src/com/mishiranu/dashchan/content/Preferences.java;file:/Users/rar9993/repos/research/fdroid_apps/native_apps/Dashchan/src/com/mishiranu/dashchan/content/Preferences.java|class:com.mishiranu.dashchan.content.Preferences
LeakingInnerClass;aDoctor;/Users/rar9993/repos/research/fdroid_apps/native_apps/Dashchan/NONE_TRANSFORMED_;/Users/rar9993/repos/research/fdroid_apps/native_apps/Dashchan/src/com/mishiranu/dashchan/content/Preferences.java;file:/Users/rar9993/repos/research/fdroid_apps/native_apps/Dashchan/src/com/mishiranu/dashchan/content/Preferences.java|class:com.mishiranu.dashchan.content.Preferences
MemberIgnoringMethod;aDoctor;/Users/rar9993/repos/research/fdroid_apps/native_apps/Dashchan/NONE_TRANSFORMED_;/Users/rar9993/repos/research/fdroid_apps/native_apps/Dashchan/src/com/mishiranu/dashchan/content/Preferences.java;file:/Users/rar9993/repos/research/fdroid_apps/native_apps/Dashchan/src/com/mishiranu/dashchan/content/Preferences.java|class:com.mishiranu.dashchan.content.Preferences
SlowForLoop;aDoctor;/Users/rar9993/repos/research/fdroid_apps/native_apps/Dashchan/NONE_TRANSFORMED_;/Users/rar9993/repos/research/fdroid_apps/native_apps/Dashchan/src/com/mishiranu/dashchan/content/Preferences.java;file:/Users/rar9993/repos/research/fdroid_apps/native_apps/Dashchan/src/com/mishiranu/dashchan/content/Preferences.java|class:com.mishiranu.dashchan.content.Preferences
DataTransmissionWithoutCompression;aDoctor;/Users/rar9993/repos/research/fdroid_apps/native_apps/Dashchan/NONE_TRANSFORMED_;/Users/rar9993/repos/research/fdroid_apps/native_apps/Dashchan/src/com/mishiranu/dashchan/content/MainApplication.java;file:/Users/rar9993/repos/research/fdroid_apps/native_apps/Dashchan/src/com/mishiranu/dashchan/content/MainApplication.java|class:com.mishiranu.dashchan.content.MainApplication
InternalGetterSetter;aDoctor;/Users/rar9993/repos/research/fdroid_apps/native_apps/Dashchan/NONE_TRANSFORMED_;/Users/rar9993/repos/research/fdroid_apps/native_apps/Dashchan/src/com/mishiranu/dashchan/content/MainApplication.java;file:/Users/rar9993/repos/research/fdroid_apps/native_apps/Dashchan/src/com/mishiranu/dashchan/content/MainApplication.java|class:com.mishiranu.dashchan.content.MainApplication
MemberIgnoringMethod;aDoctor;/Users/rar9993/repos/research/fdroid_apps/native_apps/Dashchan/NONE_TRANSFORMED_;/Users/rar9993/repos/research/fdroid_apps/native_apps/Dashchan/src/com/mishiranu/dashchan/content/MainApplication.java;file:/Users/rar9993/repos/research/fdroid_apps/native_apps/Dashchan/src/com/mishiranu/dashchan/content/MainApplication.java|class:com.mishiranu.dashchan.content.MainApplication
NoLowMemoryResolver;aDoctor;/Users/rar9993/repos/research/fdroid_apps/native_apps/Dashchan/NONE_TRANSFORMED_;/Users/rar9993/repos/research/fdroid_apps/native_apps/Dashchan/src/com/mishiranu/dashchan/content/MainApplication.java;file:/Users/rar9993/repos/research/fdroid_apps/native_apps/Dashchan/src/com/mishiranu/dashchan/content/MainApplication.java|class:com.mishiranu.dashchan.content.MainApplication
LeakingInnerClass;aDoctor;/Users/rar9993/repos/research/fdroid_apps/native_apps/Dashchan/NONE_TRANSFORMED_;/Users/rar9993/repos/research/fdroid_apps/native_apps/Dashchan/src/com/mishiranu/dashchan/content/BackupManager.java;file:/Users/rar9993/repos/research/fdroid_apps/native_apps/Dashchan/src/com/mishiranu/dashchan/content/BackupManager.java|class:com.mishiranu.dashchan.content.BackupManager
MemberIgnoringMethod;aDoctor;/Users/rar9993/repos/research/fdroid_apps/native_apps/Dashchan/NONE_TRANSFORMED_;/Users/rar9993/repos/research/fdroid_apps/native_apps/Dashchan/src/com/mishiranu/dashchan/content/LocaleManager.java;file:/Users/rar9993/repos/research/fdroid_apps/native_apps/Dashchan/src/com/mishiranu/dashchan/content/LocaleManager.java|class:com.mishiranu.dashchan.content.LocaleManager
SlowForLoop;aDoctor;/Users/rar9993/repos/research/fdroid_apps/native_apps/Dashchan/NONE_TRANSFORMED_;/Users/rar9993/repos/research/fdroid_apps/native_apps/Dashchan/src/com/mishiranu/dashchan/content/LocaleManager.java;file:/Users/rar9993/repos/research/fdroid_apps/native_apps/Dashchan/src/com/mishiranu/dashchan/content/LocaleManager.java|class:com.mishiranu.dashchan.content.LocaleManager
DataTransmissionWithoutCompression;aDoctor;/Users/rar9993/repos/research/fdroid_apps/native_apps/Dashchan/NONE_TRANSFORMED_;/Users/rar9993/repos/research/fdroid_apps/native_apps/Dashchan/src/com/mishiranu/dashchan/content/FileProvider.java;file:/Users/rar9993/repos/research/fdroid_apps/native_apps/Dashchan/src/com/mishiranu/dashchan/content/FileProvider.java|class:com.mishiranu.dashchan.content.FileProvider
MemberIgnoringMethod;aDoctor;/Users/rar9993/repos/research/fdroid_apps/native_apps/Dashchan/NONE_TRANSFORMED_;/Users/rar9993/repos/research/fdroid_apps/native_apps/Dashchan/src/com/mishiranu/dashchan/content/FileProvider.java;file:/Users/rar9993/repos/research/fdroid_apps/native_apps/Dashchan/src/com/mishiranu/dashchan/content/FileProvider.java|class:com.mishiranu.dashchan.content.FileProvider
NoLowMemoryResolver;aDoctor;/Users/rar9993/repos/research/fdroid_apps/native_apps/Dashchan/NONE_TRANSFORMED_;/Users/rar9993/repos/research/fdroid_apps/native_apps/Dashchan/src/com/mishiranu/dashchan/content/FileProvider.java;file:/Users/rar9993/repos/research/fdroid_apps/native_apps/Dashchan/src/com/mishiranu/dashchan/content/FileProvider.java|class:com.mishiranu.dashchan.content.FileProvider
SlowForLoop;aDoctor;/Users/rar9993/repos/research/fdroid_apps/native_apps/Dashchan/NONE_TRANSFORMED_;/Users/rar9993/repos/research/fdroid_apps/native_apps/Dashchan/src/com/mishiranu/dashchan/content/FileProvider.java;file:/Users/rar9993/repos/research/fdroid_apps/native_apps/Dashchan/src/com/mishiranu/dashchan/content/FileProvider.java|class:com.mishiranu.dashchan.content.FileProvider
UnclosedCloseable;aDoctor;/Users/rar9993/repos/research/fdroid_apps/native_apps/Dashchan/NONE_TRANSFORMED_;/Users/rar9993/repos/research/fdroid_apps/native_apps/Dashchan/src/com/mishiranu/dashchan/content/FileProvider.java;file:/Users/rar9993/repos/research/fdroid_apps/native_apps/Dashchan/src/com/mishiranu/dashchan/content/FileProvider.java|class:com.mishiranu.dashchan.content.FileProvider
DataTransmissionWithoutCompression;aDoctor;/Users/rar9993/repos/research/fdroid_apps/native_apps/Dashchan/NONE_TRANSFORMED_;/Users/rar9993/repos/research/fdroid_apps/native_apps/Dashchan/src/com/mishiranu/dashchan/content/UpdaterActivity.java;file:/Users/rar9993/repos/research/fdroid_apps/native_apps/Dashchan/src/com/mishiranu/dashchan/content/UpdaterActivity.java|class:com.mishiranu.dashchan.content.UpdaterActivity
DataTransmissionWithoutCompression;aDoctor;/Users/rar9993/repos/research/fdroid_apps/native_apps/Dashchan/NONE_TRANSFORMED_;/Users/rar9993/repos/research/fdroid_apps/native_apps/Dashchan/src/com/mishiranu/dashchan/content/AdvancedPreferences.java;file:/Users/rar9993/repos/research/fdroid_apps/native_apps/Dashchan/src/com/mishiranu/dashchan/content/AdvancedPreferences.java|class:com.mishiranu.dashchan.content.AdvancedPreferences
SlowForLoop;aDoctor;/Users/rar9993/repos/research/fdroid_apps/native_apps/Dashchan/NONE_TRANSFORMED_;/Users/rar9993/repos/research/fdroid_apps/native_apps/Dashchan/src/com/mishiranu/dashchan/content/AdvancedPreferences.java;file:/Users/rar9993/repos/research/fdroid_apps/native_apps/Dashchan/src/com/mishiranu/dashchan/content/AdvancedPreferences.java|class:com.mishiranu.dashchan.content.AdvancedPreferences
DataTransmissionWithoutCompression;aDoctor;/Users/rar9993/repos/research/fdroid_apps/native_apps/Dashchan/NONE_TRANSFORMED_;/Users/rar9993/repos/research/fdroid_apps/native_apps/Dashchan/src/com/mishiranu/dashchan/content/CacheManager.java;file:/Users/rar9993/repos/research/fdroid_apps/native_apps/Dashchan/src/com/mishiranu/dashchan/content/CacheManager.java|class:com.mishiranu.dashchan.content.CacheManager
LeakingInnerClass;aDoctor;/Users/rar9993/repos/research/fdroid_apps/native_apps/Dashchan/NONE_TRANSFORMED_;/Users/rar9993/repos/research/fdroid_apps/native_apps/Dashchan/src/com/mishiranu/dashchan/content/CacheManager.java;file:/Users/rar9993/repos/research/fdroid_apps/native_apps/Dashchan/src/com/mishiranu/dashchan/content/CacheManager.java|class:com.mishiranu.dashchan.content.CacheManager
LeakingThread;aDoctor;/Users/rar9993/repos/research/fdroid_apps/native_apps/Dashchan/NONE_TRANSFORMED_;/Users/rar9993/repos/research/fdroid_apps/native_apps/Dashchan/src/com/mishiranu/dashchan/content/CacheManager.java;file:/Users/rar9993/repos/research/fdroid_apps/native_apps/Dashchan/src/com/mishiranu/dashchan/content/CacheManager.java|class:com.mishiranu.dashchan.content.CacheManager
MemberIgnoringMethod;aDoctor;/Users/rar9993/repos/research/fdroid_apps/native_apps/Dashchan/NONE_TRANSFORMED_;/Users/rar9993/repos/research/fdroid_apps/native_apps/Dashchan/src/com/mishiranu/dashchan/content/CacheManager.java;file:/Users/rar9993/repos/research/fdroid_apps/native_apps/Dashchan/src/com/mishiranu/dashchan/content/CacheManager.java|class:com.mishiranu.dashchan.content.CacheManager
MemberIgnoringMethod;aDoctor;/Users/rar9993/repos/research/fdroid_apps/native_apps/Dashchan/NONE_TRANSFORMED_;/Users/rar9993/repos/research/fdroid_apps/native_apps/Dashchan/src/com/mishiranu/dashchan/content/NetworkObserver.java;file:/Users/rar9993/repos/research/fdroid_apps/native_apps/Dashchan/src/com/mishiranu/dashchan/content/NetworkObserver.java|class:com.mishiranu.dashchan.content.NetworkObserver
NoLowMemoryResolver;aDoctor;/Users/rar9993/repos/research/fdroid_apps/native_apps/Dashchan/NONE_TRANSFORMED_;/Users/rar9993/repos/research/fdroid_apps/native_apps/Dashchan/src/com/mishiranu/dashchan/content/PostingShareActivity.java;file:/Users/rar9993/repos/research/fdroid_apps/native_apps/Dashchan/src/com/mishiranu/dashchan/content/PostingShareActivity.java|class:com.mishiranu.dashchan.content.PostingShareActivity
LeakingThread;aDoctor;/Users/rar9993/repos/research/fdroid_apps/native_apps/Dashchan/NONE_TRANSFORMED_;/Users/rar9993/repos/research/fdroid_apps/native_apps/Dashchan/src/com/mishiranu/dashchan/content/WatcherNotifications.java;file:/Users/rar9993/repos/research/fdroid_apps/native_apps/Dashchan/src/com/mishiranu/dashchan/content/WatcherNotifications.java|class:com.mishiranu.dashchan.content.WatcherNotifications
LeakingInnerClass;aDoctor;/Users/rar9993/repos/research/fdroid_apps/native_apps/Dashchan/NONE_TRANSFORMED_;/Users/rar9993/repos/research/fdroid_apps/native_apps/Dashchan/src/com/mishiranu/dashchan/content/HidePerformer.java;file:/Users/rar9993/repos/research/fdroid_apps/native_apps/Dashchan/src/com/mishiranu/dashchan/content/HidePerformer.java|class:com.mishiranu.dashchan.content.HidePerformer
SlowForLoop;aDoctor;/Users/rar9993/repos/research/fdroid_apps/native_apps/Dashchan/NONE_TRANSFORMED_;/Users/rar9993/repos/research/fdroid_apps/native_apps/Dashchan/src/com/mishiranu/dashchan/content/HidePerformer.java;file:/Users/rar9993/repos/research/fdroid_apps/native_apps/Dashchan/src/com/mishiranu/dashchan/content/HidePerformer.java|class:com.mishiranu.dashchan.content.HidePerformer
LeakingInnerClass;aDoctor;/Users/rar9993/repos/research/fdroid_apps/native_apps/Dashchan/NONE_TRANSFORMED_;/Users/rar9993/repos/research/fdroid_apps/native_apps/Dashchan/src/com/mishiranu/dashchan/content/ImageLoader.java;file:/Users/rar9993/repos/research/fdroid_apps/native_apps/Dashchan/src/com/mishiranu/dashchan/content/ImageLoader.java|class:com.mishiranu.dashchan.content.ImageLoader
LeakingThread;aDoctor;/Users/rar9993/repos/research/fdroid_apps/native_apps/Dashchan/NONE_TRANSFORMED_;/Users/rar9993/repos/research/fdroid_apps/native_apps/Dashchan/src/com/mishiranu/dashchan/content/ImageLoader.java;file:/Users/rar9993/repos/research/fdroid_apps/native_apps/Dashchan/src/com/mishiranu/dashchan/content/ImageLoader.java|class:com.mishiranu.dashchan.content.ImageLoader
MemberIgnoringMethod;aDoctor;/Users/rar9993/repos/research/fdroid_apps/native_apps/Dashchan/NONE_TRANSFORMED_;/Users/rar9993/repos/research/fdroid_apps/native_apps/Dashchan/src/com/mishiranu/dashchan/content/ImageLoader.java;file:/Users/rar9993/repos/research/fdroid_apps/native_apps/Dashchan/src/com/mishiranu/dashchan/content/ImageLoader.java|class:com.mishiranu.dashchan.content.ImageLoader
LeakingInnerClass;aDoctor;/Users/rar9993/repos/research/fdroid_apps/native_apps/Dashchan/NONE_TRANSFORMED_;/Users/rar9993/repos/research/fdroid_apps/native_apps/Dashchan/src/com/mishiranu/dashchan/content/net/CaptchaSolving.java;file:/Users/rar9993/repos/research/fdroid_apps/native_apps/Dashchan/src/com/mishiranu/dashchan/content/net/CaptchaSolving.java|class:com.mishiranu.dashchan.content.net.CaptchaSolving
MemberIgnoringMethod;aDoctor;/Users/rar9993/repos/research/fdroid_apps/native_apps/Dashchan/NONE_TRANSFORMED_;/Users/rar9993/repos/research/fdroid_apps/native_apps/Dashchan/src/com/mishiranu/dashchan/content/net/CaptchaSolving.java;file:/Users/rar9993/repos/research/fdroid_apps/native_apps/Dashchan/src/com/mishiranu/dashchan/content/net/CaptchaSolving.java|class:com.mishiranu.dashchan.content.net.CaptchaSolving
LeakingInnerClass;aDoctor;/Users/rar9993/repos/research/fdroid_apps/native_apps/Dashchan/NONE_TRANSFORMED_;/Users/rar9993/repos/research/fdroid_apps/native_apps/Dashchan/src/com/mishiranu/dashchan/content/net/SubversionProtocol.java;file:/Users/rar9993/repos/research/fdroid_apps/native_apps/Dashchan/src/com/mishiranu/dashchan/content/net/SubversionProtocol.java|class:com.mishiranu.dashchan.content.net.SubversionProtocol
SlowForLoop;aDoctor;/Users/rar9993/repos/research/fdroid_apps/native_apps/Dashchan/NONE_TRANSFORMED_;/Users/rar9993/repos/research/fdroid_apps/native_apps/Dashchan/src/com/mishiranu/dashchan/content/net/SubversionProtocol.java;file:/Users/rar9993/repos/research/fdroid_apps/native_apps/Dashchan/src/com/mishiranu/dashchan/content/net/SubversionProtocol.java|class:com.mishiranu.dashchan.content.net.SubversionProtocol
MemberIgnoringMethod;aDoctor;/Users/rar9993/repos/research/fdroid_apps/native_apps/Dashchan/NONE_TRANSFORMED_;/Users/rar9993/repos/research/fdroid_apps/native_apps/Dashchan/src/com/mishiranu/dashchan/content/net/UserAgentProvider.java;file:/Users/rar9993/repos/research/fdroid_apps/native_apps/Dashchan/src/com/mishiranu/dashchan/content/net/UserAgentProvider.java|class:com.mishiranu.dashchan.content.net.UserAgentProvider
MemberIgnoringMethod;aDoctor;/Users/rar9993/repos/research/fdroid_apps/native_apps/Dashchan/NONE_TRANSFORMED_;/Users/rar9993/repos/research/fdroid_apps/native_apps/Dashchan/src/com/mishiranu/dashchan/content/net/EmbeddedType.java;file:/Users/rar9993/repos/research/fdroid_apps/native_apps/Dashchan/src/com/mishiranu/dashchan/content/net/EmbeddedType.java|class:com.mishiranu.dashchan.content.net.AttachmentBuilder
LeakingInnerClass;aDoctor;/Users/rar9993/repos/research/fdroid_apps/native_apps/Dashchan/NONE_TRANSFORMED_;/Users/rar9993/repos/research/fdroid_apps/native_apps/Dashchan/src/com/mishiranu/dashchan/content/net/RecaptchaReader.java;file:/Users/rar9993/repos/research/fdroid_apps/native_apps/Dashchan/src/com/mishiranu/dashchan/content/net/RecaptchaReader.java|class:com.mishiranu.dashchan.content.net.RecaptchaReader
LeakingThread;aDoctor;/Users/rar9993/repos/research/fdroid_apps/native_apps/Dashchan/NONE_TRANSFORMED_;/Users/rar9993/repos/research/fdroid_apps/native_apps/Dashchan/src/com/mishiranu/dashchan/content/net/RecaptchaReader.java;file:/Users/rar9993/repos/research/fdroid_apps/native_apps/Dashchan/src/com/mishiranu/dashchan/content/net/RecaptchaReader.java|class:com.mishiranu.dashchan.content.net.RecaptchaReader
MemberIgnoringMethod;aDoctor;/Users/rar9993/repos/research/fdroid_apps/native_apps/Dashchan/NONE_TRANSFORMED_;/Users/rar9993/repos/research/fdroid_apps/native_apps/Dashchan/src/com/mishiranu/dashchan/content/net/RecaptchaReader.java;file:/Users/rar9993/repos/research/fdroid_apps/native_apps/Dashchan/src/com/mishiranu/dashchan/content/net/RecaptchaReader.java|class:com.mishiranu.dashchan.content.net.RecaptchaReader
SlowForLoop;aDoctor;/Users/rar9993/repos/research/fdroid_apps/native_apps/Dashchan/NONE_TRANSFORMED_;/Users/rar9993/repos/research/fdroid_apps/native_apps/Dashchan/src/com/mishiranu/dashchan/content/net/RecaptchaReader.java;file:/Users/rar9993/repos/research/fdroid_apps/native_apps/Dashchan/src/com/mishiranu/dashchan/content/net/RecaptchaReader.java|class:com.mishiranu.dashchan.content.net.RecaptchaReader
LeakingInnerClass;aDoctor;/Users/rar9993/repos/research/fdroid_apps/native_apps/Dashchan/NONE_TRANSFORMED_;/Users/rar9993/repos/research/fdroid_apps/native_apps/Dashchan/src/com/mishiranu/dashchan/content/net/firewall/CloudFlareResolver.java;file:/Users/rar9993/repos/research/fdroid_apps/native_apps/Dashchan/src/com/mishiranu/dashchan/content/net/firewall/CloudFlareResolver.java|class:com.mishiranu.dashchan.content.net.firewall.CloudFlareResolver
MemberIgnoringMethod;aDoctor;/Users/rar9993/repos/research/fdroid_apps/native_apps/Dashchan/NONE_TRANSFORMED_;/Users/rar9993/repos/research/fdroid_apps/native_apps/Dashchan/src/com/mishiranu/dashchan/content/net/firewall/CloudFlareResolver.java;file:/Users/rar9993/repos/research/fdroid_apps/native_apps/Dashchan/src/com/mishiranu/dashchan/content/net/firewall/CloudFlareResolver.java|class:com.mishiranu.dashchan.content.net.firewall.CloudFlareResolver
LeakingInnerClass;aDoctor;/Users/rar9993/repos/research/fdroid_apps/native_apps/Dashchan/NONE_TRANSFORMED_;/Users/rar9993/repos/research/fdroid_apps/native_apps/Dashchan/src/com/mishiranu/dashchan/content/net/firewall/StormWallResolver.java;file:/Users/rar9993/repos/research/fdroid_apps/native_apps/Dashchan/src/com/mishiranu/dashchan/content/net/firewall/StormWallResolver.java|class:com.mishiranu.dashchan.content.net.firewall.StormWallResolver
MemberIgnoringMethod;aDoctor;/Users/rar9993/repos/research/fdroid_apps/native_apps/Dashchan/NONE_TRANSFORMED_;/Users/rar9993/repos/research/fdroid_apps/native_apps/Dashchan/src/com/mishiranu/dashchan/content/net/firewall/StormWallResolver.java;file:/Users/rar9993/repos/research/fdroid_apps/native_apps/Dashchan/src/com/mishiranu/dashchan/content/net/firewall/StormWallResolver.java|class:com.mishiranu.dashchan.content.net.firewall.StormWallResolver
SlowForLoop;aDoctor;/Users/rar9993/repos/research/fdroid_apps/native_apps/Dashchan/NONE_TRANSFORMED_;/Users/rar9993/repos/research/fdroid_apps/native_apps/Dashchan/src/com/mishiranu/dashchan/content/net/firewall/StormWallResolver.java;file:/Users/rar9993/repos/research/fdroid_apps/native_apps/Dashchan/src/com/mishiranu/dashchan/content/net/firewall/StormWallResolver.java|class:com.mishiranu.dashchan.content.net.firewall.StormWallResolver
LeakingInnerClass;aDoctor;/Users/rar9993/repos/research/fdroid_apps/native_apps/Dashchan/NONE_TRANSFORMED_;/Users/rar9993/repos/research/fdroid_apps/native_apps/Dashchan/src/com/mishiranu/dashchan/content/net/firewall/FirewallResolvers.java;file:/Users/rar9993/repos/research/fdroid_apps/native_apps/Dashchan/src/com/mishiranu/dashchan/content/net/firewall/FirewallResolvers.java|class:com.mishiranu.dashchan.content.net.firewall.FirewallResolvers
LeakingThread;aDoctor;/Users/rar9993/repos/research/fdroid_apps/native_apps/Dashchan/NONE_TRANSFORMED_;/Users/rar9993/repos/research/fdroid_apps/native_apps/Dashchan/src/com/mishiranu/dashchan/content/net/firewall/FirewallResolvers.java;file:/Users/rar9993/repos/research/fdroid_apps/native_apps/Dashchan/src/com/mishiranu/dashchan/content/net/firewall/FirewallResolvers.java|class:com.mishiranu.dashchan.content.net.firewall.FirewallResolvers
MemberIgnoringMethod;aDoctor;/Users/rar9993/repos/research/fdroid_apps/native_apps/Dashchan/NONE_TRANSFORMED_;/Users/rar9993/repos/research/fdroid_apps/native_apps/Dashchan/src/com/mishiranu/dashchan/content/net/firewall/FirewallResolvers.java;file:/Users/rar9993/repos/research/fdroid_apps/native_apps/Dashchan/src/com/mishiranu/dashchan/content/net/firewall/FirewallResolvers.java|class:com.mishiranu.dashchan.content.net.firewall.FirewallResolvers
LeakingInnerClass;aDoctor;/Users/rar9993/repos/research/fdroid_apps/native_apps/Dashchan/NONE_TRANSFORMED_;/Users/rar9993/repos/research/fdroid_apps/native_apps/Dashchan/src/com/mishiranu/dashchan/content/async/GetHistoryTask.java;file:/Users/rar9993/repos/research/fdroid_apps/native_apps/Dashchan/src/com/mishiranu/dashchan/content/async/GetHistoryTask.java|class:com.mishiranu.dashchan.content.async.GetHistoryTask
LeakingThread;aDoctor;/Users/rar9993/repos/research/fdroid_apps/native_apps/Dashchan/NONE_TRANSFORMED_;/Users/rar9993/repos/research/fdroid_apps/native_apps/Dashchan/src/com/mishiranu/dashchan/content/async/GetHistoryTask.java;file:/Users/rar9993/repos/research/fdroid_apps/native_apps/Dashchan/src/com/mishiranu/dashchan/content/async/GetHistoryTask.java|class:com.mishiranu.dashchan.content.async.GetHistoryTask
MemberIgnoringMethod;aDoctor;/Users/rar9993/repos/research/fdroid_apps/native_apps/Dashchan/NONE_TRANSFORMED_;/Users/rar9993/repos/research/fdroid_apps/native_apps/Dashchan/src/com/mishiranu/dashchan/content/async/GetHistoryTask.java;file:/Users/rar9993/repos/research/fdroid_apps/native_apps/Dashchan/src/com/mishiranu/dashchan/content/async/GetHistoryTask.java|class:com.mishiranu.dashchan.content.async.GetHistoryTask
DataTransmissionWithoutCompression;aDoctor;/Users/rar9993/repos/research/fdroid_apps/native_apps/Dashchan/NONE_TRANSFORMED_;/Users/rar9993/repos/research/fdroid_apps/native_apps/Dashchan/src/com/mishiranu/dashchan/content/async/ReadChangelogTask.java;file:/Users/rar9993/repos/research/fdroid_apps/native_apps/Dashchan/src/com/mishiranu/dashchan/content/async/ReadChangelogTask.java|class:com.mishiranu.dashchan.content.async.ReadChangelogTask
LeakingInnerClass;aDoctor;/Users/rar9993/repos/research/fdroid_apps/native_apps/Dashchan/NONE_TRANSFORMED_;/Users/rar9993/repos/research/fdroid_apps/native_apps/Dashchan/src/com/mishiranu/dashchan/content/async/ReadChangelogTask.java;file:/Users/rar9993/repos/research/fdroid_apps/native_apps/Dashchan/src/com/mishiranu/dashchan/content/async/ReadChangelogTask.java|class:com.mishiranu.dashchan.content.async.ReadChangelogTask
LeakingThread;aDoctor;/Users/rar9993/repos/research/fdroid_apps/native_apps/Dashchan/NONE_TRANSFORMED_;/Users/rar9993/repos/research/fdroid_apps/native_apps/Dashchan/src/com/mishiranu/dashchan/content/async/ReadChangelogTask.java;file:/Users/rar9993/repos/research/fdroid_apps/native_apps/Dashchan/src/com/mishiranu/dashchan/content/async/ReadChangelogTask.java|class:com.mishiranu.dashchan.content.async.ReadChangelogTask
SlowForLoop;aDoctor;/Users/rar9993/repos/research/fdroid_apps/native_apps/Dashchan/NONE_TRANSFORMED_;/Users/rar9993/repos/research/fdroid_apps/native_apps/Dashchan/src/com/mishiranu/dashchan/content/async/ReadChangelogTask.java;file:/Users/rar9993/repos/research/fdroid_apps/native_apps/Dashchan/src/com/mishiranu/dashchan/content/async/ReadChangelogTask.java|class:com.mishiranu.dashchan.content.async.ReadChangelogTask
UnclosedCloseable;aDoctor;/Users/rar9993/repos/research/fdroid_apps/native_apps/Dashchan/NONE_TRANSFORMED_;/Users/rar9993/repos/research/fdroid_apps/native_apps/Dashchan/src/com/mishiranu/dashchan/content/async/ReadChangelogTask.java;file:/Users/rar9993/repos/research/fdroid_apps/native_apps/Dashchan/src/com/mishiranu/dashchan/content/async/ReadChangelogTask.java|class:com.mishiranu.dashchan.content.async.ReadChangelogTask
LeakingInnerClass;aDoctor;/Users/rar9993/repos/research/fdroid_apps/native_apps/Dashchan/NONE_TRANSFORMED_;/Users/rar9993/repos/research/fdroid_apps/native_apps/Dashchan/src/com/mishiranu/dashchan/content/async/ReadSearchTask.java;file:/Users/rar9993/repos/research/fdroid_apps/native_apps/Dashchan/src/com/mishiranu/dashchan/content/async/ReadSearchTask.java|class:com.mishiranu.dashchan.content.async.ReadSearchTask
SlowForLoop;aDoctor;/Users/rar9993/repos/research/fdroid_apps/native_apps/Dashchan/NONE_TRANSFORMED_;/Users/rar9993/repos/research/fdroid_apps/native_apps/Dashchan/src/com/mishiranu/dashchan/content/async/ReadSearchTask.java;file:/Users/rar9993/repos/research/fdroid_apps/native_apps/Dashchan/src/com/mishiranu/dashchan/content/async/ReadSearchTask.java|class:com.mishiranu.dashchan.content.async.ReadSearchTask
LeakingInnerClass;aDoctor;/Users/rar9993/repos/research/fdroid_apps/native_apps/Dashchan/NONE_TRANSFORMED_;/Users/rar9993/repos/research/fdroid_apps/native_apps/Dashchan/src/com/mishiranu/dashchan/content/async/ReadCaptchaTask.java;file:/Users/rar9993/repos/research/fdroid_apps/native_apps/Dashchan/src/com/mishiranu/dashchan/content/async/ReadCaptchaTask.java|class:com.mishiranu.dashchan.content.async.ReadCaptchaTask
LeakingThread;aDoctor;/Users/rar9993/repos/research/fdroid_apps/native_apps/Dashchan/NONE_TRANSFORMED_;/Users/rar9993/repos/research/fdroid_apps/native_apps/Dashchan/src/com/mishiranu/dashchan/content/async/ReadCaptchaTask.java;file:/Users/rar9993/repos/research/fdroid_apps/native_apps/Dashchan/src/com/mishiranu/dashchan/content/async/ReadCaptchaTask.java|class:com.mishiranu.dashchan.content.async.ReadCaptchaTask
LeakingInnerClass;aDoctor;/Users/rar9993/repos/research/fdroid_apps/native_apps/Dashchan/NONE_TRANSFORMED_;/Users/rar9993/repos/research/fdroid_apps/native_apps/Dashchan/src/com/mishiranu/dashchan/content/async/ReadThreadSummariesTask.java;file:/Users/rar9993/repos/research/fdroid_apps/native_apps/Dashchan/src/com/mishiranu/dashchan/content/async/ReadThreadSummariesTask.java|class:com.mishiranu.dashchan.content.async.ReadThreadSummariesTask
LeakingInnerClass;aDoctor;/Users/rar9993/repos/research/fdroid_apps/native_apps/Dashchan/NONE_TRANSFORMED_;/Users/rar9993/repos/research/fdroid_apps/native_apps/Dashchan/src/com/mishiranu/dashchan/content/async/ExtractPostsTask.java;file:/Users/rar9993/repos/research/fdroid_apps/native_apps/Dashchan/src/com/mishiranu/dashchan/content/async/ExtractPostsTask.java|class:com.mishiranu.dashchan.content.async.ExtractPostsTask
LeakingThread;aDoctor;/Users/rar9993/repos/research/fdroid_apps/native_apps/Dashchan/NONE_TRANSFORMED_;/Users/rar9993/repos/research/fdroid_apps/native_apps/Dashchan/src/com/mishiranu/dashchan/content/async/ExtractPostsTask.java;file:/Users/rar9993/repos/research/fdroid_apps/native_apps/Dashchan/src/com/mishiranu/dashchan/content/async/ExtractPostsTask.java|class:com.mishiranu.dashchan.content.async.ExtractPostsTask
DataTransmissionWithoutCompression;aDoctor;/Users/rar9993/repos/research/fdroid_apps/native_apps/Dashchan/NONE_TRANSFORMED_;/Users/rar9993/repos/research/fdroid_apps/native_apps/Dashchan/src/com/mishiranu/dashchan/content/async/ReadVideoTask.java;file:/Users/rar9993/repos/research/fdroid_apps/native_apps/Dashchan/src/com/mishiranu/dashchan/content/async/ReadVideoTask.java|class:com.mishiranu.dashchan.content.async.ReadVideoTask
LeakingInnerClass;aDoctor;/Users/rar9993/repos/research/fdroid_apps/native_apps/Dashchan/NONE_TRANSFORMED_;/Users/rar9993/repos/research/fdroid_apps/native_apps/Dashchan/src/com/mishiranu/dashchan/content/async/ReadVideoTask.java;file:/Users/rar9993/repos/research/fdroid_apps/native_apps/Dashchan/src/com/mishiranu/dashchan/content/async/ReadVideoTask.java|class:com.mishiranu.dashchan.content.async.ReadVideoTask
MemberIgnoringMethod;aDoctor;/Users/rar9993/repos/research/fdroid_apps/native_apps/Dashchan/NONE_TRANSFORMED_;/Users/rar9993/repos/research/fdroid_apps/native_apps/Dashchan/src/com/mishiranu/dashchan/content/async/ReadVideoTask.java;file:/Users/rar9993/repos/research/fdroid_apps/native_apps/Dashchan/src/com/mishiranu/dashchan/content/async/ReadVideoTask.java|class:com.mishiranu.dashchan.content.async.ReadVideoTask
LeakingInnerClass;aDoctor;/Users/rar9993/repos/research/fdroid_apps/native_apps/Dashchan/NONE_TRANSFORMED_;/Users/rar9993/repos/research/fdroid_apps/native_apps/Dashchan/src/com/mishiranu/dashchan/content/async/SendPostTask.java;file:/Users/rar9993/repos/research/fdroid_apps/native_apps/Dashchan/src/com/mishiranu/dashchan/content/async/SendPostTask.java|class:com.mishiranu.dashchan.content.async.SendPostTask
LeakingThread;aDoctor;/Users/rar9993/repos/research/fdroid_apps/native_apps/Dashchan/NONE_TRANSFORMED_;/Users/rar9993/repos/research/fdroid_apps/native_apps/Dashchan/src/com/mishiranu/dashchan/content/async/SendPostTask.java;file:/Users/rar9993/repos/research/fdroid_apps/native_apps/Dashchan/src/com/mishiranu/dashchan/content/async/SendPostTask.java|class:com.mishiranu.dashchan.content.async.SendPostTask
MemberIgnoringMethod;aDoctor;/Users/rar9993/repos/research/fdroid_apps/native_apps/Dashchan/NONE_TRANSFORMED_;/Users/rar9993/repos/research/fdroid_apps/native_apps/Dashchan/src/com/mishiranu/dashchan/content/async/SendPostTask.java;file:/Users/rar9993/repos/research/fdroid_apps/native_apps/Dashchan/src/com/mishiranu/dashchan/content/async/SendPostTask.java|class:com.mishiranu.dashchan.content.async.SendPostTask
LeakingInnerClass;aDoctor;/Users/rar9993/repos/research/fdroid_apps/native_apps/Dashchan/NONE_TRANSFORMED_;/Users/rar9993/repos/research/fdroid_apps/native_apps/Dashchan/src/com/mishiranu/dashchan/content/async/ReadUserBoardsTask.java;file:/Users/rar9993/repos/research/fdroid_apps/native_apps/Dashchan/src/com/mishiranu/dashchan/content/async/ReadUserBoardsTask.java|class:com.mishiranu.dashchan.content.async.ReadUserBoardsTask
LeakingInnerClass;aDoctor;/Users/rar9993/repos/research/fdroid_apps/native_apps/Dashchan/NONE_TRANSFORMED_;/Users/rar9993/repos/research/fdroid_apps/native_apps/Dashchan/src/com/mishiranu/dashchan/content/async/CallbackProxy.java;file:/Users/rar9993/repos/research/fdroid_apps/native_apps/Dashchan/src/com/mishiranu/dashchan/content/async/CallbackProxy.java|class:com.mishiranu.dashchan.content.async.CallbackProxy
LeakingInnerClass;aDoctor;/Users/rar9993/repos/research/fdroid_apps/native_apps/Dashchan/NONE_TRANSFORMED_;/Users/rar9993/repos/research/fdroid_apps/native_apps/Dashchan/src/com/mishiranu/dashchan/content/async/ReadUpdateTask.java;file:/Users/rar9993/repos/research/fdroid_apps/native_apps/Dashchan/src/com/mishiranu/dashchan/content/async/ReadUpdateTask.java|class:com.mishiranu.dashchan.content.async.ReadUpdateTask
SlowForLoop;aDoctor;/Users/rar9993/repos/research/fdroid_apps/native_apps/Dashchan/NONE_TRANSFORMED_;/Users/rar9993/repos/research/fdroid_apps/native_apps/Dashchan/src/com/mishiranu/dashchan/content/async/ReadUpdateTask.java;file:/Users/rar9993/repos/research/fdroid_apps/native_apps/Dashchan/src/com/mishiranu/dashchan/content/async/ReadUpdateTask.java|class:com.mishiranu.dashchan.content.async.ReadUpdateTask
UnclosedCloseable;aDoctor;/Users/rar9993/repos/research/fdroid_apps/native_apps/Dashchan/NONE_TRANSFORMED_;/Users/rar9993/repos/research/fdroid_apps/native_apps/Dashchan/src/com/mishiranu/dashchan/content/async/ReadUpdateTask.java;file:/Users/rar9993/repos/research/fdroid_apps/native_apps/Dashchan/src/com/mishiranu/dashchan/content/async/ReadUpdateTask.java|class:com.mishiranu.dashchan.content.async.ReadUpdateTask
LeakingInnerClass;aDoctor;/Users/rar9993/repos/research/fdroid_apps/native_apps/Dashchan/NONE_TRANSFORMED_;/Users/rar9993/repos/research/fdroid_apps/native_apps/Dashchan/src/com/mishiranu/dashchan/content/async/GetBoardsTask.java;file:/Users/rar9993/repos/research/fdroid_apps/native_apps/Dashchan/src/com/mishiranu/dashchan/content/async/GetBoardsTask.java|class:com.mishiranu.dashchan.content.async.GetBoardsTask
LeakingThread;aDoctor;/Users/rar9993/repos/research/fdroid_apps/native_apps/Dashchan/NONE_TRANSFORMED_;/Users/rar9993/repos/research/fdroid_apps/native_apps/Dashchan/src/com/mishiranu/dashchan/content/async/GetBoardsTask.java;file:/Users/rar9993/repos/research/fdroid_apps/native_apps/Dashchan/src/com/mishiranu/dashchan/content/async/GetBoardsTask.java|class:com.mishiranu.dashchan.content.async.GetBoardsTask
MemberIgnoringMethod;aDoctor;/Users/rar9993/repos/research/fdroid_apps/native_apps/Dashchan/NONE_TRANSFORMED_;/Users/rar9993/repos/research/fdroid_apps/native_apps/Dashchan/src/com/mishiranu/dashchan/content/async/GetBoardsTask.java;file:/Users/rar9993/repos/research/fdroid_apps/native_apps/Dashchan/src/com/mishiranu/dashchan/content/async/GetBoardsTask.java|class:com.mishiranu.dashchan.content.async.GetBoardsTask
LeakingThread;aDoctor;/Users/rar9993/repos/research/fdroid_apps/native_apps/Dashchan/NONE_TRANSFORMED_;/Users/rar9993/repos/research/fdroid_apps/native_apps/Dashchan/src/com/mishiranu/dashchan/content/async/ExecutorTask.java;file:/Users/rar9993/repos/research/fdroid_apps/native_apps/Dashchan/src/com/mishiranu/dashchan/content/async/ExecutorTask.java|class:com.mishiranu.dashchan.content.async.ExecutorTask
MemberIgnoringMethod;aDoctor;/Users/rar9993/repos/research/fdroid_apps/native_apps/Dashchan/NONE_TRANSFORMED_;/Users/rar9993/repos/research/fdroid_apps/native_apps/Dashchan/src/com/mishiranu/dashchan/content/async/ExecutorTask.java;file:/Users/rar9993/repos/research/fdroid_apps/native_apps/Dashchan/src/com/mishiranu/dashchan/content/async/ExecutorTask.java|class:com.mishiranu.dashchan.content.async.ExecutorTask
LeakingInnerClass;aDoctor;/Users/rar9993/repos/research/fdroid_apps/native_apps/Dashchan/NONE_TRANSFORMED_;/Users/rar9993/repos/research/fdroid_apps/native_apps/Dashchan/src/com/mishiranu/dashchan/content/async/ReadPostsTask.java;file:/Users/rar9993/repos/research/fdroid_apps/native_apps/Dashchan/src/com/mishiranu/dashchan/content/async/ReadPostsTask.java|class:com.mishiranu.dashchan.content.async.ReadPostsTask
DataTransmissionWithoutCompression;aDoctor;/Users/rar9993/repos/research/fdroid_apps/native_apps/Dashchan/NONE_TRANSFORMED_;/Users/rar9993/repos/research/fdroid_apps/native_apps/Dashchan/src/com/mishiranu/dashchan/content/async/SendLocalArchiveTask.java;file:/Users/rar9993/repos/research/fdroid_apps/native_apps/Dashchan/src/com/mishiranu/dashchan/content/async/SendLocalArchiveTask.java|class:com.mishiranu.dashchan.content.async.SendLocalArchiveTask
LeakingInnerClass;aDoctor;/Users/rar9993/repos/research/fdroid_apps/native_apps/Dashchan/NONE_TRANSFORMED_;/Users/rar9993/repos/research/fdroid_apps/native_apps/Dashchan/src/com/mishiranu/dashchan/content/async/SendLocalArchiveTask.java;file:/Users/rar9993/repos/research/fdroid_apps/native_apps/Dashchan/src/com/mishiranu/dashchan/content/async/SendLocalArchiveTask.java|class:com.mishiranu.dashchan.content.async.SendLocalArchiveTask
LeakingThread;aDoctor;/Users/rar9993/repos/research/fdroid_apps/native_apps/Dashchan/NONE_TRANSFORMED_;/Users/rar9993/repos/research/fdroid_apps/native_apps/Dashchan/src/com/mishiranu/dashchan/content/async/SendLocalArchiveTask.java;file:/Users/rar9993/repos/research/fdroid_apps/native_apps/Dashchan/src/com/mishiranu/dashchan/content/async/SendLocalArchiveTask.java|class:com.mishiranu.dashchan.content.async.SendLocalArchiveTask
MemberIgnoringMethod;aDoctor;/Users/rar9993/repos/research/fdroid_apps/native_apps/Dashchan/NONE_TRANSFORMED_;/Users/rar9993/repos/research/fdroid_apps/native_apps/Dashchan/src/com/mishiranu/dashchan/content/async/SendLocalArchiveTask.java;file:/Users/rar9993/repos/research/fdroid_apps/native_apps/Dashchan/src/com/mishiranu/dashchan/content/async/SendLocalArchiveTask.java|class:com.mishiranu.dashchan.content.async.SendLocalArchiveTask
SlowForLoop;aDoctor;/Users/rar9993/repos/research/fdroid_apps/native_apps/Dashchan/NONE_TRANSFORMED_;/Users/rar9993/repos/research/fdroid_apps/native_apps/Dashchan/src/com/mishiranu/dashchan/content/async/SendLocalArchiveTask.java;file:/Users/rar9993/repos/research/fdroid_apps/native_apps/Dashchan/src/com/mishiranu/dashchan/content/async/SendLocalArchiveTask.java|class:com.mishiranu.dashchan.content.async.SendLocalArchiveTask
LeakingInnerClass;aDoctor;/Users/rar9993/repos/research/fdroid_apps/native_apps/Dashchan/NONE_TRANSFORMED_;/Users/rar9993/repos/research/fdroid_apps/native_apps/Dashchan/src/com/mishiranu/dashchan/content/async/ReadThreadsTask.java;file:/Users/rar9993/repos/research/fdroid_apps/native_apps/Dashchan/src/com/mishiranu/dashchan/content/async/ReadThreadsTask.java|class:com.mishiranu.dashchan.content.async.ReadThreadsTask
LeakingInnerClass;aDoctor;/Users/rar9993/repos/research/fdroid_apps/native_apps/Dashchan/NONE_TRANSFORMED_;/Users/rar9993/repos/research/fdroid_apps/native_apps/Dashchan/src/com/mishiranu/dashchan/content/async/ReadSinglePostTask.java;file:/Users/rar9993/repos/research/fdroid_apps/native_apps/Dashchan/src/com/mishiranu/dashchan/content/async/ReadSinglePostTask.java|class:com.mishiranu.dashchan.content.async.ReadSinglePostTask
LeakingThread;aDoctor;/Users/rar9993/repos/research/fdroid_apps/native_apps/Dashchan/NONE_TRANSFORMED_;/Users/rar9993/repos/research/fdroid_apps/native_apps/Dashchan/src/com/mishiranu/dashchan/content/async/HttpHolderTask.java;file:/Users/rar9993/repos/research/fdroid_apps/native_apps/Dashchan/src/com/mishiranu/dashchan/content/async/HttpHolderTask.java|class:com.mishiranu.dashchan.content.async.HttpHolderTask
LeakingInnerClass;aDoctor;/Users/rar9993/repos/research/fdroid_apps/native_apps/Dashchan/NONE_TRANSFORMED_;/Users/rar9993/repos/research/fdroid_apps/native_apps/Dashchan/src/com/mishiranu/dashchan/content/async/SendMultifunctionalTask.java;file:/Users/rar9993/repos/research/fdroid_apps/native_apps/Dashchan/src/com/mishiranu/dashchan/content/async/SendMultifunctionalTask.java|class:com.mishiranu.dashchan.content.async.SendMultifunctionalTask
DataTransmissionWithoutCompression;aDoctor;/Users/rar9993/repos/research/fdroid_apps/native_apps/Dashchan/NONE_TRANSFORMED_;/Users/rar9993/repos/research/fdroid_apps/native_apps/Dashchan/src/com/mishiranu/dashchan/content/async/ReadFileTask.java;file:/Users/rar9993/repos/research/fdroid_apps/native_apps/Dashchan/src/com/mishiranu/dashchan/content/async/ReadFileTask.java|class:com.mishiranu.dashchan.content.async.ReadFileTask
LeakingInnerClass;aDoctor;/Users/rar9993/repos/research/fdroid_apps/native_apps/Dashchan/NONE_TRANSFORMED_;/Users/rar9993/repos/research/fdroid_apps/native_apps/Dashchan/src/com/mishiranu/dashchan/content/async/ReadFileTask.java;file:/Users/rar9993/repos/research/fdroid_apps/native_apps/Dashchan/src/com/mishiranu/dashchan/content/async/ReadFileTask.java|class:com.mishiranu.dashchan.content.async.ReadFileTask
MemberIgnoringMethod;aDoctor;/Users/rar9993/repos/research/fdroid_apps/native_apps/Dashchan/NONE_TRANSFORMED_;/Users/rar9993/repos/research/fdroid_apps/native_apps/Dashchan/src/com/mishiranu/dashchan/content/async/ReadFileTask.java;file:/Users/rar9993/repos/research/fdroid_apps/native_apps/Dashchan/src/com/mishiranu/dashchan/content/async/ReadFileTask.java|class:com.mishiranu.dashchan.content.async.ReadFileTask
LeakingInnerClass;aDoctor;/Users/rar9993/repos/research/fdroid_apps/native_apps/Dashchan/NONE_TRANSFORMED_;/Users/rar9993/repos/research/fdroid_apps/native_apps/Dashchan/src/com/mishiranu/dashchan/content/async/ReadBoardsTask.java;file:/Users/rar9993/repos/research/fdroid_apps/native_apps/Dashchan/src/com/mishiranu/dashchan/content/async/ReadBoardsTask.java|class:com.mishiranu.dashchan.content.async.ReadBoardsTask
DataTransmissionWithoutCompression;aDoctor;/Users/rar9993/repos/research/fdroid_apps/native_apps/Dashchan/NONE_TRANSFORMED_;/Users/rar9993/repos/research/fdroid_apps/native_apps/Dashchan/src/com/mishiranu/dashchan/content/storage/StorageManager.java;file:/Users/rar9993/repos/research/fdroid_apps/native_apps/Dashchan/src/com/mishiranu/dashchan/content/storage/StorageManager.java|class:com.mishiranu.dashchan.content.storage.StorageManager
LeakingThread;aDoctor;/Users/rar9993/repos/research/fdroid_apps/native_apps/Dashchan/NONE_TRANSFORMED_;/Users/rar9993/repos/research/fdroid_apps/native_apps/Dashchan/src/com/mishiranu/dashchan/content/storage/StorageManager.java;file:/Users/rar9993/repos/research/fdroid_apps/native_apps/Dashchan/src/com/mishiranu/dashchan/content/storage/StorageManager.java|class:com.mishiranu.dashchan.content.storage.StorageManager
MemberIgnoringMethod;aDoctor;/Users/rar9993/repos/research/fdroid_apps/native_apps/Dashchan/NONE_TRANSFORMED_;/Users/rar9993/repos/research/fdroid_apps/native_apps/Dashchan/src/com/mishiranu/dashchan/content/storage/StorageManager.java;file:/Users/rar9993/repos/research/fdroid_apps/native_apps/Dashchan/src/com/mishiranu/dashchan/content/storage/StorageManager.java|class:com.mishiranu.dashchan.content.storage.StorageManager
MemberIgnoringMethod;aDoctor;/Users/rar9993/repos/research/fdroid_apps/native_apps/Dashchan/NONE_TRANSFORMED_;/Users/rar9993/repos/research/fdroid_apps/native_apps/Dashchan/src/com/mishiranu/dashchan/content/storage/ThemesStorage.java;file:/Users/rar9993/repos/research/fdroid_apps/native_apps/Dashchan/src/com/mishiranu/dashchan/content/storage/ThemesStorage.java|class:com.mishiranu.dashchan.content.storage.ThemesStorage
SlowForLoop;aDoctor;/Users/rar9993/repos/research/fdroid_apps/native_apps/Dashchan/NONE_TRANSFORMED_;/Users/rar9993/repos/research/fdroid_apps/native_apps/Dashchan/src/com/mishiranu/dashchan/content/storage/ThemesStorage.java;file:/Users/rar9993/repos/research/fdroid_apps/native_apps/Dashchan/src/com/mishiranu/dashchan/content/storage/ThemesStorage.java|class:com.mishiranu.dashchan.content.storage.ThemesStorage
LeakingInnerClass;aDoctor;/Users/rar9993/repos/research/fdroid_apps/native_apps/Dashchan/NONE_TRANSFORMED_;/Users/rar9993/repos/research/fdroid_apps/native_apps/Dashchan/src/com/mishiranu/dashchan/content/storage/FavoritesStorage.java;file:/Users/rar9993/repos/research/fdroid_apps/native_apps/Dashchan/src/com/mishiranu/dashchan/content/storage/FavoritesStorage.java|class:com.mishiranu.dashchan.content.storage.FavoritesStorage
MemberIgnoringMethod;aDoctor;/Users/rar9993/repos/research/fdroid_apps/native_apps/Dashchan/NONE_TRANSFORMED_;/Users/rar9993/repos/research/fdroid_apps/native_apps/Dashchan/src/com/mishiranu/dashchan/content/storage/FavoritesStorage.java;file:/Users/rar9993/repos/research/fdroid_apps/native_apps/Dashchan/src/com/mishiranu/dashchan/content/storage/FavoritesStorage.java|class:com.mishiranu.dashchan.content.storage.FavoritesStorage
MemberIgnoringMethod;aDoctor;/Users/rar9993/repos/research/fdroid_apps/native_apps/Dashchan/NONE_TRANSFORMED_;/Users/rar9993/repos/research/fdroid_apps/native_apps/Dashchan/src/com/mishiranu/dashchan/content/storage/AutohideStorage.java;file:/Users/rar9993/repos/research/fdroid_apps/native_apps/Dashchan/src/com/mishiranu/dashchan/content/storage/AutohideStorage.java|class:com.mishiranu.dashchan.content.storage.AutohideStorage
SlowForLoop;aDoctor;/Users/rar9993/repos/research/fdroid_apps/native_apps/Dashchan/NONE_TRANSFORMED_;/Users/rar9993/repos/research/fdroid_apps/native_apps/Dashchan/src/com/mishiranu/dashchan/content/storage/AutohideStorage.java;file:/Users/rar9993/repos/research/fdroid_apps/native_apps/Dashchan/src/com/mishiranu/dashchan/content/storage/AutohideStorage.java|class:com.mishiranu.dashchan.content.storage.AutohideStorage
DataTransmissionWithoutCompression;aDoctor;/Users/rar9993/repos/research/fdroid_apps/native_apps/Dashchan/NONE_TRANSFORMED_;/Users/rar9993/repos/research/fdroid_apps/native_apps/Dashchan/src/com/mishiranu/dashchan/content/storage/DraftsStorage.java;file:/Users/rar9993/repos/research/fdroid_apps/native_apps/Dashchan/src/com/mishiranu/dashchan/content/storage/DraftsStorage.java|class:com.mishiranu.dashchan.content.storage.DraftsStorage
MemberIgnoringMethod;aDoctor;/Users/rar9993/repos/research/fdroid_apps/native_apps/Dashchan/NONE_TRANSFORMED_;/Users/rar9993/repos/research/fdroid_apps/native_apps/Dashchan/src/com/mishiranu/dashchan/content/storage/DraftsStorage.java;file:/Users/rar9993/repos/research/fdroid_apps/native_apps/Dashchan/src/com/mishiranu/dashchan/content/storage/DraftsStorage.java|class:com.mishiranu.dashchan.content.storage.DraftsStorage
MemberIgnoringMethod;aDoctor;/Users/rar9993/repos/research/fdroid_apps/native_apps/Dashchan/NONE_TRANSFORMED_;/Users/rar9993/repos/research/fdroid_apps/native_apps/Dashchan/src/com/mishiranu/dashchan/content/storage/StatisticsStorage.java;file:/Users/rar9993/repos/research/fdroid_apps/native_apps/Dashchan/src/com/mishiranu/dashchan/content/storage/StatisticsStorage.java|class:com.mishiranu.dashchan.content.storage.StatisticsStorage
DataTransmissionWithoutCompression;aDoctor;/Users/rar9993/repos/research/fdroid_apps/native_apps/Dashchan/NONE_TRANSFORMED_;/Users/rar9993/repos/research/fdroid_apps/native_apps/Dashchan/src/com/mishiranu/dashchan/content/model/Post.java;file:/Users/rar9993/repos/research/fdroid_apps/native_apps/Dashchan/src/com/mishiranu/dashchan/content/model/Post.java|class:com.mishiranu.dashchan.content.model.Post
LeakingInnerClass;aDoctor;/Users/rar9993/repos/research/fdroid_apps/native_apps/Dashchan/NONE_TRANSFORMED_;/Users/rar9993/repos/research/fdroid_apps/native_apps/Dashchan/src/com/mishiranu/dashchan/content/model/Post.java;file:/Users/rar9993/repos/research/fdroid_apps/native_apps/Dashchan/src/com/mishiranu/dashchan/content/model/Post.java|class:com.mishiranu.dashchan.content.model.Post
LeakingInnerClass;aDoctor;/Users/rar9993/repos/research/fdroid_apps/native_apps/Dashchan/NONE_TRANSFORMED_;/Users/rar9993/repos/research/fdroid_apps/native_apps/Dashchan/src/com/mishiranu/dashchan/content/model/PendingUserPost.java;file:/Users/rar9993/repos/research/fdroid_apps/native_apps/Dashchan/src/com/mishiranu/dashchan/content/model/PendingUserPost.java|class:com.mishiranu.dashchan.content.model.PendingUserPost
SlowForLoop;aDoctor;/Users/rar9993/repos/research/fdroid_apps/native_apps/Dashchan/NONE_TRANSFORMED_;/Users/rar9993/repos/research/fdroid_apps/native_apps/Dashchan/src/com/mishiranu/dashchan/content/model/PendingUserPost.java;file:/Users/rar9993/repos/research/fdroid_apps/native_apps/Dashchan/src/com/mishiranu/dashchan/content/model/PendingUserPost.java|class:com.mishiranu.dashchan.content.model.PendingUserPost
DataTransmissionWithoutCompression;aDoctor;/Users/rar9993/repos/research/fdroid_apps/native_apps/Dashchan/NONE_TRANSFORMED_;/Users/rar9993/repos/research/fdroid_apps/native_apps/Dashchan/src/com/mishiranu/dashchan/content/model/FileHolder.java;file:/Users/rar9993/repos/research/fdroid_apps/native_apps/Dashchan/src/com/mishiranu/dashchan/content/model/FileHolder.java|class:com.mishiranu.dashchan.content.model.FileHolder
MemberIgnoringMethod;aDoctor;/Users/rar9993/repos/research/fdroid_apps/native_apps/Dashchan/NONE_TRANSFORMED_;/Users/rar9993/repos/research/fdroid_apps/native_apps/Dashchan/src/com/mishiranu/dashchan/content/model/FileHolder.java;file:/Users/rar9993/repos/research/fdroid_apps/native_apps/Dashchan/src/com/mishiranu/dashchan/content/model/FileHolder.java|class:com.mishiranu.dashchan.content.model.FileHolder
SlowForLoop;aDoctor;/Users/rar9993/repos/research/fdroid_apps/native_apps/Dashchan/NONE_TRANSFORMED_;/Users/rar9993/repos/research/fdroid_apps/native_apps/Dashchan/src/com/mishiranu/dashchan/content/model/FileHolder.java;file:/Users/rar9993/repos/research/fdroid_apps/native_apps/Dashchan/src/com/mishiranu/dashchan/content/model/FileHolder.java|class:com.mishiranu.dashchan.content.model.FileHolder
UnclosedCloseable;aDoctor;/Users/rar9993/repos/research/fdroid_apps/native_apps/Dashchan/NONE_TRANSFORMED_;/Users/rar9993/repos/research/fdroid_apps/native_apps/Dashchan/src/com/mishiranu/dashchan/content/model/FileHolder.java;file:/Users/rar9993/repos/research/fdroid_apps/native_apps/Dashchan/src/com/mishiranu/dashchan/content/model/FileHolder.java|class:com.mishiranu.dashchan.content.model.FileHolder
LeakingInnerClass;aDoctor;/Users/rar9993/repos/research/fdroid_apps/native_apps/Dashchan/NONE_TRANSFORMED_;/Users/rar9993/repos/research/fdroid_apps/native_apps/Dashchan/src/com/mishiranu/dashchan/content/model/ErrorItem.java;file:/Users/rar9993/repos/research/fdroid_apps/native_apps/Dashchan/src/com/mishiranu/dashchan/content/model/ErrorItem.java|class:com.mishiranu.dashchan.content.model.ErrorItem
MemberIgnoringMethod;aDoctor;/Users/rar9993/repos/research/fdroid_apps/native_apps/Dashchan/NONE_TRANSFORMED_;/Users/rar9993/repos/research/fdroid_apps/native_apps/Dashchan/src/com/mishiranu/dashchan/content/model/ErrorItem.java;file:/Users/rar9993/repos/research/fdroid_apps/native_apps/Dashchan/src/com/mishiranu/dashchan/content/model/ErrorItem.java|class:com.mishiranu.dashchan.content.model.ErrorItem
DataTransmissionWithoutCompression;aDoctor;/Users/rar9993/repos/research/fdroid_apps/native_apps/Dashchan/NONE_TRANSFORMED_;/Users/rar9993/repos/research/fdroid_apps/native_apps/Dashchan/src/com/mishiranu/dashchan/content/model/AttachmentItem.java;file:/Users/rar9993/repos/research/fdroid_apps/native_apps/Dashchan/src/com/mishiranu/dashchan/content/model/AttachmentItem.java|class:com.mishiranu.dashchan.content.model.AttachmentItem
LeakingInnerClass;aDoctor;/Users/rar9993/repos/research/fdroid_apps/native_apps/Dashchan/NONE_TRANSFORMED_;/Users/rar9993/repos/research/fdroid_apps/native_apps/Dashchan/src/com/mishiranu/dashchan/content/model/AttachmentItem.java;file:/Users/rar9993/repos/research/fdroid_apps/native_apps/Dashchan/src/com/mishiranu/dashchan/content/model/AttachmentItem.java|class:com.mishiranu.dashchan.content.model.AttachmentItem
MemberIgnoringMethod;aDoctor;/Users/rar9993/repos/research/fdroid_apps/native_apps/Dashchan/NONE_TRANSFORMED_;/Users/rar9993/repos/research/fdroid_apps/native_apps/Dashchan/src/com/mishiranu/dashchan/content/model/AttachmentItem.java;file:/Users/rar9993/repos/research/fdroid_apps/native_apps/Dashchan/src/com/mishiranu/dashchan/content/model/AttachmentItem.java|class:com.mishiranu.dashchan.content.model.AttachmentItem
LeakingInnerClass;aDoctor;/Users/rar9993/repos/research/fdroid_apps/native_apps/Dashchan/NONE_TRANSFORMED_;/Users/rar9993/repos/research/fdroid_apps/native_apps/Dashchan/src/com/mishiranu/dashchan/content/model/GalleryItem.java;file:/Users/rar9993/repos/research/fdroid_apps/native_apps/Dashchan/src/com/mishiranu/dashchan/content/model/GalleryItem.java|class:com.mishiranu.dashchan.content.model.GalleryItem
MemberIgnoringMethod;aDoctor;/Users/rar9993/repos/research/fdroid_apps/native_apps/Dashchan/NONE_TRANSFORMED_;/Users/rar9993/repos/research/fdroid_apps/native_apps/Dashchan/src/com/mishiranu/dashchan/content/model/GalleryItem.java;file:/Users/rar9993/repos/research/fdroid_apps/native_apps/Dashchan/src/com/mishiranu/dashchan/content/model/GalleryItem.java|class:com.mishiranu.dashchan.content.model.GalleryItem
MemberIgnoringMethod;aDoctor;/Users/rar9993/repos/research/fdroid_apps/native_apps/Dashchan/NONE_TRANSFORMED_;/Users/rar9993/repos/research/fdroid_apps/native_apps/Dashchan/src/com/mishiranu/dashchan/content/model/PostNumber.java;file:/Users/rar9993/repos/research/fdroid_apps/native_apps/Dashchan/src/com/mishiranu/dashchan/content/model/PostNumber.java|class:com.mishiranu.dashchan.content.model.PostNumber
SlowForLoop;aDoctor;/Users/rar9993/repos/research/fdroid_apps/native_apps/Dashchan/NONE_TRANSFORMED_;/Users/rar9993/repos/research/fdroid_apps/native_apps/Dashchan/src/com/mishiranu/dashchan/content/model/PostNumber.java;file:/Users/rar9993/repos/research/fdroid_apps/native_apps/Dashchan/src/com/mishiranu/dashchan/content/model/PostNumber.java|class:com.mishiranu.dashchan.content.model.PostNumber
InternalGetterSetter;aDoctor;/Users/rar9993/repos/research/fdroid_apps/native_apps/Dashchan/NONE_TRANSFORMED_;/Users/rar9993/repos/research/fdroid_apps/native_apps/Dashchan/src/com/mishiranu/dashchan/content/model/PostItem.java;file:/Users/rar9993/repos/research/fdroid_apps/native_apps/Dashchan/src/com/mishiranu/dashchan/content/model/PostItem.java|class:com.mishiranu.dashchan.content.model.PostItem
LeakingInnerClass;aDoctor;/Users/rar9993/repos/research/fdroid_apps/native_apps/Dashchan/NONE_TRANSFORMED_;/Users/rar9993/repos/research/fdroid_apps/native_apps/Dashchan/src/com/mishiranu/dashchan/content/model/PostItem.java;file:/Users/rar9993/repos/research/fdroid_apps/native_apps/Dashchan/src/com/mishiranu/dashchan/content/model/PostItem.java|class:com.mishiranu.dashchan.content.model.PostItem
SlowForLoop;aDoctor;/Users/rar9993/repos/research/fdroid_apps/native_apps/Dashchan/NONE_TRANSFORMED_;/Users/rar9993/repos/research/fdroid_apps/native_apps/Dashchan/src/com/mishiranu/dashchan/content/model/PostItem.java;file:/Users/rar9993/repos/research/fdroid_apps/native_apps/Dashchan/src/com/mishiranu/dashchan/content/model/PostItem.java|class:com.mishiranu.dashchan.content.model.PostItem
LeakingInnerClass;aDoctor;/Users/rar9993/repos/research/fdroid_apps/native_apps/Dashchan/NONE_TRANSFORMED_;/Users/rar9993/repos/research/fdroid_apps/native_apps/Dashchan/src/com/mishiranu/dashchan/content/service/PostingService.java;file:/Users/rar9993/repos/research/fdroid_apps/native_apps/Dashchan/src/com/mishiranu/dashchan/content/service/PostingService.java|class:com.mishiranu.dashchan.content.service.PostingService
MemberIgnoringMethod;aDoctor;/Users/rar9993/repos/research/fdroid_apps/native_apps/Dashchan/NONE_TRANSFORMED_;/Users/rar9993/repos/research/fdroid_apps/native_apps/Dashchan/src/com/mishiranu/dashchan/content/service/PostingService.java;file:/Users/rar9993/repos/research/fdroid_apps/native_apps/Dashchan/src/com/mishiranu/dashchan/content/service/PostingService.java|class:com.mishiranu.dashchan.content.service.PostingService
LeakingInnerClass;aDoctor;/Users/rar9993/repos/research/fdroid_apps/native_apps/Dashchan/NONE_TRANSFORMED_;/Users/rar9993/repos/research/fdroid_apps/native_apps/Dashchan/src/com/mishiranu/dashchan/content/service/WatcherService.java;file:/Users/rar9993/repos/research/fdroid_apps/native_apps/Dashchan/src/com/mishiranu/dashchan/content/service/WatcherService.java|class:com.mishiranu.dashchan.content.service.WatcherService
LeakingThread;aDoctor;/Users/rar9993/repos/research/fdroid_apps/native_apps/Dashchan/NONE_TRANSFORMED_;/Users/rar9993/repos/research/fdroid_apps/native_apps/Dashchan/src/com/mishiranu/dashchan/content/service/WatcherService.java;file:/Users/rar9993/repos/research/fdroid_apps/native_apps/Dashchan/src/com/mishiranu/dashchan/content/service/WatcherService.java|class:com.mishiranu.dashchan.content.service.WatcherService
MemberIgnoringMethod;aDoctor;/Users/rar9993/repos/research/fdroid_apps/native_apps/Dashchan/NONE_TRANSFORMED_;/Users/rar9993/repos/research/fdroid_apps/native_apps/Dashchan/src/com/mishiranu/dashchan/content/service/WatcherService.java;file:/Users/rar9993/repos/research/fdroid_apps/native_apps/Dashchan/src/com/mishiranu/dashchan/content/service/WatcherService.java|class:com.mishiranu.dashchan.content.service.WatcherService
DataTransmissionWithoutCompression;aDoctor;/Users/rar9993/repos/research/fdroid_apps/native_apps/Dashchan/NONE_TRANSFORMED_;/Users/rar9993/repos/research/fdroid_apps/native_apps/Dashchan/src/com/mishiranu/dashchan/content/service/DownloadService.java;file:/Users/rar9993/repos/research/fdroid_apps/native_apps/Dashchan/src/com/mishiranu/dashchan/content/service/DownloadService.java|class:com.mishiranu.dashchan.content.service.DownloadService
LeakingInnerClass;aDoctor;/Users/rar9993/repos/research/fdroid_apps/native_apps/Dashchan/NONE_TRANSFORMED_;/Users/rar9993/repos/research/fdroid_apps/native_apps/Dashchan/src/com/mishiranu/dashchan/content/service/DownloadService.java;file:/Users/rar9993/repos/research/fdroid_apps/native_apps/Dashchan/src/com/mishiranu/dashchan/content/service/DownloadService.java|class:com.mishiranu.dashchan.content.service.DownloadService
LeakingThread;aDoctor;/Users/rar9993/repos/research/fdroid_apps/native_apps/Dashchan/NONE_TRANSFORMED_;/Users/rar9993/repos/research/fdroid_apps/native_apps/Dashchan/src/com/mishiranu/dashchan/content/service/DownloadService.java;file:/Users/rar9993/repos/research/fdroid_apps/native_apps/Dashchan/src/com/mishiranu/dashchan/content/service/DownloadService.java|class:com.mishiranu.dashchan.content.service.DownloadService
MemberIgnoringMethod;aDoctor;/Users/rar9993/repos/research/fdroid_apps/native_apps/Dashchan/NONE_TRANSFORMED_;/Users/rar9993/repos/research/fdroid_apps/native_apps/Dashchan/src/com/mishiranu/dashchan/content/service/DownloadService.java;file:/Users/rar9993/repos/research/fdroid_apps/native_apps/Dashchan/src/com/mishiranu/dashchan/content/service/DownloadService.java|class:com.mishiranu.dashchan.content.service.DownloadService
LeakingThread;aDoctor;/Users/rar9993/repos/research/fdroid_apps/native_apps/Dashchan/NONE_TRANSFORMED_;/Users/rar9993/repos/research/fdroid_apps/native_apps/Dashchan/src/com/mishiranu/dashchan/content/service/BaseService.java;file:/Users/rar9993/repos/research/fdroid_apps/native_apps/Dashchan/src/com/mishiranu/dashchan/content/service/BaseService.java|class:com.mishiranu.dashchan.content.service.BaseService
NoLowMemoryResolver;aDoctor;/Users/rar9993/repos/research/fdroid_apps/native_apps/Dashchan/NONE_TRANSFORMED_;/Users/rar9993/repos/research/fdroid_apps/native_apps/Dashchan/src/com/mishiranu/dashchan/content/service/BaseService.java;file:/Users/rar9993/repos/research/fdroid_apps/native_apps/Dashchan/src/com/mishiranu/dashchan/content/service/BaseService.java|class:com.mishiranu.dashchan.content.service.BaseService
DataTransmissionWithoutCompression;aDoctor;/Users/rar9993/repos/research/fdroid_apps/native_apps/Dashchan/NONE_TRANSFORMED_;/Users/rar9993/repos/research/fdroid_apps/native_apps/Dashchan/src/com/mishiranu/dashchan/content/service/AudioPlayerService.java;file:/Users/rar9993/repos/research/fdroid_apps/native_apps/Dashchan/src/com/mishiranu/dashchan/content/service/AudioPlayerService.java|class:com.mishiranu.dashchan.content.service.AudioPlayerService
WakeLock;aDoctor;/Users/rar9993/repos/research/fdroid_apps/native_apps/Dashchan/NONE_TRANSFORMED_;/Users/rar9993/repos/research/fdroid_apps/native_apps/Dashchan/src/com/mishiranu/dashchan/content/service/AudioPlayerService.java;file:/Users/rar9993/repos/research/fdroid_apps/native_apps/Dashchan/src/com/mishiranu/dashchan/content/service/AudioPlayerService.java|class:com.mishiranu.dashchan.content.service.AudioPlayerService
LeakingInnerClass;aDoctor;/Users/rar9993/repos/research/fdroid_apps/native_apps/Dashchan/NONE_TRANSFORMED_;/Users/rar9993/repos/research/fdroid_apps/native_apps/Dashchan/src/com/mishiranu/dashchan/content/service/AudioPlayerService.java;file:/Users/rar9993/repos/research/fdroid_apps/native_apps/Dashchan/src/com/mishiranu/dashchan/content/service/AudioPlayerService.java|class:com.mishiranu.dashchan.content.service.AudioPlayerService
MemberIgnoringMethod;aDoctor;/Users/rar9993/repos/research/fdroid_apps/native_apps/Dashchan/NONE_TRANSFORMED_;/Users/rar9993/repos/research/fdroid_apps/native_apps/Dashchan/src/com/mishiranu/dashchan/content/service/AudioPlayerService.java;file:/Users/rar9993/repos/research/fdroid_apps/native_apps/Dashchan/src/com/mishiranu/dashchan/content/service/AudioPlayerService.java|class:com.mishiranu.dashchan.content.service.AudioPlayerService
MemberIgnoringMethod;aDoctor;/Users/rar9993/repos/research/fdroid_apps/native_apps/Dashchan/NONE_TRANSFORMED_;/Users/rar9993/repos/research/fdroid_apps/native_apps/Dashchan/src/com/mishiranu/dashchan/content/service/webview/WebViewExtra.java;file:/Users/rar9993/repos/research/fdroid_apps/native_apps/Dashchan/src/com/mishiranu/dashchan/content/service/webview/WebViewExtra.java|class:com.mishiranu.dashchan.content.service.webview.WebViewExtra
DataTransmissionWithoutCompression;aDoctor;/Users/rar9993/repos/research/fdroid_apps/native_apps/Dashchan/NONE_TRANSFORMED_;/Users/rar9993/repos/research/fdroid_apps/native_apps/Dashchan/src/com/mishiranu/dashchan/content/service/webview/WebViewService.java;file:/Users/rar9993/repos/research/fdroid_apps/native_apps/Dashchan/src/com/mishiranu/dashchan/content/service/webview/WebViewService.java|class:com.mishiranu.dashchan.content.service.webview.WebViewService
LeakingInnerClass;aDoctor;/Users/rar9993/repos/research/fdroid_apps/native_apps/Dashchan/NONE_TRANSFORMED_;/Users/rar9993/repos/research/fdroid_apps/native_apps/Dashchan/src/com/mishiranu/dashchan/content/service/webview/WebViewService.java;file:/Users/rar9993/repos/research/fdroid_apps/native_apps/Dashchan/src/com/mishiranu/dashchan/content/service/webview/WebViewService.java|class:com.mishiranu.dashchan.content.service.webview.WebViewService
NoLowMemoryResolver;aDoctor;/Users/rar9993/repos/research/fdroid_apps/native_apps/Dashchan/NONE_TRANSFORMED_;/Users/rar9993/repos/research/fdroid_apps/native_apps/Dashchan/src/com/mishiranu/dashchan/content/service/webview/WebViewService.java;file:/Users/rar9993/repos/research/fdroid_apps/native_apps/Dashchan/src/com/mishiranu/dashchan/content/service/webview/WebViewService.java|class:com.mishiranu.dashchan.content.service.webview.WebViewService
DataTransmissionWithoutCompression;aDoctor;/Users/rar9993/repos/research/fdroid_apps/native_apps/Dashchan/NONE_TRANSFORMED_;/Users/rar9993/repos/research/fdroid_apps/native_apps/Dashchan/src/com/mishiranu/dashchan/text/WakabaLikeHtmlBuilder.java;file:/Users/rar9993/repos/research/fdroid_apps/native_apps/Dashchan/src/com/mishiranu/dashchan/text/WakabaLikeHtmlBuilder.java|class:com.mishiranu.dashchan.text.WakabaLikeHtmlBuilder
SlowForLoop;aDoctor;/Users/rar9993/repos/research/fdroid_apps/native_apps/Dashchan/NONE_TRANSFORMED_;/Users/rar9993/repos/research/fdroid_apps/native_apps/Dashchan/src/com/mishiranu/dashchan/text/WakabaLikeHtmlBuilder.java;file:/Users/rar9993/repos/research/fdroid_apps/native_apps/Dashchan/src/com/mishiranu/dashchan/text/WakabaLikeHtmlBuilder.java|class:com.mishiranu.dashchan.text.WakabaLikeHtmlBuilder
MemberIgnoringMethod;aDoctor;/Users/rar9993/repos/research/fdroid_apps/native_apps/Dashchan/NONE_TRANSFORMED_;/Users/rar9993/repos/research/fdroid_apps/native_apps/Dashchan/src/com/mishiranu/dashchan/text/SimilarTextEstimator.java;file:/Users/rar9993/repos/research/fdroid_apps/native_apps/Dashchan/src/com/mishiranu/dashchan/text/SimilarTextEstimator.java|class:com.mishiranu.dashchan.text.SimilarTextEstimator
SlowForLoop;aDoctor;/Users/rar9993/repos/research/fdroid_apps/native_apps/Dashchan/NONE_TRANSFORMED_;/Users/rar9993/repos/research/fdroid_apps/native_apps/Dashchan/src/com/mishiranu/dashchan/text/SimilarTextEstimator.java;file:/Users/rar9993/repos/research/fdroid_apps/native_apps/Dashchan/src/com/mishiranu/dashchan/text/SimilarTextEstimator.java|class:com.mishiranu.dashchan.text.SimilarTextEstimator
LeakingInnerClass;aDoctor;/Users/rar9993/repos/research/fdroid_apps/native_apps/Dashchan/NONE_TRANSFORMED_;/Users/rar9993/repos/research/fdroid_apps/native_apps/Dashchan/src/com/mishiranu/dashchan/text/HtmlParser.java;file:/Users/rar9993/repos/research/fdroid_apps/native_apps/Dashchan/src/com/mishiranu/dashchan/text/HtmlParser.java|class:com.mishiranu.dashchan.text.HtmlParser
MemberIgnoringMethod;aDoctor;/Users/rar9993/repos/research/fdroid_apps/native_apps/Dashchan/NONE_TRANSFORMED_;/Users/rar9993/repos/research/fdroid_apps/native_apps/Dashchan/src/com/mishiranu/dashchan/text/HtmlParser.java;file:/Users/rar9993/repos/research/fdroid_apps/native_apps/Dashchan/src/com/mishiranu/dashchan/text/HtmlParser.java|class:com.mishiranu.dashchan.text.HtmlParser
SlowForLoop;aDoctor;/Users/rar9993/repos/research/fdroid_apps/native_apps/Dashchan/NONE_TRANSFORMED_;/Users/rar9993/repos/research/fdroid_apps/native_apps/Dashchan/src/com/mishiranu/dashchan/text/HtmlParser.java;file:/Users/rar9993/repos/research/fdroid_apps/native_apps/Dashchan/src/com/mishiranu/dashchan/text/HtmlParser.java|class:com.mishiranu.dashchan.text.HtmlParser
MemberIgnoringMethod;aDoctor;/Users/rar9993/repos/research/fdroid_apps/native_apps/Dashchan/NONE_TRANSFORMED_;/Users/rar9993/repos/research/fdroid_apps/native_apps/Dashchan/src/com/mishiranu/dashchan/text/style/LinkSuffixSpan.java;file:/Users/rar9993/repos/research/fdroid_apps/native_apps/Dashchan/src/com/mishiranu/dashchan/text/style/LinkSuffixSpan.java|class:com.mishiranu.dashchan.text.style.LinkSuffixSpan
SlowForLoop;aDoctor;/Users/rar9993/repos/research/fdroid_apps/native_apps/Dashchan/NONE_TRANSFORMED_;/Users/rar9993/repos/research/fdroid_apps/native_apps/Dashchan/src/com/mishiranu/dashchan/text/style/OverlineSpan.java;file:/Users/rar9993/repos/research/fdroid_apps/native_apps/Dashchan/src/com/mishiranu/dashchan/text/style/OverlineSpan.java|class:com.mishiranu.dashchan.text.style.OverlineSpan
MemberIgnoringMethod;aDoctor;/Users/rar9993/repos/research/fdroid_apps/native_apps/Dashchan/NONE_TRANSFORMED_;/Users/rar9993/repos/research/fdroid_apps/native_apps/Dashchan/src/com/mishiranu/dashchan/text/style/SpoilerSpan.java;file:/Users/rar9993/repos/research/fdroid_apps/native_apps/Dashchan/src/com/mishiranu/dashchan/text/style/SpoilerSpan.java|class:com.mishiranu.dashchan.text.style.SpoilerSpan
MemberIgnoringMethod;aDoctor;/Users/rar9993/repos/research/fdroid_apps/native_apps/Dashchan/NONE_TRANSFORMED_;/Users/rar9993/repos/research/fdroid_apps/native_apps/Dashchan/src/com/mishiranu/dashchan/text/style/HeadingSpan.java;file:/Users/rar9993/repos/research/fdroid_apps/native_apps/Dashchan/src/com/mishiranu/dashchan/text/style/HeadingSpan.java|class:com.mishiranu.dashchan.text.style.HeadingSpan
MemberIgnoringMethod;aDoctor;/Users/rar9993/repos/research/fdroid_apps/native_apps/Dashchan/NONE_TRANSFORMED_;/Users/rar9993/repos/research/fdroid_apps/native_apps/Dashchan/src/com/mishiranu/dashchan/text/style/TabulationSpan.java;file:/Users/rar9993/repos/research/fdroid_apps/native_apps/Dashchan/src/com/mishiranu/dashchan/text/style/TabulationSpan.java|class:com.mishiranu.dashchan.text.style.TabulationSpan
SlowForLoop;aDoctor;/Users/rar9993/repos/research/fdroid_apps/native_apps/Dashchan/NONE_TRANSFORMED_;/Users/rar9993/repos/research/fdroid_apps/native_apps/Dashchan/src/com/mishiranu/dashchan/text/style/TabulationSpan.java;file:/Users/rar9993/repos/research/fdroid_apps/native_apps/Dashchan/src/com/mishiranu/dashchan/text/style/TabulationSpan.java|class:com.mishiranu.dashchan.text.style.TabulationSpan
MemberIgnoringMethod;aDoctor;/Users/rar9993/repos/research/fdroid_apps/native_apps/Dashchan/NONE_TRANSFORMED_;/Users/rar9993/repos/research/fdroid_apps/native_apps/Dashchan/src/com/mishiranu/dashchan/graphics/ThemeChoiceDrawable.java;file:/Users/rar9993/repos/research/fdroid_apps/native_apps/Dashchan/src/com/mishiranu/dashchan/graphics/ThemeChoiceDrawable.java|class:com.mishiranu.dashchan.graphics.ThemeChoiceDrawable
HashmapUsage;aDoctor;/Users/rar9993/repos/research/fdroid_apps/native_apps/Dashchan/NONE_TRANSFORMED_;/Users/rar9993/repos/research/fdroid_apps/native_apps/Dashchan/src/com/mishiranu/dashchan/graphics/DecoderDrawable.java;file:/Users/rar9993/repos/research/fdroid_apps/native_apps/Dashchan/src/com/mishiranu/dashchan/graphics/DecoderDrawable.java|class:com.mishiranu.dashchan.graphics.DecoderDrawable
LeakingInnerClass;aDoctor;/Users/rar9993/repos/research/fdroid_apps/native_apps/Dashchan/NONE_TRANSFORMED_;/Users/rar9993/repos/research/fdroid_apps/native_apps/Dashchan/src/com/mishiranu/dashchan/graphics/DecoderDrawable.java;file:/Users/rar9993/repos/research/fdroid_apps/native_apps/Dashchan/src/com/mishiranu/dashchan/graphics/DecoderDrawable.java|class:com.mishiranu.dashchan.graphics.DecoderDrawable
LeakingThread;aDoctor;/Users/rar9993/repos/research/fdroid_apps/native_apps/Dashchan/NONE_TRANSFORMED_;/Users/rar9993/repos/research/fdroid_apps/native_apps/Dashchan/src/com/mishiranu/dashchan/graphics/DecoderDrawable.java;file:/Users/rar9993/repos/research/fdroid_apps/native_apps/Dashchan/src/com/mishiranu/dashchan/graphics/DecoderDrawable.java|class:com.mishiranu.dashchan.graphics.DecoderDrawable
MemberIgnoringMethod;aDoctor;/Users/rar9993/repos/research/fdroid_apps/native_apps/Dashchan/NONE_TRANSFORMED_;/Users/rar9993/repos/research/fdroid_apps/native_apps/Dashchan/src/com/mishiranu/dashchan/graphics/DecoderDrawable.java;file:/Users/rar9993/repos/research/fdroid_apps/native_apps/Dashchan/src/com/mishiranu/dashchan/graphics/DecoderDrawable.java|class:com.mishiranu.dashchan.graphics.DecoderDrawable
SlowForLoop;aDoctor;/Users/rar9993/repos/research/fdroid_apps/native_apps/Dashchan/NONE_TRANSFORMED_;/Users/rar9993/repos/research/fdroid_apps/native_apps/Dashchan/src/com/mishiranu/dashchan/graphics/DecoderDrawable.java;file:/Users/rar9993/repos/research/fdroid_apps/native_apps/Dashchan/src/com/mishiranu/dashchan/graphics/DecoderDrawable.java|class:com.mishiranu.dashchan.graphics.DecoderDrawable
InternalGetterSetter;aDoctor;/Users/rar9993/repos/research/fdroid_apps/native_apps/Dashchan/NONE_TRANSFORMED_;/Users/rar9993/repos/research/fdroid_apps/native_apps/Dashchan/src/com/mishiranu/dashchan/graphics/GalleryBackgroundDrawable.java;file:/Users/rar9993/repos/research/fdroid_apps/native_apps/Dashchan/src/com/mishiranu/dashchan/graphics/GalleryBackgroundDrawable.java|class:com.mishiranu.dashchan.graphics.GalleryBackgroundDrawable
LeakingInnerClass;aDoctor;/Users/rar9993/repos/research/fdroid_apps/native_apps/Dashchan/NONE_TRANSFORMED_;/Users/rar9993/repos/research/fdroid_apps/native_apps/Dashchan/src/com/mishiranu/dashchan/graphics/ColorScheme.java;file:/Users/rar9993/repos/research/fdroid_apps/native_apps/Dashchan/src/com/mishiranu/dashchan/graphics/ColorScheme.java|class:com.mishiranu.dashchan.graphics.ColorScheme
MemberIgnoringMethod;aDoctor;/Users/rar9993/repos/research/fdroid_apps/native_apps/Dashchan/NONE_TRANSFORMED_;/Users/rar9993/repos/research/fdroid_apps/native_apps/Dashchan/src/com/mishiranu/dashchan/graphics/ColorScheme.java;file:/Users/rar9993/repos/research/fdroid_apps/native_apps/Dashchan/src/com/mishiranu/dashchan/graphics/ColorScheme.java|class:com.mishiranu.dashchan.graphics.ColorScheme
LeakingThread;aDoctor;/Users/rar9993/repos/research/fdroid_apps/native_apps/Dashchan/NONE_TRANSFORMED_;/Users/rar9993/repos/research/fdroid_apps/native_apps/Dashchan/src/com/mishiranu/dashchan/media/AnimatedPngDecoder.java;file:/Users/rar9993/repos/research/fdroid_apps/native_apps/Dashchan/src/com/mishiranu/dashchan/media/AnimatedPngDecoder.java|class:com.mishiranu.dashchan.media.AnimatedPngDecoder
SlowForLoop;aDoctor;/Users/rar9993/repos/research/fdroid_apps/native_apps/Dashchan/NONE_TRANSFORMED_;/Users/rar9993/repos/research/fdroid_apps/native_apps/Dashchan/src/com/mishiranu/dashchan/media/AnimatedPngDecoder.java;file:/Users/rar9993/repos/research/fdroid_apps/native_apps/Dashchan/src/com/mishiranu/dashchan/media/AnimatedPngDecoder.java|class:com.mishiranu.dashchan.media.AnimatedPngDecoder
DataTransmissionWithoutCompression;aDoctor;/Users/rar9993/repos/research/fdroid_apps/native_apps/Dashchan/NONE_TRANSFORMED_;/Users/rar9993/repos/research/fdroid_apps/native_apps/Dashchan/src/com/mishiranu/dashchan/media/GifDecoder.java;file:/Users/rar9993/repos/research/fdroid_apps/native_apps/Dashchan/src/com/mishiranu/dashchan/media/GifDecoder.java|class:com.mishiranu.dashchan.media.GifDecoder
LeakingThread;aDoctor;/Users/rar9993/repos/research/fdroid_apps/native_apps/Dashchan/NONE_TRANSFORMED_;/Users/rar9993/repos/research/fdroid_apps/native_apps/Dashchan/src/com/mishiranu/dashchan/media/GifDecoder.java;file:/Users/rar9993/repos/research/fdroid_apps/native_apps/Dashchan/src/com/mishiranu/dashchan/media/GifDecoder.java|class:com.mishiranu.dashchan.media.GifDecoder
MemberIgnoringMethod;aDoctor;/Users/rar9993/repos/research/fdroid_apps/native_apps/Dashchan/NONE_TRANSFORMED_;/Users/rar9993/repos/research/fdroid_apps/native_apps/Dashchan/src/com/mishiranu/dashchan/media/GifDecoder.java;file:/Users/rar9993/repos/research/fdroid_apps/native_apps/Dashchan/src/com/mishiranu/dashchan/media/GifDecoder.java|class:com.mishiranu.dashchan.media.GifDecoder
MemberIgnoringMethod;aDoctor;/Users/rar9993/repos/research/fdroid_apps/native_apps/Dashchan/NONE_TRANSFORMED_;/Users/rar9993/repos/research/fdroid_apps/native_apps/Dashchan/src/com/mishiranu/dashchan/media/ExifData.java;file:/Users/rar9993/repos/research/fdroid_apps/native_apps/Dashchan/src/com/mishiranu/dashchan/media/ExifData.java|class:com.mishiranu.dashchan.media.ExifData
SlowForLoop;aDoctor;/Users/rar9993/repos/research/fdroid_apps/native_apps/Dashchan/NONE_TRANSFORMED_;/Users/rar9993/repos/research/fdroid_apps/native_apps/Dashchan/src/com/mishiranu/dashchan/media/ExifData.java;file:/Users/rar9993/repos/research/fdroid_apps/native_apps/Dashchan/src/com/mishiranu/dashchan/media/ExifData.java|class:com.mishiranu.dashchan.media.ExifData
DataTransmissionWithoutCompression;aDoctor;/Users/rar9993/repos/research/fdroid_apps/native_apps/Dashchan/NONE_TRANSFORMED_;/Users/rar9993/repos/research/fdroid_apps/native_apps/Dashchan/src/com/mishiranu/dashchan/media/VideoPlayer.java;file:/Users/rar9993/repos/research/fdroid_apps/native_apps/Dashchan/src/com/mishiranu/dashchan/media/VideoPlayer.java|class:com.mishiranu.dashchan.media.VideoPlayer
WakeLock;aDoctor;/Users/rar9993/repos/research/fdroid_apps/native_apps/Dashchan/NONE_TRANSFORMED_;/Users/rar9993/repos/research/fdroid_apps/native_apps/Dashchan/src/com/mishiranu/dashchan/media/VideoPlayer.java;file:/Users/rar9993/repos/research/fdroid_apps/native_apps/Dashchan/src/com/mishiranu/dashchan/media/VideoPlayer.java|class:com.mishiranu.dashchan.media.VideoPlayer
InternalGetterSetter;aDoctor;/Users/rar9993/repos/research/fdroid_apps/native_apps/Dashchan/NONE_TRANSFORMED_;/Users/rar9993/repos/research/fdroid_apps/native_apps/Dashchan/src/com/mishiranu/dashchan/media/VideoPlayer.java;file:/Users/rar9993/repos/research/fdroid_apps/native_apps/Dashchan/src/com/mishiranu/dashchan/media/VideoPlayer.java|class:com.mishiranu.dashchan.media.VideoPlayer
LeakingInnerClass;aDoctor;/Users/rar9993/repos/research/fdroid_apps/native_apps/Dashchan/NONE_TRANSFORMED_;/Users/rar9993/repos/research/fdroid_apps/native_apps/Dashchan/src/com/mishiranu/dashchan/media/VideoPlayer.java;file:/Users/rar9993/repos/research/fdroid_apps/native_apps/Dashchan/src/com/mishiranu/dashchan/media/VideoPlayer.java|class:com.mishiranu.dashchan.media.VideoPlayer
MemberIgnoringMethod;aDoctor;/Users/rar9993/repos/research/fdroid_apps/native_apps/Dashchan/NONE_TRANSFORMED_;/Users/rar9993/repos/research/fdroid_apps/native_apps/Dashchan/src/com/mishiranu/dashchan/media/VideoPlayer.java;file:/Users/rar9993/repos/research/fdroid_apps/native_apps/Dashchan/src/com/mishiranu/dashchan/media/VideoPlayer.java|class:com.mishiranu.dashchan.media.VideoPlayer
SlowForLoop;aDoctor;/Users/rar9993/repos/research/fdroid_apps/native_apps/Dashchan/NONE_TRANSFORMED_;/Users/rar9993/repos/research/fdroid_apps/native_apps/Dashchan/src/com/mishiranu/dashchan/media/VideoPlayer.java;file:/Users/rar9993/repos/research/fdroid_apps/native_apps/Dashchan/src/com/mishiranu/dashchan/media/VideoPlayer.java|class:com.mishiranu.dashchan.media.VideoPlayer
UnclosedCloseable;aDoctor;/Users/rar9993/repos/research/fdroid_apps/native_apps/Dashchan/NONE_TRANSFORMED_;/Users/rar9993/repos/research/fdroid_apps/native_apps/Dashchan/src/com/mishiranu/dashchan/media/VideoPlayer.java;file:/Users/rar9993/repos/research/fdroid_apps/native_apps/Dashchan/src/com/mishiranu/dashchan/media/VideoPlayer.java|class:com.mishiranu.dashchan.media.VideoPlayer
