Issue;Tool;Project;File;Location
MemberIgnoringMethod;aDoctor;/Users/rar9993/repos/research/fdroid_apps/native_apps/Rumble/NONE_TRANSFORMED_;/Users/rar9993/repos/research/fdroid_apps/native_apps/Rumble/app/src/main/java/org/disrupted/rumble/database/statistics/StatReachabilityDatabase.java;file:/Users/rar9993/repos/research/fdroid_apps/native_apps/Rumble/app/src/main/java/org/disrupted/rumble/database/statistics/StatReachabilityDatabase.java|class:org.disrupted.rumble.database.statistics.StatReachabilityDatabase
UnclosedCloseable;aDoctor;/Users/rar9993/repos/research/fdroid_apps/native_apps/Rumble/NONE_TRANSFORMED_;/Users/rar9993/repos/research/fdroid_apps/native_apps/Rumble/app/src/main/java/org/disrupted/rumble/database/statistics/StatReachabilityDatabase.java;file:/Users/rar9993/repos/research/fdroid_apps/native_apps/Rumble/app/src/main/java/org/disrupted/rumble/database/statistics/StatReachabilityDatabase.java|class:org.disrupted.rumble.database.statistics.StatReachabilityDatabase
DataTransmissionWithoutCompression;aDoctor;/Users/rar9993/repos/research/fdroid_apps/native_apps/Rumble/NONE_TRANSFORMED_;/Users/rar9993/repos/research/fdroid_apps/native_apps/Rumble/app/src/main/java/org/disrupted/rumble/database/statistics/StatisticManager.java;file:/Users/rar9993/repos/research/fdroid_apps/native_apps/Rumble/app/src/main/java/org/disrupted/rumble/database/statistics/StatisticManager.java|class:org.disrupted.rumble.database.statistics.StatisticManager
InternalGetterSetter;aDoctor;/Users/rar9993/repos/research/fdroid_apps/native_apps/Rumble/NONE_TRANSFORMED_;/Users/rar9993/repos/research/fdroid_apps/native_apps/Rumble/app/src/main/java/org/disrupted/rumble/database/statistics/StatisticManager.java;file:/Users/rar9993/repos/research/fdroid_apps/native_apps/Rumble/app/src/main/java/org/disrupted/rumble/database/statistics/StatisticManager.java|class:org.disrupted.rumble.database.statistics.StatisticManager
MemberIgnoringMethod;aDoctor;/Users/rar9993/repos/research/fdroid_apps/native_apps/Rumble/NONE_TRANSFORMED_;/Users/rar9993/repos/research/fdroid_apps/native_apps/Rumble/app/src/main/java/org/disrupted/rumble/database/statistics/StatisticManager.java;file:/Users/rar9993/repos/research/fdroid_apps/native_apps/Rumble/app/src/main/java/org/disrupted/rumble/database/statistics/StatisticManager.java|class:org.disrupted.rumble.database.statistics.StatisticManager
SlowForLoop;aDoctor;/Users/rar9993/repos/research/fdroid_apps/native_apps/Rumble/NONE_TRANSFORMED_;/Users/rar9993/repos/research/fdroid_apps/native_apps/Rumble/app/src/main/java/org/disrupted/rumble/database/statistics/StatisticDatabase.java;file:/Users/rar9993/repos/research/fdroid_apps/native_apps/Rumble/app/src/main/java/org/disrupted/rumble/database/statistics/StatisticDatabase.java|class:org.disrupted.rumble.database.statistics.StatisticDatabase
LeakingInnerClass;aDoctor;/Users/rar9993/repos/research/fdroid_apps/native_apps/Rumble/NONE_TRANSFORMED_;/Users/rar9993/repos/research/fdroid_apps/native_apps/Rumble/app/src/main/java/org/disrupted/rumble/database/statistics/StatMessageDatabase.java;file:/Users/rar9993/repos/research/fdroid_apps/native_apps/Rumble/app/src/main/java/org/disrupted/rumble/database/statistics/StatMessageDatabase.java|class:org.disrupted.rumble.database.statistics.StatMessageDatabase
MemberIgnoringMethod;aDoctor;/Users/rar9993/repos/research/fdroid_apps/native_apps/Rumble/NONE_TRANSFORMED_;/Users/rar9993/repos/research/fdroid_apps/native_apps/Rumble/app/src/main/java/org/disrupted/rumble/database/statistics/StatMessageDatabase.java;file:/Users/rar9993/repos/research/fdroid_apps/native_apps/Rumble/app/src/main/java/org/disrupted/rumble/database/statistics/StatMessageDatabase.java|class:org.disrupted.rumble.database.statistics.StatMessageDatabase
MemberIgnoringMethod;aDoctor;/Users/rar9993/repos/research/fdroid_apps/native_apps/Rumble/NONE_TRANSFORMED_;/Users/rar9993/repos/research/fdroid_apps/native_apps/Rumble/app/src/main/java/org/disrupted/rumble/database/statistics/StatChannelDatabase.java;file:/Users/rar9993/repos/research/fdroid_apps/native_apps/Rumble/app/src/main/java/org/disrupted/rumble/database/statistics/StatChannelDatabase.java|class:org.disrupted.rumble.database.statistics.StatChannelDatabase
UnclosedCloseable;aDoctor;/Users/rar9993/repos/research/fdroid_apps/native_apps/Rumble/NONE_TRANSFORMED_;/Users/rar9993/repos/research/fdroid_apps/native_apps/Rumble/app/src/main/java/org/disrupted/rumble/database/statistics/StatChannelDatabase.java;file:/Users/rar9993/repos/research/fdroid_apps/native_apps/Rumble/app/src/main/java/org/disrupted/rumble/database/statistics/StatChannelDatabase.java|class:org.disrupted.rumble.database.statistics.StatChannelDatabase
MemberIgnoringMethod;aDoctor;/Users/rar9993/repos/research/fdroid_apps/native_apps/Rumble/NONE_TRANSFORMED_;/Users/rar9993/repos/research/fdroid_apps/native_apps/Rumble/app/src/main/java/org/disrupted/rumble/database/statistics/StatLinkLayerDatabase.java;file:/Users/rar9993/repos/research/fdroid_apps/native_apps/Rumble/app/src/main/java/org/disrupted/rumble/database/statistics/StatLinkLayerDatabase.java|class:org.disrupted.rumble.database.statistics.StatLinkLayerDatabase
UnclosedCloseable;aDoctor;/Users/rar9993/repos/research/fdroid_apps/native_apps/Rumble/NONE_TRANSFORMED_;/Users/rar9993/repos/research/fdroid_apps/native_apps/Rumble/app/src/main/java/org/disrupted/rumble/database/statistics/StatLinkLayerDatabase.java;file:/Users/rar9993/repos/research/fdroid_apps/native_apps/Rumble/app/src/main/java/org/disrupted/rumble/database/statistics/StatLinkLayerDatabase.java|class:org.disrupted.rumble.database.statistics.StatLinkLayerDatabase
MemberIgnoringMethod;aDoctor;/Users/rar9993/repos/research/fdroid_apps/native_apps/Rumble/NONE_TRANSFORMED_;/Users/rar9993/repos/research/fdroid_apps/native_apps/Rumble/app/src/main/java/org/disrupted/rumble/database/statistics/StatInterfaceDatabase.java;file:/Users/rar9993/repos/research/fdroid_apps/native_apps/Rumble/app/src/main/java/org/disrupted/rumble/database/statistics/StatInterfaceDatabase.java|class:org.disrupted.rumble.database.statistics.StatInterfaceDatabase
MemberIgnoringMethod;aDoctor;/Users/rar9993/repos/research/fdroid_apps/native_apps/Rumble/NONE_TRANSFORMED_;/Users/rar9993/repos/research/fdroid_apps/native_apps/Rumble/app/src/main/java/org/disrupted/rumble/database/HashtagDatabase.java;file:/Users/rar9993/repos/research/fdroid_apps/native_apps/Rumble/app/src/main/java/org/disrupted/rumble/database/HashtagDatabase.java|class:org.disrupted.rumble.database.HashtagDatabase
SlowForLoop;aDoctor;/Users/rar9993/repos/research/fdroid_apps/native_apps/Rumble/NONE_TRANSFORMED_;/Users/rar9993/repos/research/fdroid_apps/native_apps/Rumble/app/src/main/java/org/disrupted/rumble/database/HashtagDatabase.java;file:/Users/rar9993/repos/research/fdroid_apps/native_apps/Rumble/app/src/main/java/org/disrupted/rumble/database/HashtagDatabase.java|class:org.disrupted.rumble.database.HashtagDatabase
MemberIgnoringMethod;aDoctor;/Users/rar9993/repos/research/fdroid_apps/native_apps/Rumble/NONE_TRANSFORMED_;/Users/rar9993/repos/research/fdroid_apps/native_apps/Rumble/app/src/main/java/org/disrupted/rumble/database/ContactInterfaceDatabase.java;file:/Users/rar9993/repos/research/fdroid_apps/native_apps/Rumble/app/src/main/java/org/disrupted/rumble/database/ContactInterfaceDatabase.java|class:org.disrupted.rumble.database.ContactInterfaceDatabase
LeakingInnerClass;aDoctor;/Users/rar9993/repos/research/fdroid_apps/native_apps/Rumble/NONE_TRANSFORMED_;/Users/rar9993/repos/research/fdroid_apps/native_apps/Rumble/app/src/main/java/org/disrupted/rumble/database/DatabaseExecutor.java;file:/Users/rar9993/repos/research/fdroid_apps/native_apps/Rumble/app/src/main/java/org/disrupted/rumble/database/DatabaseExecutor.java|class:org.disrupted.rumble.database.DatabaseExecutor
LeakingThread;aDoctor;/Users/rar9993/repos/research/fdroid_apps/native_apps/Rumble/NONE_TRANSFORMED_;/Users/rar9993/repos/research/fdroid_apps/native_apps/Rumble/app/src/main/java/org/disrupted/rumble/database/DatabaseExecutor.java;file:/Users/rar9993/repos/research/fdroid_apps/native_apps/Rumble/app/src/main/java/org/disrupted/rumble/database/DatabaseExecutor.java|class:org.disrupted.rumble.database.DatabaseExecutor
MemberIgnoringMethod;aDoctor;/Users/rar9993/repos/research/fdroid_apps/native_apps/Rumble/NONE_TRANSFORMED_;/Users/rar9993/repos/research/fdroid_apps/native_apps/Rumble/app/src/main/java/org/disrupted/rumble/database/DatabaseExecutor.java;file:/Users/rar9993/repos/research/fdroid_apps/native_apps/Rumble/app/src/main/java/org/disrupted/rumble/database/DatabaseExecutor.java|class:org.disrupted.rumble.database.DatabaseExecutor
InternalGetterSetter;aDoctor;/Users/rar9993/repos/research/fdroid_apps/native_apps/Rumble/NONE_TRANSFORMED_;/Users/rar9993/repos/research/fdroid_apps/native_apps/Rumble/app/src/main/java/org/disrupted/rumble/database/DatabaseFactory.java;file:/Users/rar9993/repos/research/fdroid_apps/native_apps/Rumble/app/src/main/java/org/disrupted/rumble/database/DatabaseFactory.java|class:org.disrupted.rumble.database.DatabaseFactory
MemberIgnoringMethod;aDoctor;/Users/rar9993/repos/research/fdroid_apps/native_apps/Rumble/NONE_TRANSFORMED_;/Users/rar9993/repos/research/fdroid_apps/native_apps/Rumble/app/src/main/java/org/disrupted/rumble/database/Database.java;file:/Users/rar9993/repos/research/fdroid_apps/native_apps/Rumble/app/src/main/java/org/disrupted/rumble/database/Database.java|class:org.disrupted.rumble.database.Database
MemberIgnoringMethod;aDoctor;/Users/rar9993/repos/research/fdroid_apps/native_apps/Rumble/NONE_TRANSFORMED_;/Users/rar9993/repos/research/fdroid_apps/native_apps/Rumble/app/src/main/java/org/disrupted/rumble/database/ContactDatabase.java;file:/Users/rar9993/repos/research/fdroid_apps/native_apps/Rumble/app/src/main/java/org/disrupted/rumble/database/ContactDatabase.java|class:org.disrupted.rumble.database.ContactDatabase
SlowForLoop;aDoctor;/Users/rar9993/repos/research/fdroid_apps/native_apps/Rumble/NONE_TRANSFORMED_;/Users/rar9993/repos/research/fdroid_apps/native_apps/Rumble/app/src/main/java/org/disrupted/rumble/database/ContactDatabase.java;file:/Users/rar9993/repos/research/fdroid_apps/native_apps/Rumble/app/src/main/java/org/disrupted/rumble/database/ContactDatabase.java|class:org.disrupted.rumble.database.ContactDatabase
MemberIgnoringMethod;aDoctor;/Users/rar9993/repos/research/fdroid_apps/native_apps/Rumble/NONE_TRANSFORMED_;/Users/rar9993/repos/research/fdroid_apps/native_apps/Rumble/app/src/main/java/org/disrupted/rumble/database/ContactHashTagInterestDatabase.java;file:/Users/rar9993/repos/research/fdroid_apps/native_apps/Rumble/app/src/main/java/org/disrupted/rumble/database/ContactHashTagInterestDatabase.java|class:org.disrupted.rumble.database.ContactHashTagInterestDatabase
UnclosedCloseable;aDoctor;/Users/rar9993/repos/research/fdroid_apps/native_apps/Rumble/NONE_TRANSFORMED_;/Users/rar9993/repos/research/fdroid_apps/native_apps/Rumble/app/src/main/java/org/disrupted/rumble/database/ContactHashTagInterestDatabase.java;file:/Users/rar9993/repos/research/fdroid_apps/native_apps/Rumble/app/src/main/java/org/disrupted/rumble/database/ContactHashTagInterestDatabase.java|class:org.disrupted.rumble.database.ContactHashTagInterestDatabase
MemberIgnoringMethod;aDoctor;/Users/rar9993/repos/research/fdroid_apps/native_apps/Rumble/NONE_TRANSFORMED_;/Users/rar9993/repos/research/fdroid_apps/native_apps/Rumble/app/src/main/java/org/disrupted/rumble/database/GroupDatabase.java;file:/Users/rar9993/repos/research/fdroid_apps/native_apps/Rumble/app/src/main/java/org/disrupted/rumble/database/GroupDatabase.java|class:org.disrupted.rumble.database.GroupDatabase
SlowForLoop;aDoctor;/Users/rar9993/repos/research/fdroid_apps/native_apps/Rumble/NONE_TRANSFORMED_;/Users/rar9993/repos/research/fdroid_apps/native_apps/Rumble/app/src/main/java/org/disrupted/rumble/database/GroupDatabase.java;file:/Users/rar9993/repos/research/fdroid_apps/native_apps/Rumble/app/src/main/java/org/disrupted/rumble/database/GroupDatabase.java|class:org.disrupted.rumble.database.GroupDatabase
MemberIgnoringMethod;aDoctor;/Users/rar9993/repos/research/fdroid_apps/native_apps/Rumble/NONE_TRANSFORMED_;/Users/rar9993/repos/research/fdroid_apps/native_apps/Rumble/app/src/main/java/org/disrupted/rumble/database/ContactGroupDatabase.java;file:/Users/rar9993/repos/research/fdroid_apps/native_apps/Rumble/app/src/main/java/org/disrupted/rumble/database/ContactGroupDatabase.java|class:org.disrupted.rumble.database.ContactGroupDatabase
UnclosedCloseable;aDoctor;/Users/rar9993/repos/research/fdroid_apps/native_apps/Rumble/NONE_TRANSFORMED_;/Users/rar9993/repos/research/fdroid_apps/native_apps/Rumble/app/src/main/java/org/disrupted/rumble/database/ContactGroupDatabase.java;file:/Users/rar9993/repos/research/fdroid_apps/native_apps/Rumble/app/src/main/java/org/disrupted/rumble/database/ContactGroupDatabase.java|class:org.disrupted.rumble.database.ContactGroupDatabase
DataTransmissionWithoutCompression;aDoctor;/Users/rar9993/repos/research/fdroid_apps/native_apps/Rumble/NONE_TRANSFORMED_;/Users/rar9993/repos/research/fdroid_apps/native_apps/Rumble/app/src/main/java/org/disrupted/rumble/database/CacheManager.java;file:/Users/rar9993/repos/research/fdroid_apps/native_apps/Rumble/app/src/main/java/org/disrupted/rumble/database/CacheManager.java|class:org.disrupted.rumble.database.CacheManager
MemberIgnoringMethod;aDoctor;/Users/rar9993/repos/research/fdroid_apps/native_apps/Rumble/NONE_TRANSFORMED_;/Users/rar9993/repos/research/fdroid_apps/native_apps/Rumble/app/src/main/java/org/disrupted/rumble/database/CacheManager.java;file:/Users/rar9993/repos/research/fdroid_apps/native_apps/Rumble/app/src/main/java/org/disrupted/rumble/database/CacheManager.java|class:org.disrupted.rumble.database.CacheManager
SlowForLoop;aDoctor;/Users/rar9993/repos/research/fdroid_apps/native_apps/Rumble/NONE_TRANSFORMED_;/Users/rar9993/repos/research/fdroid_apps/native_apps/Rumble/app/src/main/java/org/disrupted/rumble/database/CacheManager.java;file:/Users/rar9993/repos/research/fdroid_apps/native_apps/Rumble/app/src/main/java/org/disrupted/rumble/database/CacheManager.java|class:org.disrupted.rumble.database.CacheManager
MemberIgnoringMethod;aDoctor;/Users/rar9993/repos/research/fdroid_apps/native_apps/Rumble/NONE_TRANSFORMED_;/Users/rar9993/repos/research/fdroid_apps/native_apps/Rumble/app/src/main/java/org/disrupted/rumble/database/InterfaceDatabase.java;file:/Users/rar9993/repos/research/fdroid_apps/native_apps/Rumble/app/src/main/java/org/disrupted/rumble/database/InterfaceDatabase.java|class:org.disrupted.rumble.database.InterfaceDatabase
MemberIgnoringMethod;aDoctor;/Users/rar9993/repos/research/fdroid_apps/native_apps/Rumble/NONE_TRANSFORMED_;/Users/rar9993/repos/research/fdroid_apps/native_apps/Rumble/app/src/main/java/org/disrupted/rumble/database/ChatMessageDatabase.java;file:/Users/rar9993/repos/research/fdroid_apps/native_apps/Rumble/app/src/main/java/org/disrupted/rumble/database/ChatMessageDatabase.java|class:org.disrupted.rumble.database.ChatMessageDatabase
SlowForLoop;aDoctor;/Users/rar9993/repos/research/fdroid_apps/native_apps/Rumble/NONE_TRANSFORMED_;/Users/rar9993/repos/research/fdroid_apps/native_apps/Rumble/app/src/main/java/org/disrupted/rumble/database/ChatMessageDatabase.java;file:/Users/rar9993/repos/research/fdroid_apps/native_apps/Rumble/app/src/main/java/org/disrupted/rumble/database/ChatMessageDatabase.java|class:org.disrupted.rumble.database.ChatMessageDatabase
MemberIgnoringMethod;aDoctor;/Users/rar9993/repos/research/fdroid_apps/native_apps/Rumble/NONE_TRANSFORMED_;/Users/rar9993/repos/research/fdroid_apps/native_apps/Rumble/app/src/main/java/org/disrupted/rumble/database/StatusContactDatabase.java;file:/Users/rar9993/repos/research/fdroid_apps/native_apps/Rumble/app/src/main/java/org/disrupted/rumble/database/StatusContactDatabase.java|class:org.disrupted.rumble.database.StatusContactDatabase
UnclosedCloseable;aDoctor;/Users/rar9993/repos/research/fdroid_apps/native_apps/Rumble/NONE_TRANSFORMED_;/Users/rar9993/repos/research/fdroid_apps/native_apps/Rumble/app/src/main/java/org/disrupted/rumble/database/StatusContactDatabase.java;file:/Users/rar9993/repos/research/fdroid_apps/native_apps/Rumble/app/src/main/java/org/disrupted/rumble/database/StatusContactDatabase.java|class:org.disrupted.rumble.database.StatusContactDatabase
MemberIgnoringMethod;aDoctor;/Users/rar9993/repos/research/fdroid_apps/native_apps/Rumble/NONE_TRANSFORMED_;/Users/rar9993/repos/research/fdroid_apps/native_apps/Rumble/app/src/main/java/org/disrupted/rumble/database/StatusTagDatabase.java;file:/Users/rar9993/repos/research/fdroid_apps/native_apps/Rumble/app/src/main/java/org/disrupted/rumble/database/StatusTagDatabase.java|class:org.disrupted.rumble.database.StatusTagDatabase
UnclosedCloseable;aDoctor;/Users/rar9993/repos/research/fdroid_apps/native_apps/Rumble/NONE_TRANSFORMED_;/Users/rar9993/repos/research/fdroid_apps/native_apps/Rumble/app/src/main/java/org/disrupted/rumble/database/StatusTagDatabase.java;file:/Users/rar9993/repos/research/fdroid_apps/native_apps/Rumble/app/src/main/java/org/disrupted/rumble/database/StatusTagDatabase.java|class:org.disrupted.rumble.database.StatusTagDatabase
DataTransmissionWithoutCompression;aDoctor;/Users/rar9993/repos/research/fdroid_apps/native_apps/Rumble/NONE_TRANSFORMED_;/Users/rar9993/repos/research/fdroid_apps/native_apps/Rumble/app/src/main/java/org/disrupted/rumble/database/PushStatusDatabase.java;file:/Users/rar9993/repos/research/fdroid_apps/native_apps/Rumble/app/src/main/java/org/disrupted/rumble/database/PushStatusDatabase.java|class:org.disrupted.rumble.database.PushStatusDatabase
MemberIgnoringMethod;aDoctor;/Users/rar9993/repos/research/fdroid_apps/native_apps/Rumble/NONE_TRANSFORMED_;/Users/rar9993/repos/research/fdroid_apps/native_apps/Rumble/app/src/main/java/org/disrupted/rumble/database/PushStatusDatabase.java;file:/Users/rar9993/repos/research/fdroid_apps/native_apps/Rumble/app/src/main/java/org/disrupted/rumble/database/PushStatusDatabase.java|class:org.disrupted.rumble.database.PushStatusDatabase
SlowForLoop;aDoctor;/Users/rar9993/repos/research/fdroid_apps/native_apps/Rumble/NONE_TRANSFORMED_;/Users/rar9993/repos/research/fdroid_apps/native_apps/Rumble/app/src/main/java/org/disrupted/rumble/database/PushStatusDatabase.java;file:/Users/rar9993/repos/research/fdroid_apps/native_apps/Rumble/app/src/main/java/org/disrupted/rumble/database/PushStatusDatabase.java|class:org.disrupted.rumble.database.PushStatusDatabase
InternalGetterSetter;aDoctor;/Users/rar9993/repos/research/fdroid_apps/native_apps/Rumble/NONE_TRANSFORMED_;/Users/rar9993/repos/research/fdroid_apps/native_apps/Rumble/app/src/main/java/org/disrupted/rumble/database/objects/Group.java;file:/Users/rar9993/repos/research/fdroid_apps/native_apps/Rumble/app/src/main/java/org/disrupted/rumble/database/objects/Group.java|class:org.disrupted.rumble.database.objects.Group
MemberIgnoringMethod;aDoctor;/Users/rar9993/repos/research/fdroid_apps/native_apps/Rumble/NONE_TRANSFORMED_;/Users/rar9993/repos/research/fdroid_apps/native_apps/Rumble/app/src/main/java/org/disrupted/rumble/database/events/FileInsertedEvent.java;file:/Users/rar9993/repos/research/fdroid_apps/native_apps/Rumble/app/src/main/java/org/disrupted/rumble/database/events/FileInsertedEvent.java|class:org.disrupted.rumble.database.events.FileInsertedEvent
MemberIgnoringMethod;aDoctor;/Users/rar9993/repos/research/fdroid_apps/native_apps/Rumble/NONE_TRANSFORMED_;/Users/rar9993/repos/research/fdroid_apps/native_apps/Rumble/app/src/main/java/org/disrupted/rumble/app/EventLogger.java;file:/Users/rar9993/repos/research/fdroid_apps/native_apps/Rumble/app/src/main/java/org/disrupted/rumble/app/EventLogger.java|class:org.disrupted.rumble.app.EventLogger
MemberIgnoringMethod;aDoctor;/Users/rar9993/repos/research/fdroid_apps/native_apps/Rumble/NONE_TRANSFORMED_;/Users/rar9993/repos/research/fdroid_apps/native_apps/Rumble/app/src/main/java/org/disrupted/rumble/app/RumbleApplication.java;file:/Users/rar9993/repos/research/fdroid_apps/native_apps/Rumble/app/src/main/java/org/disrupted/rumble/app/RumbleApplication.java|class:org.disrupted.rumble.app.RumbleApplication
NoLowMemoryResolver;aDoctor;/Users/rar9993/repos/research/fdroid_apps/native_apps/Rumble/NONE_TRANSFORMED_;/Users/rar9993/repos/research/fdroid_apps/native_apps/Rumble/app/src/main/java/org/disrupted/rumble/app/RumbleApplication.java;file:/Users/rar9993/repos/research/fdroid_apps/native_apps/Rumble/app/src/main/java/org/disrupted/rumble/app/RumbleApplication.java|class:org.disrupted.rumble.app.RumbleApplication
MemberIgnoringMethod;aDoctor;/Users/rar9993/repos/research/fdroid_apps/native_apps/Rumble/NONE_TRANSFORMED_;/Users/rar9993/repos/research/fdroid_apps/native_apps/Rumble/app/src/main/java/org/disrupted/rumble/util/CryptoUtil.java;file:/Users/rar9993/repos/research/fdroid_apps/native_apps/Rumble/app/src/main/java/org/disrupted/rumble/util/CryptoUtil.java|class:org.disrupted.rumble.util.CryptoUtil
MemberIgnoringMethod;aDoctor;/Users/rar9993/repos/research/fdroid_apps/native_apps/Rumble/NONE_TRANSFORMED_;/Users/rar9993/repos/research/fdroid_apps/native_apps/Rumble/app/src/main/java/org/disrupted/rumble/util/EncryptedInputStream.java;file:/Users/rar9993/repos/research/fdroid_apps/native_apps/Rumble/app/src/main/java/org/disrupted/rumble/util/EncryptedInputStream.java|class:org.disrupted.rumble.util.EncryptedInputStream
DataTransmissionWithoutCompression;aDoctor;/Users/rar9993/repos/research/fdroid_apps/native_apps/Rumble/NONE_TRANSFORMED_;/Users/rar9993/repos/research/fdroid_apps/native_apps/Rumble/app/src/main/java/org/disrupted/rumble/util/FileUtil.java;file:/Users/rar9993/repos/research/fdroid_apps/native_apps/Rumble/app/src/main/java/org/disrupted/rumble/util/FileUtil.java|class:org.disrupted.rumble.util.FileUtil
MemberIgnoringMethod;aDoctor;/Users/rar9993/repos/research/fdroid_apps/native_apps/Rumble/NONE_TRANSFORMED_;/Users/rar9993/repos/research/fdroid_apps/native_apps/Rumble/app/src/main/java/org/disrupted/rumble/util/EncryptedOutputStream.java;file:/Users/rar9993/repos/research/fdroid_apps/native_apps/Rumble/app/src/main/java/org/disrupted/rumble/util/EncryptedOutputStream.java|class:org.disrupted.rumble.util.EncryptedOutputStream
SlowForLoop;aDoctor;/Users/rar9993/repos/research/fdroid_apps/native_apps/Rumble/NONE_TRANSFORMED_;/Users/rar9993/repos/research/fdroid_apps/native_apps/Rumble/app/src/main/java/org/disrupted/rumble/util/HashUtil.java;file:/Users/rar9993/repos/research/fdroid_apps/native_apps/Rumble/app/src/main/java/org/disrupted/rumble/util/HashUtil.java|class:org.disrupted.rumble.util.HashUtil
SlowForLoop;aDoctor;/Users/rar9993/repos/research/fdroid_apps/native_apps/Rumble/NONE_TRANSFORMED_;/Users/rar9993/repos/research/fdroid_apps/native_apps/Rumble/app/src/main/java/org/disrupted/rumble/util/NetUtil.java;file:/Users/rar9993/repos/research/fdroid_apps/native_apps/Rumble/app/src/main/java/org/disrupted/rumble/util/NetUtil.java|class:org.disrupted.rumble.util.NetUtil
LeakingInnerClass;aDoctor;/Users/rar9993/repos/research/fdroid_apps/native_apps/Rumble/NONE_TRANSFORMED_;/Users/rar9993/repos/research/fdroid_apps/native_apps/Rumble/app/src/main/java/org/disrupted/rumble/network/NetworkCoordinator.java;file:/Users/rar9993/repos/research/fdroid_apps/native_apps/Rumble/app/src/main/java/org/disrupted/rumble/network/NetworkCoordinator.java|class:org.disrupted.rumble.network.NetworkCoordinator
LeakingThread;aDoctor;/Users/rar9993/repos/research/fdroid_apps/native_apps/Rumble/NONE_TRANSFORMED_;/Users/rar9993/repos/research/fdroid_apps/native_apps/Rumble/app/src/main/java/org/disrupted/rumble/network/NetworkCoordinator.java;file:/Users/rar9993/repos/research/fdroid_apps/native_apps/Rumble/app/src/main/java/org/disrupted/rumble/network/NetworkCoordinator.java|class:org.disrupted.rumble.network.NetworkCoordinator
MemberIgnoringMethod;aDoctor;/Users/rar9993/repos/research/fdroid_apps/native_apps/Rumble/NONE_TRANSFORMED_;/Users/rar9993/repos/research/fdroid_apps/native_apps/Rumble/app/src/main/java/org/disrupted/rumble/network/NetworkCoordinator.java;file:/Users/rar9993/repos/research/fdroid_apps/native_apps/Rumble/app/src/main/java/org/disrupted/rumble/network/NetworkCoordinator.java|class:org.disrupted.rumble.network.NetworkCoordinator
NoLowMemoryResolver;aDoctor;/Users/rar9993/repos/research/fdroid_apps/native_apps/Rumble/NONE_TRANSFORMED_;/Users/rar9993/repos/research/fdroid_apps/native_apps/Rumble/app/src/main/java/org/disrupted/rumble/network/NetworkCoordinator.java;file:/Users/rar9993/repos/research/fdroid_apps/native_apps/Rumble/app/src/main/java/org/disrupted/rumble/network/NetworkCoordinator.java|class:org.disrupted.rumble.network.NetworkCoordinator
SlowForLoop;aDoctor;/Users/rar9993/repos/research/fdroid_apps/native_apps/Rumble/NONE_TRANSFORMED_;/Users/rar9993/repos/research/fdroid_apps/native_apps/Rumble/app/src/main/java/org/disrupted/rumble/network/NetworkCoordinator.java;file:/Users/rar9993/repos/research/fdroid_apps/native_apps/Rumble/app/src/main/java/org/disrupted/rumble/network/NetworkCoordinator.java|class:org.disrupted.rumble.network.NetworkCoordinator
LeakingInnerClass;aDoctor;/Users/rar9993/repos/research/fdroid_apps/native_apps/Rumble/NONE_TRANSFORMED_;/Users/rar9993/repos/research/fdroid_apps/native_apps/Rumble/app/src/main/java/org/disrupted/rumble/network/WorkerPool.java;file:/Users/rar9993/repos/research/fdroid_apps/native_apps/Rumble/app/src/main/java/org/disrupted/rumble/network/WorkerPool.java|class:org.disrupted.rumble.network.WorkerPool
LeakingThread;aDoctor;/Users/rar9993/repos/research/fdroid_apps/native_apps/Rumble/NONE_TRANSFORMED_;/Users/rar9993/repos/research/fdroid_apps/native_apps/Rumble/app/src/main/java/org/disrupted/rumble/network/WorkerPool.java;file:/Users/rar9993/repos/research/fdroid_apps/native_apps/Rumble/app/src/main/java/org/disrupted/rumble/network/WorkerPool.java|class:org.disrupted.rumble.network.WorkerPool
SlowForLoop;aDoctor;/Users/rar9993/repos/research/fdroid_apps/native_apps/Rumble/NONE_TRANSFORMED_;/Users/rar9993/repos/research/fdroid_apps/native_apps/Rumble/app/src/main/java/org/disrupted/rumble/network/WorkerPool.java;file:/Users/rar9993/repos/research/fdroid_apps/native_apps/Rumble/app/src/main/java/org/disrupted/rumble/network/WorkerPool.java|class:org.disrupted.rumble.network.WorkerPool
LeakingInnerClass;aDoctor;/Users/rar9993/repos/research/fdroid_apps/native_apps/Rumble/NONE_TRANSFORMED_;/Users/rar9993/repos/research/fdroid_apps/native_apps/Rumble/app/src/main/java/org/disrupted/rumble/network/NeighbourManager.java;file:/Users/rar9993/repos/research/fdroid_apps/native_apps/Rumble/app/src/main/java/org/disrupted/rumble/network/NeighbourManager.java|class:org.disrupted.rumble.network.NeighbourManager
MemberIgnoringMethod;aDoctor;/Users/rar9993/repos/research/fdroid_apps/native_apps/Rumble/NONE_TRANSFORMED_;/Users/rar9993/repos/research/fdroid_apps/native_apps/Rumble/app/src/main/java/org/disrupted/rumble/network/NeighbourManager.java;file:/Users/rar9993/repos/research/fdroid_apps/native_apps/Rumble/app/src/main/java/org/disrupted/rumble/network/NeighbourManager.java|class:org.disrupted.rumble.network.NeighbourManager
MemberIgnoringMethod;aDoctor;/Users/rar9993/repos/research/fdroid_apps/native_apps/Rumble/NONE_TRANSFORMED_;/Users/rar9993/repos/research/fdroid_apps/native_apps/Rumble/app/src/main/java/org/disrupted/rumble/network/linklayer/wifi/WifiScanner.java;file:/Users/rar9993/repos/research/fdroid_apps/native_apps/Rumble/app/src/main/java/org/disrupted/rumble/network/linklayer/wifi/WifiScanner.java|class:org.disrupted.rumble.network.linklayer.wifi.WifiScanner
MemberIgnoringMethod;aDoctor;/Users/rar9993/repos/research/fdroid_apps/native_apps/Rumble/NONE_TRANSFORMED_;/Users/rar9993/repos/research/fdroid_apps/native_apps/Rumble/app/src/main/java/org/disrupted/rumble/network/linklayer/wifi/WifiAPNeighbour.java;file:/Users/rar9993/repos/research/fdroid_apps/native_apps/Rumble/app/src/main/java/org/disrupted/rumble/network/linklayer/wifi/WifiAPNeighbour.java|class:org.disrupted.rumble.network.linklayer.wifi.WifiAPNeighbour
MemberIgnoringMethod;aDoctor;/Users/rar9993/repos/research/fdroid_apps/native_apps/Rumble/NONE_TRANSFORMED_;/Users/rar9993/repos/research/fdroid_apps/native_apps/Rumble/app/src/main/java/org/disrupted/rumble/network/linklayer/wifi/WifiAdHocLayerAdapter.java;file:/Users/rar9993/repos/research/fdroid_apps/native_apps/Rumble/app/src/main/java/org/disrupted/rumble/network/linklayer/wifi/WifiAdHocLayerAdapter.java|class:org.disrupted.rumble.network.linklayer.wifi.WifiAdHocLayerAdapter
MemberIgnoringMethod;aDoctor;/Users/rar9993/repos/research/fdroid_apps/native_apps/Rumble/NONE_TRANSFORMED_;/Users/rar9993/repos/research/fdroid_apps/native_apps/Rumble/app/src/main/java/org/disrupted/rumble/network/linklayer/wifi/WifiNeighbour.java;file:/Users/rar9993/repos/research/fdroid_apps/native_apps/Rumble/app/src/main/java/org/disrupted/rumble/network/linklayer/wifi/WifiNeighbour.java|class:org.disrupted.rumble.network.linklayer.wifi.WifiNeighbour
MemberIgnoringMethod;aDoctor;/Users/rar9993/repos/research/fdroid_apps/native_apps/Rumble/NONE_TRANSFORMED_;/Users/rar9993/repos/research/fdroid_apps/native_apps/Rumble/app/src/main/java/org/disrupted/rumble/network/linklayer/wifi/WifiLinkLayerAdapter.java;file:/Users/rar9993/repos/research/fdroid_apps/native_apps/Rumble/app/src/main/java/org/disrupted/rumble/network/linklayer/wifi/WifiLinkLayerAdapter.java|class:org.disrupted.rumble.network.linklayer.wifi.WifiLinkLayerAdapter
WakeLock;aDoctor;/Users/rar9993/repos/research/fdroid_apps/native_apps/Rumble/NONE_TRANSFORMED_;/Users/rar9993/repos/research/fdroid_apps/native_apps/Rumble/app/src/main/java/org/disrupted/rumble/network/linklayer/wifi/UDP/UDPMulticastConnection.java;file:/Users/rar9993/repos/research/fdroid_apps/native_apps/Rumble/app/src/main/java/org/disrupted/rumble/network/linklayer/wifi/UDP/UDPMulticastConnection.java|class:org.disrupted.rumble.network.linklayer.wifi.UDP.UDPMulticastConnection
MemberIgnoringMethod;aDoctor;/Users/rar9993/repos/research/fdroid_apps/native_apps/Rumble/NONE_TRANSFORMED_;/Users/rar9993/repos/research/fdroid_apps/native_apps/Rumble/app/src/main/java/org/disrupted/rumble/network/linklayer/wifi/UDP/UDPMulticastConnection.java;file:/Users/rar9993/repos/research/fdroid_apps/native_apps/Rumble/app/src/main/java/org/disrupted/rumble/network/linklayer/wifi/UDP/UDPMulticastConnection.java|class:org.disrupted.rumble.network.linklayer.wifi.UDP.UDPMulticastConnection
SlowForLoop;aDoctor;/Users/rar9993/repos/research/fdroid_apps/native_apps/Rumble/NONE_TRANSFORMED_;/Users/rar9993/repos/research/fdroid_apps/native_apps/Rumble/app/src/main/java/org/disrupted/rumble/network/linklayer/wifi/UDP/UDPMulticastConnection.java;file:/Users/rar9993/repos/research/fdroid_apps/native_apps/Rumble/app/src/main/java/org/disrupted/rumble/network/linklayer/wifi/UDP/UDPMulticastConnection.java|class:org.disrupted.rumble.network.linklayer.wifi.UDP.UDPMulticastConnection
MemberIgnoringMethod;aDoctor;/Users/rar9993/repos/research/fdroid_apps/native_apps/Rumble/NONE_TRANSFORMED_;/Users/rar9993/repos/research/fdroid_apps/native_apps/Rumble/app/src/main/java/org/disrupted/rumble/network/linklayer/wifi/UDP/UDPMulticastNeighbour.java;file:/Users/rar9993/repos/research/fdroid_apps/native_apps/Rumble/app/src/main/java/org/disrupted/rumble/network/linklayer/wifi/UDP/UDPMulticastNeighbour.java|class:org.disrupted.rumble.network.linklayer.wifi.UDP.UDPMulticastNeighbour
MemberIgnoringMethod;aDoctor;/Users/rar9993/repos/research/fdroid_apps/native_apps/Rumble/NONE_TRANSFORMED_;/Users/rar9993/repos/research/fdroid_apps/native_apps/Rumble/app/src/main/java/org/disrupted/rumble/network/linklayer/wifi/TCP/TCPServerConnection.java;file:/Users/rar9993/repos/research/fdroid_apps/native_apps/Rumble/app/src/main/java/org/disrupted/rumble/network/linklayer/wifi/TCP/TCPServerConnection.java|class:org.disrupted.rumble.network.linklayer.wifi.TCP.TCPServerConnection
MemberIgnoringMethod;aDoctor;/Users/rar9993/repos/research/fdroid_apps/native_apps/Rumble/NONE_TRANSFORMED_;/Users/rar9993/repos/research/fdroid_apps/native_apps/Rumble/app/src/main/java/org/disrupted/rumble/network/linklayer/wifi/TCP/TCPConnection.java;file:/Users/rar9993/repos/research/fdroid_apps/native_apps/Rumble/app/src/main/java/org/disrupted/rumble/network/linklayer/wifi/TCP/TCPConnection.java|class:org.disrupted.rumble.network.linklayer.wifi.TCP.TCPConnection
MemberIgnoringMethod;aDoctor;/Users/rar9993/repos/research/fdroid_apps/native_apps/Rumble/NONE_TRANSFORMED_;/Users/rar9993/repos/research/fdroid_apps/native_apps/Rumble/app/src/main/java/org/disrupted/rumble/network/linklayer/wifi/TCP/TCPServer.java;file:/Users/rar9993/repos/research/fdroid_apps/native_apps/Rumble/app/src/main/java/org/disrupted/rumble/network/linklayer/wifi/TCP/TCPServer.java|class:org.disrupted.rumble.network.linklayer.wifi.TCP.TCPServer
MemberIgnoringMethod;aDoctor;/Users/rar9993/repos/research/fdroid_apps/native_apps/Rumble/NONE_TRANSFORMED_;/Users/rar9993/repos/research/fdroid_apps/native_apps/Rumble/app/src/main/java/org/disrupted/rumble/network/linklayer/LinkLayerConnection.java;file:/Users/rar9993/repos/research/fdroid_apps/native_apps/Rumble/app/src/main/java/org/disrupted/rumble/network/linklayer/LinkLayerConnection.java|class:org.disrupted.rumble.network.linklayer.LinkLayerConnection
InternalGetterSetter;aDoctor;/Users/rar9993/repos/research/fdroid_apps/native_apps/Rumble/NONE_TRANSFORMED_;/Users/rar9993/repos/research/fdroid_apps/native_apps/Rumble/app/src/main/java/org/disrupted/rumble/network/linklayer/bluetooth/BluetoothLinkLayerAdapter.java;file:/Users/rar9993/repos/research/fdroid_apps/native_apps/Rumble/app/src/main/java/org/disrupted/rumble/network/linklayer/bluetooth/BluetoothLinkLayerAdapter.java|class:org.disrupted.rumble.network.linklayer.bluetooth.BluetoothLinkLayerAdapter
MemberIgnoringMethod;aDoctor;/Users/rar9993/repos/research/fdroid_apps/native_apps/Rumble/NONE_TRANSFORMED_;/Users/rar9993/repos/research/fdroid_apps/native_apps/Rumble/app/src/main/java/org/disrupted/rumble/network/linklayer/bluetooth/BluetoothLinkLayerAdapter.java;file:/Users/rar9993/repos/research/fdroid_apps/native_apps/Rumble/app/src/main/java/org/disrupted/rumble/network/linklayer/bluetooth/BluetoothLinkLayerAdapter.java|class:org.disrupted.rumble.network.linklayer.bluetooth.BluetoothLinkLayerAdapter
MemberIgnoringMethod;aDoctor;/Users/rar9993/repos/research/fdroid_apps/native_apps/Rumble/NONE_TRANSFORMED_;/Users/rar9993/repos/research/fdroid_apps/native_apps/Rumble/app/src/main/java/org/disrupted/rumble/network/linklayer/bluetooth/BluetoothClientConnection.java;file:/Users/rar9993/repos/research/fdroid_apps/native_apps/Rumble/app/src/main/java/org/disrupted/rumble/network/linklayer/bluetooth/BluetoothClientConnection.java|class:org.disrupted.rumble.network.linklayer.bluetooth.BluetoothClientConnection
MemberIgnoringMethod;aDoctor;/Users/rar9993/repos/research/fdroid_apps/native_apps/Rumble/NONE_TRANSFORMED_;/Users/rar9993/repos/research/fdroid_apps/native_apps/Rumble/app/src/main/java/org/disrupted/rumble/network/linklayer/bluetooth/BluetoothNeighbour.java;file:/Users/rar9993/repos/research/fdroid_apps/native_apps/Rumble/app/src/main/java/org/disrupted/rumble/network/linklayer/bluetooth/BluetoothNeighbour.java|class:org.disrupted.rumble.network.linklayer.bluetooth.BluetoothNeighbour
MemberIgnoringMethod;aDoctor;/Users/rar9993/repos/research/fdroid_apps/native_apps/Rumble/NONE_TRANSFORMED_;/Users/rar9993/repos/research/fdroid_apps/native_apps/Rumble/app/src/main/java/org/disrupted/rumble/network/linklayer/bluetooth/BluetoothServer.java;file:/Users/rar9993/repos/research/fdroid_apps/native_apps/Rumble/app/src/main/java/org/disrupted/rumble/network/linklayer/bluetooth/BluetoothServer.java|class:org.disrupted.rumble.network.linklayer.bluetooth.BluetoothServer
MemberIgnoringMethod;aDoctor;/Users/rar9993/repos/research/fdroid_apps/native_apps/Rumble/NONE_TRANSFORMED_;/Users/rar9993/repos/research/fdroid_apps/native_apps/Rumble/app/src/main/java/org/disrupted/rumble/network/linklayer/bluetooth/BluetoothServerConnection.java;file:/Users/rar9993/repos/research/fdroid_apps/native_apps/Rumble/app/src/main/java/org/disrupted/rumble/network/linklayer/bluetooth/BluetoothServerConnection.java|class:org.disrupted.rumble.network.linklayer.bluetooth.BluetoothServerConnection
UnclosedCloseable;aDoctor;/Users/rar9993/repos/research/fdroid_apps/native_apps/Rumble/NONE_TRANSFORMED_;/Users/rar9993/repos/research/fdroid_apps/native_apps/Rumble/app/src/main/java/org/disrupted/rumble/network/linklayer/bluetooth/BluetoothServerConnection.java;file:/Users/rar9993/repos/research/fdroid_apps/native_apps/Rumble/app/src/main/java/org/disrupted/rumble/network/linklayer/bluetooth/BluetoothServerConnection.java|class:org.disrupted.rumble.network.linklayer.bluetooth.BluetoothServerConnection
MemberIgnoringMethod;aDoctor;/Users/rar9993/repos/research/fdroid_apps/native_apps/Rumble/NONE_TRANSFORMED_;/Users/rar9993/repos/research/fdroid_apps/native_apps/Rumble/app/src/main/java/org/disrupted/rumble/network/linklayer/bluetooth/BluetoothScanner.java;file:/Users/rar9993/repos/research/fdroid_apps/native_apps/Rumble/app/src/main/java/org/disrupted/rumble/network/linklayer/bluetooth/BluetoothScanner.java|class:org.disrupted.rumble.network.linklayer.bluetooth.BluetoothScanner
MemberIgnoringMethod;aDoctor;/Users/rar9993/repos/research/fdroid_apps/native_apps/Rumble/NONE_TRANSFORMED_;/Users/rar9993/repos/research/fdroid_apps/native_apps/Rumble/app/src/main/java/org/disrupted/rumble/network/linklayer/bluetooth/BluetoothConnection.java;file:/Users/rar9993/repos/research/fdroid_apps/native_apps/Rumble/app/src/main/java/org/disrupted/rumble/network/linklayer/bluetooth/BluetoothConnection.java|class:org.disrupted.rumble.network.linklayer.bluetooth.BluetoothConnection
MemberIgnoringMethod;aDoctor;/Users/rar9993/repos/research/fdroid_apps/native_apps/Rumble/NONE_TRANSFORMED_;/Users/rar9993/repos/research/fdroid_apps/native_apps/Rumble/app/src/main/java/org/disrupted/rumble/network/linklayer/events/WifiModeChanged.java;file:/Users/rar9993/repos/research/fdroid_apps/native_apps/Rumble/app/src/main/java/org/disrupted/rumble/network/linklayer/events/WifiModeChanged.java|class:org.disrupted.rumble.network.linklayer.events.WifiModeChanged
LeakingThread;aDoctor;/Users/rar9993/repos/research/fdroid_apps/native_apps/Rumble/NONE_TRANSFORMED_;/Users/rar9993/repos/research/fdroid_apps/native_apps/Rumble/app/src/main/java/org/disrupted/rumble/network/protocols/ProtocolChannel.java;file:/Users/rar9993/repos/research/fdroid_apps/native_apps/Rumble/app/src/main/java/org/disrupted/rumble/network/protocols/ProtocolChannel.java|class:org.disrupted.rumble.network.protocols.ProtocolChannel
MemberIgnoringMethod;aDoctor;/Users/rar9993/repos/research/fdroid_apps/native_apps/Rumble/NONE_TRANSFORMED_;/Users/rar9993/repos/research/fdroid_apps/native_apps/Rumble/app/src/main/java/org/disrupted/rumble/network/protocols/ProtocolChannel.java;file:/Users/rar9993/repos/research/fdroid_apps/native_apps/Rumble/app/src/main/java/org/disrupted/rumble/network/protocols/ProtocolChannel.java|class:org.disrupted.rumble.network.protocols.ProtocolChannel
MemberIgnoringMethod;aDoctor;/Users/rar9993/repos/research/fdroid_apps/native_apps/Rumble/NONE_TRANSFORMED_;/Users/rar9993/repos/research/fdroid_apps/native_apps/Rumble/app/src/main/java/org/disrupted/rumble/network/protocols/Protocol.java;file:/Users/rar9993/repos/research/fdroid_apps/native_apps/Rumble/app/src/main/java/org/disrupted/rumble/network/protocols/Protocol.java|class:org.disrupted.rumble.network.protocols.Protocol
LeakingInnerClass;aDoctor;/Users/rar9993/repos/research/fdroid_apps/native_apps/Rumble/NONE_TRANSFORMED_;/Users/rar9993/repos/research/fdroid_apps/native_apps/Rumble/app/src/main/java/org/disrupted/rumble/network/protocols/firechat/FirechatBTState.java;file:/Users/rar9993/repos/research/fdroid_apps/native_apps/Rumble/app/src/main/java/org/disrupted/rumble/network/protocols/firechat/FirechatBTState.java|class:org.disrupted.rumble.network.protocols.firechat.FirechatBTState
MemberIgnoringMethod;aDoctor;/Users/rar9993/repos/research/fdroid_apps/native_apps/Rumble/NONE_TRANSFORMED_;/Users/rar9993/repos/research/fdroid_apps/native_apps/Rumble/app/src/main/java/org/disrupted/rumble/network/protocols/firechat/FirechatProtocol.java;file:/Users/rar9993/repos/research/fdroid_apps/native_apps/Rumble/app/src/main/java/org/disrupted/rumble/network/protocols/firechat/FirechatProtocol.java|class:org.disrupted.rumble.network.protocols.firechat.FirechatProtocol
DataTransmissionWithoutCompression;aDoctor;/Users/rar9993/repos/research/fdroid_apps/native_apps/Rumble/NONE_TRANSFORMED_;/Users/rar9993/repos/research/fdroid_apps/native_apps/Rumble/app/src/main/java/org/disrupted/rumble/network/protocols/firechat/FirechatMessageParser.java;file:/Users/rar9993/repos/research/fdroid_apps/native_apps/Rumble/app/src/main/java/org/disrupted/rumble/network/protocols/firechat/FirechatMessageParser.java|class:org.disrupted.rumble.network.protocols.firechat.FirechatMessageParser
MemberIgnoringMethod;aDoctor;/Users/rar9993/repos/research/fdroid_apps/native_apps/Rumble/NONE_TRANSFORMED_;/Users/rar9993/repos/research/fdroid_apps/native_apps/Rumble/app/src/main/java/org/disrupted/rumble/network/protocols/firechat/FirechatMessageParser.java;file:/Users/rar9993/repos/research/fdroid_apps/native_apps/Rumble/app/src/main/java/org/disrupted/rumble/network/protocols/firechat/FirechatMessageParser.java|class:org.disrupted.rumble.network.protocols.firechat.FirechatMessageParser
SlowForLoop;aDoctor;/Users/rar9993/repos/research/fdroid_apps/native_apps/Rumble/NONE_TRANSFORMED_;/Users/rar9993/repos/research/fdroid_apps/native_apps/Rumble/app/src/main/java/org/disrupted/rumble/network/protocols/firechat/FirechatMessageParser.java;file:/Users/rar9993/repos/research/fdroid_apps/native_apps/Rumble/app/src/main/java/org/disrupted/rumble/network/protocols/firechat/FirechatMessageParser.java|class:org.disrupted.rumble.network.protocols.firechat.FirechatMessageParser
MemberIgnoringMethod;aDoctor;/Users/rar9993/repos/research/fdroid_apps/native_apps/Rumble/NONE_TRANSFORMED_;/Users/rar9993/repos/research/fdroid_apps/native_apps/Rumble/app/src/main/java/org/disrupted/rumble/network/protocols/firechat/workers/FirechatBTServer.java;file:/Users/rar9993/repos/research/fdroid_apps/native_apps/Rumble/app/src/main/java/org/disrupted/rumble/network/protocols/firechat/workers/FirechatBTServer.java|class:org.disrupted.rumble.network.protocols.firechat.workers.FirechatBTServer
MemberIgnoringMethod;aDoctor;/Users/rar9993/repos/research/fdroid_apps/native_apps/Rumble/NONE_TRANSFORMED_;/Users/rar9993/repos/research/fdroid_apps/native_apps/Rumble/app/src/main/java/org/disrupted/rumble/network/protocols/firechat/workers/FirechatOverUDPMulticast.java;file:/Users/rar9993/repos/research/fdroid_apps/native_apps/Rumble/app/src/main/java/org/disrupted/rumble/network/protocols/firechat/workers/FirechatOverUDPMulticast.java|class:org.disrupted.rumble.network.protocols.firechat.workers.FirechatOverUDPMulticast
DataTransmissionWithoutCompression;aDoctor;/Users/rar9993/repos/research/fdroid_apps/native_apps/Rumble/NONE_TRANSFORMED_;/Users/rar9993/repos/research/fdroid_apps/native_apps/Rumble/app/src/main/java/org/disrupted/rumble/network/protocols/firechat/workers/FirechatOverBluetooth.java;file:/Users/rar9993/repos/research/fdroid_apps/native_apps/Rumble/app/src/main/java/org/disrupted/rumble/network/protocols/firechat/workers/FirechatOverBluetooth.java|class:org.disrupted.rumble.network.protocols.firechat.workers.FirechatOverBluetooth
MemberIgnoringMethod;aDoctor;/Users/rar9993/repos/research/fdroid_apps/native_apps/Rumble/NONE_TRANSFORMED_;/Users/rar9993/repos/research/fdroid_apps/native_apps/Rumble/app/src/main/java/org/disrupted/rumble/network/protocols/firechat/workers/FirechatOverBluetooth.java;file:/Users/rar9993/repos/research/fdroid_apps/native_apps/Rumble/app/src/main/java/org/disrupted/rumble/network/protocols/firechat/workers/FirechatOverBluetooth.java|class:org.disrupted.rumble.network.protocols.firechat.workers.FirechatOverBluetooth
DataTransmissionWithoutCompression;aDoctor;/Users/rar9993/repos/research/fdroid_apps/native_apps/Rumble/NONE_TRANSFORMED_;/Users/rar9993/repos/research/fdroid_apps/native_apps/Rumble/app/src/main/java/org/disrupted/rumble/network/protocols/rumble/packetformat/BlockFile.java;file:/Users/rar9993/repos/research/fdroid_apps/native_apps/Rumble/app/src/main/java/org/disrupted/rumble/network/protocols/rumble/packetformat/BlockFile.java|class:org.disrupted.rumble.network.protocols.rumble.packetformat.BlockFile
MemberIgnoringMethod;aDoctor;/Users/rar9993/repos/research/fdroid_apps/native_apps/Rumble/NONE_TRANSFORMED_;/Users/rar9993/repos/research/fdroid_apps/native_apps/Rumble/app/src/main/java/org/disrupted/rumble/network/protocols/rumble/packetformat/BlockFile.java;file:/Users/rar9993/repos/research/fdroid_apps/native_apps/Rumble/app/src/main/java/org/disrupted/rumble/network/protocols/rumble/packetformat/BlockFile.java|class:org.disrupted.rumble.network.protocols.rumble.packetformat.BlockFile
MemberIgnoringMethod;aDoctor;/Users/rar9993/repos/research/fdroid_apps/native_apps/Rumble/NONE_TRANSFORMED_;/Users/rar9993/repos/research/fdroid_apps/native_apps/Rumble/app/src/main/java/org/disrupted/rumble/network/protocols/rumble/packetformat/BlockKeepAlive.java;file:/Users/rar9993/repos/research/fdroid_apps/native_apps/Rumble/app/src/main/java/org/disrupted/rumble/network/protocols/rumble/packetformat/BlockKeepAlive.java|class:org.disrupted.rumble.network.protocols.rumble.packetformat.BlockKeepAlive
DataTransmissionWithoutCompression;aDoctor;/Users/rar9993/repos/research/fdroid_apps/native_apps/Rumble/NONE_TRANSFORMED_;/Users/rar9993/repos/research/fdroid_apps/native_apps/Rumble/app/src/main/java/org/disrupted/rumble/network/protocols/rumble/packetformat/BlockProcessor.java;file:/Users/rar9993/repos/research/fdroid_apps/native_apps/Rumble/app/src/main/java/org/disrupted/rumble/network/protocols/rumble/packetformat/BlockProcessor.java|class:org.disrupted.rumble.network.protocols.rumble.packetformat.BlockProcessor
DataTransmissionWithoutCompression;aDoctor;/Users/rar9993/repos/research/fdroid_apps/native_apps/Rumble/NONE_TRANSFORMED_;/Users/rar9993/repos/research/fdroid_apps/native_apps/Rumble/app/src/main/java/org/disrupted/rumble/network/protocols/rumble/packetformat/CommandProcessor.java;file:/Users/rar9993/repos/research/fdroid_apps/native_apps/Rumble/app/src/main/java/org/disrupted/rumble/network/protocols/rumble/packetformat/CommandProcessor.java|class:org.disrupted.rumble.network.protocols.rumble.packetformat.CommandProcessor
MemberIgnoringMethod;aDoctor;/Users/rar9993/repos/research/fdroid_apps/native_apps/Rumble/NONE_TRANSFORMED_;/Users/rar9993/repos/research/fdroid_apps/native_apps/Rumble/app/src/main/java/org/disrupted/rumble/network/protocols/rumble/packetformat/BlockCipher.java;file:/Users/rar9993/repos/research/fdroid_apps/native_apps/Rumble/app/src/main/java/org/disrupted/rumble/network/protocols/rumble/packetformat/BlockCipher.java|class:org.disrupted.rumble.network.protocols.rumble.packetformat.BlockCipher
LeakingInnerClass;aDoctor;/Users/rar9993/repos/research/fdroid_apps/native_apps/Rumble/NONE_TRANSFORMED_;/Users/rar9993/repos/research/fdroid_apps/native_apps/Rumble/app/src/main/java/org/disrupted/rumble/network/protocols/rumble/packetformat/BlockContact.java;file:/Users/rar9993/repos/research/fdroid_apps/native_apps/Rumble/app/src/main/java/org/disrupted/rumble/network/protocols/rumble/packetformat/BlockContact.java|class:org.disrupted.rumble.network.protocols.rumble.packetformat.BlockContact
MemberIgnoringMethod;aDoctor;/Users/rar9993/repos/research/fdroid_apps/native_apps/Rumble/NONE_TRANSFORMED_;/Users/rar9993/repos/research/fdroid_apps/native_apps/Rumble/app/src/main/java/org/disrupted/rumble/network/protocols/rumble/packetformat/BlockContact.java;file:/Users/rar9993/repos/research/fdroid_apps/native_apps/Rumble/app/src/main/java/org/disrupted/rumble/network/protocols/rumble/packetformat/BlockContact.java|class:org.disrupted.rumble.network.protocols.rumble.packetformat.BlockContact
MemberIgnoringMethod;aDoctor;/Users/rar9993/repos/research/fdroid_apps/native_apps/Rumble/NONE_TRANSFORMED_;/Users/rar9993/repos/research/fdroid_apps/native_apps/Rumble/app/src/main/java/org/disrupted/rumble/network/protocols/rumble/packetformat/Block.java;file:/Users/rar9993/repos/research/fdroid_apps/native_apps/Rumble/app/src/main/java/org/disrupted/rumble/network/protocols/rumble/packetformat/Block.java|class:org.disrupted.rumble.network.protocols.rumble.packetformat.Block
MemberIgnoringMethod;aDoctor;/Users/rar9993/repos/research/fdroid_apps/native_apps/Rumble/NONE_TRANSFORMED_;/Users/rar9993/repos/research/fdroid_apps/native_apps/Rumble/app/src/main/java/org/disrupted/rumble/network/protocols/rumble/packetformat/BlockChatMessage.java;file:/Users/rar9993/repos/research/fdroid_apps/native_apps/Rumble/app/src/main/java/org/disrupted/rumble/network/protocols/rumble/packetformat/BlockChatMessage.java|class:org.disrupted.rumble.network.protocols.rumble.packetformat.BlockChatMessage
MemberIgnoringMethod;aDoctor;/Users/rar9993/repos/research/fdroid_apps/native_apps/Rumble/NONE_TRANSFORMED_;/Users/rar9993/repos/research/fdroid_apps/native_apps/Rumble/app/src/main/java/org/disrupted/rumble/network/protocols/rumble/RumbleProtocol.java;file:/Users/rar9993/repos/research/fdroid_apps/native_apps/Rumble/app/src/main/java/org/disrupted/rumble/network/protocols/rumble/RumbleProtocol.java|class:org.disrupted.rumble.network.protocols.rumble.RumbleProtocol
MemberIgnoringMethod;aDoctor;/Users/rar9993/repos/research/fdroid_apps/native_apps/Rumble/NONE_TRANSFORMED_;/Users/rar9993/repos/research/fdroid_apps/native_apps/Rumble/app/src/main/java/org/disrupted/rumble/network/protocols/rumble/workers/RumbleBTServer.java;file:/Users/rar9993/repos/research/fdroid_apps/native_apps/Rumble/app/src/main/java/org/disrupted/rumble/network/protocols/rumble/workers/RumbleBTServer.java|class:org.disrupted.rumble.network.protocols.rumble.workers.RumbleBTServer
MemberIgnoringMethod;aDoctor;/Users/rar9993/repos/research/fdroid_apps/native_apps/Rumble/NONE_TRANSFORMED_;/Users/rar9993/repos/research/fdroid_apps/native_apps/Rumble/app/src/main/java/org/disrupted/rumble/network/protocols/rumble/workers/RumbleOverUDPMulticast.java;file:/Users/rar9993/repos/research/fdroid_apps/native_apps/Rumble/app/src/main/java/org/disrupted/rumble/network/protocols/rumble/workers/RumbleOverUDPMulticast.java|class:org.disrupted.rumble.network.protocols.rumble.workers.RumbleOverUDPMulticast
LeakingThread;aDoctor;/Users/rar9993/repos/research/fdroid_apps/native_apps/Rumble/NONE_TRANSFORMED_;/Users/rar9993/repos/research/fdroid_apps/native_apps/Rumble/app/src/main/java/org/disrupted/rumble/network/protocols/rumble/workers/RumbleUnicastChannel.java;file:/Users/rar9993/repos/research/fdroid_apps/native_apps/Rumble/app/src/main/java/org/disrupted/rumble/network/protocols/rumble/workers/RumbleUnicastChannel.java|class:org.disrupted.rumble.network.protocols.rumble.workers.RumbleUnicastChannel
MemberIgnoringMethod;aDoctor;/Users/rar9993/repos/research/fdroid_apps/native_apps/Rumble/NONE_TRANSFORMED_;/Users/rar9993/repos/research/fdroid_apps/native_apps/Rumble/app/src/main/java/org/disrupted/rumble/network/protocols/rumble/workers/RumbleUnicastChannel.java;file:/Users/rar9993/repos/research/fdroid_apps/native_apps/Rumble/app/src/main/java/org/disrupted/rumble/network/protocols/rumble/workers/RumbleUnicastChannel.java|class:org.disrupted.rumble.network.protocols.rumble.workers.RumbleUnicastChannel
MemberIgnoringMethod;aDoctor;/Users/rar9993/repos/research/fdroid_apps/native_apps/Rumble/NONE_TRANSFORMED_;/Users/rar9993/repos/research/fdroid_apps/native_apps/Rumble/app/src/main/java/org/disrupted/rumble/network/protocols/rumble/workers/RumbleTCPServer.java;file:/Users/rar9993/repos/research/fdroid_apps/native_apps/Rumble/app/src/main/java/org/disrupted/rumble/network/protocols/rumble/workers/RumbleTCPServer.java|class:org.disrupted.rumble.network.protocols.rumble.workers.RumbleTCPServer
LeakingInnerClass;aDoctor;/Users/rar9993/repos/research/fdroid_apps/native_apps/Rumble/NONE_TRANSFORMED_;/Users/rar9993/repos/research/fdroid_apps/native_apps/Rumble/app/src/main/java/org/disrupted/rumble/network/protocols/rumble/workers/RumbleUDPMulticastScanner.java;file:/Users/rar9993/repos/research/fdroid_apps/native_apps/Rumble/app/src/main/java/org/disrupted/rumble/network/protocols/rumble/workers/RumbleUDPMulticastScanner.java|class:org.disrupted.rumble.network.protocols.rumble.workers.RumbleUDPMulticastScanner
LeakingThread;aDoctor;/Users/rar9993/repos/research/fdroid_apps/native_apps/Rumble/NONE_TRANSFORMED_;/Users/rar9993/repos/research/fdroid_apps/native_apps/Rumble/app/src/main/java/org/disrupted/rumble/network/protocols/rumble/workers/RumbleUDPMulticastScanner.java;file:/Users/rar9993/repos/research/fdroid_apps/native_apps/Rumble/app/src/main/java/org/disrupted/rumble/network/protocols/rumble/workers/RumbleUDPMulticastScanner.java|class:org.disrupted.rumble.network.protocols.rumble.workers.RumbleUDPMulticastScanner
MemberIgnoringMethod;aDoctor;/Users/rar9993/repos/research/fdroid_apps/native_apps/Rumble/NONE_TRANSFORMED_;/Users/rar9993/repos/research/fdroid_apps/native_apps/Rumble/app/src/main/java/org/disrupted/rumble/network/protocols/rumble/workers/RumbleUDPMulticastScanner.java;file:/Users/rar9993/repos/research/fdroid_apps/native_apps/Rumble/app/src/main/java/org/disrupted/rumble/network/protocols/rumble/workers/RumbleUDPMulticastScanner.java|class:org.disrupted.rumble.network.protocols.rumble.workers.RumbleUDPMulticastScanner
MemberIgnoringMethod;aDoctor;/Users/rar9993/repos/research/fdroid_apps/native_apps/Rumble/NONE_TRANSFORMED_;/Users/rar9993/repos/research/fdroid_apps/native_apps/Rumble/app/src/main/java/org/disrupted/rumble/network/protocols/command/CommandSendLocalInformation.java;file:/Users/rar9993/repos/research/fdroid_apps/native_apps/Rumble/app/src/main/java/org/disrupted/rumble/network/protocols/command/CommandSendLocalInformation.java|class:org.disrupted.rumble.network.protocols.command.CommandSendLocalInformation
MemberIgnoringMethod;aDoctor;/Users/rar9993/repos/research/fdroid_apps/native_apps/Rumble/NONE_TRANSFORMED_;/Users/rar9993/repos/research/fdroid_apps/native_apps/Rumble/app/src/main/java/org/disrupted/rumble/network/protocols/command/Command.java;file:/Users/rar9993/repos/research/fdroid_apps/native_apps/Rumble/app/src/main/java/org/disrupted/rumble/network/protocols/command/Command.java|class:org.disrupted.rumble.network.protocols.command.Command
MemberIgnoringMethod;aDoctor;/Users/rar9993/repos/research/fdroid_apps/native_apps/Rumble/NONE_TRANSFORMED_;/Users/rar9993/repos/research/fdroid_apps/native_apps/Rumble/app/src/main/java/org/disrupted/rumble/network/protocols/command/CommandSendPushStatus.java;file:/Users/rar9993/repos/research/fdroid_apps/native_apps/Rumble/app/src/main/java/org/disrupted/rumble/network/protocols/command/CommandSendPushStatus.java|class:org.disrupted.rumble.network.protocols.command.CommandSendPushStatus
MemberIgnoringMethod;aDoctor;/Users/rar9993/repos/research/fdroid_apps/native_apps/Rumble/NONE_TRANSFORMED_;/Users/rar9993/repos/research/fdroid_apps/native_apps/Rumble/app/src/main/java/org/disrupted/rumble/network/protocols/command/CommandSendChatMessage.java;file:/Users/rar9993/repos/research/fdroid_apps/native_apps/Rumble/app/src/main/java/org/disrupted/rumble/network/protocols/command/CommandSendChatMessage.java|class:org.disrupted.rumble.network.protocols.command.CommandSendChatMessage
MemberIgnoringMethod;aDoctor;/Users/rar9993/repos/research/fdroid_apps/native_apps/Rumble/NONE_TRANSFORMED_;/Users/rar9993/repos/research/fdroid_apps/native_apps/Rumble/app/src/main/java/org/disrupted/rumble/network/services/push/PushService.java;file:/Users/rar9993/repos/research/fdroid_apps/native_apps/Rumble/app/src/main/java/org/disrupted/rumble/network/services/push/PushService.java|class:org.disrupted.rumble.network.services.push.PushService
LeakingThread;aDoctor;/Users/rar9993/repos/research/fdroid_apps/native_apps/Rumble/NONE_TRANSFORMED_;/Users/rar9993/repos/research/fdroid_apps/native_apps/Rumble/app/src/main/java/org/disrupted/rumble/userinterface/fragments/FragmentNetworkDrawer.java;file:/Users/rar9993/repos/research/fdroid_apps/native_apps/Rumble/app/src/main/java/org/disrupted/rumble/userinterface/fragments/FragmentNetworkDrawer.java|class:org.disrupted.rumble.userinterface.fragments.FragmentNetworkDrawer
MemberIgnoringMethod;aDoctor;/Users/rar9993/repos/research/fdroid_apps/native_apps/Rumble/NONE_TRANSFORMED_;/Users/rar9993/repos/research/fdroid_apps/native_apps/Rumble/app/src/main/java/org/disrupted/rumble/userinterface/fragments/FragmentNetworkDrawer.java;file:/Users/rar9993/repos/research/fdroid_apps/native_apps/Rumble/app/src/main/java/org/disrupted/rumble/userinterface/fragments/FragmentNetworkDrawer.java|class:org.disrupted.rumble.userinterface.fragments.FragmentNetworkDrawer
NoLowMemoryResolver;aDoctor;/Users/rar9993/repos/research/fdroid_apps/native_apps/Rumble/NONE_TRANSFORMED_;/Users/rar9993/repos/research/fdroid_apps/native_apps/Rumble/app/src/main/java/org/disrupted/rumble/userinterface/fragments/FragmentNetworkDrawer.java;file:/Users/rar9993/repos/research/fdroid_apps/native_apps/Rumble/app/src/main/java/org/disrupted/rumble/userinterface/fragments/FragmentNetworkDrawer.java|class:org.disrupted.rumble.userinterface.fragments.FragmentNetworkDrawer
LeakingThread;aDoctor;/Users/rar9993/repos/research/fdroid_apps/native_apps/Rumble/NONE_TRANSFORMED_;/Users/rar9993/repos/research/fdroid_apps/native_apps/Rumble/app/src/main/java/org/disrupted/rumble/userinterface/fragments/FragmentHashtagList.java;file:/Users/rar9993/repos/research/fdroid_apps/native_apps/Rumble/app/src/main/java/org/disrupted/rumble/userinterface/fragments/FragmentHashtagList.java|class:org.disrupted.rumble.userinterface.fragments.FragmentHashtagList
MemberIgnoringMethod;aDoctor;/Users/rar9993/repos/research/fdroid_apps/native_apps/Rumble/NONE_TRANSFORMED_;/Users/rar9993/repos/research/fdroid_apps/native_apps/Rumble/app/src/main/java/org/disrupted/rumble/userinterface/fragments/FragmentHashtagList.java;file:/Users/rar9993/repos/research/fdroid_apps/native_apps/Rumble/app/src/main/java/org/disrupted/rumble/userinterface/fragments/FragmentHashtagList.java|class:org.disrupted.rumble.userinterface.fragments.FragmentHashtagList
NoLowMemoryResolver;aDoctor;/Users/rar9993/repos/research/fdroid_apps/native_apps/Rumble/NONE_TRANSFORMED_;/Users/rar9993/repos/research/fdroid_apps/native_apps/Rumble/app/src/main/java/org/disrupted/rumble/userinterface/fragments/FragmentHashtagList.java;file:/Users/rar9993/repos/research/fdroid_apps/native_apps/Rumble/app/src/main/java/org/disrupted/rumble/userinterface/fragments/FragmentHashtagList.java|class:org.disrupted.rumble.userinterface.fragments.FragmentHashtagList
LeakingThread;aDoctor;/Users/rar9993/repos/research/fdroid_apps/native_apps/Rumble/NONE_TRANSFORMED_;/Users/rar9993/repos/research/fdroid_apps/native_apps/Rumble/app/src/main/java/org/disrupted/rumble/userinterface/fragments/FragmentStatusList.java;file:/Users/rar9993/repos/research/fdroid_apps/native_apps/Rumble/app/src/main/java/org/disrupted/rumble/userinterface/fragments/FragmentStatusList.java|class:org.disrupted.rumble.userinterface.fragments.FragmentStatusList
MemberIgnoringMethod;aDoctor;/Users/rar9993/repos/research/fdroid_apps/native_apps/Rumble/NONE_TRANSFORMED_;/Users/rar9993/repos/research/fdroid_apps/native_apps/Rumble/app/src/main/java/org/disrupted/rumble/userinterface/fragments/FragmentStatusList.java;file:/Users/rar9993/repos/research/fdroid_apps/native_apps/Rumble/app/src/main/java/org/disrupted/rumble/userinterface/fragments/FragmentStatusList.java|class:org.disrupted.rumble.userinterface.fragments.FragmentStatusList
NoLowMemoryResolver;aDoctor;/Users/rar9993/repos/research/fdroid_apps/native_apps/Rumble/NONE_TRANSFORMED_;/Users/rar9993/repos/research/fdroid_apps/native_apps/Rumble/app/src/main/java/org/disrupted/rumble/userinterface/fragments/FragmentStatusList.java;file:/Users/rar9993/repos/research/fdroid_apps/native_apps/Rumble/app/src/main/java/org/disrupted/rumble/userinterface/fragments/FragmentStatusList.java|class:org.disrupted.rumble.userinterface.fragments.FragmentStatusList
MemberIgnoringMethod;aDoctor;/Users/rar9993/repos/research/fdroid_apps/native_apps/Rumble/NONE_TRANSFORMED_;/Users/rar9993/repos/research/fdroid_apps/native_apps/Rumble/app/src/main/java/org/disrupted/rumble/userinterface/fragments/FragmentNavigationDrawer.java;file:/Users/rar9993/repos/research/fdroid_apps/native_apps/Rumble/app/src/main/java/org/disrupted/rumble/userinterface/fragments/FragmentNavigationDrawer.java|class:org.disrupted.rumble.userinterface.fragments.FragmentNavigationDrawer
NoLowMemoryResolver;aDoctor;/Users/rar9993/repos/research/fdroid_apps/native_apps/Rumble/NONE_TRANSFORMED_;/Users/rar9993/repos/research/fdroid_apps/native_apps/Rumble/app/src/main/java/org/disrupted/rumble/userinterface/fragments/FragmentNavigationDrawer.java;file:/Users/rar9993/repos/research/fdroid_apps/native_apps/Rumble/app/src/main/java/org/disrupted/rumble/userinterface/fragments/FragmentNavigationDrawer.java|class:org.disrupted.rumble.userinterface.fragments.FragmentNavigationDrawer
MemberIgnoringMethod;aDoctor;/Users/rar9993/repos/research/fdroid_apps/native_apps/Rumble/NONE_TRANSFORMED_;/Users/rar9993/repos/research/fdroid_apps/native_apps/Rumble/app/src/main/java/org/disrupted/rumble/userinterface/fragments/FragmentContactInfo.java;file:/Users/rar9993/repos/research/fdroid_apps/native_apps/Rumble/app/src/main/java/org/disrupted/rumble/userinterface/fragments/FragmentContactInfo.java|class:org.disrupted.rumble.userinterface.fragments.FragmentContactInfo
NoLowMemoryResolver;aDoctor;/Users/rar9993/repos/research/fdroid_apps/native_apps/Rumble/NONE_TRANSFORMED_;/Users/rar9993/repos/research/fdroid_apps/native_apps/Rumble/app/src/main/java/org/disrupted/rumble/userinterface/fragments/FragmentContactInfo.java;file:/Users/rar9993/repos/research/fdroid_apps/native_apps/Rumble/app/src/main/java/org/disrupted/rumble/userinterface/fragments/FragmentContactInfo.java|class:org.disrupted.rumble.userinterface.fragments.FragmentContactInfo
LeakingThread;aDoctor;/Users/rar9993/repos/research/fdroid_apps/native_apps/Rumble/NONE_TRANSFORMED_;/Users/rar9993/repos/research/fdroid_apps/native_apps/Rumble/app/src/main/java/org/disrupted/rumble/userinterface/fragments/FragmentContactList.java;file:/Users/rar9993/repos/research/fdroid_apps/native_apps/Rumble/app/src/main/java/org/disrupted/rumble/userinterface/fragments/FragmentContactList.java|class:org.disrupted.rumble.userinterface.fragments.FragmentContactList
MemberIgnoringMethod;aDoctor;/Users/rar9993/repos/research/fdroid_apps/native_apps/Rumble/NONE_TRANSFORMED_;/Users/rar9993/repos/research/fdroid_apps/native_apps/Rumble/app/src/main/java/org/disrupted/rumble/userinterface/fragments/FragmentContactList.java;file:/Users/rar9993/repos/research/fdroid_apps/native_apps/Rumble/app/src/main/java/org/disrupted/rumble/userinterface/fragments/FragmentContactList.java|class:org.disrupted.rumble.userinterface.fragments.FragmentContactList
NoLowMemoryResolver;aDoctor;/Users/rar9993/repos/research/fdroid_apps/native_apps/Rumble/NONE_TRANSFORMED_;/Users/rar9993/repos/research/fdroid_apps/native_apps/Rumble/app/src/main/java/org/disrupted/rumble/userinterface/fragments/FragmentContactList.java;file:/Users/rar9993/repos/research/fdroid_apps/native_apps/Rumble/app/src/main/java/org/disrupted/rumble/userinterface/fragments/FragmentContactList.java|class:org.disrupted.rumble.userinterface.fragments.FragmentContactList
NoLowMemoryResolver;aDoctor;/Users/rar9993/repos/research/fdroid_apps/native_apps/Rumble/NONE_TRANSFORMED_;/Users/rar9993/repos/research/fdroid_apps/native_apps/Rumble/app/src/main/java/org/disrupted/rumble/userinterface/fragments/FragmentFavoriteList.java;file:/Users/rar9993/repos/research/fdroid_apps/native_apps/Rumble/app/src/main/java/org/disrupted/rumble/userinterface/fragments/FragmentFavoriteList.java|class:org.disrupted.rumble.userinterface.fragments.FragmentFavoriteList
LeakingThread;aDoctor;/Users/rar9993/repos/research/fdroid_apps/native_apps/Rumble/NONE_TRANSFORMED_;/Users/rar9993/repos/research/fdroid_apps/native_apps/Rumble/app/src/main/java/org/disrupted/rumble/userinterface/fragments/FragmentChatMessageList.java;file:/Users/rar9993/repos/research/fdroid_apps/native_apps/Rumble/app/src/main/java/org/disrupted/rumble/userinterface/fragments/FragmentChatMessageList.java|class:org.disrupted.rumble.userinterface.fragments.FragmentChatMessageList
MemberIgnoringMethod;aDoctor;/Users/rar9993/repos/research/fdroid_apps/native_apps/Rumble/NONE_TRANSFORMED_;/Users/rar9993/repos/research/fdroid_apps/native_apps/Rumble/app/src/main/java/org/disrupted/rumble/userinterface/fragments/FragmentChatMessageList.java;file:/Users/rar9993/repos/research/fdroid_apps/native_apps/Rumble/app/src/main/java/org/disrupted/rumble/userinterface/fragments/FragmentChatMessageList.java|class:org.disrupted.rumble.userinterface.fragments.FragmentChatMessageList
NoLowMemoryResolver;aDoctor;/Users/rar9993/repos/research/fdroid_apps/native_apps/Rumble/NONE_TRANSFORMED_;/Users/rar9993/repos/research/fdroid_apps/native_apps/Rumble/app/src/main/java/org/disrupted/rumble/userinterface/fragments/FragmentChatMessageList.java;file:/Users/rar9993/repos/research/fdroid_apps/native_apps/Rumble/app/src/main/java/org/disrupted/rumble/userinterface/fragments/FragmentChatMessageList.java|class:org.disrupted.rumble.userinterface.fragments.FragmentChatMessageList
LeakingInnerClass;aDoctor;/Users/rar9993/repos/research/fdroid_apps/native_apps/Rumble/NONE_TRANSFORMED_;/Users/rar9993/repos/research/fdroid_apps/native_apps/Rumble/app/src/main/java/org/disrupted/rumble/userinterface/fragments/FragmentGroupList.java;file:/Users/rar9993/repos/research/fdroid_apps/native_apps/Rumble/app/src/main/java/org/disrupted/rumble/userinterface/fragments/FragmentGroupList.java|class:org.disrupted.rumble.userinterface.fragments.FragmentGroupList
LeakingThread;aDoctor;/Users/rar9993/repos/research/fdroid_apps/native_apps/Rumble/NONE_TRANSFORMED_;/Users/rar9993/repos/research/fdroid_apps/native_apps/Rumble/app/src/main/java/org/disrupted/rumble/userinterface/fragments/FragmentGroupList.java;file:/Users/rar9993/repos/research/fdroid_apps/native_apps/Rumble/app/src/main/java/org/disrupted/rumble/userinterface/fragments/FragmentGroupList.java|class:org.disrupted.rumble.userinterface.fragments.FragmentGroupList
MemberIgnoringMethod;aDoctor;/Users/rar9993/repos/research/fdroid_apps/native_apps/Rumble/NONE_TRANSFORMED_;/Users/rar9993/repos/research/fdroid_apps/native_apps/Rumble/app/src/main/java/org/disrupted/rumble/userinterface/fragments/FragmentGroupList.java;file:/Users/rar9993/repos/research/fdroid_apps/native_apps/Rumble/app/src/main/java/org/disrupted/rumble/userinterface/fragments/FragmentGroupList.java|class:org.disrupted.rumble.userinterface.fragments.FragmentGroupList
NoLowMemoryResolver;aDoctor;/Users/rar9993/repos/research/fdroid_apps/native_apps/Rumble/NONE_TRANSFORMED_;/Users/rar9993/repos/research/fdroid_apps/native_apps/Rumble/app/src/main/java/org/disrupted/rumble/userinterface/fragments/FragmentGroupList.java;file:/Users/rar9993/repos/research/fdroid_apps/native_apps/Rumble/app/src/main/java/org/disrupted/rumble/userinterface/fragments/FragmentGroupList.java|class:org.disrupted.rumble.userinterface.fragments.FragmentGroupList
MemberIgnoringMethod;aDoctor;/Users/rar9993/repos/research/fdroid_apps/native_apps/Rumble/NONE_TRANSFORMED_;/Users/rar9993/repos/research/fdroid_apps/native_apps/Rumble/app/src/main/java/org/disrupted/rumble/userinterface/activity/HashtagDetailActivity.java;file:/Users/rar9993/repos/research/fdroid_apps/native_apps/Rumble/app/src/main/java/org/disrupted/rumble/userinterface/activity/HashtagDetailActivity.java|class:org.disrupted.rumble.userinterface.activity.HashtagDetailActivity
NoLowMemoryResolver;aDoctor;/Users/rar9993/repos/research/fdroid_apps/native_apps/Rumble/NONE_TRANSFORMED_;/Users/rar9993/repos/research/fdroid_apps/native_apps/Rumble/app/src/main/java/org/disrupted/rumble/userinterface/activity/HashtagDetailActivity.java;file:/Users/rar9993/repos/research/fdroid_apps/native_apps/Rumble/app/src/main/java/org/disrupted/rumble/userinterface/activity/HashtagDetailActivity.java|class:org.disrupted.rumble.userinterface.activity.HashtagDetailActivity
DataTransmissionWithoutCompression;aDoctor;/Users/rar9993/repos/research/fdroid_apps/native_apps/Rumble/NONE_TRANSFORMED_;/Users/rar9993/repos/research/fdroid_apps/native_apps/Rumble/app/src/main/java/org/disrupted/rumble/userinterface/activity/PopupComposeStatus.java;file:/Users/rar9993/repos/research/fdroid_apps/native_apps/Rumble/app/src/main/java/org/disrupted/rumble/userinterface/activity/PopupComposeStatus.java|class:org.disrupted.rumble.userinterface.activity.PopupComposeStatus
LeakingInnerClass;aDoctor;/Users/rar9993/repos/research/fdroid_apps/native_apps/Rumble/NONE_TRANSFORMED_;/Users/rar9993/repos/research/fdroid_apps/native_apps/Rumble/app/src/main/java/org/disrupted/rumble/userinterface/activity/PopupComposeStatus.java;file:/Users/rar9993/repos/research/fdroid_apps/native_apps/Rumble/app/src/main/java/org/disrupted/rumble/userinterface/activity/PopupComposeStatus.java|class:org.disrupted.rumble.userinterface.activity.PopupComposeStatus
LeakingThread;aDoctor;/Users/rar9993/repos/research/fdroid_apps/native_apps/Rumble/NONE_TRANSFORMED_;/Users/rar9993/repos/research/fdroid_apps/native_apps/Rumble/app/src/main/java/org/disrupted/rumble/userinterface/activity/PopupComposeStatus.java;file:/Users/rar9993/repos/research/fdroid_apps/native_apps/Rumble/app/src/main/java/org/disrupted/rumble/userinterface/activity/PopupComposeStatus.java|class:org.disrupted.rumble.userinterface.activity.PopupComposeStatus
NoLowMemoryResolver;aDoctor;/Users/rar9993/repos/research/fdroid_apps/native_apps/Rumble/NONE_TRANSFORMED_;/Users/rar9993/repos/research/fdroid_apps/native_apps/Rumble/app/src/main/java/org/disrupted/rumble/userinterface/activity/PopupComposeStatus.java;file:/Users/rar9993/repos/research/fdroid_apps/native_apps/Rumble/app/src/main/java/org/disrupted/rumble/userinterface/activity/PopupComposeStatus.java|class:org.disrupted.rumble.userinterface.activity.PopupComposeStatus
NoLowMemoryResolver;aDoctor;/Users/rar9993/repos/research/fdroid_apps/native_apps/Rumble/NONE_TRANSFORMED_;/Users/rar9993/repos/research/fdroid_apps/native_apps/Rumble/app/src/main/java/org/disrupted/rumble/userinterface/activity/DisplayQRCode.java;file:/Users/rar9993/repos/research/fdroid_apps/native_apps/Rumble/app/src/main/java/org/disrupted/rumble/userinterface/activity/DisplayQRCode.java|class:org.disrupted.rumble.userinterface.activity.DisplayQRCode
MemberIgnoringMethod;aDoctor;/Users/rar9993/repos/research/fdroid_apps/native_apps/Rumble/NONE_TRANSFORMED_;/Users/rar9993/repos/research/fdroid_apps/native_apps/Rumble/app/src/main/java/org/disrupted/rumble/userinterface/activity/RoutingActivity.java;file:/Users/rar9993/repos/research/fdroid_apps/native_apps/Rumble/app/src/main/java/org/disrupted/rumble/userinterface/activity/RoutingActivity.java|class:org.disrupted.rumble.userinterface.activity.RoutingActivity
NoLowMemoryResolver;aDoctor;/Users/rar9993/repos/research/fdroid_apps/native_apps/Rumble/NONE_TRANSFORMED_;/Users/rar9993/repos/research/fdroid_apps/native_apps/Rumble/app/src/main/java/org/disrupted/rumble/userinterface/activity/RoutingActivity.java;file:/Users/rar9993/repos/research/fdroid_apps/native_apps/Rumble/app/src/main/java/org/disrupted/rumble/userinterface/activity/RoutingActivity.java|class:org.disrupted.rumble.userinterface.activity.RoutingActivity
SlowForLoop;aDoctor;/Users/rar9993/repos/research/fdroid_apps/native_apps/Rumble/NONE_TRANSFORMED_;/Users/rar9993/repos/research/fdroid_apps/native_apps/Rumble/app/src/main/java/org/disrupted/rumble/userinterface/activity/RoutingActivity.java;file:/Users/rar9993/repos/research/fdroid_apps/native_apps/Rumble/app/src/main/java/org/disrupted/rumble/userinterface/activity/RoutingActivity.java|class:org.disrupted.rumble.userinterface.activity.RoutingActivity
MemberIgnoringMethod;aDoctor;/Users/rar9993/repos/research/fdroid_apps/native_apps/Rumble/NONE_TRANSFORMED_;/Users/rar9993/repos/research/fdroid_apps/native_apps/Rumble/app/src/main/java/org/disrupted/rumble/userinterface/activity/HashtagListActivity.java;file:/Users/rar9993/repos/research/fdroid_apps/native_apps/Rumble/app/src/main/java/org/disrupted/rumble/userinterface/activity/HashtagListActivity.java|class:org.disrupted.rumble.userinterface.activity.HashtagListActivity
NoLowMemoryResolver;aDoctor;/Users/rar9993/repos/research/fdroid_apps/native_apps/Rumble/NONE_TRANSFORMED_;/Users/rar9993/repos/research/fdroid_apps/native_apps/Rumble/app/src/main/java/org/disrupted/rumble/userinterface/activity/HashtagListActivity.java;file:/Users/rar9993/repos/research/fdroid_apps/native_apps/Rumble/app/src/main/java/org/disrupted/rumble/userinterface/activity/HashtagListActivity.java|class:org.disrupted.rumble.userinterface.activity.HashtagListActivity
MemberIgnoringMethod;aDoctor;/Users/rar9993/repos/research/fdroid_apps/native_apps/Rumble/NONE_TRANSFORMED_;/Users/rar9993/repos/research/fdroid_apps/native_apps/Rumble/app/src/main/java/org/disrupted/rumble/userinterface/activity/GroupDetailActivity.java;file:/Users/rar9993/repos/research/fdroid_apps/native_apps/Rumble/app/src/main/java/org/disrupted/rumble/userinterface/activity/GroupDetailActivity.java|class:org.disrupted.rumble.userinterface.activity.GroupDetailActivity
NoLowMemoryResolver;aDoctor;/Users/rar9993/repos/research/fdroid_apps/native_apps/Rumble/NONE_TRANSFORMED_;/Users/rar9993/repos/research/fdroid_apps/native_apps/Rumble/app/src/main/java/org/disrupted/rumble/userinterface/activity/GroupDetailActivity.java;file:/Users/rar9993/repos/research/fdroid_apps/native_apps/Rumble/app/src/main/java/org/disrupted/rumble/userinterface/activity/GroupDetailActivity.java|class:org.disrupted.rumble.userinterface.activity.GroupDetailActivity
SlowForLoop;aDoctor;/Users/rar9993/repos/research/fdroid_apps/native_apps/Rumble/NONE_TRANSFORMED_;/Users/rar9993/repos/research/fdroid_apps/native_apps/Rumble/app/src/main/java/org/disrupted/rumble/userinterface/activity/GroupDetailActivity.java;file:/Users/rar9993/repos/research/fdroid_apps/native_apps/Rumble/app/src/main/java/org/disrupted/rumble/userinterface/activity/GroupDetailActivity.java|class:org.disrupted.rumble.userinterface.activity.GroupDetailActivity
MemberIgnoringMethod;aDoctor;/Users/rar9993/repos/research/fdroid_apps/native_apps/Rumble/NONE_TRANSFORMED_;/Users/rar9993/repos/research/fdroid_apps/native_apps/Rumble/app/src/main/java/org/disrupted/rumble/userinterface/activity/ContactDetailActivity.java;file:/Users/rar9993/repos/research/fdroid_apps/native_apps/Rumble/app/src/main/java/org/disrupted/rumble/userinterface/activity/ContactDetailActivity.java|class:org.disrupted.rumble.userinterface.activity.ContactDetailActivity
NoLowMemoryResolver;aDoctor;/Users/rar9993/repos/research/fdroid_apps/native_apps/Rumble/NONE_TRANSFORMED_;/Users/rar9993/repos/research/fdroid_apps/native_apps/Rumble/app/src/main/java/org/disrupted/rumble/userinterface/activity/ContactDetailActivity.java;file:/Users/rar9993/repos/research/fdroid_apps/native_apps/Rumble/app/src/main/java/org/disrupted/rumble/userinterface/activity/ContactDetailActivity.java|class:org.disrupted.rumble.userinterface.activity.ContactDetailActivity
MemberIgnoringMethod;aDoctor;/Users/rar9993/repos/research/fdroid_apps/native_apps/Rumble/NONE_TRANSFORMED_;/Users/rar9993/repos/research/fdroid_apps/native_apps/Rumble/app/src/main/java/org/disrupted/rumble/userinterface/activity/GroupListActivity.java;file:/Users/rar9993/repos/research/fdroid_apps/native_apps/Rumble/app/src/main/java/org/disrupted/rumble/userinterface/activity/GroupListActivity.java|class:org.disrupted.rumble.userinterface.activity.GroupListActivity
NoLowMemoryResolver;aDoctor;/Users/rar9993/repos/research/fdroid_apps/native_apps/Rumble/NONE_TRANSFORMED_;/Users/rar9993/repos/research/fdroid_apps/native_apps/Rumble/app/src/main/java/org/disrupted/rumble/userinterface/activity/GroupListActivity.java;file:/Users/rar9993/repos/research/fdroid_apps/native_apps/Rumble/app/src/main/java/org/disrupted/rumble/userinterface/activity/GroupListActivity.java|class:org.disrupted.rumble.userinterface.activity.GroupListActivity
MemberIgnoringMethod;aDoctor;/Users/rar9993/repos/research/fdroid_apps/native_apps/Rumble/NONE_TRANSFORMED_;/Users/rar9993/repos/research/fdroid_apps/native_apps/Rumble/app/src/main/java/org/disrupted/rumble/userinterface/activity/ContactListActivity.java;file:/Users/rar9993/repos/research/fdroid_apps/native_apps/Rumble/app/src/main/java/org/disrupted/rumble/userinterface/activity/ContactListActivity.java|class:org.disrupted.rumble.userinterface.activity.ContactListActivity
NoLowMemoryResolver;aDoctor;/Users/rar9993/repos/research/fdroid_apps/native_apps/Rumble/NONE_TRANSFORMED_;/Users/rar9993/repos/research/fdroid_apps/native_apps/Rumble/app/src/main/java/org/disrupted/rumble/userinterface/activity/ContactListActivity.java;file:/Users/rar9993/repos/research/fdroid_apps/native_apps/Rumble/app/src/main/java/org/disrupted/rumble/userinterface/activity/ContactListActivity.java|class:org.disrupted.rumble.userinterface.activity.ContactListActivity
DataTransmissionWithoutCompression;aDoctor;/Users/rar9993/repos/research/fdroid_apps/native_apps/Rumble/NONE_TRANSFORMED_;/Users/rar9993/repos/research/fdroid_apps/native_apps/Rumble/app/src/main/java/org/disrupted/rumble/userinterface/activity/DisplayStatusActivity.java;file:/Users/rar9993/repos/research/fdroid_apps/native_apps/Rumble/app/src/main/java/org/disrupted/rumble/userinterface/activity/DisplayStatusActivity.java|class:org.disrupted.rumble.userinterface.activity.DisplayStatusActivity
MemberIgnoringMethod;aDoctor;/Users/rar9993/repos/research/fdroid_apps/native_apps/Rumble/NONE_TRANSFORMED_;/Users/rar9993/repos/research/fdroid_apps/native_apps/Rumble/app/src/main/java/org/disrupted/rumble/userinterface/activity/DisplayStatusActivity.java;file:/Users/rar9993/repos/research/fdroid_apps/native_apps/Rumble/app/src/main/java/org/disrupted/rumble/userinterface/activity/DisplayStatusActivity.java|class:org.disrupted.rumble.userinterface.activity.DisplayStatusActivity
NoLowMemoryResolver;aDoctor;/Users/rar9993/repos/research/fdroid_apps/native_apps/Rumble/NONE_TRANSFORMED_;/Users/rar9993/repos/research/fdroid_apps/native_apps/Rumble/app/src/main/java/org/disrupted/rumble/userinterface/activity/DisplayStatusActivity.java;file:/Users/rar9993/repos/research/fdroid_apps/native_apps/Rumble/app/src/main/java/org/disrupted/rumble/userinterface/activity/DisplayStatusActivity.java|class:org.disrupted.rumble.userinterface.activity.DisplayStatusActivity
MemberIgnoringMethod;aDoctor;/Users/rar9993/repos/research/fdroid_apps/native_apps/Rumble/NONE_TRANSFORMED_;/Users/rar9993/repos/research/fdroid_apps/native_apps/Rumble/app/src/main/java/org/disrupted/rumble/userinterface/activity/LoginScreen.java;file:/Users/rar9993/repos/research/fdroid_apps/native_apps/Rumble/app/src/main/java/org/disrupted/rumble/userinterface/activity/LoginScreen.java|class:org.disrupted.rumble.userinterface.activity.LoginScreen
NoLowMemoryResolver;aDoctor;/Users/rar9993/repos/research/fdroid_apps/native_apps/Rumble/NONE_TRANSFORMED_;/Users/rar9993/repos/research/fdroid_apps/native_apps/Rumble/app/src/main/java/org/disrupted/rumble/userinterface/activity/LoginScreen.java;file:/Users/rar9993/repos/research/fdroid_apps/native_apps/Rumble/app/src/main/java/org/disrupted/rumble/userinterface/activity/LoginScreen.java|class:org.disrupted.rumble.userinterface.activity.LoginScreen
DataTransmissionWithoutCompression;aDoctor;/Users/rar9993/repos/research/fdroid_apps/native_apps/Rumble/NONE_TRANSFORMED_;/Users/rar9993/repos/research/fdroid_apps/native_apps/Rumble/app/src/main/java/org/disrupted/rumble/userinterface/activity/DisplayImage.java;file:/Users/rar9993/repos/research/fdroid_apps/native_apps/Rumble/app/src/main/java/org/disrupted/rumble/userinterface/activity/DisplayImage.java|class:org.disrupted.rumble.userinterface.activity.DisplayImage
NoLowMemoryResolver;aDoctor;/Users/rar9993/repos/research/fdroid_apps/native_apps/Rumble/NONE_TRANSFORMED_;/Users/rar9993/repos/research/fdroid_apps/native_apps/Rumble/app/src/main/java/org/disrupted/rumble/userinterface/activity/DisplayImage.java;file:/Users/rar9993/repos/research/fdroid_apps/native_apps/Rumble/app/src/main/java/org/disrupted/rumble/userinterface/activity/DisplayImage.java|class:org.disrupted.rumble.userinterface.activity.DisplayImage
LeakingThread;aDoctor;/Users/rar9993/repos/research/fdroid_apps/native_apps/Rumble/NONE_TRANSFORMED_;/Users/rar9993/repos/research/fdroid_apps/native_apps/Rumble/app/src/main/java/org/disrupted/rumble/userinterface/activity/HomeActivity.java;file:/Users/rar9993/repos/research/fdroid_apps/native_apps/Rumble/app/src/main/java/org/disrupted/rumble/userinterface/activity/HomeActivity.java|class:org.disrupted.rumble.userinterface.activity.HomeActivity
MemberIgnoringMethod;aDoctor;/Users/rar9993/repos/research/fdroid_apps/native_apps/Rumble/NONE_TRANSFORMED_;/Users/rar9993/repos/research/fdroid_apps/native_apps/Rumble/app/src/main/java/org/disrupted/rumble/userinterface/activity/HomeActivity.java;file:/Users/rar9993/repos/research/fdroid_apps/native_apps/Rumble/app/src/main/java/org/disrupted/rumble/userinterface/activity/HomeActivity.java|class:org.disrupted.rumble.userinterface.activity.HomeActivity
NoLowMemoryResolver;aDoctor;/Users/rar9993/repos/research/fdroid_apps/native_apps/Rumble/NONE_TRANSFORMED_;/Users/rar9993/repos/research/fdroid_apps/native_apps/Rumble/app/src/main/java/org/disrupted/rumble/userinterface/activity/HomeActivity.java;file:/Users/rar9993/repos/research/fdroid_apps/native_apps/Rumble/app/src/main/java/org/disrupted/rumble/userinterface/activity/HomeActivity.java|class:org.disrupted.rumble.userinterface.activity.HomeActivity
MemberIgnoringMethod;aDoctor;/Users/rar9993/repos/research/fdroid_apps/native_apps/Rumble/NONE_TRANSFORMED_;/Users/rar9993/repos/research/fdroid_apps/native_apps/Rumble/app/src/main/java/org/disrupted/rumble/userinterface/activity/PopupInputGroupKey.java;file:/Users/rar9993/repos/research/fdroid_apps/native_apps/Rumble/app/src/main/java/org/disrupted/rumble/userinterface/activity/PopupInputGroupKey.java|class:org.disrupted.rumble.userinterface.activity.PopupInputGroupKey
NoLowMemoryResolver;aDoctor;/Users/rar9993/repos/research/fdroid_apps/native_apps/Rumble/NONE_TRANSFORMED_;/Users/rar9993/repos/research/fdroid_apps/native_apps/Rumble/app/src/main/java/org/disrupted/rumble/userinterface/activity/PopupInputGroupKey.java;file:/Users/rar9993/repos/research/fdroid_apps/native_apps/Rumble/app/src/main/java/org/disrupted/rumble/userinterface/activity/PopupInputGroupKey.java|class:org.disrupted.rumble.userinterface.activity.PopupInputGroupKey
MemberIgnoringMethod;aDoctor;/Users/rar9993/repos/research/fdroid_apps/native_apps/Rumble/NONE_TRANSFORMED_;/Users/rar9993/repos/research/fdroid_apps/native_apps/Rumble/app/src/main/java/org/disrupted/rumble/userinterface/activity/SettingsActivity.java;file:/Users/rar9993/repos/research/fdroid_apps/native_apps/Rumble/app/src/main/java/org/disrupted/rumble/userinterface/activity/SettingsActivity.java|class:org.disrupted.rumble.userinterface.activity.SettingsActivity
NoLowMemoryResolver;aDoctor;/Users/rar9993/repos/research/fdroid_apps/native_apps/Rumble/NONE_TRANSFORMED_;/Users/rar9993/repos/research/fdroid_apps/native_apps/Rumble/app/src/main/java/org/disrupted/rumble/userinterface/activity/SettingsActivity.java;file:/Users/rar9993/repos/research/fdroid_apps/native_apps/Rumble/app/src/main/java/org/disrupted/rumble/userinterface/activity/SettingsActivity.java|class:org.disrupted.rumble.userinterface.activity.SettingsActivity
MemberIgnoringMethod;aDoctor;/Users/rar9993/repos/research/fdroid_apps/native_apps/Rumble/NONE_TRANSFORMED_;/Users/rar9993/repos/research/fdroid_apps/native_apps/Rumble/app/src/main/java/org/disrupted/rumble/userinterface/activity/PopupCreateGroup.java;file:/Users/rar9993/repos/research/fdroid_apps/native_apps/Rumble/app/src/main/java/org/disrupted/rumble/userinterface/activity/PopupCreateGroup.java|class:org.disrupted.rumble.userinterface.activity.PopupCreateGroup
NoLowMemoryResolver;aDoctor;/Users/rar9993/repos/research/fdroid_apps/native_apps/Rumble/NONE_TRANSFORMED_;/Users/rar9993/repos/research/fdroid_apps/native_apps/Rumble/app/src/main/java/org/disrupted/rumble/userinterface/activity/PopupCreateGroup.java;file:/Users/rar9993/repos/research/fdroid_apps/native_apps/Rumble/app/src/main/java/org/disrupted/rumble/userinterface/activity/PopupCreateGroup.java|class:org.disrupted.rumble.userinterface.activity.PopupCreateGroup
DataTransmissionWithoutCompression;aDoctor;/Users/rar9993/repos/research/fdroid_apps/native_apps/Rumble/NONE_TRANSFORMED_;/Users/rar9993/repos/research/fdroid_apps/native_apps/Rumble/app/src/main/java/org/disrupted/rumble/userinterface/activity/settings/StorageActivity.java;file:/Users/rar9993/repos/research/fdroid_apps/native_apps/Rumble/app/src/main/java/org/disrupted/rumble/userinterface/activity/settings/StorageActivity.java|class:org.disrupted.rumble.userinterface.activity.settings.StorageActivity
LeakingThread;aDoctor;/Users/rar9993/repos/research/fdroid_apps/native_apps/Rumble/NONE_TRANSFORMED_;/Users/rar9993/repos/research/fdroid_apps/native_apps/Rumble/app/src/main/java/org/disrupted/rumble/userinterface/activity/settings/StorageActivity.java;file:/Users/rar9993/repos/research/fdroid_apps/native_apps/Rumble/app/src/main/java/org/disrupted/rumble/userinterface/activity/settings/StorageActivity.java|class:org.disrupted.rumble.userinterface.activity.settings.StorageActivity
MemberIgnoringMethod;aDoctor;/Users/rar9993/repos/research/fdroid_apps/native_apps/Rumble/NONE_TRANSFORMED_;/Users/rar9993/repos/research/fdroid_apps/native_apps/Rumble/app/src/main/java/org/disrupted/rumble/userinterface/activity/settings/StorageActivity.java;file:/Users/rar9993/repos/research/fdroid_apps/native_apps/Rumble/app/src/main/java/org/disrupted/rumble/userinterface/activity/settings/StorageActivity.java|class:org.disrupted.rumble.userinterface.activity.settings.StorageActivity
NoLowMemoryResolver;aDoctor;/Users/rar9993/repos/research/fdroid_apps/native_apps/Rumble/NONE_TRANSFORMED_;/Users/rar9993/repos/research/fdroid_apps/native_apps/Rumble/app/src/main/java/org/disrupted/rumble/userinterface/activity/settings/StorageActivity.java;file:/Users/rar9993/repos/research/fdroid_apps/native_apps/Rumble/app/src/main/java/org/disrupted/rumble/userinterface/activity/settings/StorageActivity.java|class:org.disrupted.rumble.userinterface.activity.settings.StorageActivity
MemberIgnoringMethod;aDoctor;/Users/rar9993/repos/research/fdroid_apps/native_apps/Rumble/NONE_TRANSFORMED_;/Users/rar9993/repos/research/fdroid_apps/native_apps/Rumble/app/src/main/java/org/disrupted/rumble/userinterface/activity/settings/LicenceActivity.java;file:/Users/rar9993/repos/research/fdroid_apps/native_apps/Rumble/app/src/main/java/org/disrupted/rumble/userinterface/activity/settings/LicenceActivity.java|class:org.disrupted.rumble.userinterface.activity.settings.LicenceActivity
NoLowMemoryResolver;aDoctor;/Users/rar9993/repos/research/fdroid_apps/native_apps/Rumble/NONE_TRANSFORMED_;/Users/rar9993/repos/research/fdroid_apps/native_apps/Rumble/app/src/main/java/org/disrupted/rumble/userinterface/activity/settings/LicenceActivity.java;file:/Users/rar9993/repos/research/fdroid_apps/native_apps/Rumble/app/src/main/java/org/disrupted/rumble/userinterface/activity/settings/LicenceActivity.java|class:org.disrupted.rumble.userinterface.activity.settings.LicenceActivity
MemberIgnoringMethod;aDoctor;/Users/rar9993/repos/research/fdroid_apps/native_apps/Rumble/NONE_TRANSFORMED_;/Users/rar9993/repos/research/fdroid_apps/native_apps/Rumble/app/src/main/java/org/disrupted/rumble/userinterface/activity/settings/StatisticActivity.java;file:/Users/rar9993/repos/research/fdroid_apps/native_apps/Rumble/app/src/main/java/org/disrupted/rumble/userinterface/activity/settings/StatisticActivity.java|class:org.disrupted.rumble.userinterface.activity.settings.StatisticActivity
NoLowMemoryResolver;aDoctor;/Users/rar9993/repos/research/fdroid_apps/native_apps/Rumble/NONE_TRANSFORMED_;/Users/rar9993/repos/research/fdroid_apps/native_apps/Rumble/app/src/main/java/org/disrupted/rumble/userinterface/activity/settings/StatisticActivity.java;file:/Users/rar9993/repos/research/fdroid_apps/native_apps/Rumble/app/src/main/java/org/disrupted/rumble/userinterface/activity/settings/StatisticActivity.java|class:org.disrupted.rumble.userinterface.activity.settings.StatisticActivity
MemberIgnoringMethod;aDoctor;/Users/rar9993/repos/research/fdroid_apps/native_apps/Rumble/NONE_TRANSFORMED_;/Users/rar9993/repos/research/fdroid_apps/native_apps/Rumble/app/src/main/java/org/disrupted/rumble/userinterface/activity/settings/DebugActivity.java;file:/Users/rar9993/repos/research/fdroid_apps/native_apps/Rumble/app/src/main/java/org/disrupted/rumble/userinterface/activity/settings/DebugActivity.java|class:org.disrupted.rumble.userinterface.activity.settings.DebugActivity
NoLowMemoryResolver;aDoctor;/Users/rar9993/repos/research/fdroid_apps/native_apps/Rumble/NONE_TRANSFORMED_;/Users/rar9993/repos/research/fdroid_apps/native_apps/Rumble/app/src/main/java/org/disrupted/rumble/userinterface/activity/settings/DebugActivity.java;file:/Users/rar9993/repos/research/fdroid_apps/native_apps/Rumble/app/src/main/java/org/disrupted/rumble/userinterface/activity/settings/DebugActivity.java|class:org.disrupted.rumble.userinterface.activity.settings.DebugActivity
MemberIgnoringMethod;aDoctor;/Users/rar9993/repos/research/fdroid_apps/native_apps/Rumble/NONE_TRANSFORMED_;/Users/rar9993/repos/research/fdroid_apps/native_apps/Rumble/app/src/main/java/org/disrupted/rumble/userinterface/activity/settings/MiscellaneousActivity.java;file:/Users/rar9993/repos/research/fdroid_apps/native_apps/Rumble/app/src/main/java/org/disrupted/rumble/userinterface/activity/settings/MiscellaneousActivity.java|class:org.disrupted.rumble.userinterface.activity.settings.MiscellaneousActivity
NoLowMemoryResolver;aDoctor;/Users/rar9993/repos/research/fdroid_apps/native_apps/Rumble/NONE_TRANSFORMED_;/Users/rar9993/repos/research/fdroid_apps/native_apps/Rumble/app/src/main/java/org/disrupted/rumble/userinterface/activity/settings/MiscellaneousActivity.java;file:/Users/rar9993/repos/research/fdroid_apps/native_apps/Rumble/app/src/main/java/org/disrupted/rumble/userinterface/activity/settings/MiscellaneousActivity.java|class:org.disrupted.rumble.userinterface.activity.settings.MiscellaneousActivity
MemberIgnoringMethod;aDoctor;/Users/rar9993/repos/research/fdroid_apps/native_apps/Rumble/NONE_TRANSFORMED_;/Users/rar9993/repos/research/fdroid_apps/native_apps/Rumble/app/src/main/java/org/disrupted/rumble/userinterface/activity/settings/AboutActivity.java;file:/Users/rar9993/repos/research/fdroid_apps/native_apps/Rumble/app/src/main/java/org/disrupted/rumble/userinterface/activity/settings/AboutActivity.java|class:org.disrupted.rumble.userinterface.activity.settings.AboutActivity
NoLowMemoryResolver;aDoctor;/Users/rar9993/repos/research/fdroid_apps/native_apps/Rumble/NONE_TRANSFORMED_;/Users/rar9993/repos/research/fdroid_apps/native_apps/Rumble/app/src/main/java/org/disrupted/rumble/userinterface/activity/settings/AboutActivity.java;file:/Users/rar9993/repos/research/fdroid_apps/native_apps/Rumble/app/src/main/java/org/disrupted/rumble/userinterface/activity/settings/AboutActivity.java|class:org.disrupted.rumble.userinterface.activity.settings.AboutActivity
MemberIgnoringMethod;aDoctor;/Users/rar9993/repos/research/fdroid_apps/native_apps/Rumble/NONE_TRANSFORMED_;/Users/rar9993/repos/research/fdroid_apps/native_apps/Rumble/app/src/main/java/org/disrupted/rumble/userinterface/adapter/IconTextListAdapter.java;file:/Users/rar9993/repos/research/fdroid_apps/native_apps/Rumble/app/src/main/java/org/disrupted/rumble/userinterface/adapter/IconTextListAdapter.java|class:org.disrupted.rumble.userinterface.adapter.IconTextListAdapter
LeakingInnerClass;aDoctor;/Users/rar9993/repos/research/fdroid_apps/native_apps/Rumble/NONE_TRANSFORMED_;/Users/rar9993/repos/research/fdroid_apps/native_apps/Rumble/app/src/main/java/org/disrupted/rumble/userinterface/adapter/FilterListAdapter.java;file:/Users/rar9993/repos/research/fdroid_apps/native_apps/Rumble/app/src/main/java/org/disrupted/rumble/userinterface/adapter/FilterListAdapter.java|class:org.disrupted.rumble.userinterface.adapter.FilterListAdapter
MemberIgnoringMethod;aDoctor;/Users/rar9993/repos/research/fdroid_apps/native_apps/Rumble/NONE_TRANSFORMED_;/Users/rar9993/repos/research/fdroid_apps/native_apps/Rumble/app/src/main/java/org/disrupted/rumble/userinterface/adapter/GroupDetailPagerAdapter.java;file:/Users/rar9993/repos/research/fdroid_apps/native_apps/Rumble/app/src/main/java/org/disrupted/rumble/userinterface/adapter/GroupDetailPagerAdapter.java|class:org.disrupted.rumble.userinterface.adapter.GroupDetailPagerAdapter
DataTransmissionWithoutCompression;aDoctor;/Users/rar9993/repos/research/fdroid_apps/native_apps/Rumble/NONE_TRANSFORMED_;/Users/rar9993/repos/research/fdroid_apps/native_apps/Rumble/app/src/main/java/org/disrupted/rumble/userinterface/adapter/ChatMessageRecyclerAdapter.java;file:/Users/rar9993/repos/research/fdroid_apps/native_apps/Rumble/app/src/main/java/org/disrupted/rumble/userinterface/adapter/ChatMessageRecyclerAdapter.java|class:org.disrupted.rumble.userinterface.adapter.ChatMessageRecyclerAdapter
LeakingInnerClass;aDoctor;/Users/rar9993/repos/research/fdroid_apps/native_apps/Rumble/NONE_TRANSFORMED_;/Users/rar9993/repos/research/fdroid_apps/native_apps/Rumble/app/src/main/java/org/disrupted/rumble/userinterface/adapter/ChatMessageRecyclerAdapter.java;file:/Users/rar9993/repos/research/fdroid_apps/native_apps/Rumble/app/src/main/java/org/disrupted/rumble/userinterface/adapter/ChatMessageRecyclerAdapter.java|class:org.disrupted.rumble.userinterface.adapter.ChatMessageRecyclerAdapter
MemberIgnoringMethod;aDoctor;/Users/rar9993/repos/research/fdroid_apps/native_apps/Rumble/NONE_TRANSFORMED_;/Users/rar9993/repos/research/fdroid_apps/native_apps/Rumble/app/src/main/java/org/disrupted/rumble/userinterface/adapter/ChatMessageRecyclerAdapter.java;file:/Users/rar9993/repos/research/fdroid_apps/native_apps/Rumble/app/src/main/java/org/disrupted/rumble/userinterface/adapter/ChatMessageRecyclerAdapter.java|class:org.disrupted.rumble.userinterface.adapter.ChatMessageRecyclerAdapter
DataTransmissionWithoutCompression;aDoctor;/Users/rar9993/repos/research/fdroid_apps/native_apps/Rumble/NONE_TRANSFORMED_;/Users/rar9993/repos/research/fdroid_apps/native_apps/Rumble/app/src/main/java/org/disrupted/rumble/userinterface/adapter/StatusRecyclerAdapter.java;file:/Users/rar9993/repos/research/fdroid_apps/native_apps/Rumble/app/src/main/java/org/disrupted/rumble/userinterface/adapter/StatusRecyclerAdapter.java|class:org.disrupted.rumble.userinterface.adapter.StatusRecyclerAdapter
LeakingInnerClass;aDoctor;/Users/rar9993/repos/research/fdroid_apps/native_apps/Rumble/NONE_TRANSFORMED_;/Users/rar9993/repos/research/fdroid_apps/native_apps/Rumble/app/src/main/java/org/disrupted/rumble/userinterface/adapter/StatusRecyclerAdapter.java;file:/Users/rar9993/repos/research/fdroid_apps/native_apps/Rumble/app/src/main/java/org/disrupted/rumble/userinterface/adapter/StatusRecyclerAdapter.java|class:org.disrupted.rumble.userinterface.adapter.StatusRecyclerAdapter
MemberIgnoringMethod;aDoctor;/Users/rar9993/repos/research/fdroid_apps/native_apps/Rumble/NONE_TRANSFORMED_;/Users/rar9993/repos/research/fdroid_apps/native_apps/Rumble/app/src/main/java/org/disrupted/rumble/userinterface/adapter/StatusRecyclerAdapter.java;file:/Users/rar9993/repos/research/fdroid_apps/native_apps/Rumble/app/src/main/java/org/disrupted/rumble/userinterface/adapter/StatusRecyclerAdapter.java|class:org.disrupted.rumble.userinterface.adapter.StatusRecyclerAdapter
SlowForLoop;aDoctor;/Users/rar9993/repos/research/fdroid_apps/native_apps/Rumble/NONE_TRANSFORMED_;/Users/rar9993/repos/research/fdroid_apps/native_apps/Rumble/app/src/main/java/org/disrupted/rumble/userinterface/adapter/StatusRecyclerAdapter.java;file:/Users/rar9993/repos/research/fdroid_apps/native_apps/Rumble/app/src/main/java/org/disrupted/rumble/userinterface/adapter/StatusRecyclerAdapter.java|class:org.disrupted.rumble.userinterface.adapter.StatusRecyclerAdapter
LeakingInnerClass;aDoctor;/Users/rar9993/repos/research/fdroid_apps/native_apps/Rumble/NONE_TRANSFORMED_;/Users/rar9993/repos/research/fdroid_apps/native_apps/Rumble/app/src/main/java/org/disrupted/rumble/userinterface/adapter/ContactInfoRecyclerAdapter.java;file:/Users/rar9993/repos/research/fdroid_apps/native_apps/Rumble/app/src/main/java/org/disrupted/rumble/userinterface/adapter/ContactInfoRecyclerAdapter.java|class:org.disrupted.rumble.userinterface.adapter.ContactInfoRecyclerAdapter
MemberIgnoringMethod;aDoctor;/Users/rar9993/repos/research/fdroid_apps/native_apps/Rumble/NONE_TRANSFORMED_;/Users/rar9993/repos/research/fdroid_apps/native_apps/Rumble/app/src/main/java/org/disrupted/rumble/userinterface/adapter/ContactInfoRecyclerAdapter.java;file:/Users/rar9993/repos/research/fdroid_apps/native_apps/Rumble/app/src/main/java/org/disrupted/rumble/userinterface/adapter/ContactInfoRecyclerAdapter.java|class:org.disrupted.rumble.userinterface.adapter.ContactInfoRecyclerAdapter
LeakingInnerClass;aDoctor;/Users/rar9993/repos/research/fdroid_apps/native_apps/Rumble/NONE_TRANSFORMED_;/Users/rar9993/repos/research/fdroid_apps/native_apps/Rumble/app/src/main/java/org/disrupted/rumble/userinterface/adapter/GroupRecyclerAdapter.java;file:/Users/rar9993/repos/research/fdroid_apps/native_apps/Rumble/app/src/main/java/org/disrupted/rumble/userinterface/adapter/GroupRecyclerAdapter.java|class:org.disrupted.rumble.userinterface.adapter.GroupRecyclerAdapter
MemberIgnoringMethod;aDoctor;/Users/rar9993/repos/research/fdroid_apps/native_apps/Rumble/NONE_TRANSFORMED_;/Users/rar9993/repos/research/fdroid_apps/native_apps/Rumble/app/src/main/java/org/disrupted/rumble/userinterface/adapter/GroupRecyclerAdapter.java;file:/Users/rar9993/repos/research/fdroid_apps/native_apps/Rumble/app/src/main/java/org/disrupted/rumble/userinterface/adapter/GroupRecyclerAdapter.java|class:org.disrupted.rumble.userinterface.adapter.GroupRecyclerAdapter
SlowForLoop;aDoctor;/Users/rar9993/repos/research/fdroid_apps/native_apps/Rumble/NONE_TRANSFORMED_;/Users/rar9993/repos/research/fdroid_apps/native_apps/Rumble/app/src/main/java/org/disrupted/rumble/userinterface/adapter/GroupRecyclerAdapter.java;file:/Users/rar9993/repos/research/fdroid_apps/native_apps/Rumble/app/src/main/java/org/disrupted/rumble/userinterface/adapter/GroupRecyclerAdapter.java|class:org.disrupted.rumble.userinterface.adapter.GroupRecyclerAdapter
MemberIgnoringMethod;aDoctor;/Users/rar9993/repos/research/fdroid_apps/native_apps/Rumble/NONE_TRANSFORMED_;/Users/rar9993/repos/research/fdroid_apps/native_apps/Rumble/app/src/main/java/org/disrupted/rumble/userinterface/adapter/HomePagerAdapter.java;file:/Users/rar9993/repos/research/fdroid_apps/native_apps/Rumble/app/src/main/java/org/disrupted/rumble/userinterface/adapter/HomePagerAdapter.java|class:org.disrupted.rumble.userinterface.adapter.HomePagerAdapter
LeakingInnerClass;aDoctor;/Users/rar9993/repos/research/fdroid_apps/native_apps/Rumble/NONE_TRANSFORMED_;/Users/rar9993/repos/research/fdroid_apps/native_apps/Rumble/app/src/main/java/org/disrupted/rumble/userinterface/adapter/HashtagRecyclerAdapter.java;file:/Users/rar9993/repos/research/fdroid_apps/native_apps/Rumble/app/src/main/java/org/disrupted/rumble/userinterface/adapter/HashtagRecyclerAdapter.java|class:org.disrupted.rumble.userinterface.adapter.HashtagRecyclerAdapter
MemberIgnoringMethod;aDoctor;/Users/rar9993/repos/research/fdroid_apps/native_apps/Rumble/NONE_TRANSFORMED_;/Users/rar9993/repos/research/fdroid_apps/native_apps/Rumble/app/src/main/java/org/disrupted/rumble/userinterface/adapter/HashtagRecyclerAdapter.java;file:/Users/rar9993/repos/research/fdroid_apps/native_apps/Rumble/app/src/main/java/org/disrupted/rumble/userinterface/adapter/HashtagRecyclerAdapter.java|class:org.disrupted.rumble.userinterface.adapter.HashtagRecyclerAdapter
MemberIgnoringMethod;aDoctor;/Users/rar9993/repos/research/fdroid_apps/native_apps/Rumble/NONE_TRANSFORMED_;/Users/rar9993/repos/research/fdroid_apps/native_apps/Rumble/app/src/main/java/org/disrupted/rumble/userinterface/adapter/NeighborhoodListAdapter.java;file:/Users/rar9993/repos/research/fdroid_apps/native_apps/Rumble/app/src/main/java/org/disrupted/rumble/userinterface/adapter/NeighborhoodListAdapter.java|class:org.disrupted.rumble.userinterface.adapter.NeighborhoodListAdapter
LeakingInnerClass;aDoctor;/Users/rar9993/repos/research/fdroid_apps/native_apps/Rumble/NONE_TRANSFORMED_;/Users/rar9993/repos/research/fdroid_apps/native_apps/Rumble/app/src/main/java/org/disrupted/rumble/userinterface/adapter/ContactRecyclerAdapter.java;file:/Users/rar9993/repos/research/fdroid_apps/native_apps/Rumble/app/src/main/java/org/disrupted/rumble/userinterface/adapter/ContactRecyclerAdapter.java|class:org.disrupted.rumble.userinterface.adapter.ContactRecyclerAdapter
MemberIgnoringMethod;aDoctor;/Users/rar9993/repos/research/fdroid_apps/native_apps/Rumble/NONE_TRANSFORMED_;/Users/rar9993/repos/research/fdroid_apps/native_apps/Rumble/app/src/main/java/org/disrupted/rumble/userinterface/adapter/ContactRecyclerAdapter.java;file:/Users/rar9993/repos/research/fdroid_apps/native_apps/Rumble/app/src/main/java/org/disrupted/rumble/userinterface/adapter/ContactRecyclerAdapter.java|class:org.disrupted.rumble.userinterface.adapter.ContactRecyclerAdapter
MemberIgnoringMethod;aDoctor;/Users/rar9993/repos/research/fdroid_apps/native_apps/Rumble/NONE_TRANSFORMED_;/Users/rar9993/repos/research/fdroid_apps/native_apps/Rumble/app/src/main/java/org/disrupted/rumble/userinterface/adapter/ContactDetailPagerAdapter.java;file:/Users/rar9993/repos/research/fdroid_apps/native_apps/Rumble/app/src/main/java/org/disrupted/rumble/userinterface/adapter/ContactDetailPagerAdapter.java|class:org.disrupted.rumble.userinterface.adapter.ContactDetailPagerAdapter
LeakingInnerClass;aDoctor;/Users/rar9993/repos/research/fdroid_apps/native_apps/Rumble/NONE_TRANSFORMED_;/Users/rar9993/repos/research/fdroid_apps/native_apps/Rumble/app/src/main/java/org/disrupted/rumble/userinterface/views/MultiStateButton.java;file:/Users/rar9993/repos/research/fdroid_apps/native_apps/Rumble/app/src/main/java/org/disrupted/rumble/userinterface/views/MultiStateButton.java|class:org.disrupted.rumble.userinterface.views.MultiStateButton
MemberIgnoringMethod;aDoctor;/Users/rar9993/repos/research/fdroid_apps/native_apps/Rumble/NONE_TRANSFORMED_;/Users/rar9993/repos/research/fdroid_apps/native_apps/Rumble/app/src/main/java/org/disrupted/rumble/userinterface/views/MultiStateButton.java;file:/Users/rar9993/repos/research/fdroid_apps/native_apps/Rumble/app/src/main/java/org/disrupted/rumble/userinterface/views/MultiStateButton.java|class:org.disrupted.rumble.userinterface.views.MultiStateButton
AvoidInstantiatingObjectsInLoops;PMD;/Users/rar9993/repos/research/fdroid_apps/native_apps/Rumble/NONE_TRANSFORMED_;/Users/rar9993/repos/research/fdroid_apps/native_apps/Rumble/app/src/main/java/org/disrupted/rumble/database/CacheManager.java;file:/Users/rar9993/repos/research/fdroid_apps/native_apps/Rumble/app/src/main/java/org/disrupted/rumble/database/CacheManager.java|line:423
AvoidFileStream;PMD;/Users/rar9993/repos/research/fdroid_apps/native_apps/Rumble/NONE_TRANSFORMED_;/Users/rar9993/repos/research/fdroid_apps/native_apps/Rumble/app/src/main/java/org/disrupted/rumble/database/CacheManager.java;file:/Users/rar9993/repos/research/fdroid_apps/native_apps/Rumble/app/src/main/java/org/disrupted/rumble/database/CacheManager.java|line:552
InefficientStringBuffering;PMD;/Users/rar9993/repos/research/fdroid_apps/native_apps/Rumble/NONE_TRANSFORMED_;/Users/rar9993/repos/research/fdroid_apps/native_apps/Rumble/app/src/main/java/org/disrupted/rumble/database/ChatMessageDatabase.java;file:/Users/rar9993/repos/research/fdroid_apps/native_apps/Rumble/app/src/main/java/org/disrupted/rumble/database/ChatMessageDatabase.java|line:131
ConsecutiveAppendsShouldReuse;PMD;/Users/rar9993/repos/research/fdroid_apps/native_apps/Rumble/NONE_TRANSFORMED_;/Users/rar9993/repos/research/fdroid_apps/native_apps/Rumble/app/src/main/java/org/disrupted/rumble/database/ChatMessageDatabase.java;file:/Users/rar9993/repos/research/fdroid_apps/native_apps/Rumble/app/src/main/java/org/disrupted/rumble/database/ChatMessageDatabase.java|line:159
OptimizableToArrayCall;PMD;/Users/rar9993/repos/research/fdroid_apps/native_apps/Rumble/NONE_TRANSFORMED_;/Users/rar9993/repos/research/fdroid_apps/native_apps/Rumble/app/src/main/java/org/disrupted/rumble/database/ChatMessageDatabase.java;file:/Users/rar9993/repos/research/fdroid_apps/native_apps/Rumble/app/src/main/java/org/disrupted/rumble/database/ChatMessageDatabase.java|line:180
InefficientStringBuffering;PMD;/Users/rar9993/repos/research/fdroid_apps/native_apps/Rumble/NONE_TRANSFORMED_;/Users/rar9993/repos/research/fdroid_apps/native_apps/Rumble/app/src/main/java/org/disrupted/rumble/database/ContactDatabase.java;file:/Users/rar9993/repos/research/fdroid_apps/native_apps/Rumble/app/src/main/java/org/disrupted/rumble/database/ContactDatabase.java|line:159
InefficientStringBuffering;PMD;/Users/rar9993/repos/research/fdroid_apps/native_apps/Rumble/NONE_TRANSFORMED_;/Users/rar9993/repos/research/fdroid_apps/native_apps/Rumble/app/src/main/java/org/disrupted/rumble/database/ContactDatabase.java;file:/Users/rar9993/repos/research/fdroid_apps/native_apps/Rumble/app/src/main/java/org/disrupted/rumble/database/ContactDatabase.java|line:170
InefficientStringBuffering;PMD;/Users/rar9993/repos/research/fdroid_apps/native_apps/Rumble/NONE_TRANSFORMED_;/Users/rar9993/repos/research/fdroid_apps/native_apps/Rumble/app/src/main/java/org/disrupted/rumble/database/ContactDatabase.java;file:/Users/rar9993/repos/research/fdroid_apps/native_apps/Rumble/app/src/main/java/org/disrupted/rumble/database/ContactDatabase.java|line:185
ConsecutiveAppendsShouldReuse;PMD;/Users/rar9993/repos/research/fdroid_apps/native_apps/Rumble/NONE_TRANSFORMED_;/Users/rar9993/repos/research/fdroid_apps/native_apps/Rumble/app/src/main/java/org/disrupted/rumble/database/ContactDatabase.java;file:/Users/rar9993/repos/research/fdroid_apps/native_apps/Rumble/app/src/main/java/org/disrupted/rumble/database/ContactDatabase.java|line:194
ConsecutiveAppendsShouldReuse;PMD;/Users/rar9993/repos/research/fdroid_apps/native_apps/Rumble/NONE_TRANSFORMED_;/Users/rar9993/repos/research/fdroid_apps/native_apps/Rumble/app/src/main/java/org/disrupted/rumble/database/ContactDatabase.java;file:/Users/rar9993/repos/research/fdroid_apps/native_apps/Rumble/app/src/main/java/org/disrupted/rumble/database/ContactDatabase.java|line:203
ConsecutiveAppendsShouldReuse;PMD;/Users/rar9993/repos/research/fdroid_apps/native_apps/Rumble/NONE_TRANSFORMED_;/Users/rar9993/repos/research/fdroid_apps/native_apps/Rumble/app/src/main/java/org/disrupted/rumble/database/ContactDatabase.java;file:/Users/rar9993/repos/research/fdroid_apps/native_apps/Rumble/app/src/main/java/org/disrupted/rumble/database/ContactDatabase.java|line:212
TooFewBranchesForSwitch;PMD;/Users/rar9993/repos/research/fdroid_apps/native_apps/Rumble/NONE_TRANSFORMED_;/Users/rar9993/repos/research/fdroid_apps/native_apps/Rumble/app/src/main/java/org/disrupted/rumble/database/ContactDatabase.java;file:/Users/rar9993/repos/research/fdroid_apps/native_apps/Rumble/app/src/main/java/org/disrupted/rumble/database/ContactDatabase.java|line:225
OptimizableToArrayCall;PMD;/Users/rar9993/repos/research/fdroid_apps/native_apps/Rumble/NONE_TRANSFORMED_;/Users/rar9993/repos/research/fdroid_apps/native_apps/Rumble/app/src/main/java/org/disrupted/rumble/database/ContactDatabase.java;file:/Users/rar9993/repos/research/fdroid_apps/native_apps/Rumble/app/src/main/java/org/disrupted/rumble/database/ContactDatabase.java|line:244
InefficientStringBuffering;PMD;/Users/rar9993/repos/research/fdroid_apps/native_apps/Rumble/NONE_TRANSFORMED_;/Users/rar9993/repos/research/fdroid_apps/native_apps/Rumble/app/src/main/java/org/disrupted/rumble/database/ContactDatabase.java;file:/Users/rar9993/repos/research/fdroid_apps/native_apps/Rumble/app/src/main/java/org/disrupted/rumble/database/ContactDatabase.java|line:364
InefficientStringBuffering;PMD;/Users/rar9993/repos/research/fdroid_apps/native_apps/Rumble/NONE_TRANSFORMED_;/Users/rar9993/repos/research/fdroid_apps/native_apps/Rumble/app/src/main/java/org/disrupted/rumble/database/ContactDatabase.java;file:/Users/rar9993/repos/research/fdroid_apps/native_apps/Rumble/app/src/main/java/org/disrupted/rumble/database/ContactDatabase.java|line:390
InefficientStringBuffering;PMD;/Users/rar9993/repos/research/fdroid_apps/native_apps/Rumble/NONE_TRANSFORMED_;/Users/rar9993/repos/research/fdroid_apps/native_apps/Rumble/app/src/main/java/org/disrupted/rumble/database/ContactDatabase.java;file:/Users/rar9993/repos/research/fdroid_apps/native_apps/Rumble/app/src/main/java/org/disrupted/rumble/database/ContactDatabase.java|line:414
AddEmptyString;PMD;/Users/rar9993/repos/research/fdroid_apps/native_apps/Rumble/NONE_TRANSFORMED_;/Users/rar9993/repos/research/fdroid_apps/native_apps/Rumble/app/src/main/java/org/disrupted/rumble/database/ContactInterfaceDatabase.java;file:/Users/rar9993/repos/research/fdroid_apps/native_apps/Rumble/app/src/main/java/org/disrupted/rumble/database/ContactInterfaceDatabase.java|line:73
InefficientStringBuffering;PMD;/Users/rar9993/repos/research/fdroid_apps/native_apps/Rumble/NONE_TRANSFORMED_;/Users/rar9993/repos/research/fdroid_apps/native_apps/Rumble/app/src/main/java/org/disrupted/rumble/database/PushStatusDatabase.java;file:/Users/rar9993/repos/research/fdroid_apps/native_apps/Rumble/app/src/main/java/org/disrupted/rumble/database/PushStatusDatabase.java|line:203
InefficientStringBuffering;PMD;/Users/rar9993/repos/research/fdroid_apps/native_apps/Rumble/NONE_TRANSFORMED_;/Users/rar9993/repos/research/fdroid_apps/native_apps/Rumble/app/src/main/java/org/disrupted/rumble/database/PushStatusDatabase.java;file:/Users/rar9993/repos/research/fdroid_apps/native_apps/Rumble/app/src/main/java/org/disrupted/rumble/database/PushStatusDatabase.java|line:214
InefficientStringBuffering;PMD;/Users/rar9993/repos/research/fdroid_apps/native_apps/Rumble/NONE_TRANSFORMED_;/Users/rar9993/repos/research/fdroid_apps/native_apps/Rumble/app/src/main/java/org/disrupted/rumble/database/PushStatusDatabase.java;file:/Users/rar9993/repos/research/fdroid_apps/native_apps/Rumble/app/src/main/java/org/disrupted/rumble/database/PushStatusDatabase.java|line:223
InefficientStringBuffering;PMD;/Users/rar9993/repos/research/fdroid_apps/native_apps/Rumble/NONE_TRANSFORMED_;/Users/rar9993/repos/research/fdroid_apps/native_apps/Rumble/app/src/main/java/org/disrupted/rumble/database/PushStatusDatabase.java;file:/Users/rar9993/repos/research/fdroid_apps/native_apps/Rumble/app/src/main/java/org/disrupted/rumble/database/PushStatusDatabase.java|line:230
InefficientStringBuffering;PMD;/Users/rar9993/repos/research/fdroid_apps/native_apps/Rumble/NONE_TRANSFORMED_;/Users/rar9993/repos/research/fdroid_apps/native_apps/Rumble/app/src/main/java/org/disrupted/rumble/database/PushStatusDatabase.java;file:/Users/rar9993/repos/research/fdroid_apps/native_apps/Rumble/app/src/main/java/org/disrupted/rumble/database/PushStatusDatabase.java|line:241
InefficientStringBuffering;PMD;/Users/rar9993/repos/research/fdroid_apps/native_apps/Rumble/NONE_TRANSFORMED_;/Users/rar9993/repos/research/fdroid_apps/native_apps/Rumble/app/src/main/java/org/disrupted/rumble/database/PushStatusDatabase.java;file:/Users/rar9993/repos/research/fdroid_apps/native_apps/Rumble/app/src/main/java/org/disrupted/rumble/database/PushStatusDatabase.java|line:256
InefficientStringBuffering;PMD;/Users/rar9993/repos/research/fdroid_apps/native_apps/Rumble/NONE_TRANSFORMED_;/Users/rar9993/repos/research/fdroid_apps/native_apps/Rumble/app/src/main/java/org/disrupted/rumble/database/PushStatusDatabase.java;file:/Users/rar9993/repos/research/fdroid_apps/native_apps/Rumble/app/src/main/java/org/disrupted/rumble/database/PushStatusDatabase.java|line:265
InefficientStringBuffering;PMD;/Users/rar9993/repos/research/fdroid_apps/native_apps/Rumble/NONE_TRANSFORMED_;/Users/rar9993/repos/research/fdroid_apps/native_apps/Rumble/app/src/main/java/org/disrupted/rumble/database/PushStatusDatabase.java;file:/Users/rar9993/repos/research/fdroid_apps/native_apps/Rumble/app/src/main/java/org/disrupted/rumble/database/PushStatusDatabase.java|line:281
ConsecutiveAppendsShouldReuse;PMD;/Users/rar9993/repos/research/fdroid_apps/native_apps/Rumble/NONE_TRANSFORMED_;/Users/rar9993/repos/research/fdroid_apps/native_apps/Rumble/app/src/main/java/org/disrupted/rumble/database/PushStatusDatabase.java;file:/Users/rar9993/repos/research/fdroid_apps/native_apps/Rumble/app/src/main/java/org/disrupted/rumble/database/PushStatusDatabase.java|line:330
ConsecutiveAppendsShouldReuse;PMD;/Users/rar9993/repos/research/fdroid_apps/native_apps/Rumble/NONE_TRANSFORMED_;/Users/rar9993/repos/research/fdroid_apps/native_apps/Rumble/app/src/main/java/org/disrupted/rumble/database/PushStatusDatabase.java;file:/Users/rar9993/repos/research/fdroid_apps/native_apps/Rumble/app/src/main/java/org/disrupted/rumble/database/PushStatusDatabase.java|line:338
TooFewBranchesForSwitch;PMD;/Users/rar9993/repos/research/fdroid_apps/native_apps/Rumble/NONE_TRANSFORMED_;/Users/rar9993/repos/research/fdroid_apps/native_apps/Rumble/app/src/main/java/org/disrupted/rumble/database/PushStatusDatabase.java;file:/Users/rar9993/repos/research/fdroid_apps/native_apps/Rumble/app/src/main/java/org/disrupted/rumble/database/PushStatusDatabase.java|line:362
OptimizableToArrayCall;PMD;/Users/rar9993/repos/research/fdroid_apps/native_apps/Rumble/NONE_TRANSFORMED_;/Users/rar9993/repos/research/fdroid_apps/native_apps/Rumble/app/src/main/java/org/disrupted/rumble/database/PushStatusDatabase.java;file:/Users/rar9993/repos/research/fdroid_apps/native_apps/Rumble/app/src/main/java/org/disrupted/rumble/database/PushStatusDatabase.java|line:385
InefficientStringBuffering;PMD;/Users/rar9993/repos/research/fdroid_apps/native_apps/Rumble/NONE_TRANSFORMED_;/Users/rar9993/repos/research/fdroid_apps/native_apps/Rumble/app/src/main/java/org/disrupted/rumble/database/PushStatusDatabase.java;file:/Users/rar9993/repos/research/fdroid_apps/native_apps/Rumble/app/src/main/java/org/disrupted/rumble/database/PushStatusDatabase.java|line:620
AddEmptyString;PMD;/Users/rar9993/repos/research/fdroid_apps/native_apps/Rumble/NONE_TRANSFORMED_;/Users/rar9993/repos/research/fdroid_apps/native_apps/Rumble/app/src/main/java/org/disrupted/rumble/database/StatusContactDatabase.java;file:/Users/rar9993/repos/research/fdroid_apps/native_apps/Rumble/app/src/main/java/org/disrupted/rumble/database/StatusContactDatabase.java|line:59
InefficientEmptyStringCheck;PMD;/Users/rar9993/repos/research/fdroid_apps/native_apps/Rumble/NONE_TRANSFORMED_;/Users/rar9993/repos/research/fdroid_apps/native_apps/Rumble/app/src/main/java/org/disrupted/rumble/database/objects/Contact.java;file:/Users/rar9993/repos/research/fdroid_apps/native_apps/Rumble/app/src/main/java/org/disrupted/rumble/database/objects/Contact.java|line:96
UseStringBufferForStringAppends;PMD;/Users/rar9993/repos/research/fdroid_apps/native_apps/Rumble/NONE_TRANSFORMED_;/Users/rar9993/repos/research/fdroid_apps/native_apps/Rumble/app/src/main/java/org/disrupted/rumble/database/objects/Contact.java;file:/Users/rar9993/repos/research/fdroid_apps/native_apps/Rumble/app/src/main/java/org/disrupted/rumble/database/objects/Contact.java|line:173
UseStringBufferForStringAppends;PMD;/Users/rar9993/repos/research/fdroid_apps/native_apps/Rumble/NONE_TRANSFORMED_;/Users/rar9993/repos/research/fdroid_apps/native_apps/Rumble/app/src/main/java/org/disrupted/rumble/database/objects/Contact.java;file:/Users/rar9993/repos/research/fdroid_apps/native_apps/Rumble/app/src/main/java/org/disrupted/rumble/database/objects/Contact.java|line:176
UseStringBufferForStringAppends;PMD;/Users/rar9993/repos/research/fdroid_apps/native_apps/Rumble/NONE_TRANSFORMED_;/Users/rar9993/repos/research/fdroid_apps/native_apps/Rumble/app/src/main/java/org/disrupted/rumble/database/objects/Contact.java;file:/Users/rar9993/repos/research/fdroid_apps/native_apps/Rumble/app/src/main/java/org/disrupted/rumble/database/objects/Contact.java|line:179
UseStringBufferForStringAppends;PMD;/Users/rar9993/repos/research/fdroid_apps/native_apps/Rumble/NONE_TRANSFORMED_;/Users/rar9993/repos/research/fdroid_apps/native_apps/Rumble/app/src/main/java/org/disrupted/rumble/database/objects/Contact.java;file:/Users/rar9993/repos/research/fdroid_apps/native_apps/Rumble/app/src/main/java/org/disrupted/rumble/database/objects/Contact.java|line:182
UseStringBufferForStringAppends;PMD;/Users/rar9993/repos/research/fdroid_apps/native_apps/Rumble/NONE_TRANSFORMED_;/Users/rar9993/repos/research/fdroid_apps/native_apps/Rumble/app/src/main/java/org/disrupted/rumble/database/objects/Contact.java;file:/Users/rar9993/repos/research/fdroid_apps/native_apps/Rumble/app/src/main/java/org/disrupted/rumble/database/objects/Contact.java|line:185
StringInstantiation;PMD;/Users/rar9993/repos/research/fdroid_apps/native_apps/Rumble/NONE_TRANSFORMED_;/Users/rar9993/repos/research/fdroid_apps/native_apps/Rumble/app/src/main/java/org/disrupted/rumble/database/objects/PushStatus.java;file:/Users/rar9993/repos/research/fdroid_apps/native_apps/Rumble/app/src/main/java/org/disrupted/rumble/database/objects/PushStatus.java|line:202
UseStringBufferForStringAppends;PMD;/Users/rar9993/repos/research/fdroid_apps/native_apps/Rumble/NONE_TRANSFORMED_;/Users/rar9993/repos/research/fdroid_apps/native_apps/Rumble/app/src/main/java/org/disrupted/rumble/database/objects/PushStatus.java;file:/Users/rar9993/repos/research/fdroid_apps/native_apps/Rumble/app/src/main/java/org/disrupted/rumble/database/objects/PushStatus.java|line:203
UseStringBufferForStringAppends;PMD;/Users/rar9993/repos/research/fdroid_apps/native_apps/Rumble/NONE_TRANSFORMED_;/Users/rar9993/repos/research/fdroid_apps/native_apps/Rumble/app/src/main/java/org/disrupted/rumble/database/objects/PushStatus.java;file:/Users/rar9993/repos/research/fdroid_apps/native_apps/Rumble/app/src/main/java/org/disrupted/rumble/database/objects/PushStatus.java|line:204
UseStringBufferForStringAppends;PMD;/Users/rar9993/repos/research/fdroid_apps/native_apps/Rumble/NONE_TRANSFORMED_;/Users/rar9993/repos/research/fdroid_apps/native_apps/Rumble/app/src/main/java/org/disrupted/rumble/database/objects/PushStatus.java;file:/Users/rar9993/repos/research/fdroid_apps/native_apps/Rumble/app/src/main/java/org/disrupted/rumble/database/objects/PushStatus.java|line:205
UseStringBufferForStringAppends;PMD;/Users/rar9993/repos/research/fdroid_apps/native_apps/Rumble/NONE_TRANSFORMED_;/Users/rar9993/repos/research/fdroid_apps/native_apps/Rumble/app/src/main/java/org/disrupted/rumble/database/objects/PushStatus.java;file:/Users/rar9993/repos/research/fdroid_apps/native_apps/Rumble/app/src/main/java/org/disrupted/rumble/database/objects/PushStatus.java|line:206
AvoidInstantiatingObjectsInLoops;PMD;/Users/rar9993/repos/research/fdroid_apps/native_apps/Rumble/NONE_TRANSFORMED_;/Users/rar9993/repos/research/fdroid_apps/native_apps/Rumble/app/src/main/java/org/disrupted/rumble/database/statistics/StatisticDatabase.java;file:/Users/rar9993/repos/research/fdroid_apps/native_apps/Rumble/app/src/main/java/org/disrupted/rumble/database/statistics/StatisticDatabase.java|line:50
AvoidInstantiatingObjectsInLoops;PMD;/Users/rar9993/repos/research/fdroid_apps/native_apps/Rumble/NONE_TRANSFORMED_;/Users/rar9993/repos/research/fdroid_apps/native_apps/Rumble/app/src/main/java/org/disrupted/rumble/network/NeighbourManager.java;file:/Users/rar9993/repos/research/fdroid_apps/native_apps/Rumble/app/src/main/java/org/disrupted/rumble/network/NeighbourManager.java|line:116
AvoidInstantiatingObjectsInLoops;PMD;/Users/rar9993/repos/research/fdroid_apps/native_apps/Rumble/NONE_TRANSFORMED_;/Users/rar9993/repos/research/fdroid_apps/native_apps/Rumble/app/src/main/java/org/disrupted/rumble/network/NeighbourManager.java;file:/Users/rar9993/repos/research/fdroid_apps/native_apps/Rumble/app/src/main/java/org/disrupted/rumble/network/NeighbourManager.java|line:193
AvoidInstantiatingObjectsInLoops;PMD;/Users/rar9993/repos/research/fdroid_apps/native_apps/Rumble/NONE_TRANSFORMED_;/Users/rar9993/repos/research/fdroid_apps/native_apps/Rumble/app/src/main/java/org/disrupted/rumble/network/WorkerPool.java;file:/Users/rar9993/repos/research/fdroid_apps/native_apps/Rumble/app/src/main/java/org/disrupted/rumble/network/WorkerPool.java|line:58
RedundantFieldInitializer;PMD;/Users/rar9993/repos/research/fdroid_apps/native_apps/Rumble/NONE_TRANSFORMED_;/Users/rar9993/repos/research/fdroid_apps/native_apps/Rumble/app/src/main/java/org/disrupted/rumble/network/linklayer/bluetooth/BluetoothLinkLayerAdapter.java;file:/Users/rar9993/repos/research/fdroid_apps/native_apps/Rumble/app/src/main/java/org/disrupted/rumble/network/linklayer/bluetooth/BluetoothLinkLayerAdapter.java|line:51
AvoidInstantiatingObjectsInLoops;PMD;/Users/rar9993/repos/research/fdroid_apps/native_apps/Rumble/NONE_TRANSFORMED_;/Users/rar9993/repos/research/fdroid_apps/native_apps/Rumble/app/src/main/java/org/disrupted/rumble/network/linklayer/bluetooth/BluetoothScanner.java;file:/Users/rar9993/repos/research/fdroid_apps/native_apps/Rumble/app/src/main/java/org/disrupted/rumble/network/linklayer/bluetooth/BluetoothScanner.java|line:385
AvoidInstantiatingObjectsInLoops;PMD;/Users/rar9993/repos/research/fdroid_apps/native_apps/Rumble/NONE_TRANSFORMED_;/Users/rar9993/repos/research/fdroid_apps/native_apps/Rumble/app/src/main/java/org/disrupted/rumble/network/linklayer/bluetooth/BluetoothServer.java;file:/Users/rar9993/repos/research/fdroid_apps/native_apps/Rumble/app/src/main/java/org/disrupted/rumble/network/linklayer/bluetooth/BluetoothServer.java|line:118
AvoidInstantiatingObjectsInLoops;PMD;/Users/rar9993/repos/research/fdroid_apps/native_apps/Rumble/NONE_TRANSFORMED_;/Users/rar9993/repos/research/fdroid_apps/native_apps/Rumble/app/src/main/java/org/disrupted/rumble/network/linklayer/bluetooth/BluetoothServer.java;file:/Users/rar9993/repos/research/fdroid_apps/native_apps/Rumble/app/src/main/java/org/disrupted/rumble/network/linklayer/bluetooth/BluetoothServer.java|line:122
AvoidInstantiatingObjectsInLoops;PMD;/Users/rar9993/repos/research/fdroid_apps/native_apps/Rumble/NONE_TRANSFORMED_;/Users/rar9993/repos/research/fdroid_apps/native_apps/Rumble/app/src/main/java/org/disrupted/rumble/network/linklayer/wifi/TCP/TCPServer.java;file:/Users/rar9993/repos/research/fdroid_apps/native_apps/Rumble/app/src/main/java/org/disrupted/rumble/network/linklayer/wifi/TCP/TCPServer.java|line:106
AvoidInstantiatingObjectsInLoops;PMD;/Users/rar9993/repos/research/fdroid_apps/native_apps/Rumble/NONE_TRANSFORMED_;/Users/rar9993/repos/research/fdroid_apps/native_apps/Rumble/app/src/main/java/org/disrupted/rumble/network/linklayer/wifi/TCP/TCPServer.java;file:/Users/rar9993/repos/research/fdroid_apps/native_apps/Rumble/app/src/main/java/org/disrupted/rumble/network/linklayer/wifi/TCP/TCPServer.java|line:110
AvoidInstantiatingObjectsInLoops;PMD;/Users/rar9993/repos/research/fdroid_apps/native_apps/Rumble/NONE_TRANSFORMED_;/Users/rar9993/repos/research/fdroid_apps/native_apps/Rumble/app/src/main/java/org/disrupted/rumble/network/linklayer/wifi/WifiScanner.java;file:/Users/rar9993/repos/research/fdroid_apps/native_apps/Rumble/app/src/main/java/org/disrupted/rumble/network/linklayer/wifi/WifiScanner.java|line:217
AvoidInstantiatingObjectsInLoops;PMD;/Users/rar9993/repos/research/fdroid_apps/native_apps/Rumble/NONE_TRANSFORMED_;/Users/rar9993/repos/research/fdroid_apps/native_apps/Rumble/app/src/main/java/org/disrupted/rumble/network/linklayer/wifi/WifiScanner.java;file:/Users/rar9993/repos/research/fdroid_apps/native_apps/Rumble/app/src/main/java/org/disrupted/rumble/network/linklayer/wifi/WifiScanner.java|line:226
AvoidInstantiatingObjectsInLoops;PMD;/Users/rar9993/repos/research/fdroid_apps/native_apps/Rumble/NONE_TRANSFORMED_;/Users/rar9993/repos/research/fdroid_apps/native_apps/Rumble/app/src/main/java/org/disrupted/rumble/network/linklayer/wifi/WifiUtil.java;file:/Users/rar9993/repos/research/fdroid_apps/native_apps/Rumble/app/src/main/java/org/disrupted/rumble/network/linklayer/wifi/WifiUtil.java|line:110
AvoidInstantiatingObjectsInLoops;PMD;/Users/rar9993/repos/research/fdroid_apps/native_apps/Rumble/NONE_TRANSFORMED_;/Users/rar9993/repos/research/fdroid_apps/native_apps/Rumble/app/src/main/java/org/disrupted/rumble/network/linklayer/wifi/WifiUtil.java;file:/Users/rar9993/repos/research/fdroid_apps/native_apps/Rumble/app/src/main/java/org/disrupted/rumble/network/linklayer/wifi/WifiUtil.java|line:130
InefficientStringBuffering;PMD;/Users/rar9993/repos/research/fdroid_apps/native_apps/Rumble/NONE_TRANSFORMED_;/Users/rar9993/repos/research/fdroid_apps/native_apps/Rumble/app/src/main/java/org/disrupted/rumble/network/linklayer/wifi/WifiUtil.java;file:/Users/rar9993/repos/research/fdroid_apps/native_apps/Rumble/app/src/main/java/org/disrupted/rumble/network/linklayer/wifi/WifiUtil.java|line:174
RedundantFieldInitializer;PMD;/Users/rar9993/repos/research/fdroid_apps/native_apps/Rumble/NONE_TRANSFORMED_;/Users/rar9993/repos/research/fdroid_apps/native_apps/Rumble/app/src/main/java/org/disrupted/rumble/network/protocols/firechat/FirechatProtocol.java;file:/Users/rar9993/repos/research/fdroid_apps/native_apps/Rumble/app/src/main/java/org/disrupted/rumble/network/protocols/firechat/FirechatProtocol.java|line:52
AvoidInstantiatingObjectsInLoops;PMD;/Users/rar9993/repos/research/fdroid_apps/native_apps/Rumble/NONE_TRANSFORMED_;/Users/rar9993/repos/research/fdroid_apps/native_apps/Rumble/app/src/main/java/org/disrupted/rumble/network/protocols/firechat/workers/FirechatOverBluetooth.java;file:/Users/rar9993/repos/research/fdroid_apps/native_apps/Rumble/app/src/main/java/org/disrupted/rumble/network/protocols/firechat/workers/FirechatOverBluetooth.java|line:195
AvoidInstantiatingObjectsInLoops;PMD;/Users/rar9993/repos/research/fdroid_apps/native_apps/Rumble/NONE_TRANSFORMED_;/Users/rar9993/repos/research/fdroid_apps/native_apps/Rumble/app/src/main/java/org/disrupted/rumble/network/protocols/firechat/workers/FirechatOverBluetooth.java;file:/Users/rar9993/repos/research/fdroid_apps/native_apps/Rumble/app/src/main/java/org/disrupted/rumble/network/protocols/firechat/workers/FirechatOverBluetooth.java|line:209
AvoidInstantiatingObjectsInLoops;PMD;/Users/rar9993/repos/research/fdroid_apps/native_apps/Rumble/NONE_TRANSFORMED_;/Users/rar9993/repos/research/fdroid_apps/native_apps/Rumble/app/src/main/java/org/disrupted/rumble/network/protocols/firechat/workers/FirechatOverBluetooth.java;file:/Users/rar9993/repos/research/fdroid_apps/native_apps/Rumble/app/src/main/java/org/disrupted/rumble/network/protocols/firechat/workers/FirechatOverBluetooth.java|line:210
AvoidInstantiatingObjectsInLoops;PMD;/Users/rar9993/repos/research/fdroid_apps/native_apps/Rumble/NONE_TRANSFORMED_;/Users/rar9993/repos/research/fdroid_apps/native_apps/Rumble/app/src/main/java/org/disrupted/rumble/network/protocols/firechat/workers/FirechatOverBluetooth.java;file:/Users/rar9993/repos/research/fdroid_apps/native_apps/Rumble/app/src/main/java/org/disrupted/rumble/network/protocols/firechat/workers/FirechatOverBluetooth.java|line:222
AvoidFileStream;PMD;/Users/rar9993/repos/research/fdroid_apps/native_apps/Rumble/NONE_TRANSFORMED_;/Users/rar9993/repos/research/fdroid_apps/native_apps/Rumble/app/src/main/java/org/disrupted/rumble/network/protocols/firechat/workers/FirechatOverBluetooth.java;file:/Users/rar9993/repos/research/fdroid_apps/native_apps/Rumble/app/src/main/java/org/disrupted/rumble/network/protocols/firechat/workers/FirechatOverBluetooth.java|line:258
AvoidFileStream;PMD;/Users/rar9993/repos/research/fdroid_apps/native_apps/Rumble/NONE_TRANSFORMED_;/Users/rar9993/repos/research/fdroid_apps/native_apps/Rumble/app/src/main/java/org/disrupted/rumble/network/protocols/firechat/workers/FirechatOverBluetooth.java;file:/Users/rar9993/repos/research/fdroid_apps/native_apps/Rumble/app/src/main/java/org/disrupted/rumble/network/protocols/firechat/workers/FirechatOverBluetooth.java|line:302
AvoidInstantiatingObjectsInLoops;PMD;/Users/rar9993/repos/research/fdroid_apps/native_apps/Rumble/NONE_TRANSFORMED_;/Users/rar9993/repos/research/fdroid_apps/native_apps/Rumble/app/src/main/java/org/disrupted/rumble/network/protocols/firechat/workers/FirechatOverUDPMulticast.java;file:/Users/rar9993/repos/research/fdroid_apps/native_apps/Rumble/app/src/main/java/org/disrupted/rumble/network/protocols/firechat/workers/FirechatOverUDPMulticast.java|line:146
AvoidInstantiatingObjectsInLoops;PMD;/Users/rar9993/repos/research/fdroid_apps/native_apps/Rumble/NONE_TRANSFORMED_;/Users/rar9993/repos/research/fdroid_apps/native_apps/Rumble/app/src/main/java/org/disrupted/rumble/network/protocols/firechat/workers/FirechatOverUDPMulticast.java;file:/Users/rar9993/repos/research/fdroid_apps/native_apps/Rumble/app/src/main/java/org/disrupted/rumble/network/protocols/firechat/workers/FirechatOverUDPMulticast.java|line:147
AvoidInstantiatingObjectsInLoops;PMD;/Users/rar9993/repos/research/fdroid_apps/native_apps/Rumble/NONE_TRANSFORMED_;/Users/rar9993/repos/research/fdroid_apps/native_apps/Rumble/app/src/main/java/org/disrupted/rumble/network/protocols/firechat/workers/FirechatOverUDPMulticast.java;file:/Users/rar9993/repos/research/fdroid_apps/native_apps/Rumble/app/src/main/java/org/disrupted/rumble/network/protocols/firechat/workers/FirechatOverUDPMulticast.java|line:159
TooFewBranchesForSwitch;PMD;/Users/rar9993/repos/research/fdroid_apps/native_apps/Rumble/NONE_TRANSFORMED_;/Users/rar9993/repos/research/fdroid_apps/native_apps/Rumble/app/src/main/java/org/disrupted/rumble/network/protocols/firechat/workers/FirechatOverUDPMulticast.java;file:/Users/rar9993/repos/research/fdroid_apps/native_apps/Rumble/app/src/main/java/org/disrupted/rumble/network/protocols/firechat/workers/FirechatOverUDPMulticast.java|line:177
RedundantFieldInitializer;PMD;/Users/rar9993/repos/research/fdroid_apps/native_apps/Rumble/NONE_TRANSFORMED_;/Users/rar9993/repos/research/fdroid_apps/native_apps/Rumble/app/src/main/java/org/disrupted/rumble/network/protocols/rumble/RumbleProtocol.java;file:/Users/rar9993/repos/research/fdroid_apps/native_apps/Rumble/app/src/main/java/org/disrupted/rumble/network/protocols/rumble/RumbleProtocol.java|line:63
TooFewBranchesForSwitch;PMD;/Users/rar9993/repos/research/fdroid_apps/native_apps/Rumble/NONE_TRANSFORMED_;/Users/rar9993/repos/research/fdroid_apps/native_apps/Rumble/app/src/main/java/org/disrupted/rumble/network/protocols/rumble/RumbleStateMachine.java;file:/Users/rar9993/repos/research/fdroid_apps/native_apps/Rumble/app/src/main/java/org/disrupted/rumble/network/protocols/rumble/RumbleStateMachine.java|line:158
AvoidInstantiatingObjectsInLoops;PMD;/Users/rar9993/repos/research/fdroid_apps/native_apps/Rumble/NONE_TRANSFORMED_;/Users/rar9993/repos/research/fdroid_apps/native_apps/Rumble/app/src/main/java/org/disrupted/rumble/network/protocols/rumble/packetformat/BlockContact.java;file:/Users/rar9993/repos/research/fdroid_apps/native_apps/Rumble/app/src/main/java/org/disrupted/rumble/network/protocols/rumble/packetformat/BlockContact.java|line:182
AvoidInstantiatingObjectsInLoops;PMD;/Users/rar9993/repos/research/fdroid_apps/native_apps/Rumble/NONE_TRANSFORMED_;/Users/rar9993/repos/research/fdroid_apps/native_apps/Rumble/app/src/main/java/org/disrupted/rumble/network/protocols/rumble/packetformat/BlockContact.java;file:/Users/rar9993/repos/research/fdroid_apps/native_apps/Rumble/app/src/main/java/org/disrupted/rumble/network/protocols/rumble/packetformat/BlockContact.java|line:188
AvoidInstantiatingObjectsInLoops;PMD;/Users/rar9993/repos/research/fdroid_apps/native_apps/Rumble/NONE_TRANSFORMED_;/Users/rar9993/repos/research/fdroid_apps/native_apps/Rumble/app/src/main/java/org/disrupted/rumble/network/protocols/rumble/packetformat/BlockContact.java;file:/Users/rar9993/repos/research/fdroid_apps/native_apps/Rumble/app/src/main/java/org/disrupted/rumble/network/protocols/rumble/packetformat/BlockContact.java|line:194
AvoidInstantiatingObjectsInLoops;PMD;/Users/rar9993/repos/research/fdroid_apps/native_apps/Rumble/NONE_TRANSFORMED_;/Users/rar9993/repos/research/fdroid_apps/native_apps/Rumble/app/src/main/java/org/disrupted/rumble/network/protocols/rumble/packetformat/BlockContact.java;file:/Users/rar9993/repos/research/fdroid_apps/native_apps/Rumble/app/src/main/java/org/disrupted/rumble/network/protocols/rumble/packetformat/BlockContact.java|line:223
AvoidInstantiatingObjectsInLoops;PMD;/Users/rar9993/repos/research/fdroid_apps/native_apps/Rumble/NONE_TRANSFORMED_;/Users/rar9993/repos/research/fdroid_apps/native_apps/Rumble/app/src/main/java/org/disrupted/rumble/network/protocols/rumble/packetformat/BlockContact.java;file:/Users/rar9993/repos/research/fdroid_apps/native_apps/Rumble/app/src/main/java/org/disrupted/rumble/network/protocols/rumble/packetformat/BlockContact.java|line:230
AvoidFileStream;PMD;/Users/rar9993/repos/research/fdroid_apps/native_apps/Rumble/NONE_TRANSFORMED_;/Users/rar9993/repos/research/fdroid_apps/native_apps/Rumble/app/src/main/java/org/disrupted/rumble/network/protocols/rumble/packetformat/BlockFile.java;file:/Users/rar9993/repos/research/fdroid_apps/native_apps/Rumble/app/src/main/java/org/disrupted/rumble/network/protocols/rumble/packetformat/BlockFile.java|line:147
AvoidFileStream;PMD;/Users/rar9993/repos/research/fdroid_apps/native_apps/Rumble/NONE_TRANSFORMED_;/Users/rar9993/repos/research/fdroid_apps/native_apps/Rumble/app/src/main/java/org/disrupted/rumble/network/protocols/rumble/packetformat/BlockFile.java;file:/Users/rar9993/repos/research/fdroid_apps/native_apps/Rumble/app/src/main/java/org/disrupted/rumble/network/protocols/rumble/packetformat/BlockFile.java|line:218
AvoidInstantiatingObjectsInLoops;PMD;/Users/rar9993/repos/research/fdroid_apps/native_apps/Rumble/NONE_TRANSFORMED_;/Users/rar9993/repos/research/fdroid_apps/native_apps/Rumble/app/src/main/java/org/disrupted/rumble/network/protocols/rumble/workers/RumbleOverUDPMulticast.java;file:/Users/rar9993/repos/research/fdroid_apps/native_apps/Rumble/app/src/main/java/org/disrupted/rumble/network/protocols/rumble/workers/RumbleOverUDPMulticast.java|line:107
AvoidInstantiatingObjectsInLoops;PMD;/Users/rar9993/repos/research/fdroid_apps/native_apps/Rumble/NONE_TRANSFORMED_;/Users/rar9993/repos/research/fdroid_apps/native_apps/Rumble/app/src/main/java/org/disrupted/rumble/network/protocols/rumble/workers/RumbleOverUDPMulticast.java;file:/Users/rar9993/repos/research/fdroid_apps/native_apps/Rumble/app/src/main/java/org/disrupted/rumble/network/protocols/rumble/workers/RumbleOverUDPMulticast.java|line:108
AvoidInstantiatingObjectsInLoops;PMD;/Users/rar9993/repos/research/fdroid_apps/native_apps/Rumble/NONE_TRANSFORMED_;/Users/rar9993/repos/research/fdroid_apps/native_apps/Rumble/app/src/main/java/org/disrupted/rumble/network/protocols/rumble/workers/RumbleUDPMulticastScanner.java;file:/Users/rar9993/repos/research/fdroid_apps/native_apps/Rumble/app/src/main/java/org/disrupted/rumble/network/protocols/rumble/workers/RumbleUDPMulticastScanner.java|line:213
AvoidInstantiatingObjectsInLoops;PMD;/Users/rar9993/repos/research/fdroid_apps/native_apps/Rumble/NONE_TRANSFORMED_;/Users/rar9993/repos/research/fdroid_apps/native_apps/Rumble/app/src/main/java/org/disrupted/rumble/network/protocols/rumble/workers/RumbleUDPMulticastScanner.java;file:/Users/rar9993/repos/research/fdroid_apps/native_apps/Rumble/app/src/main/java/org/disrupted/rumble/network/protocols/rumble/workers/RumbleUDPMulticastScanner.java|line:214
AvoidInstantiatingObjectsInLoops;PMD;/Users/rar9993/repos/research/fdroid_apps/native_apps/Rumble/NONE_TRANSFORMED_;/Users/rar9993/repos/research/fdroid_apps/native_apps/Rumble/app/src/main/java/org/disrupted/rumble/network/protocols/rumble/workers/RumbleUDPMulticastScanner.java;file:/Users/rar9993/repos/research/fdroid_apps/native_apps/Rumble/app/src/main/java/org/disrupted/rumble/network/protocols/rumble/workers/RumbleUDPMulticastScanner.java|line:233
AvoidInstantiatingObjectsInLoops;PMD;/Users/rar9993/repos/research/fdroid_apps/native_apps/Rumble/NONE_TRANSFORMED_;/Users/rar9993/repos/research/fdroid_apps/native_apps/Rumble/app/src/main/java/org/disrupted/rumble/network/protocols/rumble/workers/RumbleUDPMulticastScanner.java;file:/Users/rar9993/repos/research/fdroid_apps/native_apps/Rumble/app/src/main/java/org/disrupted/rumble/network/protocols/rumble/workers/RumbleUDPMulticastScanner.java|line:235
AvoidInstantiatingObjectsInLoops;PMD;/Users/rar9993/repos/research/fdroid_apps/native_apps/Rumble/NONE_TRANSFORMED_;/Users/rar9993/repos/research/fdroid_apps/native_apps/Rumble/app/src/main/java/org/disrupted/rumble/network/protocols/rumble/workers/RumbleUDPMulticastScanner.java;file:/Users/rar9993/repos/research/fdroid_apps/native_apps/Rumble/app/src/main/java/org/disrupted/rumble/network/protocols/rumble/workers/RumbleUDPMulticastScanner.java|line:247
AvoidInstantiatingObjectsInLoops;PMD;/Users/rar9993/repos/research/fdroid_apps/native_apps/Rumble/NONE_TRANSFORMED_;/Users/rar9993/repos/research/fdroid_apps/native_apps/Rumble/app/src/main/java/org/disrupted/rumble/network/protocols/rumble/workers/RumbleUDPMulticastScanner.java;file:/Users/rar9993/repos/research/fdroid_apps/native_apps/Rumble/app/src/main/java/org/disrupted/rumble/network/protocols/rumble/workers/RumbleUDPMulticastScanner.java|line:249
AvoidInstantiatingObjectsInLoops;PMD;/Users/rar9993/repos/research/fdroid_apps/native_apps/Rumble/NONE_TRANSFORMED_;/Users/rar9993/repos/research/fdroid_apps/native_apps/Rumble/app/src/main/java/org/disrupted/rumble/network/protocols/rumble/workers/RumbleUDPMulticastScanner.java;file:/Users/rar9993/repos/research/fdroid_apps/native_apps/Rumble/app/src/main/java/org/disrupted/rumble/network/protocols/rumble/workers/RumbleUDPMulticastScanner.java|line:257
AvoidInstantiatingObjectsInLoops;PMD;/Users/rar9993/repos/research/fdroid_apps/native_apps/Rumble/NONE_TRANSFORMED_;/Users/rar9993/repos/research/fdroid_apps/native_apps/Rumble/app/src/main/java/org/disrupted/rumble/network/services/push/PushService.java;file:/Users/rar9993/repos/research/fdroid_apps/native_apps/Rumble/app/src/main/java/org/disrupted/rumble/network/services/push/PushService.java|line:281
TooFewBranchesForSwitch;PMD;/Users/rar9993/repos/research/fdroid_apps/native_apps/Rumble/NONE_TRANSFORMED_;/Users/rar9993/repos/research/fdroid_apps/native_apps/Rumble/app/src/main/java/org/disrupted/rumble/userinterface/activity/DisplayStatusActivity.java;file:/Users/rar9993/repos/research/fdroid_apps/native_apps/Rumble/app/src/main/java/org/disrupted/rumble/userinterface/activity/DisplayStatusActivity.java|line:76
TooFewBranchesForSwitch;PMD;/Users/rar9993/repos/research/fdroid_apps/native_apps/Rumble/NONE_TRANSFORMED_;/Users/rar9993/repos/research/fdroid_apps/native_apps/Rumble/app/src/main/java/org/disrupted/rumble/userinterface/activity/GroupListActivity.java;file:/Users/rar9993/repos/research/fdroid_apps/native_apps/Rumble/app/src/main/java/org/disrupted/rumble/userinterface/activity/GroupListActivity.java|line:88
TooFewBranchesForSwitch;PMD;/Users/rar9993/repos/research/fdroid_apps/native_apps/Rumble/NONE_TRANSFORMED_;/Users/rar9993/repos/research/fdroid_apps/native_apps/Rumble/app/src/main/java/org/disrupted/rumble/userinterface/activity/HomeActivity.java;file:/Users/rar9993/repos/research/fdroid_apps/native_apps/Rumble/app/src/main/java/org/disrupted/rumble/userinterface/activity/HomeActivity.java|line:163
RedundantFieldInitializer;PMD;/Users/rar9993/repos/research/fdroid_apps/native_apps/Rumble/NONE_TRANSFORMED_;/Users/rar9993/repos/research/fdroid_apps/native_apps/Rumble/app/src/main/java/org/disrupted/rumble/userinterface/activity/PopupComposeStatus.java;file:/Users/rar9993/repos/research/fdroid_apps/native_apps/Rumble/app/src/main/java/org/disrupted/rumble/userinterface/activity/PopupComposeStatus.java|line:92
RedundantFieldInitializer;PMD;/Users/rar9993/repos/research/fdroid_apps/native_apps/Rumble/NONE_TRANSFORMED_;/Users/rar9993/repos/research/fdroid_apps/native_apps/Rumble/app/src/main/java/org/disrupted/rumble/userinterface/activity/PopupComposeStatus.java;file:/Users/rar9993/repos/research/fdroid_apps/native_apps/Rumble/app/src/main/java/org/disrupted/rumble/userinterface/activity/PopupComposeStatus.java|line:93
TooFewBranchesForSwitch;PMD;/Users/rar9993/repos/research/fdroid_apps/native_apps/Rumble/NONE_TRANSFORMED_;/Users/rar9993/repos/research/fdroid_apps/native_apps/Rumble/app/src/main/java/org/disrupted/rumble/userinterface/activity/PopupComposeStatus.java;file:/Users/rar9993/repos/research/fdroid_apps/native_apps/Rumble/app/src/main/java/org/disrupted/rumble/userinterface/activity/PopupComposeStatus.java|line:263
AvoidFileStream;PMD;/Users/rar9993/repos/research/fdroid_apps/native_apps/Rumble/NONE_TRANSFORMED_;/Users/rar9993/repos/research/fdroid_apps/native_apps/Rumble/app/src/main/java/org/disrupted/rumble/userinterface/activity/PopupComposeStatus.java;file:/Users/rar9993/repos/research/fdroid_apps/native_apps/Rumble/app/src/main/java/org/disrupted/rumble/userinterface/activity/PopupComposeStatus.java|line:306
UseStringBufferForStringAppends;PMD;/Users/rar9993/repos/research/fdroid_apps/native_apps/Rumble/NONE_TRANSFORMED_;/Users/rar9993/repos/research/fdroid_apps/native_apps/Rumble/app/src/main/java/org/disrupted/rumble/userinterface/activity/RoutingActivity.java;file:/Users/rar9993/repos/research/fdroid_apps/native_apps/Rumble/app/src/main/java/org/disrupted/rumble/userinterface/activity/RoutingActivity.java|line:89
OptimizableToArrayCall;PMD;/Users/rar9993/repos/research/fdroid_apps/native_apps/Rumble/NONE_TRANSFORMED_;/Users/rar9993/repos/research/fdroid_apps/native_apps/Rumble/app/src/main/java/org/disrupted/rumble/userinterface/activity/RoutingActivity.java;file:/Users/rar9993/repos/research/fdroid_apps/native_apps/Rumble/app/src/main/java/org/disrupted/rumble/userinterface/activity/RoutingActivity.java|line:97
OptimizableToArrayCall;PMD;/Users/rar9993/repos/research/fdroid_apps/native_apps/Rumble/NONE_TRANSFORMED_;/Users/rar9993/repos/research/fdroid_apps/native_apps/Rumble/app/src/main/java/org/disrupted/rumble/userinterface/activity/RoutingActivity.java;file:/Users/rar9993/repos/research/fdroid_apps/native_apps/Rumble/app/src/main/java/org/disrupted/rumble/userinterface/activity/RoutingActivity.java|line:104
TooFewBranchesForSwitch;PMD;/Users/rar9993/repos/research/fdroid_apps/native_apps/Rumble/NONE_TRANSFORMED_;/Users/rar9993/repos/research/fdroid_apps/native_apps/Rumble/app/src/main/java/org/disrupted/rumble/userinterface/activity/RoutingActivity.java;file:/Users/rar9993/repos/research/fdroid_apps/native_apps/Rumble/app/src/main/java/org/disrupted/rumble/userinterface/activity/RoutingActivity.java|line:137
UseStringBufferForStringAppends;PMD;/Users/rar9993/repos/research/fdroid_apps/native_apps/Rumble/NONE_TRANSFORMED_;/Users/rar9993/repos/research/fdroid_apps/native_apps/Rumble/app/src/main/java/org/disrupted/rumble/userinterface/adapter/ChatMessageRecyclerAdapter.java;file:/Users/rar9993/repos/research/fdroid_apps/native_apps/Rumble/app/src/main/java/org/disrupted/rumble/userinterface/adapter/ChatMessageRecyclerAdapter.java|line:158
AddEmptyString;PMD;/Users/rar9993/repos/research/fdroid_apps/native_apps/Rumble/NONE_TRANSFORMED_;/Users/rar9993/repos/research/fdroid_apps/native_apps/Rumble/app/src/main/java/org/disrupted/rumble/userinterface/adapter/ChatMessageRecyclerAdapter.java;file:/Users/rar9993/repos/research/fdroid_apps/native_apps/Rumble/app/src/main/java/org/disrupted/rumble/userinterface/adapter/ChatMessageRecyclerAdapter.java|line:158
UseStringBufferForStringAppends;PMD;/Users/rar9993/repos/research/fdroid_apps/native_apps/Rumble/NONE_TRANSFORMED_;/Users/rar9993/repos/research/fdroid_apps/native_apps/Rumble/app/src/main/java/org/disrupted/rumble/userinterface/adapter/ChatMessageRecyclerAdapter.java;file:/Users/rar9993/repos/research/fdroid_apps/native_apps/Rumble/app/src/main/java/org/disrupted/rumble/userinterface/adapter/ChatMessageRecyclerAdapter.java|line:160
AddEmptyString;PMD;/Users/rar9993/repos/research/fdroid_apps/native_apps/Rumble/NONE_TRANSFORMED_;/Users/rar9993/repos/research/fdroid_apps/native_apps/Rumble/app/src/main/java/org/disrupted/rumble/userinterface/adapter/ChatMessageRecyclerAdapter.java;file:/Users/rar9993/repos/research/fdroid_apps/native_apps/Rumble/app/src/main/java/org/disrupted/rumble/userinterface/adapter/ChatMessageRecyclerAdapter.java|line:160
AddEmptyString;PMD;/Users/rar9993/repos/research/fdroid_apps/native_apps/Rumble/NONE_TRANSFORMED_;/Users/rar9993/repos/research/fdroid_apps/native_apps/Rumble/app/src/main/java/org/disrupted/rumble/userinterface/adapter/GroupRecyclerAdapter.java;file:/Users/rar9993/repos/research/fdroid_apps/native_apps/Rumble/app/src/main/java/org/disrupted/rumble/userinterface/adapter/GroupRecyclerAdapter.java|line:94
AvoidInstantiatingObjectsInLoops;PMD;/Users/rar9993/repos/research/fdroid_apps/native_apps/Rumble/NONE_TRANSFORMED_;/Users/rar9993/repos/research/fdroid_apps/native_apps/Rumble/app/src/main/java/org/disrupted/rumble/userinterface/adapter/StatusRecyclerAdapter.java;file:/Users/rar9993/repos/research/fdroid_apps/native_apps/Rumble/app/src/main/java/org/disrupted/rumble/userinterface/adapter/StatusRecyclerAdapter.java|line:150
RedundantFieldInitializer;PMD;/Users/rar9993/repos/research/fdroid_apps/native_apps/Rumble/NONE_TRANSFORMED_;/Users/rar9993/repos/research/fdroid_apps/native_apps/Rumble/app/src/main/java/org/disrupted/rumble/userinterface/fragments/FragmentContactInfo.java;file:/Users/rar9993/repos/research/fdroid_apps/native_apps/Rumble/app/src/main/java/org/disrupted/rumble/userinterface/fragments/FragmentContactInfo.java|line:53
UseStringBufferForStringAppends;PMD;/Users/rar9993/repos/research/fdroid_apps/native_apps/Rumble/NONE_TRANSFORMED_;/Users/rar9993/repos/research/fdroid_apps/native_apps/Rumble/app/src/main/java/org/disrupted/rumble/userinterface/fragments/FragmentContactInfo.java;file:/Users/rar9993/repos/research/fdroid_apps/native_apps/Rumble/app/src/main/java/org/disrupted/rumble/userinterface/fragments/FragmentContactInfo.java|line:94
UseStringBufferForStringAppends;PMD;/Users/rar9993/repos/research/fdroid_apps/native_apps/Rumble/NONE_TRANSFORMED_;/Users/rar9993/repos/research/fdroid_apps/native_apps/Rumble/app/src/main/java/org/disrupted/rumble/userinterface/fragments/FragmentContactInfo.java;file:/Users/rar9993/repos/research/fdroid_apps/native_apps/Rumble/app/src/main/java/org/disrupted/rumble/userinterface/fragments/FragmentContactInfo.java|line:95
AddEmptyString;PMD;/Users/rar9993/repos/research/fdroid_apps/native_apps/Rumble/NONE_TRANSFORMED_;/Users/rar9993/repos/research/fdroid_apps/native_apps/Rumble/app/src/main/java/org/disrupted/rumble/userinterface/fragments/FragmentContactInfo.java;file:/Users/rar9993/repos/research/fdroid_apps/native_apps/Rumble/app/src/main/java/org/disrupted/rumble/userinterface/fragments/FragmentContactInfo.java|line:120
AddEmptyString;PMD;/Users/rar9993/repos/research/fdroid_apps/native_apps/Rumble/NONE_TRANSFORMED_;/Users/rar9993/repos/research/fdroid_apps/native_apps/Rumble/app/src/main/java/org/disrupted/rumble/userinterface/fragments/FragmentContactInfo.java;file:/Users/rar9993/repos/research/fdroid_apps/native_apps/Rumble/app/src/main/java/org/disrupted/rumble/userinterface/fragments/FragmentContactInfo.java|line:124
RedundantFieldInitializer;PMD;/Users/rar9993/repos/research/fdroid_apps/native_apps/Rumble/NONE_TRANSFORMED_;/Users/rar9993/repos/research/fdroid_apps/native_apps/Rumble/app/src/main/java/org/disrupted/rumble/userinterface/fragments/FragmentContactList.java;file:/Users/rar9993/repos/research/fdroid_apps/native_apps/Rumble/app/src/main/java/org/disrupted/rumble/userinterface/fragments/FragmentContactList.java|line:54
RedundantFieldInitializer;PMD;/Users/rar9993/repos/research/fdroid_apps/native_apps/Rumble/NONE_TRANSFORMED_;/Users/rar9993/repos/research/fdroid_apps/native_apps/Rumble/app/src/main/java/org/disrupted/rumble/userinterface/fragments/FragmentNetworkDrawer.java;file:/Users/rar9993/repos/research/fdroid_apps/native_apps/Rumble/app/src/main/java/org/disrupted/rumble/userinterface/fragments/FragmentNetworkDrawer.java|line:71
RedundantFieldInitializer;PMD;/Users/rar9993/repos/research/fdroid_apps/native_apps/Rumble/NONE_TRANSFORMED_;/Users/rar9993/repos/research/fdroid_apps/native_apps/Rumble/app/src/main/java/org/disrupted/rumble/userinterface/fragments/FragmentStatusList.java;file:/Users/rar9993/repos/research/fdroid_apps/native_apps/Rumble/app/src/main/java/org/disrupted/rumble/userinterface/fragments/FragmentStatusList.java|line:75
RedundantFieldInitializer;PMD;/Users/rar9993/repos/research/fdroid_apps/native_apps/Rumble/NONE_TRANSFORMED_;/Users/rar9993/repos/research/fdroid_apps/native_apps/Rumble/app/src/main/java/org/disrupted/rumble/userinterface/fragments/FragmentStatusList.java;file:/Users/rar9993/repos/research/fdroid_apps/native_apps/Rumble/app/src/main/java/org/disrupted/rumble/userinterface/fragments/FragmentStatusList.java|line:76
RedundantFieldInitializer;PMD;/Users/rar9993/repos/research/fdroid_apps/native_apps/Rumble/NONE_TRANSFORMED_;/Users/rar9993/repos/research/fdroid_apps/native_apps/Rumble/app/src/main/java/org/disrupted/rumble/userinterface/fragments/FragmentStatusList.java;file:/Users/rar9993/repos/research/fdroid_apps/native_apps/Rumble/app/src/main/java/org/disrupted/rumble/userinterface/fragments/FragmentStatusList.java|line:77
RedundantFieldInitializer;PMD;/Users/rar9993/repos/research/fdroid_apps/native_apps/Rumble/NONE_TRANSFORMED_;/Users/rar9993/repos/research/fdroid_apps/native_apps/Rumble/app/src/main/java/org/disrupted/rumble/util/EncryptedInputStream.java;file:/Users/rar9993/repos/research/fdroid_apps/native_apps/Rumble/app/src/main/java/org/disrupted/rumble/util/EncryptedInputStream.java|line:39
RedundantFieldInitializer;PMD;/Users/rar9993/repos/research/fdroid_apps/native_apps/Rumble/NONE_TRANSFORMED_;/Users/rar9993/repos/research/fdroid_apps/native_apps/Rumble/app/src/main/java/org/disrupted/rumble/util/EncryptedInputStream.java;file:/Users/rar9993/repos/research/fdroid_apps/native_apps/Rumble/app/src/main/java/org/disrupted/rumble/util/EncryptedInputStream.java|line:41
RedundantFieldInitializer;PMD;/Users/rar9993/repos/research/fdroid_apps/native_apps/Rumble/NONE_TRANSFORMED_;/Users/rar9993/repos/research/fdroid_apps/native_apps/Rumble/app/src/main/java/org/disrupted/rumble/util/EncryptedInputStream.java;file:/Users/rar9993/repos/research/fdroid_apps/native_apps/Rumble/app/src/main/java/org/disrupted/rumble/util/EncryptedInputStream.java|line:42
RedundantFieldInitializer;PMD;/Users/rar9993/repos/research/fdroid_apps/native_apps/Rumble/NONE_TRANSFORMED_;/Users/rar9993/repos/research/fdroid_apps/native_apps/Rumble/app/src/main/java/org/disrupted/rumble/util/EncryptedInputStream.java;file:/Users/rar9993/repos/research/fdroid_apps/native_apps/Rumble/app/src/main/java/org/disrupted/rumble/util/EncryptedInputStream.java|line:44
AvoidFileStream;PMD;/Users/rar9993/repos/research/fdroid_apps/native_apps/Rumble/NONE_TRANSFORMED_;/Users/rar9993/repos/research/fdroid_apps/native_apps/Rumble/app/src/main/java/org/disrupted/rumble/util/NetUtil.java;file:/Users/rar9993/repos/research/fdroid_apps/native_apps/Rumble/app/src/main/java/org/disrupted/rumble/util/NetUtil.java|line:67
MemberIgnoringMethod;DAAP;/Users/rar9993/repos/research/fdroid_apps/native_apps/Rumble/NONE_TRANSFORMED_;/src/main/java/org/disrupted/rumble/database/statistics/StatisticDatabase.java;file:/src/main/java/org/disrupted/rumble/database/statistics/StatisticDatabase.java
MemberIgnoringMethod;DAAP;/Users/rar9993/repos/research/fdroid_apps/native_apps/Rumble/NONE_TRANSFORMED_;/src/main/java/org/disrupted/rumble/database/statistics/StatInterfaceDatabase.java;file:/src/main/java/org/disrupted/rumble/database/statistics/StatInterfaceDatabase.java
MemberIgnoringMethod;DAAP;/Users/rar9993/repos/research/fdroid_apps/native_apps/Rumble/NONE_TRANSFORMED_;/src/main/java/org/disrupted/rumble/database/HashtagDatabase.java;file:/src/main/java/org/disrupted/rumble/database/HashtagDatabase.java
MemberIgnoringMethod;DAAP;/Users/rar9993/repos/research/fdroid_apps/native_apps/Rumble/NONE_TRANSFORMED_;/src/main/java/org/disrupted/rumble/database/DatabaseExecutor.java;file:/src/main/java/org/disrupted/rumble/database/DatabaseExecutor.java
MemberIgnoringMethod;DAAP;/Users/rar9993/repos/research/fdroid_apps/native_apps/Rumble/NONE_TRANSFORMED_;/src/main/java/org/disrupted/rumble/database/DatabaseFactory.java;file:/src/main/java/org/disrupted/rumble/database/DatabaseFactory.java
MemberIgnoringMethod;DAAP;/Users/rar9993/repos/research/fdroid_apps/native_apps/Rumble/NONE_TRANSFORMED_;/src/main/java/org/disrupted/rumble/database/Database.java;file:/src/main/java/org/disrupted/rumble/database/Database.java
MemberIgnoringMethod;DAAP;/Users/rar9993/repos/research/fdroid_apps/native_apps/Rumble/NONE_TRANSFORMED_;/src/main/java/org/disrupted/rumble/database/ContactDatabase.java;file:/src/main/java/org/disrupted/rumble/database/ContactDatabase.java
MemberIgnoringMethod;DAAP;/Users/rar9993/repos/research/fdroid_apps/native_apps/Rumble/NONE_TRANSFORMED_;/src/main/java/org/disrupted/rumble/database/GroupDatabase.java;file:/src/main/java/org/disrupted/rumble/database/GroupDatabase.java
MemberIgnoringMethod;DAAP;/Users/rar9993/repos/research/fdroid_apps/native_apps/Rumble/NONE_TRANSFORMED_;/src/main/java/org/disrupted/rumble/database/ChatMessageDatabase.java;file:/src/main/java/org/disrupted/rumble/database/ChatMessageDatabase.java
MemberIgnoringMethod;DAAP;/Users/rar9993/repos/research/fdroid_apps/native_apps/Rumble/NONE_TRANSFORMED_;/src/main/java/org/disrupted/rumble/database/events/StatusDuplicate.java;file:/src/main/java/org/disrupted/rumble/database/events/StatusDuplicate.java
MemberIgnoringMethod;DAAP;/Users/rar9993/repos/research/fdroid_apps/native_apps/Rumble/NONE_TRANSFORMED_;/src/main/java/org/disrupted/rumble/database/events/StatusWipedEvent.java;file:/src/main/java/org/disrupted/rumble/database/events/StatusWipedEvent.java
MemberIgnoringMethod;DAAP;/Users/rar9993/repos/research/fdroid_apps/native_apps/Rumble/NONE_TRANSFORMED_;/src/main/java/org/disrupted/rumble/database/events/ChatWipedEvent.java;file:/src/main/java/org/disrupted/rumble/database/events/ChatWipedEvent.java
MemberIgnoringMethod;DAAP;/Users/rar9993/repos/research/fdroid_apps/native_apps/Rumble/NONE_TRANSFORMED_;/src/main/java/org/disrupted/rumble/database/events/FileInsertedEvent.java;file:/src/main/java/org/disrupted/rumble/database/events/FileInsertedEvent.java
MemberIgnoringMethod;DAAP;/Users/rar9993/repos/research/fdroid_apps/native_apps/Rumble/NONE_TRANSFORMED_;/src/main/java/org/disrupted/rumble/database/PushStatusDatabase.java;file:/src/main/java/org/disrupted/rumble/database/PushStatusDatabase.java
MemberIgnoringMethod;DAAP;/Users/rar9993/repos/research/fdroid_apps/native_apps/Rumble/NONE_TRANSFORMED_;/src/main/java/org/disrupted/rumble/app/RumbleEvent.java;file:/src/main/java/org/disrupted/rumble/app/RumbleEvent.java
MemberIgnoringMethod;DAAP;/Users/rar9993/repos/research/fdroid_apps/native_apps/Rumble/NONE_TRANSFORMED_;/src/main/java/org/disrupted/rumble/app/StartOnBoot.java;file:/src/main/java/org/disrupted/rumble/app/StartOnBoot.java
MemberIgnoringMethod;DAAP;/Users/rar9993/repos/research/fdroid_apps/native_apps/Rumble/NONE_TRANSFORMED_;/src/main/java/org/disrupted/rumble/app/RumbleApplication.java;file:/src/main/java/org/disrupted/rumble/app/RumbleApplication.java
MemberIgnoringMethod;DAAP;/Users/rar9993/repos/research/fdroid_apps/native_apps/Rumble/NONE_TRANSFORMED_;/src/main/java/org/disrupted/rumble/util/EncryptedInputStream.java;file:/src/main/java/org/disrupted/rumble/util/EncryptedInputStream.java
MemberIgnoringMethod;DAAP;/Users/rar9993/repos/research/fdroid_apps/native_apps/Rumble/NONE_TRANSFORMED_;/src/main/java/org/disrupted/rumble/util/EncryptedOutputStream.java;file:/src/main/java/org/disrupted/rumble/util/EncryptedOutputStream.java
MemberIgnoringMethod;DAAP;/Users/rar9993/repos/research/fdroid_apps/native_apps/Rumble/NONE_TRANSFORMED_;/src/main/java/org/disrupted/rumble/network/Worker.java;file:/src/main/java/org/disrupted/rumble/network/Worker.java
MemberIgnoringMethod;DAAP;/Users/rar9993/repos/research/fdroid_apps/native_apps/Rumble/NONE_TRANSFORMED_;/src/main/java/org/disrupted/rumble/network/NetworkCoordinator.java;file:/src/main/java/org/disrupted/rumble/network/NetworkCoordinator.java
MemberIgnoringMethod;DAAP;/Users/rar9993/repos/research/fdroid_apps/native_apps/Rumble/NONE_TRANSFORMED_;/src/main/java/org/disrupted/rumble/network/linklayer/wifi/WifiScanner.java;file:/src/main/java/org/disrupted/rumble/network/linklayer/wifi/WifiScanner.java
MemberIgnoringMethod;DAAP;/Users/rar9993/repos/research/fdroid_apps/native_apps/Rumble/NONE_TRANSFORMED_;/src/main/java/org/disrupted/rumble/network/linklayer/wifi/WifiAPNeighbour.java;file:/src/main/java/org/disrupted/rumble/network/linklayer/wifi/WifiAPNeighbour.java
MemberIgnoringMethod;DAAP;/Users/rar9993/repos/research/fdroid_apps/native_apps/Rumble/NONE_TRANSFORMED_;/src/main/java/org/disrupted/rumble/network/linklayer/wifi/UDP/UDPMulticastConnection.java;file:/src/main/java/org/disrupted/rumble/network/linklayer/wifi/UDP/UDPMulticastConnection.java
MemberIgnoringMethod;DAAP;/Users/rar9993/repos/research/fdroid_apps/native_apps/Rumble/NONE_TRANSFORMED_;/src/main/java/org/disrupted/rumble/network/linklayer/wifi/UDP/UDPMulticastNeighbour.java;file:/src/main/java/org/disrupted/rumble/network/linklayer/wifi/UDP/UDPMulticastNeighbour.java
MemberIgnoringMethod;DAAP;/Users/rar9993/repos/research/fdroid_apps/native_apps/Rumble/NONE_TRANSFORMED_;/src/main/java/org/disrupted/rumble/network/linklayer/wifi/WifiAdHocLayerAdapter.java;file:/src/main/java/org/disrupted/rumble/network/linklayer/wifi/WifiAdHocLayerAdapter.java
MemberIgnoringMethod;DAAP;/Users/rar9993/repos/research/fdroid_apps/native_apps/Rumble/NONE_TRANSFORMED_;/src/main/java/org/disrupted/rumble/network/linklayer/wifi/WifiNeighbour.java;file:/src/main/java/org/disrupted/rumble/network/linklayer/wifi/WifiNeighbour.java
MemberIgnoringMethod;DAAP;/Users/rar9993/repos/research/fdroid_apps/native_apps/Rumble/NONE_TRANSFORMED_;/src/main/java/org/disrupted/rumble/network/linklayer/wifi/WifiLinkLayerAdapter.java;file:/src/main/java/org/disrupted/rumble/network/linklayer/wifi/WifiLinkLayerAdapter.java
MemberIgnoringMethod;DAAP;/Users/rar9993/repos/research/fdroid_apps/native_apps/Rumble/NONE_TRANSFORMED_;/src/main/java/org/disrupted/rumble/network/linklayer/wifi/TCP/TCPServerConnection.java;file:/src/main/java/org/disrupted/rumble/network/linklayer/wifi/TCP/TCPServerConnection.java
MemberIgnoringMethod;DAAP;/Users/rar9993/repos/research/fdroid_apps/native_apps/Rumble/NONE_TRANSFORMED_;/src/main/java/org/disrupted/rumble/network/linklayer/wifi/TCP/TCPConnection.java;file:/src/main/java/org/disrupted/rumble/network/linklayer/wifi/TCP/TCPConnection.java
MemberIgnoringMethod;DAAP;/Users/rar9993/repos/research/fdroid_apps/native_apps/Rumble/NONE_TRANSFORMED_;/src/main/java/org/disrupted/rumble/network/linklayer/wifi/TCP/TCPServer.java;file:/src/main/java/org/disrupted/rumble/network/linklayer/wifi/TCP/TCPServer.java
MemberIgnoringMethod;DAAP;/Users/rar9993/repos/research/fdroid_apps/native_apps/Rumble/NONE_TRANSFORMED_;/src/main/java/org/disrupted/rumble/network/linklayer/Scanner.java;file:/src/main/java/org/disrupted/rumble/network/linklayer/Scanner.java
MemberIgnoringMethod;DAAP;/Users/rar9993/repos/research/fdroid_apps/native_apps/Rumble/NONE_TRANSFORMED_;/src/main/java/org/disrupted/rumble/network/linklayer/LinkLayerAdapter.java;file:/src/main/java/org/disrupted/rumble/network/linklayer/LinkLayerAdapter.java
MemberIgnoringMethod;DAAP;/Users/rar9993/repos/research/fdroid_apps/native_apps/Rumble/NONE_TRANSFORMED_;/src/main/java/org/disrupted/rumble/network/linklayer/UnicastConnection.java;file:/src/main/java/org/disrupted/rumble/network/linklayer/UnicastConnection.java
MemberIgnoringMethod;DAAP;/Users/rar9993/repos/research/fdroid_apps/native_apps/Rumble/NONE_TRANSFORMED_;/src/main/java/org/disrupted/rumble/network/linklayer/bluetooth/BluetoothClientConnection.java;file:/src/main/java/org/disrupted/rumble/network/linklayer/bluetooth/BluetoothClientConnection.java
MemberIgnoringMethod;DAAP;/Users/rar9993/repos/research/fdroid_apps/native_apps/Rumble/NONE_TRANSFORMED_;/src/main/java/org/disrupted/rumble/network/linklayer/bluetooth/BluetoothNeighbour.java;file:/src/main/java/org/disrupted/rumble/network/linklayer/bluetooth/BluetoothNeighbour.java
MemberIgnoringMethod;DAAP;/Users/rar9993/repos/research/fdroid_apps/native_apps/Rumble/NONE_TRANSFORMED_;/src/main/java/org/disrupted/rumble/network/linklayer/bluetooth/BluetoothServer.java;file:/src/main/java/org/disrupted/rumble/network/linklayer/bluetooth/BluetoothServer.java
MemberIgnoringMethod;DAAP;/Users/rar9993/repos/research/fdroid_apps/native_apps/Rumble/NONE_TRANSFORMED_;/src/main/java/org/disrupted/rumble/network/linklayer/bluetooth/BluetoothServerConnection.java;file:/src/main/java/org/disrupted/rumble/network/linklayer/bluetooth/BluetoothServerConnection.java
MemberIgnoringMethod;DAAP;/Users/rar9993/repos/research/fdroid_apps/native_apps/Rumble/NONE_TRANSFORMED_;/src/main/java/org/disrupted/rumble/network/linklayer/bluetooth/BluetoothConnection.java;file:/src/main/java/org/disrupted/rumble/network/linklayer/bluetooth/BluetoothConnection.java
MemberIgnoringMethod;DAAP;/Users/rar9993/repos/research/fdroid_apps/native_apps/Rumble/NONE_TRANSFORMED_;/src/main/java/org/disrupted/rumble/network/linklayer/LinkLayerConnection.java;file:/src/main/java/org/disrupted/rumble/network/linklayer/LinkLayerConnection.java
MemberIgnoringMethod;DAAP;/Users/rar9993/repos/research/fdroid_apps/native_apps/Rumble/NONE_TRANSFORMED_;/src/main/java/org/disrupted/rumble/network/linklayer/LinkLayerNeighbour.java;file:/src/main/java/org/disrupted/rumble/network/linklayer/LinkLayerNeighbour.java
MemberIgnoringMethod;DAAP;/Users/rar9993/repos/research/fdroid_apps/native_apps/Rumble/NONE_TRANSFORMED_;/src/main/java/org/disrupted/rumble/network/linklayer/events/AccessPointEnabled.java;file:/src/main/java/org/disrupted/rumble/network/linklayer/events/AccessPointEnabled.java
MemberIgnoringMethod;DAAP;/Users/rar9993/repos/research/fdroid_apps/native_apps/Rumble/NONE_TRANSFORMED_;/src/main/java/org/disrupted/rumble/network/linklayer/events/NeighborhoodChanged.java;file:/src/main/java/org/disrupted/rumble/network/linklayer/events/NeighborhoodChanged.java
MemberIgnoringMethod;DAAP;/Users/rar9993/repos/research/fdroid_apps/native_apps/Rumble/NONE_TRANSFORMED_;/src/main/java/org/disrupted/rumble/network/linklayer/events/WifiScanEnded.java;file:/src/main/java/org/disrupted/rumble/network/linklayer/events/WifiScanEnded.java
MemberIgnoringMethod;DAAP;/Users/rar9993/repos/research/fdroid_apps/native_apps/Rumble/NONE_TRANSFORMED_;/src/main/java/org/disrupted/rumble/network/linklayer/events/WifiScanStarted.java;file:/src/main/java/org/disrupted/rumble/network/linklayer/events/WifiScanStarted.java
MemberIgnoringMethod;DAAP;/Users/rar9993/repos/research/fdroid_apps/native_apps/Rumble/NONE_TRANSFORMED_;/src/main/java/org/disrupted/rumble/network/linklayer/events/BluetoothScanStarted.java;file:/src/main/java/org/disrupted/rumble/network/linklayer/events/BluetoothScanStarted.java
MemberIgnoringMethod;DAAP;/Users/rar9993/repos/research/fdroid_apps/native_apps/Rumble/NONE_TRANSFORMED_;/src/main/java/org/disrupted/rumble/network/linklayer/events/BluetoothScanEnded.java;file:/src/main/java/org/disrupted/rumble/network/linklayer/events/BluetoothScanEnded.java
MemberIgnoringMethod;DAAP;/Users/rar9993/repos/research/fdroid_apps/native_apps/Rumble/NONE_TRANSFORMED_;/src/main/java/org/disrupted/rumble/network/linklayer/events/AccessPointDisabled.java;file:/src/main/java/org/disrupted/rumble/network/linklayer/events/AccessPointDisabled.java
MemberIgnoringMethod;DAAP;/Users/rar9993/repos/research/fdroid_apps/native_apps/Rumble/NONE_TRANSFORMED_;/src/main/java/org/disrupted/rumble/network/linklayer/events/WifiModeChanged.java;file:/src/main/java/org/disrupted/rumble/network/linklayer/events/WifiModeChanged.java
MemberIgnoringMethod;DAAP;/Users/rar9993/repos/research/fdroid_apps/native_apps/Rumble/NONE_TRANSFORMED_;/src/main/java/org/disrupted/rumble/network/linklayer/MulticastConnection.java;file:/src/main/java/org/disrupted/rumble/network/linklayer/MulticastConnection.java
MemberIgnoringMethod;DAAP;/Users/rar9993/repos/research/fdroid_apps/native_apps/Rumble/NONE_TRANSFORMED_;/src/main/java/org/disrupted/rumble/network/protocols/ProtocolChannel.java;file:/src/main/java/org/disrupted/rumble/network/protocols/ProtocolChannel.java
MemberIgnoringMethod;DAAP;/Users/rar9993/repos/research/fdroid_apps/native_apps/Rumble/NONE_TRANSFORMED_;/src/main/java/org/disrupted/rumble/network/protocols/Protocol.java;file:/src/main/java/org/disrupted/rumble/network/protocols/Protocol.java
MemberIgnoringMethod;DAAP;/Users/rar9993/repos/research/fdroid_apps/native_apps/Rumble/NONE_TRANSFORMED_;/src/main/java/org/disrupted/rumble/network/protocols/firechat/workers/FirechatBTServer.java;file:/src/main/java/org/disrupted/rumble/network/protocols/firechat/workers/FirechatBTServer.java
MemberIgnoringMethod;DAAP;/Users/rar9993/repos/research/fdroid_apps/native_apps/Rumble/NONE_TRANSFORMED_;/src/main/java/org/disrupted/rumble/network/protocols/firechat/workers/FirechatOverUDPMulticast.java;file:/src/main/java/org/disrupted/rumble/network/protocols/firechat/workers/FirechatOverUDPMulticast.java
MemberIgnoringMethod;DAAP;/Users/rar9993/repos/research/fdroid_apps/native_apps/Rumble/NONE_TRANSFORMED_;/src/main/java/org/disrupted/rumble/network/protocols/firechat/workers/FirechatOverBluetooth.java;file:/src/main/java/org/disrupted/rumble/network/protocols/firechat/workers/FirechatOverBluetooth.java
MemberIgnoringMethod;DAAP;/Users/rar9993/repos/research/fdroid_apps/native_apps/Rumble/NONE_TRANSFORMED_;/src/main/java/org/disrupted/rumble/network/protocols/firechat/FirechatMessageParser.java;file:/src/main/java/org/disrupted/rumble/network/protocols/firechat/FirechatMessageParser.java
MemberIgnoringMethod;DAAP;/Users/rar9993/repos/research/fdroid_apps/native_apps/Rumble/NONE_TRANSFORMED_;/src/main/java/org/disrupted/rumble/network/protocols/rumble/packetformat/BlockFile.java;file:/src/main/java/org/disrupted/rumble/network/protocols/rumble/packetformat/BlockFile.java
MemberIgnoringMethod;DAAP;/Users/rar9993/repos/research/fdroid_apps/native_apps/Rumble/NONE_TRANSFORMED_;/src/main/java/org/disrupted/rumble/network/protocols/rumble/packetformat/BlockKeepAlive.java;file:/src/main/java/org/disrupted/rumble/network/protocols/rumble/packetformat/BlockKeepAlive.java
MemberIgnoringMethod;DAAP;/Users/rar9993/repos/research/fdroid_apps/native_apps/Rumble/NONE_TRANSFORMED_;/src/main/java/org/disrupted/rumble/network/protocols/rumble/packetformat/BlockContact.java;file:/src/main/java/org/disrupted/rumble/network/protocols/rumble/packetformat/BlockContact.java
MemberIgnoringMethod;DAAP;/Users/rar9993/repos/research/fdroid_apps/native_apps/Rumble/NONE_TRANSFORMED_;/src/main/java/org/disrupted/rumble/network/protocols/rumble/packetformat/BlockNull.java;file:/src/main/java/org/disrupted/rumble/network/protocols/rumble/packetformat/BlockNull.java
MemberIgnoringMethod;DAAP;/Users/rar9993/repos/research/fdroid_apps/native_apps/Rumble/NONE_TRANSFORMED_;/src/main/java/org/disrupted/rumble/network/protocols/rumble/packetformat/Block.java;file:/src/main/java/org/disrupted/rumble/network/protocols/rumble/packetformat/Block.java
MemberIgnoringMethod;DAAP;/Users/rar9993/repos/research/fdroid_apps/native_apps/Rumble/NONE_TRANSFORMED_;/src/main/java/org/disrupted/rumble/network/protocols/rumble/packetformat/BlockChatMessage.java;file:/src/main/java/org/disrupted/rumble/network/protocols/rumble/packetformat/BlockChatMessage.java
MemberIgnoringMethod;DAAP;/Users/rar9993/repos/research/fdroid_apps/native_apps/Rumble/NONE_TRANSFORMED_;/src/main/java/org/disrupted/rumble/network/protocols/rumble/workers/RumbleBTServer.java;file:/src/main/java/org/disrupted/rumble/network/protocols/rumble/workers/RumbleBTServer.java
MemberIgnoringMethod;DAAP;/Users/rar9993/repos/research/fdroid_apps/native_apps/Rumble/NONE_TRANSFORMED_;/src/main/java/org/disrupted/rumble/network/protocols/rumble/workers/RumbleOverUDPMulticast.java;file:/src/main/java/org/disrupted/rumble/network/protocols/rumble/workers/RumbleOverUDPMulticast.java
MemberIgnoringMethod;DAAP;/Users/rar9993/repos/research/fdroid_apps/native_apps/Rumble/NONE_TRANSFORMED_;/src/main/java/org/disrupted/rumble/network/protocols/rumble/workers/RumbleUnicastChannel.java;file:/src/main/java/org/disrupted/rumble/network/protocols/rumble/workers/RumbleUnicastChannel.java
MemberIgnoringMethod;DAAP;/Users/rar9993/repos/research/fdroid_apps/native_apps/Rumble/NONE_TRANSFORMED_;/src/main/java/org/disrupted/rumble/network/protocols/rumble/workers/RumbleTCPServer.java;file:/src/main/java/org/disrupted/rumble/network/protocols/rumble/workers/RumbleTCPServer.java
MemberIgnoringMethod;DAAP;/Users/rar9993/repos/research/fdroid_apps/native_apps/Rumble/NONE_TRANSFORMED_;/src/main/java/org/disrupted/rumble/network/protocols/rumble/workers/RumbleUDPMulticastScanner.java;file:/src/main/java/org/disrupted/rumble/network/protocols/rumble/workers/RumbleUDPMulticastScanner.java
MemberIgnoringMethod;DAAP;/Users/rar9993/repos/research/fdroid_apps/native_apps/Rumble/NONE_TRANSFORMED_;/src/main/java/org/disrupted/rumble/network/protocols/command/CommandSendLocalInformation.java;file:/src/main/java/org/disrupted/rumble/network/protocols/command/CommandSendLocalInformation.java
MemberIgnoringMethod;DAAP;/Users/rar9993/repos/research/fdroid_apps/native_apps/Rumble/NONE_TRANSFORMED_;/src/main/java/org/disrupted/rumble/network/protocols/command/CommandSendKeepAlive.java;file:/src/main/java/org/disrupted/rumble/network/protocols/command/CommandSendKeepAlive.java
MemberIgnoringMethod;DAAP;/Users/rar9993/repos/research/fdroid_apps/native_apps/Rumble/NONE_TRANSFORMED_;/src/main/java/org/disrupted/rumble/network/protocols/command/Command.java;file:/src/main/java/org/disrupted/rumble/network/protocols/command/Command.java
MemberIgnoringMethod;DAAP;/Users/rar9993/repos/research/fdroid_apps/native_apps/Rumble/NONE_TRANSFORMED_;/src/main/java/org/disrupted/rumble/network/protocols/command/CommandSendPushStatus.java;file:/src/main/java/org/disrupted/rumble/network/protocols/command/CommandSendPushStatus.java
MemberIgnoringMethod;DAAP;/Users/rar9993/repos/research/fdroid_apps/native_apps/Rumble/NONE_TRANSFORMED_;/src/main/java/org/disrupted/rumble/network/protocols/command/CommandSendChatMessage.java;file:/src/main/java/org/disrupted/rumble/network/protocols/command/CommandSendChatMessage.java
MemberIgnoringMethod;DAAP;/Users/rar9993/repos/research/fdroid_apps/native_apps/Rumble/NONE_TRANSFORMED_;/src/main/java/org/disrupted/rumble/network/NeighbourManager.java;file:/src/main/java/org/disrupted/rumble/network/NeighbourManager.java
MemberIgnoringMethod;DAAP;/Users/rar9993/repos/research/fdroid_apps/native_apps/Rumble/NONE_TRANSFORMED_;/src/main/java/org/disrupted/rumble/network/services/chat/ChatService.java;file:/src/main/java/org/disrupted/rumble/network/services/chat/ChatService.java
MemberIgnoringMethod;DAAP;/Users/rar9993/repos/research/fdroid_apps/native_apps/Rumble/NONE_TRANSFORMED_;/src/main/java/org/disrupted/rumble/network/services/ServiceLayer.java;file:/src/main/java/org/disrupted/rumble/network/services/ServiceLayer.java
MemberIgnoringMethod;DAAP;/Users/rar9993/repos/research/fdroid_apps/native_apps/Rumble/NONE_TRANSFORMED_;/src/main/java/org/disrupted/rumble/userinterface/misc/ScrollAwareFABBehavior.java;file:/src/main/java/org/disrupted/rumble/userinterface/misc/ScrollAwareFABBehavior.java
MemberIgnoringMethod;DAAP;/Users/rar9993/repos/research/fdroid_apps/native_apps/Rumble/NONE_TRANSFORMED_;/src/main/java/org/disrupted/rumble/userinterface/fragments/FragmentNetworkDrawer.java;file:/src/main/java/org/disrupted/rumble/userinterface/fragments/FragmentNetworkDrawer.java
MemberIgnoringMethod;DAAP;/Users/rar9993/repos/research/fdroid_apps/native_apps/Rumble/NONE_TRANSFORMED_;/src/main/java/org/disrupted/rumble/userinterface/fragments/FragmentHashtagList.java;file:/src/main/java/org/disrupted/rumble/userinterface/fragments/FragmentHashtagList.java
MemberIgnoringMethod;DAAP;/Users/rar9993/repos/research/fdroid_apps/native_apps/Rumble/NONE_TRANSFORMED_;/src/main/java/org/disrupted/rumble/userinterface/fragments/FragmentStatusList.java;file:/src/main/java/org/disrupted/rumble/userinterface/fragments/FragmentStatusList.java
MemberIgnoringMethod;DAAP;/Users/rar9993/repos/research/fdroid_apps/native_apps/Rumble/NONE_TRANSFORMED_;/src/main/java/org/disrupted/rumble/userinterface/fragments/FragmentNavigationDrawer.java;file:/src/main/java/org/disrupted/rumble/userinterface/fragments/FragmentNavigationDrawer.java
MemberIgnoringMethod;DAAP;/Users/rar9993/repos/research/fdroid_apps/native_apps/Rumble/NONE_TRANSFORMED_;/src/main/java/org/disrupted/rumble/userinterface/fragments/FragmentContactInfo.java;file:/src/main/java/org/disrupted/rumble/userinterface/fragments/FragmentContactInfo.java
MemberIgnoringMethod;DAAP;/Users/rar9993/repos/research/fdroid_apps/native_apps/Rumble/NONE_TRANSFORMED_;/src/main/java/org/disrupted/rumble/userinterface/fragments/FragmentContactList.java;file:/src/main/java/org/disrupted/rumble/userinterface/fragments/FragmentContactList.java
MemberIgnoringMethod;DAAP;/Users/rar9993/repos/research/fdroid_apps/native_apps/Rumble/NONE_TRANSFORMED_;/src/main/java/org/disrupted/rumble/userinterface/fragments/FragmentChatMessageList.java;file:/src/main/java/org/disrupted/rumble/userinterface/fragments/FragmentChatMessageList.java
MemberIgnoringMethod;DAAP;/Users/rar9993/repos/research/fdroid_apps/native_apps/Rumble/NONE_TRANSFORMED_;/src/main/java/org/disrupted/rumble/userinterface/fragments/FragmentGroupList.java;file:/src/main/java/org/disrupted/rumble/userinterface/fragments/FragmentGroupList.java
MemberIgnoringMethod;DAAP;/Users/rar9993/repos/research/fdroid_apps/native_apps/Rumble/NONE_TRANSFORMED_;/src/main/java/org/disrupted/rumble/userinterface/activity/HashtagDetailActivity.java;file:/src/main/java/org/disrupted/rumble/userinterface/activity/HashtagDetailActivity.java
MemberIgnoringMethod;DAAP;/Users/rar9993/repos/research/fdroid_apps/native_apps/Rumble/NONE_TRANSFORMED_;/src/main/java/org/disrupted/rumble/userinterface/activity/settings/StorageActivity.java;file:/src/main/java/org/disrupted/rumble/userinterface/activity/settings/StorageActivity.java
MemberIgnoringMethod;DAAP;/Users/rar9993/repos/research/fdroid_apps/native_apps/Rumble/NONE_TRANSFORMED_;/src/main/java/org/disrupted/rumble/userinterface/activity/settings/LicenceActivity.java;file:/src/main/java/org/disrupted/rumble/userinterface/activity/settings/LicenceActivity.java
MemberIgnoringMethod;DAAP;/Users/rar9993/repos/research/fdroid_apps/native_apps/Rumble/NONE_TRANSFORMED_;/src/main/java/org/disrupted/rumble/userinterface/activity/settings/StatisticActivity.java;file:/src/main/java/org/disrupted/rumble/userinterface/activity/settings/StatisticActivity.java
MemberIgnoringMethod;DAAP;/Users/rar9993/repos/research/fdroid_apps/native_apps/Rumble/NONE_TRANSFORMED_;/src/main/java/org/disrupted/rumble/userinterface/activity/settings/DebugActivity.java;file:/src/main/java/org/disrupted/rumble/userinterface/activity/settings/DebugActivity.java
MemberIgnoringMethod;DAAP;/Users/rar9993/repos/research/fdroid_apps/native_apps/Rumble/NONE_TRANSFORMED_;/src/main/java/org/disrupted/rumble/userinterface/activity/settings/MiscellaneousActivity.java;file:/src/main/java/org/disrupted/rumble/userinterface/activity/settings/MiscellaneousActivity.java
MemberIgnoringMethod;DAAP;/Users/rar9993/repos/research/fdroid_apps/native_apps/Rumble/NONE_TRANSFORMED_;/src/main/java/org/disrupted/rumble/userinterface/activity/settings/AboutActivity.java;file:/src/main/java/org/disrupted/rumble/userinterface/activity/settings/AboutActivity.java
MemberIgnoringMethod;DAAP;/Users/rar9993/repos/research/fdroid_apps/native_apps/Rumble/NONE_TRANSFORMED_;/src/main/java/org/disrupted/rumble/userinterface/activity/PopupComposeStatus.java;file:/src/main/java/org/disrupted/rumble/userinterface/activity/PopupComposeStatus.java
MemberIgnoringMethod;DAAP;/Users/rar9993/repos/research/fdroid_apps/native_apps/Rumble/NONE_TRANSFORMED_;/src/main/java/org/disrupted/rumble/userinterface/activity/RoutingActivity.java;file:/src/main/java/org/disrupted/rumble/userinterface/activity/RoutingActivity.java
MemberIgnoringMethod;DAAP;/Users/rar9993/repos/research/fdroid_apps/native_apps/Rumble/NONE_TRANSFORMED_;/src/main/java/org/disrupted/rumble/userinterface/activity/HashtagListActivity.java;file:/src/main/java/org/disrupted/rumble/userinterface/activity/HashtagListActivity.java
MemberIgnoringMethod;DAAP;/Users/rar9993/repos/research/fdroid_apps/native_apps/Rumble/NONE_TRANSFORMED_;/src/main/java/org/disrupted/rumble/userinterface/activity/GroupDetailActivity.java;file:/src/main/java/org/disrupted/rumble/userinterface/activity/GroupDetailActivity.java
MemberIgnoringMethod;DAAP;/Users/rar9993/repos/research/fdroid_apps/native_apps/Rumble/NONE_TRANSFORMED_;/src/main/java/org/disrupted/rumble/userinterface/activity/ContactDetailActivity.java;file:/src/main/java/org/disrupted/rumble/userinterface/activity/ContactDetailActivity.java
MemberIgnoringMethod;DAAP;/Users/rar9993/repos/research/fdroid_apps/native_apps/Rumble/NONE_TRANSFORMED_;/src/main/java/org/disrupted/rumble/userinterface/activity/GroupListActivity.java;file:/src/main/java/org/disrupted/rumble/userinterface/activity/GroupListActivity.java
MemberIgnoringMethod;DAAP;/Users/rar9993/repos/research/fdroid_apps/native_apps/Rumble/NONE_TRANSFORMED_;/src/main/java/org/disrupted/rumble/userinterface/activity/ContactListActivity.java;file:/src/main/java/org/disrupted/rumble/userinterface/activity/ContactListActivity.java
MemberIgnoringMethod;DAAP;/Users/rar9993/repos/research/fdroid_apps/native_apps/Rumble/NONE_TRANSFORMED_;/src/main/java/org/disrupted/rumble/userinterface/activity/DisplayStatusActivity.java;file:/src/main/java/org/disrupted/rumble/userinterface/activity/DisplayStatusActivity.java
MemberIgnoringMethod;DAAP;/Users/rar9993/repos/research/fdroid_apps/native_apps/Rumble/NONE_TRANSFORMED_;/src/main/java/org/disrupted/rumble/userinterface/activity/LoginScreen.java;file:/src/main/java/org/disrupted/rumble/userinterface/activity/LoginScreen.java
MemberIgnoringMethod;DAAP;/Users/rar9993/repos/research/fdroid_apps/native_apps/Rumble/NONE_TRANSFORMED_;/src/main/java/org/disrupted/rumble/userinterface/activity/DisplayImage.java;file:/src/main/java/org/disrupted/rumble/userinterface/activity/DisplayImage.java
MemberIgnoringMethod;DAAP;/Users/rar9993/repos/research/fdroid_apps/native_apps/Rumble/NONE_TRANSFORMED_;/src/main/java/org/disrupted/rumble/userinterface/activity/HomeActivity.java;file:/src/main/java/org/disrupted/rumble/userinterface/activity/HomeActivity.java
MemberIgnoringMethod;DAAP;/Users/rar9993/repos/research/fdroid_apps/native_apps/Rumble/NONE_TRANSFORMED_;/src/main/java/org/disrupted/rumble/userinterface/activity/PopupInputGroupKey.java;file:/src/main/java/org/disrupted/rumble/userinterface/activity/PopupInputGroupKey.java
MemberIgnoringMethod;DAAP;/Users/rar9993/repos/research/fdroid_apps/native_apps/Rumble/NONE_TRANSFORMED_;/src/main/java/org/disrupted/rumble/userinterface/activity/SettingsActivity.java;file:/src/main/java/org/disrupted/rumble/userinterface/activity/SettingsActivity.java
MemberIgnoringMethod;DAAP;/Users/rar9993/repos/research/fdroid_apps/native_apps/Rumble/NONE_TRANSFORMED_;/src/main/java/org/disrupted/rumble/userinterface/activity/PopupCreateGroup.java;file:/src/main/java/org/disrupted/rumble/userinterface/activity/PopupCreateGroup.java
MemberIgnoringMethod;DAAP;/Users/rar9993/repos/research/fdroid_apps/native_apps/Rumble/NONE_TRANSFORMED_;/src/main/java/org/disrupted/rumble/userinterface/adapter/IconTextListAdapter.java;file:/src/main/java/org/disrupted/rumble/userinterface/adapter/IconTextListAdapter.java
MemberIgnoringMethod;DAAP;/Users/rar9993/repos/research/fdroid_apps/native_apps/Rumble/NONE_TRANSFORMED_;/src/main/java/org/disrupted/rumble/userinterface/adapter/FilterListAdapter.java;file:/src/main/java/org/disrupted/rumble/userinterface/adapter/FilterListAdapter.java
MemberIgnoringMethod;DAAP;/Users/rar9993/repos/research/fdroid_apps/native_apps/Rumble/NONE_TRANSFORMED_;/src/main/java/org/disrupted/rumble/userinterface/adapter/GroupDetailPagerAdapter.java;file:/src/main/java/org/disrupted/rumble/userinterface/adapter/GroupDetailPagerAdapter.java
MemberIgnoringMethod;DAAP;/Users/rar9993/repos/research/fdroid_apps/native_apps/Rumble/NONE_TRANSFORMED_;/src/main/java/org/disrupted/rumble/userinterface/adapter/ChatMessageRecyclerAdapter.java;file:/src/main/java/org/disrupted/rumble/userinterface/adapter/ChatMessageRecyclerAdapter.java
MemberIgnoringMethod;DAAP;/Users/rar9993/repos/research/fdroid_apps/native_apps/Rumble/NONE_TRANSFORMED_;/src/main/java/org/disrupted/rumble/userinterface/adapter/StatusRecyclerAdapter.java;file:/src/main/java/org/disrupted/rumble/userinterface/adapter/StatusRecyclerAdapter.java
MemberIgnoringMethod;DAAP;/Users/rar9993/repos/research/fdroid_apps/native_apps/Rumble/NONE_TRANSFORMED_;/src/main/java/org/disrupted/rumble/userinterface/adapter/ContactInfoRecyclerAdapter.java;file:/src/main/java/org/disrupted/rumble/userinterface/adapter/ContactInfoRecyclerAdapter.java
MemberIgnoringMethod;DAAP;/Users/rar9993/repos/research/fdroid_apps/native_apps/Rumble/NONE_TRANSFORMED_;/src/main/java/org/disrupted/rumble/userinterface/adapter/GroupRecyclerAdapter.java;file:/src/main/java/org/disrupted/rumble/userinterface/adapter/GroupRecyclerAdapter.java
MemberIgnoringMethod;DAAP;/Users/rar9993/repos/research/fdroid_apps/native_apps/Rumble/NONE_TRANSFORMED_;/src/main/java/org/disrupted/rumble/userinterface/adapter/HomePagerAdapter.java;file:/src/main/java/org/disrupted/rumble/userinterface/adapter/HomePagerAdapter.java
MemberIgnoringMethod;DAAP;/Users/rar9993/repos/research/fdroid_apps/native_apps/Rumble/NONE_TRANSFORMED_;/src/main/java/org/disrupted/rumble/userinterface/adapter/HashtagRecyclerAdapter.java;file:/src/main/java/org/disrupted/rumble/userinterface/adapter/HashtagRecyclerAdapter.java
MemberIgnoringMethod;DAAP;/Users/rar9993/repos/research/fdroid_apps/native_apps/Rumble/NONE_TRANSFORMED_;/src/main/java/org/disrupted/rumble/userinterface/adapter/NeighborhoodListAdapter.java;file:/src/main/java/org/disrupted/rumble/userinterface/adapter/NeighborhoodListAdapter.java
MemberIgnoringMethod;DAAP;/Users/rar9993/repos/research/fdroid_apps/native_apps/Rumble/NONE_TRANSFORMED_;/src/main/java/org/disrupted/rumble/userinterface/adapter/ContactRecyclerAdapter.java;file:/src/main/java/org/disrupted/rumble/userinterface/adapter/ContactRecyclerAdapter.java
MemberIgnoringMethod;DAAP;/Users/rar9993/repos/research/fdroid_apps/native_apps/Rumble/NONE_TRANSFORMED_;/src/main/java/org/disrupted/rumble/userinterface/adapter/ContactDetailPagerAdapter.java;file:/src/main/java/org/disrupted/rumble/userinterface/adapter/ContactDetailPagerAdapter.java
MemberIgnoringMethod;DAAP;/Users/rar9993/repos/research/fdroid_apps/native_apps/Rumble/NONE_TRANSFORMED_;/src/main/java/org/disrupted/rumble/userinterface/events/UserWipeChatMessages.java;file:/src/main/java/org/disrupted/rumble/userinterface/events/UserWipeChatMessages.java
MemberIgnoringMethod;DAAP;/Users/rar9993/repos/research/fdroid_apps/native_apps/Rumble/NONE_TRANSFORMED_;/src/main/java/org/disrupted/rumble/userinterface/events/UserWipeData.java;file:/src/main/java/org/disrupted/rumble/userinterface/events/UserWipeData.java
MemberIgnoringMethod;DAAP;/Users/rar9993/repos/research/fdroid_apps/native_apps/Rumble/NONE_TRANSFORMED_;/src/main/java/org/disrupted/rumble/userinterface/events/UserWipeStatuses.java;file:/src/main/java/org/disrupted/rumble/userinterface/events/UserWipeStatuses.java
MemberIgnoringMethod;DAAP;/Users/rar9993/repos/research/fdroid_apps/native_apps/Rumble/NONE_TRANSFORMED_;/src/main/java/org/disrupted/rumble/userinterface/events/UserWipeFiles.java;file:/src/main/java/org/disrupted/rumble/userinterface/events/UserWipeFiles.java
MemberIgnoringMethod;DAAP;/Users/rar9993/repos/research/fdroid_apps/native_apps/Rumble/NONE_TRANSFORMED_;/src/main/java/org/disrupted/rumble/userinterface/views/MultiStateButton.java;file:/src/main/java/org/disrupted/rumble/userinterface/views/MultiStateButton.java
LeakingThread;DAAP;/Users/rar9993/repos/research/fdroid_apps/native_apps/Rumble/NONE_TRANSFORMED_;/src/main/java/org/disrupted/rumble/database/DatabaseExecutor.java;file:/src/main/java/org/disrupted/rumble/database/DatabaseExecutor.java
InternalGetterSetter;DAAP;/Users/rar9993/repos/research/fdroid_apps/native_apps/Rumble/NONE_TRANSFORMED_;/src/main/java/org/disrupted/rumble/database/statistics/StatisticManager.java;file:/src/main/java/org/disrupted/rumble/database/statistics/StatisticManager.java
InternalGetterSetter;DAAP;/Users/rar9993/repos/research/fdroid_apps/native_apps/Rumble/NONE_TRANSFORMED_;/src/main/java/org/disrupted/rumble/database/DatabaseFactory.java;file:/src/main/java/org/disrupted/rumble/database/DatabaseFactory.java
InternalGetterSetter;DAAP;/Users/rar9993/repos/research/fdroid_apps/native_apps/Rumble/NONE_TRANSFORMED_;/src/main/java/org/disrupted/rumble/database/objects/Group.java;file:/src/main/java/org/disrupted/rumble/database/objects/Group.java
InternalGetterSetter;DAAP;/Users/rar9993/repos/research/fdroid_apps/native_apps/Rumble/NONE_TRANSFORMED_;/src/main/java/org/disrupted/rumble/network/WorkerPool.java;file:/src/main/java/org/disrupted/rumble/network/WorkerPool.java
SlowForLoop;DAAP;/Users/rar9993/repos/research/fdroid_apps/native_apps/Rumble/NONE_TRANSFORMED_;/src/main/java/org/disrupted/rumble/database/statistics/StatisticDatabase.java;file:/src/main/java/org/disrupted/rumble/database/statistics/StatisticDatabase.java
SlowForLoop;DAAP;/Users/rar9993/repos/research/fdroid_apps/native_apps/Rumble/NONE_TRANSFORMED_;/src/main/java/org/disrupted/rumble/database/HashtagDatabase.java;file:/src/main/java/org/disrupted/rumble/database/HashtagDatabase.java
SlowForLoop;DAAP;/Users/rar9993/repos/research/fdroid_apps/native_apps/Rumble/NONE_TRANSFORMED_;/src/main/java/org/disrupted/rumble/database/ContactDatabase.java;file:/src/main/java/org/disrupted/rumble/database/ContactDatabase.java
SlowForLoop;DAAP;/Users/rar9993/repos/research/fdroid_apps/native_apps/Rumble/NONE_TRANSFORMED_;/src/main/java/org/disrupted/rumble/database/GroupDatabase.java;file:/src/main/java/org/disrupted/rumble/database/GroupDatabase.java
SlowForLoop;DAAP;/Users/rar9993/repos/research/fdroid_apps/native_apps/Rumble/NONE_TRANSFORMED_;/src/main/java/org/disrupted/rumble/database/CacheManager.java;file:/src/main/java/org/disrupted/rumble/database/CacheManager.java
SlowForLoop;DAAP;/Users/rar9993/repos/research/fdroid_apps/native_apps/Rumble/NONE_TRANSFORMED_;/src/main/java/org/disrupted/rumble/database/ChatMessageDatabase.java;file:/src/main/java/org/disrupted/rumble/database/ChatMessageDatabase.java
SlowForLoop;DAAP;/Users/rar9993/repos/research/fdroid_apps/native_apps/Rumble/NONE_TRANSFORMED_;/src/main/java/org/disrupted/rumble/database/PushStatusDatabase.java;file:/src/main/java/org/disrupted/rumble/database/PushStatusDatabase.java
SlowForLoop;DAAP;/Users/rar9993/repos/research/fdroid_apps/native_apps/Rumble/NONE_TRANSFORMED_;/src/main/java/org/disrupted/rumble/util/HashUtil.java;file:/src/main/java/org/disrupted/rumble/util/HashUtil.java
SlowForLoop;DAAP;/Users/rar9993/repos/research/fdroid_apps/native_apps/Rumble/NONE_TRANSFORMED_;/src/main/java/org/disrupted/rumble/util/NetUtil.java;file:/src/main/java/org/disrupted/rumble/util/NetUtil.java
SlowForLoop;DAAP;/Users/rar9993/repos/research/fdroid_apps/native_apps/Rumble/NONE_TRANSFORMED_;/src/main/java/org/disrupted/rumble/network/NetworkCoordinator.java;file:/src/main/java/org/disrupted/rumble/network/NetworkCoordinator.java
SlowForLoop;DAAP;/Users/rar9993/repos/research/fdroid_apps/native_apps/Rumble/NONE_TRANSFORMED_;/src/main/java/org/disrupted/rumble/network/WorkerPool.java;file:/src/main/java/org/disrupted/rumble/network/WorkerPool.java
SlowForLoop;DAAP;/Users/rar9993/repos/research/fdroid_apps/native_apps/Rumble/NONE_TRANSFORMED_;/src/main/java/org/disrupted/rumble/network/linklayer/wifi/UDP/UDPMulticastConnection.java;file:/src/main/java/org/disrupted/rumble/network/linklayer/wifi/UDP/UDPMulticastConnection.java
SlowForLoop;DAAP;/Users/rar9993/repos/research/fdroid_apps/native_apps/Rumble/NONE_TRANSFORMED_;/src/main/java/org/disrupted/rumble/network/protocols/firechat/FirechatMessageParser.java;file:/src/main/java/org/disrupted/rumble/network/protocols/firechat/FirechatMessageParser.java
SlowForLoop;DAAP;/Users/rar9993/repos/research/fdroid_apps/native_apps/Rumble/NONE_TRANSFORMED_;/src/main/java/org/disrupted/rumble/userinterface/activity/RoutingActivity.java;file:/src/main/java/org/disrupted/rumble/userinterface/activity/RoutingActivity.java
SlowForLoop;DAAP;/Users/rar9993/repos/research/fdroid_apps/native_apps/Rumble/NONE_TRANSFORMED_;/src/main/java/org/disrupted/rumble/userinterface/activity/GroupDetailActivity.java;file:/src/main/java/org/disrupted/rumble/userinterface/activity/GroupDetailActivity.java
SlowForLoop;DAAP;/Users/rar9993/repos/research/fdroid_apps/native_apps/Rumble/NONE_TRANSFORMED_;/src/main/java/org/disrupted/rumble/userinterface/adapter/StatusRecyclerAdapter.java;file:/src/main/java/org/disrupted/rumble/userinterface/adapter/StatusRecyclerAdapter.java
SlowForLoop;DAAP;/Users/rar9993/repos/research/fdroid_apps/native_apps/Rumble/NONE_TRANSFORMED_;/src/main/java/org/disrupted/rumble/userinterface/adapter/GroupRecyclerAdapter.java;file:/src/main/java/org/disrupted/rumble/userinterface/adapter/GroupRecyclerAdapter.java
NoLowMemoryResolver;DAAP;/Users/rar9993/repos/research/fdroid_apps/native_apps/Rumble/NONE_TRANSFORMED_;/src/main/java/org/disrupted/rumble/userinterface/activity/HashtagDetailActivity.java;file:/src/main/java/org/disrupted/rumble/userinterface/activity/HashtagDetailActivity.java
NoLowMemoryResolver;DAAP;/Users/rar9993/repos/research/fdroid_apps/native_apps/Rumble/NONE_TRANSFORMED_;/src/main/java/org/disrupted/rumble/userinterface/activity/settings/StorageActivity.java;file:/src/main/java/org/disrupted/rumble/userinterface/activity/settings/StorageActivity.java
NoLowMemoryResolver;DAAP;/Users/rar9993/repos/research/fdroid_apps/native_apps/Rumble/NONE_TRANSFORMED_;/src/main/java/org/disrupted/rumble/userinterface/activity/settings/LicenceActivity.java;file:/src/main/java/org/disrupted/rumble/userinterface/activity/settings/LicenceActivity.java
NoLowMemoryResolver;DAAP;/Users/rar9993/repos/research/fdroid_apps/native_apps/Rumble/NONE_TRANSFORMED_;/src/main/java/org/disrupted/rumble/userinterface/activity/settings/StatisticActivity.java;file:/src/main/java/org/disrupted/rumble/userinterface/activity/settings/StatisticActivity.java
NoLowMemoryResolver;DAAP;/Users/rar9993/repos/research/fdroid_apps/native_apps/Rumble/NONE_TRANSFORMED_;/src/main/java/org/disrupted/rumble/userinterface/activity/settings/DebugActivity.java;file:/src/main/java/org/disrupted/rumble/userinterface/activity/settings/DebugActivity.java
NoLowMemoryResolver;DAAP;/Users/rar9993/repos/research/fdroid_apps/native_apps/Rumble/NONE_TRANSFORMED_;/src/main/java/org/disrupted/rumble/userinterface/activity/settings/MiscellaneousActivity.java;file:/src/main/java/org/disrupted/rumble/userinterface/activity/settings/MiscellaneousActivity.java
NoLowMemoryResolver;DAAP;/Users/rar9993/repos/research/fdroid_apps/native_apps/Rumble/NONE_TRANSFORMED_;/src/main/java/org/disrupted/rumble/userinterface/activity/settings/AboutActivity.java;file:/src/main/java/org/disrupted/rumble/userinterface/activity/settings/AboutActivity.java
NoLowMemoryResolver;DAAP;/Users/rar9993/repos/research/fdroid_apps/native_apps/Rumble/NONE_TRANSFORMED_;/src/main/java/org/disrupted/rumble/userinterface/activity/PopupComposeStatus.java;file:/src/main/java/org/disrupted/rumble/userinterface/activity/PopupComposeStatus.java
NoLowMemoryResolver;DAAP;/Users/rar9993/repos/research/fdroid_apps/native_apps/Rumble/NONE_TRANSFORMED_;/src/main/java/org/disrupted/rumble/userinterface/activity/DisplayQRCode.java;file:/src/main/java/org/disrupted/rumble/userinterface/activity/DisplayQRCode.java
NoLowMemoryResolver;DAAP;/Users/rar9993/repos/research/fdroid_apps/native_apps/Rumble/NONE_TRANSFORMED_;/src/main/java/org/disrupted/rumble/userinterface/activity/RoutingActivity.java;file:/src/main/java/org/disrupted/rumble/userinterface/activity/RoutingActivity.java
NoLowMemoryResolver;DAAP;/Users/rar9993/repos/research/fdroid_apps/native_apps/Rumble/NONE_TRANSFORMED_;/src/main/java/org/disrupted/rumble/userinterface/activity/HashtagListActivity.java;file:/src/main/java/org/disrupted/rumble/userinterface/activity/HashtagListActivity.java
NoLowMemoryResolver;DAAP;/Users/rar9993/repos/research/fdroid_apps/native_apps/Rumble/NONE_TRANSFORMED_;/src/main/java/org/disrupted/rumble/userinterface/activity/GroupDetailActivity.java;file:/src/main/java/org/disrupted/rumble/userinterface/activity/GroupDetailActivity.java
NoLowMemoryResolver;DAAP;/Users/rar9993/repos/research/fdroid_apps/native_apps/Rumble/NONE_TRANSFORMED_;/src/main/java/org/disrupted/rumble/userinterface/activity/ContactDetailActivity.java;file:/src/main/java/org/disrupted/rumble/userinterface/activity/ContactDetailActivity.java
NoLowMemoryResolver;DAAP;/Users/rar9993/repos/research/fdroid_apps/native_apps/Rumble/NONE_TRANSFORMED_;/src/main/java/org/disrupted/rumble/userinterface/activity/GroupListActivity.java;file:/src/main/java/org/disrupted/rumble/userinterface/activity/GroupListActivity.java
NoLowMemoryResolver;DAAP;/Users/rar9993/repos/research/fdroid_apps/native_apps/Rumble/NONE_TRANSFORMED_;/src/main/java/org/disrupted/rumble/userinterface/activity/ContactListActivity.java;file:/src/main/java/org/disrupted/rumble/userinterface/activity/ContactListActivity.java
NoLowMemoryResolver;DAAP;/Users/rar9993/repos/research/fdroid_apps/native_apps/Rumble/NONE_TRANSFORMED_;/src/main/java/org/disrupted/rumble/userinterface/activity/DisplayStatusActivity.java;file:/src/main/java/org/disrupted/rumble/userinterface/activity/DisplayStatusActivity.java
NoLowMemoryResolver;DAAP;/Users/rar9993/repos/research/fdroid_apps/native_apps/Rumble/NONE_TRANSFORMED_;/src/main/java/org/disrupted/rumble/userinterface/activity/LoginScreen.java;file:/src/main/java/org/disrupted/rumble/userinterface/activity/LoginScreen.java
NoLowMemoryResolver;DAAP;/Users/rar9993/repos/research/fdroid_apps/native_apps/Rumble/NONE_TRANSFORMED_;/src/main/java/org/disrupted/rumble/userinterface/activity/DisplayImage.java;file:/src/main/java/org/disrupted/rumble/userinterface/activity/DisplayImage.java
NoLowMemoryResolver;DAAP;/Users/rar9993/repos/research/fdroid_apps/native_apps/Rumble/NONE_TRANSFORMED_;/src/main/java/org/disrupted/rumble/userinterface/activity/HomeActivity.java;file:/src/main/java/org/disrupted/rumble/userinterface/activity/HomeActivity.java
NoLowMemoryResolver;DAAP;/Users/rar9993/repos/research/fdroid_apps/native_apps/Rumble/NONE_TRANSFORMED_;/src/main/java/org/disrupted/rumble/userinterface/activity/PopupInputGroupKey.java;file:/src/main/java/org/disrupted/rumble/userinterface/activity/PopupInputGroupKey.java
NoLowMemoryResolver;DAAP;/Users/rar9993/repos/research/fdroid_apps/native_apps/Rumble/NONE_TRANSFORMED_;/src/main/java/org/disrupted/rumble/userinterface/activity/SettingsActivity.java;file:/src/main/java/org/disrupted/rumble/userinterface/activity/SettingsActivity.java
NoLowMemoryResolver;DAAP;/Users/rar9993/repos/research/fdroid_apps/native_apps/Rumble/NONE_TRANSFORMED_;/src/main/java/org/disrupted/rumble/userinterface/activity/PopupCreateGroup.java;file:/src/main/java/org/disrupted/rumble/userinterface/activity/PopupCreateGroup.java
CollectionOfViews;DAAP;/Users/rar9993/repos/research/fdroid_apps/native_apps/Rumble/NONE_TRANSFORMED_;/src/main/java/org/disrupted/rumble/userinterface/fragments/FragmentNetworkDrawer.java;file:/src/main/java/org/disrupted/rumble/userinterface/fragments/FragmentNetworkDrawer.java
CollectionOfViews;DAAP;/Users/rar9993/repos/research/fdroid_apps/native_apps/Rumble/NONE_TRANSFORMED_;/src/main/java/org/disrupted/rumble/userinterface/fragments/FragmentStatusList.java;file:/src/main/java/org/disrupted/rumble/userinterface/fragments/FragmentStatusList.java
CollectionOfViews;DAAP;/Users/rar9993/repos/research/fdroid_apps/native_apps/Rumble/NONE_TRANSFORMED_;/src/main/java/org/disrupted/rumble/userinterface/fragments/FragmentNavigationDrawer.java;file:/src/main/java/org/disrupted/rumble/userinterface/fragments/FragmentNavigationDrawer.java
CollectionOfViews;DAAP;/Users/rar9993/repos/research/fdroid_apps/native_apps/Rumble/NONE_TRANSFORMED_;/src/main/java/org/disrupted/rumble/userinterface/activity/HomeActivity.java;file:/src/main/java/org/disrupted/rumble/userinterface/activity/HomeActivity.java
CollectionOfViews;DAAP;/Users/rar9993/repos/research/fdroid_apps/native_apps/Rumble/NONE_TRANSFORMED_;/src/main/java/org/disrupted/rumble/userinterface/views/MultiStateButton.java;file:/src/main/java/org/disrupted/rumble/userinterface/views/MultiStateButton.java
DroppedData;DAAP;/Users/rar9993/repos/research/fdroid_apps/native_apps/Rumble/NONE_TRANSFORMED_;/src/main/java/org/disrupted/rumble/userinterface/fragments/FragmentNetworkDrawer.java;file:/src/main/java/org/disrupted/rumble/userinterface/fragments/FragmentNetworkDrawer.java
DroppedData;DAAP;/Users/rar9993/repos/research/fdroid_apps/native_apps/Rumble/NONE_TRANSFORMED_;/src/main/java/org/disrupted/rumble/userinterface/fragments/FragmentHashtagList.java;file:/src/main/java/org/disrupted/rumble/userinterface/fragments/FragmentHashtagList.java
DroppedData;DAAP;/Users/rar9993/repos/research/fdroid_apps/native_apps/Rumble/NONE_TRANSFORMED_;/src/main/java/org/disrupted/rumble/userinterface/fragments/FragmentStatusList.java;file:/src/main/java/org/disrupted/rumble/userinterface/fragments/FragmentStatusList.java
DroppedData;DAAP;/Users/rar9993/repos/research/fdroid_apps/native_apps/Rumble/NONE_TRANSFORMED_;/src/main/java/org/disrupted/rumble/userinterface/fragments/FragmentNavigationDrawer.java;file:/src/main/java/org/disrupted/rumble/userinterface/fragments/FragmentNavigationDrawer.java
DroppedData;DAAP;/Users/rar9993/repos/research/fdroid_apps/native_apps/Rumble/NONE_TRANSFORMED_;/src/main/java/org/disrupted/rumble/userinterface/fragments/FragmentContactInfo.java;file:/src/main/java/org/disrupted/rumble/userinterface/fragments/FragmentContactInfo.java
DroppedData;DAAP;/Users/rar9993/repos/research/fdroid_apps/native_apps/Rumble/NONE_TRANSFORMED_;/src/main/java/org/disrupted/rumble/userinterface/fragments/FragmentContactList.java;file:/src/main/java/org/disrupted/rumble/userinterface/fragments/FragmentContactList.java
DroppedData;DAAP;/Users/rar9993/repos/research/fdroid_apps/native_apps/Rumble/NONE_TRANSFORMED_;/src/main/java/org/disrupted/rumble/userinterface/fragments/FragmentFavoriteList.java;file:/src/main/java/org/disrupted/rumble/userinterface/fragments/FragmentFavoriteList.java
DroppedData;DAAP;/Users/rar9993/repos/research/fdroid_apps/native_apps/Rumble/NONE_TRANSFORMED_;/src/main/java/org/disrupted/rumble/userinterface/fragments/FragmentChatMessageList.java;file:/src/main/java/org/disrupted/rumble/userinterface/fragments/FragmentChatMessageList.java
DroppedData;DAAP;/Users/rar9993/repos/research/fdroid_apps/native_apps/Rumble/NONE_TRANSFORMED_;/src/main/java/org/disrupted/rumble/userinterface/fragments/FragmentGroupList.java;file:/src/main/java/org/disrupted/rumble/userinterface/fragments/FragmentGroupList.java
DroppedData;DAAP;/Users/rar9993/repos/research/fdroid_apps/native_apps/Rumble/NONE_TRANSFORMED_;/src/main/java/org/disrupted/rumble/userinterface/activity/HashtagDetailActivity.java;file:/src/main/java/org/disrupted/rumble/userinterface/activity/HashtagDetailActivity.java
DroppedData;DAAP;/Users/rar9993/repos/research/fdroid_apps/native_apps/Rumble/NONE_TRANSFORMED_;/src/main/java/org/disrupted/rumble/userinterface/activity/settings/StorageActivity.java;file:/src/main/java/org/disrupted/rumble/userinterface/activity/settings/StorageActivity.java
DroppedData;DAAP;/Users/rar9993/repos/research/fdroid_apps/native_apps/Rumble/NONE_TRANSFORMED_;/src/main/java/org/disrupted/rumble/userinterface/activity/settings/LicenceActivity.java;file:/src/main/java/org/disrupted/rumble/userinterface/activity/settings/LicenceActivity.java
DroppedData;DAAP;/Users/rar9993/repos/research/fdroid_apps/native_apps/Rumble/NONE_TRANSFORMED_;/src/main/java/org/disrupted/rumble/userinterface/activity/settings/StatisticActivity.java;file:/src/main/java/org/disrupted/rumble/userinterface/activity/settings/StatisticActivity.java
DroppedData;DAAP;/Users/rar9993/repos/research/fdroid_apps/native_apps/Rumble/NONE_TRANSFORMED_;/src/main/java/org/disrupted/rumble/userinterface/activity/settings/DebugActivity.java;file:/src/main/java/org/disrupted/rumble/userinterface/activity/settings/DebugActivity.java
DroppedData;DAAP;/Users/rar9993/repos/research/fdroid_apps/native_apps/Rumble/NONE_TRANSFORMED_;/src/main/java/org/disrupted/rumble/userinterface/activity/settings/MiscellaneousActivity.java;file:/src/main/java/org/disrupted/rumble/userinterface/activity/settings/MiscellaneousActivity.java
DroppedData;DAAP;/Users/rar9993/repos/research/fdroid_apps/native_apps/Rumble/NONE_TRANSFORMED_;/src/main/java/org/disrupted/rumble/userinterface/activity/settings/AboutActivity.java;file:/src/main/java/org/disrupted/rumble/userinterface/activity/settings/AboutActivity.java
DroppedData;DAAP;/Users/rar9993/repos/research/fdroid_apps/native_apps/Rumble/NONE_TRANSFORMED_;/src/main/java/org/disrupted/rumble/userinterface/activity/PopupComposeStatus.java;file:/src/main/java/org/disrupted/rumble/userinterface/activity/PopupComposeStatus.java
DroppedData;DAAP;/Users/rar9993/repos/research/fdroid_apps/native_apps/Rumble/NONE_TRANSFORMED_;/src/main/java/org/disrupted/rumble/userinterface/activity/DisplayQRCode.java;file:/src/main/java/org/disrupted/rumble/userinterface/activity/DisplayQRCode.java
DroppedData;DAAP;/Users/rar9993/repos/research/fdroid_apps/native_apps/Rumble/NONE_TRANSFORMED_;/src/main/java/org/disrupted/rumble/userinterface/activity/RoutingActivity.java;file:/src/main/java/org/disrupted/rumble/userinterface/activity/RoutingActivity.java
DroppedData;DAAP;/Users/rar9993/repos/research/fdroid_apps/native_apps/Rumble/NONE_TRANSFORMED_;/src/main/java/org/disrupted/rumble/userinterface/activity/HashtagListActivity.java;file:/src/main/java/org/disrupted/rumble/userinterface/activity/HashtagListActivity.java
DroppedData;DAAP;/Users/rar9993/repos/research/fdroid_apps/native_apps/Rumble/NONE_TRANSFORMED_;/src/main/java/org/disrupted/rumble/userinterface/activity/GroupDetailActivity.java;file:/src/main/java/org/disrupted/rumble/userinterface/activity/GroupDetailActivity.java
DroppedData;DAAP;/Users/rar9993/repos/research/fdroid_apps/native_apps/Rumble/NONE_TRANSFORMED_;/src/main/java/org/disrupted/rumble/userinterface/activity/ContactDetailActivity.java;file:/src/main/java/org/disrupted/rumble/userinterface/activity/ContactDetailActivity.java
DroppedData;DAAP;/Users/rar9993/repos/research/fdroid_apps/native_apps/Rumble/NONE_TRANSFORMED_;/src/main/java/org/disrupted/rumble/userinterface/activity/GroupListActivity.java;file:/src/main/java/org/disrupted/rumble/userinterface/activity/GroupListActivity.java
DroppedData;DAAP;/Users/rar9993/repos/research/fdroid_apps/native_apps/Rumble/NONE_TRANSFORMED_;/src/main/java/org/disrupted/rumble/userinterface/activity/ContactListActivity.java;file:/src/main/java/org/disrupted/rumble/userinterface/activity/ContactListActivity.java
DroppedData;DAAP;/Users/rar9993/repos/research/fdroid_apps/native_apps/Rumble/NONE_TRANSFORMED_;/src/main/java/org/disrupted/rumble/userinterface/activity/DisplayStatusActivity.java;file:/src/main/java/org/disrupted/rumble/userinterface/activity/DisplayStatusActivity.java
DroppedData;DAAP;/Users/rar9993/repos/research/fdroid_apps/native_apps/Rumble/NONE_TRANSFORMED_;/src/main/java/org/disrupted/rumble/userinterface/activity/LoginScreen.java;file:/src/main/java/org/disrupted/rumble/userinterface/activity/LoginScreen.java
DroppedData;DAAP;/Users/rar9993/repos/research/fdroid_apps/native_apps/Rumble/NONE_TRANSFORMED_;/src/main/java/org/disrupted/rumble/userinterface/activity/DisplayImage.java;file:/src/main/java/org/disrupted/rumble/userinterface/activity/DisplayImage.java
DroppedData;DAAP;/Users/rar9993/repos/research/fdroid_apps/native_apps/Rumble/NONE_TRANSFORMED_;/src/main/java/org/disrupted/rumble/userinterface/activity/HomeActivity.java;file:/src/main/java/org/disrupted/rumble/userinterface/activity/HomeActivity.java
DroppedData;DAAP;/Users/rar9993/repos/research/fdroid_apps/native_apps/Rumble/NONE_TRANSFORMED_;/src/main/java/org/disrupted/rumble/userinterface/activity/PopupInputGroupKey.java;file:/src/main/java/org/disrupted/rumble/userinterface/activity/PopupInputGroupKey.java
DroppedData;DAAP;/Users/rar9993/repos/research/fdroid_apps/native_apps/Rumble/NONE_TRANSFORMED_;/src/main/java/org/disrupted/rumble/userinterface/activity/SettingsActivity.java;file:/src/main/java/org/disrupted/rumble/userinterface/activity/SettingsActivity.java
DroppedData;DAAP;/Users/rar9993/repos/research/fdroid_apps/native_apps/Rumble/NONE_TRANSFORMED_;/src/main/java/org/disrupted/rumble/userinterface/activity/PopupCreateGroup.java;file:/src/main/java/org/disrupted/rumble/userinterface/activity/PopupCreateGroup.java
DroppedData;DAAP;/Users/rar9993/repos/research/fdroid_apps/native_apps/Rumble/NONE_TRANSFORMED_;/src/main/java/org/disrupted/rumble/userinterface/adapter/GroupDetailPagerAdapter.java;file:/src/main/java/org/disrupted/rumble/userinterface/adapter/GroupDetailPagerAdapter.java
DroppedData;DAAP;/Users/rar9993/repos/research/fdroid_apps/native_apps/Rumble/NONE_TRANSFORMED_;/src/main/java/org/disrupted/rumble/userinterface/adapter/HomePagerAdapter.java;file:/src/main/java/org/disrupted/rumble/userinterface/adapter/HomePagerAdapter.java
DroppedData;DAAP;/Users/rar9993/repos/research/fdroid_apps/native_apps/Rumble/NONE_TRANSFORMED_;/src/main/java/org/disrupted/rumble/userinterface/adapter/ContactDetailPagerAdapter.java;file:/src/main/java/org/disrupted/rumble/userinterface/adapter/ContactDetailPagerAdapter.java
