Issue;Tool;Project;File;Location
SlowForLoop;aDoctor;/Users/rar9993/repos/research/fdroid_apps/native_apps/limbo/NONE_TRANSFORMED_;/Users/rar9993/repos/research/fdroid_apps/native_apps/limbo/limbo-android-lib/src/main/java/org/libsdl/app/SDLAudioManager.java;file:/Users/rar9993/repos/research/fdroid_apps/native_apps/limbo/limbo-android-lib/src/main/java/org/libsdl/app/SDLAudioManager.java|class:org.libsdl.app.SDLAudioManager
LeakingThread;aDoctor;/Users/rar9993/repos/research/fdroid_apps/native_apps/limbo/NONE_TRANSFORMED_;/Users/rar9993/repos/research/fdroid_apps/native_apps/limbo/limbo-android-lib/src/main/java/org/libsdl/app/SDLActivity.java;file:/Users/rar9993/repos/research/fdroid_apps/native_apps/limbo/limbo-android-lib/src/main/java/org/libsdl/app/SDLActivity.java|class:org.libsdl.app.SDLActivity
MemberIgnoringMethod;aDoctor;/Users/rar9993/repos/research/fdroid_apps/native_apps/limbo/NONE_TRANSFORMED_;/Users/rar9993/repos/research/fdroid_apps/native_apps/limbo/limbo-android-lib/src/main/java/org/libsdl/app/SDLActivity.java;file:/Users/rar9993/repos/research/fdroid_apps/native_apps/limbo/limbo-android-lib/src/main/java/org/libsdl/app/SDLActivity.java|class:org.libsdl.app.SDLActivity
SlowForLoop;aDoctor;/Users/rar9993/repos/research/fdroid_apps/native_apps/limbo/NONE_TRANSFORMED_;/Users/rar9993/repos/research/fdroid_apps/native_apps/limbo/limbo-android-lib/src/main/java/org/libsdl/app/SDLActivity.java;file:/Users/rar9993/repos/research/fdroid_apps/native_apps/limbo/limbo-android-lib/src/main/java/org/libsdl/app/SDLActivity.java|class:org.libsdl.app.SDLActivity
LeakingThread;aDoctor;/Users/rar9993/repos/research/fdroid_apps/native_apps/limbo/NONE_TRANSFORMED_;/Users/rar9993/repos/research/fdroid_apps/native_apps/limbo/limbo-android-lib/src/main/java/com/max2idea/android/limbo/ui/SpinnerAdapter.java;file:/Users/rar9993/repos/research/fdroid_apps/native_apps/limbo/limbo-android-lib/src/main/java/com/max2idea/android/limbo/ui/SpinnerAdapter.java|class:com.max2idea.android.limbo.ui.SpinnerAdapter
MemberIgnoringMethod;aDoctor;/Users/rar9993/repos/research/fdroid_apps/native_apps/limbo/NONE_TRANSFORMED_;/Users/rar9993/repos/research/fdroid_apps/native_apps/limbo/limbo-android-lib/src/main/java/com/max2idea/android/limbo/ui/SpinnerAdapter.java;file:/Users/rar9993/repos/research/fdroid_apps/native_apps/limbo/limbo-android-lib/src/main/java/com/max2idea/android/limbo/ui/SpinnerAdapter.java|class:com.max2idea.android.limbo.ui.SpinnerAdapter
SlowForLoop;aDoctor;/Users/rar9993/repos/research/fdroid_apps/native_apps/limbo/NONE_TRANSFORMED_;/Users/rar9993/repos/research/fdroid_apps/native_apps/limbo/limbo-android-lib/src/main/java/com/max2idea/android/limbo/ui/SpinnerAdapter.java;file:/Users/rar9993/repos/research/fdroid_apps/native_apps/limbo/limbo-android-lib/src/main/java/com/max2idea/android/limbo/ui/SpinnerAdapter.java|class:com.max2idea.android.limbo.ui.SpinnerAdapter
LeakingThread;aDoctor;/Users/rar9993/repos/research/fdroid_apps/native_apps/limbo/NONE_TRANSFORMED_;/Users/rar9993/repos/research/fdroid_apps/native_apps/limbo/limbo-android-lib/src/main/java/com/max2idea/android/limbo/install/Installer.java;file:/Users/rar9993/repos/research/fdroid_apps/native_apps/limbo/limbo-android-lib/src/main/java/com/max2idea/android/limbo/install/Installer.java|class:com.max2idea.android.limbo.install.Installer
LeakingThread;aDoctor;/Users/rar9993/repos/research/fdroid_apps/native_apps/limbo/NONE_TRANSFORMED_;/Users/rar9993/repos/research/fdroid_apps/native_apps/limbo/limbo-android-lib/src/main/java/com/max2idea/android/limbo/toast/ToastUtils.java;file:/Users/rar9993/repos/research/fdroid_apps/native_apps/limbo/limbo-android-lib/src/main/java/com/max2idea/android/limbo/toast/ToastUtils.java|class:com.max2idea.android.limbo.toast.ToastUtils
MemberIgnoringMethod;aDoctor;/Users/rar9993/repos/research/fdroid_apps/native_apps/limbo/NONE_TRANSFORMED_;/Users/rar9993/repos/research/fdroid_apps/native_apps/limbo/limbo-android-lib/src/main/java/com/max2idea/android/limbo/toast/ToastUtils.java;file:/Users/rar9993/repos/research/fdroid_apps/native_apps/limbo/limbo-android-lib/src/main/java/com/max2idea/android/limbo/toast/ToastUtils.java|class:com.max2idea.android.limbo.toast.ToastUtils
SlowForLoop;aDoctor;/Users/rar9993/repos/research/fdroid_apps/native_apps/limbo/NONE_TRANSFORMED_;/Users/rar9993/repos/research/fdroid_apps/native_apps/limbo/limbo-android-lib/src/main/java/com/max2idea/android/limbo/network/NetworkUtils.java;file:/Users/rar9993/repos/research/fdroid_apps/native_apps/limbo/limbo-android-lib/src/main/java/com/max2idea/android/limbo/network/NetworkUtils.java|class:com.max2idea.android.limbo.network.NetworkUtils
LeakingThread;aDoctor;/Users/rar9993/repos/research/fdroid_apps/native_apps/limbo/NONE_TRANSFORMED_;/Users/rar9993/repos/research/fdroid_apps/native_apps/limbo/limbo-android-lib/src/main/java/com/max2idea/android/limbo/updates/UpdateChecker.java;file:/Users/rar9993/repos/research/fdroid_apps/native_apps/limbo/limbo-android-lib/src/main/java/com/max2idea/android/limbo/updates/UpdateChecker.java|class:com.max2idea.android.limbo.updates.UpdateChecker
MemberIgnoringMethod;aDoctor;/Users/rar9993/repos/research/fdroid_apps/native_apps/limbo/NONE_TRANSFORMED_;/Users/rar9993/repos/research/fdroid_apps/native_apps/limbo/limbo-android-lib/src/main/java/com/max2idea/android/limbo/updates/UpdateChecker.java;file:/Users/rar9993/repos/research/fdroid_apps/native_apps/limbo/limbo-android-lib/src/main/java/com/max2idea/android/limbo/updates/UpdateChecker.java|class:com.max2idea.android.limbo.updates.UpdateChecker
MemberIgnoringMethod;aDoctor;/Users/rar9993/repos/research/fdroid_apps/native_apps/limbo/NONE_TRANSFORMED_;/Users/rar9993/repos/research/fdroid_apps/native_apps/limbo/limbo-android-lib/src/main/java/com/max2idea/android/limbo/dialog/DialogUtils.java;file:/Users/rar9993/repos/research/fdroid_apps/native_apps/limbo/limbo-android-lib/src/main/java/com/max2idea/android/limbo/dialog/DialogUtils.java|class:com.max2idea.android.limbo.dialog.DialogUtils
LeakingInnerClass;aDoctor;/Users/rar9993/repos/research/fdroid_apps/native_apps/limbo/NONE_TRANSFORMED_;/Users/rar9993/repos/research/fdroid_apps/native_apps/limbo/limbo-android-lib/src/main/java/com/max2idea/android/limbo/keymapper/KeyMapManager.java;file:/Users/rar9993/repos/research/fdroid_apps/native_apps/limbo/limbo-android-lib/src/main/java/com/max2idea/android/limbo/keymapper/KeyMapManager.java|class:com.max2idea.android.limbo.keymapper.KeyMapManager
LeakingThread;aDoctor;/Users/rar9993/repos/research/fdroid_apps/native_apps/limbo/NONE_TRANSFORMED_;/Users/rar9993/repos/research/fdroid_apps/native_apps/limbo/limbo-android-lib/src/main/java/com/max2idea/android/limbo/keymapper/KeyMapManager.java;file:/Users/rar9993/repos/research/fdroid_apps/native_apps/limbo/limbo-android-lib/src/main/java/com/max2idea/android/limbo/keymapper/KeyMapManager.java|class:com.max2idea.android.limbo.keymapper.KeyMapManager
MemberIgnoringMethod;aDoctor;/Users/rar9993/repos/research/fdroid_apps/native_apps/limbo/NONE_TRANSFORMED_;/Users/rar9993/repos/research/fdroid_apps/native_apps/limbo/limbo-android-lib/src/main/java/com/max2idea/android/limbo/keymapper/KeyMapManager.java;file:/Users/rar9993/repos/research/fdroid_apps/native_apps/limbo/limbo-android-lib/src/main/java/com/max2idea/android/limbo/keymapper/KeyMapManager.java|class:com.max2idea.android.limbo.keymapper.KeyMapManager
SlowForLoop;aDoctor;/Users/rar9993/repos/research/fdroid_apps/native_apps/limbo/NONE_TRANSFORMED_;/Users/rar9993/repos/research/fdroid_apps/native_apps/limbo/limbo-android-lib/src/main/java/com/max2idea/android/limbo/keymapper/KeyMapManager.java;file:/Users/rar9993/repos/research/fdroid_apps/native_apps/limbo/limbo-android-lib/src/main/java/com/max2idea/android/limbo/keymapper/KeyMapManager.java|class:com.max2idea.android.limbo.keymapper.KeyMapManager
SlowForLoop;aDoctor;/Users/rar9993/repos/research/fdroid_apps/native_apps/limbo/NONE_TRANSFORMED_;/Users/rar9993/repos/research/fdroid_apps/native_apps/limbo/limbo-android-lib/src/main/java/com/max2idea/android/limbo/keymapper/KeyMapper.java;file:/Users/rar9993/repos/research/fdroid_apps/native_apps/limbo/limbo-android-lib/src/main/java/com/max2idea/android/limbo/keymapper/KeyMapper.java|class:com.max2idea.android.limbo.keymapper.KeyMapper
HashmapUsage;aDoctor;/Users/rar9993/repos/research/fdroid_apps/native_apps/limbo/NONE_TRANSFORMED_;/Users/rar9993/repos/research/fdroid_apps/native_apps/limbo/limbo-android-lib/src/main/java/com/max2idea/android/limbo/keymapper/KeySurfaceView.java;file:/Users/rar9993/repos/research/fdroid_apps/native_apps/limbo/limbo-android-lib/src/main/java/com/max2idea/android/limbo/keymapper/KeySurfaceView.java|class:com.max2idea.android.limbo.keymapper.KeySurfaceView
LeakingThread;aDoctor;/Users/rar9993/repos/research/fdroid_apps/native_apps/limbo/NONE_TRANSFORMED_;/Users/rar9993/repos/research/fdroid_apps/native_apps/limbo/limbo-android-lib/src/main/java/com/max2idea/android/limbo/keymapper/KeySurfaceView.java;file:/Users/rar9993/repos/research/fdroid_apps/native_apps/limbo/limbo-android-lib/src/main/java/com/max2idea/android/limbo/keymapper/KeySurfaceView.java|class:com.max2idea.android.limbo.keymapper.KeySurfaceView
MemberIgnoringMethod;aDoctor;/Users/rar9993/repos/research/fdroid_apps/native_apps/limbo/NONE_TRANSFORMED_;/Users/rar9993/repos/research/fdroid_apps/native_apps/limbo/limbo-android-lib/src/main/java/com/max2idea/android/limbo/keymapper/KeySurfaceView.java;file:/Users/rar9993/repos/research/fdroid_apps/native_apps/limbo/limbo-android-lib/src/main/java/com/max2idea/android/limbo/keymapper/KeySurfaceView.java|class:com.max2idea.android.limbo.keymapper.KeySurfaceView
SlowForLoop;aDoctor;/Users/rar9993/repos/research/fdroid_apps/native_apps/limbo/NONE_TRANSFORMED_;/Users/rar9993/repos/research/fdroid_apps/native_apps/limbo/limbo-android-lib/src/main/java/com/max2idea/android/limbo/keymapper/KeySurfaceView.java;file:/Users/rar9993/repos/research/fdroid_apps/native_apps/limbo/limbo-android-lib/src/main/java/com/max2idea/android/limbo/keymapper/KeySurfaceView.java|class:com.max2idea.android.limbo.keymapper.KeySurfaceView
MemberIgnoringMethod;aDoctor;/Users/rar9993/repos/research/fdroid_apps/native_apps/limbo/NONE_TRANSFORMED_;/Users/rar9993/repos/research/fdroid_apps/native_apps/limbo/limbo-android-lib/src/main/java/com/max2idea/android/limbo/links/LinksManager.java;file:/Users/rar9993/repos/research/fdroid_apps/native_apps/limbo/limbo-android-lib/src/main/java/com/max2idea/android/limbo/links/LinksManager.java|class:com.max2idea.android.limbo.links.LinksManager
InternalGetterSetter;aDoctor;/Users/rar9993/repos/research/fdroid_apps/native_apps/limbo/NONE_TRANSFORMED_;/Users/rar9993/repos/research/fdroid_apps/native_apps/limbo/limbo-android-lib/src/main/java/com/max2idea/android/limbo/machine/FavOpenHelper.java;file:/Users/rar9993/repos/research/fdroid_apps/native_apps/limbo/limbo-android-lib/src/main/java/com/max2idea/android/limbo/machine/FavOpenHelper.java|class:com.max2idea.android.limbo.machine.FavOpenHelper
UnclosedCloseable;aDoctor;/Users/rar9993/repos/research/fdroid_apps/native_apps/limbo/NONE_TRANSFORMED_;/Users/rar9993/repos/research/fdroid_apps/native_apps/limbo/limbo-android-lib/src/main/java/com/max2idea/android/limbo/machine/MachineFilePaths.java;file:/Users/rar9993/repos/research/fdroid_apps/native_apps/limbo/limbo-android-lib/src/main/java/com/max2idea/android/limbo/machine/MachineFilePaths.java|class:com.max2idea.android.limbo.machine.MachineFilePaths
MemberIgnoringMethod;aDoctor;/Users/rar9993/repos/research/fdroid_apps/native_apps/limbo/NONE_TRANSFORMED_;/Users/rar9993/repos/research/fdroid_apps/native_apps/limbo/limbo-android-lib/src/main/java/com/max2idea/android/limbo/machine/Machine.java;file:/Users/rar9993/repos/research/fdroid_apps/native_apps/limbo/limbo-android-lib/src/main/java/com/max2idea/android/limbo/machine/Machine.java|class:com.max2idea.android.limbo.machine.Machine
UnclosedCloseable;aDoctor;/Users/rar9993/repos/research/fdroid_apps/native_apps/limbo/NONE_TRANSFORMED_;/Users/rar9993/repos/research/fdroid_apps/native_apps/limbo/limbo-android-lib/src/main/java/com/max2idea/android/limbo/machine/Machine.java;file:/Users/rar9993/repos/research/fdroid_apps/native_apps/limbo/limbo-android-lib/src/main/java/com/max2idea/android/limbo/machine/Machine.java|class:com.max2idea.android.limbo.machine.Machine
InternalGetterSetter;aDoctor;/Users/rar9993/repos/research/fdroid_apps/native_apps/limbo/NONE_TRANSFORMED_;/Users/rar9993/repos/research/fdroid_apps/native_apps/limbo/limbo-android-lib/src/main/java/com/max2idea/android/limbo/machine/MachineOpenHelper.java;file:/Users/rar9993/repos/research/fdroid_apps/native_apps/limbo/limbo-android-lib/src/main/java/com/max2idea/android/limbo/machine/MachineOpenHelper.java|class:com.max2idea.android.limbo.machine.MachineOpenHelper
LeakingThread;aDoctor;/Users/rar9993/repos/research/fdroid_apps/native_apps/limbo/NONE_TRANSFORMED_;/Users/rar9993/repos/research/fdroid_apps/native_apps/limbo/limbo-android-lib/src/main/java/com/max2idea/android/limbo/machine/MachineOpenHelper.java;file:/Users/rar9993/repos/research/fdroid_apps/native_apps/limbo/limbo-android-lib/src/main/java/com/max2idea/android/limbo/machine/MachineOpenHelper.java|class:com.max2idea.android.limbo.machine.MachineOpenHelper
MemberIgnoringMethod;aDoctor;/Users/rar9993/repos/research/fdroid_apps/native_apps/limbo/NONE_TRANSFORMED_;/Users/rar9993/repos/research/fdroid_apps/native_apps/limbo/limbo-android-lib/src/main/java/com/max2idea/android/limbo/machine/MachineOpenHelper.java;file:/Users/rar9993/repos/research/fdroid_apps/native_apps/limbo/limbo-android-lib/src/main/java/com/max2idea/android/limbo/machine/MachineOpenHelper.java|class:com.max2idea.android.limbo.machine.MachineOpenHelper
SlowForLoop;aDoctor;/Users/rar9993/repos/research/fdroid_apps/native_apps/limbo/NONE_TRANSFORMED_;/Users/rar9993/repos/research/fdroid_apps/native_apps/limbo/limbo-android-lib/src/main/java/com/max2idea/android/limbo/machine/MachineOpenHelper.java;file:/Users/rar9993/repos/research/fdroid_apps/native_apps/limbo/limbo-android-lib/src/main/java/com/max2idea/android/limbo/machine/MachineOpenHelper.java|class:com.max2idea.android.limbo.machine.MachineOpenHelper
DataTransmissionWithoutCompression;aDoctor;/Users/rar9993/repos/research/fdroid_apps/native_apps/limbo/NONE_TRANSFORMED_;/Users/rar9993/repos/research/fdroid_apps/native_apps/limbo/limbo-android-lib/src/main/java/com/max2idea/android/limbo/machine/MachineExporter.java;file:/Users/rar9993/repos/research/fdroid_apps/native_apps/limbo/limbo-android-lib/src/main/java/com/max2idea/android/limbo/machine/MachineExporter.java|class:com.max2idea.android.limbo.machine.MachineExporter
InternalGetterSetter;aDoctor;/Users/rar9993/repos/research/fdroid_apps/native_apps/limbo/NONE_TRANSFORMED_;/Users/rar9993/repos/research/fdroid_apps/native_apps/limbo/limbo-android-lib/src/main/java/com/max2idea/android/limbo/machine/MachineController.java;file:/Users/rar9993/repos/research/fdroid_apps/native_apps/limbo/limbo-android-lib/src/main/java/com/max2idea/android/limbo/machine/MachineController.java|class:com.max2idea.android.limbo.machine.MachineController
LeakingInnerClass;aDoctor;/Users/rar9993/repos/research/fdroid_apps/native_apps/limbo/NONE_TRANSFORMED_;/Users/rar9993/repos/research/fdroid_apps/native_apps/limbo/limbo-android-lib/src/main/java/com/max2idea/android/limbo/machine/MachineController.java;file:/Users/rar9993/repos/research/fdroid_apps/native_apps/limbo/limbo-android-lib/src/main/java/com/max2idea/android/limbo/machine/MachineController.java|class:com.max2idea.android.limbo.machine.MachineController
LeakingThread;aDoctor;/Users/rar9993/repos/research/fdroid_apps/native_apps/limbo/NONE_TRANSFORMED_;/Users/rar9993/repos/research/fdroid_apps/native_apps/limbo/limbo-android-lib/src/main/java/com/max2idea/android/limbo/machine/MachineController.java;file:/Users/rar9993/repos/research/fdroid_apps/native_apps/limbo/limbo-android-lib/src/main/java/com/max2idea/android/limbo/machine/MachineController.java|class:com.max2idea.android.limbo.machine.MachineController
MemberIgnoringMethod;aDoctor;/Users/rar9993/repos/research/fdroid_apps/native_apps/limbo/NONE_TRANSFORMED_;/Users/rar9993/repos/research/fdroid_apps/native_apps/limbo/limbo-android-lib/src/main/java/com/max2idea/android/limbo/machine/MachineController.java;file:/Users/rar9993/repos/research/fdroid_apps/native_apps/limbo/limbo-android-lib/src/main/java/com/max2idea/android/limbo/machine/MachineController.java|class:com.max2idea.android.limbo.machine.MachineController
DataTransmissionWithoutCompression;aDoctor;/Users/rar9993/repos/research/fdroid_apps/native_apps/limbo/NONE_TRANSFORMED_;/Users/rar9993/repos/research/fdroid_apps/native_apps/limbo/limbo-android-lib/src/main/java/com/max2idea/android/limbo/machine/BIOSImporter.java;file:/Users/rar9993/repos/research/fdroid_apps/native_apps/limbo/limbo-android-lib/src/main/java/com/max2idea/android/limbo/machine/BIOSImporter.java|class:com.max2idea.android.limbo.machine.BIOSImporter
LeakingThread;aDoctor;/Users/rar9993/repos/research/fdroid_apps/native_apps/limbo/NONE_TRANSFORMED_;/Users/rar9993/repos/research/fdroid_apps/native_apps/limbo/limbo-android-lib/src/main/java/com/max2idea/android/limbo/machine/BIOSImporter.java;file:/Users/rar9993/repos/research/fdroid_apps/native_apps/limbo/limbo-android-lib/src/main/java/com/max2idea/android/limbo/machine/BIOSImporter.java|class:com.max2idea.android.limbo.machine.BIOSImporter
MemberIgnoringMethod;aDoctor;/Users/rar9993/repos/research/fdroid_apps/native_apps/limbo/NONE_TRANSFORMED_;/Users/rar9993/repos/research/fdroid_apps/native_apps/limbo/limbo-android-lib/src/main/java/com/max2idea/android/limbo/machine/BIOSImporter.java;file:/Users/rar9993/repos/research/fdroid_apps/native_apps/limbo/limbo-android-lib/src/main/java/com/max2idea/android/limbo/machine/BIOSImporter.java|class:com.max2idea.android.limbo.machine.BIOSImporter
MemberIgnoringMethod;aDoctor;/Users/rar9993/repos/research/fdroid_apps/native_apps/limbo/NONE_TRANSFORMED_;/Users/rar9993/repos/research/fdroid_apps/native_apps/limbo/limbo-android-lib/src/main/java/com/max2idea/android/limbo/machine/MachineExecutor.java;file:/Users/rar9993/repos/research/fdroid_apps/native_apps/limbo/limbo-android-lib/src/main/java/com/max2idea/android/limbo/machine/MachineExecutor.java|class:com.max2idea.android.limbo.machine.MachineExecutor
LeakingThread;aDoctor;/Users/rar9993/repos/research/fdroid_apps/native_apps/limbo/NONE_TRANSFORMED_;/Users/rar9993/repos/research/fdroid_apps/native_apps/limbo/limbo-android-lib/src/main/java/com/max2idea/android/limbo/machine/MachineImporter.java;file:/Users/rar9993/repos/research/fdroid_apps/native_apps/limbo/limbo-android-lib/src/main/java/com/max2idea/android/limbo/machine/MachineImporter.java|class:com.max2idea.android.limbo.machine.MachineImporter
MemberIgnoringMethod;aDoctor;/Users/rar9993/repos/research/fdroid_apps/native_apps/limbo/NONE_TRANSFORMED_;/Users/rar9993/repos/research/fdroid_apps/native_apps/limbo/limbo-android-lib/src/main/java/com/max2idea/android/limbo/machine/MachineImporter.java;file:/Users/rar9993/repos/research/fdroid_apps/native_apps/limbo/limbo-android-lib/src/main/java/com/max2idea/android/limbo/machine/MachineImporter.java|class:com.max2idea.android.limbo.machine.MachineImporter
SlowForLoop;aDoctor;/Users/rar9993/repos/research/fdroid_apps/native_apps/limbo/NONE_TRANSFORMED_;/Users/rar9993/repos/research/fdroid_apps/native_apps/limbo/limbo-android-lib/src/main/java/com/max2idea/android/limbo/machine/MachineImporter.java;file:/Users/rar9993/repos/research/fdroid_apps/native_apps/limbo/limbo-android-lib/src/main/java/com/max2idea/android/limbo/machine/MachineImporter.java|class:com.max2idea.android.limbo.machine.MachineImporter
LeakingThread;aDoctor;/Users/rar9993/repos/research/fdroid_apps/native_apps/limbo/NONE_TRANSFORMED_;/Users/rar9993/repos/research/fdroid_apps/native_apps/limbo/limbo-android-lib/src/main/java/com/max2idea/android/limbo/machine/Dispatcher.java;file:/Users/rar9993/repos/research/fdroid_apps/native_apps/limbo/limbo-android-lib/src/main/java/com/max2idea/android/limbo/machine/Dispatcher.java|class:com.max2idea.android.limbo.machine.Dispatcher
MemberIgnoringMethod;aDoctor;/Users/rar9993/repos/research/fdroid_apps/native_apps/limbo/NONE_TRANSFORMED_;/Users/rar9993/repos/research/fdroid_apps/native_apps/limbo/limbo-android-lib/src/main/java/com/max2idea/android/limbo/machine/Dispatcher.java;file:/Users/rar9993/repos/research/fdroid_apps/native_apps/limbo/limbo-android-lib/src/main/java/com/max2idea/android/limbo/machine/Dispatcher.java|class:com.max2idea.android.limbo.machine.Dispatcher
LeakingInnerClass;aDoctor;/Users/rar9993/repos/research/fdroid_apps/native_apps/limbo/NONE_TRANSFORMED_;/Users/rar9993/repos/research/fdroid_apps/native_apps/limbo/limbo-android-lib/src/main/java/com/max2idea/android/limbo/machine/MachineService.java;file:/Users/rar9993/repos/research/fdroid_apps/native_apps/limbo/limbo-android-lib/src/main/java/com/max2idea/android/limbo/machine/MachineService.java|class:com.max2idea.android.limbo.machine.MachineService
LeakingThread;aDoctor;/Users/rar9993/repos/research/fdroid_apps/native_apps/limbo/NONE_TRANSFORMED_;/Users/rar9993/repos/research/fdroid_apps/native_apps/limbo/limbo-android-lib/src/main/java/com/max2idea/android/limbo/machine/MachineService.java;file:/Users/rar9993/repos/research/fdroid_apps/native_apps/limbo/limbo-android-lib/src/main/java/com/max2idea/android/limbo/machine/MachineService.java|class:com.max2idea.android.limbo.machine.MachineService
MemberIgnoringMethod;aDoctor;/Users/rar9993/repos/research/fdroid_apps/native_apps/limbo/NONE_TRANSFORMED_;/Users/rar9993/repos/research/fdroid_apps/native_apps/limbo/limbo-android-lib/src/main/java/com/max2idea/android/limbo/machine/MachineService.java;file:/Users/rar9993/repos/research/fdroid_apps/native_apps/limbo/limbo-android-lib/src/main/java/com/max2idea/android/limbo/machine/MachineService.java|class:com.max2idea.android.limbo.machine.MachineService
NoLowMemoryResolver;aDoctor;/Users/rar9993/repos/research/fdroid_apps/native_apps/limbo/NONE_TRANSFORMED_;/Users/rar9993/repos/research/fdroid_apps/native_apps/limbo/limbo-android-lib/src/main/java/com/max2idea/android/limbo/machine/MachineService.java;file:/Users/rar9993/repos/research/fdroid_apps/native_apps/limbo/limbo-android-lib/src/main/java/com/max2idea/android/limbo/machine/MachineService.java|class:com.max2idea.android.limbo.machine.MachineService
DataTransmissionWithoutCompression;aDoctor;/Users/rar9993/repos/research/fdroid_apps/native_apps/limbo/NONE_TRANSFORMED_;/Users/rar9993/repos/research/fdroid_apps/native_apps/limbo/limbo-android-lib/src/main/java/com/max2idea/android/limbo/files/FileUtils.java;file:/Users/rar9993/repos/research/fdroid_apps/native_apps/limbo/limbo-android-lib/src/main/java/com/max2idea/android/limbo/files/FileUtils.java|class:com.max2idea.android.limbo.files.FileUtils
HashmapUsage;aDoctor;/Users/rar9993/repos/research/fdroid_apps/native_apps/limbo/NONE_TRANSFORMED_;/Users/rar9993/repos/research/fdroid_apps/native_apps/limbo/limbo-android-lib/src/main/java/com/max2idea/android/limbo/files/FileUtils.java;file:/Users/rar9993/repos/research/fdroid_apps/native_apps/limbo/limbo-android-lib/src/main/java/com/max2idea/android/limbo/files/FileUtils.java|class:com.max2idea.android.limbo.files.FileUtils
LeakingThread;aDoctor;/Users/rar9993/repos/research/fdroid_apps/native_apps/limbo/NONE_TRANSFORMED_;/Users/rar9993/repos/research/fdroid_apps/native_apps/limbo/limbo-android-lib/src/main/java/com/max2idea/android/limbo/files/FileUtils.java;file:/Users/rar9993/repos/research/fdroid_apps/native_apps/limbo/limbo-android-lib/src/main/java/com/max2idea/android/limbo/files/FileUtils.java|class:com.max2idea.android.limbo.files.FileUtils
MemberIgnoringMethod;aDoctor;/Users/rar9993/repos/research/fdroid_apps/native_apps/limbo/NONE_TRANSFORMED_;/Users/rar9993/repos/research/fdroid_apps/native_apps/limbo/limbo-android-lib/src/main/java/com/max2idea/android/limbo/files/FileUtils.java;file:/Users/rar9993/repos/research/fdroid_apps/native_apps/limbo/limbo-android-lib/src/main/java/com/max2idea/android/limbo/files/FileUtils.java|class:com.max2idea.android.limbo.files.FileUtils
SlowForLoop;aDoctor;/Users/rar9993/repos/research/fdroid_apps/native_apps/limbo/NONE_TRANSFORMED_;/Users/rar9993/repos/research/fdroid_apps/native_apps/limbo/limbo-android-lib/src/main/java/com/max2idea/android/limbo/files/FileUtils.java;file:/Users/rar9993/repos/research/fdroid_apps/native_apps/limbo/limbo-android-lib/src/main/java/com/max2idea/android/limbo/files/FileUtils.java|class:com.max2idea.android.limbo.files.FileUtils
DataTransmissionWithoutCompression;aDoctor;/Users/rar9993/repos/research/fdroid_apps/native_apps/limbo/NONE_TRANSFORMED_;/Users/rar9993/repos/research/fdroid_apps/native_apps/limbo/limbo-android-lib/src/main/java/com/max2idea/android/limbo/files/FileInstaller.java;file:/Users/rar9993/repos/research/fdroid_apps/native_apps/limbo/limbo-android-lib/src/main/java/com/max2idea/android/limbo/files/FileInstaller.java|class:com.max2idea.android.limbo.files.FileInstaller
SlowForLoop;aDoctor;/Users/rar9993/repos/research/fdroid_apps/native_apps/limbo/NONE_TRANSFORMED_;/Users/rar9993/repos/research/fdroid_apps/native_apps/limbo/limbo-android-lib/src/main/java/com/max2idea/android/limbo/files/FileInstaller.java;file:/Users/rar9993/repos/research/fdroid_apps/native_apps/limbo/limbo-android-lib/src/main/java/com/max2idea/android/limbo/files/FileInstaller.java|class:com.max2idea.android.limbo.files.FileInstaller
DataTransmissionWithoutCompression;aDoctor;/Users/rar9993/repos/research/fdroid_apps/native_apps/limbo/NONE_TRANSFORMED_;/Users/rar9993/repos/research/fdroid_apps/native_apps/limbo/limbo-android-lib/src/main/java/com/max2idea/android/limbo/log/Logger.java;file:/Users/rar9993/repos/research/fdroid_apps/native_apps/limbo/limbo-android-lib/src/main/java/com/max2idea/android/limbo/log/Logger.java|class:com.max2idea.android.limbo.log.Logger
LeakingThread;aDoctor;/Users/rar9993/repos/research/fdroid_apps/native_apps/limbo/NONE_TRANSFORMED_;/Users/rar9993/repos/research/fdroid_apps/native_apps/limbo/limbo-android-lib/src/main/java/com/max2idea/android/limbo/log/Logger.java;file:/Users/rar9993/repos/research/fdroid_apps/native_apps/limbo/limbo-android-lib/src/main/java/com/max2idea/android/limbo/log/Logger.java|class:com.max2idea.android.limbo.log.Logger
MemberIgnoringMethod;aDoctor;/Users/rar9993/repos/research/fdroid_apps/native_apps/limbo/NONE_TRANSFORMED_;/Users/rar9993/repos/research/fdroid_apps/native_apps/limbo/limbo-android-lib/src/main/java/com/max2idea/android/limbo/log/Logger.java;file:/Users/rar9993/repos/research/fdroid_apps/native_apps/limbo/limbo-android-lib/src/main/java/com/max2idea/android/limbo/log/Logger.java|class:com.max2idea.android.limbo.log.Logger
DataTransmissionWithoutCompression;aDoctor;/Users/rar9993/repos/research/fdroid_apps/native_apps/limbo/NONE_TRANSFORMED_;/Users/rar9993/repos/research/fdroid_apps/native_apps/limbo/limbo-android-lib/src/main/java/com/max2idea/android/limbo/jni/VMExecutor.java;file:/Users/rar9993/repos/research/fdroid_apps/native_apps/limbo/limbo-android-lib/src/main/java/com/max2idea/android/limbo/jni/VMExecutor.java|class:com.max2idea.android.limbo.jni.VMExecutor
LeakingThread;aDoctor;/Users/rar9993/repos/research/fdroid_apps/native_apps/limbo/NONE_TRANSFORMED_;/Users/rar9993/repos/research/fdroid_apps/native_apps/limbo/limbo-android-lib/src/main/java/com/max2idea/android/limbo/jni/VMExecutor.java;file:/Users/rar9993/repos/research/fdroid_apps/native_apps/limbo/limbo-android-lib/src/main/java/com/max2idea/android/limbo/jni/VMExecutor.java|class:com.max2idea.android.limbo.jni.VMExecutor
MemberIgnoringMethod;aDoctor;/Users/rar9993/repos/research/fdroid_apps/native_apps/limbo/NONE_TRANSFORMED_;/Users/rar9993/repos/research/fdroid_apps/native_apps/limbo/limbo-android-lib/src/main/java/com/max2idea/android/limbo/jni/VMExecutor.java;file:/Users/rar9993/repos/research/fdroid_apps/native_apps/limbo/limbo-android-lib/src/main/java/com/max2idea/android/limbo/jni/VMExecutor.java|class:com.max2idea.android.limbo.jni.VMExecutor
SlowForLoop;aDoctor;/Users/rar9993/repos/research/fdroid_apps/native_apps/limbo/NONE_TRANSFORMED_;/Users/rar9993/repos/research/fdroid_apps/native_apps/limbo/limbo-android-lib/src/main/java/com/max2idea/android/limbo/jni/VMExecutor.java;file:/Users/rar9993/repos/research/fdroid_apps/native_apps/limbo/limbo-android-lib/src/main/java/com/max2idea/android/limbo/jni/VMExecutor.java|class:com.max2idea.android.limbo.jni.VMExecutor
LeakingThread;aDoctor;/Users/rar9993/repos/research/fdroid_apps/native_apps/limbo/NONE_TRANSFORMED_;/Users/rar9993/repos/research/fdroid_apps/native_apps/limbo/limbo-android-lib/src/main/java/com/max2idea/android/limbo/main/LimboSDLActivity.java;file:/Users/rar9993/repos/research/fdroid_apps/native_apps/limbo/limbo-android-lib/src/main/java/com/max2idea/android/limbo/main/LimboSDLActivity.java|class:com.max2idea.android.limbo.main.LimboSDLActivity
MemberIgnoringMethod;aDoctor;/Users/rar9993/repos/research/fdroid_apps/native_apps/limbo/NONE_TRANSFORMED_;/Users/rar9993/repos/research/fdroid_apps/native_apps/limbo/limbo-android-lib/src/main/java/com/max2idea/android/limbo/main/LimboSDLActivity.java;file:/Users/rar9993/repos/research/fdroid_apps/native_apps/limbo/limbo-android-lib/src/main/java/com/max2idea/android/limbo/main/LimboSDLActivity.java|class:com.max2idea.android.limbo.main.LimboSDLActivity
SlowForLoop;aDoctor;/Users/rar9993/repos/research/fdroid_apps/native_apps/limbo/NONE_TRANSFORMED_;/Users/rar9993/repos/research/fdroid_apps/native_apps/limbo/limbo-android-lib/src/main/java/com/max2idea/android/limbo/main/LimboSDLActivity.java;file:/Users/rar9993/repos/research/fdroid_apps/native_apps/limbo/limbo-android-lib/src/main/java/com/max2idea/android/limbo/main/LimboSDLActivity.java|class:com.max2idea.android.limbo.main.LimboSDLActivity
UnclosedCloseable;aDoctor;/Users/rar9993/repos/research/fdroid_apps/native_apps/limbo/NONE_TRANSFORMED_;/Users/rar9993/repos/research/fdroid_apps/native_apps/limbo/limbo-android-lib/src/main/java/com/max2idea/android/limbo/main/LimboSDLActivity.java;file:/Users/rar9993/repos/research/fdroid_apps/native_apps/limbo/limbo-android-lib/src/main/java/com/max2idea/android/limbo/main/LimboSDLActivity.java|class:com.max2idea.android.limbo.main.LimboSDLActivity
DataTransmissionWithoutCompression;aDoctor;/Users/rar9993/repos/research/fdroid_apps/native_apps/limbo/NONE_TRANSFORMED_;/Users/rar9993/repos/research/fdroid_apps/native_apps/limbo/limbo-android-lib/src/main/java/com/max2idea/android/limbo/main/LimboActivity.java;file:/Users/rar9993/repos/research/fdroid_apps/native_apps/limbo/limbo-android-lib/src/main/java/com/max2idea/android/limbo/main/LimboActivity.java|class:com.max2idea.android.limbo.main.LimboActivity
LeakingThread;aDoctor;/Users/rar9993/repos/research/fdroid_apps/native_apps/limbo/NONE_TRANSFORMED_;/Users/rar9993/repos/research/fdroid_apps/native_apps/limbo/limbo-android-lib/src/main/java/com/max2idea/android/limbo/main/LimboActivity.java;file:/Users/rar9993/repos/research/fdroid_apps/native_apps/limbo/limbo-android-lib/src/main/java/com/max2idea/android/limbo/main/LimboActivity.java|class:com.max2idea.android.limbo.main.LimboActivity
MemberIgnoringMethod;aDoctor;/Users/rar9993/repos/research/fdroid_apps/native_apps/limbo/NONE_TRANSFORMED_;/Users/rar9993/repos/research/fdroid_apps/native_apps/limbo/limbo-android-lib/src/main/java/com/max2idea/android/limbo/main/LimboActivity.java;file:/Users/rar9993/repos/research/fdroid_apps/native_apps/limbo/limbo-android-lib/src/main/java/com/max2idea/android/limbo/main/LimboActivity.java|class:com.max2idea.android.limbo.main.LimboActivity
NoLowMemoryResolver;aDoctor;/Users/rar9993/repos/research/fdroid_apps/native_apps/limbo/NONE_TRANSFORMED_;/Users/rar9993/repos/research/fdroid_apps/native_apps/limbo/limbo-android-lib/src/main/java/com/max2idea/android/limbo/main/LimboActivity.java;file:/Users/rar9993/repos/research/fdroid_apps/native_apps/limbo/limbo-android-lib/src/main/java/com/max2idea/android/limbo/main/LimboActivity.java|class:com.max2idea.android.limbo.main.LimboActivity
SlowForLoop;aDoctor;/Users/rar9993/repos/research/fdroid_apps/native_apps/limbo/NONE_TRANSFORMED_;/Users/rar9993/repos/research/fdroid_apps/native_apps/limbo/limbo-android-lib/src/main/java/com/max2idea/android/limbo/main/LimboActivity.java;file:/Users/rar9993/repos/research/fdroid_apps/native_apps/limbo/limbo-android-lib/src/main/java/com/max2idea/android/limbo/main/LimboActivity.java|class:com.max2idea.android.limbo.main.LimboActivity
LeakingThread;aDoctor;/Users/rar9993/repos/research/fdroid_apps/native_apps/limbo/NONE_TRANSFORMED_;/Users/rar9993/repos/research/fdroid_apps/native_apps/limbo/limbo-android-lib/src/main/java/com/max2idea/android/limbo/main/LimboActivityCommon.java;file:/Users/rar9993/repos/research/fdroid_apps/native_apps/limbo/limbo-android-lib/src/main/java/com/max2idea/android/limbo/main/LimboActivityCommon.java|class:com.max2idea.android.limbo.main.LimboActivityCommon
MemberIgnoringMethod;aDoctor;/Users/rar9993/repos/research/fdroid_apps/native_apps/limbo/NONE_TRANSFORMED_;/Users/rar9993/repos/research/fdroid_apps/native_apps/limbo/limbo-android-lib/src/main/java/com/max2idea/android/limbo/main/LimboActivityCommon.java;file:/Users/rar9993/repos/research/fdroid_apps/native_apps/limbo/limbo-android-lib/src/main/java/com/max2idea/android/limbo/main/LimboActivityCommon.java|class:com.max2idea.android.limbo.main.LimboActivityCommon
DataTransmissionWithoutCompression;aDoctor;/Users/rar9993/repos/research/fdroid_apps/native_apps/limbo/NONE_TRANSFORMED_;/Users/rar9993/repos/research/fdroid_apps/native_apps/limbo/limbo-android-lib/src/main/java/com/max2idea/android/limbo/main/LimboFileManager.java;file:/Users/rar9993/repos/research/fdroid_apps/native_apps/limbo/limbo-android-lib/src/main/java/com/max2idea/android/limbo/main/LimboFileManager.java|class:com.max2idea.android.limbo.main.LimboFileManager
LeakingThread;aDoctor;/Users/rar9993/repos/research/fdroid_apps/native_apps/limbo/NONE_TRANSFORMED_;/Users/rar9993/repos/research/fdroid_apps/native_apps/limbo/limbo-android-lib/src/main/java/com/max2idea/android/limbo/main/LimboFileManager.java;file:/Users/rar9993/repos/research/fdroid_apps/native_apps/limbo/limbo-android-lib/src/main/java/com/max2idea/android/limbo/main/LimboFileManager.java|class:com.max2idea.android.limbo.main.LimboFileManager
MemberIgnoringMethod;aDoctor;/Users/rar9993/repos/research/fdroid_apps/native_apps/limbo/NONE_TRANSFORMED_;/Users/rar9993/repos/research/fdroid_apps/native_apps/limbo/limbo-android-lib/src/main/java/com/max2idea/android/limbo/main/LimboFileManager.java;file:/Users/rar9993/repos/research/fdroid_apps/native_apps/limbo/limbo-android-lib/src/main/java/com/max2idea/android/limbo/main/LimboFileManager.java|class:com.max2idea.android.limbo.main.LimboFileManager
NoLowMemoryResolver;aDoctor;/Users/rar9993/repos/research/fdroid_apps/native_apps/limbo/NONE_TRANSFORMED_;/Users/rar9993/repos/research/fdroid_apps/native_apps/limbo/limbo-android-lib/src/main/java/com/max2idea/android/limbo/main/LimboFileManager.java;file:/Users/rar9993/repos/research/fdroid_apps/native_apps/limbo/limbo-android-lib/src/main/java/com/max2idea/android/limbo/main/LimboFileManager.java|class:com.max2idea.android.limbo.main.LimboFileManager
UnclosedCloseable;aDoctor;/Users/rar9993/repos/research/fdroid_apps/native_apps/limbo/NONE_TRANSFORMED_;/Users/rar9993/repos/research/fdroid_apps/native_apps/limbo/limbo-android-lib/src/main/java/com/max2idea/android/limbo/main/LimboFileManager.java;file:/Users/rar9993/repos/research/fdroid_apps/native_apps/limbo/limbo-android-lib/src/main/java/com/max2idea/android/limbo/main/LimboFileManager.java|class:com.max2idea.android.limbo.main.LimboFileManager
MemberIgnoringMethod;aDoctor;/Users/rar9993/repos/research/fdroid_apps/native_apps/limbo/NONE_TRANSFORMED_;/Users/rar9993/repos/research/fdroid_apps/native_apps/limbo/limbo-android-lib/src/main/java/com/max2idea/android/limbo/main/LimboSettingsManager.java;file:/Users/rar9993/repos/research/fdroid_apps/native_apps/limbo/limbo-android-lib/src/main/java/com/max2idea/android/limbo/main/LimboSettingsManager.java|class:com.max2idea.android.limbo.main.LimboSettingsManager
NoLowMemoryResolver;aDoctor;/Users/rar9993/repos/research/fdroid_apps/native_apps/limbo/NONE_TRANSFORMED_;/Users/rar9993/repos/research/fdroid_apps/native_apps/limbo/limbo-android-lib/src/main/java/com/max2idea/android/limbo/main/LimboSettingsManager.java;file:/Users/rar9993/repos/research/fdroid_apps/native_apps/limbo/limbo-android-lib/src/main/java/com/max2idea/android/limbo/main/LimboSettingsManager.java|class:com.max2idea.android.limbo.main.LimboSettingsManager
LeakingThread;aDoctor;/Users/rar9993/repos/research/fdroid_apps/native_apps/limbo/NONE_TRANSFORMED_;/Users/rar9993/repos/research/fdroid_apps/native_apps/limbo/limbo-android-lib/src/main/java/com/max2idea/android/limbo/main/DrivesDialogBox.java;file:/Users/rar9993/repos/research/fdroid_apps/native_apps/limbo/limbo-android-lib/src/main/java/com/max2idea/android/limbo/main/DrivesDialogBox.java|class:com.max2idea.android.limbo.main.DrivesDialogBox
MemberIgnoringMethod;aDoctor;/Users/rar9993/repos/research/fdroid_apps/native_apps/limbo/NONE_TRANSFORMED_;/Users/rar9993/repos/research/fdroid_apps/native_apps/limbo/limbo-android-lib/src/main/java/com/max2idea/android/limbo/main/DrivesDialogBox.java;file:/Users/rar9993/repos/research/fdroid_apps/native_apps/limbo/limbo-android-lib/src/main/java/com/max2idea/android/limbo/main/DrivesDialogBox.java|class:com.max2idea.android.limbo.main.DrivesDialogBox
DataTransmissionWithoutCompression;aDoctor;/Users/rar9993/repos/research/fdroid_apps/native_apps/limbo/NONE_TRANSFORMED_;/Users/rar9993/repos/research/fdroid_apps/native_apps/limbo/limbo-android-lib/src/main/java/com/max2idea/android/limbo/main/LimboApplication.java;file:/Users/rar9993/repos/research/fdroid_apps/native_apps/limbo/limbo-android-lib/src/main/java/com/max2idea/android/limbo/main/LimboApplication.java|class:com.max2idea.android.limbo.main.LimboApplication
NoLowMemoryResolver;aDoctor;/Users/rar9993/repos/research/fdroid_apps/native_apps/limbo/NONE_TRANSFORMED_;/Users/rar9993/repos/research/fdroid_apps/native_apps/limbo/limbo-android-lib/src/main/java/com/max2idea/android/limbo/main/LimboApplication.java;file:/Users/rar9993/repos/research/fdroid_apps/native_apps/limbo/limbo-android-lib/src/main/java/com/max2idea/android/limbo/main/LimboApplication.java|class:com.max2idea.android.limbo.main.LimboApplication
SlowForLoop;aDoctor;/Users/rar9993/repos/research/fdroid_apps/native_apps/limbo/NONE_TRANSFORMED_;/Users/rar9993/repos/research/fdroid_apps/native_apps/limbo/limbo-android-lib/src/main/java/com/max2idea/android/limbo/main/LimboApplication.java;file:/Users/rar9993/repos/research/fdroid_apps/native_apps/limbo/limbo-android-lib/src/main/java/com/max2idea/android/limbo/main/LimboApplication.java|class:com.max2idea.android.limbo.main.LimboApplication
LeakingInnerClass;aDoctor;/Users/rar9993/repos/research/fdroid_apps/native_apps/limbo/NONE_TRANSFORMED_;/Users/rar9993/repos/research/fdroid_apps/native_apps/limbo/limbo-android-lib/src/main/java/com/max2idea/android/limbo/main/LimboSDLSurface.java;file:/Users/rar9993/repos/research/fdroid_apps/native_apps/limbo/limbo-android-lib/src/main/java/com/max2idea/android/limbo/main/LimboSDLSurface.java|class:com.max2idea.android.limbo.main.LimboSDLSurface
LeakingThread;aDoctor;/Users/rar9993/repos/research/fdroid_apps/native_apps/limbo/NONE_TRANSFORMED_;/Users/rar9993/repos/research/fdroid_apps/native_apps/limbo/limbo-android-lib/src/main/java/com/max2idea/android/limbo/main/LimboSDLSurface.java;file:/Users/rar9993/repos/research/fdroid_apps/native_apps/limbo/limbo-android-lib/src/main/java/com/max2idea/android/limbo/main/LimboSDLSurface.java|class:com.max2idea.android.limbo.main.LimboSDLSurface
MemberIgnoringMethod;aDoctor;/Users/rar9993/repos/research/fdroid_apps/native_apps/limbo/NONE_TRANSFORMED_;/Users/rar9993/repos/research/fdroid_apps/native_apps/limbo/limbo-android-lib/src/main/java/com/max2idea/android/limbo/main/LimboSDLSurface.java;file:/Users/rar9993/repos/research/fdroid_apps/native_apps/limbo/limbo-android-lib/src/main/java/com/max2idea/android/limbo/main/LimboSDLSurface.java|class:com.max2idea.android.limbo.main.LimboSDLSurface
SlowForLoop;aDoctor;/Users/rar9993/repos/research/fdroid_apps/native_apps/limbo/NONE_TRANSFORMED_;/Users/rar9993/repos/research/fdroid_apps/native_apps/limbo/limbo-android-lib/src/main/java/com/max2idea/android/limbo/main/LimboSDLSurface.java;file:/Users/rar9993/repos/research/fdroid_apps/native_apps/limbo/limbo-android-lib/src/main/java/com/max2idea/android/limbo/main/LimboSDLSurface.java|class:com.max2idea.android.limbo.main.LimboSDLSurface
MemberIgnoringMethod;aDoctor;/Users/rar9993/repos/research/fdroid_apps/native_apps/limbo/NONE_TRANSFORMED_;/Users/rar9993/repos/research/fdroid_apps/native_apps/limbo/limbo-android-lib/src/main/java/com/max2idea/android/limbo/help/Help.java;file:/Users/rar9993/repos/research/fdroid_apps/native_apps/limbo/limbo-android-lib/src/main/java/com/max2idea/android/limbo/help/Help.java|class:com.max2idea.android.limbo.help.Help
AvoidInstantiatingObjectsInLoops;PMD;/Users/rar9993/repos/research/fdroid_apps/native_apps/limbo/NONE_TRANSFORMED_;/Users/rar9993/repos/research/fdroid_apps/native_apps/limbo/limbo-android-lib/src/main/java/com/max2idea/android/limbo/files/FileInstaller.java;file:/Users/rar9993/repos/research/fdroid_apps/native_apps/limbo/limbo-android-lib/src/main/java/com/max2idea/android/limbo/files/FileInstaller.java|line:98
AvoidInstantiatingObjectsInLoops;PMD;/Users/rar9993/repos/research/fdroid_apps/native_apps/limbo/NONE_TRANSFORMED_;/Users/rar9993/repos/research/fdroid_apps/native_apps/limbo/limbo-android-lib/src/main/java/com/max2idea/android/limbo/files/FileInstaller.java;file:/Users/rar9993/repos/research/fdroid_apps/native_apps/limbo/limbo-android-lib/src/main/java/com/max2idea/android/limbo/files/FileInstaller.java|line:109
AvoidInstantiatingObjectsInLoops;PMD;/Users/rar9993/repos/research/fdroid_apps/native_apps/limbo/NONE_TRANSFORMED_;/Users/rar9993/repos/research/fdroid_apps/native_apps/limbo/limbo-android-lib/src/main/java/com/max2idea/android/limbo/files/FileInstaller.java;file:/Users/rar9993/repos/research/fdroid_apps/native_apps/limbo/limbo-android-lib/src/main/java/com/max2idea/android/limbo/files/FileInstaller.java|line:116
AvoidFileStream;PMD;/Users/rar9993/repos/research/fdroid_apps/native_apps/limbo/NONE_TRANSFORMED_;/Users/rar9993/repos/research/fdroid_apps/native_apps/limbo/limbo-android-lib/src/main/java/com/max2idea/android/limbo/files/FileInstaller.java;file:/Users/rar9993/repos/research/fdroid_apps/native_apps/limbo/limbo-android-lib/src/main/java/com/max2idea/android/limbo/files/FileInstaller.java|line:140
AvoidFileStream;PMD;/Users/rar9993/repos/research/fdroid_apps/native_apps/limbo/NONE_TRANSFORMED_;/Users/rar9993/repos/research/fdroid_apps/native_apps/limbo/limbo-android-lib/src/main/java/com/max2idea/android/limbo/files/FileInstaller.java;file:/Users/rar9993/repos/research/fdroid_apps/native_apps/limbo/limbo-android-lib/src/main/java/com/max2idea/android/limbo/files/FileInstaller.java|line:242
UseIndexOfChar;PMD;/Users/rar9993/repos/research/fdroid_apps/native_apps/limbo/NONE_TRANSFORMED_;/Users/rar9993/repos/research/fdroid_apps/native_apps/limbo/limbo-android-lib/src/main/java/com/max2idea/android/limbo/files/FileUtils.java;file:/Users/rar9993/repos/research/fdroid_apps/native_apps/limbo/limbo-android-lib/src/main/java/com/max2idea/android/limbo/files/FileUtils.java|line:93
AvoidFileStream;PMD;/Users/rar9993/repos/research/fdroid_apps/native_apps/limbo/NONE_TRANSFORMED_;/Users/rar9993/repos/research/fdroid_apps/native_apps/limbo/limbo-android-lib/src/main/java/com/max2idea/android/limbo/files/FileUtils.java;file:/Users/rar9993/repos/research/fdroid_apps/native_apps/limbo/limbo-android-lib/src/main/java/com/max2idea/android/limbo/files/FileUtils.java|line:131
AvoidFileStream;PMD;/Users/rar9993/repos/research/fdroid_apps/native_apps/limbo/NONE_TRANSFORMED_;/Users/rar9993/repos/research/fdroid_apps/native_apps/limbo/limbo-android-lib/src/main/java/com/max2idea/android/limbo/files/FileUtils.java;file:/Users/rar9993/repos/research/fdroid_apps/native_apps/limbo/limbo-android-lib/src/main/java/com/max2idea/android/limbo/files/FileUtils.java|line:148
AvoidFileStream;PMD;/Users/rar9993/repos/research/fdroid_apps/native_apps/limbo/NONE_TRANSFORMED_;/Users/rar9993/repos/research/fdroid_apps/native_apps/limbo/limbo-android-lib/src/main/java/com/max2idea/android/limbo/files/FileUtils.java;file:/Users/rar9993/repos/research/fdroid_apps/native_apps/limbo/limbo-android-lib/src/main/java/com/max2idea/android/limbo/files/FileUtils.java|line:150
AvoidFileStream;PMD;/Users/rar9993/repos/research/fdroid_apps/native_apps/limbo/NONE_TRANSFORMED_;/Users/rar9993/repos/research/fdroid_apps/native_apps/limbo/limbo-android-lib/src/main/java/com/max2idea/android/limbo/files/FileUtils.java;file:/Users/rar9993/repos/research/fdroid_apps/native_apps/limbo/limbo-android-lib/src/main/java/com/max2idea/android/limbo/files/FileUtils.java|line:169
AvoidInstantiatingObjectsInLoops;PMD;/Users/rar9993/repos/research/fdroid_apps/native_apps/limbo/NONE_TRANSFORMED_;/Users/rar9993/repos/research/fdroid_apps/native_apps/limbo/limbo-android-lib/src/main/java/com/max2idea/android/limbo/files/FileUtils.java;file:/Users/rar9993/repos/research/fdroid_apps/native_apps/limbo/limbo-android-lib/src/main/java/com/max2idea/android/limbo/files/FileUtils.java|line:174
OptimizableToArrayCall;PMD;/Users/rar9993/repos/research/fdroid_apps/native_apps/limbo/NONE_TRANSFORMED_;/Users/rar9993/repos/research/fdroid_apps/native_apps/limbo/limbo-android-lib/src/main/java/com/max2idea/android/limbo/files/FileUtils.java;file:/Users/rar9993/repos/research/fdroid_apps/native_apps/limbo/limbo-android-lib/src/main/java/com/max2idea/android/limbo/files/FileUtils.java|line:248
AvoidFileStream;PMD;/Users/rar9993/repos/research/fdroid_apps/native_apps/limbo/NONE_TRANSFORMED_;/Users/rar9993/repos/research/fdroid_apps/native_apps/limbo/limbo-android-lib/src/main/java/com/max2idea/android/limbo/files/FileUtils.java;file:/Users/rar9993/repos/research/fdroid_apps/native_apps/limbo/limbo-android-lib/src/main/java/com/max2idea/android/limbo/files/FileUtils.java|line:342
AppendCharacterWithChar;PMD;/Users/rar9993/repos/research/fdroid_apps/native_apps/limbo/NONE_TRANSFORMED_;/Users/rar9993/repos/research/fdroid_apps/native_apps/limbo/limbo-android-lib/src/main/java/com/max2idea/android/limbo/files/FileUtils.java;file:/Users/rar9993/repos/research/fdroid_apps/native_apps/limbo/limbo-android-lib/src/main/java/com/max2idea/android/limbo/files/FileUtils.java|line:349
UseIndexOfChar;PMD;/Users/rar9993/repos/research/fdroid_apps/native_apps/limbo/NONE_TRANSFORMED_;/Users/rar9993/repos/research/fdroid_apps/native_apps/limbo/limbo-android-lib/src/main/java/com/max2idea/android/limbo/files/FileUtils.java;file:/Users/rar9993/repos/research/fdroid_apps/native_apps/limbo/limbo-android-lib/src/main/java/com/max2idea/android/limbo/files/FileUtils.java|line:405
AvoidInstantiatingObjectsInLoops;PMD;/Users/rar9993/repos/research/fdroid_apps/native_apps/limbo/NONE_TRANSFORMED_;/Users/rar9993/repos/research/fdroid_apps/native_apps/limbo/limbo-android-lib/src/main/java/com/max2idea/android/limbo/install/Installer.java;file:/Users/rar9993/repos/research/fdroid_apps/native_apps/limbo/limbo-android-lib/src/main/java/com/max2idea/android/limbo/install/Installer.java|line:52
UseStringBufferForStringAppends;PMD;/Users/rar9993/repos/research/fdroid_apps/native_apps/limbo/NONE_TRANSFORMED_;/Users/rar9993/repos/research/fdroid_apps/native_apps/limbo/limbo-android-lib/src/main/java/com/max2idea/android/limbo/jni/VMExecutor.java;file:/Users/rar9993/repos/research/fdroid_apps/native_apps/limbo/limbo-android-lib/src/main/java/com/max2idea/android/limbo/jni/VMExecutor.java|line:201
UseStringBufferForStringAppends;PMD;/Users/rar9993/repos/research/fdroid_apps/native_apps/limbo/NONE_TRANSFORMED_;/Users/rar9993/repos/research/fdroid_apps/native_apps/limbo/limbo-android-lib/src/main/java/com/max2idea/android/limbo/jni/VMExecutor.java;file:/Users/rar9993/repos/research/fdroid_apps/native_apps/limbo/limbo-android-lib/src/main/java/com/max2idea/android/limbo/jni/VMExecutor.java|line:205
UseStringBufferForStringAppends;PMD;/Users/rar9993/repos/research/fdroid_apps/native_apps/limbo/NONE_TRANSFORMED_;/Users/rar9993/repos/research/fdroid_apps/native_apps/limbo/limbo-android-lib/src/main/java/com/max2idea/android/limbo/jni/VMExecutor.java;file:/Users/rar9993/repos/research/fdroid_apps/native_apps/limbo/limbo-android-lib/src/main/java/com/max2idea/android/limbo/jni/VMExecutor.java|line:208
UseStringBufferForStringAppends;PMD;/Users/rar9993/repos/research/fdroid_apps/native_apps/limbo/NONE_TRANSFORMED_;/Users/rar9993/repos/research/fdroid_apps/native_apps/limbo/limbo-android-lib/src/main/java/com/max2idea/android/limbo/jni/VMExecutor.java;file:/Users/rar9993/repos/research/fdroid_apps/native_apps/limbo/limbo-android-lib/src/main/java/com/max2idea/android/limbo/jni/VMExecutor.java|line:263
UseStringBufferForStringAppends;PMD;/Users/rar9993/repos/research/fdroid_apps/native_apps/limbo/NONE_TRANSFORMED_;/Users/rar9993/repos/research/fdroid_apps/native_apps/limbo/limbo-android-lib/src/main/java/com/max2idea/android/limbo/jni/VMExecutor.java;file:/Users/rar9993/repos/research/fdroid_apps/native_apps/limbo/limbo-android-lib/src/main/java/com/max2idea/android/limbo/jni/VMExecutor.java|line:264
UseStringBufferForStringAppends;PMD;/Users/rar9993/repos/research/fdroid_apps/native_apps/limbo/NONE_TRANSFORMED_;/Users/rar9993/repos/research/fdroid_apps/native_apps/limbo/limbo-android-lib/src/main/java/com/max2idea/android/limbo/jni/VMExecutor.java;file:/Users/rar9993/repos/research/fdroid_apps/native_apps/limbo/limbo-android-lib/src/main/java/com/max2idea/android/limbo/jni/VMExecutor.java|line:269
UseStringBufferForStringAppends;PMD;/Users/rar9993/repos/research/fdroid_apps/native_apps/limbo/NONE_TRANSFORMED_;/Users/rar9993/repos/research/fdroid_apps/native_apps/limbo/limbo-android-lib/src/main/java/com/max2idea/android/limbo/jni/VMExecutor.java;file:/Users/rar9993/repos/research/fdroid_apps/native_apps/limbo/limbo-android-lib/src/main/java/com/max2idea/android/limbo/jni/VMExecutor.java|line:270
AddEmptyString;PMD;/Users/rar9993/repos/research/fdroid_apps/native_apps/limbo/NONE_TRANSFORMED_;/Users/rar9993/repos/research/fdroid_apps/native_apps/limbo/limbo-android-lib/src/main/java/com/max2idea/android/limbo/jni/VMExecutor.java;file:/Users/rar9993/repos/research/fdroid_apps/native_apps/limbo/limbo-android-lib/src/main/java/com/max2idea/android/limbo/jni/VMExecutor.java|line:313
AddEmptyString;PMD;/Users/rar9993/repos/research/fdroid_apps/native_apps/limbo/NONE_TRANSFORMED_;/Users/rar9993/repos/research/fdroid_apps/native_apps/limbo/limbo-android-lib/src/main/java/com/max2idea/android/limbo/jni/VMExecutor.java;file:/Users/rar9993/repos/research/fdroid_apps/native_apps/limbo/limbo-android-lib/src/main/java/com/max2idea/android/limbo/jni/VMExecutor.java|line:351
UseStringBufferForStringAppends;PMD;/Users/rar9993/repos/research/fdroid_apps/native_apps/limbo/NONE_TRANSFORMED_;/Users/rar9993/repos/research/fdroid_apps/native_apps/limbo/limbo-android-lib/src/main/java/com/max2idea/android/limbo/jni/VMExecutor.java;file:/Users/rar9993/repos/research/fdroid_apps/native_apps/limbo/limbo-android-lib/src/main/java/com/max2idea/android/limbo/jni/VMExecutor.java|line:366
UseStringBufferForStringAppends;PMD;/Users/rar9993/repos/research/fdroid_apps/native_apps/limbo/NONE_TRANSFORMED_;/Users/rar9993/repos/research/fdroid_apps/native_apps/limbo/limbo-android-lib/src/main/java/com/max2idea/android/limbo/jni/VMExecutor.java;file:/Users/rar9993/repos/research/fdroid_apps/native_apps/limbo/limbo-android-lib/src/main/java/com/max2idea/android/limbo/jni/VMExecutor.java|line:368
UseStringBufferForStringAppends;PMD;/Users/rar9993/repos/research/fdroid_apps/native_apps/limbo/NONE_TRANSFORMED_;/Users/rar9993/repos/research/fdroid_apps/native_apps/limbo/limbo-android-lib/src/main/java/com/max2idea/android/limbo/jni/VMExecutor.java;file:/Users/rar9993/repos/research/fdroid_apps/native_apps/limbo/limbo-android-lib/src/main/java/com/max2idea/android/limbo/jni/VMExecutor.java|line:407
UseStringBufferForStringAppends;PMD;/Users/rar9993/repos/research/fdroid_apps/native_apps/limbo/NONE_TRANSFORMED_;/Users/rar9993/repos/research/fdroid_apps/native_apps/limbo/limbo-android-lib/src/main/java/com/max2idea/android/limbo/jni/VMExecutor.java;file:/Users/rar9993/repos/research/fdroid_apps/native_apps/limbo/limbo-android-lib/src/main/java/com/max2idea/android/limbo/jni/VMExecutor.java|line:409
UseStringBufferForStringAppends;PMD;/Users/rar9993/repos/research/fdroid_apps/native_apps/limbo/NONE_TRANSFORMED_;/Users/rar9993/repos/research/fdroid_apps/native_apps/limbo/limbo-android-lib/src/main/java/com/max2idea/android/limbo/jni/VMExecutor.java;file:/Users/rar9993/repos/research/fdroid_apps/native_apps/limbo/limbo-android-lib/src/main/java/com/max2idea/android/limbo/jni/VMExecutor.java|line:428
UseStringBufferForStringAppends;PMD;/Users/rar9993/repos/research/fdroid_apps/native_apps/limbo/NONE_TRANSFORMED_;/Users/rar9993/repos/research/fdroid_apps/native_apps/limbo/limbo-android-lib/src/main/java/com/max2idea/android/limbo/jni/VMExecutor.java;file:/Users/rar9993/repos/research/fdroid_apps/native_apps/limbo/limbo-android-lib/src/main/java/com/max2idea/android/limbo/jni/VMExecutor.java|line:430
UseStringBufferForStringAppends;PMD;/Users/rar9993/repos/research/fdroid_apps/native_apps/limbo/NONE_TRANSFORMED_;/Users/rar9993/repos/research/fdroid_apps/native_apps/limbo/limbo-android-lib/src/main/java/com/max2idea/android/limbo/jni/VMExecutor.java;file:/Users/rar9993/repos/research/fdroid_apps/native_apps/limbo/limbo-android-lib/src/main/java/com/max2idea/android/limbo/jni/VMExecutor.java|line:569
UseStringBufferForStringAppends;PMD;/Users/rar9993/repos/research/fdroid_apps/native_apps/limbo/NONE_TRANSFORMED_;/Users/rar9993/repos/research/fdroid_apps/native_apps/limbo/limbo-android-lib/src/main/java/com/max2idea/android/limbo/jni/VMExecutor.java;file:/Users/rar9993/repos/research/fdroid_apps/native_apps/limbo/limbo-android-lib/src/main/java/com/max2idea/android/limbo/jni/VMExecutor.java|line:570
UseStringBufferForStringAppends;PMD;/Users/rar9993/repos/research/fdroid_apps/native_apps/limbo/NONE_TRANSFORMED_;/Users/rar9993/repos/research/fdroid_apps/native_apps/limbo/limbo-android-lib/src/main/java/com/max2idea/android/limbo/jni/VMExecutor.java;file:/Users/rar9993/repos/research/fdroid_apps/native_apps/limbo/limbo-android-lib/src/main/java/com/max2idea/android/limbo/jni/VMExecutor.java|line:571
UseStringBufferForStringAppends;PMD;/Users/rar9993/repos/research/fdroid_apps/native_apps/limbo/NONE_TRANSFORMED_;/Users/rar9993/repos/research/fdroid_apps/native_apps/limbo/limbo-android-lib/src/main/java/com/max2idea/android/limbo/jni/VMExecutor.java;file:/Users/rar9993/repos/research/fdroid_apps/native_apps/limbo/limbo-android-lib/src/main/java/com/max2idea/android/limbo/jni/VMExecutor.java|line:573
UseStringBufferForStringAppends;PMD;/Users/rar9993/repos/research/fdroid_apps/native_apps/limbo/NONE_TRANSFORMED_;/Users/rar9993/repos/research/fdroid_apps/native_apps/limbo/limbo-android-lib/src/main/java/com/max2idea/android/limbo/jni/VMExecutor.java;file:/Users/rar9993/repos/research/fdroid_apps/native_apps/limbo/limbo-android-lib/src/main/java/com/max2idea/android/limbo/jni/VMExecutor.java|line:577
UseStringBufferForStringAppends;PMD;/Users/rar9993/repos/research/fdroid_apps/native_apps/limbo/NONE_TRANSFORMED_;/Users/rar9993/repos/research/fdroid_apps/native_apps/limbo/limbo-android-lib/src/main/java/com/max2idea/android/limbo/jni/VMExecutor.java;file:/Users/rar9993/repos/research/fdroid_apps/native_apps/limbo/limbo-android-lib/src/main/java/com/max2idea/android/limbo/jni/VMExecutor.java|line:588
UseStringBufferForStringAppends;PMD;/Users/rar9993/repos/research/fdroid_apps/native_apps/limbo/NONE_TRANSFORMED_;/Users/rar9993/repos/research/fdroid_apps/native_apps/limbo/limbo-android-lib/src/main/java/com/max2idea/android/limbo/jni/VMExecutor.java;file:/Users/rar9993/repos/research/fdroid_apps/native_apps/limbo/limbo-android-lib/src/main/java/com/max2idea/android/limbo/jni/VMExecutor.java|line:589
UseStringBufferForStringAppends;PMD;/Users/rar9993/repos/research/fdroid_apps/native_apps/limbo/NONE_TRANSFORMED_;/Users/rar9993/repos/research/fdroid_apps/native_apps/limbo/limbo-android-lib/src/main/java/com/max2idea/android/limbo/jni/VMExecutor.java;file:/Users/rar9993/repos/research/fdroid_apps/native_apps/limbo/limbo-android-lib/src/main/java/com/max2idea/android/limbo/jni/VMExecutor.java|line:590
UseStringBufferForStringAppends;PMD;/Users/rar9993/repos/research/fdroid_apps/native_apps/limbo/NONE_TRANSFORMED_;/Users/rar9993/repos/research/fdroid_apps/native_apps/limbo/limbo-android-lib/src/main/java/com/max2idea/android/limbo/jni/VMExecutor.java;file:/Users/rar9993/repos/research/fdroid_apps/native_apps/limbo/limbo-android-lib/src/main/java/com/max2idea/android/limbo/jni/VMExecutor.java|line:591
UseStringBufferForStringAppends;PMD;/Users/rar9993/repos/research/fdroid_apps/native_apps/limbo/NONE_TRANSFORMED_;/Users/rar9993/repos/research/fdroid_apps/native_apps/limbo/limbo-android-lib/src/main/java/com/max2idea/android/limbo/jni/VMExecutor.java;file:/Users/rar9993/repos/research/fdroid_apps/native_apps/limbo/limbo-android-lib/src/main/java/com/max2idea/android/limbo/jni/VMExecutor.java|line:592
UseStringBufferForStringAppends;PMD;/Users/rar9993/repos/research/fdroid_apps/native_apps/limbo/NONE_TRANSFORMED_;/Users/rar9993/repos/research/fdroid_apps/native_apps/limbo/limbo-android-lib/src/main/java/com/max2idea/android/limbo/jni/VMExecutor.java;file:/Users/rar9993/repos/research/fdroid_apps/native_apps/limbo/limbo-android-lib/src/main/java/com/max2idea/android/limbo/jni/VMExecutor.java|line:593
UseStringBufferForStringAppends;PMD;/Users/rar9993/repos/research/fdroid_apps/native_apps/limbo/NONE_TRANSFORMED_;/Users/rar9993/repos/research/fdroid_apps/native_apps/limbo/limbo-android-lib/src/main/java/com/max2idea/android/limbo/jni/VMExecutor.java;file:/Users/rar9993/repos/research/fdroid_apps/native_apps/limbo/limbo-android-lib/src/main/java/com/max2idea/android/limbo/jni/VMExecutor.java|line:608
UseStringBufferForStringAppends;PMD;/Users/rar9993/repos/research/fdroid_apps/native_apps/limbo/NONE_TRANSFORMED_;/Users/rar9993/repos/research/fdroid_apps/native_apps/limbo/limbo-android-lib/src/main/java/com/max2idea/android/limbo/jni/VMExecutor.java;file:/Users/rar9993/repos/research/fdroid_apps/native_apps/limbo/limbo-android-lib/src/main/java/com/max2idea/android/limbo/jni/VMExecutor.java|line:609
UseStringBufferForStringAppends;PMD;/Users/rar9993/repos/research/fdroid_apps/native_apps/limbo/NONE_TRANSFORMED_;/Users/rar9993/repos/research/fdroid_apps/native_apps/limbo/limbo-android-lib/src/main/java/com/max2idea/android/limbo/jni/VMExecutor.java;file:/Users/rar9993/repos/research/fdroid_apps/native_apps/limbo/limbo-android-lib/src/main/java/com/max2idea/android/limbo/jni/VMExecutor.java|line:610
UseStringBufferForStringAppends;PMD;/Users/rar9993/repos/research/fdroid_apps/native_apps/limbo/NONE_TRANSFORMED_;/Users/rar9993/repos/research/fdroid_apps/native_apps/limbo/limbo-android-lib/src/main/java/com/max2idea/android/limbo/jni/VMExecutor.java;file:/Users/rar9993/repos/research/fdroid_apps/native_apps/limbo/limbo-android-lib/src/main/java/com/max2idea/android/limbo/jni/VMExecutor.java|line:612
RedundantFieldInitializer;PMD;/Users/rar9993/repos/research/fdroid_apps/native_apps/limbo/NONE_TRANSFORMED_;/Users/rar9993/repos/research/fdroid_apps/native_apps/limbo/limbo-android-lib/src/main/java/com/max2idea/android/limbo/keymapper/KeyMapManager.java;file:/Users/rar9993/repos/research/fdroid_apps/native_apps/limbo/limbo-android-lib/src/main/java/com/max2idea/android/limbo/keymapper/KeyMapManager.java|line:78
RedundantFieldInitializer;PMD;/Users/rar9993/repos/research/fdroid_apps/native_apps/limbo/NONE_TRANSFORMED_;/Users/rar9993/repos/research/fdroid_apps/native_apps/limbo/limbo-android-lib/src/main/java/com/max2idea/android/limbo/keymapper/KeyMapManager.java;file:/Users/rar9993/repos/research/fdroid_apps/native_apps/limbo/limbo-android-lib/src/main/java/com/max2idea/android/limbo/keymapper/KeyMapManager.java|line:79
RedundantFieldInitializer;PMD;/Users/rar9993/repos/research/fdroid_apps/native_apps/limbo/NONE_TRANSFORMED_;/Users/rar9993/repos/research/fdroid_apps/native_apps/limbo/limbo-android-lib/src/main/java/com/max2idea/android/limbo/keymapper/KeyMapManager.java;file:/Users/rar9993/repos/research/fdroid_apps/native_apps/limbo/limbo-android-lib/src/main/java/com/max2idea/android/limbo/keymapper/KeyMapManager.java|line:80
AvoidInstantiatingObjectsInLoops;PMD;/Users/rar9993/repos/research/fdroid_apps/native_apps/limbo/NONE_TRANSFORMED_;/Users/rar9993/repos/research/fdroid_apps/native_apps/limbo/limbo-android-lib/src/main/java/com/max2idea/android/limbo/keymapper/KeyMapManager.java;file:/Users/rar9993/repos/research/fdroid_apps/native_apps/limbo/limbo-android-lib/src/main/java/com/max2idea/android/limbo/keymapper/KeyMapManager.java|line:510
UseStringBufferLength;PMD;/Users/rar9993/repos/research/fdroid_apps/native_apps/limbo/NONE_TRANSFORMED_;/Users/rar9993/repos/research/fdroid_apps/native_apps/limbo/limbo-android-lib/src/main/java/com/max2idea/android/limbo/keymapper/KeySurfaceView.java;file:/Users/rar9993/repos/research/fdroid_apps/native_apps/limbo/limbo-android-lib/src/main/java/com/max2idea/android/limbo/keymapper/KeySurfaceView.java|line:673
AddEmptyString;PMD;/Users/rar9993/repos/research/fdroid_apps/native_apps/limbo/NONE_TRANSFORMED_;/Users/rar9993/repos/research/fdroid_apps/native_apps/limbo/limbo-android-lib/src/main/java/com/max2idea/android/limbo/keymapper/KeySurfaceView.java;file:/Users/rar9993/repos/research/fdroid_apps/native_apps/limbo/limbo-android-lib/src/main/java/com/max2idea/android/limbo/keymapper/KeySurfaceView.java|line:693
AddEmptyString;PMD;/Users/rar9993/repos/research/fdroid_apps/native_apps/limbo/NONE_TRANSFORMED_;/Users/rar9993/repos/research/fdroid_apps/native_apps/limbo/limbo-android-lib/src/main/java/com/max2idea/android/limbo/keymapper/KeySurfaceView.java;file:/Users/rar9993/repos/research/fdroid_apps/native_apps/limbo/limbo-android-lib/src/main/java/com/max2idea/android/limbo/keymapper/KeySurfaceView.java|line:695
AddEmptyString;PMD;/Users/rar9993/repos/research/fdroid_apps/native_apps/limbo/NONE_TRANSFORMED_;/Users/rar9993/repos/research/fdroid_apps/native_apps/limbo/limbo-android-lib/src/main/java/com/max2idea/android/limbo/keymapper/KeySurfaceView.java;file:/Users/rar9993/repos/research/fdroid_apps/native_apps/limbo/limbo-android-lib/src/main/java/com/max2idea/android/limbo/keymapper/KeySurfaceView.java|line:697
AddEmptyString;PMD;/Users/rar9993/repos/research/fdroid_apps/native_apps/limbo/NONE_TRANSFORMED_;/Users/rar9993/repos/research/fdroid_apps/native_apps/limbo/limbo-android-lib/src/main/java/com/max2idea/android/limbo/keymapper/KeySurfaceView.java;file:/Users/rar9993/repos/research/fdroid_apps/native_apps/limbo/limbo-android-lib/src/main/java/com/max2idea/android/limbo/keymapper/KeySurfaceView.java|line:699
AddEmptyString;PMD;/Users/rar9993/repos/research/fdroid_apps/native_apps/limbo/NONE_TRANSFORMED_;/Users/rar9993/repos/research/fdroid_apps/native_apps/limbo/limbo-android-lib/src/main/java/com/max2idea/android/limbo/keymapper/KeySurfaceView.java;file:/Users/rar9993/repos/research/fdroid_apps/native_apps/limbo/limbo-android-lib/src/main/java/com/max2idea/android/limbo/keymapper/KeySurfaceView.java|line:703
AddEmptyString;PMD;/Users/rar9993/repos/research/fdroid_apps/native_apps/limbo/NONE_TRANSFORMED_;/Users/rar9993/repos/research/fdroid_apps/native_apps/limbo/limbo-android-lib/src/main/java/com/max2idea/android/limbo/keymapper/KeySurfaceView.java;file:/Users/rar9993/repos/research/fdroid_apps/native_apps/limbo/limbo-android-lib/src/main/java/com/max2idea/android/limbo/keymapper/KeySurfaceView.java|line:767
RedundantFieldInitializer;PMD;/Users/rar9993/repos/research/fdroid_apps/native_apps/limbo/NONE_TRANSFORMED_;/Users/rar9993/repos/research/fdroid_apps/native_apps/limbo/limbo-android-lib/src/main/java/com/max2idea/android/limbo/links/LinksManager.java;file:/Users/rar9993/repos/research/fdroid_apps/native_apps/limbo/limbo-android-lib/src/main/java/com/max2idea/android/limbo/links/LinksManager.java|line:53
AvoidInstantiatingObjectsInLoops;PMD;/Users/rar9993/repos/research/fdroid_apps/native_apps/limbo/NONE_TRANSFORMED_;/Users/rar9993/repos/research/fdroid_apps/native_apps/limbo/limbo-android-lib/src/main/java/com/max2idea/android/limbo/log/Logger.java;file:/Users/rar9993/repos/research/fdroid_apps/native_apps/limbo/limbo-android-lib/src/main/java/com/max2idea/android/limbo/log/Logger.java|line:69
AvoidInstantiatingObjectsInLoops;PMD;/Users/rar9993/repos/research/fdroid_apps/native_apps/limbo/NONE_TRANSFORMED_;/Users/rar9993/repos/research/fdroid_apps/native_apps/limbo/limbo-android-lib/src/main/java/com/max2idea/android/limbo/log/Logger.java;file:/Users/rar9993/repos/research/fdroid_apps/native_apps/limbo/limbo-android-lib/src/main/java/com/max2idea/android/limbo/log/Logger.java|line:71
AvoidInstantiatingObjectsInLoops;PMD;/Users/rar9993/repos/research/fdroid_apps/native_apps/limbo/NONE_TRANSFORMED_;/Users/rar9993/repos/research/fdroid_apps/native_apps/limbo/limbo-android-lib/src/main/java/com/max2idea/android/limbo/log/Logger.java;file:/Users/rar9993/repos/research/fdroid_apps/native_apps/limbo/limbo-android-lib/src/main/java/com/max2idea/android/limbo/log/Logger.java|line:73
AvoidFileStream;PMD;/Users/rar9993/repos/research/fdroid_apps/native_apps/limbo/NONE_TRANSFORMED_;/Users/rar9993/repos/research/fdroid_apps/native_apps/limbo/limbo-android-lib/src/main/java/com/max2idea/android/limbo/machine/BIOSImporter.java;file:/Users/rar9993/repos/research/fdroid_apps/native_apps/limbo/limbo-android-lib/src/main/java/com/max2idea/android/limbo/machine/BIOSImporter.java|line:109
RedundantFieldInitializer;PMD;/Users/rar9993/repos/research/fdroid_apps/native_apps/limbo/NONE_TRANSFORMED_;/Users/rar9993/repos/research/fdroid_apps/native_apps/limbo/limbo-android-lib/src/main/java/com/max2idea/android/limbo/machine/Machine.java;file:/Users/rar9993/repos/research/fdroid_apps/native_apps/limbo/limbo-android-lib/src/main/java/com/max2idea/android/limbo/machine/Machine.java|line:44
RedundantFieldInitializer;PMD;/Users/rar9993/repos/research/fdroid_apps/native_apps/limbo/NONE_TRANSFORMED_;/Users/rar9993/repos/research/fdroid_apps/native_apps/limbo/limbo-android-lib/src/main/java/com/max2idea/android/limbo/machine/Machine.java;file:/Users/rar9993/repos/research/fdroid_apps/native_apps/limbo/limbo-android-lib/src/main/java/com/max2idea/android/limbo/machine/Machine.java|line:45
RedundantFieldInitializer;PMD;/Users/rar9993/repos/research/fdroid_apps/native_apps/limbo/NONE_TRANSFORMED_;/Users/rar9993/repos/research/fdroid_apps/native_apps/limbo/limbo-android-lib/src/main/java/com/max2idea/android/limbo/machine/Machine.java;file:/Users/rar9993/repos/research/fdroid_apps/native_apps/limbo/limbo-android-lib/src/main/java/com/max2idea/android/limbo/machine/Machine.java|line:46
RedundantFieldInitializer;PMD;/Users/rar9993/repos/research/fdroid_apps/native_apps/limbo/NONE_TRANSFORMED_;/Users/rar9993/repos/research/fdroid_apps/native_apps/limbo/limbo-android-lib/src/main/java/com/max2idea/android/limbo/machine/Machine.java;file:/Users/rar9993/repos/research/fdroid_apps/native_apps/limbo/limbo-android-lib/src/main/java/com/max2idea/android/limbo/machine/Machine.java|line:76
RedundantFieldInitializer;PMD;/Users/rar9993/repos/research/fdroid_apps/native_apps/limbo/NONE_TRANSFORMED_;/Users/rar9993/repos/research/fdroid_apps/native_apps/limbo/limbo-android-lib/src/main/java/com/max2idea/android/limbo/machine/Machine.java;file:/Users/rar9993/repos/research/fdroid_apps/native_apps/limbo/limbo-android-lib/src/main/java/com/max2idea/android/limbo/machine/Machine.java|line:83
AddEmptyString;PMD;/Users/rar9993/repos/research/fdroid_apps/native_apps/limbo/NONE_TRANSFORMED_;/Users/rar9993/repos/research/fdroid_apps/native_apps/limbo/limbo-android-lib/src/main/java/com/max2idea/android/limbo/machine/MachineController.java;file:/Users/rar9993/repos/research/fdroid_apps/native_apps/limbo/limbo-android-lib/src/main/java/com/max2idea/android/limbo/machine/MachineController.java|line:340
AvoidInstantiatingObjectsInLoops;PMD;/Users/rar9993/repos/research/fdroid_apps/native_apps/limbo/NONE_TRANSFORMED_;/Users/rar9993/repos/research/fdroid_apps/native_apps/limbo/limbo-android-lib/src/main/java/com/max2idea/android/limbo/machine/MachineImporter.java;file:/Users/rar9993/repos/research/fdroid_apps/native_apps/limbo/limbo-android-lib/src/main/java/com/max2idea/android/limbo/machine/MachineImporter.java|line:69
AppendCharacterWithChar;PMD;/Users/rar9993/repos/research/fdroid_apps/native_apps/limbo/NONE_TRANSFORMED_;/Users/rar9993/repos/research/fdroid_apps/native_apps/limbo/limbo-android-lib/src/main/java/com/max2idea/android/limbo/machine/MachineOpenHelper.java;file:/Users/rar9993/repos/research/fdroid_apps/native_apps/limbo/limbo-android-lib/src/main/java/com/max2idea/android/limbo/machine/MachineOpenHelper.java|line:397
AppendCharacterWithChar;PMD;/Users/rar9993/repos/research/fdroid_apps/native_apps/limbo/NONE_TRANSFORMED_;/Users/rar9993/repos/research/fdroid_apps/native_apps/limbo/limbo-android-lib/src/main/java/com/max2idea/android/limbo/machine/MachineOpenHelper.java;file:/Users/rar9993/repos/research/fdroid_apps/native_apps/limbo/limbo-android-lib/src/main/java/com/max2idea/android/limbo/machine/MachineOpenHelper.java|line:397
AppendCharacterWithChar;PMD;/Users/rar9993/repos/research/fdroid_apps/native_apps/limbo/NONE_TRANSFORMED_;/Users/rar9993/repos/research/fdroid_apps/native_apps/limbo/limbo-android-lib/src/main/java/com/max2idea/android/limbo/machine/MachineOpenHelper.java;file:/Users/rar9993/repos/research/fdroid_apps/native_apps/limbo/limbo-android-lib/src/main/java/com/max2idea/android/limbo/machine/MachineOpenHelper.java|line:399
AppendCharacterWithChar;PMD;/Users/rar9993/repos/research/fdroid_apps/native_apps/limbo/NONE_TRANSFORMED_;/Users/rar9993/repos/research/fdroid_apps/native_apps/limbo/limbo-android-lib/src/main/java/com/max2idea/android/limbo/machine/MachineOpenHelper.java;file:/Users/rar9993/repos/research/fdroid_apps/native_apps/limbo/limbo-android-lib/src/main/java/com/max2idea/android/limbo/machine/MachineOpenHelper.java|line:402
AvoidInstantiatingObjectsInLoops;PMD;/Users/rar9993/repos/research/fdroid_apps/native_apps/limbo/NONE_TRANSFORMED_;/Users/rar9993/repos/research/fdroid_apps/native_apps/limbo/limbo-android-lib/src/main/java/com/max2idea/android/limbo/machine/MachineOpenHelper.java;file:/Users/rar9993/repos/research/fdroid_apps/native_apps/limbo/limbo-android-lib/src/main/java/com/max2idea/android/limbo/machine/MachineOpenHelper.java|line:404
AppendCharacterWithChar;PMD;/Users/rar9993/repos/research/fdroid_apps/native_apps/limbo/NONE_TRANSFORMED_;/Users/rar9993/repos/research/fdroid_apps/native_apps/limbo/limbo-android-lib/src/main/java/com/max2idea/android/limbo/machine/MachineOpenHelper.java;file:/Users/rar9993/repos/research/fdroid_apps/native_apps/limbo/limbo-android-lib/src/main/java/com/max2idea/android/limbo/machine/MachineOpenHelper.java|line:406
AppendCharacterWithChar;PMD;/Users/rar9993/repos/research/fdroid_apps/native_apps/limbo/NONE_TRANSFORMED_;/Users/rar9993/repos/research/fdroid_apps/native_apps/limbo/limbo-android-lib/src/main/java/com/max2idea/android/limbo/machine/MachineOpenHelper.java;file:/Users/rar9993/repos/research/fdroid_apps/native_apps/limbo/limbo-android-lib/src/main/java/com/max2idea/android/limbo/machine/MachineOpenHelper.java|line:406
AppendCharacterWithChar;PMD;/Users/rar9993/repos/research/fdroid_apps/native_apps/limbo/NONE_TRANSFORMED_;/Users/rar9993/repos/research/fdroid_apps/native_apps/limbo/limbo-android-lib/src/main/java/com/max2idea/android/limbo/machine/MachineOpenHelper.java;file:/Users/rar9993/repos/research/fdroid_apps/native_apps/limbo/limbo-android-lib/src/main/java/com/max2idea/android/limbo/machine/MachineOpenHelper.java|line:408
AppendCharacterWithChar;PMD;/Users/rar9993/repos/research/fdroid_apps/native_apps/limbo/NONE_TRANSFORMED_;/Users/rar9993/repos/research/fdroid_apps/native_apps/limbo/limbo-android-lib/src/main/java/com/max2idea/android/limbo/machine/MachineOpenHelper.java;file:/Users/rar9993/repos/research/fdroid_apps/native_apps/limbo/limbo-android-lib/src/main/java/com/max2idea/android/limbo/machine/MachineOpenHelper.java|line:411
TooFewBranchesForSwitch;PMD;/Users/rar9993/repos/research/fdroid_apps/native_apps/limbo/NONE_TRANSFORMED_;/Users/rar9993/repos/research/fdroid_apps/native_apps/limbo/limbo-android-lib/src/main/java/com/max2idea/android/limbo/machine/MachineOpenHelper.java;file:/Users/rar9993/repos/research/fdroid_apps/native_apps/limbo/limbo-android-lib/src/main/java/com/max2idea/android/limbo/machine/MachineOpenHelper.java|line:424
AddEmptyString;PMD;/Users/rar9993/repos/research/fdroid_apps/native_apps/limbo/NONE_TRANSFORMED_;/Users/rar9993/repos/research/fdroid_apps/native_apps/limbo/limbo-android-lib/src/main/java/com/max2idea/android/limbo/machine/MachineOpenHelper.java;file:/Users/rar9993/repos/research/fdroid_apps/native_apps/limbo/limbo-android-lib/src/main/java/com/max2idea/android/limbo/machine/MachineOpenHelper.java|line:432
UseStringBufferForStringAppends;PMD;/Users/rar9993/repos/research/fdroid_apps/native_apps/limbo/NONE_TRANSFORMED_;/Users/rar9993/repos/research/fdroid_apps/native_apps/limbo/limbo-android-lib/src/main/java/com/max2idea/android/limbo/machine/MachineService.java;file:/Users/rar9993/repos/research/fdroid_apps/native_apps/limbo/limbo-android-lib/src/main/java/com/max2idea/android/limbo/machine/MachineService.java|line:91
UseStringBufferForStringAppends;PMD;/Users/rar9993/repos/research/fdroid_apps/native_apps/limbo/NONE_TRANSFORMED_;/Users/rar9993/repos/research/fdroid_apps/native_apps/limbo/limbo-android-lib/src/main/java/com/max2idea/android/limbo/machine/MachineService.java;file:/Users/rar9993/repos/research/fdroid_apps/native_apps/limbo/limbo-android-lib/src/main/java/com/max2idea/android/limbo/machine/MachineService.java|line:92
RedundantFieldInitializer;PMD;/Users/rar9993/repos/research/fdroid_apps/native_apps/limbo/NONE_TRANSFORMED_;/Users/rar9993/repos/research/fdroid_apps/native_apps/limbo/limbo-android-lib/src/main/java/com/max2idea/android/limbo/main/Config.java;file:/Users/rar9993/repos/research/fdroid_apps/native_apps/limbo/limbo-android-lib/src/main/java/com/max2idea/android/limbo/main/Config.java|line:110
RedundantFieldInitializer;PMD;/Users/rar9993/repos/research/fdroid_apps/native_apps/limbo/NONE_TRANSFORMED_;/Users/rar9993/repos/research/fdroid_apps/native_apps/limbo/limbo-android-lib/src/main/java/com/max2idea/android/limbo/main/Config.java;file:/Users/rar9993/repos/research/fdroid_apps/native_apps/limbo/limbo-android-lib/src/main/java/com/max2idea/android/limbo/main/Config.java|line:113
RedundantFieldInitializer;PMD;/Users/rar9993/repos/research/fdroid_apps/native_apps/limbo/NONE_TRANSFORMED_;/Users/rar9993/repos/research/fdroid_apps/native_apps/limbo/limbo-android-lib/src/main/java/com/max2idea/android/limbo/main/Config.java;file:/Users/rar9993/repos/research/fdroid_apps/native_apps/limbo/limbo-android-lib/src/main/java/com/max2idea/android/limbo/main/Config.java|line:114
RedundantFieldInitializer;PMD;/Users/rar9993/repos/research/fdroid_apps/native_apps/limbo/NONE_TRANSFORMED_;/Users/rar9993/repos/research/fdroid_apps/native_apps/limbo/limbo-android-lib/src/main/java/com/max2idea/android/limbo/main/Config.java;file:/Users/rar9993/repos/research/fdroid_apps/native_apps/limbo/limbo-android-lib/src/main/java/com/max2idea/android/limbo/main/Config.java|line:122
RedundantFieldInitializer;PMD;/Users/rar9993/repos/research/fdroid_apps/native_apps/limbo/NONE_TRANSFORMED_;/Users/rar9993/repos/research/fdroid_apps/native_apps/limbo/limbo-android-lib/src/main/java/com/max2idea/android/limbo/main/Config.java;file:/Users/rar9993/repos/research/fdroid_apps/native_apps/limbo/limbo-android-lib/src/main/java/com/max2idea/android/limbo/main/Config.java|line:123
RedundantFieldInitializer;PMD;/Users/rar9993/repos/research/fdroid_apps/native_apps/limbo/NONE_TRANSFORMED_;/Users/rar9993/repos/research/fdroid_apps/native_apps/limbo/limbo-android-lib/src/main/java/com/max2idea/android/limbo/main/Config.java;file:/Users/rar9993/repos/research/fdroid_apps/native_apps/limbo/limbo-android-lib/src/main/java/com/max2idea/android/limbo/main/Config.java|line:126
RedundantFieldInitializer;PMD;/Users/rar9993/repos/research/fdroid_apps/native_apps/limbo/NONE_TRANSFORMED_;/Users/rar9993/repos/research/fdroid_apps/native_apps/limbo/limbo-android-lib/src/main/java/com/max2idea/android/limbo/main/Config.java;file:/Users/rar9993/repos/research/fdroid_apps/native_apps/limbo/limbo-android-lib/src/main/java/com/max2idea/android/limbo/main/Config.java|line:128
RedundantFieldInitializer;PMD;/Users/rar9993/repos/research/fdroid_apps/native_apps/limbo/NONE_TRANSFORMED_;/Users/rar9993/repos/research/fdroid_apps/native_apps/limbo/limbo-android-lib/src/main/java/com/max2idea/android/limbo/main/Config.java;file:/Users/rar9993/repos/research/fdroid_apps/native_apps/limbo/limbo-android-lib/src/main/java/com/max2idea/android/limbo/main/Config.java|line:143
RedundantFieldInitializer;PMD;/Users/rar9993/repos/research/fdroid_apps/native_apps/limbo/NONE_TRANSFORMED_;/Users/rar9993/repos/research/fdroid_apps/native_apps/limbo/limbo-android-lib/src/main/java/com/max2idea/android/limbo/main/Config.java;file:/Users/rar9993/repos/research/fdroid_apps/native_apps/limbo/limbo-android-lib/src/main/java/com/max2idea/android/limbo/main/Config.java|line:146
RedundantFieldInitializer;PMD;/Users/rar9993/repos/research/fdroid_apps/native_apps/limbo/NONE_TRANSFORMED_;/Users/rar9993/repos/research/fdroid_apps/native_apps/limbo/limbo-android-lib/src/main/java/com/max2idea/android/limbo/main/Config.java;file:/Users/rar9993/repos/research/fdroid_apps/native_apps/limbo/limbo-android-lib/src/main/java/com/max2idea/android/limbo/main/Config.java|line:149
RedundantFieldInitializer;PMD;/Users/rar9993/repos/research/fdroid_apps/native_apps/limbo/NONE_TRANSFORMED_;/Users/rar9993/repos/research/fdroid_apps/native_apps/limbo/limbo-android-lib/src/main/java/com/max2idea/android/limbo/main/Config.java;file:/Users/rar9993/repos/research/fdroid_apps/native_apps/limbo/limbo-android-lib/src/main/java/com/max2idea/android/limbo/main/Config.java|line:168
RedundantFieldInitializer;PMD;/Users/rar9993/repos/research/fdroid_apps/native_apps/limbo/NONE_TRANSFORMED_;/Users/rar9993/repos/research/fdroid_apps/native_apps/limbo/limbo-android-lib/src/main/java/com/max2idea/android/limbo/main/Config.java;file:/Users/rar9993/repos/research/fdroid_apps/native_apps/limbo/limbo-android-lib/src/main/java/com/max2idea/android/limbo/main/Config.java|line:174
RedundantFieldInitializer;PMD;/Users/rar9993/repos/research/fdroid_apps/native_apps/limbo/NONE_TRANSFORMED_;/Users/rar9993/repos/research/fdroid_apps/native_apps/limbo/limbo-android-lib/src/main/java/com/max2idea/android/limbo/main/Config.java;file:/Users/rar9993/repos/research/fdroid_apps/native_apps/limbo/limbo-android-lib/src/main/java/com/max2idea/android/limbo/main/Config.java|line:177
RedundantFieldInitializer;PMD;/Users/rar9993/repos/research/fdroid_apps/native_apps/limbo/NONE_TRANSFORMED_;/Users/rar9993/repos/research/fdroid_apps/native_apps/limbo/limbo-android-lib/src/main/java/com/max2idea/android/limbo/main/Config.java;file:/Users/rar9993/repos/research/fdroid_apps/native_apps/limbo/limbo-android-lib/src/main/java/com/max2idea/android/limbo/main/Config.java|line:181
RedundantFieldInitializer;PMD;/Users/rar9993/repos/research/fdroid_apps/native_apps/limbo/NONE_TRANSFORMED_;/Users/rar9993/repos/research/fdroid_apps/native_apps/limbo/limbo-android-lib/src/main/java/com/max2idea/android/limbo/main/Config.java;file:/Users/rar9993/repos/research/fdroid_apps/native_apps/limbo/limbo-android-lib/src/main/java/com/max2idea/android/limbo/main/Config.java|line:191
RedundantFieldInitializer;PMD;/Users/rar9993/repos/research/fdroid_apps/native_apps/limbo/NONE_TRANSFORMED_;/Users/rar9993/repos/research/fdroid_apps/native_apps/limbo/limbo-android-lib/src/main/java/com/max2idea/android/limbo/main/LimboActivity.java;file:/Users/rar9993/repos/research/fdroid_apps/native_apps/limbo/limbo-android-lib/src/main/java/com/max2idea/android/limbo/main/LimboActivity.java|line:121
AvoidFileStream;PMD;/Users/rar9993/repos/research/fdroid_apps/native_apps/limbo/NONE_TRANSFORMED_;/Users/rar9993/repos/research/fdroid_apps/native_apps/limbo/limbo-android-lib/src/main/java/com/max2idea/android/limbo/main/LimboActivity.java;file:/Users/rar9993/repos/research/fdroid_apps/native_apps/limbo/limbo-android-lib/src/main/java/com/max2idea/android/limbo/main/LimboActivity.java|line:884
UseStringBufferForStringAppends;PMD;/Users/rar9993/repos/research/fdroid_apps/native_apps/limbo/NONE_TRANSFORMED_;/Users/rar9993/repos/research/fdroid_apps/native_apps/limbo/limbo-android-lib/src/main/java/com/max2idea/android/limbo/main/LimboActivity.java;file:/Users/rar9993/repos/research/fdroid_apps/native_apps/limbo/limbo-android-lib/src/main/java/com/max2idea/android/limbo/main/LimboActivity.java|line:1841
UseStringBufferForStringAppends;PMD;/Users/rar9993/repos/research/fdroid_apps/native_apps/limbo/NONE_TRANSFORMED_;/Users/rar9993/repos/research/fdroid_apps/native_apps/limbo/limbo-android-lib/src/main/java/com/max2idea/android/limbo/main/LimboActivity.java;file:/Users/rar9993/repos/research/fdroid_apps/native_apps/limbo/limbo-android-lib/src/main/java/com/max2idea/android/limbo/main/LimboActivity.java|line:1842
UseStringBufferForStringAppends;PMD;/Users/rar9993/repos/research/fdroid_apps/native_apps/limbo/NONE_TRANSFORMED_;/Users/rar9993/repos/research/fdroid_apps/native_apps/limbo/limbo-android-lib/src/main/java/com/max2idea/android/limbo/main/LimboActivity.java;file:/Users/rar9993/repos/research/fdroid_apps/native_apps/limbo/limbo-android-lib/src/main/java/com/max2idea/android/limbo/main/LimboActivity.java|line:1845
UseStringBufferForStringAppends;PMD;/Users/rar9993/repos/research/fdroid_apps/native_apps/limbo/NONE_TRANSFORMED_;/Users/rar9993/repos/research/fdroid_apps/native_apps/limbo/limbo-android-lib/src/main/java/com/max2idea/android/limbo/main/LimboActivity.java;file:/Users/rar9993/repos/research/fdroid_apps/native_apps/limbo/limbo-android-lib/src/main/java/com/max2idea/android/limbo/main/LimboActivity.java|line:1848
UseStringBufferForStringAppends;PMD;/Users/rar9993/repos/research/fdroid_apps/native_apps/limbo/NONE_TRANSFORMED_;/Users/rar9993/repos/research/fdroid_apps/native_apps/limbo/limbo-android-lib/src/main/java/com/max2idea/android/limbo/main/LimboActivity.java;file:/Users/rar9993/repos/research/fdroid_apps/native_apps/limbo/limbo-android-lib/src/main/java/com/max2idea/android/limbo/main/LimboActivity.java|line:1976
UseStringBufferForStringAppends;PMD;/Users/rar9993/repos/research/fdroid_apps/native_apps/limbo/NONE_TRANSFORMED_;/Users/rar9993/repos/research/fdroid_apps/native_apps/limbo/limbo-android-lib/src/main/java/com/max2idea/android/limbo/main/LimboActivity.java;file:/Users/rar9993/repos/research/fdroid_apps/native_apps/limbo/limbo-android-lib/src/main/java/com/max2idea/android/limbo/main/LimboActivity.java|line:1977
UseStringBufferForStringAppends;PMD;/Users/rar9993/repos/research/fdroid_apps/native_apps/limbo/NONE_TRANSFORMED_;/Users/rar9993/repos/research/fdroid_apps/native_apps/limbo/limbo-android-lib/src/main/java/com/max2idea/android/limbo/main/LimboActivity.java;file:/Users/rar9993/repos/research/fdroid_apps/native_apps/limbo/limbo-android-lib/src/main/java/com/max2idea/android/limbo/main/LimboActivity.java|line:1980
AddEmptyString;PMD;/Users/rar9993/repos/research/fdroid_apps/native_apps/limbo/NONE_TRANSFORMED_;/Users/rar9993/repos/research/fdroid_apps/native_apps/limbo/limbo-android-lib/src/main/java/com/max2idea/android/limbo/main/LimboActivity.java;file:/Users/rar9993/repos/research/fdroid_apps/native_apps/limbo/limbo-android-lib/src/main/java/com/max2idea/android/limbo/main/LimboActivity.java|line:2065
AddEmptyString;PMD;/Users/rar9993/repos/research/fdroid_apps/native_apps/limbo/NONE_TRANSFORMED_;/Users/rar9993/repos/research/fdroid_apps/native_apps/limbo/limbo-android-lib/src/main/java/com/max2idea/android/limbo/main/LimboActivity.java;file:/Users/rar9993/repos/research/fdroid_apps/native_apps/limbo/limbo-android-lib/src/main/java/com/max2idea/android/limbo/main/LimboActivity.java|line:2066
InefficientEmptyStringCheck;PMD;/Users/rar9993/repos/research/fdroid_apps/native_apps/limbo/NONE_TRANSFORMED_;/Users/rar9993/repos/research/fdroid_apps/native_apps/limbo/limbo-android-lib/src/main/java/com/max2idea/android/limbo/main/LimboActivity.java;file:/Users/rar9993/repos/research/fdroid_apps/native_apps/limbo/limbo-android-lib/src/main/java/com/max2idea/android/limbo/main/LimboActivity.java|line:2384
AddEmptyString;PMD;/Users/rar9993/repos/research/fdroid_apps/native_apps/limbo/NONE_TRANSFORMED_;/Users/rar9993/repos/research/fdroid_apps/native_apps/limbo/limbo-android-lib/src/main/java/com/max2idea/android/limbo/main/LimboActivity.java;file:/Users/rar9993/repos/research/fdroid_apps/native_apps/limbo/limbo-android-lib/src/main/java/com/max2idea/android/limbo/main/LimboActivity.java|line:2433
AddEmptyString;PMD;/Users/rar9993/repos/research/fdroid_apps/native_apps/limbo/NONE_TRANSFORMED_;/Users/rar9993/repos/research/fdroid_apps/native_apps/limbo/limbo-android-lib/src/main/java/com/max2idea/android/limbo/main/LimboActivity.java;file:/Users/rar9993/repos/research/fdroid_apps/native_apps/limbo/limbo-android-lib/src/main/java/com/max2idea/android/limbo/main/LimboActivity.java|line:2435
AddEmptyString;PMD;/Users/rar9993/repos/research/fdroid_apps/native_apps/limbo/NONE_TRANSFORMED_;/Users/rar9993/repos/research/fdroid_apps/native_apps/limbo/limbo-android-lib/src/main/java/com/max2idea/android/limbo/main/LimboActivity.java;file:/Users/rar9993/repos/research/fdroid_apps/native_apps/limbo/limbo-android-lib/src/main/java/com/max2idea/android/limbo/main/LimboActivity.java|line:2446
AddEmptyString;PMD;/Users/rar9993/repos/research/fdroid_apps/native_apps/limbo/NONE_TRANSFORMED_;/Users/rar9993/repos/research/fdroid_apps/native_apps/limbo/limbo-android-lib/src/main/java/com/max2idea/android/limbo/main/LimboApplication.java;file:/Users/rar9993/repos/research/fdroid_apps/native_apps/limbo/limbo-android-lib/src/main/java/com/max2idea/android/limbo/main/LimboApplication.java|line:84
RedundantFieldInitializer;PMD;/Users/rar9993/repos/research/fdroid_apps/native_apps/limbo/NONE_TRANSFORMED_;/Users/rar9993/repos/research/fdroid_apps/native_apps/limbo/limbo-android-lib/src/main/java/com/max2idea/android/limbo/main/LimboFileManager.java;file:/Users/rar9993/repos/research/fdroid_apps/native_apps/limbo/limbo-android-lib/src/main/java/com/max2idea/android/limbo/main/LimboFileManager.java|line:90
TooFewBranchesForSwitch;PMD;/Users/rar9993/repos/research/fdroid_apps/native_apps/limbo/NONE_TRANSFORMED_;/Users/rar9993/repos/research/fdroid_apps/native_apps/limbo/limbo-android-lib/src/main/java/com/max2idea/android/limbo/main/LimboFileManager.java;file:/Users/rar9993/repos/research/fdroid_apps/native_apps/limbo/limbo-android-lib/src/main/java/com/max2idea/android/limbo/main/LimboFileManager.java|line:329
RedundantFieldInitializer;PMD;/Users/rar9993/repos/research/fdroid_apps/native_apps/limbo/NONE_TRANSFORMED_;/Users/rar9993/repos/research/fdroid_apps/native_apps/limbo/limbo-android-lib/src/main/java/com/max2idea/android/limbo/main/LimboSDLActivity.java;file:/Users/rar9993/repos/research/fdroid_apps/native_apps/limbo/limbo-android-lib/src/main/java/com/max2idea/android/limbo/main/LimboSDLActivity.java|line:87
RedundantFieldInitializer;PMD;/Users/rar9993/repos/research/fdroid_apps/native_apps/limbo/NONE_TRANSFORMED_;/Users/rar9993/repos/research/fdroid_apps/native_apps/limbo/limbo-android-lib/src/main/java/com/max2idea/android/limbo/main/LimboSDLActivity.java;file:/Users/rar9993/repos/research/fdroid_apps/native_apps/limbo/limbo-android-lib/src/main/java/com/max2idea/android/limbo/main/LimboSDLActivity.java|line:95
RedundantFieldInitializer;PMD;/Users/rar9993/repos/research/fdroid_apps/native_apps/limbo/NONE_TRANSFORMED_;/Users/rar9993/repos/research/fdroid_apps/native_apps/limbo/limbo-android-lib/src/main/java/com/max2idea/android/limbo/main/LimboSDLActivity.java;file:/Users/rar9993/repos/research/fdroid_apps/native_apps/limbo/limbo-android-lib/src/main/java/com/max2idea/android/limbo/main/LimboSDLActivity.java|line:101
RedundantFieldInitializer;PMD;/Users/rar9993/repos/research/fdroid_apps/native_apps/limbo/NONE_TRANSFORMED_;/Users/rar9993/repos/research/fdroid_apps/native_apps/limbo/limbo-android-lib/src/main/java/com/max2idea/android/limbo/main/LimboSDLActivity.java;file:/Users/rar9993/repos/research/fdroid_apps/native_apps/limbo/limbo-android-lib/src/main/java/com/max2idea/android/limbo/main/LimboSDLActivity.java|line:104
TooFewBranchesForSwitch;PMD;/Users/rar9993/repos/research/fdroid_apps/native_apps/limbo/NONE_TRANSFORMED_;/Users/rar9993/repos/research/fdroid_apps/native_apps/limbo/limbo-android-lib/src/main/java/com/max2idea/android/limbo/main/LimboSDLActivity.java;file:/Users/rar9993/repos/research/fdroid_apps/native_apps/limbo/limbo-android-lib/src/main/java/com/max2idea/android/limbo/main/LimboSDLActivity.java|line:1072
TooFewBranchesForSwitch;PMD;/Users/rar9993/repos/research/fdroid_apps/native_apps/limbo/NONE_TRANSFORMED_;/Users/rar9993/repos/research/fdroid_apps/native_apps/limbo/limbo-android-lib/src/main/java/com/max2idea/android/limbo/main/LimboSDLActivity.java;file:/Users/rar9993/repos/research/fdroid_apps/native_apps/limbo/limbo-android-lib/src/main/java/com/max2idea/android/limbo/main/LimboSDLActivity.java|line:1094
RedundantFieldInitializer;PMD;/Users/rar9993/repos/research/fdroid_apps/native_apps/limbo/NONE_TRANSFORMED_;/Users/rar9993/repos/research/fdroid_apps/native_apps/limbo/limbo-android-lib/src/main/java/com/max2idea/android/limbo/main/LimboSDLSurface.java;file:/Users/rar9993/repos/research/fdroid_apps/native_apps/limbo/limbo-android-lib/src/main/java/com/max2idea/android/limbo/main/LimboSDLSurface.java|line:47
RedundantFieldInitializer;PMD;/Users/rar9993/repos/research/fdroid_apps/native_apps/limbo/NONE_TRANSFORMED_;/Users/rar9993/repos/research/fdroid_apps/native_apps/limbo/limbo-android-lib/src/main/java/com/max2idea/android/limbo/main/LimboSDLSurface.java;file:/Users/rar9993/repos/research/fdroid_apps/native_apps/limbo/limbo-android-lib/src/main/java/com/max2idea/android/limbo/main/LimboSDLSurface.java|line:242
RedundantFieldInitializer;PMD;/Users/rar9993/repos/research/fdroid_apps/native_apps/limbo/NONE_TRANSFORMED_;/Users/rar9993/repos/research/fdroid_apps/native_apps/limbo/limbo-android-lib/src/main/java/com/max2idea/android/limbo/main/LimboSDLSurface.java;file:/Users/rar9993/repos/research/fdroid_apps/native_apps/limbo/limbo-android-lib/src/main/java/com/max2idea/android/limbo/main/LimboSDLSurface.java|line:243
RedundantFieldInitializer;PMD;/Users/rar9993/repos/research/fdroid_apps/native_apps/limbo/NONE_TRANSFORMED_;/Users/rar9993/repos/research/fdroid_apps/native_apps/limbo/limbo-android-lib/src/main/java/com/max2idea/android/limbo/main/LimboSDLSurface.java;file:/Users/rar9993/repos/research/fdroid_apps/native_apps/limbo/limbo-android-lib/src/main/java/com/max2idea/android/limbo/main/LimboSDLSurface.java|line:244
RedundantFieldInitializer;PMD;/Users/rar9993/repos/research/fdroid_apps/native_apps/limbo/NONE_TRANSFORMED_;/Users/rar9993/repos/research/fdroid_apps/native_apps/limbo/limbo-android-lib/src/main/java/com/max2idea/android/limbo/main/LimboSDLSurface.java;file:/Users/rar9993/repos/research/fdroid_apps/native_apps/limbo/limbo-android-lib/src/main/java/com/max2idea/android/limbo/main/LimboSDLSurface.java|line:245
RedundantFieldInitializer;PMD;/Users/rar9993/repos/research/fdroid_apps/native_apps/limbo/NONE_TRANSFORMED_;/Users/rar9993/repos/research/fdroid_apps/native_apps/limbo/limbo-android-lib/src/main/java/com/max2idea/android/limbo/main/LimboSDLSurface.java;file:/Users/rar9993/repos/research/fdroid_apps/native_apps/limbo/limbo-android-lib/src/main/java/com/max2idea/android/limbo/main/LimboSDLSurface.java|line:246
RedundantFieldInitializer;PMD;/Users/rar9993/repos/research/fdroid_apps/native_apps/limbo/NONE_TRANSFORMED_;/Users/rar9993/repos/research/fdroid_apps/native_apps/limbo/limbo-android-lib/src/main/java/com/max2idea/android/limbo/main/LimboSDLSurface.java;file:/Users/rar9993/repos/research/fdroid_apps/native_apps/limbo/limbo-android-lib/src/main/java/com/max2idea/android/limbo/main/LimboSDLSurface.java|line:247
RedundantFieldInitializer;PMD;/Users/rar9993/repos/research/fdroid_apps/native_apps/limbo/NONE_TRANSFORMED_;/Users/rar9993/repos/research/fdroid_apps/native_apps/limbo/limbo-android-lib/src/main/java/com/max2idea/android/limbo/main/LimboSDLSurface.java;file:/Users/rar9993/repos/research/fdroid_apps/native_apps/limbo/limbo-android-lib/src/main/java/com/max2idea/android/limbo/main/LimboSDLSurface.java|line:248
RedundantFieldInitializer;PMD;/Users/rar9993/repos/research/fdroid_apps/native_apps/limbo/NONE_TRANSFORMED_;/Users/rar9993/repos/research/fdroid_apps/native_apps/limbo/limbo-android-lib/src/main/java/com/max2idea/android/limbo/main/LimboSDLSurface.java;file:/Users/rar9993/repos/research/fdroid_apps/native_apps/limbo/limbo-android-lib/src/main/java/com/max2idea/android/limbo/main/LimboSDLSurface.java|line:249
RedundantFieldInitializer;PMD;/Users/rar9993/repos/research/fdroid_apps/native_apps/limbo/NONE_TRANSFORMED_;/Users/rar9993/repos/research/fdroid_apps/native_apps/limbo/limbo-android-lib/src/main/java/com/max2idea/android/limbo/main/LimboSDLSurface.java;file:/Users/rar9993/repos/research/fdroid_apps/native_apps/limbo/limbo-android-lib/src/main/java/com/max2idea/android/limbo/main/LimboSDLSurface.java|line:253
RedundantFieldInitializer;PMD;/Users/rar9993/repos/research/fdroid_apps/native_apps/limbo/NONE_TRANSFORMED_;/Users/rar9993/repos/research/fdroid_apps/native_apps/limbo/limbo-android-lib/src/main/java/com/max2idea/android/limbo/qmp/QmpClient.java;file:/Users/rar9993/repos/research/fdroid_apps/native_apps/limbo/limbo-android-lib/src/main/java/com/max2idea/android/limbo/qmp/QmpClient.java|line:44
AvoidInstantiatingObjectsInLoops;PMD;/Users/rar9993/repos/research/fdroid_apps/native_apps/limbo/NONE_TRANSFORMED_;/Users/rar9993/repos/research/fdroid_apps/native_apps/limbo/limbo-android-lib/src/main/java/com/max2idea/android/limbo/qmp/QmpClient.java;file:/Users/rar9993/repos/research/fdroid_apps/native_apps/limbo/limbo-android-lib/src/main/java/com/max2idea/android/limbo/qmp/QmpClient.java|line:121
ConsecutiveAppendsShouldReuse;PMD;/Users/rar9993/repos/research/fdroid_apps/native_apps/limbo/NONE_TRANSFORMED_;/Users/rar9993/repos/research/fdroid_apps/native_apps/limbo/limbo-android-lib/src/main/java/com/max2idea/android/limbo/qmp/QmpClient.java;file:/Users/rar9993/repos/research/fdroid_apps/native_apps/limbo/limbo-android-lib/src/main/java/com/max2idea/android/limbo/qmp/QmpClient.java|line:134
AppendCharacterWithChar;PMD;/Users/rar9993/repos/research/fdroid_apps/native_apps/limbo/NONE_TRANSFORMED_;/Users/rar9993/repos/research/fdroid_apps/native_apps/limbo/limbo-android-lib/src/main/java/com/max2idea/android/limbo/qmp/QmpClient.java;file:/Users/rar9993/repos/research/fdroid_apps/native_apps/limbo/limbo-android-lib/src/main/java/com/max2idea/android/limbo/qmp/QmpClient.java|line:135
ConsecutiveAppendsShouldReuse;PMD;/Users/rar9993/repos/research/fdroid_apps/native_apps/limbo/NONE_TRANSFORMED_;/Users/rar9993/repos/research/fdroid_apps/native_apps/limbo/limbo-android-lib/src/main/java/com/max2idea/android/limbo/qmp/QmpClient.java;file:/Users/rar9993/repos/research/fdroid_apps/native_apps/limbo/limbo-android-lib/src/main/java/com/max2idea/android/limbo/qmp/QmpClient.java|line:146
AppendCharacterWithChar;PMD;/Users/rar9993/repos/research/fdroid_apps/native_apps/limbo/NONE_TRANSFORMED_;/Users/rar9993/repos/research/fdroid_apps/native_apps/limbo/limbo-android-lib/src/main/java/com/max2idea/android/limbo/qmp/QmpClient.java;file:/Users/rar9993/repos/research/fdroid_apps/native_apps/limbo/limbo-android-lib/src/main/java/com/max2idea/android/limbo/qmp/QmpClient.java|line:147
AvoidInstantiatingObjectsInLoops;PMD;/Users/rar9993/repos/research/fdroid_apps/native_apps/limbo/NONE_TRANSFORMED_;/Users/rar9993/repos/research/fdroid_apps/native_apps/limbo/limbo-android-lib/src/main/java/com/max2idea/android/limbo/qmp/QmpClient.java;file:/Users/rar9993/repos/research/fdroid_apps/native_apps/limbo/limbo-android-lib/src/main/java/com/max2idea/android/limbo/qmp/QmpClient.java|line:173
ConsecutiveAppendsShouldReuse;PMD;/Users/rar9993/repos/research/fdroid_apps/native_apps/limbo/NONE_TRANSFORMED_;/Users/rar9993/repos/research/fdroid_apps/native_apps/limbo/limbo-android-lib/src/main/java/com/max2idea/android/limbo/qmp/QmpClient.java;file:/Users/rar9993/repos/research/fdroid_apps/native_apps/limbo/limbo-android-lib/src/main/java/com/max2idea/android/limbo/qmp/QmpClient.java|line:192
AppendCharacterWithChar;PMD;/Users/rar9993/repos/research/fdroid_apps/native_apps/limbo/NONE_TRANSFORMED_;/Users/rar9993/repos/research/fdroid_apps/native_apps/limbo/limbo-android-lib/src/main/java/com/max2idea/android/limbo/qmp/QmpClient.java;file:/Users/rar9993/repos/research/fdroid_apps/native_apps/limbo/limbo-android-lib/src/main/java/com/max2idea/android/limbo/qmp/QmpClient.java|line:193
AddEmptyString;PMD;/Users/rar9993/repos/research/fdroid_apps/native_apps/limbo/NONE_TRANSFORMED_;/Users/rar9993/repos/research/fdroid_apps/native_apps/limbo/limbo-android-lib/src/main/java/com/max2idea/android/limbo/ui/SpinnerAdapter.java;file:/Users/rar9993/repos/research/fdroid_apps/native_apps/limbo/limbo-android-lib/src/main/java/com/max2idea/android/limbo/ui/SpinnerAdapter.java|line:64
AddEmptyString;PMD;/Users/rar9993/repos/research/fdroid_apps/native_apps/limbo/NONE_TRANSFORMED_;/Users/rar9993/repos/research/fdroid_apps/native_apps/limbo/limbo-android-lib/src/main/java/com/max2idea/android/limbo/ui/SpinnerAdapter.java;file:/Users/rar9993/repos/research/fdroid_apps/native_apps/limbo/limbo-android-lib/src/main/java/com/max2idea/android/limbo/ui/SpinnerAdapter.java|line:75
RedundantFieldInitializer;PMD;/Users/rar9993/repos/research/fdroid_apps/native_apps/limbo/NONE_TRANSFORMED_;/Users/rar9993/repos/research/fdroid_apps/native_apps/limbo/limbo-android-lib/src/main/java/org/libsdl/app/SDLActivity.java;file:/Users/rar9993/repos/research/fdroid_apps/native_apps/limbo/limbo-android-lib/src/main/java/org/libsdl/app/SDLActivity.java|line:873
AvoidInstantiatingObjectsInLoops;PMD;/Users/rar9993/repos/research/fdroid_apps/native_apps/limbo/NONE_TRANSFORMED_;/Users/rar9993/repos/research/fdroid_apps/native_apps/limbo/limbo-android-lib/src/main/java/org/libsdl/app/SDLActivity.java;file:/Users/rar9993/repos/research/fdroid_apps/native_apps/limbo/limbo-android-lib/src/main/java/org/libsdl/app/SDLActivity.java|line:1001
AvoidInstantiatingObjectsInLoops;PMD;/Users/rar9993/repos/research/fdroid_apps/native_apps/limbo/NONE_TRANSFORMED_;/Users/rar9993/repos/research/fdroid_apps/native_apps/limbo/limbo-android-lib/src/main/java/org/libsdl/app/SDLActivity.java;file:/Users/rar9993/repos/research/fdroid_apps/native_apps/limbo/limbo-android-lib/src/main/java/org/libsdl/app/SDLActivity.java|line:1003
TooFewBranchesForSwitch;PMD;/Users/rar9993/repos/research/fdroid_apps/native_apps/limbo/NONE_TRANSFORMED_;/Users/rar9993/repos/research/fdroid_apps/native_apps/limbo/limbo-android-lib/src/main/java/org/libsdl/app/SDLActivity.java;file:/Users/rar9993/repos/research/fdroid_apps/native_apps/limbo/limbo-android-lib/src/main/java/org/libsdl/app/SDLActivity.java|line:1348
AvoidInstantiatingObjectsInLoops;PMD;/Users/rar9993/repos/research/fdroid_apps/native_apps/limbo/NONE_TRANSFORMED_;/Users/rar9993/repos/research/fdroid_apps/native_apps/limbo/limbo-android-lib/src/main/java/org/libsdl/app/SDLActivity.java;file:/Users/rar9993/repos/research/fdroid_apps/native_apps/limbo/limbo-android-lib/src/main/java/org/libsdl/app/SDLActivity.java|line:1633
AvoidInstantiatingObjectsInLoops;PMD;/Users/rar9993/repos/research/fdroid_apps/native_apps/limbo/NONE_TRANSFORMED_;/Users/rar9993/repos/research/fdroid_apps/native_apps/limbo/limbo-android-lib/src/main/java/org/libsdl/app/SDLActivity.java;file:/Users/rar9993/repos/research/fdroid_apps/native_apps/limbo/limbo-android-lib/src/main/java/org/libsdl/app/SDLActivity.java|line:1634
AvoidInstantiatingObjectsInLoops;PMD;/Users/rar9993/repos/research/fdroid_apps/native_apps/limbo/NONE_TRANSFORMED_;/Users/rar9993/repos/research/fdroid_apps/native_apps/limbo/limbo-android-lib/src/main/java/org/libsdl/app/SDLControllerManager.java;file:/Users/rar9993/repos/research/fdroid_apps/native_apps/limbo/limbo-android-lib/src/main/java/org/libsdl/app/SDLControllerManager.java|line:166
AvoidInstantiatingObjectsInLoops;PMD;/Users/rar9993/repos/research/fdroid_apps/native_apps/limbo/NONE_TRANSFORMED_;/Users/rar9993/repos/research/fdroid_apps/native_apps/limbo/limbo-android-lib/src/main/java/org/libsdl/app/SDLControllerManager.java;file:/Users/rar9993/repos/research/fdroid_apps/native_apps/limbo/limbo-android-lib/src/main/java/org/libsdl/app/SDLControllerManager.java|line:172
AvoidInstantiatingObjectsInLoops;PMD;/Users/rar9993/repos/research/fdroid_apps/native_apps/limbo/NONE_TRANSFORMED_;/Users/rar9993/repos/research/fdroid_apps/native_apps/limbo/limbo-android-lib/src/main/java/org/libsdl/app/SDLControllerManager.java;file:/Users/rar9993/repos/research/fdroid_apps/native_apps/limbo/limbo-android-lib/src/main/java/org/libsdl/app/SDLControllerManager.java|line:173
AvoidInstantiatingObjectsInLoops;PMD;/Users/rar9993/repos/research/fdroid_apps/native_apps/limbo/NONE_TRANSFORMED_;/Users/rar9993/repos/research/fdroid_apps/native_apps/limbo/limbo-android-lib/src/main/java/org/libsdl/app/SDLControllerManager.java;file:/Users/rar9993/repos/research/fdroid_apps/native_apps/limbo/limbo-android-lib/src/main/java/org/libsdl/app/SDLControllerManager.java|line:176
TooFewBranchesForSwitch;PMD;/Users/rar9993/repos/research/fdroid_apps/native_apps/limbo/NONE_TRANSFORMED_;/Users/rar9993/repos/research/fdroid_apps/native_apps/limbo/limbo-android-lib/src/main/java/org/libsdl/app/SDLControllerManager.java;file:/Users/rar9993/repos/research/fdroid_apps/native_apps/limbo/limbo-android-lib/src/main/java/org/libsdl/app/SDLControllerManager.java|line:235
AvoidInstantiatingObjectsInLoops;PMD;/Users/rar9993/repos/research/fdroid_apps/native_apps/limbo/NONE_TRANSFORMED_;/Users/rar9993/repos/research/fdroid_apps/native_apps/limbo/limbo-android-lib/src/main/java/org/libsdl/app/SDLControllerManager.java;file:/Users/rar9993/repos/research/fdroid_apps/native_apps/limbo/limbo-android-lib/src/main/java/org/libsdl/app/SDLControllerManager.java|line:319
MemberIgnoringMethod;DAAP;/Users/rar9993/repos/research/fdroid_apps/native_apps/limbo/NONE_TRANSFORMED_;/src/main/java/com/limbo/emu/main/LimboEmuActivity.java;file:/src/main/java/com/limbo/emu/main/LimboEmuActivity.java
NoLowMemoryResolver;DAAP;/Users/rar9993/repos/research/fdroid_apps/native_apps/limbo/NONE_TRANSFORMED_;/src/main/java/com/limbo/emu/main/LimboEmuActivity.java;file:/src/main/java/com/limbo/emu/main/LimboEmuActivity.java
DroppedData;DAAP;/Users/rar9993/repos/research/fdroid_apps/native_apps/limbo/NONE_TRANSFORMED_;/src/main/java/com/limbo/emu/main/LimboEmuActivity.java;file:/src/main/java/com/limbo/emu/main/LimboEmuActivity.java
MemberIgnoringMethod;DAAP;/Users/rar9993/repos/research/fdroid_apps/native_apps/limbo/NONE_TRANSFORMED_;/src/main/java/com/limbo/emu/main/sparc/LimboEmuActivity.java;file:/src/main/java/com/limbo/emu/main/sparc/LimboEmuActivity.java
NoLowMemoryResolver;DAAP;/Users/rar9993/repos/research/fdroid_apps/native_apps/limbo/NONE_TRANSFORMED_;/src/main/java/com/limbo/emu/main/sparc/LimboEmuActivity.java;file:/src/main/java/com/limbo/emu/main/sparc/LimboEmuActivity.java
DroppedData;DAAP;/Users/rar9993/repos/research/fdroid_apps/native_apps/limbo/NONE_TRANSFORMED_;/src/main/java/com/limbo/emu/main/sparc/LimboEmuActivity.java;file:/src/main/java/com/limbo/emu/main/sparc/LimboEmuActivity.java
MemberIgnoringMethod;DAAP;/Users/rar9993/repos/research/fdroid_apps/native_apps/limbo/NONE_TRANSFORMED_;/src/main/java/org/libsdl/app/SDLControllerManager.java;file:/src/main/java/org/libsdl/app/SDLControllerManager.java
MemberIgnoringMethod;DAAP;/Users/rar9993/repos/research/fdroid_apps/native_apps/limbo/NONE_TRANSFORMED_;/src/main/java/org/libsdl/app/SDLActivity.java;file:/src/main/java/org/libsdl/app/SDLActivity.java
MemberIgnoringMethod;DAAP;/Users/rar9993/repos/research/fdroid_apps/native_apps/limbo/NONE_TRANSFORMED_;/src/main/java/com/max2idea/android/limbo/updates/UpdateChecker.java;file:/src/main/java/com/max2idea/android/limbo/updates/UpdateChecker.java
MemberIgnoringMethod;DAAP;/Users/rar9993/repos/research/fdroid_apps/native_apps/limbo/NONE_TRANSFORMED_;/src/main/java/com/max2idea/android/limbo/dialog/DialogUtils.java;file:/src/main/java/com/max2idea/android/limbo/dialog/DialogUtils.java
MemberIgnoringMethod;DAAP;/Users/rar9993/repos/research/fdroid_apps/native_apps/limbo/NONE_TRANSFORMED_;/src/main/java/com/max2idea/android/limbo/keymapper/KeyMapManager.java;file:/src/main/java/com/max2idea/android/limbo/keymapper/KeyMapManager.java
MemberIgnoringMethod;DAAP;/Users/rar9993/repos/research/fdroid_apps/native_apps/limbo/NONE_TRANSFORMED_;/src/main/java/com/max2idea/android/limbo/keymapper/KeySurfaceView.java;file:/src/main/java/com/max2idea/android/limbo/keymapper/KeySurfaceView.java
MemberIgnoringMethod;DAAP;/Users/rar9993/repos/research/fdroid_apps/native_apps/limbo/NONE_TRANSFORMED_;/src/main/java/com/max2idea/android/limbo/links/LinksManager.java;file:/src/main/java/com/max2idea/android/limbo/links/LinksManager.java
MemberIgnoringMethod;DAAP;/Users/rar9993/repos/research/fdroid_apps/native_apps/limbo/NONE_TRANSFORMED_;/src/main/java/com/max2idea/android/limbo/machine/Machine.java;file:/src/main/java/com/max2idea/android/limbo/machine/Machine.java
MemberIgnoringMethod;DAAP;/Users/rar9993/repos/research/fdroid_apps/native_apps/limbo/NONE_TRANSFORMED_;/src/main/java/com/max2idea/android/limbo/machine/IMachineDatabase.java;file:/src/main/java/com/max2idea/android/limbo/machine/IMachineDatabase.java
MemberIgnoringMethod;DAAP;/Users/rar9993/repos/research/fdroid_apps/native_apps/limbo/NONE_TRANSFORMED_;/src/main/java/com/max2idea/android/limbo/machine/MachineController.java;file:/src/main/java/com/max2idea/android/limbo/machine/MachineController.java
MemberIgnoringMethod;DAAP;/Users/rar9993/repos/research/fdroid_apps/native_apps/limbo/NONE_TRANSFORMED_;/src/main/java/com/max2idea/android/limbo/machine/BIOSImporter.java;file:/src/main/java/com/max2idea/android/limbo/machine/BIOSImporter.java
MemberIgnoringMethod;DAAP;/Users/rar9993/repos/research/fdroid_apps/native_apps/limbo/NONE_TRANSFORMED_;/src/main/java/com/max2idea/android/limbo/machine/MachineExecutor.java;file:/src/main/java/com/max2idea/android/limbo/machine/MachineExecutor.java
MemberIgnoringMethod;DAAP;/Users/rar9993/repos/research/fdroid_apps/native_apps/limbo/NONE_TRANSFORMED_;/src/main/java/com/max2idea/android/limbo/machine/MachineService.java;file:/src/main/java/com/max2idea/android/limbo/machine/MachineService.java
MemberIgnoringMethod;DAAP;/Users/rar9993/repos/research/fdroid_apps/native_apps/limbo/NONE_TRANSFORMED_;/src/main/java/com/max2idea/android/limbo/main/LimboSDLActivity.java;file:/src/main/java/com/max2idea/android/limbo/main/LimboSDLActivity.java
MemberIgnoringMethod;DAAP;/Users/rar9993/repos/research/fdroid_apps/native_apps/limbo/NONE_TRANSFORMED_;/src/main/java/com/max2idea/android/limbo/main/LimboActivity.java;file:/src/main/java/com/max2idea/android/limbo/main/LimboActivity.java
MemberIgnoringMethod;DAAP;/Users/rar9993/repos/research/fdroid_apps/native_apps/limbo/NONE_TRANSFORMED_;/src/main/java/com/max2idea/android/limbo/main/LimboActivityCommon.java;file:/src/main/java/com/max2idea/android/limbo/main/LimboActivityCommon.java
MemberIgnoringMethod;DAAP;/Users/rar9993/repos/research/fdroid_apps/native_apps/limbo/NONE_TRANSFORMED_;/src/main/java/com/max2idea/android/limbo/main/ViewListener.java;file:/src/main/java/com/max2idea/android/limbo/main/ViewListener.java
MemberIgnoringMethod;DAAP;/Users/rar9993/repos/research/fdroid_apps/native_apps/limbo/NONE_TRANSFORMED_;/src/main/java/com/max2idea/android/limbo/main/LimboFileManager.java;file:/src/main/java/com/max2idea/android/limbo/main/LimboFileManager.java
MemberIgnoringMethod;DAAP;/Users/rar9993/repos/research/fdroid_apps/native_apps/limbo/NONE_TRANSFORMED_;/src/main/java/com/max2idea/android/limbo/main/DrivesDialogBox.java;file:/src/main/java/com/max2idea/android/limbo/main/DrivesDialogBox.java
MemberIgnoringMethod;DAAP;/Users/rar9993/repos/research/fdroid_apps/native_apps/limbo/NONE_TRANSFORMED_;/src/main/java/com/max2idea/android/limbo/main/LimboSDLSurface.java;file:/src/main/java/com/max2idea/android/limbo/main/LimboSDLSurface.java
MemberIgnoringMethod;DAAP;/Users/rar9993/repos/research/fdroid_apps/native_apps/limbo/NONE_TRANSFORMED_;/src/main/java/com/max2idea/android/limbo/help/Help.java;file:/src/main/java/com/max2idea/android/limbo/help/Help.java
LeakingThread;DAAP;/Users/rar9993/repos/research/fdroid_apps/native_apps/limbo/NONE_TRANSFORMED_;/src/main/java/org/libsdl/app/SDLControllerManager.java;file:/src/main/java/org/libsdl/app/SDLControllerManager.java
InternalGetterSetter;DAAP;/Users/rar9993/repos/research/fdroid_apps/native_apps/limbo/NONE_TRANSFORMED_;/src/main/java/com/max2idea/android/limbo/machine/MachineController.java;file:/src/main/java/com/max2idea/android/limbo/machine/MachineController.java
SlowForLoop;DAAP;/Users/rar9993/repos/research/fdroid_apps/native_apps/limbo/NONE_TRANSFORMED_;/src/main/java/org/libsdl/app/SDLAudioManager.java;file:/src/main/java/org/libsdl/app/SDLAudioManager.java
SlowForLoop;DAAP;/Users/rar9993/repos/research/fdroid_apps/native_apps/limbo/NONE_TRANSFORMED_;/src/main/java/org/libsdl/app/SDLControllerManager.java;file:/src/main/java/org/libsdl/app/SDLControllerManager.java
SlowForLoop;DAAP;/Users/rar9993/repos/research/fdroid_apps/native_apps/limbo/NONE_TRANSFORMED_;/src/main/java/org/libsdl/app/SDLActivity.java;file:/src/main/java/org/libsdl/app/SDLActivity.java
SlowForLoop;DAAP;/Users/rar9993/repos/research/fdroid_apps/native_apps/limbo/NONE_TRANSFORMED_;/src/main/java/com/max2idea/android/limbo/ui/SpinnerAdapter.java;file:/src/main/java/com/max2idea/android/limbo/ui/SpinnerAdapter.java
SlowForLoop;DAAP;/Users/rar9993/repos/research/fdroid_apps/native_apps/limbo/NONE_TRANSFORMED_;/src/main/java/com/max2idea/android/limbo/network/NetworkUtils.java;file:/src/main/java/com/max2idea/android/limbo/network/NetworkUtils.java
SlowForLoop;DAAP;/Users/rar9993/repos/research/fdroid_apps/native_apps/limbo/NONE_TRANSFORMED_;/src/main/java/com/max2idea/android/limbo/keymapper/KeyMapManager.java;file:/src/main/java/com/max2idea/android/limbo/keymapper/KeyMapManager.java
SlowForLoop;DAAP;/Users/rar9993/repos/research/fdroid_apps/native_apps/limbo/NONE_TRANSFORMED_;/src/main/java/com/max2idea/android/limbo/keymapper/KeyMapper.java;file:/src/main/java/com/max2idea/android/limbo/keymapper/KeyMapper.java
SlowForLoop;DAAP;/Users/rar9993/repos/research/fdroid_apps/native_apps/limbo/NONE_TRANSFORMED_;/src/main/java/com/max2idea/android/limbo/keymapper/KeySurfaceView.java;file:/src/main/java/com/max2idea/android/limbo/keymapper/KeySurfaceView.java
SlowForLoop;DAAP;/Users/rar9993/repos/research/fdroid_apps/native_apps/limbo/NONE_TRANSFORMED_;/src/main/java/com/max2idea/android/limbo/machine/MachineOpenHelper.java;file:/src/main/java/com/max2idea/android/limbo/machine/MachineOpenHelper.java
SlowForLoop;DAAP;/Users/rar9993/repos/research/fdroid_apps/native_apps/limbo/NONE_TRANSFORMED_;/src/main/java/com/max2idea/android/limbo/machine/MachineImporter.java;file:/src/main/java/com/max2idea/android/limbo/machine/MachineImporter.java
SlowForLoop;DAAP;/Users/rar9993/repos/research/fdroid_apps/native_apps/limbo/NONE_TRANSFORMED_;/src/main/java/com/max2idea/android/limbo/files/FileUtils.java;file:/src/main/java/com/max2idea/android/limbo/files/FileUtils.java
SlowForLoop;DAAP;/Users/rar9993/repos/research/fdroid_apps/native_apps/limbo/NONE_TRANSFORMED_;/src/main/java/com/max2idea/android/limbo/files/FileInstaller.java;file:/src/main/java/com/max2idea/android/limbo/files/FileInstaller.java
SlowForLoop;DAAP;/Users/rar9993/repos/research/fdroid_apps/native_apps/limbo/NONE_TRANSFORMED_;/src/main/java/com/max2idea/android/limbo/jni/VMExecutor.java;file:/src/main/java/com/max2idea/android/limbo/jni/VMExecutor.java
SlowForLoop;DAAP;/Users/rar9993/repos/research/fdroid_apps/native_apps/limbo/NONE_TRANSFORMED_;/src/main/java/com/max2idea/android/limbo/main/LimboSDLActivity.java;file:/src/main/java/com/max2idea/android/limbo/main/LimboSDLActivity.java
SlowForLoop;DAAP;/Users/rar9993/repos/research/fdroid_apps/native_apps/limbo/NONE_TRANSFORMED_;/src/main/java/com/max2idea/android/limbo/main/LimboActivity.java;file:/src/main/java/com/max2idea/android/limbo/main/LimboActivity.java
SlowForLoop;DAAP;/Users/rar9993/repos/research/fdroid_apps/native_apps/limbo/NONE_TRANSFORMED_;/src/main/java/com/max2idea/android/limbo/main/LimboApplication.java;file:/src/main/java/com/max2idea/android/limbo/main/LimboApplication.java
SlowForLoop;DAAP;/Users/rar9993/repos/research/fdroid_apps/native_apps/limbo/NONE_TRANSFORMED_;/src/main/java/com/max2idea/android/limbo/main/LimboSDLSurface.java;file:/src/main/java/com/max2idea/android/limbo/main/LimboSDLSurface.java
NoLowMemoryResolver;DAAP;/Users/rar9993/repos/research/fdroid_apps/native_apps/limbo/NONE_TRANSFORMED_;/src/main/java/com/max2idea/android/limbo/main/LimboSDLActivity.java;file:/src/main/java/com/max2idea/android/limbo/main/LimboSDLActivity.java
NoLowMemoryResolver;DAAP;/Users/rar9993/repos/research/fdroid_apps/native_apps/limbo/NONE_TRANSFORMED_;/src/main/java/com/max2idea/android/limbo/main/LimboActivity.java;file:/src/main/java/com/max2idea/android/limbo/main/LimboActivity.java
NoLowMemoryResolver;DAAP;/Users/rar9993/repos/research/fdroid_apps/native_apps/limbo/NONE_TRANSFORMED_;/src/main/java/com/max2idea/android/limbo/main/LimboFileManager.java;file:/src/main/java/com/max2idea/android/limbo/main/LimboFileManager.java
NoLowMemoryResolver;DAAP;/Users/rar9993/repos/research/fdroid_apps/native_apps/limbo/NONE_TRANSFORMED_;/src/main/java/com/max2idea/android/limbo/main/LimboSettingsManager.java;file:/src/main/java/com/max2idea/android/limbo/main/LimboSettingsManager.java
StaticContext;DAAP;/Users/rar9993/repos/research/fdroid_apps/native_apps/limbo/NONE_TRANSFORMED_;/src/main/java/org/libsdl/app/SDL.java;file:/src/main/java/org/libsdl/app/SDL.java
StaticContext;DAAP;/Users/rar9993/repos/research/fdroid_apps/native_apps/limbo/NONE_TRANSFORMED_;/src/main/java/com/max2idea/android/limbo/main/LimboApplication.java;file:/src/main/java/com/max2idea/android/limbo/main/LimboApplication.java
CollectionOfViews;DAAP;/Users/rar9993/repos/research/fdroid_apps/native_apps/limbo/NONE_TRANSFORMED_;/src/main/java/com/max2idea/android/limbo/keymapper/KeyMapManager.java;file:/src/main/java/com/max2idea/android/limbo/keymapper/KeyMapManager.java
CollectionOfViews;DAAP;/Users/rar9993/repos/research/fdroid_apps/native_apps/limbo/NONE_TRANSFORMED_;/src/main/java/com/max2idea/android/limbo/links/LinksManager.java;file:/src/main/java/com/max2idea/android/limbo/links/LinksManager.java
DroppedData;DAAP;/Users/rar9993/repos/research/fdroid_apps/native_apps/limbo/NONE_TRANSFORMED_;/src/main/java/org/libsdl/app/SDLActivity.java;file:/src/main/java/org/libsdl/app/SDLActivity.java
DroppedData;DAAP;/Users/rar9993/repos/research/fdroid_apps/native_apps/limbo/NONE_TRANSFORMED_;/src/main/java/com/max2idea/android/limbo/main/LimboSDLActivity.java;file:/src/main/java/com/max2idea/android/limbo/main/LimboSDLActivity.java
DroppedData;DAAP;/Users/rar9993/repos/research/fdroid_apps/native_apps/limbo/NONE_TRANSFORMED_;/src/main/java/com/max2idea/android/limbo/main/LimboActivity.java;file:/src/main/java/com/max2idea/android/limbo/main/LimboActivity.java
DroppedData;DAAP;/Users/rar9993/repos/research/fdroid_apps/native_apps/limbo/NONE_TRANSFORMED_;/src/main/java/com/max2idea/android/limbo/main/LimboFileManager.java;file:/src/main/java/com/max2idea/android/limbo/main/LimboFileManager.java
DroppedData;DAAP;/Users/rar9993/repos/research/fdroid_apps/native_apps/limbo/NONE_TRANSFORMED_;/src/main/java/com/max2idea/android/limbo/main/LimboSettingsManager.java;file:/src/main/java/com/max2idea/android/limbo/main/LimboSettingsManager.java
MemberIgnoringMethod;DAAP;/Users/rar9993/repos/research/fdroid_apps/native_apps/limbo/NONE_TRANSFORMED_;/src/main/java/com/limbo/emu/main/arm/LimboEmuActivity.java;file:/src/main/java/com/limbo/emu/main/arm/LimboEmuActivity.java
NoLowMemoryResolver;DAAP;/Users/rar9993/repos/research/fdroid_apps/native_apps/limbo/NONE_TRANSFORMED_;/src/main/java/com/limbo/emu/main/arm/LimboEmuActivity.java;file:/src/main/java/com/limbo/emu/main/arm/LimboEmuActivity.java
DroppedData;DAAP;/Users/rar9993/repos/research/fdroid_apps/native_apps/limbo/NONE_TRANSFORMED_;/src/main/java/com/limbo/emu/main/arm/LimboEmuActivity.java;file:/src/main/java/com/limbo/emu/main/arm/LimboEmuActivity.java
MemberIgnoringMethod;DAAP;/Users/rar9993/repos/research/fdroid_apps/native_apps/limbo/NONE_TRANSFORMED_;/src/main/java/com/limbo/emu/main/ppc/LimboEmuActivity.java;file:/src/main/java/com/limbo/emu/main/ppc/LimboEmuActivity.java
NoLowMemoryResolver;DAAP;/Users/rar9993/repos/research/fdroid_apps/native_apps/limbo/NONE_TRANSFORMED_;/src/main/java/com/limbo/emu/main/ppc/LimboEmuActivity.java;file:/src/main/java/com/limbo/emu/main/ppc/LimboEmuActivity.java
DroppedData;DAAP;/Users/rar9993/repos/research/fdroid_apps/native_apps/limbo/NONE_TRANSFORMED_;/src/main/java/com/limbo/emu/main/ppc/LimboEmuActivity.java;file:/src/main/java/com/limbo/emu/main/ppc/LimboEmuActivity.java
ObsoleteSdkInt;Lint;/Users/rar9993/repos/research/fdroid_apps/native_apps/limbo/NONE_TRANSFORMED_;/Users/rar9993/repos/research/fdroid_apps/native_apps/limbo/NONE_TRANSFORMED_/limbo-android-sparc/src/main/res/values-v11;file:/Users/rar9993/repos/research/fdroid_apps/native_apps/limbo/NONE_TRANSFORMED_/limbo-android-sparc/src/main/res/values-v11
ObsoleteSdkInt;Lint;/Users/rar9993/repos/research/fdroid_apps/native_apps/limbo/NONE_TRANSFORMED_;/Users/rar9993/repos/research/fdroid_apps/native_apps/limbo/NONE_TRANSFORMED_/limbo-android-sparc/src/main/res/values-v14;file:/Users/rar9993/repos/research/fdroid_apps/native_apps/limbo/NONE_TRANSFORMED_/limbo-android-sparc/src/main/res/values-v14
IPCOnUIThread;Infer;/Users/rar9993/repos/research/fdroid_apps/native_apps/limbo/NONE_TRANSFORMED_;limbo-android-lib/src/main/java/com/max2idea/android/limbo/main/LimboSDLActivity.java;file:limbo-android-lib/src/main/java/com/max2idea/android/limbo/main/LimboSDLActivity.java|line:236
