Issue;Tool;Project;File;Location
MemberIgnoringMethod;aDoctor;/Users/rar9993/repos/research/fdroid_apps/native_apps/SoundWaves/NONE_TRANSFORMED_;/Users/rar9993/repos/research/fdroid_apps/native_apps/SoundWaves/WebPlayer/src/main/java/org/bottiger/podcast/web/RegistrationEndpoint.java;file:/Users/rar9993/repos/research/fdroid_apps/native_apps/SoundWaves/WebPlayer/src/main/java/org/bottiger/podcast/web/RegistrationEndpoint.java|class:org.bottiger.podcast.web.RegistrationEndpoint
MemberIgnoringMethod;aDoctor;/Users/rar9993/repos/research/fdroid_apps/native_apps/SoundWaves/NONE_TRANSFORMED_;/Users/rar9993/repos/research/fdroid_apps/native_apps/SoundWaves/WebPlayer/src/main/java/org/bottiger/podcast/web/RegistrationRecord.java;file:/Users/rar9993/repos/research/fdroid_apps/native_apps/SoundWaves/WebPlayer/src/main/java/org/bottiger/podcast/web/RegistrationRecord.java|class:org.bottiger.podcast.web.RegistrationRecord
MemberIgnoringMethod;aDoctor;/Users/rar9993/repos/research/fdroid_apps/native_apps/SoundWaves/NONE_TRANSFORMED_;/Users/rar9993/repos/research/fdroid_apps/native_apps/SoundWaves/app/src/main/java/org/bottiger/podcast/ToolbarActivity.java;file:/Users/rar9993/repos/research/fdroid_apps/native_apps/SoundWaves/app/src/main/java/org/bottiger/podcast/ToolbarActivity.java|class:org.bottiger.podcast.ToolbarActivity
UnclosedCloseable;aDoctor;/Users/rar9993/repos/research/fdroid_apps/native_apps/SoundWaves/NONE_TRANSFORMED_;/Users/rar9993/repos/research/fdroid_apps/native_apps/SoundWaves/app/src/main/java/org/bottiger/podcast/MediaRouterPlaybackActivity.java;file:/Users/rar9993/repos/research/fdroid_apps/native_apps/SoundWaves/app/src/main/java/org/bottiger/podcast/MediaRouterPlaybackActivity.java|class:org.bottiger.podcast.MediaRouterPlaybackActivity
LeakingInnerClass;aDoctor;/Users/rar9993/repos/research/fdroid_apps/native_apps/SoundWaves/NONE_TRANSFORMED_;/Users/rar9993/repos/research/fdroid_apps/native_apps/SoundWaves/app/src/main/java/org/bottiger/podcast/SoundWavesPreferenceFragment.java;file:/Users/rar9993/repos/research/fdroid_apps/native_apps/SoundWaves/app/src/main/java/org/bottiger/podcast/SoundWavesPreferenceFragment.java|class:org.bottiger.podcast.SoundWavesPreferenceFragment
MemberIgnoringMethod;aDoctor;/Users/rar9993/repos/research/fdroid_apps/native_apps/SoundWaves/NONE_TRANSFORMED_;/Users/rar9993/repos/research/fdroid_apps/native_apps/SoundWaves/app/src/main/java/org/bottiger/podcast/SoundWavesPreferenceFragment.java;file:/Users/rar9993/repos/research/fdroid_apps/native_apps/SoundWaves/app/src/main/java/org/bottiger/podcast/SoundWavesPreferenceFragment.java|class:org.bottiger.podcast.SoundWavesPreferenceFragment
NoLowMemoryResolver;aDoctor;/Users/rar9993/repos/research/fdroid_apps/native_apps/SoundWaves/NONE_TRANSFORMED_;/Users/rar9993/repos/research/fdroid_apps/native_apps/SoundWaves/app/src/main/java/org/bottiger/podcast/SoundWavesPreferenceFragment.java;file:/Users/rar9993/repos/research/fdroid_apps/native_apps/SoundWaves/app/src/main/java/org/bottiger/podcast/SoundWavesPreferenceFragment.java|class:org.bottiger.podcast.SoundWavesPreferenceFragment
SlowForLoop;aDoctor;/Users/rar9993/repos/research/fdroid_apps/native_apps/SoundWaves/NONE_TRANSFORMED_;/Users/rar9993/repos/research/fdroid_apps/native_apps/SoundWaves/app/src/main/java/org/bottiger/podcast/SoundWavesPreferenceFragment.java;file:/Users/rar9993/repos/research/fdroid_apps/native_apps/SoundWaves/app/src/main/java/org/bottiger/podcast/SoundWavesPreferenceFragment.java|class:org.bottiger.podcast.SoundWavesPreferenceFragment
NoLowMemoryResolver;aDoctor;/Users/rar9993/repos/research/fdroid_apps/native_apps/SoundWaves/NONE_TRANSFORMED_;/Users/rar9993/repos/research/fdroid_apps/native_apps/SoundWaves/app/src/main/java/org/bottiger/podcast/DummyFragment.java;file:/Users/rar9993/repos/research/fdroid_apps/native_apps/SoundWaves/app/src/main/java/org/bottiger/podcast/DummyFragment.java|class:org.bottiger.podcast.DummyFragment
MemberIgnoringMethod;aDoctor;/Users/rar9993/repos/research/fdroid_apps/native_apps/SoundWaves/NONE_TRANSFORMED_;/Users/rar9993/repos/research/fdroid_apps/native_apps/SoundWaves/app/src/main/java/org/bottiger/podcast/WebScannerActivity.java;file:/Users/rar9993/repos/research/fdroid_apps/native_apps/SoundWaves/app/src/main/java/org/bottiger/podcast/WebScannerActivity.java|class:org.bottiger.podcast.WebScannerActivity
UnclosedCloseable;aDoctor;/Users/rar9993/repos/research/fdroid_apps/native_apps/SoundWaves/NONE_TRANSFORMED_;/Users/rar9993/repos/research/fdroid_apps/native_apps/SoundWaves/app/src/main/java/org/bottiger/podcast/WebScannerActivity.java;file:/Users/rar9993/repos/research/fdroid_apps/native_apps/SoundWaves/app/src/main/java/org/bottiger/podcast/WebScannerActivity.java|class:org.bottiger.podcast.WebScannerActivity
MemberIgnoringMethod;aDoctor;/Users/rar9993/repos/research/fdroid_apps/native_apps/SoundWaves/NONE_TRANSFORMED_;/Users/rar9993/repos/research/fdroid_apps/native_apps/SoundWaves/app/src/main/java/org/bottiger/podcast/SoundWaves.java;file:/Users/rar9993/repos/research/fdroid_apps/native_apps/SoundWaves/app/src/main/java/org/bottiger/podcast/SoundWaves.java|class:org.bottiger.podcast.SoundWaves
NoLowMemoryResolver;aDoctor;/Users/rar9993/repos/research/fdroid_apps/native_apps/SoundWaves/NONE_TRANSFORMED_;/Users/rar9993/repos/research/fdroid_apps/native_apps/SoundWaves/app/src/main/java/org/bottiger/podcast/SoundWaves.java;file:/Users/rar9993/repos/research/fdroid_apps/native_apps/SoundWaves/app/src/main/java/org/bottiger/podcast/SoundWaves.java|class:org.bottiger.podcast.SoundWaves
LeakingInnerClass;aDoctor;/Users/rar9993/repos/research/fdroid_apps/native_apps/SoundWaves/NONE_TRANSFORMED_;/Users/rar9993/repos/research/fdroid_apps/native_apps/SoundWaves/app/src/main/java/org/bottiger/podcast/FragmentContainerActivity.java;file:/Users/rar9993/repos/research/fdroid_apps/native_apps/SoundWaves/app/src/main/java/org/bottiger/podcast/FragmentContainerActivity.java|class:org.bottiger.podcast.FragmentContainerActivity
MemberIgnoringMethod;aDoctor;/Users/rar9993/repos/research/fdroid_apps/native_apps/SoundWaves/NONE_TRANSFORMED_;/Users/rar9993/repos/research/fdroid_apps/native_apps/SoundWaves/app/src/main/java/org/bottiger/podcast/FragmentContainerActivity.java;file:/Users/rar9993/repos/research/fdroid_apps/native_apps/SoundWaves/app/src/main/java/org/bottiger/podcast/FragmentContainerActivity.java|class:org.bottiger.podcast.FragmentContainerActivity
MemberIgnoringMethod;aDoctor;/Users/rar9993/repos/research/fdroid_apps/native_apps/SoundWaves/NONE_TRANSFORMED_;/Users/rar9993/repos/research/fdroid_apps/native_apps/SoundWaves/app/src/main/java/org/bottiger/podcast/MainActivity.java;file:/Users/rar9993/repos/research/fdroid_apps/native_apps/SoundWaves/app/src/main/java/org/bottiger/podcast/MainActivity.java|class:org.bottiger.podcast.MainActivity
UnclosedCloseable;aDoctor;/Users/rar9993/repos/research/fdroid_apps/native_apps/SoundWaves/NONE_TRANSFORMED_;/Users/rar9993/repos/research/fdroid_apps/native_apps/SoundWaves/app/src/main/java/org/bottiger/podcast/MainActivity.java;file:/Users/rar9993/repos/research/fdroid_apps/native_apps/SoundWaves/app/src/main/java/org/bottiger/podcast/MainActivity.java|class:org.bottiger.podcast.MainActivity
MemberIgnoringMethod;aDoctor;/Users/rar9993/repos/research/fdroid_apps/native_apps/SoundWaves/NONE_TRANSFORMED_;/Users/rar9993/repos/research/fdroid_apps/native_apps/SoundWaves/app/src/main/java/org/bottiger/podcast/AbstractEpisodeFragment.java;file:/Users/rar9993/repos/research/fdroid_apps/native_apps/SoundWaves/app/src/main/java/org/bottiger/podcast/AbstractEpisodeFragment.java|class:org.bottiger.podcast.AbstractEpisodeFragment
UnclosedCloseable;aDoctor;/Users/rar9993/repos/research/fdroid_apps/native_apps/SoundWaves/NONE_TRANSFORMED_;/Users/rar9993/repos/research/fdroid_apps/native_apps/SoundWaves/app/src/main/java/org/bottiger/podcast/AbstractEpisodeFragment.java;file:/Users/rar9993/repos/research/fdroid_apps/native_apps/SoundWaves/app/src/main/java/org/bottiger/podcast/AbstractEpisodeFragment.java|class:org.bottiger.podcast.AbstractEpisodeFragment
DataTransmissionWithoutCompression;aDoctor;/Users/rar9993/repos/research/fdroid_apps/native_apps/SoundWaves/NONE_TRANSFORMED_;/Users/rar9993/repos/research/fdroid_apps/native_apps/SoundWaves/app/src/main/java/org/bottiger/podcast/SubscriptionsFragment.java;file:/Users/rar9993/repos/research/fdroid_apps/native_apps/SoundWaves/app/src/main/java/org/bottiger/podcast/SubscriptionsFragment.java|class:org.bottiger.podcast.SubscriptionsFragment
MemberIgnoringMethod;aDoctor;/Users/rar9993/repos/research/fdroid_apps/native_apps/SoundWaves/NONE_TRANSFORMED_;/Users/rar9993/repos/research/fdroid_apps/native_apps/SoundWaves/app/src/main/java/org/bottiger/podcast/SubscriptionsFragment.java;file:/Users/rar9993/repos/research/fdroid_apps/native_apps/SoundWaves/app/src/main/java/org/bottiger/podcast/SubscriptionsFragment.java|class:org.bottiger.podcast.SubscriptionsFragment
NoLowMemoryResolver;aDoctor;/Users/rar9993/repos/research/fdroid_apps/native_apps/SoundWaves/NONE_TRANSFORMED_;/Users/rar9993/repos/research/fdroid_apps/native_apps/SoundWaves/app/src/main/java/org/bottiger/podcast/SubscriptionsFragment.java;file:/Users/rar9993/repos/research/fdroid_apps/native_apps/SoundWaves/app/src/main/java/org/bottiger/podcast/SubscriptionsFragment.java|class:org.bottiger.podcast.SubscriptionsFragment
UnclosedCloseable;aDoctor;/Users/rar9993/repos/research/fdroid_apps/native_apps/SoundWaves/NONE_TRANSFORMED_;/Users/rar9993/repos/research/fdroid_apps/native_apps/SoundWaves/app/src/main/java/org/bottiger/podcast/SubscriptionsFragment.java;file:/Users/rar9993/repos/research/fdroid_apps/native_apps/SoundWaves/app/src/main/java/org/bottiger/podcast/SubscriptionsFragment.java|class:org.bottiger.podcast.SubscriptionsFragment
LeakingInnerClass;aDoctor;/Users/rar9993/repos/research/fdroid_apps/native_apps/SoundWaves/NONE_TRANSFORMED_;/Users/rar9993/repos/research/fdroid_apps/native_apps/SoundWaves/app/src/main/java/org/bottiger/podcast/ViewServer.java;file:/Users/rar9993/repos/research/fdroid_apps/native_apps/SoundWaves/app/src/main/java/org/bottiger/podcast/ViewServer.java|class:org.bottiger.podcast.ViewServer
MemberIgnoringMethod;aDoctor;/Users/rar9993/repos/research/fdroid_apps/native_apps/SoundWaves/NONE_TRANSFORMED_;/Users/rar9993/repos/research/fdroid_apps/native_apps/SoundWaves/app/src/main/java/org/bottiger/podcast/ViewServer.java;file:/Users/rar9993/repos/research/fdroid_apps/native_apps/SoundWaves/app/src/main/java/org/bottiger/podcast/ViewServer.java|class:org.bottiger.podcast.ViewServer
LeakingInnerClass;aDoctor;/Users/rar9993/repos/research/fdroid_apps/native_apps/SoundWaves/NONE_TRANSFORMED_;/Users/rar9993/repos/research/fdroid_apps/native_apps/SoundWaves/app/src/main/java/org/bottiger/podcast/DrawerActivity.java;file:/Users/rar9993/repos/research/fdroid_apps/native_apps/SoundWaves/app/src/main/java/org/bottiger/podcast/DrawerActivity.java|class:org.bottiger.podcast.DrawerActivity
MemberIgnoringMethod;aDoctor;/Users/rar9993/repos/research/fdroid_apps/native_apps/SoundWaves/NONE_TRANSFORMED_;/Users/rar9993/repos/research/fdroid_apps/native_apps/SoundWaves/app/src/main/java/org/bottiger/podcast/DrawerActivity.java;file:/Users/rar9993/repos/research/fdroid_apps/native_apps/SoundWaves/app/src/main/java/org/bottiger/podcast/DrawerActivity.java|class:org.bottiger.podcast.DrawerActivity
MemberIgnoringMethod;aDoctor;/Users/rar9993/repos/research/fdroid_apps/native_apps/SoundWaves/NONE_TRANSFORMED_;/Users/rar9993/repos/research/fdroid_apps/native_apps/SoundWaves/app/src/main/java/org/bottiger/podcast/PlaylistFragment.java;file:/Users/rar9993/repos/research/fdroid_apps/native_apps/SoundWaves/app/src/main/java/org/bottiger/podcast/PlaylistFragment.java|class:org.bottiger.podcast.PlaylistFragment
UnclosedCloseable;aDoctor;/Users/rar9993/repos/research/fdroid_apps/native_apps/SoundWaves/NONE_TRANSFORMED_;/Users/rar9993/repos/research/fdroid_apps/native_apps/SoundWaves/app/src/main/java/org/bottiger/podcast/PlaylistFragment.java;file:/Users/rar9993/repos/research/fdroid_apps/native_apps/SoundWaves/app/src/main/java/org/bottiger/podcast/PlaylistFragment.java|class:org.bottiger.podcast.PlaylistFragment
LeakingInnerClass;aDoctor;/Users/rar9993/repos/research/fdroid_apps/native_apps/SoundWaves/NONE_TRANSFORMED_;/Users/rar9993/repos/research/fdroid_apps/native_apps/SoundWaves/app/src/main/java/org/bottiger/podcast/PodcastBaseFragment.java;file:/Users/rar9993/repos/research/fdroid_apps/native_apps/SoundWaves/app/src/main/java/org/bottiger/podcast/PodcastBaseFragment.java|class:org.bottiger.podcast.PodcastBaseFragment
MemberIgnoringMethod;aDoctor;/Users/rar9993/repos/research/fdroid_apps/native_apps/SoundWaves/NONE_TRANSFORMED_;/Users/rar9993/repos/research/fdroid_apps/native_apps/SoundWaves/app/src/main/java/org/bottiger/podcast/PodcastBaseFragment.java;file:/Users/rar9993/repos/research/fdroid_apps/native_apps/SoundWaves/app/src/main/java/org/bottiger/podcast/PodcastBaseFragment.java|class:org.bottiger.podcast.PodcastBaseFragment
NoLowMemoryResolver;aDoctor;/Users/rar9993/repos/research/fdroid_apps/native_apps/SoundWaves/NONE_TRANSFORMED_;/Users/rar9993/repos/research/fdroid_apps/native_apps/SoundWaves/app/src/main/java/org/bottiger/podcast/PodcastBaseFragment.java;file:/Users/rar9993/repos/research/fdroid_apps/native_apps/SoundWaves/app/src/main/java/org/bottiger/podcast/PodcastBaseFragment.java|class:org.bottiger.podcast.PodcastBaseFragment
MemberIgnoringMethod;aDoctor;/Users/rar9993/repos/research/fdroid_apps/native_apps/SoundWaves/NONE_TRANSFORMED_;/Users/rar9993/repos/research/fdroid_apps/native_apps/SoundWaves/app/src/main/java/org/bottiger/podcast/DiscoveryFragment.java;file:/Users/rar9993/repos/research/fdroid_apps/native_apps/SoundWaves/app/src/main/java/org/bottiger/podcast/DiscoveryFragment.java|class:org.bottiger.podcast.DiscoveryFragment
NoLowMemoryResolver;aDoctor;/Users/rar9993/repos/research/fdroid_apps/native_apps/SoundWaves/NONE_TRANSFORMED_;/Users/rar9993/repos/research/fdroid_apps/native_apps/SoundWaves/app/src/main/java/org/bottiger/podcast/DiscoveryFragment.java;file:/Users/rar9993/repos/research/fdroid_apps/native_apps/SoundWaves/app/src/main/java/org/bottiger/podcast/DiscoveryFragment.java|class:org.bottiger.podcast.DiscoveryFragment
SlowForLoop;aDoctor;/Users/rar9993/repos/research/fdroid_apps/native_apps/SoundWaves/NONE_TRANSFORMED_;/Users/rar9993/repos/research/fdroid_apps/native_apps/SoundWaves/app/src/main/java/org/bottiger/podcast/DiscoveryFragment.java;file:/Users/rar9993/repos/research/fdroid_apps/native_apps/SoundWaves/app/src/main/java/org/bottiger/podcast/DiscoveryFragment.java|class:org.bottiger.podcast.DiscoveryFragment
MemberIgnoringMethod;aDoctor;/Users/rar9993/repos/research/fdroid_apps/native_apps/SoundWaves/NONE_TRANSFORMED_;/Users/rar9993/repos/research/fdroid_apps/native_apps/SoundWaves/app/src/main/java/org/bottiger/podcast/TopActivity.java;file:/Users/rar9993/repos/research/fdroid_apps/native_apps/SoundWaves/app/src/main/java/org/bottiger/podcast/TopActivity.java|class:org.bottiger.podcast.TopActivity
NoLowMemoryResolver;aDoctor;/Users/rar9993/repos/research/fdroid_apps/native_apps/SoundWaves/NONE_TRANSFORMED_;/Users/rar9993/repos/research/fdroid_apps/native_apps/SoundWaves/app/src/main/java/org/bottiger/podcast/TopActivity.java;file:/Users/rar9993/repos/research/fdroid_apps/native_apps/SoundWaves/app/src/main/java/org/bottiger/podcast/TopActivity.java|class:org.bottiger.podcast.TopActivity
SlowForLoop;aDoctor;/Users/rar9993/repos/research/fdroid_apps/native_apps/SoundWaves/NONE_TRANSFORMED_;/Users/rar9993/repos/research/fdroid_apps/native_apps/SoundWaves/app/src/main/java/org/bottiger/podcast/TopActivity.java;file:/Users/rar9993/repos/research/fdroid_apps/native_apps/SoundWaves/app/src/main/java/org/bottiger/podcast/TopActivity.java|class:org.bottiger.podcast.TopActivity
UnclosedCloseable;aDoctor;/Users/rar9993/repos/research/fdroid_apps/native_apps/SoundWaves/NONE_TRANSFORMED_;/Users/rar9993/repos/research/fdroid_apps/native_apps/SoundWaves/app/src/main/java/org/bottiger/podcast/TopActivity.java;file:/Users/rar9993/repos/research/fdroid_apps/native_apps/SoundWaves/app/src/main/java/org/bottiger/podcast/TopActivity.java|class:org.bottiger.podcast.TopActivity
MemberIgnoringMethod;aDoctor;/Users/rar9993/repos/research/fdroid_apps/native_apps/SoundWaves/NONE_TRANSFORMED_;/Users/rar9993/repos/research/fdroid_apps/native_apps/SoundWaves/app/src/main/java/org/bottiger/podcast/SettingsActivity.java;file:/Users/rar9993/repos/research/fdroid_apps/native_apps/SoundWaves/app/src/main/java/org/bottiger/podcast/SettingsActivity.java|class:org.bottiger.podcast.SettingsActivity
SlowForLoop;aDoctor;/Users/rar9993/repos/research/fdroid_apps/native_apps/SoundWaves/NONE_TRANSFORMED_;/Users/rar9993/repos/research/fdroid_apps/native_apps/SoundWaves/app/src/amazon/java/org/bottiger/podcast/flavors/CrashReporter/VendorCrashReporter.java;file:/Users/rar9993/repos/research/fdroid_apps/native_apps/SoundWaves/app/src/amazon/java/org/bottiger/podcast/flavors/CrashReporter/VendorCrashReporter.java|class:org.bottiger.podcast.flavors.CrashReporter.VendorCrashReporter
SlowForLoop;aDoctor;/Users/rar9993/repos/research/fdroid_apps/native_apps/SoundWaves/NONE_TRANSFORMED_;/Users/rar9993/repos/research/fdroid_apps/native_apps/SoundWaves/app/src/free/java/org/bottiger/podcast/flavors/CrashReporter/VendorCrashReporter.java;file:/Users/rar9993/repos/research/fdroid_apps/native_apps/SoundWaves/app/src/free/java/org/bottiger/podcast/flavors/CrashReporter/VendorCrashReporter.java|class:org.bottiger.podcast.flavors.CrashReporter.VendorCrashReporter
SlowForLoop;aDoctor;/Users/rar9993/repos/research/fdroid_apps/native_apps/SoundWaves/NONE_TRANSFORMED_;/Users/rar9993/repos/research/fdroid_apps/native_apps/SoundWaves/app/src/google/java/org/bottiger/podcast/flavors/CrashReporter/VendorCrashReporter.java;file:/Users/rar9993/repos/research/fdroid_apps/native_apps/SoundWaves/app/src/google/java/org/bottiger/podcast/flavors/CrashReporter/VendorCrashReporter.java|class:org.bottiger.podcast.flavors.CrashReporter.VendorCrashReporter
SlowForLoop;aDoctor;/Users/rar9993/repos/research/fdroid_apps/native_apps/SoundWaves/NONE_TRANSFORMED_;/Users/rar9993/repos/research/fdroid_apps/native_apps/SoundWaves/app/src/dev/java/org/bottiger/podcast/flavors/CrashReporter/VendorCrashReporter.java;file:/Users/rar9993/repos/research/fdroid_apps/native_apps/SoundWaves/app/src/dev/java/org/bottiger/podcast/flavors/CrashReporter/VendorCrashReporter.java|class:org.bottiger.podcast.flavors.CrashReporter.VendorCrashReporter
MemberIgnoringMethod;aDoctor;/Users/rar9993/repos/research/fdroid_apps/native_apps/SoundWaves/NONE_TRANSFORMED_;/Users/rar9993/repos/research/fdroid_apps/native_apps/SoundWaves/app/src/amazon/java/org/bottiger/podcast/flavors/MessagingService/InstanceIDService.java;file:/Users/rar9993/repos/research/fdroid_apps/native_apps/SoundWaves/app/src/amazon/java/org/bottiger/podcast/flavors/MessagingService/InstanceIDService.java|class:org.bottiger.podcast.flavors.MessagingService.InstanceIDService
MemberIgnoringMethod;aDoctor;/Users/rar9993/repos/research/fdroid_apps/native_apps/SoundWaves/NONE_TRANSFORMED_;/Users/rar9993/repos/research/fdroid_apps/native_apps/SoundWaves/app/src/free/java/org/bottiger/podcast/flavors/MessagingService/InstanceIDService.java;file:/Users/rar9993/repos/research/fdroid_apps/native_apps/SoundWaves/app/src/free/java/org/bottiger/podcast/flavors/MessagingService/InstanceIDService.java|class:org.bottiger.podcast.flavors.MessagingService.InstanceIDService
MemberIgnoringMethod;aDoctor;/Users/rar9993/repos/research/fdroid_apps/native_apps/SoundWaves/NONE_TRANSFORMED_;/Users/rar9993/repos/research/fdroid_apps/native_apps/SoundWaves/app/src/google/java/org/bottiger/podcast/flavors/MessagingService/MessagingService.java;file:/Users/rar9993/repos/research/fdroid_apps/native_apps/SoundWaves/app/src/google/java/org/bottiger/podcast/flavors/MessagingService/MessagingService.java|class:org.bottiger.podcast.flavors.MessagingService.MessagingService
MemberIgnoringMethod;aDoctor;/Users/rar9993/repos/research/fdroid_apps/native_apps/SoundWaves/NONE_TRANSFORMED_;/Users/rar9993/repos/research/fdroid_apps/native_apps/SoundWaves/app/src/google/java/org/bottiger/podcast/flavors/MessagingService/InstanceIDService.java;file:/Users/rar9993/repos/research/fdroid_apps/native_apps/SoundWaves/app/src/google/java/org/bottiger/podcast/flavors/MessagingService/InstanceIDService.java|class:org.bottiger.podcast.flavors.MessagingService.InstanceIDService
MemberIgnoringMethod;aDoctor;/Users/rar9993/repos/research/fdroid_apps/native_apps/SoundWaves/NONE_TRANSFORMED_;/Users/rar9993/repos/research/fdroid_apps/native_apps/SoundWaves/app/src/dev/java/org/bottiger/podcast/flavors/MessagingService/InstanceIDService.java;file:/Users/rar9993/repos/research/fdroid_apps/native_apps/SoundWaves/app/src/dev/java/org/bottiger/podcast/flavors/MessagingService/InstanceIDService.java|class:org.bottiger.podcast.flavors.MessagingService.InstanceIDService
MemberIgnoringMethod;aDoctor;/Users/rar9993/repos/research/fdroid_apps/native_apps/SoundWaves/NONE_TRANSFORMED_;/Users/rar9993/repos/research/fdroid_apps/native_apps/SoundWaves/app/src/google/java/org/bottiger/podcast/flavors/Activities/DetectedActivitiesIntentService.java;file:/Users/rar9993/repos/research/fdroid_apps/native_apps/SoundWaves/app/src/google/java/org/bottiger/podcast/flavors/Activities/DetectedActivitiesIntentService.java|class:org.bottiger.podcast.flavors.Activities.DetectedActivitiesIntentService
NoLowMemoryResolver;aDoctor;/Users/rar9993/repos/research/fdroid_apps/native_apps/SoundWaves/NONE_TRANSFORMED_;/Users/rar9993/repos/research/fdroid_apps/native_apps/SoundWaves/app/src/google/java/org/bottiger/podcast/flavors/Activities/DetectedActivitiesIntentService.java;file:/Users/rar9993/repos/research/fdroid_apps/native_apps/SoundWaves/app/src/google/java/org/bottiger/podcast/flavors/Activities/DetectedActivitiesIntentService.java|class:org.bottiger.podcast.flavors.Activities.DetectedActivitiesIntentService
MemberIgnoringMethod;aDoctor;/Users/rar9993/repos/research/fdroid_apps/native_apps/SoundWaves/NONE_TRANSFORMED_;/Users/rar9993/repos/research/fdroid_apps/native_apps/SoundWaves/app/src/google/java/org/bottiger/podcast/flavors/Activities/VendorActivityTracker.java;file:/Users/rar9993/repos/research/fdroid_apps/native_apps/SoundWaves/app/src/google/java/org/bottiger/podcast/flavors/Activities/VendorActivityTracker.java|class:org.bottiger.podcast.flavors.Activities.VendorActivityTracker
MemberIgnoringMethod;aDoctor;/Users/rar9993/repos/research/fdroid_apps/native_apps/SoundWaves/NONE_TRANSFORMED_;/Users/rar9993/repos/research/fdroid_apps/native_apps/SoundWaves/app/src/main/java/org/bottiger/podcast/flavors/Activities/Constants.java;file:/Users/rar9993/repos/research/fdroid_apps/native_apps/SoundWaves/app/src/main/java/org/bottiger/podcast/flavors/Activities/Constants.java|class:org.bottiger.podcast.flavors.Activities.Constants
LeakingInnerClass;aDoctor;/Users/rar9993/repos/research/fdroid_apps/native_apps/SoundWaves/NONE_TRANSFORMED_;/Users/rar9993/repos/research/fdroid_apps/native_apps/SoundWaves/app/src/amazon/java/org/bottiger/podcast/flavors/MediaCast/VendorMediaRouteCast.java;file:/Users/rar9993/repos/research/fdroid_apps/native_apps/SoundWaves/app/src/amazon/java/org/bottiger/podcast/flavors/MediaCast/VendorMediaRouteCast.java|class:org.bottiger.podcast.flavors.MediaCast.VendorMediaRouteCast
MemberIgnoringMethod;aDoctor;/Users/rar9993/repos/research/fdroid_apps/native_apps/SoundWaves/NONE_TRANSFORMED_;/Users/rar9993/repos/research/fdroid_apps/native_apps/SoundWaves/app/src/amazon/java/org/bottiger/podcast/flavors/MediaCast/VendorMediaRouteCast.java;file:/Users/rar9993/repos/research/fdroid_apps/native_apps/SoundWaves/app/src/amazon/java/org/bottiger/podcast/flavors/MediaCast/VendorMediaRouteCast.java|class:org.bottiger.podcast.flavors.MediaCast.VendorMediaRouteCast
UnclosedCloseable;aDoctor;/Users/rar9993/repos/research/fdroid_apps/native_apps/SoundWaves/NONE_TRANSFORMED_;/Users/rar9993/repos/research/fdroid_apps/native_apps/SoundWaves/app/src/amazon/java/org/bottiger/podcast/flavors/MediaCast/VendorMediaRouteCast.java;file:/Users/rar9993/repos/research/fdroid_apps/native_apps/SoundWaves/app/src/amazon/java/org/bottiger/podcast/flavors/MediaCast/VendorMediaRouteCast.java|class:org.bottiger.podcast.flavors.MediaCast.VendorMediaRouteCast
UnclosedCloseable;aDoctor;/Users/rar9993/repos/research/fdroid_apps/native_apps/SoundWaves/NONE_TRANSFORMED_;/Users/rar9993/repos/research/fdroid_apps/native_apps/SoundWaves/app/src/free/java/org/bottiger/podcast/flavors/MediaCast/VendorMediaRouteCast.java;file:/Users/rar9993/repos/research/fdroid_apps/native_apps/SoundWaves/app/src/free/java/org/bottiger/podcast/flavors/MediaCast/VendorMediaRouteCast.java|class:org.bottiger.podcast.flavors.MediaCast.VendorMediaRouteCast
LeakingInnerClass;aDoctor;/Users/rar9993/repos/research/fdroid_apps/native_apps/SoundWaves/NONE_TRANSFORMED_;/Users/rar9993/repos/research/fdroid_apps/native_apps/SoundWaves/app/src/google/java/org/bottiger/podcast/flavors/MediaCast/VendorMediaRouteCast.java;file:/Users/rar9993/repos/research/fdroid_apps/native_apps/SoundWaves/app/src/google/java/org/bottiger/podcast/flavors/MediaCast/VendorMediaRouteCast.java|class:org.bottiger.podcast.flavors.MediaCast.VendorMediaRouteCast
MemberIgnoringMethod;aDoctor;/Users/rar9993/repos/research/fdroid_apps/native_apps/SoundWaves/NONE_TRANSFORMED_;/Users/rar9993/repos/research/fdroid_apps/native_apps/SoundWaves/app/src/google/java/org/bottiger/podcast/flavors/MediaCast/VendorMediaRouteCast.java;file:/Users/rar9993/repos/research/fdroid_apps/native_apps/SoundWaves/app/src/google/java/org/bottiger/podcast/flavors/MediaCast/VendorMediaRouteCast.java|class:org.bottiger.podcast.flavors.MediaCast.VendorMediaRouteCast
UnclosedCloseable;aDoctor;/Users/rar9993/repos/research/fdroid_apps/native_apps/SoundWaves/NONE_TRANSFORMED_;/Users/rar9993/repos/research/fdroid_apps/native_apps/SoundWaves/app/src/google/java/org/bottiger/podcast/flavors/MediaCast/VendorMediaRouteCast.java;file:/Users/rar9993/repos/research/fdroid_apps/native_apps/SoundWaves/app/src/google/java/org/bottiger/podcast/flavors/MediaCast/VendorMediaRouteCast.java|class:org.bottiger.podcast.flavors.MediaCast.VendorMediaRouteCast
UnclosedCloseable;aDoctor;/Users/rar9993/repos/research/fdroid_apps/native_apps/SoundWaves/NONE_TRANSFORMED_;/Users/rar9993/repos/research/fdroid_apps/native_apps/SoundWaves/app/src/dev/java/org/bottiger/podcast/flavors/MediaCast/VendorMediaRouteCast.java;file:/Users/rar9993/repos/research/fdroid_apps/native_apps/SoundWaves/app/src/dev/java/org/bottiger/podcast/flavors/MediaCast/VendorMediaRouteCast.java|class:org.bottiger.podcast.flavors.MediaCast.VendorMediaRouteCast
UnclosedCloseable;aDoctor;/Users/rar9993/repos/research/fdroid_apps/native_apps/SoundWaves/NONE_TRANSFORMED_;/Users/rar9993/repos/research/fdroid_apps/native_apps/SoundWaves/app/src/main/java/org/bottiger/podcast/flavors/MediaCast/IMediaCast.java;file:/Users/rar9993/repos/research/fdroid_apps/native_apps/SoundWaves/app/src/main/java/org/bottiger/podcast/flavors/MediaCast/IMediaCast.java|class:org.bottiger.podcast.flavors.MediaCast.IMediaCast
MemberIgnoringMethod;aDoctor;/Users/rar9993/repos/research/fdroid_apps/native_apps/SoundWaves/NONE_TRANSFORMED_;/Users/rar9993/repos/research/fdroid_apps/native_apps/SoundWaves/app/src/amazon/java/org/bottiger/podcast/flavors/Analytics/VendorAnalytics.java;file:/Users/rar9993/repos/research/fdroid_apps/native_apps/SoundWaves/app/src/amazon/java/org/bottiger/podcast/flavors/Analytics/VendorAnalytics.java|class:org.bottiger.podcast.flavors.Analytics.VendorAnalytics
LeakingInnerClass;aDoctor;/Users/rar9993/repos/research/fdroid_apps/native_apps/SoundWaves/NONE_TRANSFORMED_;/Users/rar9993/repos/research/fdroid_apps/native_apps/SoundWaves/app/src/google/java/org/bottiger/podcast/flavors/Analytics/VendorAnalytics.java;file:/Users/rar9993/repos/research/fdroid_apps/native_apps/SoundWaves/app/src/google/java/org/bottiger/podcast/flavors/Analytics/VendorAnalytics.java|class:org.bottiger.podcast.flavors.Analytics.VendorAnalytics
MemberIgnoringMethod;aDoctor;/Users/rar9993/repos/research/fdroid_apps/native_apps/SoundWaves/NONE_TRANSFORMED_;/Users/rar9993/repos/research/fdroid_apps/native_apps/SoundWaves/app/src/google/java/org/bottiger/podcast/flavors/Analytics/VendorAnalytics.java;file:/Users/rar9993/repos/research/fdroid_apps/native_apps/SoundWaves/app/src/google/java/org/bottiger/podcast/flavors/Analytics/VendorAnalytics.java|class:org.bottiger.podcast.flavors.Analytics.VendorAnalytics
MemberIgnoringMethod;aDoctor;/Users/rar9993/repos/research/fdroid_apps/native_apps/SoundWaves/NONE_TRANSFORMED_;/Users/rar9993/repos/research/fdroid_apps/native_apps/SoundWaves/app/src/main/java/org/bottiger/podcast/flavors/Analytics/IAnalytics.java;file:/Users/rar9993/repos/research/fdroid_apps/native_apps/SoundWaves/app/src/main/java/org/bottiger/podcast/flavors/Analytics/IAnalytics.java|class:org.bottiger.podcast.flavors.Analytics.IAnalytics
MemberIgnoringMethod;aDoctor;/Users/rar9993/repos/research/fdroid_apps/native_apps/SoundWaves/NONE_TRANSFORMED_;/Users/rar9993/repos/research/fdroid_apps/native_apps/SoundWaves/app/src/main/java/org/bottiger/podcast/flavors/Analytics/AbstractAnalytics.java;file:/Users/rar9993/repos/research/fdroid_apps/native_apps/SoundWaves/app/src/main/java/org/bottiger/podcast/flavors/Analytics/AbstractAnalytics.java|class:org.bottiger.podcast.flavors.Analytics.AbstractAnalytics
MemberIgnoringMethod;aDoctor;/Users/rar9993/repos/research/fdroid_apps/native_apps/SoundWaves/NONE_TRANSFORMED_;/Users/rar9993/repos/research/fdroid_apps/native_apps/SoundWaves/app/src/amazon/java/org/bottiger/podcast/flavors/player/googlecast/GoogleCastPlayer.java;file:/Users/rar9993/repos/research/fdroid_apps/native_apps/SoundWaves/app/src/amazon/java/org/bottiger/podcast/flavors/player/googlecast/GoogleCastPlayer.java|class:org.bottiger.podcast.flavors.player.googlecast.GoogleCastPlayer
SlowForLoop;aDoctor;/Users/rar9993/repos/research/fdroid_apps/native_apps/SoundWaves/NONE_TRANSFORMED_;/Users/rar9993/repos/research/fdroid_apps/native_apps/SoundWaves/app/src/amazon/java/org/bottiger/podcast/flavors/player/googlecast/GoogleCastPlayer.java;file:/Users/rar9993/repos/research/fdroid_apps/native_apps/SoundWaves/app/src/amazon/java/org/bottiger/podcast/flavors/player/googlecast/GoogleCastPlayer.java|class:org.bottiger.podcast.flavors.player.googlecast.GoogleCastPlayer
MemberIgnoringMethod;aDoctor;/Users/rar9993/repos/research/fdroid_apps/native_apps/SoundWaves/NONE_TRANSFORMED_;/Users/rar9993/repos/research/fdroid_apps/native_apps/SoundWaves/app/src/google/java/org/bottiger/podcast/flavors/player/googlecast/GoogleCastPlayer.java;file:/Users/rar9993/repos/research/fdroid_apps/native_apps/SoundWaves/app/src/google/java/org/bottiger/podcast/flavors/player/googlecast/GoogleCastPlayer.java|class:org.bottiger.podcast.flavors.player.googlecast.GoogleCastPlayer
SlowForLoop;aDoctor;/Users/rar9993/repos/research/fdroid_apps/native_apps/SoundWaves/NONE_TRANSFORMED_;/Users/rar9993/repos/research/fdroid_apps/native_apps/SoundWaves/app/src/google/java/org/bottiger/podcast/flavors/player/googlecast/GoogleCastPlayer.java;file:/Users/rar9993/repos/research/fdroid_apps/native_apps/SoundWaves/app/src/google/java/org/bottiger/podcast/flavors/player/googlecast/GoogleCastPlayer.java|class:org.bottiger.podcast.flavors.player.googlecast.GoogleCastPlayer
MemberIgnoringMethod;aDoctor;/Users/rar9993/repos/research/fdroid_apps/native_apps/SoundWaves/NONE_TRANSFORMED_;/Users/rar9993/repos/research/fdroid_apps/native_apps/SoundWaves/app/src/google/java/org/bottiger/podcast/flavors/Analytics/database/DatabaseSubscription.java;file:/Users/rar9993/repos/research/fdroid_apps/native_apps/SoundWaves/app/src/google/java/org/bottiger/podcast/flavors/Analytics/database/DatabaseSubscription.java|class:org.bottiger.podcast.flavors.Analytics.database.DatabaseSubscription
MemberIgnoringMethod;aDoctor;/Users/rar9993/repos/research/fdroid_apps/native_apps/SoundWaves/NONE_TRANSFORMED_;/Users/rar9993/repos/research/fdroid_apps/native_apps/SoundWaves/app/src/google/java/org/bottiger/podcast/flavors/Analytics/database/FirebaseDatabaseLog.java;file:/Users/rar9993/repos/research/fdroid_apps/native_apps/SoundWaves/app/src/google/java/org/bottiger/podcast/flavors/Analytics/database/FirebaseDatabaseLog.java|class:org.bottiger.podcast.flavors.Analytics.database.FirebaseDatabaseLog
SlowForLoop;aDoctor;/Users/rar9993/repos/research/fdroid_apps/native_apps/SoundWaves/NONE_TRANSFORMED_;/Users/rar9993/repos/research/fdroid_apps/native_apps/SoundWaves/app/src/main/java/org/bottiger/podcast/playlist/filters/SubscriptionFilter.java;file:/Users/rar9993/repos/research/fdroid_apps/native_apps/SoundWaves/app/src/main/java/org/bottiger/podcast/playlist/filters/SubscriptionFilter.java|class:org.bottiger.podcast.playlist.filters.SubscriptionFilter
MemberIgnoringMethod;aDoctor;/Users/rar9993/repos/research/fdroid_apps/native_apps/SoundWaves/NONE_TRANSFORMED_;/Users/rar9993/repos/research/fdroid_apps/native_apps/SoundWaves/app/src/main/java/org/bottiger/podcast/playlist/PlaylistCursorLoader.java;file:/Users/rar9993/repos/research/fdroid_apps/native_apps/SoundWaves/app/src/main/java/org/bottiger/podcast/playlist/PlaylistCursorLoader.java|class:org.bottiger.podcast.playlist.PlaylistCursorLoader
UnclosedCloseable;aDoctor;/Users/rar9993/repos/research/fdroid_apps/native_apps/SoundWaves/NONE_TRANSFORMED_;/Users/rar9993/repos/research/fdroid_apps/native_apps/SoundWaves/app/src/main/java/org/bottiger/podcast/playlist/PlaylistCursorLoader.java;file:/Users/rar9993/repos/research/fdroid_apps/native_apps/SoundWaves/app/src/main/java/org/bottiger/podcast/playlist/PlaylistCursorLoader.java|class:org.bottiger.podcast.playlist.PlaylistCursorLoader
LeakingThread;aDoctor;/Users/rar9993/repos/research/fdroid_apps/native_apps/SoundWaves/NONE_TRANSFORMED_;/Users/rar9993/repos/research/fdroid_apps/native_apps/SoundWaves/app/src/main/java/org/bottiger/podcast/playlist/Playlist.java;file:/Users/rar9993/repos/research/fdroid_apps/native_apps/SoundWaves/app/src/main/java/org/bottiger/podcast/playlist/Playlist.java|class:org.bottiger.podcast.playlist.Playlist
MemberIgnoringMethod;aDoctor;/Users/rar9993/repos/research/fdroid_apps/native_apps/SoundWaves/NONE_TRANSFORMED_;/Users/rar9993/repos/research/fdroid_apps/native_apps/SoundWaves/app/src/main/java/org/bottiger/podcast/playlist/Playlist.java;file:/Users/rar9993/repos/research/fdroid_apps/native_apps/SoundWaves/app/src/main/java/org/bottiger/podcast/playlist/Playlist.java|class:org.bottiger.podcast.playlist.Playlist
SlowForLoop;aDoctor;/Users/rar9993/repos/research/fdroid_apps/native_apps/SoundWaves/NONE_TRANSFORMED_;/Users/rar9993/repos/research/fdroid_apps/native_apps/SoundWaves/app/src/main/java/org/bottiger/podcast/playlist/Playlist.java;file:/Users/rar9993/repos/research/fdroid_apps/native_apps/SoundWaves/app/src/main/java/org/bottiger/podcast/playlist/Playlist.java|class:org.bottiger.podcast.playlist.Playlist
MemberIgnoringMethod;aDoctor;/Users/rar9993/repos/research/fdroid_apps/native_apps/SoundWaves/NONE_TRANSFORMED_;/Users/rar9993/repos/research/fdroid_apps/native_apps/SoundWaves/app/src/main/java/org/bottiger/podcast/playlist/GenericCursorLoader.java;file:/Users/rar9993/repos/research/fdroid_apps/native_apps/SoundWaves/app/src/main/java/org/bottiger/podcast/playlist/GenericCursorLoader.java|class:org.bottiger.podcast.playlist.GenericCursorLoader
UnclosedCloseable;aDoctor;/Users/rar9993/repos/research/fdroid_apps/native_apps/SoundWaves/NONE_TRANSFORMED_;/Users/rar9993/repos/research/fdroid_apps/native_apps/SoundWaves/app/src/main/java/org/bottiger/podcast/playlist/GenericCursorLoader.java;file:/Users/rar9993/repos/research/fdroid_apps/native_apps/SoundWaves/app/src/main/java/org/bottiger/podcast/playlist/GenericCursorLoader.java|class:org.bottiger.podcast.playlist.GenericCursorLoader
MemberIgnoringMethod;aDoctor;/Users/rar9993/repos/research/fdroid_apps/native_apps/SoundWaves/NONE_TRANSFORMED_;/Users/rar9993/repos/research/fdroid_apps/native_apps/SoundWaves/app/src/main/java/org/bottiger/podcast/webservices/datastore/webplayer/WebPlayerAuthenticator.java;file:/Users/rar9993/repos/research/fdroid_apps/native_apps/SoundWaves/app/src/main/java/org/bottiger/podcast/webservices/datastore/webplayer/WebPlayerAuthenticator.java|class:org.bottiger.podcast.webservices.datastore.webplayer.WebPlayerAuthenticator
LeakingInnerClass;aDoctor;/Users/rar9993/repos/research/fdroid_apps/native_apps/SoundWaves/NONE_TRANSFORMED_;/Users/rar9993/repos/research/fdroid_apps/native_apps/SoundWaves/app/src/main/java/org/bottiger/podcast/webservices/datastore/IWebservice.java;file:/Users/rar9993/repos/research/fdroid_apps/native_apps/SoundWaves/app/src/main/java/org/bottiger/podcast/webservices/datastore/IWebservice.java|class:org.bottiger.podcast.webservices.datastore.IWebservice
SlowForLoop;aDoctor;/Users/rar9993/repos/research/fdroid_apps/native_apps/SoundWaves/NONE_TRANSFORMED_;/Users/rar9993/repos/research/fdroid_apps/native_apps/SoundWaves/app/src/main/java/org/bottiger/podcast/webservices/datastore/gpodder/ApiRequestInterceptor.java;file:/Users/rar9993/repos/research/fdroid_apps/native_apps/SoundWaves/app/src/main/java/org/bottiger/podcast/webservices/datastore/gpodder/ApiRequestInterceptor.java|class:org.bottiger.podcast.webservices.datastore.gpodder.ApiRequestInterceptor
LeakingInnerClass;aDoctor;/Users/rar9993/repos/research/fdroid_apps/native_apps/SoundWaves/NONE_TRANSFORMED_;/Users/rar9993/repos/research/fdroid_apps/native_apps/SoundWaves/app/src/main/java/org/bottiger/podcast/webservices/datastore/gpodder/GPodderAPI.java;file:/Users/rar9993/repos/research/fdroid_apps/native_apps/SoundWaves/app/src/main/java/org/bottiger/podcast/webservices/datastore/gpodder/GPodderAPI.java|class:org.bottiger.podcast.webservices.datastore.gpodder.GPodderAPI
MemberIgnoringMethod;aDoctor;/Users/rar9993/repos/research/fdroid_apps/native_apps/SoundWaves/NONE_TRANSFORMED_;/Users/rar9993/repos/research/fdroid_apps/native_apps/SoundWaves/app/src/main/java/org/bottiger/podcast/webservices/datastore/gpodder/GPodderAPI.java;file:/Users/rar9993/repos/research/fdroid_apps/native_apps/SoundWaves/app/src/main/java/org/bottiger/podcast/webservices/datastore/gpodder/GPodderAPI.java|class:org.bottiger.podcast.webservices.datastore.gpodder.GPodderAPI
SlowForLoop;aDoctor;/Users/rar9993/repos/research/fdroid_apps/native_apps/SoundWaves/NONE_TRANSFORMED_;/Users/rar9993/repos/research/fdroid_apps/native_apps/SoundWaves/app/src/main/java/org/bottiger/podcast/webservices/datastore/gpodder/GPodderAPI.java;file:/Users/rar9993/repos/research/fdroid_apps/native_apps/SoundWaves/app/src/main/java/org/bottiger/podcast/webservices/datastore/gpodder/GPodderAPI.java|class:org.bottiger.podcast.webservices.datastore.gpodder.GPodderAPI
SlowForLoop;aDoctor;/Users/rar9993/repos/research/fdroid_apps/native_apps/SoundWaves/NONE_TRANSFORMED_;/Users/rar9993/repos/research/fdroid_apps/native_apps/SoundWaves/app/src/main/java/org/bottiger/podcast/webservices/datastore/gpodder/datatypes/UpdatedUrls.java;file:/Users/rar9993/repos/research/fdroid_apps/native_apps/SoundWaves/app/src/main/java/org/bottiger/podcast/webservices/datastore/gpodder/datatypes/UpdatedUrls.java|class:org.bottiger.podcast.webservices.datastore.gpodder.datatypes.UpdatedUrls
LeakingInnerClass;aDoctor;/Users/rar9993/repos/research/fdroid_apps/native_apps/SoundWaves/NONE_TRANSFORMED_;/Users/rar9993/repos/research/fdroid_apps/native_apps/SoundWaves/app/src/main/java/org/bottiger/podcast/webservices/directories/IDirectoryProvider.java;file:/Users/rar9993/repos/research/fdroid_apps/native_apps/SoundWaves/app/src/main/java/org/bottiger/podcast/webservices/directories/IDirectoryProvider.java|class:org.bottiger.podcast.webservices.directories.IDirectoryProvider
MemberIgnoringMethod;aDoctor;/Users/rar9993/repos/research/fdroid_apps/native_apps/SoundWaves/NONE_TRANSFORMED_;/Users/rar9993/repos/research/fdroid_apps/native_apps/SoundWaves/app/src/main/java/org/bottiger/podcast/webservices/directories/IDirectoryProvider.java;file:/Users/rar9993/repos/research/fdroid_apps/native_apps/SoundWaves/app/src/main/java/org/bottiger/podcast/webservices/directories/IDirectoryProvider.java|class:org.bottiger.podcast.webservices.directories.IDirectoryProvider
LeakingInnerClass;aDoctor;/Users/rar9993/repos/research/fdroid_apps/native_apps/SoundWaves/NONE_TRANSFORMED_;/Users/rar9993/repos/research/fdroid_apps/native_apps/SoundWaves/app/src/main/java/org/bottiger/podcast/webservices/directories/itunes/ITunes.java;file:/Users/rar9993/repos/research/fdroid_apps/native_apps/SoundWaves/app/src/main/java/org/bottiger/podcast/webservices/directories/itunes/ITunes.java|class:org.bottiger.podcast.webservices.directories.itunes.ITunes
MemberIgnoringMethod;aDoctor;/Users/rar9993/repos/research/fdroid_apps/native_apps/SoundWaves/NONE_TRANSFORMED_;/Users/rar9993/repos/research/fdroid_apps/native_apps/SoundWaves/app/src/main/java/org/bottiger/podcast/webservices/directories/itunes/ITunes.java;file:/Users/rar9993/repos/research/fdroid_apps/native_apps/SoundWaves/app/src/main/java/org/bottiger/podcast/webservices/directories/itunes/ITunes.java|class:org.bottiger.podcast.webservices.directories.itunes.ITunes
SlowForLoop;aDoctor;/Users/rar9993/repos/research/fdroid_apps/native_apps/SoundWaves/NONE_TRANSFORMED_;/Users/rar9993/repos/research/fdroid_apps/native_apps/SoundWaves/app/src/main/java/org/bottiger/podcast/webservices/directories/itunes/ITunes.java;file:/Users/rar9993/repos/research/fdroid_apps/native_apps/SoundWaves/app/src/main/java/org/bottiger/podcast/webservices/directories/itunes/ITunes.java|class:org.bottiger.podcast.webservices.directories.itunes.ITunes
MemberIgnoringMethod;aDoctor;/Users/rar9993/repos/research/fdroid_apps/native_apps/SoundWaves/NONE_TRANSFORMED_;/Users/rar9993/repos/research/fdroid_apps/native_apps/SoundWaves/app/src/main/java/org/bottiger/podcast/webservices/directories/itunes/types/Attributes.java;file:/Users/rar9993/repos/research/fdroid_apps/native_apps/SoundWaves/app/src/main/java/org/bottiger/podcast/webservices/directories/itunes/types/Attributes.java|class:org.bottiger.podcast.webservices.directories.itunes.types.Attributes
MemberIgnoringMethod;aDoctor;/Users/rar9993/repos/research/fdroid_apps/native_apps/SoundWaves/NONE_TRANSFORMED_;/Users/rar9993/repos/research/fdroid_apps/native_apps/SoundWaves/app/src/main/java/org/bottiger/podcast/webservices/directories/itunes/types/Feed.java;file:/Users/rar9993/repos/research/fdroid_apps/native_apps/SoundWaves/app/src/main/java/org/bottiger/podcast/webservices/directories/itunes/types/Feed.java|class:org.bottiger.podcast.webservices.directories.itunes.types.Feed
MemberIgnoringMethod;aDoctor;/Users/rar9993/repos/research/fdroid_apps/native_apps/SoundWaves/NONE_TRANSFORMED_;/Users/rar9993/repos/research/fdroid_apps/native_apps/SoundWaves/app/src/main/java/org/bottiger/podcast/webservices/directories/itunes/types/Link.java;file:/Users/rar9993/repos/research/fdroid_apps/native_apps/SoundWaves/app/src/main/java/org/bottiger/podcast/webservices/directories/itunes/types/Link.java|class:org.bottiger.podcast.webservices.directories.itunes.types.Link
MemberIgnoringMethod;aDoctor;/Users/rar9993/repos/research/fdroid_apps/native_apps/SoundWaves/NONE_TRANSFORMED_;/Users/rar9993/repos/research/fdroid_apps/native_apps/SoundWaves/app/src/main/java/org/bottiger/podcast/webservices/directories/itunes/types/Id.java;file:/Users/rar9993/repos/research/fdroid_apps/native_apps/SoundWaves/app/src/main/java/org/bottiger/podcast/webservices/directories/itunes/types/Id.java|class:org.bottiger.podcast.webservices.directories.itunes.types.Id
MemberIgnoringMethod;aDoctor;/Users/rar9993/repos/research/fdroid_apps/native_apps/SoundWaves/NONE_TRANSFORMED_;/Users/rar9993/repos/research/fdroid_apps/native_apps/SoundWaves/app/src/main/java/org/bottiger/podcast/webservices/directories/itunes/types/ImReleaseDate.java;file:/Users/rar9993/repos/research/fdroid_apps/native_apps/SoundWaves/app/src/main/java/org/bottiger/podcast/webservices/directories/itunes/types/ImReleaseDate.java|class:org.bottiger.podcast.webservices.directories.itunes.types.ImReleaseDate
MemberIgnoringMethod;aDoctor;/Users/rar9993/repos/research/fdroid_apps/native_apps/SoundWaves/NONE_TRANSFORMED_;/Users/rar9993/repos/research/fdroid_apps/native_apps/SoundWaves/app/src/main/java/org/bottiger/podcast/webservices/directories/itunes/types/Title.java;file:/Users/rar9993/repos/research/fdroid_apps/native_apps/SoundWaves/app/src/main/java/org/bottiger/podcast/webservices/directories/itunes/types/Title.java|class:org.bottiger.podcast.webservices.directories.itunes.types.Title
MemberIgnoringMethod;aDoctor;/Users/rar9993/repos/research/fdroid_apps/native_apps/SoundWaves/NONE_TRANSFORMED_;/Users/rar9993/repos/research/fdroid_apps/native_apps/SoundWaves/app/src/main/java/org/bottiger/podcast/webservices/directories/itunes/types/ImName.java;file:/Users/rar9993/repos/research/fdroid_apps/native_apps/SoundWaves/app/src/main/java/org/bottiger/podcast/webservices/directories/itunes/types/ImName.java|class:org.bottiger.podcast.webservices.directories.itunes.types.ImName
MemberIgnoringMethod;aDoctor;/Users/rar9993/repos/research/fdroid_apps/native_apps/SoundWaves/NONE_TRANSFORMED_;/Users/rar9993/repos/research/fdroid_apps/native_apps/SoundWaves/app/src/main/java/org/bottiger/podcast/webservices/directories/itunes/types/Rights.java;file:/Users/rar9993/repos/research/fdroid_apps/native_apps/SoundWaves/app/src/main/java/org/bottiger/podcast/webservices/directories/itunes/types/Rights.java|class:org.bottiger.podcast.webservices.directories.itunes.types.Rights
MemberIgnoringMethod;aDoctor;/Users/rar9993/repos/research/fdroid_apps/native_apps/SoundWaves/NONE_TRANSFORMED_;/Users/rar9993/repos/research/fdroid_apps/native_apps/SoundWaves/app/src/main/java/org/bottiger/podcast/webservices/directories/itunes/types/Category.java;file:/Users/rar9993/repos/research/fdroid_apps/native_apps/SoundWaves/app/src/main/java/org/bottiger/podcast/webservices/directories/itunes/types/Category.java|class:org.bottiger.podcast.webservices.directories.itunes.types.Category
MemberIgnoringMethod;aDoctor;/Users/rar9993/repos/research/fdroid_apps/native_apps/SoundWaves/NONE_TRANSFORMED_;/Users/rar9993/repos/research/fdroid_apps/native_apps/SoundWaves/app/src/main/java/org/bottiger/podcast/webservices/directories/itunes/types/Updated.java;file:/Users/rar9993/repos/research/fdroid_apps/native_apps/SoundWaves/app/src/main/java/org/bottiger/podcast/webservices/directories/itunes/types/Updated.java|class:org.bottiger.podcast.webservices.directories.itunes.types.Updated
MemberIgnoringMethod;aDoctor;/Users/rar9993/repos/research/fdroid_apps/native_apps/SoundWaves/NONE_TRANSFORMED_;/Users/rar9993/repos/research/fdroid_apps/native_apps/SoundWaves/app/src/main/java/org/bottiger/podcast/webservices/directories/itunes/types/Author.java;file:/Users/rar9993/repos/research/fdroid_apps/native_apps/SoundWaves/app/src/main/java/org/bottiger/podcast/webservices/directories/itunes/types/Author.java|class:org.bottiger.podcast.webservices.directories.itunes.types.Author
MemberIgnoringMethod;aDoctor;/Users/rar9993/repos/research/fdroid_apps/native_apps/SoundWaves/NONE_TRANSFORMED_;/Users/rar9993/repos/research/fdroid_apps/native_apps/SoundWaves/app/src/main/java/org/bottiger/podcast/webservices/directories/itunes/types/Icon.java;file:/Users/rar9993/repos/research/fdroid_apps/native_apps/SoundWaves/app/src/main/java/org/bottiger/podcast/webservices/directories/itunes/types/Icon.java|class:org.bottiger.podcast.webservices.directories.itunes.types.Icon
MemberIgnoringMethod;aDoctor;/Users/rar9993/repos/research/fdroid_apps/native_apps/SoundWaves/NONE_TRANSFORMED_;/Users/rar9993/repos/research/fdroid_apps/native_apps/SoundWaves/app/src/main/java/org/bottiger/podcast/webservices/directories/itunes/types/ImContentType.java;file:/Users/rar9993/repos/research/fdroid_apps/native_apps/SoundWaves/app/src/main/java/org/bottiger/podcast/webservices/directories/itunes/types/ImContentType.java|class:org.bottiger.podcast.webservices.directories.itunes.types.ImContentType
MemberIgnoringMethod;aDoctor;/Users/rar9993/repos/research/fdroid_apps/native_apps/SoundWaves/NONE_TRANSFORMED_;/Users/rar9993/repos/research/fdroid_apps/native_apps/SoundWaves/app/src/main/java/org/bottiger/podcast/webservices/directories/itunes/types/ImArtist.java;file:/Users/rar9993/repos/research/fdroid_apps/native_apps/SoundWaves/app/src/main/java/org/bottiger/podcast/webservices/directories/itunes/types/ImArtist.java|class:org.bottiger.podcast.webservices.directories.itunes.types.ImArtist
MemberIgnoringMethod;aDoctor;/Users/rar9993/repos/research/fdroid_apps/native_apps/SoundWaves/NONE_TRANSFORMED_;/Users/rar9993/repos/research/fdroid_apps/native_apps/SoundWaves/app/src/main/java/org/bottiger/podcast/webservices/directories/itunes/types/ImPrice.java;file:/Users/rar9993/repos/research/fdroid_apps/native_apps/SoundWaves/app/src/main/java/org/bottiger/podcast/webservices/directories/itunes/types/ImPrice.java|class:org.bottiger.podcast.webservices.directories.itunes.types.ImPrice
MemberIgnoringMethod;aDoctor;/Users/rar9993/repos/research/fdroid_apps/native_apps/SoundWaves/NONE_TRANSFORMED_;/Users/rar9993/repos/research/fdroid_apps/native_apps/SoundWaves/app/src/main/java/org/bottiger/podcast/webservices/directories/itunes/types/Name.java;file:/Users/rar9993/repos/research/fdroid_apps/native_apps/SoundWaves/app/src/main/java/org/bottiger/podcast/webservices/directories/itunes/types/Name.java|class:org.bottiger.podcast.webservices.directories.itunes.types.Name
MemberIgnoringMethod;aDoctor;/Users/rar9993/repos/research/fdroid_apps/native_apps/SoundWaves/NONE_TRANSFORMED_;/Users/rar9993/repos/research/fdroid_apps/native_apps/SoundWaves/app/src/main/java/org/bottiger/podcast/webservices/directories/itunes/types/Uri.java;file:/Users/rar9993/repos/research/fdroid_apps/native_apps/SoundWaves/app/src/main/java/org/bottiger/podcast/webservices/directories/itunes/types/Uri.java|class:org.bottiger.podcast.webservices.directories.itunes.types.Uri
MemberIgnoringMethod;aDoctor;/Users/rar9993/repos/research/fdroid_apps/native_apps/SoundWaves/NONE_TRANSFORMED_;/Users/rar9993/repos/research/fdroid_apps/native_apps/SoundWaves/app/src/main/java/org/bottiger/podcast/webservices/directories/itunes/types/Entry.java;file:/Users/rar9993/repos/research/fdroid_apps/native_apps/SoundWaves/app/src/main/java/org/bottiger/podcast/webservices/directories/itunes/types/Entry.java|class:org.bottiger.podcast.webservices.directories.itunes.types.Entry
UnclosedCloseable;aDoctor;/Users/rar9993/repos/research/fdroid_apps/native_apps/SoundWaves/NONE_TRANSFORMED_;/Users/rar9993/repos/research/fdroid_apps/native_apps/SoundWaves/app/src/main/java/org/bottiger/podcast/webservices/directories/itunes/types/Entry.java;file:/Users/rar9993/repos/research/fdroid_apps/native_apps/SoundWaves/app/src/main/java/org/bottiger/podcast/webservices/directories/itunes/types/Entry.java|class:org.bottiger.podcast.webservices.directories.itunes.types.Entry
MemberIgnoringMethod;aDoctor;/Users/rar9993/repos/research/fdroid_apps/native_apps/SoundWaves/NONE_TRANSFORMED_;/Users/rar9993/repos/research/fdroid_apps/native_apps/SoundWaves/app/src/main/java/org/bottiger/podcast/webservices/directories/itunes/types/Summary.java;file:/Users/rar9993/repos/research/fdroid_apps/native_apps/SoundWaves/app/src/main/java/org/bottiger/podcast/webservices/directories/itunes/types/Summary.java|class:org.bottiger.podcast.webservices.directories.itunes.types.Summary
MemberIgnoringMethod;aDoctor;/Users/rar9993/repos/research/fdroid_apps/native_apps/SoundWaves/NONE_TRANSFORMED_;/Users/rar9993/repos/research/fdroid_apps/native_apps/SoundWaves/app/src/main/java/org/bottiger/podcast/webservices/directories/itunes/types/ImImage.java;file:/Users/rar9993/repos/research/fdroid_apps/native_apps/SoundWaves/app/src/main/java/org/bottiger/podcast/webservices/directories/itunes/types/ImImage.java|class:org.bottiger.podcast.webservices.directories.itunes.types.ImImage
LeakingThread;aDoctor;/Users/rar9993/repos/research/fdroid_apps/native_apps/SoundWaves/NONE_TRANSFORMED_;/Users/rar9993/repos/research/fdroid_apps/native_apps/SoundWaves/app/src/main/java/org/bottiger/podcast/webservices/directories/gpodder/GPodder.java;file:/Users/rar9993/repos/research/fdroid_apps/native_apps/SoundWaves/app/src/main/java/org/bottiger/podcast/webservices/directories/gpodder/GPodder.java|class:org.bottiger.podcast.webservices.directories.gpodder.GPodder
MemberIgnoringMethod;aDoctor;/Users/rar9993/repos/research/fdroid_apps/native_apps/SoundWaves/NONE_TRANSFORMED_;/Users/rar9993/repos/research/fdroid_apps/native_apps/SoundWaves/app/src/main/java/org/bottiger/podcast/webservices/directories/gpodder/GPodder.java;file:/Users/rar9993/repos/research/fdroid_apps/native_apps/SoundWaves/app/src/main/java/org/bottiger/podcast/webservices/directories/gpodder/GPodder.java|class:org.bottiger.podcast.webservices.directories.gpodder.GPodder
SlowForLoop;aDoctor;/Users/rar9993/repos/research/fdroid_apps/native_apps/SoundWaves/NONE_TRANSFORMED_;/Users/rar9993/repos/research/fdroid_apps/native_apps/SoundWaves/app/src/main/java/org/bottiger/podcast/webservices/directories/gpodder/GPodder.java;file:/Users/rar9993/repos/research/fdroid_apps/native_apps/SoundWaves/app/src/main/java/org/bottiger/podcast/webservices/directories/gpodder/GPodder.java|class:org.bottiger.podcast.webservices.directories.gpodder.GPodder
MemberIgnoringMethod;aDoctor;/Users/rar9993/repos/research/fdroid_apps/native_apps/SoundWaves/NONE_TRANSFORMED_;/Users/rar9993/repos/research/fdroid_apps/native_apps/SoundWaves/app/src/main/java/org/bottiger/podcast/webservices/directories/generic/GenericDirectory.java;file:/Users/rar9993/repos/research/fdroid_apps/native_apps/SoundWaves/app/src/main/java/org/bottiger/podcast/webservices/directories/generic/GenericDirectory.java|class:org.bottiger.podcast.webservices.directories.generic.GenericDirectory
SlowForLoop;aDoctor;/Users/rar9993/repos/research/fdroid_apps/native_apps/SoundWaves/NONE_TRANSFORMED_;/Users/rar9993/repos/research/fdroid_apps/native_apps/SoundWaves/app/src/main/java/org/bottiger/podcast/notification/NewEpisodesNotification.java;file:/Users/rar9993/repos/research/fdroid_apps/native_apps/SoundWaves/app/src/main/java/org/bottiger/podcast/notification/NewEpisodesNotification.java|class:org.bottiger.podcast.notification.NewEpisodesNotification
MemberIgnoringMethod;aDoctor;/Users/rar9993/repos/research/fdroid_apps/native_apps/SoundWaves/NONE_TRANSFORMED_;/Users/rar9993/repos/research/fdroid_apps/native_apps/SoundWaves/app/src/main/java/org/bottiger/podcast/notification/NotificationPlayer.java;file:/Users/rar9993/repos/research/fdroid_apps/native_apps/SoundWaves/app/src/main/java/org/bottiger/podcast/notification/NotificationPlayer.java|class:org.bottiger.podcast.notification.NotificationPlayer
UnclosedCloseable;aDoctor;/Users/rar9993/repos/research/fdroid_apps/native_apps/SoundWaves/NONE_TRANSFORMED_;/Users/rar9993/repos/research/fdroid_apps/native_apps/SoundWaves/app/src/main/java/org/bottiger/podcast/provider/SubscriptionLoader.java;file:/Users/rar9993/repos/research/fdroid_apps/native_apps/SoundWaves/app/src/main/java/org/bottiger/podcast/provider/SubscriptionLoader.java|class:org.bottiger.podcast.provider.SubscriptionLoader
MemberIgnoringMethod;aDoctor;/Users/rar9993/repos/research/fdroid_apps/native_apps/SoundWaves/NONE_TRANSFORMED_;/Users/rar9993/repos/research/fdroid_apps/native_apps/SoundWaves/app/src/main/java/org/bottiger/podcast/provider/IEpisode.java;file:/Users/rar9993/repos/research/fdroid_apps/native_apps/SoundWaves/app/src/main/java/org/bottiger/podcast/provider/IEpisode.java|class:org.bottiger.podcast.provider.IEpisode
MemberIgnoringMethod;aDoctor;/Users/rar9993/repos/research/fdroid_apps/native_apps/SoundWaves/NONE_TRANSFORMED_;/Users/rar9993/repos/research/fdroid_apps/native_apps/SoundWaves/app/src/main/java/org/bottiger/podcast/provider/DatabaseHelper.java;file:/Users/rar9993/repos/research/fdroid_apps/native_apps/SoundWaves/app/src/main/java/org/bottiger/podcast/provider/DatabaseHelper.java|class:org.bottiger.podcast.provider.DatabaseHelper
MemberIgnoringMethod;aDoctor;/Users/rar9993/repos/research/fdroid_apps/native_apps/SoundWaves/NONE_TRANSFORMED_;/Users/rar9993/repos/research/fdroid_apps/native_apps/SoundWaves/app/src/main/java/org/bottiger/podcast/provider/ISubscription.java;file:/Users/rar9993/repos/research/fdroid_apps/native_apps/SoundWaves/app/src/main/java/org/bottiger/podcast/provider/ISubscription.java|class:org.bottiger.podcast.provider.ISubscription
MemberIgnoringMethod;aDoctor;/Users/rar9993/repos/research/fdroid_apps/native_apps/SoundWaves/NONE_TRANSFORMED_;/Users/rar9993/repos/research/fdroid_apps/native_apps/SoundWaves/app/src/main/java/org/bottiger/podcast/provider/IDbItem.java;file:/Users/rar9993/repos/research/fdroid_apps/native_apps/SoundWaves/app/src/main/java/org/bottiger/podcast/provider/IDbItem.java|class:org.bottiger.podcast.provider.IDbItem
MemberIgnoringMethod;aDoctor;/Users/rar9993/repos/research/fdroid_apps/native_apps/SoundWaves/NONE_TRANSFORMED_;/Users/rar9993/repos/research/fdroid_apps/native_apps/SoundWaves/app/src/main/java/org/bottiger/podcast/provider/PodcastOpenHelper.java;file:/Users/rar9993/repos/research/fdroid_apps/native_apps/SoundWaves/app/src/main/java/org/bottiger/podcast/provider/PodcastOpenHelper.java|class:org.bottiger.podcast.provider.PodcastOpenHelper
UnclosedCloseable;aDoctor;/Users/rar9993/repos/research/fdroid_apps/native_apps/SoundWaves/NONE_TRANSFORMED_;/Users/rar9993/repos/research/fdroid_apps/native_apps/SoundWaves/app/src/main/java/org/bottiger/podcast/provider/PodcastOpenHelper.java;file:/Users/rar9993/repos/research/fdroid_apps/native_apps/SoundWaves/app/src/main/java/org/bottiger/podcast/provider/PodcastOpenHelper.java|class:org.bottiger.podcast.provider.PodcastOpenHelper
DataTransmissionWithoutCompression;aDoctor;/Users/rar9993/repos/research/fdroid_apps/native_apps/SoundWaves/NONE_TRANSFORMED_;/Users/rar9993/repos/research/fdroid_apps/native_apps/SoundWaves/app/src/main/java/org/bottiger/podcast/provider/FeedItem.java;file:/Users/rar9993/repos/research/fdroid_apps/native_apps/SoundWaves/app/src/main/java/org/bottiger/podcast/provider/FeedItem.java|class:org.bottiger.podcast.provider.FeedItem
InternalGetterSetter;aDoctor;/Users/rar9993/repos/research/fdroid_apps/native_apps/SoundWaves/NONE_TRANSFORMED_;/Users/rar9993/repos/research/fdroid_apps/native_apps/SoundWaves/app/src/main/java/org/bottiger/podcast/provider/FeedItem.java;file:/Users/rar9993/repos/research/fdroid_apps/native_apps/SoundWaves/app/src/main/java/org/bottiger/podcast/provider/FeedItem.java|class:org.bottiger.podcast.provider.FeedItem
MemberIgnoringMethod;aDoctor;/Users/rar9993/repos/research/fdroid_apps/native_apps/SoundWaves/NONE_TRANSFORMED_;/Users/rar9993/repos/research/fdroid_apps/native_apps/SoundWaves/app/src/main/java/org/bottiger/podcast/provider/FeedItem.java;file:/Users/rar9993/repos/research/fdroid_apps/native_apps/SoundWaves/app/src/main/java/org/bottiger/podcast/provider/FeedItem.java|class:org.bottiger.podcast.provider.FeedItem
InternalGetterSetter;aDoctor;/Users/rar9993/repos/research/fdroid_apps/native_apps/SoundWaves/NONE_TRANSFORMED_;/Users/rar9993/repos/research/fdroid_apps/native_apps/SoundWaves/app/src/main/java/org/bottiger/podcast/provider/QueueEpisode.java;file:/Users/rar9993/repos/research/fdroid_apps/native_apps/SoundWaves/app/src/main/java/org/bottiger/podcast/provider/QueueEpisode.java|class:org.bottiger.podcast.provider.QueueEpisode
MemberIgnoringMethod;aDoctor;/Users/rar9993/repos/research/fdroid_apps/native_apps/SoundWaves/NONE_TRANSFORMED_;/Users/rar9993/repos/research/fdroid_apps/native_apps/SoundWaves/app/src/main/java/org/bottiger/podcast/provider/QueueEpisode.java;file:/Users/rar9993/repos/research/fdroid_apps/native_apps/SoundWaves/app/src/main/java/org/bottiger/podcast/provider/QueueEpisode.java|class:org.bottiger.podcast.provider.QueueEpisode
MemberIgnoringMethod;aDoctor;/Users/rar9993/repos/research/fdroid_apps/native_apps/SoundWaves/NONE_TRANSFORMED_;/Users/rar9993/repos/research/fdroid_apps/native_apps/SoundWaves/app/src/main/java/org/bottiger/podcast/provider/AudioBook.java;file:/Users/rar9993/repos/research/fdroid_apps/native_apps/SoundWaves/app/src/main/java/org/bottiger/podcast/provider/AudioBook.java|class:org.bottiger.podcast.provider.AudioBook
MemberIgnoringMethod;aDoctor;/Users/rar9993/repos/research/fdroid_apps/native_apps/SoundWaves/NONE_TRANSFORMED_;/Users/rar9993/repos/research/fdroid_apps/native_apps/SoundWaves/app/src/main/java/org/bottiger/podcast/provider/Subscription.java;file:/Users/rar9993/repos/research/fdroid_apps/native_apps/SoundWaves/app/src/main/java/org/bottiger/podcast/provider/Subscription.java|class:org.bottiger.podcast.provider.Subscription
SlowForLoop;aDoctor;/Users/rar9993/repos/research/fdroid_apps/native_apps/SoundWaves/NONE_TRANSFORMED_;/Users/rar9993/repos/research/fdroid_apps/native_apps/SoundWaves/app/src/main/java/org/bottiger/podcast/provider/Subscription.java;file:/Users/rar9993/repos/research/fdroid_apps/native_apps/SoundWaves/app/src/main/java/org/bottiger/podcast/provider/Subscription.java|class:org.bottiger.podcast.provider.Subscription
MemberIgnoringMethod;aDoctor;/Users/rar9993/repos/research/fdroid_apps/native_apps/SoundWaves/NONE_TRANSFORMED_;/Users/rar9993/repos/research/fdroid_apps/native_apps/SoundWaves/app/src/main/java/org/bottiger/podcast/provider/SlimImplementations/SlimSubscription.java;file:/Users/rar9993/repos/research/fdroid_apps/native_apps/SoundWaves/app/src/main/java/org/bottiger/podcast/provider/SlimImplementations/SlimSubscription.java|class:org.bottiger.podcast.provider.SlimImplementations.SlimSubscription
SlowForLoop;aDoctor;/Users/rar9993/repos/research/fdroid_apps/native_apps/SoundWaves/NONE_TRANSFORMED_;/Users/rar9993/repos/research/fdroid_apps/native_apps/SoundWaves/app/src/main/java/org/bottiger/podcast/provider/SlimImplementations/SlimSubscription.java;file:/Users/rar9993/repos/research/fdroid_apps/native_apps/SoundWaves/app/src/main/java/org/bottiger/podcast/provider/SlimImplementations/SlimSubscription.java|class:org.bottiger.podcast.provider.SlimImplementations.SlimSubscription
MemberIgnoringMethod;aDoctor;/Users/rar9993/repos/research/fdroid_apps/native_apps/SoundWaves/NONE_TRANSFORMED_;/Users/rar9993/repos/research/fdroid_apps/native_apps/SoundWaves/app/src/main/java/org/bottiger/podcast/provider/SlimImplementations/SlimEpisode.java;file:/Users/rar9993/repos/research/fdroid_apps/native_apps/SoundWaves/app/src/main/java/org/bottiger/podcast/provider/SlimImplementations/SlimEpisode.java|class:org.bottiger.podcast.provider.SlimImplementations.SlimEpisode
LeakingInnerClass;aDoctor;/Users/rar9993/repos/research/fdroid_apps/native_apps/SoundWaves/NONE_TRANSFORMED_;/Users/rar9993/repos/research/fdroid_apps/native_apps/SoundWaves/app/src/main/java/org/bottiger/podcast/provider/base/BaseEpisode.java;file:/Users/rar9993/repos/research/fdroid_apps/native_apps/SoundWaves/app/src/main/java/org/bottiger/podcast/provider/base/BaseEpisode.java|class:org.bottiger.podcast.provider.base.BaseEpisode
MemberIgnoringMethod;aDoctor;/Users/rar9993/repos/research/fdroid_apps/native_apps/SoundWaves/NONE_TRANSFORMED_;/Users/rar9993/repos/research/fdroid_apps/native_apps/SoundWaves/app/src/main/java/org/bottiger/podcast/provider/base/BaseEpisode.java;file:/Users/rar9993/repos/research/fdroid_apps/native_apps/SoundWaves/app/src/main/java/org/bottiger/podcast/provider/base/BaseEpisode.java|class:org.bottiger.podcast.provider.base.BaseEpisode
MemberIgnoringMethod;aDoctor;/Users/rar9993/repos/research/fdroid_apps/native_apps/SoundWaves/NONE_TRANSFORMED_;/Users/rar9993/repos/research/fdroid_apps/native_apps/SoundWaves/app/src/main/java/org/bottiger/podcast/provider/base/BaseSubscription.java;file:/Users/rar9993/repos/research/fdroid_apps/native_apps/SoundWaves/app/src/main/java/org/bottiger/podcast/provider/base/BaseSubscription.java|class:org.bottiger.podcast.provider.base.BaseSubscription
SlowForLoop;aDoctor;/Users/rar9993/repos/research/fdroid_apps/native_apps/SoundWaves/NONE_TRANSFORMED_;/Users/rar9993/repos/research/fdroid_apps/native_apps/SoundWaves/app/src/main/java/org/bottiger/podcast/provider/base/BaseSubscription.java;file:/Users/rar9993/repos/research/fdroid_apps/native_apps/SoundWaves/app/src/main/java/org/bottiger/podcast/provider/base/BaseSubscription.java|class:org.bottiger.podcast.provider.base.BaseSubscription
MemberIgnoringMethod;aDoctor;/Users/rar9993/repos/research/fdroid_apps/native_apps/SoundWaves/NONE_TRANSFORMED_;/Users/rar9993/repos/research/fdroid_apps/native_apps/SoundWaves/app/src/main/java/org/bottiger/podcast/utils/FragmentUtils.java;file:/Users/rar9993/repos/research/fdroid_apps/native_apps/SoundWaves/app/src/main/java/org/bottiger/podcast/utils/FragmentUtils.java|class:org.bottiger.podcast.utils.FragmentUtils
UnclosedCloseable;aDoctor;/Users/rar9993/repos/research/fdroid_apps/native_apps/SoundWaves/NONE_TRANSFORMED_;/Users/rar9993/repos/research/fdroid_apps/native_apps/SoundWaves/app/src/main/java/org/bottiger/podcast/utils/FragmentUtils.java;file:/Users/rar9993/repos/research/fdroid_apps/native_apps/SoundWaves/app/src/main/java/org/bottiger/podcast/utils/FragmentUtils.java|class:org.bottiger.podcast.utils.FragmentUtils
MemberIgnoringMethod;aDoctor;/Users/rar9993/repos/research/fdroid_apps/native_apps/SoundWaves/NONE_TRANSFORMED_;/Users/rar9993/repos/research/fdroid_apps/native_apps/SoundWaves/app/src/main/java/org/bottiger/podcast/utils/CryptoUtils.java;file:/Users/rar9993/repos/research/fdroid_apps/native_apps/SoundWaves/app/src/main/java/org/bottiger/podcast/utils/CryptoUtils.java|class:org.bottiger.podcast.utils.CryptoUtils
SlowForLoop;aDoctor;/Users/rar9993/repos/research/fdroid_apps/native_apps/SoundWaves/NONE_TRANSFORMED_;/Users/rar9993/repos/research/fdroid_apps/native_apps/SoundWaves/app/src/main/java/org/bottiger/podcast/utils/CryptoUtils.java;file:/Users/rar9993/repos/research/fdroid_apps/native_apps/SoundWaves/app/src/main/java/org/bottiger/podcast/utils/CryptoUtils.java|class:org.bottiger.podcast.utils.CryptoUtils
SlowForLoop;aDoctor;/Users/rar9993/repos/research/fdroid_apps/native_apps/SoundWaves/NONE_TRANSFORMED_;/Users/rar9993/repos/research/fdroid_apps/native_apps/SoundWaves/app/src/main/java/org/bottiger/podcast/utils/PlaybackSpeed.java;file:/Users/rar9993/repos/research/fdroid_apps/native_apps/SoundWaves/app/src/main/java/org/bottiger/podcast/utils/PlaybackSpeed.java|class:org.bottiger.podcast.utils.PlaybackSpeed
LeakingThread;aDoctor;/Users/rar9993/repos/research/fdroid_apps/native_apps/SoundWaves/NONE_TRANSFORMED_;/Users/rar9993/repos/research/fdroid_apps/native_apps/SoundWaves/app/src/main/java/org/bottiger/podcast/utils/DirectExecutor.java;file:/Users/rar9993/repos/research/fdroid_apps/native_apps/SoundWaves/app/src/main/java/org/bottiger/podcast/utils/DirectExecutor.java|class:org.bottiger.podcast.utils.DirectExecutor
DataTransmissionWithoutCompression;aDoctor;/Users/rar9993/repos/research/fdroid_apps/native_apps/SoundWaves/NONE_TRANSFORMED_;/Users/rar9993/repos/research/fdroid_apps/native_apps/SoundWaves/app/src/main/java/org/bottiger/podcast/utils/PodcastLog.java;file:/Users/rar9993/repos/research/fdroid_apps/native_apps/SoundWaves/app/src/main/java/org/bottiger/podcast/utils/PodcastLog.java|class:org.bottiger.podcast.utils.PodcastLog
MemberIgnoringMethod;aDoctor;/Users/rar9993/repos/research/fdroid_apps/native_apps/SoundWaves/NONE_TRANSFORMED_;/Users/rar9993/repos/research/fdroid_apps/native_apps/SoundWaves/app/src/main/java/org/bottiger/podcast/utils/PodcastLog.java;file:/Users/rar9993/repos/research/fdroid_apps/native_apps/SoundWaves/app/src/main/java/org/bottiger/podcast/utils/PodcastLog.java|class:org.bottiger.podcast.utils.PodcastLog
DataTransmissionWithoutCompression;aDoctor;/Users/rar9993/repos/research/fdroid_apps/native_apps/SoundWaves/NONE_TRANSFORMED_;/Users/rar9993/repos/research/fdroid_apps/native_apps/SoundWaves/app/src/main/java/org/bottiger/podcast/utils/FileUtils.java;file:/Users/rar9993/repos/research/fdroid_apps/native_apps/SoundWaves/app/src/main/java/org/bottiger/podcast/utils/FileUtils.java|class:org.bottiger.podcast.utils.FileUtils
SlowForLoop;aDoctor;/Users/rar9993/repos/research/fdroid_apps/native_apps/SoundWaves/NONE_TRANSFORMED_;/Users/rar9993/repos/research/fdroid_apps/native_apps/SoundWaves/app/src/main/java/org/bottiger/podcast/utils/FileUtils.java;file:/Users/rar9993/repos/research/fdroid_apps/native_apps/SoundWaves/app/src/main/java/org/bottiger/podcast/utils/FileUtils.java|class:org.bottiger.podcast.utils.FileUtils
SlowForLoop;aDoctor;/Users/rar9993/repos/research/fdroid_apps/native_apps/SoundWaves/NONE_TRANSFORMED_;/Users/rar9993/repos/research/fdroid_apps/native_apps/SoundWaves/app/src/main/java/org/bottiger/podcast/utils/WhitenessUtils.java;file:/Users/rar9993/repos/research/fdroid_apps/native_apps/SoundWaves/app/src/main/java/org/bottiger/podcast/utils/WhitenessUtils.java|class:org.bottiger.podcast.utils.WhitenessUtils
DataTransmissionWithoutCompression;aDoctor;/Users/rar9993/repos/research/fdroid_apps/native_apps/SoundWaves/NONE_TRANSFORMED_;/Users/rar9993/repos/research/fdroid_apps/native_apps/SoundWaves/app/src/main/java/org/bottiger/podcast/utils/SDCardManager.java;file:/Users/rar9993/repos/research/fdroid_apps/native_apps/SoundWaves/app/src/main/java/org/bottiger/podcast/utils/SDCardManager.java|class:org.bottiger.podcast.utils.SDCardManager
SlowForLoop;aDoctor;/Users/rar9993/repos/research/fdroid_apps/native_apps/SoundWaves/NONE_TRANSFORMED_;/Users/rar9993/repos/research/fdroid_apps/native_apps/SoundWaves/app/src/main/java/org/bottiger/podcast/utils/SDCardManager.java;file:/Users/rar9993/repos/research/fdroid_apps/native_apps/SoundWaves/app/src/main/java/org/bottiger/podcast/utils/SDCardManager.java|class:org.bottiger.podcast.utils.SDCardManager
MemberIgnoringMethod;aDoctor;/Users/rar9993/repos/research/fdroid_apps/native_apps/SoundWaves/NONE_TRANSFORMED_;/Users/rar9993/repos/research/fdroid_apps/native_apps/SoundWaves/app/src/main/java/org/bottiger/podcast/utils/ImageLoaderUtils.java;file:/Users/rar9993/repos/research/fdroid_apps/native_apps/SoundWaves/app/src/main/java/org/bottiger/podcast/utils/ImageLoaderUtils.java|class:org.bottiger.podcast.utils.ImageLoaderUtils
DataTransmissionWithoutCompression;aDoctor;/Users/rar9993/repos/research/fdroid_apps/native_apps/SoundWaves/NONE_TRANSFORMED_;/Users/rar9993/repos/research/fdroid_apps/native_apps/SoundWaves/app/src/main/java/org/bottiger/podcast/utils/OPMLImportExport.java;file:/Users/rar9993/repos/research/fdroid_apps/native_apps/SoundWaves/app/src/main/java/org/bottiger/podcast/utils/OPMLImportExport.java|class:org.bottiger.podcast.utils.OPMLImportExport
LeakingThread;aDoctor;/Users/rar9993/repos/research/fdroid_apps/native_apps/SoundWaves/NONE_TRANSFORMED_;/Users/rar9993/repos/research/fdroid_apps/native_apps/SoundWaves/app/src/main/java/org/bottiger/podcast/utils/OPMLImportExport.java;file:/Users/rar9993/repos/research/fdroid_apps/native_apps/SoundWaves/app/src/main/java/org/bottiger/podcast/utils/OPMLImportExport.java|class:org.bottiger.podcast.utils.OPMLImportExport
SlowForLoop;aDoctor;/Users/rar9993/repos/research/fdroid_apps/native_apps/SoundWaves/NONE_TRANSFORMED_;/Users/rar9993/repos/research/fdroid_apps/native_apps/SoundWaves/app/src/main/java/org/bottiger/podcast/utils/OPMLImportExport.java;file:/Users/rar9993/repos/research/fdroid_apps/native_apps/SoundWaves/app/src/main/java/org/bottiger/podcast/utils/OPMLImportExport.java|class:org.bottiger.podcast.utils.OPMLImportExport
MemberIgnoringMethod;aDoctor;/Users/rar9993/repos/research/fdroid_apps/native_apps/SoundWaves/NONE_TRANSFORMED_;/Users/rar9993/repos/research/fdroid_apps/native_apps/SoundWaves/app/src/main/java/org/bottiger/podcast/utils/ColorExtractor.java;file:/Users/rar9993/repos/research/fdroid_apps/native_apps/SoundWaves/app/src/main/java/org/bottiger/podcast/utils/ColorExtractor.java|class:org.bottiger.podcast.utils.ColorExtractor
SlowForLoop;aDoctor;/Users/rar9993/repos/research/fdroid_apps/native_apps/SoundWaves/NONE_TRANSFORMED_;/Users/rar9993/repos/research/fdroid_apps/native_apps/SoundWaves/app/src/main/java/org/bottiger/podcast/utils/StrUtils.java;file:/Users/rar9993/repos/research/fdroid_apps/native_apps/SoundWaves/app/src/main/java/org/bottiger/podcast/utils/StrUtils.java|class:org.bottiger.podcast.utils.StrUtils
LeakingInnerClass;aDoctor;/Users/rar9993/repos/research/fdroid_apps/native_apps/SoundWaves/NONE_TRANSFORMED_;/Users/rar9993/repos/research/fdroid_apps/native_apps/SoundWaves/app/src/main/java/org/bottiger/podcast/utils/DateUtils.java;file:/Users/rar9993/repos/research/fdroid_apps/native_apps/SoundWaves/app/src/main/java/org/bottiger/podcast/utils/DateUtils.java|class:org.bottiger.podcast.utils.DateUtils
MemberIgnoringMethod;aDoctor;/Users/rar9993/repos/research/fdroid_apps/native_apps/SoundWaves/NONE_TRANSFORMED_;/Users/rar9993/repos/research/fdroid_apps/native_apps/SoundWaves/app/src/main/java/org/bottiger/podcast/utils/DateUtils.java;file:/Users/rar9993/repos/research/fdroid_apps/native_apps/SoundWaves/app/src/main/java/org/bottiger/podcast/utils/DateUtils.java|class:org.bottiger.podcast.utils.DateUtils
SlowForLoop;aDoctor;/Users/rar9993/repos/research/fdroid_apps/native_apps/SoundWaves/NONE_TRANSFORMED_;/Users/rar9993/repos/research/fdroid_apps/native_apps/SoundWaves/app/src/main/java/org/bottiger/podcast/utils/DateUtils.java;file:/Users/rar9993/repos/research/fdroid_apps/native_apps/SoundWaves/app/src/main/java/org/bottiger/podcast/utils/DateUtils.java|class:org.bottiger.podcast.utils.DateUtils
MemberIgnoringMethod;aDoctor;/Users/rar9993/repos/research/fdroid_apps/native_apps/SoundWaves/NONE_TRANSFORMED_;/Users/rar9993/repos/research/fdroid_apps/native_apps/SoundWaves/app/src/main/java/org/bottiger/podcast/utils/PreferenceHelper.java;file:/Users/rar9993/repos/research/fdroid_apps/native_apps/SoundWaves/app/src/main/java/org/bottiger/podcast/utils/PreferenceHelper.java|class:org.bottiger.podcast.utils.PreferenceHelper
DataTransmissionWithoutCompression;aDoctor;/Users/rar9993/repos/research/fdroid_apps/native_apps/SoundWaves/NONE_TRANSFORMED_;/Users/rar9993/repos/research/fdroid_apps/native_apps/SoundWaves/app/src/main/java/org/bottiger/podcast/utils/StorageUtils.java;file:/Users/rar9993/repos/research/fdroid_apps/native_apps/SoundWaves/app/src/main/java/org/bottiger/podcast/utils/StorageUtils.java|class:org.bottiger.podcast.utils.StorageUtils
SlowForLoop;aDoctor;/Users/rar9993/repos/research/fdroid_apps/native_apps/SoundWaves/NONE_TRANSFORMED_;/Users/rar9993/repos/research/fdroid_apps/native_apps/SoundWaves/app/src/main/java/org/bottiger/podcast/utils/StorageUtils.java;file:/Users/rar9993/repos/research/fdroid_apps/native_apps/SoundWaves/app/src/main/java/org/bottiger/podcast/utils/StorageUtils.java|class:org.bottiger.podcast.utils.StorageUtils
MemberIgnoringMethod;aDoctor;/Users/rar9993/repos/research/fdroid_apps/native_apps/SoundWaves/NONE_TRANSFORMED_;/Users/rar9993/repos/research/fdroid_apps/native_apps/SoundWaves/app/src/main/java/org/bottiger/podcast/utils/chapter/ChapterReader.java;file:/Users/rar9993/repos/research/fdroid_apps/native_apps/SoundWaves/app/src/main/java/org/bottiger/podcast/utils/chapter/ChapterReader.java|class:org.bottiger.podcast.utils.chapter.ChapterReader
SlowForLoop;aDoctor;/Users/rar9993/repos/research/fdroid_apps/native_apps/SoundWaves/NONE_TRANSFORMED_;/Users/rar9993/repos/research/fdroid_apps/native_apps/SoundWaves/app/src/main/java/org/bottiger/podcast/utils/chapter/ChapterUtil.java;file:/Users/rar9993/repos/research/fdroid_apps/native_apps/SoundWaves/app/src/main/java/org/bottiger/podcast/utils/chapter/ChapterUtil.java|class:org.bottiger.podcast.utils.chapter.ChapterUtil
MemberIgnoringMethod;aDoctor;/Users/rar9993/repos/research/fdroid_apps/native_apps/SoundWaves/NONE_TRANSFORMED_;/Users/rar9993/repos/research/fdroid_apps/native_apps/SoundWaves/app/src/main/java/org/bottiger/podcast/utils/chapter/Chapter.java;file:/Users/rar9993/repos/research/fdroid_apps/native_apps/SoundWaves/app/src/main/java/org/bottiger/podcast/utils/chapter/Chapter.java|class:org.bottiger.podcast.utils.chapter.Chapter
MemberIgnoringMethod;aDoctor;/Users/rar9993/repos/research/fdroid_apps/native_apps/SoundWaves/NONE_TRANSFORMED_;/Users/rar9993/repos/research/fdroid_apps/native_apps/SoundWaves/app/src/main/java/org/bottiger/podcast/utils/shortcuts/ShortcutManagerUtil.java;file:/Users/rar9993/repos/research/fdroid_apps/native_apps/SoundWaves/app/src/main/java/org/bottiger/podcast/utils/shortcuts/ShortcutManagerUtil.java|class:org.bottiger.podcast.utils.shortcuts.ShortcutManagerUtil
SlowForLoop;aDoctor;/Users/rar9993/repos/research/fdroid_apps/native_apps/SoundWaves/NONE_TRANSFORMED_;/Users/rar9993/repos/research/fdroid_apps/native_apps/SoundWaves/app/src/main/java/org/bottiger/podcast/utils/shortcuts/ShortcutManagerUtil.java;file:/Users/rar9993/repos/research/fdroid_apps/native_apps/SoundWaves/app/src/main/java/org/bottiger/podcast/utils/shortcuts/ShortcutManagerUtil.java|class:org.bottiger.podcast.utils.shortcuts.ShortcutManagerUtil
MemberIgnoringMethod;aDoctor;/Users/rar9993/repos/research/fdroid_apps/native_apps/SoundWaves/NONE_TRANSFORMED_;/Users/rar9993/repos/research/fdroid_apps/native_apps/SoundWaves/app/src/main/java/org/bottiger/podcast/utils/rxbus/RxBasicSubscriber.java;file:/Users/rar9993/repos/research/fdroid_apps/native_apps/SoundWaves/app/src/main/java/org/bottiger/podcast/utils/rxbus/RxBasicSubscriber.java|class:org.bottiger.podcast.utils.rxbus.RxBasicSubscriber
MemberIgnoringMethod;aDoctor;/Users/rar9993/repos/research/fdroid_apps/native_apps/SoundWaves/NONE_TRANSFORMED_;/Users/rar9993/repos/research/fdroid_apps/native_apps/SoundWaves/app/src/main/java/org/bottiger/podcast/utils/navdrawer/NavigationDrawerMenuGenerator.java;file:/Users/rar9993/repos/research/fdroid_apps/native_apps/SoundWaves/app/src/main/java/org/bottiger/podcast/utils/navdrawer/NavigationDrawerMenuGenerator.java|class:org.bottiger.podcast.utils.navdrawer.NavigationDrawerMenuGenerator
MemberIgnoringMethod;aDoctor;/Users/rar9993/repos/research/fdroid_apps/native_apps/SoundWaves/NONE_TRANSFORMED_;/Users/rar9993/repos/research/fdroid_apps/native_apps/SoundWaves/app/src/main/java/org/bottiger/podcast/utils/featured/FeaturedPodcastsUtil.java;file:/Users/rar9993/repos/research/fdroid_apps/native_apps/SoundWaves/app/src/main/java/org/bottiger/podcast/utils/featured/FeaturedPodcastsUtil.java|class:org.bottiger.podcast.utils.featured.FeaturedPodcastsUtil
SlowForLoop;aDoctor;/Users/rar9993/repos/research/fdroid_apps/native_apps/SoundWaves/NONE_TRANSFORMED_;/Users/rar9993/repos/research/fdroid_apps/native_apps/SoundWaves/app/src/main/java/org/bottiger/podcast/utils/featured/FeaturedPodcastsUtil.java;file:/Users/rar9993/repos/research/fdroid_apps/native_apps/SoundWaves/app/src/main/java/org/bottiger/podcast/utils/featured/FeaturedPodcastsUtil.java|class:org.bottiger.podcast.utils.featured.FeaturedPodcastsUtil
MemberIgnoringMethod;aDoctor;/Users/rar9993/repos/research/fdroid_apps/native_apps/SoundWaves/NONE_TRANSFORMED_;/Users/rar9993/repos/research/fdroid_apps/native_apps/SoundWaves/app/src/main/java/org/bottiger/podcast/utils/id3reader/ID3Chapter.java;file:/Users/rar9993/repos/research/fdroid_apps/native_apps/SoundWaves/app/src/main/java/org/bottiger/podcast/utils/id3reader/ID3Chapter.java|class:org.bottiger.podcast.utils.id3reader.ID3Chapter
MemberIgnoringMethod;aDoctor;/Users/rar9993/repos/research/fdroid_apps/native_apps/SoundWaves/NONE_TRANSFORMED_;/Users/rar9993/repos/research/fdroid_apps/native_apps/SoundWaves/app/src/main/java/org/bottiger/podcast/utils/id3reader/ID3Reader.java;file:/Users/rar9993/repos/research/fdroid_apps/native_apps/SoundWaves/app/src/main/java/org/bottiger/podcast/utils/id3reader/ID3Reader.java|class:org.bottiger.podcast.utils.id3reader.ID3Reader
SlowForLoop;aDoctor;/Users/rar9993/repos/research/fdroid_apps/native_apps/SoundWaves/NONE_TRANSFORMED_;/Users/rar9993/repos/research/fdroid_apps/native_apps/SoundWaves/app/src/main/java/org/bottiger/podcast/utils/id3reader/ID3Reader.java;file:/Users/rar9993/repos/research/fdroid_apps/native_apps/SoundWaves/app/src/main/java/org/bottiger/podcast/utils/id3reader/ID3Reader.java|class:org.bottiger.podcast.utils.id3reader.ID3Reader
SlowForLoop;aDoctor;/Users/rar9993/repos/research/fdroid_apps/native_apps/SoundWaves/NONE_TRANSFORMED_;/Users/rar9993/repos/research/fdroid_apps/native_apps/SoundWaves/app/src/main/java/org/bottiger/podcast/parser/syndication/util/SyndDateUtils.java;file:/Users/rar9993/repos/research/fdroid_apps/native_apps/SoundWaves/app/src/main/java/org/bottiger/podcast/parser/syndication/util/SyndDateUtils.java|class:org.bottiger.podcast.parser.syndication.util.SyndDateUtils
SlowForLoop;aDoctor;/Users/rar9993/repos/research/fdroid_apps/native_apps/SoundWaves/NONE_TRANSFORMED_;/Users/rar9993/repos/research/fdroid_apps/native_apps/SoundWaves/app/src/main/java/org/bottiger/podcast/parser/opml/OpmlWriter.java;file:/Users/rar9993/repos/research/fdroid_apps/native_apps/SoundWaves/app/src/main/java/org/bottiger/podcast/parser/opml/OpmlWriter.java|class:org.bottiger.podcast.parser.opml.OpmlWriter
MemberIgnoringMethod;aDoctor;/Users/rar9993/repos/research/fdroid_apps/native_apps/SoundWaves/NONE_TRANSFORMED_;/Users/rar9993/repos/research/fdroid_apps/native_apps/SoundWaves/app/src/main/java/org/bottiger/podcast/parser/opml/OpmlSymbols.java;file:/Users/rar9993/repos/research/fdroid_apps/native_apps/SoundWaves/app/src/main/java/org/bottiger/podcast/parser/opml/OpmlSymbols.java|class:org.bottiger.podcast.parser.opml.OpmlSymbols
MemberIgnoringMethod;aDoctor;/Users/rar9993/repos/research/fdroid_apps/native_apps/SoundWaves/NONE_TRANSFORMED_;/Users/rar9993/repos/research/fdroid_apps/native_apps/SoundWaves/app/src/main/java/org/bottiger/podcast/parser/opml/OpmlElement.java;file:/Users/rar9993/repos/research/fdroid_apps/native_apps/SoundWaves/app/src/main/java/org/bottiger/podcast/parser/opml/OpmlElement.java|class:org.bottiger.podcast.parser.opml.OpmlElement
SlowForLoop;aDoctor;/Users/rar9993/repos/research/fdroid_apps/native_apps/SoundWaves/NONE_TRANSFORMED_;/Users/rar9993/repos/research/fdroid_apps/native_apps/SoundWaves/app/src/main/java/org/bottiger/podcast/parser/FeedParser.java;file:/Users/rar9993/repos/research/fdroid_apps/native_apps/SoundWaves/app/src/main/java/org/bottiger/podcast/parser/FeedParser.java|class:org.bottiger.podcast.parser.FeedParser
LeakingInnerClass;aDoctor;/Users/rar9993/repos/research/fdroid_apps/native_apps/SoundWaves/NONE_TRANSFORMED_;/Users/rar9993/repos/research/fdroid_apps/native_apps/SoundWaves/app/src/main/java/org/bottiger/podcast/adapters/CursorRecyclerAdapter.java;file:/Users/rar9993/repos/research/fdroid_apps/native_apps/SoundWaves/app/src/main/java/org/bottiger/podcast/adapters/CursorRecyclerAdapter.java|class:org.bottiger.podcast.adapters.CursorRecyclerAdapter
MemberIgnoringMethod;aDoctor;/Users/rar9993/repos/research/fdroid_apps/native_apps/SoundWaves/NONE_TRANSFORMED_;/Users/rar9993/repos/research/fdroid_apps/native_apps/SoundWaves/app/src/main/java/org/bottiger/podcast/adapters/CursorRecyclerAdapter.java;file:/Users/rar9993/repos/research/fdroid_apps/native_apps/SoundWaves/app/src/main/java/org/bottiger/podcast/adapters/CursorRecyclerAdapter.java|class:org.bottiger.podcast.adapters.CursorRecyclerAdapter
MemberIgnoringMethod;aDoctor;/Users/rar9993/repos/research/fdroid_apps/native_apps/SoundWaves/NONE_TRANSFORMED_;/Users/rar9993/repos/research/fdroid_apps/native_apps/SoundWaves/app/src/main/java/org/bottiger/podcast/adapters/PlayerChapterAdapter.java;file:/Users/rar9993/repos/research/fdroid_apps/native_apps/SoundWaves/app/src/main/java/org/bottiger/podcast/adapters/PlayerChapterAdapter.java|class:org.bottiger.podcast.adapters.PlayerChapterAdapter
MemberIgnoringMethod;aDoctor;/Users/rar9993/repos/research/fdroid_apps/native_apps/SoundWaves/NONE_TRANSFORMED_;/Users/rar9993/repos/research/fdroid_apps/native_apps/SoundWaves/app/src/main/java/org/bottiger/podcast/adapters/SubscriptionSelectorCallback.java;file:/Users/rar9993/repos/research/fdroid_apps/native_apps/SoundWaves/app/src/main/java/org/bottiger/podcast/adapters/SubscriptionSelectorCallback.java|class:org.bottiger.podcast.adapters.SubscriptionSelectorCallback
SlowForLoop;aDoctor;/Users/rar9993/repos/research/fdroid_apps/native_apps/SoundWaves/NONE_TRANSFORMED_;/Users/rar9993/repos/research/fdroid_apps/native_apps/SoundWaves/app/src/main/java/org/bottiger/podcast/adapters/SubscriptionSelectorCallback.java;file:/Users/rar9993/repos/research/fdroid_apps/native_apps/SoundWaves/app/src/main/java/org/bottiger/podcast/adapters/SubscriptionSelectorCallback.java|class:org.bottiger.podcast.adapters.SubscriptionSelectorCallback
UnclosedCloseable;aDoctor;/Users/rar9993/repos/research/fdroid_apps/native_apps/SoundWaves/NONE_TRANSFORMED_;/Users/rar9993/repos/research/fdroid_apps/native_apps/SoundWaves/app/src/main/java/org/bottiger/podcast/adapters/SubscriptionSelectorCallback.java;file:/Users/rar9993/repos/research/fdroid_apps/native_apps/SoundWaves/app/src/main/java/org/bottiger/podcast/adapters/SubscriptionSelectorCallback.java|class:org.bottiger.podcast.adapters.SubscriptionSelectorCallback
MemberIgnoringMethod;aDoctor;/Users/rar9993/repos/research/fdroid_apps/native_apps/SoundWaves/NONE_TRANSFORMED_;/Users/rar9993/repos/research/fdroid_apps/native_apps/SoundWaves/app/src/main/java/org/bottiger/podcast/adapters/PlaylistAdapter.java;file:/Users/rar9993/repos/research/fdroid_apps/native_apps/SoundWaves/app/src/main/java/org/bottiger/podcast/adapters/PlaylistAdapter.java|class:org.bottiger.podcast.adapters.PlaylistAdapter
MemberIgnoringMethod;aDoctor;/Users/rar9993/repos/research/fdroid_apps/native_apps/SoundWaves/NONE_TRANSFORMED_;/Users/rar9993/repos/research/fdroid_apps/native_apps/SoundWaves/app/src/main/java/org/bottiger/podcast/adapters/SubscriptionAdapter.java;file:/Users/rar9993/repos/research/fdroid_apps/native_apps/SoundWaves/app/src/main/java/org/bottiger/podcast/adapters/SubscriptionAdapter.java|class:org.bottiger.podcast.adapters.SubscriptionAdapter
SlowForLoop;aDoctor;/Users/rar9993/repos/research/fdroid_apps/native_apps/SoundWaves/NONE_TRANSFORMED_;/Users/rar9993/repos/research/fdroid_apps/native_apps/SoundWaves/app/src/main/java/org/bottiger/podcast/adapters/SubscriptionAdapter.java;file:/Users/rar9993/repos/research/fdroid_apps/native_apps/SoundWaves/app/src/main/java/org/bottiger/podcast/adapters/SubscriptionAdapter.java|class:org.bottiger.podcast.adapters.SubscriptionAdapter
UnclosedCloseable;aDoctor;/Users/rar9993/repos/research/fdroid_apps/native_apps/SoundWaves/NONE_TRANSFORMED_;/Users/rar9993/repos/research/fdroid_apps/native_apps/SoundWaves/app/src/main/java/org/bottiger/podcast/adapters/SubscriptionAdapter.java;file:/Users/rar9993/repos/research/fdroid_apps/native_apps/SoundWaves/app/src/main/java/org/bottiger/podcast/adapters/SubscriptionAdapter.java|class:org.bottiger.podcast.adapters.SubscriptionAdapter
LeakingInnerClass;aDoctor;/Users/rar9993/repos/research/fdroid_apps/native_apps/SoundWaves/NONE_TRANSFORMED_;/Users/rar9993/repos/research/fdroid_apps/native_apps/SoundWaves/app/src/main/java/org/bottiger/podcast/adapters/viewholders/ExpandableViewHoldersUtil.java;file:/Users/rar9993/repos/research/fdroid_apps/native_apps/SoundWaves/app/src/main/java/org/bottiger/podcast/adapters/viewholders/ExpandableViewHoldersUtil.java|class:org.bottiger.podcast.adapters.viewholders.ExpandableViewHoldersUtil
MemberIgnoringMethod;aDoctor;/Users/rar9993/repos/research/fdroid_apps/native_apps/SoundWaves/NONE_TRANSFORMED_;/Users/rar9993/repos/research/fdroid_apps/native_apps/SoundWaves/app/src/main/java/org/bottiger/podcast/adapters/viewholders/subscription/BaseAnimatedSelectableViewHolder.java;file:/Users/rar9993/repos/research/fdroid_apps/native_apps/SoundWaves/app/src/main/java/org/bottiger/podcast/adapters/viewholders/subscription/BaseAnimatedSelectableViewHolder.java|class:org.bottiger.podcast.adapters.viewholders.subscription.BaseAnimatedSelectableViewHolder
MemberIgnoringMethod;aDoctor;/Users/rar9993/repos/research/fdroid_apps/native_apps/SoundWaves/NONE_TRANSFORMED_;/Users/rar9993/repos/research/fdroid_apps/native_apps/SoundWaves/app/src/main/java/org/bottiger/podcast/dependencyinjector/DependencyInjector.java;file:/Users/rar9993/repos/research/fdroid_apps/native_apps/SoundWaves/app/src/main/java/org/bottiger/podcast/dependencyinjector/DependencyInjector.java|class:org.bottiger.podcast.dependencyinjector.DependencyInjector
WakeLock;aDoctor;/Users/rar9993/repos/research/fdroid_apps/native_apps/SoundWaves/NONE_TRANSFORMED_;/Users/rar9993/repos/research/fdroid_apps/native_apps/SoundWaves/app/src/main/java/org/bottiger/podcast/receiver/PodcastUpdateReceiver.java;file:/Users/rar9993/repos/research/fdroid_apps/native_apps/SoundWaves/app/src/main/java/org/bottiger/podcast/receiver/PodcastUpdateReceiver.java|class:org.bottiger.podcast.receiver.PodcastUpdateReceiver
MemberIgnoringMethod;aDoctor;/Users/rar9993/repos/research/fdroid_apps/native_apps/SoundWaves/NONE_TRANSFORMED_;/Users/rar9993/repos/research/fdroid_apps/native_apps/SoundWaves/app/src/main/java/org/bottiger/podcast/receiver/PodcastUpdateReceiver.java;file:/Users/rar9993/repos/research/fdroid_apps/native_apps/SoundWaves/app/src/main/java/org/bottiger/podcast/receiver/PodcastUpdateReceiver.java|class:org.bottiger.podcast.receiver.PodcastUpdateReceiver
MemberIgnoringMethod;aDoctor;/Users/rar9993/repos/research/fdroid_apps/native_apps/SoundWaves/NONE_TRANSFORMED_;/Users/rar9993/repos/research/fdroid_apps/native_apps/SoundWaves/app/src/main/java/org/bottiger/podcast/receiver/AutoStart.java;file:/Users/rar9993/repos/research/fdroid_apps/native_apps/SoundWaves/app/src/main/java/org/bottiger/podcast/receiver/AutoStart.java|class:org.bottiger.podcast.receiver.AutoStart
MemberIgnoringMethod;aDoctor;/Users/rar9993/repos/research/fdroid_apps/native_apps/SoundWaves/NONE_TRANSFORMED_;/Users/rar9993/repos/research/fdroid_apps/native_apps/SoundWaves/app/src/main/java/org/bottiger/podcast/model/datastructures/EpisodeList.java;file:/Users/rar9993/repos/research/fdroid_apps/native_apps/SoundWaves/app/src/main/java/org/bottiger/podcast/model/datastructures/EpisodeList.java|class:org.bottiger.podcast.model.datastructures.EpisodeList
SlowForLoop;aDoctor;/Users/rar9993/repos/research/fdroid_apps/native_apps/SoundWaves/NONE_TRANSFORMED_;/Users/rar9993/repos/research/fdroid_apps/native_apps/SoundWaves/app/src/main/java/org/bottiger/podcast/model/datastructures/EpisodeList.java;file:/Users/rar9993/repos/research/fdroid_apps/native_apps/SoundWaves/app/src/main/java/org/bottiger/podcast/model/datastructures/EpisodeList.java|class:org.bottiger.podcast.model.datastructures.EpisodeList
MemberIgnoringMethod;aDoctor;/Users/rar9993/repos/research/fdroid_apps/native_apps/SoundWaves/NONE_TRANSFORMED_;/Users/rar9993/repos/research/fdroid_apps/native_apps/SoundWaves/app/src/main/java/org/bottiger/podcast/model/Library.java;file:/Users/rar9993/repos/research/fdroid_apps/native_apps/SoundWaves/app/src/main/java/org/bottiger/podcast/model/Library.java|class:org.bottiger.podcast.model.Library
SlowForLoop;aDoctor;/Users/rar9993/repos/research/fdroid_apps/native_apps/SoundWaves/NONE_TRANSFORMED_;/Users/rar9993/repos/research/fdroid_apps/native_apps/SoundWaves/app/src/main/java/org/bottiger/podcast/model/Library.java;file:/Users/rar9993/repos/research/fdroid_apps/native_apps/SoundWaves/app/src/main/java/org/bottiger/podcast/model/Library.java|class:org.bottiger.podcast.model.Library
MemberIgnoringMethod;aDoctor;/Users/rar9993/repos/research/fdroid_apps/native_apps/SoundWaves/NONE_TRANSFORMED_;/Users/rar9993/repos/research/fdroid_apps/native_apps/SoundWaves/app/src/main/java/org/bottiger/podcast/model/LibraryPersistency.java;file:/Users/rar9993/repos/research/fdroid_apps/native_apps/SoundWaves/app/src/main/java/org/bottiger/podcast/model/LibraryPersistency.java|class:org.bottiger.podcast.model.LibraryPersistency
SlowForLoop;aDoctor;/Users/rar9993/repos/research/fdroid_apps/native_apps/SoundWaves/NONE_TRANSFORMED_;/Users/rar9993/repos/research/fdroid_apps/native_apps/SoundWaves/app/src/main/java/org/bottiger/podcast/model/LibraryPersistency.java;file:/Users/rar9993/repos/research/fdroid_apps/native_apps/SoundWaves/app/src/main/java/org/bottiger/podcast/model/LibraryPersistency.java|class:org.bottiger.podcast.model.LibraryPersistency
UnclosedCloseable;aDoctor;/Users/rar9993/repos/research/fdroid_apps/native_apps/SoundWaves/NONE_TRANSFORMED_;/Users/rar9993/repos/research/fdroid_apps/native_apps/SoundWaves/app/src/main/java/org/bottiger/podcast/model/LibraryPersistency.java;file:/Users/rar9993/repos/research/fdroid_apps/native_apps/SoundWaves/app/src/main/java/org/bottiger/podcast/model/LibraryPersistency.java|class:org.bottiger.podcast.model.LibraryPersistency
MemberIgnoringMethod;aDoctor;/Users/rar9993/repos/research/fdroid_apps/native_apps/SoundWaves/NONE_TRANSFORMED_;/Users/rar9993/repos/research/fdroid_apps/native_apps/SoundWaves/app/src/main/java/org/bottiger/podcast/model/events/DownloadProgress.java;file:/Users/rar9993/repos/research/fdroid_apps/native_apps/SoundWaves/app/src/main/java/org/bottiger/podcast/model/events/DownloadProgress.java|class:org.bottiger.podcast.model.events.DownloadProgress
MemberIgnoringMethod;aDoctor;/Users/rar9993/repos/research/fdroid_apps/native_apps/SoundWaves/NONE_TRANSFORMED_;/Users/rar9993/repos/research/fdroid_apps/native_apps/SoundWaves/app/src/main/java/org/bottiger/podcast/activities/pastelog/LogSubmitActivity.java;file:/Users/rar9993/repos/research/fdroid_apps/native_apps/SoundWaves/app/src/main/java/org/bottiger/podcast/activities/pastelog/LogSubmitActivity.java|class:org.bottiger.podcast.activities.pastelog.LogSubmitActivity
NoLowMemoryResolver;aDoctor;/Users/rar9993/repos/research/fdroid_apps/native_apps/SoundWaves/NONE_TRANSFORMED_;/Users/rar9993/repos/research/fdroid_apps/native_apps/SoundWaves/app/src/main/java/org/bottiger/podcast/activities/pastelog/LogSubmitActivity.java;file:/Users/rar9993/repos/research/fdroid_apps/native_apps/SoundWaves/app/src/main/java/org/bottiger/podcast/activities/pastelog/LogSubmitActivity.java|class:org.bottiger.podcast.activities.pastelog.LogSubmitActivity
MemberIgnoringMethod;aDoctor;/Users/rar9993/repos/research/fdroid_apps/native_apps/SoundWaves/NONE_TRANSFORMED_;/Users/rar9993/repos/research/fdroid_apps/native_apps/SoundWaves/app/src/main/java/org/bottiger/podcast/activities/openopml/OpenOpmlAdapter.java;file:/Users/rar9993/repos/research/fdroid_apps/native_apps/SoundWaves/app/src/main/java/org/bottiger/podcast/activities/openopml/OpenOpmlAdapter.java|class:org.bottiger.podcast.activities.openopml.OpenOpmlAdapter
DataTransmissionWithoutCompression;aDoctor;/Users/rar9993/repos/research/fdroid_apps/native_apps/SoundWaves/NONE_TRANSFORMED_;/Users/rar9993/repos/research/fdroid_apps/native_apps/SoundWaves/app/src/main/java/org/bottiger/podcast/activities/openopml/OpenOpmlFromIntentActivity.java;file:/Users/rar9993/repos/research/fdroid_apps/native_apps/SoundWaves/app/src/main/java/org/bottiger/podcast/activities/openopml/OpenOpmlFromIntentActivity.java|class:org.bottiger.podcast.activities.openopml.OpenOpmlFromIntentActivity
NoLowMemoryResolver;aDoctor;/Users/rar9993/repos/research/fdroid_apps/native_apps/SoundWaves/NONE_TRANSFORMED_;/Users/rar9993/repos/research/fdroid_apps/native_apps/SoundWaves/app/src/main/java/org/bottiger/podcast/activities/openopml/OpenOpmlFromIntentActivity.java;file:/Users/rar9993/repos/research/fdroid_apps/native_apps/SoundWaves/app/src/main/java/org/bottiger/podcast/activities/openopml/OpenOpmlFromIntentActivity.java|class:org.bottiger.podcast.activities.openopml.OpenOpmlFromIntentActivity
SlowForLoop;aDoctor;/Users/rar9993/repos/research/fdroid_apps/native_apps/SoundWaves/NONE_TRANSFORMED_;/Users/rar9993/repos/research/fdroid_apps/native_apps/SoundWaves/app/src/main/java/org/bottiger/podcast/activities/openopml/OpenOpmlFromIntentActivity.java;file:/Users/rar9993/repos/research/fdroid_apps/native_apps/SoundWaves/app/src/main/java/org/bottiger/podcast/activities/openopml/OpenOpmlFromIntentActivity.java|class:org.bottiger.podcast.activities.openopml.OpenOpmlFromIntentActivity
MemberIgnoringMethod;aDoctor;/Users/rar9993/repos/research/fdroid_apps/native_apps/SoundWaves/NONE_TRANSFORMED_;/Users/rar9993/repos/research/fdroid_apps/native_apps/SoundWaves/app/src/main/java/org/bottiger/podcast/activities/intro/VideoIntro.java;file:/Users/rar9993/repos/research/fdroid_apps/native_apps/SoundWaves/app/src/main/java/org/bottiger/podcast/activities/intro/VideoIntro.java|class:org.bottiger.podcast.activities.intro.VideoIntro
MemberIgnoringMethod;aDoctor;/Users/rar9993/repos/research/fdroid_apps/native_apps/SoundWaves/NONE_TRANSFORMED_;/Users/rar9993/repos/research/fdroid_apps/native_apps/SoundWaves/app/src/main/java/org/bottiger/podcast/activities/intro/SettingsIntro.java;file:/Users/rar9993/repos/research/fdroid_apps/native_apps/SoundWaves/app/src/main/java/org/bottiger/podcast/activities/intro/SettingsIntro.java|class:org.bottiger.podcast.activities.intro.SettingsIntro
MemberIgnoringMethod;aDoctor;/Users/rar9993/repos/research/fdroid_apps/native_apps/SoundWaves/NONE_TRANSFORMED_;/Users/rar9993/repos/research/fdroid_apps/native_apps/SoundWaves/app/src/main/java/org/bottiger/podcast/activities/intro/Intro.java;file:/Users/rar9993/repos/research/fdroid_apps/native_apps/SoundWaves/app/src/main/java/org/bottiger/podcast/activities/intro/Intro.java|class:org.bottiger.podcast.activities.intro.Intro
MemberIgnoringMethod;aDoctor;/Users/rar9993/repos/research/fdroid_apps/native_apps/SoundWaves/NONE_TRANSFORMED_;/Users/rar9993/repos/research/fdroid_apps/native_apps/SoundWaves/app/src/main/java/org/bottiger/podcast/activities/downloadmanager/DownloadManagerActivity.java;file:/Users/rar9993/repos/research/fdroid_apps/native_apps/SoundWaves/app/src/main/java/org/bottiger/podcast/activities/downloadmanager/DownloadManagerActivity.java|class:org.bottiger.podcast.activities.downloadmanager.DownloadManagerActivity
NoLowMemoryResolver;aDoctor;/Users/rar9993/repos/research/fdroid_apps/native_apps/SoundWaves/NONE_TRANSFORMED_;/Users/rar9993/repos/research/fdroid_apps/native_apps/SoundWaves/app/src/main/java/org/bottiger/podcast/activities/downloadmanager/DownloadManagerActivity.java;file:/Users/rar9993/repos/research/fdroid_apps/native_apps/SoundWaves/app/src/main/java/org/bottiger/podcast/activities/downloadmanager/DownloadManagerActivity.java|class:org.bottiger.podcast.activities.downloadmanager.DownloadManagerActivity
UnclosedCloseable;aDoctor;/Users/rar9993/repos/research/fdroid_apps/native_apps/SoundWaves/NONE_TRANSFORMED_;/Users/rar9993/repos/research/fdroid_apps/native_apps/SoundWaves/app/src/main/java/org/bottiger/podcast/activities/downloadmanager/DownloadManagerActivity.java;file:/Users/rar9993/repos/research/fdroid_apps/native_apps/SoundWaves/app/src/main/java/org/bottiger/podcast/activities/downloadmanager/DownloadManagerActivity.java|class:org.bottiger.podcast.activities.downloadmanager.DownloadManagerActivity
MemberIgnoringMethod;aDoctor;/Users/rar9993/repos/research/fdroid_apps/native_apps/SoundWaves/NONE_TRANSFORMED_;/Users/rar9993/repos/research/fdroid_apps/native_apps/SoundWaves/app/src/main/java/org/bottiger/podcast/activities/downloadmanager/DownloadViewModel.java;file:/Users/rar9993/repos/research/fdroid_apps/native_apps/SoundWaves/app/src/main/java/org/bottiger/podcast/activities/downloadmanager/DownloadViewModel.java|class:org.bottiger.podcast.activities.downloadmanager.DownloadViewModel
MemberIgnoringMethod;aDoctor;/Users/rar9993/repos/research/fdroid_apps/native_apps/SoundWaves/NONE_TRANSFORMED_;/Users/rar9993/repos/research/fdroid_apps/native_apps/SoundWaves/app/src/main/java/org/bottiger/podcast/activities/downloadmanager/DownloadManagerAdapter.java;file:/Users/rar9993/repos/research/fdroid_apps/native_apps/SoundWaves/app/src/main/java/org/bottiger/podcast/activities/downloadmanager/DownloadManagerAdapter.java|class:org.bottiger.podcast.activities.downloadmanager.DownloadManagerAdapter
MemberIgnoringMethod;aDoctor;/Users/rar9993/repos/research/fdroid_apps/native_apps/SoundWaves/NONE_TRANSFORMED_;/Users/rar9993/repos/research/fdroid_apps/native_apps/SoundWaves/app/src/main/java/org/bottiger/podcast/activities/discovery/DiscoverySearchAdapter.java;file:/Users/rar9993/repos/research/fdroid_apps/native_apps/SoundWaves/app/src/main/java/org/bottiger/podcast/activities/discovery/DiscoverySearchAdapter.java|class:org.bottiger.podcast.activities.discovery.DiscoverySearchAdapter
SlowForLoop;aDoctor;/Users/rar9993/repos/research/fdroid_apps/native_apps/SoundWaves/NONE_TRANSFORMED_;/Users/rar9993/repos/research/fdroid_apps/native_apps/SoundWaves/app/src/main/java/org/bottiger/podcast/activities/discovery/DiscoverySearchAdapter.java;file:/Users/rar9993/repos/research/fdroid_apps/native_apps/SoundWaves/app/src/main/java/org/bottiger/podcast/activities/discovery/DiscoverySearchAdapter.java|class:org.bottiger.podcast.activities.discovery.DiscoverySearchAdapter
MemberIgnoringMethod;aDoctor;/Users/rar9993/repos/research/fdroid_apps/native_apps/SoundWaves/NONE_TRANSFORMED_;/Users/rar9993/repos/research/fdroid_apps/native_apps/SoundWaves/app/src/main/java/org/bottiger/podcast/activities/discovery/DiscoveryFeedActivity.java;file:/Users/rar9993/repos/research/fdroid_apps/native_apps/SoundWaves/app/src/main/java/org/bottiger/podcast/activities/discovery/DiscoveryFeedActivity.java|class:org.bottiger.podcast.activities.discovery.DiscoveryFeedActivity
UnclosedCloseable;aDoctor;/Users/rar9993/repos/research/fdroid_apps/native_apps/SoundWaves/NONE_TRANSFORMED_;/Users/rar9993/repos/research/fdroid_apps/native_apps/SoundWaves/app/src/main/java/org/bottiger/podcast/activities/discovery/DiscoveryFeedActivity.java;file:/Users/rar9993/repos/research/fdroid_apps/native_apps/SoundWaves/app/src/main/java/org/bottiger/podcast/activities/discovery/DiscoveryFeedActivity.java|class:org.bottiger.podcast.activities.discovery.DiscoveryFeedActivity
MemberIgnoringMethod;aDoctor;/Users/rar9993/repos/research/fdroid_apps/native_apps/SoundWaves/NONE_TRANSFORMED_;/Users/rar9993/repos/research/fdroid_apps/native_apps/SoundWaves/app/src/main/java/org/bottiger/podcast/activities/feedview/FeedActivity.java;file:/Users/rar9993/repos/research/fdroid_apps/native_apps/SoundWaves/app/src/main/java/org/bottiger/podcast/activities/feedview/FeedActivity.java|class:org.bottiger.podcast.activities.feedview.FeedActivity
UnclosedCloseable;aDoctor;/Users/rar9993/repos/research/fdroid_apps/native_apps/SoundWaves/NONE_TRANSFORMED_;/Users/rar9993/repos/research/fdroid_apps/native_apps/SoundWaves/app/src/main/java/org/bottiger/podcast/activities/feedview/FeedActivity.java;file:/Users/rar9993/repos/research/fdroid_apps/native_apps/SoundWaves/app/src/main/java/org/bottiger/podcast/activities/feedview/FeedActivity.java|class:org.bottiger.podcast.activities.feedview.FeedActivity
MemberIgnoringMethod;aDoctor;/Users/rar9993/repos/research/fdroid_apps/native_apps/SoundWaves/NONE_TRANSFORMED_;/Users/rar9993/repos/research/fdroid_apps/native_apps/SoundWaves/app/src/main/java/org/bottiger/podcast/activities/feedview/FeedViewAdapter.java;file:/Users/rar9993/repos/research/fdroid_apps/native_apps/SoundWaves/app/src/main/java/org/bottiger/podcast/activities/feedview/FeedViewAdapter.java|class:org.bottiger.podcast.activities.feedview.FeedViewAdapter
WakeLock;aDoctor;/Users/rar9993/repos/research/fdroid_apps/native_apps/SoundWaves/NONE_TRANSFORMED_;/Users/rar9993/repos/research/fdroid_apps/native_apps/SoundWaves/app/src/main/java/org/bottiger/podcast/service/PodcastService.java;file:/Users/rar9993/repos/research/fdroid_apps/native_apps/SoundWaves/app/src/main/java/org/bottiger/podcast/service/PodcastService.java|class:org.bottiger.podcast.service.PodcastService
LeakingInnerClass;aDoctor;/Users/rar9993/repos/research/fdroid_apps/native_apps/SoundWaves/NONE_TRANSFORMED_;/Users/rar9993/repos/research/fdroid_apps/native_apps/SoundWaves/app/src/main/java/org/bottiger/podcast/service/PodcastService.java;file:/Users/rar9993/repos/research/fdroid_apps/native_apps/SoundWaves/app/src/main/java/org/bottiger/podcast/service/PodcastService.java|class:org.bottiger.podcast.service.PodcastService
MemberIgnoringMethod;aDoctor;/Users/rar9993/repos/research/fdroid_apps/native_apps/SoundWaves/NONE_TRANSFORMED_;/Users/rar9993/repos/research/fdroid_apps/native_apps/SoundWaves/app/src/main/java/org/bottiger/podcast/service/PodcastService.java;file:/Users/rar9993/repos/research/fdroid_apps/native_apps/SoundWaves/app/src/main/java/org/bottiger/podcast/service/PodcastService.java|class:org.bottiger.podcast.service.PodcastService
MemberIgnoringMethod;aDoctor;/Users/rar9993/repos/research/fdroid_apps/native_apps/SoundWaves/NONE_TRANSFORMED_;/Users/rar9993/repos/research/fdroid_apps/native_apps/SoundWaves/app/src/main/java/org/bottiger/podcast/service/CloudSyncService.java;file:/Users/rar9993/repos/research/fdroid_apps/native_apps/SoundWaves/app/src/main/java/org/bottiger/podcast/service/CloudSyncService.java|class:org.bottiger.podcast.service.CloudSyncService
WakeLock;aDoctor;/Users/rar9993/repos/research/fdroid_apps/native_apps/SoundWaves/NONE_TRANSFORMED_;/Users/rar9993/repos/research/fdroid_apps/native_apps/SoundWaves/app/src/main/java/org/bottiger/podcast/service/AbstractAlarmService.java;file:/Users/rar9993/repos/research/fdroid_apps/native_apps/SoundWaves/app/src/main/java/org/bottiger/podcast/service/AbstractAlarmService.java|class:org.bottiger.podcast.service.AbstractAlarmService
LeakingInnerClass;aDoctor;/Users/rar9993/repos/research/fdroid_apps/native_apps/SoundWaves/NONE_TRANSFORMED_;/Users/rar9993/repos/research/fdroid_apps/native_apps/SoundWaves/app/src/main/java/org/bottiger/podcast/service/AbstractAlarmService.java;file:/Users/rar9993/repos/research/fdroid_apps/native_apps/SoundWaves/app/src/main/java/org/bottiger/podcast/service/AbstractAlarmService.java|class:org.bottiger.podcast.service.AbstractAlarmService
MemberIgnoringMethod;aDoctor;/Users/rar9993/repos/research/fdroid_apps/native_apps/SoundWaves/NONE_TRANSFORMED_;/Users/rar9993/repos/research/fdroid_apps/native_apps/SoundWaves/app/src/main/java/org/bottiger/podcast/service/AbstractAlarmService.java;file:/Users/rar9993/repos/research/fdroid_apps/native_apps/SoundWaves/app/src/main/java/org/bottiger/podcast/service/AbstractAlarmService.java|class:org.bottiger.podcast.service.AbstractAlarmService
NoLowMemoryResolver;aDoctor;/Users/rar9993/repos/research/fdroid_apps/native_apps/SoundWaves/NONE_TRANSFORMED_;/Users/rar9993/repos/research/fdroid_apps/native_apps/SoundWaves/app/src/main/java/org/bottiger/podcast/service/DownloadService.java;file:/Users/rar9993/repos/research/fdroid_apps/native_apps/SoundWaves/app/src/main/java/org/bottiger/podcast/service/DownloadService.java|class:org.bottiger.podcast.service.DownloadService
SlowForLoop;aDoctor;/Users/rar9993/repos/research/fdroid_apps/native_apps/SoundWaves/NONE_TRANSFORMED_;/Users/rar9993/repos/research/fdroid_apps/native_apps/SoundWaves/app/src/main/java/org/bottiger/podcast/service/DownloadService.java;file:/Users/rar9993/repos/research/fdroid_apps/native_apps/SoundWaves/app/src/main/java/org/bottiger/podcast/service/DownloadService.java|class:org.bottiger.podcast.service.DownloadService
WakeLock;aDoctor;/Users/rar9993/repos/research/fdroid_apps/native_apps/SoundWaves/NONE_TRANSFORMED_;/Users/rar9993/repos/research/fdroid_apps/native_apps/SoundWaves/app/src/main/java/org/bottiger/podcast/service/PlayerService.java;file:/Users/rar9993/repos/research/fdroid_apps/native_apps/SoundWaves/app/src/main/java/org/bottiger/podcast/service/PlayerService.java|class:org.bottiger.podcast.service.PlayerService
MemberIgnoringMethod;aDoctor;/Users/rar9993/repos/research/fdroid_apps/native_apps/SoundWaves/NONE_TRANSFORMED_;/Users/rar9993/repos/research/fdroid_apps/native_apps/SoundWaves/app/src/main/java/org/bottiger/podcast/service/PlayerService.java;file:/Users/rar9993/repos/research/fdroid_apps/native_apps/SoundWaves/app/src/main/java/org/bottiger/podcast/service/PlayerService.java|class:org.bottiger.podcast.service.PlayerService
SlowForLoop;aDoctor;/Users/rar9993/repos/research/fdroid_apps/native_apps/SoundWaves/NONE_TRANSFORMED_;/Users/rar9993/repos/research/fdroid_apps/native_apps/SoundWaves/app/src/main/java/org/bottiger/podcast/service/jobservice/PodcastUpdater.java;file:/Users/rar9993/repos/research/fdroid_apps/native_apps/SoundWaves/app/src/main/java/org/bottiger/podcast/service/jobservice/PodcastUpdater.java|class:org.bottiger.podcast.service.jobservice.PodcastUpdater
MemberIgnoringMethod;aDoctor;/Users/rar9993/repos/research/fdroid_apps/native_apps/SoundWaves/NONE_TRANSFORMED_;/Users/rar9993/repos/research/fdroid_apps/native_apps/SoundWaves/app/src/main/java/org/bottiger/podcast/service/jobservice/PodcastUpdateJobService.java;file:/Users/rar9993/repos/research/fdroid_apps/native_apps/SoundWaves/app/src/main/java/org/bottiger/podcast/service/jobservice/PodcastUpdateJobService.java|class:org.bottiger.podcast.service.jobservice.PodcastUpdateJobService
LeakingInnerClass;aDoctor;/Users/rar9993/repos/research/fdroid_apps/native_apps/SoundWaves/NONE_TRANSFORMED_;/Users/rar9993/repos/research/fdroid_apps/native_apps/SoundWaves/app/src/main/java/org/bottiger/podcast/service/Downloader/SoundWavesDownloadManager.java;file:/Users/rar9993/repos/research/fdroid_apps/native_apps/SoundWaves/app/src/main/java/org/bottiger/podcast/service/Downloader/SoundWavesDownloadManager.java|class:org.bottiger.podcast.service.Downloader.SoundWavesDownloadManager
MemberIgnoringMethod;aDoctor;/Users/rar9993/repos/research/fdroid_apps/native_apps/SoundWaves/NONE_TRANSFORMED_;/Users/rar9993/repos/research/fdroid_apps/native_apps/SoundWaves/app/src/main/java/org/bottiger/podcast/service/Downloader/SoundWavesDownloadManager.java;file:/Users/rar9993/repos/research/fdroid_apps/native_apps/SoundWaves/app/src/main/java/org/bottiger/podcast/service/Downloader/SoundWavesDownloadManager.java|class:org.bottiger.podcast.service.Downloader.SoundWavesDownloadManager
SlowForLoop;aDoctor;/Users/rar9993/repos/research/fdroid_apps/native_apps/SoundWaves/NONE_TRANSFORMED_;/Users/rar9993/repos/research/fdroid_apps/native_apps/SoundWaves/app/src/main/java/org/bottiger/podcast/service/Downloader/SoundWavesDownloadManager.java;file:/Users/rar9993/repos/research/fdroid_apps/native_apps/SoundWaves/app/src/main/java/org/bottiger/podcast/service/Downloader/SoundWavesDownloadManager.java|class:org.bottiger.podcast.service.Downloader.SoundWavesDownloadManager
MemberIgnoringMethod;aDoctor;/Users/rar9993/repos/research/fdroid_apps/native_apps/SoundWaves/NONE_TRANSFORMED_;/Users/rar9993/repos/research/fdroid_apps/native_apps/SoundWaves/app/src/main/java/org/bottiger/podcast/service/Downloader/SubscriptionRefreshManager.java;file:/Users/rar9993/repos/research/fdroid_apps/native_apps/SoundWaves/app/src/main/java/org/bottiger/podcast/service/Downloader/SubscriptionRefreshManager.java|class:org.bottiger.podcast.service.Downloader.SubscriptionRefreshManager
SlowForLoop;aDoctor;/Users/rar9993/repos/research/fdroid_apps/native_apps/SoundWaves/NONE_TRANSFORMED_;/Users/rar9993/repos/research/fdroid_apps/native_apps/SoundWaves/app/src/main/java/org/bottiger/podcast/service/Downloader/SubscriptionRefreshManager.java;file:/Users/rar9993/repos/research/fdroid_apps/native_apps/SoundWaves/app/src/main/java/org/bottiger/podcast/service/Downloader/SubscriptionRefreshManager.java|class:org.bottiger.podcast.service.Downloader.SubscriptionRefreshManager
LeakingInnerClass;aDoctor;/Users/rar9993/repos/research/fdroid_apps/native_apps/SoundWaves/NONE_TRANSFORMED_;/Users/rar9993/repos/research/fdroid_apps/native_apps/SoundWaves/app/src/main/java/org/bottiger/podcast/service/Downloader/engines/IDownloadEngine.java;file:/Users/rar9993/repos/research/fdroid_apps/native_apps/SoundWaves/app/src/main/java/org/bottiger/podcast/service/Downloader/engines/IDownloadEngine.java|class:org.bottiger.podcast.service.Downloader.engines.IDownloadEngine
DataTransmissionWithoutCompression;aDoctor;/Users/rar9993/repos/research/fdroid_apps/native_apps/SoundWaves/NONE_TRANSFORMED_;/Users/rar9993/repos/research/fdroid_apps/native_apps/SoundWaves/app/src/main/java/org/bottiger/podcast/service/Downloader/engines/okhttp/OkHttpDownloader.java;file:/Users/rar9993/repos/research/fdroid_apps/native_apps/SoundWaves/app/src/main/java/org/bottiger/podcast/service/Downloader/engines/okhttp/OkHttpDownloader.java|class:org.bottiger.podcast.service.Downloader.engines.okhttp.OkHttpDownloader
SlowForLoop;aDoctor;/Users/rar9993/repos/research/fdroid_apps/native_apps/SoundWaves/NONE_TRANSFORMED_;/Users/rar9993/repos/research/fdroid_apps/native_apps/SoundWaves/app/src/main/java/org/bottiger/podcast/service/Downloader/engines/okhttp/OkHttpDownloader.java;file:/Users/rar9993/repos/research/fdroid_apps/native_apps/SoundWaves/app/src/main/java/org/bottiger/podcast/service/Downloader/engines/okhttp/OkHttpDownloader.java|class:org.bottiger.podcast.service.Downloader.engines.okhttp.OkHttpDownloader
NoLowMemoryResolver;aDoctor;/Users/rar9993/repos/research/fdroid_apps/native_apps/SoundWaves/NONE_TRANSFORMED_;/Users/rar9993/repos/research/fdroid_apps/native_apps/SoundWaves/app/src/main/java/org/bottiger/podcast/service/syncadapter/CloudSyncService.java;file:/Users/rar9993/repos/research/fdroid_apps/native_apps/SoundWaves/app/src/main/java/org/bottiger/podcast/service/syncadapter/CloudSyncService.java|class:org.bottiger.podcast.service.syncadapter.CloudSyncService
SlowForLoop;aDoctor;/Users/rar9993/repos/research/fdroid_apps/native_apps/SoundWaves/NONE_TRANSFORMED_;/Users/rar9993/repos/research/fdroid_apps/native_apps/SoundWaves/app/src/main/java/org/bottiger/podcast/service/syncadapter/CloudSyncAdapter.java;file:/Users/rar9993/repos/research/fdroid_apps/native_apps/SoundWaves/app/src/main/java/org/bottiger/podcast/service/syncadapter/CloudSyncAdapter.java|class:org.bottiger.podcast.service.syncadapter.CloudSyncAdapter
NoLowMemoryResolver;aDoctor;/Users/rar9993/repos/research/fdroid_apps/native_apps/SoundWaves/NONE_TRANSFORMED_;/Users/rar9993/repos/research/fdroid_apps/native_apps/SoundWaves/app/src/main/java/org/bottiger/podcast/service/syncadapter/AuthenticatorService.java;file:/Users/rar9993/repos/research/fdroid_apps/native_apps/SoundWaves/app/src/main/java/org/bottiger/podcast/service/syncadapter/AuthenticatorService.java|class:org.bottiger.podcast.service.syncadapter.AuthenticatorService
LeakingInnerClass;aDoctor;/Users/rar9993/repos/research/fdroid_apps/native_apps/SoundWaves/NONE_TRANSFORMED_;/Users/rar9993/repos/research/fdroid_apps/native_apps/SoundWaves/app/src/main/java/org/bottiger/podcast/service/syncadapter/CloudSyncUtils.java;file:/Users/rar9993/repos/research/fdroid_apps/native_apps/SoundWaves/app/src/main/java/org/bottiger/podcast/service/syncadapter/CloudSyncUtils.java|class:org.bottiger.podcast.service.syncadapter.CloudSyncUtils
LeakingThread;aDoctor;/Users/rar9993/repos/research/fdroid_apps/native_apps/SoundWaves/NONE_TRANSFORMED_;/Users/rar9993/repos/research/fdroid_apps/native_apps/SoundWaves/app/src/main/java/org/bottiger/podcast/views/PlayerSeekbar.java;file:/Users/rar9993/repos/research/fdroid_apps/native_apps/SoundWaves/app/src/main/java/org/bottiger/podcast/views/PlayerSeekbar.java|class:org.bottiger.podcast.views.PlayerSeekbar
MemberIgnoringMethod;aDoctor;/Users/rar9993/repos/research/fdroid_apps/native_apps/SoundWaves/NONE_TRANSFORMED_;/Users/rar9993/repos/research/fdroid_apps/native_apps/SoundWaves/app/src/main/java/org/bottiger/podcast/views/PlayerSeekbar.java;file:/Users/rar9993/repos/research/fdroid_apps/native_apps/SoundWaves/app/src/main/java/org/bottiger/podcast/views/PlayerSeekbar.java|class:org.bottiger.podcast.views.PlayerSeekbar
MemberIgnoringMethod;aDoctor;/Users/rar9993/repos/research/fdroid_apps/native_apps/SoundWaves/NONE_TRANSFORMED_;/Users/rar9993/repos/research/fdroid_apps/native_apps/SoundWaves/app/src/main/java/org/bottiger/podcast/views/FeedRefreshLayout.java;file:/Users/rar9993/repos/research/fdroid_apps/native_apps/SoundWaves/app/src/main/java/org/bottiger/podcast/views/FeedRefreshLayout.java|class:org.bottiger.podcast.views.FeedRefreshLayout
SlowForLoop;aDoctor;/Users/rar9993/repos/research/fdroid_apps/native_apps/SoundWaves/NONE_TRANSFORMED_;/Users/rar9993/repos/research/fdroid_apps/native_apps/SoundWaves/app/src/main/java/org/bottiger/podcast/views/FeedRefreshLayout.java;file:/Users/rar9993/repos/research/fdroid_apps/native_apps/SoundWaves/app/src/main/java/org/bottiger/podcast/views/FeedRefreshLayout.java|class:org.bottiger.podcast.views.FeedRefreshLayout
LeakingInnerClass;aDoctor;/Users/rar9993/repos/research/fdroid_apps/native_apps/SoundWaves/NONE_TRANSFORMED_;/Users/rar9993/repos/research/fdroid_apps/native_apps/SoundWaves/app/src/main/java/org/bottiger/podcast/views/PlayPauseButton.java;file:/Users/rar9993/repos/research/fdroid_apps/native_apps/SoundWaves/app/src/main/java/org/bottiger/podcast/views/PlayPauseButton.java|class:org.bottiger.podcast.views.PlayPauseButton
MemberIgnoringMethod;aDoctor;/Users/rar9993/repos/research/fdroid_apps/native_apps/SoundWaves/NONE_TRANSFORMED_;/Users/rar9993/repos/research/fdroid_apps/native_apps/SoundWaves/app/src/main/java/org/bottiger/podcast/views/PlayPauseButton.java;file:/Users/rar9993/repos/research/fdroid_apps/native_apps/SoundWaves/app/src/main/java/org/bottiger/podcast/views/PlayPauseButton.java|class:org.bottiger.podcast.views.PlayPauseButton
MemberIgnoringMethod;aDoctor;/Users/rar9993/repos/research/fdroid_apps/native_apps/SoundWaves/NONE_TRANSFORMED_;/Users/rar9993/repos/research/fdroid_apps/native_apps/SoundWaves/app/src/main/java/org/bottiger/podcast/views/TextViewObserver.java;file:/Users/rar9993/repos/research/fdroid_apps/native_apps/SoundWaves/app/src/main/java/org/bottiger/podcast/views/TextViewObserver.java|class:org.bottiger.podcast.views.TextViewObserver
MemberIgnoringMethod;aDoctor;/Users/rar9993/repos/research/fdroid_apps/native_apps/SoundWaves/NONE_TRANSFORMED_;/Users/rar9993/repos/research/fdroid_apps/native_apps/SoundWaves/app/src/main/java/org/bottiger/podcast/views/DownloadButtonView.java;file:/Users/rar9993/repos/research/fdroid_apps/native_apps/SoundWaves/app/src/main/java/org/bottiger/podcast/views/DownloadButtonView.java|class:org.bottiger.podcast.views.DownloadButtonView
MemberIgnoringMethod;aDoctor;/Users/rar9993/repos/research/fdroid_apps/native_apps/SoundWaves/NONE_TRANSFORMED_;/Users/rar9993/repos/research/fdroid_apps/native_apps/SoundWaves/app/src/main/java/org/bottiger/podcast/views/ExpandedVideoView.java;file:/Users/rar9993/repos/research/fdroid_apps/native_apps/SoundWaves/app/src/main/java/org/bottiger/podcast/views/ExpandedVideoView.java|class:org.bottiger.podcast.views.ExpandedVideoView
LeakingInnerClass;aDoctor;/Users/rar9993/repos/research/fdroid_apps/native_apps/SoundWaves/NONE_TRANSFORMED_;/Users/rar9993/repos/research/fdroid_apps/native_apps/SoundWaves/app/src/main/java/org/bottiger/podcast/views/PlaylistContainerWrapper.java;file:/Users/rar9993/repos/research/fdroid_apps/native_apps/SoundWaves/app/src/main/java/org/bottiger/podcast/views/PlaylistContainerWrapper.java|class:org.bottiger.podcast.views.PlaylistContainerWrapper
MemberIgnoringMethod;aDoctor;/Users/rar9993/repos/research/fdroid_apps/native_apps/SoundWaves/NONE_TRANSFORMED_;/Users/rar9993/repos/research/fdroid_apps/native_apps/SoundWaves/app/src/main/java/org/bottiger/podcast/views/PlaylistContainerWrapper.java;file:/Users/rar9993/repos/research/fdroid_apps/native_apps/SoundWaves/app/src/main/java/org/bottiger/podcast/views/PlaylistContainerWrapper.java|class:org.bottiger.podcast.views.PlaylistContainerWrapper
MemberIgnoringMethod;aDoctor;/Users/rar9993/repos/research/fdroid_apps/native_apps/SoundWaves/NONE_TRANSFORMED_;/Users/rar9993/repos/research/fdroid_apps/native_apps/SoundWaves/app/src/main/java/org/bottiger/podcast/views/FixedRecyclerView.java;file:/Users/rar9993/repos/research/fdroid_apps/native_apps/SoundWaves/app/src/main/java/org/bottiger/podcast/views/FixedRecyclerView.java|class:org.bottiger.podcast.views.FixedRecyclerView
LeakingInnerClass;aDoctor;/Users/rar9993/repos/research/fdroid_apps/native_apps/SoundWaves/NONE_TRANSFORMED_;/Users/rar9993/repos/research/fdroid_apps/native_apps/SoundWaves/app/src/main/java/org/bottiger/podcast/views/PlayerButtonView.java;file:/Users/rar9993/repos/research/fdroid_apps/native_apps/SoundWaves/app/src/main/java/org/bottiger/podcast/views/PlayerButtonView.java|class:org.bottiger.podcast.views.PlayerButtonView
MemberIgnoringMethod;aDoctor;/Users/rar9993/repos/research/fdroid_apps/native_apps/SoundWaves/NONE_TRANSFORMED_;/Users/rar9993/repos/research/fdroid_apps/native_apps/SoundWaves/app/src/main/java/org/bottiger/podcast/views/PlayerButtonView.java;file:/Users/rar9993/repos/research/fdroid_apps/native_apps/SoundWaves/app/src/main/java/org/bottiger/podcast/views/PlayerButtonView.java|class:org.bottiger.podcast.views.PlayerButtonView
LeakingInnerClass;aDoctor;/Users/rar9993/repos/research/fdroid_apps/native_apps/SoundWaves/NONE_TRANSFORMED_;/Users/rar9993/repos/research/fdroid_apps/native_apps/SoundWaves/app/src/main/java/org/bottiger/podcast/views/PlaylistBehavior.java;file:/Users/rar9993/repos/research/fdroid_apps/native_apps/SoundWaves/app/src/main/java/org/bottiger/podcast/views/PlaylistBehavior.java|class:org.bottiger.podcast.views.PlaylistBehavior
LeakingThread;aDoctor;/Users/rar9993/repos/research/fdroid_apps/native_apps/SoundWaves/NONE_TRANSFORMED_;/Users/rar9993/repos/research/fdroid_apps/native_apps/SoundWaves/app/src/main/java/org/bottiger/podcast/views/PlaylistBehavior.java;file:/Users/rar9993/repos/research/fdroid_apps/native_apps/SoundWaves/app/src/main/java/org/bottiger/podcast/views/PlaylistBehavior.java|class:org.bottiger.podcast.views.PlaylistBehavior
MemberIgnoringMethod;aDoctor;/Users/rar9993/repos/research/fdroid_apps/native_apps/SoundWaves/NONE_TRANSFORMED_;/Users/rar9993/repos/research/fdroid_apps/native_apps/SoundWaves/app/src/main/java/org/bottiger/podcast/views/PlaylistBehavior.java;file:/Users/rar9993/repos/research/fdroid_apps/native_apps/SoundWaves/app/src/main/java/org/bottiger/podcast/views/PlaylistBehavior.java|class:org.bottiger.podcast.views.PlaylistBehavior
MemberIgnoringMethod;aDoctor;/Users/rar9993/repos/research/fdroid_apps/native_apps/SoundWaves/NONE_TRANSFORMED_;/Users/rar9993/repos/research/fdroid_apps/native_apps/SoundWaves/app/src/main/java/org/bottiger/podcast/views/ImageViewTinted.java;file:/Users/rar9993/repos/research/fdroid_apps/native_apps/SoundWaves/app/src/main/java/org/bottiger/podcast/views/ImageViewTinted.java|class:org.bottiger.podcast.views.ImageViewTinted
LeakingInnerClass;aDoctor;/Users/rar9993/repos/research/fdroid_apps/native_apps/SoundWaves/NONE_TRANSFORMED_;/Users/rar9993/repos/research/fdroid_apps/native_apps/SoundWaves/app/src/main/java/org/bottiger/podcast/views/TopPlayer.java;file:/Users/rar9993/repos/research/fdroid_apps/native_apps/SoundWaves/app/src/main/java/org/bottiger/podcast/views/TopPlayer.java|class:org.bottiger.podcast.views.TopPlayer
LeakingThread;aDoctor;/Users/rar9993/repos/research/fdroid_apps/native_apps/SoundWaves/NONE_TRANSFORMED_;/Users/rar9993/repos/research/fdroid_apps/native_apps/SoundWaves/app/src/main/java/org/bottiger/podcast/views/TopPlayer.java;file:/Users/rar9993/repos/research/fdroid_apps/native_apps/SoundWaves/app/src/main/java/org/bottiger/podcast/views/TopPlayer.java|class:org.bottiger.podcast.views.TopPlayer
MemberIgnoringMethod;aDoctor;/Users/rar9993/repos/research/fdroid_apps/native_apps/SoundWaves/NONE_TRANSFORMED_;/Users/rar9993/repos/research/fdroid_apps/native_apps/SoundWaves/app/src/main/java/org/bottiger/podcast/views/TopPlayer.java;file:/Users/rar9993/repos/research/fdroid_apps/native_apps/SoundWaves/app/src/main/java/org/bottiger/podcast/views/TopPlayer.java|class:org.bottiger.podcast.views.TopPlayer
SlowForLoop;aDoctor;/Users/rar9993/repos/research/fdroid_apps/native_apps/SoundWaves/NONE_TRANSFORMED_;/Users/rar9993/repos/research/fdroid_apps/native_apps/SoundWaves/app/src/main/java/org/bottiger/podcast/views/TopPlayer.java;file:/Users/rar9993/repos/research/fdroid_apps/native_apps/SoundWaves/app/src/main/java/org/bottiger/podcast/views/TopPlayer.java|class:org.bottiger.podcast.views.TopPlayer
MemberIgnoringMethod;aDoctor;/Users/rar9993/repos/research/fdroid_apps/native_apps/SoundWaves/NONE_TRANSFORMED_;/Users/rar9993/repos/research/fdroid_apps/native_apps/SoundWaves/app/src/main/java/org/bottiger/podcast/views/Overlay.java;file:/Users/rar9993/repos/research/fdroid_apps/native_apps/SoundWaves/app/src/main/java/org/bottiger/podcast/views/Overlay.java|class:org.bottiger.podcast.views.Overlay
LeakingInnerClass;aDoctor;/Users/rar9993/repos/research/fdroid_apps/native_apps/SoundWaves/NONE_TRANSFORMED_;/Users/rar9993/repos/research/fdroid_apps/native_apps/SoundWaves/app/src/main/java/org/bottiger/podcast/views/MultiSpinner.java;file:/Users/rar9993/repos/research/fdroid_apps/native_apps/SoundWaves/app/src/main/java/org/bottiger/podcast/views/MultiSpinner.java|class:org.bottiger.podcast.views.MultiSpinner
MemberIgnoringMethod;aDoctor;/Users/rar9993/repos/research/fdroid_apps/native_apps/SoundWaves/NONE_TRANSFORMED_;/Users/rar9993/repos/research/fdroid_apps/native_apps/SoundWaves/app/src/main/java/org/bottiger/podcast/views/MultiSpinner.java;file:/Users/rar9993/repos/research/fdroid_apps/native_apps/SoundWaves/app/src/main/java/org/bottiger/podcast/views/MultiSpinner.java|class:org.bottiger.podcast.views.MultiSpinner
SlowForLoop;aDoctor;/Users/rar9993/repos/research/fdroid_apps/native_apps/SoundWaves/NONE_TRANSFORMED_;/Users/rar9993/repos/research/fdroid_apps/native_apps/SoundWaves/app/src/main/java/org/bottiger/podcast/views/MultiSpinner.java;file:/Users/rar9993/repos/research/fdroid_apps/native_apps/SoundWaves/app/src/main/java/org/bottiger/podcast/views/MultiSpinner.java|class:org.bottiger.podcast.views.MultiSpinner
MemberIgnoringMethod;aDoctor;/Users/rar9993/repos/research/fdroid_apps/native_apps/SoundWaves/NONE_TRANSFORMED_;/Users/rar9993/repos/research/fdroid_apps/native_apps/SoundWaves/app/src/main/java/org/bottiger/podcast/views/FeedViewQueueButton.java;file:/Users/rar9993/repos/research/fdroid_apps/native_apps/SoundWaves/app/src/main/java/org/bottiger/podcast/views/FeedViewQueueButton.java|class:org.bottiger.podcast.views.FeedViewQueueButton
UnclosedCloseable;aDoctor;/Users/rar9993/repos/research/fdroid_apps/native_apps/SoundWaves/NONE_TRANSFORMED_;/Users/rar9993/repos/research/fdroid_apps/native_apps/SoundWaves/app/src/main/java/org/bottiger/podcast/views/FeedViewQueueButton.java;file:/Users/rar9993/repos/research/fdroid_apps/native_apps/SoundWaves/app/src/main/java/org/bottiger/podcast/views/FeedViewQueueButton.java|class:org.bottiger.podcast.views.FeedViewQueueButton
MemberIgnoringMethod;aDoctor;/Users/rar9993/repos/research/fdroid_apps/native_apps/SoundWaves/NONE_TRANSFORMED_;/Users/rar9993/repos/research/fdroid_apps/native_apps/SoundWaves/app/src/main/java/org/bottiger/podcast/views/ContextMenuRecyclerView.java;file:/Users/rar9993/repos/research/fdroid_apps/native_apps/SoundWaves/app/src/main/java/org/bottiger/podcast/views/ContextMenuRecyclerView.java|class:org.bottiger.podcast.views.ContextMenuRecyclerView
LeakingInnerClass;aDoctor;/Users/rar9993/repos/research/fdroid_apps/native_apps/SoundWaves/NONE_TRANSFORMED_;/Users/rar9993/repos/research/fdroid_apps/native_apps/SoundWaves/app/src/main/java/org/bottiger/podcast/views/SlidingTab/SlidingTabLayout.java;file:/Users/rar9993/repos/research/fdroid_apps/native_apps/SoundWaves/app/src/main/java/org/bottiger/podcast/views/SlidingTab/SlidingTabLayout.java|class:org.bottiger.podcast.views.SlidingTab.SlidingTabLayout
MemberIgnoringMethod;aDoctor;/Users/rar9993/repos/research/fdroid_apps/native_apps/SoundWaves/NONE_TRANSFORMED_;/Users/rar9993/repos/research/fdroid_apps/native_apps/SoundWaves/app/src/main/java/org/bottiger/podcast/views/SlidingTab/SlidingTabLayout.java;file:/Users/rar9993/repos/research/fdroid_apps/native_apps/SoundWaves/app/src/main/java/org/bottiger/podcast/views/SlidingTab/SlidingTabLayout.java|class:org.bottiger.podcast.views.SlidingTab.SlidingTabLayout
SlowForLoop;aDoctor;/Users/rar9993/repos/research/fdroid_apps/native_apps/SoundWaves/NONE_TRANSFORMED_;/Users/rar9993/repos/research/fdroid_apps/native_apps/SoundWaves/app/src/main/java/org/bottiger/podcast/views/SlidingTab/SlidingTabLayout.java;file:/Users/rar9993/repos/research/fdroid_apps/native_apps/SoundWaves/app/src/main/java/org/bottiger/podcast/views/SlidingTab/SlidingTabLayout.java|class:org.bottiger.podcast.views.SlidingTab.SlidingTabLayout
MemberIgnoringMethod;aDoctor;/Users/rar9993/repos/research/fdroid_apps/native_apps/SoundWaves/NONE_TRANSFORMED_;/Users/rar9993/repos/research/fdroid_apps/native_apps/SoundWaves/app/src/main/java/org/bottiger/podcast/views/SlidingTab/SlidingTabStrip.java;file:/Users/rar9993/repos/research/fdroid_apps/native_apps/SoundWaves/app/src/main/java/org/bottiger/podcast/views/SlidingTab/SlidingTabStrip.java|class:org.bottiger.podcast.views.SlidingTab.SlidingTabStrip
SlowForLoop;aDoctor;/Users/rar9993/repos/research/fdroid_apps/native_apps/SoundWaves/NONE_TRANSFORMED_;/Users/rar9993/repos/research/fdroid_apps/native_apps/SoundWaves/app/src/main/java/org/bottiger/podcast/views/SlidingTab/SlidingTabStrip.java;file:/Users/rar9993/repos/research/fdroid_apps/native_apps/SoundWaves/app/src/main/java/org/bottiger/podcast/views/SlidingTab/SlidingTabStrip.java|class:org.bottiger.podcast.views.SlidingTab.SlidingTabStrip
MemberIgnoringMethod;aDoctor;/Users/rar9993/repos/research/fdroid_apps/native_apps/SoundWaves/NONE_TRANSFORMED_;/Users/rar9993/repos/research/fdroid_apps/native_apps/SoundWaves/app/src/main/java/org/bottiger/podcast/views/drawables/PlayPauseDrawable.java;file:/Users/rar9993/repos/research/fdroid_apps/native_apps/SoundWaves/app/src/main/java/org/bottiger/podcast/views/drawables/PlayPauseDrawable.java|class:org.bottiger.podcast.views.drawables.PlayPauseDrawable
LeakingInnerClass;aDoctor;/Users/rar9993/repos/research/fdroid_apps/native_apps/SoundWaves/NONE_TRANSFORMED_;/Users/rar9993/repos/research/fdroid_apps/native_apps/SoundWaves/app/src/main/java/org/bottiger/podcast/views/utils/SubscriptionSettingsUtils.java;file:/Users/rar9993/repos/research/fdroid_apps/native_apps/SoundWaves/app/src/main/java/org/bottiger/podcast/views/utils/SubscriptionSettingsUtils.java|class:org.bottiger.podcast.views.utils.SubscriptionSettingsUtils
MemberIgnoringMethod;aDoctor;/Users/rar9993/repos/research/fdroid_apps/native_apps/SoundWaves/NONE_TRANSFORMED_;/Users/rar9993/repos/research/fdroid_apps/native_apps/SoundWaves/app/src/main/java/org/bottiger/podcast/views/utils/SubscriptionSettingsUtils.java;file:/Users/rar9993/repos/research/fdroid_apps/native_apps/SoundWaves/app/src/main/java/org/bottiger/podcast/views/utils/SubscriptionSettingsUtils.java|class:org.bottiger.podcast.views.utils.SubscriptionSettingsUtils
MemberIgnoringMethod;aDoctor;/Users/rar9993/repos/research/fdroid_apps/native_apps/SoundWaves/NONE_TRANSFORMED_;/Users/rar9993/repos/research/fdroid_apps/native_apps/SoundWaves/app/src/main/java/org/bottiger/podcast/views/MultiShrink/playlist/QuickFeedImage.java;file:/Users/rar9993/repos/research/fdroid_apps/native_apps/SoundWaves/app/src/main/java/org/bottiger/podcast/views/MultiShrink/playlist/QuickFeedImage.java|class:org.bottiger.podcast.views.MultiShrink.playlist.QuickFeedImage
MemberIgnoringMethod;aDoctor;/Users/rar9993/repos/research/fdroid_apps/native_apps/SoundWaves/NONE_TRANSFORMED_;/Users/rar9993/repos/research/fdroid_apps/native_apps/SoundWaves/app/src/main/java/org/bottiger/podcast/views/MultiShrink/playlist/PathInterpolatorCompat.java;file:/Users/rar9993/repos/research/fdroid_apps/native_apps/SoundWaves/app/src/main/java/org/bottiger/podcast/views/MultiShrink/playlist/PathInterpolatorCompat.java|class:org.bottiger.podcast.views.MultiShrink.playlist.PathInterpolatorCompat
MemberIgnoringMethod;aDoctor;/Users/rar9993/repos/research/fdroid_apps/native_apps/SoundWaves/NONE_TRANSFORMED_;/Users/rar9993/repos/research/fdroid_apps/native_apps/SoundWaves/app/src/main/java/org/bottiger/podcast/views/MultiShrink/playlist/ExpandingEntryCardView.java;file:/Users/rar9993/repos/research/fdroid_apps/native_apps/SoundWaves/app/src/main/java/org/bottiger/podcast/views/MultiShrink/playlist/ExpandingEntryCardView.java|class:org.bottiger.podcast.views.MultiShrink.playlist.ExpandingEntryCardView
MemberIgnoringMethod;aDoctor;/Users/rar9993/repos/research/fdroid_apps/native_apps/SoundWaves/NONE_TRANSFORMED_;/Users/rar9993/repos/research/fdroid_apps/native_apps/SoundWaves/app/src/main/java/org/bottiger/podcast/views/MultiShrink/MultiShrinkScroller/AbstractMultiShrinkScroller.java;file:/Users/rar9993/repos/research/fdroid_apps/native_apps/SoundWaves/app/src/main/java/org/bottiger/podcast/views/MultiShrink/MultiShrinkScroller/AbstractMultiShrinkScroller.java|class:org.bottiger.podcast.views.MultiShrink.MultiShrinkScroller.AbstractMultiShrinkScroller
LeakingThread;aDoctor;/Users/rar9993/repos/research/fdroid_apps/native_apps/SoundWaves/NONE_TRANSFORMED_;/Users/rar9993/repos/research/fdroid_apps/native_apps/SoundWaves/app/src/main/java/org/bottiger/podcast/views/MultiShrink/feed/SchedulingUtils.java;file:/Users/rar9993/repos/research/fdroid_apps/native_apps/SoundWaves/app/src/main/java/org/bottiger/podcast/views/MultiShrink/feed/SchedulingUtils.java|class:org.bottiger.podcast.views.MultiShrink.feed.SchedulingUtils
MemberIgnoringMethod;aDoctor;/Users/rar9993/repos/research/fdroid_apps/native_apps/SoundWaves/NONE_TRANSFORMED_;/Users/rar9993/repos/research/fdroid_apps/native_apps/SoundWaves/app/src/main/java/org/bottiger/podcast/views/MultiShrink/feed/FeedViewTopImage.java;file:/Users/rar9993/repos/research/fdroid_apps/native_apps/SoundWaves/app/src/main/java/org/bottiger/podcast/views/MultiShrink/feed/FeedViewTopImage.java|class:org.bottiger.podcast.views.MultiShrink.feed.FeedViewTopImage
MemberIgnoringMethod;aDoctor;/Users/rar9993/repos/research/fdroid_apps/native_apps/SoundWaves/NONE_TRANSFORMED_;/Users/rar9993/repos/research/fdroid_apps/native_apps/SoundWaves/app/src/main/java/org/bottiger/podcast/views/MultiShrink/feed/PathInterpolatorCompat.java;file:/Users/rar9993/repos/research/fdroid_apps/native_apps/SoundWaves/app/src/main/java/org/bottiger/podcast/views/MultiShrink/feed/PathInterpolatorCompat.java|class:org.bottiger.podcast.views.MultiShrink.feed.PathInterpolatorCompat
LeakingInnerClass;aDoctor;/Users/rar9993/repos/research/fdroid_apps/native_apps/SoundWaves/NONE_TRANSFORMED_;/Users/rar9993/repos/research/fdroid_apps/native_apps/SoundWaves/app/src/main/java/org/bottiger/podcast/views/MultiShrink/feed/MultiShrinkScroller.java;file:/Users/rar9993/repos/research/fdroid_apps/native_apps/SoundWaves/app/src/main/java/org/bottiger/podcast/views/MultiShrink/feed/MultiShrinkScroller.java|class:org.bottiger.podcast.views.MultiShrink.feed.MultiShrinkScroller
LeakingThread;aDoctor;/Users/rar9993/repos/research/fdroid_apps/native_apps/SoundWaves/NONE_TRANSFORMED_;/Users/rar9993/repos/research/fdroid_apps/native_apps/SoundWaves/app/src/main/java/org/bottiger/podcast/views/MultiShrink/feed/MultiShrinkScroller.java;file:/Users/rar9993/repos/research/fdroid_apps/native_apps/SoundWaves/app/src/main/java/org/bottiger/podcast/views/MultiShrink/feed/MultiShrinkScroller.java|class:org.bottiger.podcast.views.MultiShrink.feed.MultiShrinkScroller
MemberIgnoringMethod;aDoctor;/Users/rar9993/repos/research/fdroid_apps/native_apps/SoundWaves/NONE_TRANSFORMED_;/Users/rar9993/repos/research/fdroid_apps/native_apps/SoundWaves/app/src/main/java/org/bottiger/podcast/views/MultiShrink/feed/MultiShrinkScroller.java;file:/Users/rar9993/repos/research/fdroid_apps/native_apps/SoundWaves/app/src/main/java/org/bottiger/podcast/views/MultiShrink/feed/MultiShrinkScroller.java|class:org.bottiger.podcast.views.MultiShrink.feed.MultiShrinkScroller
MemberIgnoringMethod;aDoctor;/Users/rar9993/repos/research/fdroid_apps/native_apps/SoundWaves/NONE_TRANSFORMED_;/Users/rar9993/repos/research/fdroid_apps/native_apps/SoundWaves/app/src/main/java/org/bottiger/podcast/views/MultiShrink/feed/ExpandingEntryCardView.java;file:/Users/rar9993/repos/research/fdroid_apps/native_apps/SoundWaves/app/src/main/java/org/bottiger/podcast/views/MultiShrink/feed/ExpandingEntryCardView.java|class:org.bottiger.podcast.views.MultiShrink.feed.ExpandingEntryCardView
MemberIgnoringMethod;aDoctor;/Users/rar9993/repos/research/fdroid_apps/native_apps/SoundWaves/NONE_TRANSFORMED_;/Users/rar9993/repos/research/fdroid_apps/native_apps/SoundWaves/app/src/main/java/org/bottiger/podcast/views/dialogs/DialogPlaybackSpeed.java;file:/Users/rar9993/repos/research/fdroid_apps/native_apps/SoundWaves/app/src/main/java/org/bottiger/podcast/views/dialogs/DialogPlaybackSpeed.java|class:org.bottiger.podcast.views.dialogs.DialogPlaybackSpeed
NoLowMemoryResolver;aDoctor;/Users/rar9993/repos/research/fdroid_apps/native_apps/SoundWaves/NONE_TRANSFORMED_;/Users/rar9993/repos/research/fdroid_apps/native_apps/SoundWaves/app/src/main/java/org/bottiger/podcast/views/dialogs/DialogPlaybackSpeed.java;file:/Users/rar9993/repos/research/fdroid_apps/native_apps/SoundWaves/app/src/main/java/org/bottiger/podcast/views/dialogs/DialogPlaybackSpeed.java|class:org.bottiger.podcast.views.dialogs.DialogPlaybackSpeed
MemberIgnoringMethod;aDoctor;/Users/rar9993/repos/research/fdroid_apps/native_apps/SoundWaves/NONE_TRANSFORMED_;/Users/rar9993/repos/research/fdroid_apps/native_apps/SoundWaves/app/src/main/java/org/bottiger/podcast/views/dialogs/DialogChapters.java;file:/Users/rar9993/repos/research/fdroid_apps/native_apps/SoundWaves/app/src/main/java/org/bottiger/podcast/views/dialogs/DialogChapters.java|class:org.bottiger.podcast.views.dialogs.DialogChapters
NoLowMemoryResolver;aDoctor;/Users/rar9993/repos/research/fdroid_apps/native_apps/SoundWaves/NONE_TRANSFORMED_;/Users/rar9993/repos/research/fdroid_apps/native_apps/SoundWaves/app/src/main/java/org/bottiger/podcast/views/dialogs/DialogChapters.java;file:/Users/rar9993/repos/research/fdroid_apps/native_apps/SoundWaves/app/src/main/java/org/bottiger/podcast/views/dialogs/DialogChapters.java|class:org.bottiger.podcast.views.dialogs.DialogChapters
NoLowMemoryResolver;aDoctor;/Users/rar9993/repos/research/fdroid_apps/native_apps/SoundWaves/NONE_TRANSFORMED_;/Users/rar9993/repos/research/fdroid_apps/native_apps/SoundWaves/app/src/main/java/org/bottiger/podcast/views/dialogs/DialogOpenVideoExternally.java;file:/Users/rar9993/repos/research/fdroid_apps/native_apps/SoundWaves/app/src/main/java/org/bottiger/podcast/views/dialogs/DialogOpenVideoExternally.java|class:org.bottiger.podcast.views.dialogs.DialogOpenVideoExternally
MemberIgnoringMethod;aDoctor;/Users/rar9993/repos/research/fdroid_apps/native_apps/SoundWaves/NONE_TRANSFORMED_;/Users/rar9993/repos/research/fdroid_apps/native_apps/SoundWaves/app/src/main/java/org/bottiger/podcast/views/dialogs/DialogPlaylistContent.java;file:/Users/rar9993/repos/research/fdroid_apps/native_apps/SoundWaves/app/src/main/java/org/bottiger/podcast/views/dialogs/DialogPlaylistContent.java|class:org.bottiger.podcast.views.dialogs.DialogPlaylistContent
SlowForLoop;aDoctor;/Users/rar9993/repos/research/fdroid_apps/native_apps/SoundWaves/NONE_TRANSFORMED_;/Users/rar9993/repos/research/fdroid_apps/native_apps/SoundWaves/app/src/main/java/org/bottiger/podcast/views/dialogs/DialogPlaylistContent.java;file:/Users/rar9993/repos/research/fdroid_apps/native_apps/SoundWaves/app/src/main/java/org/bottiger/podcast/views/dialogs/DialogPlaylistContent.java|class:org.bottiger.podcast.views.dialogs.DialogPlaylistContent
LeakingInnerClass;aDoctor;/Users/rar9993/repos/research/fdroid_apps/native_apps/SoundWaves/NONE_TRANSFORMED_;/Users/rar9993/repos/research/fdroid_apps/native_apps/SoundWaves/app/src/main/java/org/bottiger/podcast/views/dialogs/DialogFeedAuthentication.java;file:/Users/rar9993/repos/research/fdroid_apps/native_apps/SoundWaves/app/src/main/java/org/bottiger/podcast/views/dialogs/DialogFeedAuthentication.java|class:org.bottiger.podcast.views.dialogs.DialogFeedAuthentication
LeakingThread;aDoctor;/Users/rar9993/repos/research/fdroid_apps/native_apps/SoundWaves/NONE_TRANSFORMED_;/Users/rar9993/repos/research/fdroid_apps/native_apps/SoundWaves/app/src/main/java/org/bottiger/podcast/views/dialogs/DialogFeedAuthentication.java;file:/Users/rar9993/repos/research/fdroid_apps/native_apps/SoundWaves/app/src/main/java/org/bottiger/podcast/views/dialogs/DialogFeedAuthentication.java|class:org.bottiger.podcast.views.dialogs.DialogFeedAuthentication
MemberIgnoringMethod;aDoctor;/Users/rar9993/repos/research/fdroid_apps/native_apps/SoundWaves/NONE_TRANSFORMED_;/Users/rar9993/repos/research/fdroid_apps/native_apps/SoundWaves/app/src/main/java/org/bottiger/podcast/views/dialogs/DialogFeedAuthentication.java;file:/Users/rar9993/repos/research/fdroid_apps/native_apps/SoundWaves/app/src/main/java/org/bottiger/podcast/views/dialogs/DialogFeedAuthentication.java|class:org.bottiger.podcast.views.dialogs.DialogFeedAuthentication
NoLowMemoryResolver;aDoctor;/Users/rar9993/repos/research/fdroid_apps/native_apps/SoundWaves/NONE_TRANSFORMED_;/Users/rar9993/repos/research/fdroid_apps/native_apps/SoundWaves/app/src/main/java/org/bottiger/podcast/views/dialogs/DialogFeedAuthentication.java;file:/Users/rar9993/repos/research/fdroid_apps/native_apps/SoundWaves/app/src/main/java/org/bottiger/podcast/views/dialogs/DialogFeedAuthentication.java|class:org.bottiger.podcast.views.dialogs.DialogFeedAuthentication
MemberIgnoringMethod;aDoctor;/Users/rar9993/repos/research/fdroid_apps/native_apps/SoundWaves/NONE_TRANSFORMED_;/Users/rar9993/repos/research/fdroid_apps/native_apps/SoundWaves/app/src/main/java/org/bottiger/podcast/views/dialogs/DialogBulkDownload.java;file:/Users/rar9993/repos/research/fdroid_apps/native_apps/SoundWaves/app/src/main/java/org/bottiger/podcast/views/dialogs/DialogBulkDownload.java|class:org.bottiger.podcast.views.dialogs.DialogBulkDownload
SlowForLoop;aDoctor;/Users/rar9993/repos/research/fdroid_apps/native_apps/SoundWaves/NONE_TRANSFORMED_;/Users/rar9993/repos/research/fdroid_apps/native_apps/SoundWaves/app/src/main/java/org/bottiger/podcast/views/dialogs/DialogBulkDownload.java;file:/Users/rar9993/repos/research/fdroid_apps/native_apps/SoundWaves/app/src/main/java/org/bottiger/podcast/views/dialogs/DialogBulkDownload.java|class:org.bottiger.podcast.views.dialogs.DialogBulkDownload
MemberIgnoringMethod;aDoctor;/Users/rar9993/repos/research/fdroid_apps/native_apps/SoundWaves/NONE_TRANSFORMED_;/Users/rar9993/repos/research/fdroid_apps/native_apps/SoundWaves/app/src/main/java/org/bottiger/podcast/views/dialogs/DialogOPML.java;file:/Users/rar9993/repos/research/fdroid_apps/native_apps/SoundWaves/app/src/main/java/org/bottiger/podcast/views/dialogs/DialogOPML.java|class:org.bottiger.podcast.views.dialogs.DialogOPML
MemberIgnoringMethod;aDoctor;/Users/rar9993/repos/research/fdroid_apps/native_apps/SoundWaves/NONE_TRANSFORMED_;/Users/rar9993/repos/research/fdroid_apps/native_apps/SoundWaves/app/src/main/java/org/bottiger/podcast/views/dialogs/DialogSearchDirectory.java;file:/Users/rar9993/repos/research/fdroid_apps/native_apps/SoundWaves/app/src/main/java/org/bottiger/podcast/views/dialogs/DialogSearchDirectory.java|class:org.bottiger.podcast.views.dialogs.DialogSearchDirectory
NoLowMemoryResolver;aDoctor;/Users/rar9993/repos/research/fdroid_apps/native_apps/SoundWaves/NONE_TRANSFORMED_;/Users/rar9993/repos/research/fdroid_apps/native_apps/SoundWaves/app/src/main/java/org/bottiger/podcast/views/dialogs/DialogSearchDirectory.java;file:/Users/rar9993/repos/research/fdroid_apps/native_apps/SoundWaves/app/src/main/java/org/bottiger/podcast/views/dialogs/DialogSearchDirectory.java|class:org.bottiger.podcast.views.dialogs.DialogSearchDirectory
MemberIgnoringMethod;aDoctor;/Users/rar9993/repos/research/fdroid_apps/native_apps/SoundWaves/NONE_TRANSFORMED_;/Users/rar9993/repos/research/fdroid_apps/native_apps/SoundWaves/app/src/main/java/org/bottiger/podcast/views/dialogs/DialogAddPodcast.java;file:/Users/rar9993/repos/research/fdroid_apps/native_apps/SoundWaves/app/src/main/java/org/bottiger/podcast/views/dialogs/DialogAddPodcast.java|class:org.bottiger.podcast.views.dialogs.DialogAddPodcast
MemberIgnoringMethod;aDoctor;/Users/rar9993/repos/research/fdroid_apps/native_apps/SoundWaves/NONE_TRANSFORMED_;/Users/rar9993/repos/research/fdroid_apps/native_apps/SoundWaves/app/src/main/java/org/bottiger/podcast/views/dialogs/DialogPlaylistFilters.java;file:/Users/rar9993/repos/research/fdroid_apps/native_apps/SoundWaves/app/src/main/java/org/bottiger/podcast/views/dialogs/DialogPlaylistFilters.java|class:org.bottiger.podcast.views.dialogs.DialogPlaylistFilters
NoLowMemoryResolver;aDoctor;/Users/rar9993/repos/research/fdroid_apps/native_apps/SoundWaves/NONE_TRANSFORMED_;/Users/rar9993/repos/research/fdroid_apps/native_apps/SoundWaves/app/src/main/java/org/bottiger/podcast/views/dialogs/DialogPlaylistFilters.java;file:/Users/rar9993/repos/research/fdroid_apps/native_apps/SoundWaves/app/src/main/java/org/bottiger/podcast/views/dialogs/DialogPlaylistFilters.java|class:org.bottiger.podcast.views.dialogs.DialogPlaylistFilters
SlowForLoop;aDoctor;/Users/rar9993/repos/research/fdroid_apps/native_apps/SoundWaves/NONE_TRANSFORMED_;/Users/rar9993/repos/research/fdroid_apps/native_apps/SoundWaves/app/src/main/java/org/bottiger/podcast/views/dialogs/DialogPlaylistFilters.java;file:/Users/rar9993/repos/research/fdroid_apps/native_apps/SoundWaves/app/src/main/java/org/bottiger/podcast/views/dialogs/DialogPlaylistFilters.java|class:org.bottiger.podcast.views.dialogs.DialogPlaylistFilters
SlowForLoop;aDoctor;/Users/rar9993/repos/research/fdroid_apps/native_apps/SoundWaves/NONE_TRANSFORMED_;/Users/rar9993/repos/research/fdroid_apps/native_apps/SoundWaves/app/src/main/java/org/bottiger/podcast/listeners/DownloadProgressPublisher.java;file:/Users/rar9993/repos/research/fdroid_apps/native_apps/SoundWaves/app/src/main/java/org/bottiger/podcast/listeners/DownloadProgressPublisher.java|class:org.bottiger.podcast.listeners.DownloadProgressPublisher
MemberIgnoringMethod;aDoctor;/Users/rar9993/repos/research/fdroid_apps/native_apps/SoundWaves/NONE_TRANSFORMED_;/Users/rar9993/repos/research/fdroid_apps/native_apps/SoundWaves/app/src/main/java/org/bottiger/podcast/listeners/PaletteListener.java;file:/Users/rar9993/repos/research/fdroid_apps/native_apps/SoundWaves/app/src/main/java/org/bottiger/podcast/listeners/PaletteListener.java|class:org.bottiger.podcast.listeners.PaletteListener
DataTransmissionWithoutCompression;aDoctor;/Users/rar9993/repos/research/fdroid_apps/native_apps/SoundWaves/NONE_TRANSFORMED_;/Users/rar9993/repos/research/fdroid_apps/native_apps/SoundWaves/app/src/main/java/org/bottiger/podcast/listeners/DownloadFileObserver.java;file:/Users/rar9993/repos/research/fdroid_apps/native_apps/SoundWaves/app/src/main/java/org/bottiger/podcast/listeners/DownloadFileObserver.java|class:org.bottiger.podcast.listeners.DownloadFileObserver
MemberIgnoringMethod;aDoctor;/Users/rar9993/repos/research/fdroid_apps/native_apps/SoundWaves/NONE_TRANSFORMED_;/Users/rar9993/repos/research/fdroid_apps/native_apps/SoundWaves/app/src/main/java/org/bottiger/podcast/widgets/SoundWavesWidgetProviderBase.java;file:/Users/rar9993/repos/research/fdroid_apps/native_apps/SoundWaves/app/src/main/java/org/bottiger/podcast/widgets/SoundWavesWidgetProviderBase.java|class:org.bottiger.podcast.widgets.SoundWavesWidgetProviderBase
SlowForLoop;aDoctor;/Users/rar9993/repos/research/fdroid_apps/native_apps/SoundWaves/NONE_TRANSFORMED_;/Users/rar9993/repos/research/fdroid_apps/native_apps/SoundWaves/app/src/main/java/org/bottiger/podcast/widgets/SoundWavesWidgetProviderDark.java;file:/Users/rar9993/repos/research/fdroid_apps/native_apps/SoundWaves/app/src/main/java/org/bottiger/podcast/widgets/SoundWavesWidgetProviderDark.java|class:org.bottiger.podcast.widgets.SoundWavesWidgetProviderDark
MemberIgnoringMethod;aDoctor;/Users/rar9993/repos/research/fdroid_apps/native_apps/SoundWaves/NONE_TRANSFORMED_;/Users/rar9993/repos/research/fdroid_apps/native_apps/SoundWaves/app/src/main/java/org/bottiger/podcast/widgets/SoundWavesWidgetConfigure.java;file:/Users/rar9993/repos/research/fdroid_apps/native_apps/SoundWaves/app/src/main/java/org/bottiger/podcast/widgets/SoundWavesWidgetConfigure.java|class:org.bottiger.podcast.widgets.SoundWavesWidgetConfigure
NoLowMemoryResolver;aDoctor;/Users/rar9993/repos/research/fdroid_apps/native_apps/SoundWaves/NONE_TRANSFORMED_;/Users/rar9993/repos/research/fdroid_apps/native_apps/SoundWaves/app/src/main/java/org/bottiger/podcast/widgets/SoundWavesWidgetConfigure.java;file:/Users/rar9993/repos/research/fdroid_apps/native_apps/SoundWaves/app/src/main/java/org/bottiger/podcast/widgets/SoundWavesWidgetConfigure.java|class:org.bottiger.podcast.widgets.SoundWavesWidgetConfigure
SlowForLoop;aDoctor;/Users/rar9993/repos/research/fdroid_apps/native_apps/SoundWaves/NONE_TRANSFORMED_;/Users/rar9993/repos/research/fdroid_apps/native_apps/SoundWaves/app/src/main/java/org/bottiger/podcast/widgets/SoundWavesWidgetProvider.java;file:/Users/rar9993/repos/research/fdroid_apps/native_apps/SoundWaves/app/src/main/java/org/bottiger/podcast/widgets/SoundWavesWidgetProvider.java|class:org.bottiger.podcast.widgets.SoundWavesWidgetProvider
DataTransmissionWithoutCompression;aDoctor;/Users/rar9993/repos/research/fdroid_apps/native_apps/SoundWaves/NONE_TRANSFORMED_;/Users/rar9993/repos/research/fdroid_apps/native_apps/SoundWaves/app/src/main/java/org/bottiger/podcast/debug/SqliteCopy.java;file:/Users/rar9993/repos/research/fdroid_apps/native_apps/SoundWaves/app/src/main/java/org/bottiger/podcast/debug/SqliteCopy.java|class:org.bottiger.podcast.debug.SqliteCopy
MemberIgnoringMethod;aDoctor;/Users/rar9993/repos/research/fdroid_apps/native_apps/SoundWaves/NONE_TRANSFORMED_;/Users/rar9993/repos/research/fdroid_apps/native_apps/SoundWaves/app/src/main/java/org/bottiger/podcast/player/PlayerStateManager.java;file:/Users/rar9993/repos/research/fdroid_apps/native_apps/SoundWaves/app/src/main/java/org/bottiger/podcast/player/PlayerStateManager.java|class:org.bottiger.podcast.player.PlayerStateManager
LeakingInnerClass;aDoctor;/Users/rar9993/repos/research/fdroid_apps/native_apps/SoundWaves/NONE_TRANSFORMED_;/Users/rar9993/repos/research/fdroid_apps/native_apps/SoundWaves/app/src/main/java/org/bottiger/podcast/player/GenericMediaPlayerInterface.java;file:/Users/rar9993/repos/research/fdroid_apps/native_apps/SoundWaves/app/src/main/java/org/bottiger/podcast/player/GenericMediaPlayerInterface.java|class:org.bottiger.podcast.player.GenericMediaPlayerInterface
DataTransmissionWithoutCompression;aDoctor;/Users/rar9993/repos/research/fdroid_apps/native_apps/SoundWaves/NONE_TRANSFORMED_;/Users/rar9993/repos/research/fdroid_apps/native_apps/SoundWaves/app/src/main/java/org/bottiger/podcast/player/SoundWavesPlayerBase.java;file:/Users/rar9993/repos/research/fdroid_apps/native_apps/SoundWaves/app/src/main/java/org/bottiger/podcast/player/SoundWavesPlayerBase.java|class:org.bottiger.podcast.player.SoundWavesPlayerBase
MemberIgnoringMethod;aDoctor;/Users/rar9993/repos/research/fdroid_apps/native_apps/SoundWaves/NONE_TRANSFORMED_;/Users/rar9993/repos/research/fdroid_apps/native_apps/SoundWaves/app/src/main/java/org/bottiger/podcast/player/SoundWavesPlayerBase.java;file:/Users/rar9993/repos/research/fdroid_apps/native_apps/SoundWaves/app/src/main/java/org/bottiger/podcast/player/SoundWavesPlayerBase.java|class:org.bottiger.podcast.player.SoundWavesPlayerBase
DataTransmissionWithoutCompression;aDoctor;/Users/rar9993/repos/research/fdroid_apps/native_apps/SoundWaves/NONE_TRANSFORMED_;/Users/rar9993/repos/research/fdroid_apps/native_apps/SoundWaves/app/src/main/java/org/bottiger/podcast/player/SoundWavesPlayer.java;file:/Users/rar9993/repos/research/fdroid_apps/native_apps/SoundWaves/app/src/main/java/org/bottiger/podcast/player/SoundWavesPlayer.java|class:org.bottiger.podcast.player.SoundWavesPlayer
MemberIgnoringMethod;aDoctor;/Users/rar9993/repos/research/fdroid_apps/native_apps/SoundWaves/NONE_TRANSFORMED_;/Users/rar9993/repos/research/fdroid_apps/native_apps/SoundWaves/app/src/main/java/org/bottiger/podcast/player/SoundWavesPlayer.java;file:/Users/rar9993/repos/research/fdroid_apps/native_apps/SoundWaves/app/src/main/java/org/bottiger/podcast/player/SoundWavesPlayer.java|class:org.bottiger.podcast.player.SoundWavesPlayer
MemberIgnoringMethod;aDoctor;/Users/rar9993/repos/research/fdroid_apps/native_apps/SoundWaves/NONE_TRANSFORMED_;/Users/rar9993/repos/research/fdroid_apps/native_apps/SoundWaves/app/src/main/java/org/bottiger/podcast/player/exoplayer/ExoPlayerMediaSourceHelper.java;file:/Users/rar9993/repos/research/fdroid_apps/native_apps/SoundWaves/app/src/main/java/org/bottiger/podcast/player/exoplayer/ExoPlayerMediaSourceHelper.java|class:org.bottiger.podcast.player.exoplayer.ExoPlayerMediaSourceHelper
MemberIgnoringMethod;aDoctor;/Users/rar9993/repos/research/fdroid_apps/native_apps/SoundWaves/NONE_TRANSFORMED_;/Users/rar9993/repos/research/fdroid_apps/native_apps/SoundWaves/app/src/main/java/org/bottiger/podcast/player/exoplayer/PodcastAudioRenderer.java;file:/Users/rar9993/repos/research/fdroid_apps/native_apps/SoundWaves/app/src/main/java/org/bottiger/podcast/player/exoplayer/PodcastAudioRenderer.java|class:org.bottiger.podcast.player.exoplayer.PodcastAudioRenderer
MemberIgnoringMethod;aDoctor;/Users/rar9993/repos/research/fdroid_apps/native_apps/SoundWaves/NONE_TRANSFORMED_;/Users/rar9993/repos/research/fdroid_apps/native_apps/SoundWaves/app/src/main/java/org/bottiger/podcast/player/exoplayer/PodcastMediaCodecAudioRenderer.java;file:/Users/rar9993/repos/research/fdroid_apps/native_apps/SoundWaves/app/src/main/java/org/bottiger/podcast/player/exoplayer/PodcastMediaCodecAudioRenderer.java|class:org.bottiger.podcast.player.exoplayer.PodcastMediaCodecAudioRenderer
MemberIgnoringMethod;aDoctor;/Users/rar9993/repos/research/fdroid_apps/native_apps/SoundWaves/NONE_TRANSFORMED_;/Users/rar9993/repos/research/fdroid_apps/native_apps/SoundWaves/app/src/main/java/org/bottiger/podcast/player/exoplayer/EventLogger.java;file:/Users/rar9993/repos/research/fdroid_apps/native_apps/SoundWaves/app/src/main/java/org/bottiger/podcast/player/exoplayer/EventLogger.java|class:org.bottiger.podcast.player.exoplayer.EventLogger
SlowForLoop;aDoctor;/Users/rar9993/repos/research/fdroid_apps/native_apps/SoundWaves/NONE_TRANSFORMED_;/Users/rar9993/repos/research/fdroid_apps/native_apps/SoundWaves/app/src/main/java/org/bottiger/podcast/player/exoplayer/EventLogger.java;file:/Users/rar9993/repos/research/fdroid_apps/native_apps/SoundWaves/app/src/main/java/org/bottiger/podcast/player/exoplayer/EventLogger.java|class:org.bottiger.podcast.player.exoplayer.EventLogger
SlowForLoop;aDoctor;/Users/rar9993/repos/research/fdroid_apps/native_apps/SoundWaves/NONE_TRANSFORMED_;/Users/rar9993/repos/research/fdroid_apps/native_apps/SoundWaves/app/src/main/java/org/bottiger/podcast/player/exoplayer/SilenceRemover.java;file:/Users/rar9993/repos/research/fdroid_apps/native_apps/SoundWaves/app/src/main/java/org/bottiger/podcast/player/exoplayer/SilenceRemover.java|class:org.bottiger.podcast.player.exoplayer.SilenceRemover
LeakingInnerClass;aDoctor;/Users/rar9993/repos/research/fdroid_apps/native_apps/SoundWaves/NONE_TRANSFORMED_;/Users/rar9993/repos/research/fdroid_apps/native_apps/SoundWaves/app/src/main/java/org/bottiger/podcast/player/exoplayer/NewExoPlayer.java;file:/Users/rar9993/repos/research/fdroid_apps/native_apps/SoundWaves/app/src/main/java/org/bottiger/podcast/player/exoplayer/NewExoPlayer.java|class:org.bottiger.podcast.player.exoplayer.NewExoPlayer
MemberIgnoringMethod;aDoctor;/Users/rar9993/repos/research/fdroid_apps/native_apps/SoundWaves/NONE_TRANSFORMED_;/Users/rar9993/repos/research/fdroid_apps/native_apps/SoundWaves/app/src/main/java/org/bottiger/podcast/player/exoplayer/NewExoPlayer.java;file:/Users/rar9993/repos/research/fdroid_apps/native_apps/SoundWaves/app/src/main/java/org/bottiger/podcast/player/exoplayer/NewExoPlayer.java|class:org.bottiger.podcast.player.exoplayer.NewExoPlayer
MemberIgnoringMethod;aDoctor;/Users/rar9993/repos/research/fdroid_apps/native_apps/SoundWaves/NONE_TRANSFORMED_;/Users/rar9993/repos/research/fdroid_apps/native_apps/SoundWaves/app/src/main/java/org/bottiger/podcast/player/exoplayer/PodcastAudioRendererV21.java;file:/Users/rar9993/repos/research/fdroid_apps/native_apps/SoundWaves/app/src/main/java/org/bottiger/podcast/player/exoplayer/PodcastAudioRendererV21.java|class:org.bottiger.podcast.player.exoplayer.PodcastAudioRendererV21
InternalGetterSetter;aDoctor;/Users/rar9993/repos/research/fdroid_apps/native_apps/SoundWaves/NONE_TRANSFORMED_;/Users/rar9993/repos/research/fdroid_apps/native_apps/SoundWaves/app/src/main/java/org/bottiger/podcast/player/exoplayer/Sonic.java;file:/Users/rar9993/repos/research/fdroid_apps/native_apps/SoundWaves/app/src/main/java/org/bottiger/podcast/player/exoplayer/Sonic.java|class:org.bottiger.podcast.player.exoplayer.Sonic
MemberIgnoringMethod;aDoctor;/Users/rar9993/repos/research/fdroid_apps/native_apps/SoundWaves/NONE_TRANSFORMED_;/Users/rar9993/repos/research/fdroid_apps/native_apps/SoundWaves/app/src/main/java/org/bottiger/podcast/player/exoplayer/Sonic.java;file:/Users/rar9993/repos/research/fdroid_apps/native_apps/SoundWaves/app/src/main/java/org/bottiger/podcast/player/exoplayer/Sonic.java|class:org.bottiger.podcast.player.exoplayer.Sonic
SlowForLoop;aDoctor;/Users/rar9993/repos/research/fdroid_apps/native_apps/SoundWaves/NONE_TRANSFORMED_;/Users/rar9993/repos/research/fdroid_apps/native_apps/SoundWaves/app/src/main/java/org/bottiger/podcast/player/exoplayer/Sonic.java;file:/Users/rar9993/repos/research/fdroid_apps/native_apps/SoundWaves/app/src/main/java/org/bottiger/podcast/player/exoplayer/Sonic.java|class:org.bottiger.podcast.player.exoplayer.Sonic
LeakingInnerClass;aDoctor;/Users/rar9993/repos/research/fdroid_apps/native_apps/SoundWaves/NONE_TRANSFORMED_;/Users/rar9993/repos/research/fdroid_apps/native_apps/SoundWaves/app/src/main/java/org/bottiger/podcast/player/exoplayer/ExoPlayerWrapper.java;file:/Users/rar9993/repos/research/fdroid_apps/native_apps/SoundWaves/app/src/main/java/org/bottiger/podcast/player/exoplayer/ExoPlayerWrapper.java|class:org.bottiger.podcast.player.exoplayer.ExoPlayerWrapper
MemberIgnoringMethod;aDoctor;/Users/rar9993/repos/research/fdroid_apps/native_apps/SoundWaves/NONE_TRANSFORMED_;/Users/rar9993/repos/research/fdroid_apps/native_apps/SoundWaves/app/src/main/java/org/bottiger/podcast/player/exoplayer/ExoPlayerWrapper.java;file:/Users/rar9993/repos/research/fdroid_apps/native_apps/SoundWaves/app/src/main/java/org/bottiger/podcast/player/exoplayer/ExoPlayerWrapper.java|class:org.bottiger.podcast.player.exoplayer.ExoPlayerWrapper
MemberIgnoringMethod;aDoctor;/Users/rar9993/repos/research/fdroid_apps/native_apps/SoundWaves/NONE_TRANSFORMED_;/Users/rar9993/repos/research/fdroid_apps/native_apps/SoundWaves/app/src/main/java/org/bottiger/podcast/player/sonic/AndroidAudioDevice.java;file:/Users/rar9993/repos/research/fdroid_apps/native_apps/SoundWaves/app/src/main/java/org/bottiger/podcast/player/sonic/AndroidAudioDevice.java|class:org.bottiger.podcast.player.sonic.AndroidAudioDevice
MemberIgnoringMethod;aDoctor;/Users/rar9993/repos/research/fdroid_apps/native_apps/SoundWaves/NONE_TRANSFORMED_;/Users/rar9993/repos/research/fdroid_apps/native_apps/SoundWaves/app/src/main/java/org/bottiger/podcast/player/sonic/Track.java;file:/Users/rar9993/repos/research/fdroid_apps/native_apps/SoundWaves/app/src/main/java/org/bottiger/podcast/player/sonic/Track.java|class:org.bottiger.podcast.player.sonic.Track
UnclosedCloseable;aDoctor;/Users/rar9993/repos/research/fdroid_apps/native_apps/SoundWaves/NONE_TRANSFORMED_;/Users/rar9993/repos/research/fdroid_apps/native_apps/SoundWaves/app/src/main/java/org/bottiger/podcast/player/sonic/Track.java;file:/Users/rar9993/repos/research/fdroid_apps/native_apps/SoundWaves/app/src/main/java/org/bottiger/podcast/player/sonic/Track.java|class:org.bottiger.podcast.player.sonic.Track
LeakingInnerClass;aDoctor;/Users/rar9993/repos/research/fdroid_apps/native_apps/SoundWaves/NONE_TRANSFORMED_;/Users/rar9993/repos/research/fdroid_apps/native_apps/SoundWaves/app/src/main/java/org/bottiger/podcast/player/sonic/SoundService.java;file:/Users/rar9993/repos/research/fdroid_apps/native_apps/SoundWaves/app/src/main/java/org/bottiger/podcast/player/sonic/SoundService.java|class:org.bottiger.podcast.player.sonic.SoundService
MemberIgnoringMethod;aDoctor;/Users/rar9993/repos/research/fdroid_apps/native_apps/SoundWaves/NONE_TRANSFORMED_;/Users/rar9993/repos/research/fdroid_apps/native_apps/SoundWaves/app/src/main/java/org/bottiger/podcast/player/sonic/SoundService.java;file:/Users/rar9993/repos/research/fdroid_apps/native_apps/SoundWaves/app/src/main/java/org/bottiger/podcast/player/sonic/SoundService.java|class:org.bottiger.podcast.player.sonic.SoundService
NoLowMemoryResolver;aDoctor;/Users/rar9993/repos/research/fdroid_apps/native_apps/SoundWaves/NONE_TRANSFORMED_;/Users/rar9993/repos/research/fdroid_apps/native_apps/SoundWaves/app/src/main/java/org/bottiger/podcast/player/sonic/SoundService.java;file:/Users/rar9993/repos/research/fdroid_apps/native_apps/SoundWaves/app/src/main/java/org/bottiger/podcast/player/sonic/SoundService.java|class:org.bottiger.podcast.player.sonic.SoundService
SlowForLoop;aDoctor;/Users/rar9993/repos/research/fdroid_apps/native_apps/SoundWaves/NONE_TRANSFORMED_;/Users/rar9993/repos/research/fdroid_apps/native_apps/SoundWaves/app/src/main/java/org/bottiger/podcast/player/sonic/SoundService.java;file:/Users/rar9993/repos/research/fdroid_apps/native_apps/SoundWaves/app/src/main/java/org/bottiger/podcast/player/sonic/SoundService.java|class:org.bottiger.podcast.player.sonic.SoundService
MemberIgnoringMethod;aDoctor;/Users/rar9993/repos/research/fdroid_apps/native_apps/SoundWaves/NONE_TRANSFORMED_;/Users/rar9993/repos/research/fdroid_apps/native_apps/SoundWaves/app/src/main/java/org/bottiger/podcast/player/sonic/Sonic.java;file:/Users/rar9993/repos/research/fdroid_apps/native_apps/SoundWaves/app/src/main/java/org/bottiger/podcast/player/sonic/Sonic.java|class:org.bottiger.podcast.player.sonic.Sonic
MemberIgnoringMethod;aDoctor;/Users/rar9993/repos/research/fdroid_apps/native_apps/SoundWaves/NONE_TRANSFORMED_;/Users/rar9993/repos/research/fdroid_apps/native_apps/SoundWaves/app/src/main/java/io/codetail/widget/RevealFrameLayout.java;file:/Users/rar9993/repos/research/fdroid_apps/native_apps/SoundWaves/app/src/main/java/io/codetail/widget/RevealFrameLayout.java|class:io.codetail.widget.RevealFrameLayout
MemberIgnoringMethod;aDoctor;/Users/rar9993/repos/research/fdroid_apps/native_apps/SoundWaves/NONE_TRANSFORMED_;/Users/rar9993/repos/research/fdroid_apps/native_apps/SoundWaves/app/src/main/java/io/codetail/widget/RevealLinearLayout.java;file:/Users/rar9993/repos/research/fdroid_apps/native_apps/SoundWaves/app/src/main/java/io/codetail/widget/RevealLinearLayout.java|class:io.codetail.widget.RevealLinearLayout
MemberIgnoringMethod;aDoctor;/Users/rar9993/repos/research/fdroid_apps/native_apps/SoundWaves/NONE_TRANSFORMED_;/Users/rar9993/repos/research/fdroid_apps/native_apps/SoundWaves/app/src/main/java/io/codetail/animation/SupportAnimatorLollipop.java;file:/Users/rar9993/repos/research/fdroid_apps/native_apps/SoundWaves/app/src/main/java/io/codetail/animation/SupportAnimatorLollipop.java|class:io.codetail.animation.SupportAnimatorLollipop
MemberIgnoringMethod;aDoctor;/Users/rar9993/repos/research/fdroid_apps/native_apps/SoundWaves/NONE_TRANSFORMED_;/Users/rar9993/repos/research/fdroid_apps/native_apps/SoundWaves/app/src/main/java/io/codetail/animation/SupportAnimatorPreL.java;file:/Users/rar9993/repos/research/fdroid_apps/native_apps/SoundWaves/app/src/main/java/io/codetail/animation/SupportAnimatorPreL.java|class:io.codetail.animation.SupportAnimatorPreL
LeakingInnerClass;aDoctor;/Users/rar9993/repos/research/fdroid_apps/native_apps/SoundWaves/NONE_TRANSFORMED_;/Users/rar9993/repos/research/fdroid_apps/native_apps/SoundWaves/app/src/main/java/io/codetail/animation/RevealAnimator.java;file:/Users/rar9993/repos/research/fdroid_apps/native_apps/SoundWaves/app/src/main/java/io/codetail/animation/RevealAnimator.java|class:io.codetail.animation.RevealAnimator
MemberIgnoringMethod;aDoctor;/Users/rar9993/repos/research/fdroid_apps/native_apps/SoundWaves/NONE_TRANSFORMED_;/Users/rar9993/repos/research/fdroid_apps/native_apps/SoundWaves/app/src/main/java/io/codetail/animation/RevealAnimator.java;file:/Users/rar9993/repos/research/fdroid_apps/native_apps/SoundWaves/app/src/main/java/io/codetail/animation/RevealAnimator.java|class:io.codetail.animation.RevealAnimator
LeakingInnerClass;aDoctor;/Users/rar9993/repos/research/fdroid_apps/native_apps/SoundWaves/NONE_TRANSFORMED_;/Users/rar9993/repos/research/fdroid_apps/native_apps/SoundWaves/app/src/main/java/io/codetail/animation/SupportAnimator.java;file:/Users/rar9993/repos/research/fdroid_apps/native_apps/SoundWaves/app/src/main/java/io/codetail/animation/SupportAnimator.java|class:io.codetail.animation.SupportAnimator
MemberIgnoringMethod;aDoctor;/Users/rar9993/repos/research/fdroid_apps/native_apps/SoundWaves/NONE_TRANSFORMED_;/Users/rar9993/repos/research/fdroid_apps/native_apps/SoundWaves/app/src/main/java/io/codetail/animation/SupportAnimator.java;file:/Users/rar9993/repos/research/fdroid_apps/native_apps/SoundWaves/app/src/main/java/io/codetail/animation/SupportAnimator.java|class:io.codetail.animation.SupportAnimator
LeakingInnerClass;aDoctor;/Users/rar9993/repos/research/fdroid_apps/native_apps/SoundWaves/NONE_TRANSFORMED_;/Users/rar9993/repos/research/fdroid_apps/native_apps/SoundWaves/app/src/main/java/com/github/ivbaranov/mfb/MaterialFavoriteButton.java;file:/Users/rar9993/repos/research/fdroid_apps/native_apps/SoundWaves/app/src/main/java/com/github/ivbaranov/mfb/MaterialFavoriteButton.java|class:com.github.ivbaranov.mfb.MaterialFavoriteButton
MemberIgnoringMethod;aDoctor;/Users/rar9993/repos/research/fdroid_apps/native_apps/SoundWaves/NONE_TRANSFORMED_;/Users/rar9993/repos/research/fdroid_apps/native_apps/SoundWaves/app/src/main/java/com/github/ivbaranov/mfb/MaterialFavoriteButton.java;file:/Users/rar9993/repos/research/fdroid_apps/native_apps/SoundWaves/app/src/main/java/com/github/ivbaranov/mfb/MaterialFavoriteButton.java|class:com.github.ivbaranov.mfb.MaterialFavoriteButton
InefficientEmptyStringCheck;PMD;/Users/rar9993/repos/research/fdroid_apps/native_apps/SoundWaves/NONE_TRANSFORMED_;/Users/rar9993/repos/research/fdroid_apps/native_apps/SoundWaves/WebPlayer/src/main/java/org/bottiger/podcast/web/MessageSender.java;file:/Users/rar9993/repos/research/fdroid_apps/native_apps/SoundWaves/WebPlayer/src/main/java/org/bottiger/podcast/web/MessageSender.java|line:74
InefficientEmptyStringCheck;PMD;/Users/rar9993/repos/research/fdroid_apps/native_apps/SoundWaves/NONE_TRANSFORMED_;/Users/rar9993/repos/research/fdroid_apps/native_apps/SoundWaves/WebPlayer/src/main/java/org/bottiger/podcast/web/MessagingEndpoint.java;file:/Users/rar9993/repos/research/fdroid_apps/native_apps/SoundWaves/WebPlayer/src/main/java/org/bottiger/podcast/web/MessagingEndpoint.java|line:57
AddEmptyString;PMD;/Users/rar9993/repos/research/fdroid_apps/native_apps/SoundWaves/NONE_TRANSFORMED_;/Users/rar9993/repos/research/fdroid_apps/native_apps/SoundWaves/app/src/amazon/java/org/bottiger/podcast/flavors/player/googlecast/GoogleCastPlayer.java;file:/Users/rar9993/repos/research/fdroid_apps/native_apps/SoundWaves/app/src/amazon/java/org/bottiger/podcast/flavors/player/googlecast/GoogleCastPlayer.java|line:258
AddEmptyString;PMD;/Users/rar9993/repos/research/fdroid_apps/native_apps/SoundWaves/NONE_TRANSFORMED_;/Users/rar9993/repos/research/fdroid_apps/native_apps/SoundWaves/app/src/google/java/org/bottiger/podcast/flavors/player/googlecast/GoogleCastPlayer.java;file:/Users/rar9993/repos/research/fdroid_apps/native_apps/SoundWaves/app/src/google/java/org/bottiger/podcast/flavors/player/googlecast/GoogleCastPlayer.java|line:269
TooFewBranchesForSwitch;PMD;/Users/rar9993/repos/research/fdroid_apps/native_apps/SoundWaves/NONE_TRANSFORMED_;/Users/rar9993/repos/research/fdroid_apps/native_apps/SoundWaves/app/src/main/java/org/bottiger/podcast/AbstractEpisodeFragment.java;file:/Users/rar9993/repos/research/fdroid_apps/native_apps/SoundWaves/app/src/main/java/org/bottiger/podcast/AbstractEpisodeFragment.java|line:46
RedundantFieldInitializer;PMD;/Users/rar9993/repos/research/fdroid_apps/native_apps/SoundWaves/NONE_TRANSFORMED_;/Users/rar9993/repos/research/fdroid_apps/native_apps/SoundWaves/app/src/main/java/org/bottiger/podcast/Animations/DepthPageTransformer.java;file:/Users/rar9993/repos/research/fdroid_apps/native_apps/SoundWaves/app/src/main/java/org/bottiger/podcast/Animations/DepthPageTransformer.java|line:21
RedundantFieldInitializer;PMD;/Users/rar9993/repos/research/fdroid_apps/native_apps/SoundWaves/NONE_TRANSFORMED_;/Users/rar9993/repos/research/fdroid_apps/native_apps/SoundWaves/app/src/main/java/org/bottiger/podcast/Animations/DepthPageTransformer.java;file:/Users/rar9993/repos/research/fdroid_apps/native_apps/SoundWaves/app/src/main/java/org/bottiger/podcast/Animations/DepthPageTransformer.java|line:22
RedundantFieldInitializer;PMD;/Users/rar9993/repos/research/fdroid_apps/native_apps/SoundWaves/NONE_TRANSFORMED_;/Users/rar9993/repos/research/fdroid_apps/native_apps/SoundWaves/app/src/main/java/org/bottiger/podcast/DiscoveryFragment.java;file:/Users/rar9993/repos/research/fdroid_apps/native_apps/SoundWaves/app/src/main/java/org/bottiger/podcast/DiscoveryFragment.java|line:110
RedundantFieldInitializer;PMD;/Users/rar9993/repos/research/fdroid_apps/native_apps/SoundWaves/NONE_TRANSFORMED_;/Users/rar9993/repos/research/fdroid_apps/native_apps/SoundWaves/app/src/main/java/org/bottiger/podcast/DiscoveryFragment.java;file:/Users/rar9993/repos/research/fdroid_apps/native_apps/SoundWaves/app/src/main/java/org/bottiger/podcast/DiscoveryFragment.java|line:112
TooFewBranchesForSwitch;PMD;/Users/rar9993/repos/research/fdroid_apps/native_apps/SoundWaves/NONE_TRANSFORMED_;/Users/rar9993/repos/research/fdroid_apps/native_apps/SoundWaves/app/src/main/java/org/bottiger/podcast/DiscoveryFragment.java;file:/Users/rar9993/repos/research/fdroid_apps/native_apps/SoundWaves/app/src/main/java/org/bottiger/podcast/DiscoveryFragment.java|line:216
TooFewBranchesForSwitch;PMD;/Users/rar9993/repos/research/fdroid_apps/native_apps/SoundWaves/NONE_TRANSFORMED_;/Users/rar9993/repos/research/fdroid_apps/native_apps/SoundWaves/app/src/main/java/org/bottiger/podcast/DiscoveryFragment.java;file:/Users/rar9993/repos/research/fdroid_apps/native_apps/SoundWaves/app/src/main/java/org/bottiger/podcast/DiscoveryFragment.java|line:354
TooFewBranchesForSwitch;PMD;/Users/rar9993/repos/research/fdroid_apps/native_apps/SoundWaves/NONE_TRANSFORMED_;/Users/rar9993/repos/research/fdroid_apps/native_apps/SoundWaves/app/src/main/java/org/bottiger/podcast/DiscoveryFragment.java;file:/Users/rar9993/repos/research/fdroid_apps/native_apps/SoundWaves/app/src/main/java/org/bottiger/podcast/DiscoveryFragment.java|line:413
TooFewBranchesForSwitch;PMD;/Users/rar9993/repos/research/fdroid_apps/native_apps/SoundWaves/NONE_TRANSFORMED_;/Users/rar9993/repos/research/fdroid_apps/native_apps/SoundWaves/app/src/main/java/org/bottiger/podcast/DiscoveryFragment.java;file:/Users/rar9993/repos/research/fdroid_apps/native_apps/SoundWaves/app/src/main/java/org/bottiger/podcast/DiscoveryFragment.java|line:511
TooFewBranchesForSwitch;PMD;/Users/rar9993/repos/research/fdroid_apps/native_apps/SoundWaves/NONE_TRANSFORMED_;/Users/rar9993/repos/research/fdroid_apps/native_apps/SoundWaves/app/src/main/java/org/bottiger/podcast/PlaylistFragment.java;file:/Users/rar9993/repos/research/fdroid_apps/native_apps/SoundWaves/app/src/main/java/org/bottiger/podcast/PlaylistFragment.java|line:301
RedundantFieldInitializer;PMD;/Users/rar9993/repos/research/fdroid_apps/native_apps/SoundWaves/NONE_TRANSFORMED_;/Users/rar9993/repos/research/fdroid_apps/native_apps/SoundWaves/app/src/main/java/org/bottiger/podcast/PodcastBaseFragment.java;file:/Users/rar9993/repos/research/fdroid_apps/native_apps/SoundWaves/app/src/main/java/org/bottiger/podcast/PodcastBaseFragment.java|line:18
RedundantFieldInitializer;PMD;/Users/rar9993/repos/research/fdroid_apps/native_apps/SoundWaves/NONE_TRANSFORMED_;/Users/rar9993/repos/research/fdroid_apps/native_apps/SoundWaves/app/src/main/java/org/bottiger/podcast/SoundWaves.java;file:/Users/rar9993/repos/research/fdroid_apps/native_apps/SoundWaves/app/src/main/java/org/bottiger/podcast/SoundWaves.java|line:67
RedundantFieldInitializer;PMD;/Users/rar9993/repos/research/fdroid_apps/native_apps/SoundWaves/NONE_TRANSFORMED_;/Users/rar9993/repos/research/fdroid_apps/native_apps/SoundWaves/app/src/main/java/org/bottiger/podcast/SoundWaves.java;file:/Users/rar9993/repos/research/fdroid_apps/native_apps/SoundWaves/app/src/main/java/org/bottiger/podcast/SoundWaves.java|line:75
RedundantFieldInitializer;PMD;/Users/rar9993/repos/research/fdroid_apps/native_apps/SoundWaves/NONE_TRANSFORMED_;/Users/rar9993/repos/research/fdroid_apps/native_apps/SoundWaves/app/src/main/java/org/bottiger/podcast/SoundWaves.java;file:/Users/rar9993/repos/research/fdroid_apps/native_apps/SoundWaves/app/src/main/java/org/bottiger/podcast/SoundWaves.java|line:76
RedundantFieldInitializer;PMD;/Users/rar9993/repos/research/fdroid_apps/native_apps/SoundWaves/NONE_TRANSFORMED_;/Users/rar9993/repos/research/fdroid_apps/native_apps/SoundWaves/app/src/main/java/org/bottiger/podcast/SoundWaves.java;file:/Users/rar9993/repos/research/fdroid_apps/native_apps/SoundWaves/app/src/main/java/org/bottiger/podcast/SoundWaves.java|line:78
RedundantFieldInitializer;PMD;/Users/rar9993/repos/research/fdroid_apps/native_apps/SoundWaves/NONE_TRANSFORMED_;/Users/rar9993/repos/research/fdroid_apps/native_apps/SoundWaves/app/src/main/java/org/bottiger/podcast/SoundWaves.java;file:/Users/rar9993/repos/research/fdroid_apps/native_apps/SoundWaves/app/src/main/java/org/bottiger/podcast/SoundWaves.java|line:79
UseStringBufferForStringAppends;PMD;/Users/rar9993/repos/research/fdroid_apps/native_apps/SoundWaves/NONE_TRANSFORMED_;/Users/rar9993/repos/research/fdroid_apps/native_apps/SoundWaves/app/src/main/java/org/bottiger/podcast/SoundWavesPreferenceFragment.java;file:/Users/rar9993/repos/research/fdroid_apps/native_apps/SoundWaves/app/src/main/java/org/bottiger/podcast/SoundWavesPreferenceFragment.java|line:113
UseStringBufferForStringAppends;PMD;/Users/rar9993/repos/research/fdroid_apps/native_apps/SoundWaves/NONE_TRANSFORMED_;/Users/rar9993/repos/research/fdroid_apps/native_apps/SoundWaves/app/src/main/java/org/bottiger/podcast/SoundWavesPreferenceFragment.java;file:/Users/rar9993/repos/research/fdroid_apps/native_apps/SoundWaves/app/src/main/java/org/bottiger/podcast/SoundWavesPreferenceFragment.java|line:118
RedundantFieldInitializer;PMD;/Users/rar9993/repos/research/fdroid_apps/native_apps/SoundWaves/NONE_TRANSFORMED_;/Users/rar9993/repos/research/fdroid_apps/native_apps/SoundWaves/app/src/main/java/org/bottiger/podcast/SubscriptionsFragment.java;file:/Users/rar9993/repos/research/fdroid_apps/native_apps/SoundWaves/app/src/main/java/org/bottiger/podcast/SubscriptionsFragment.java|line:77
TooFewBranchesForSwitch;PMD;/Users/rar9993/repos/research/fdroid_apps/native_apps/SoundWaves/NONE_TRANSFORMED_;/Users/rar9993/repos/research/fdroid_apps/native_apps/SoundWaves/app/src/main/java/org/bottiger/podcast/TopActivity.java;file:/Users/rar9993/repos/research/fdroid_apps/native_apps/SoundWaves/app/src/main/java/org/bottiger/podcast/TopActivity.java|line:157
AvoidInstantiatingObjectsInLoops;PMD;/Users/rar9993/repos/research/fdroid_apps/native_apps/SoundWaves/NONE_TRANSFORMED_;/Users/rar9993/repos/research/fdroid_apps/native_apps/SoundWaves/app/src/main/java/org/bottiger/podcast/ViewServer.java;file:/Users/rar9993/repos/research/fdroid_apps/native_apps/SoundWaves/app/src/main/java/org/bottiger/podcast/ViewServer.java|line:395
RedundantFieldInitializer;PMD;/Users/rar9993/repos/research/fdroid_apps/native_apps/SoundWaves/NONE_TRANSFORMED_;/Users/rar9993/repos/research/fdroid_apps/native_apps/SoundWaves/app/src/main/java/org/bottiger/podcast/activities/discovery/DiscoverySearchAdapter.java;file:/Users/rar9993/repos/research/fdroid_apps/native_apps/SoundWaves/app/src/main/java/org/bottiger/podcast/activities/discovery/DiscoverySearchAdapter.java|line:58
TooFewBranchesForSwitch;PMD;/Users/rar9993/repos/research/fdroid_apps/native_apps/SoundWaves/NONE_TRANSFORMED_;/Users/rar9993/repos/research/fdroid_apps/native_apps/SoundWaves/app/src/main/java/org/bottiger/podcast/activities/downloadmanager/DownloadManagerActivity.java;file:/Users/rar9993/repos/research/fdroid_apps/native_apps/SoundWaves/app/src/main/java/org/bottiger/podcast/activities/downloadmanager/DownloadManagerActivity.java|line:133
RedundantFieldInitializer;PMD;/Users/rar9993/repos/research/fdroid_apps/native_apps/SoundWaves/NONE_TRANSFORMED_;/Users/rar9993/repos/research/fdroid_apps/native_apps/SoundWaves/app/src/main/java/org/bottiger/podcast/activities/downloadmanager/DownloadViewModel.java;file:/Users/rar9993/repos/research/fdroid_apps/native_apps/SoundWaves/app/src/main/java/org/bottiger/podcast/activities/downloadmanager/DownloadViewModel.java|line:50
RedundantFieldInitializer;PMD;/Users/rar9993/repos/research/fdroid_apps/native_apps/SoundWaves/NONE_TRANSFORMED_;/Users/rar9993/repos/research/fdroid_apps/native_apps/SoundWaves/app/src/main/java/org/bottiger/podcast/activities/feedview/EpisodeViewHolder.java;file:/Users/rar9993/repos/research/fdroid_apps/native_apps/SoundWaves/app/src/main/java/org/bottiger/podcast/activities/feedview/EpisodeViewHolder.java|line:59
RedundantFieldInitializer;PMD;/Users/rar9993/repos/research/fdroid_apps/native_apps/SoundWaves/NONE_TRANSFORMED_;/Users/rar9993/repos/research/fdroid_apps/native_apps/SoundWaves/app/src/main/java/org/bottiger/podcast/activities/feedview/EpisodeViewHolder.java;file:/Users/rar9993/repos/research/fdroid_apps/native_apps/SoundWaves/app/src/main/java/org/bottiger/podcast/activities/feedview/EpisodeViewHolder.java|line:60
RedundantFieldInitializer;PMD;/Users/rar9993/repos/research/fdroid_apps/native_apps/SoundWaves/NONE_TRANSFORMED_;/Users/rar9993/repos/research/fdroid_apps/native_apps/SoundWaves/app/src/main/java/org/bottiger/podcast/activities/feedview/FeedActivity.java;file:/Users/rar9993/repos/research/fdroid_apps/native_apps/SoundWaves/app/src/main/java/org/bottiger/podcast/activities/feedview/FeedActivity.java|line:102
RedundantFieldInitializer;PMD;/Users/rar9993/repos/research/fdroid_apps/native_apps/SoundWaves/NONE_TRANSFORMED_;/Users/rar9993/repos/research/fdroid_apps/native_apps/SoundWaves/app/src/main/java/org/bottiger/podcast/activities/feedview/FeedActivity.java;file:/Users/rar9993/repos/research/fdroid_apps/native_apps/SoundWaves/app/src/main/java/org/bottiger/podcast/activities/feedview/FeedActivity.java|line:141
RedundantFieldInitializer;PMD;/Users/rar9993/repos/research/fdroid_apps/native_apps/SoundWaves/NONE_TRANSFORMED_;/Users/rar9993/repos/research/fdroid_apps/native_apps/SoundWaves/app/src/main/java/org/bottiger/podcast/activities/feedview/FeedViewAdapter.java;file:/Users/rar9993/repos/research/fdroid_apps/native_apps/SoundWaves/app/src/main/java/org/bottiger/podcast/activities/feedview/FeedViewAdapter.java|line:66
RedundantFieldInitializer;PMD;/Users/rar9993/repos/research/fdroid_apps/native_apps/SoundWaves/NONE_TRANSFORMED_;/Users/rar9993/repos/research/fdroid_apps/native_apps/SoundWaves/app/src/main/java/org/bottiger/podcast/activities/intro/CheckboxPresenter.java;file:/Users/rar9993/repos/research/fdroid_apps/native_apps/SoundWaves/app/src/main/java/org/bottiger/podcast/activities/intro/CheckboxPresenter.java|line:22
AvoidFileStream;PMD;/Users/rar9993/repos/research/fdroid_apps/native_apps/SoundWaves/NONE_TRANSFORMED_;/Users/rar9993/repos/research/fdroid_apps/native_apps/SoundWaves/app/src/main/java/org/bottiger/podcast/activities/openopml/OpenOpmlFromIntentActivity.java;file:/Users/rar9993/repos/research/fdroid_apps/native_apps/SoundWaves/app/src/main/java/org/bottiger/podcast/activities/openopml/OpenOpmlFromIntentActivity.java|line:85
TooFewBranchesForSwitch;PMD;/Users/rar9993/repos/research/fdroid_apps/native_apps/SoundWaves/NONE_TRANSFORMED_;/Users/rar9993/repos/research/fdroid_apps/native_apps/SoundWaves/app/src/main/java/org/bottiger/podcast/activities/pastelog/LogSubmitActivity.java;file:/Users/rar9993/repos/research/fdroid_apps/native_apps/SoundWaves/app/src/main/java/org/bottiger/podcast/activities/pastelog/LogSubmitActivity.java|line:41
RedundantFieldInitializer;PMD;/Users/rar9993/repos/research/fdroid_apps/native_apps/SoundWaves/NONE_TRANSFORMED_;/Users/rar9993/repos/research/fdroid_apps/native_apps/SoundWaves/app/src/main/java/org/bottiger/podcast/adapters/PlayerChapterAdapter.java;file:/Users/rar9993/repos/research/fdroid_apps/native_apps/SoundWaves/app/src/main/java/org/bottiger/podcast/adapters/PlayerChapterAdapter.java|line:25
RedundantFieldInitializer;PMD;/Users/rar9993/repos/research/fdroid_apps/native_apps/SoundWaves/NONE_TRANSFORMED_;/Users/rar9993/repos/research/fdroid_apps/native_apps/SoundWaves/app/src/main/java/org/bottiger/podcast/adapters/QueueAdapter.java;file:/Users/rar9993/repos/research/fdroid_apps/native_apps/SoundWaves/app/src/main/java/org/bottiger/podcast/adapters/QueueAdapter.java|line:21
RedundantFieldInitializer;PMD;/Users/rar9993/repos/research/fdroid_apps/native_apps/SoundWaves/NONE_TRANSFORMED_;/Users/rar9993/repos/research/fdroid_apps/native_apps/SoundWaves/app/src/main/java/org/bottiger/podcast/adapters/SubscriptionAdapter.java;file:/Users/rar9993/repos/research/fdroid_apps/native_apps/SoundWaves/app/src/main/java/org/bottiger/podcast/adapters/SubscriptionAdapter.java|line:72
RedundantFieldInitializer;PMD;/Users/rar9993/repos/research/fdroid_apps/native_apps/SoundWaves/NONE_TRANSFORMED_;/Users/rar9993/repos/research/fdroid_apps/native_apps/SoundWaves/app/src/main/java/org/bottiger/podcast/adapters/SubscriptionAdapter.java;file:/Users/rar9993/repos/research/fdroid_apps/native_apps/SoundWaves/app/src/main/java/org/bottiger/podcast/adapters/SubscriptionAdapter.java|line:77
TooFewBranchesForSwitch;PMD;/Users/rar9993/repos/research/fdroid_apps/native_apps/SoundWaves/NONE_TRANSFORMED_;/Users/rar9993/repos/research/fdroid_apps/native_apps/SoundWaves/app/src/main/java/org/bottiger/podcast/adapters/SubscriptionAdapter.java;file:/Users/rar9993/repos/research/fdroid_apps/native_apps/SoundWaves/app/src/main/java/org/bottiger/podcast/adapters/SubscriptionAdapter.java|line:97
UselessStringValueOf;PMD;/Users/rar9993/repos/research/fdroid_apps/native_apps/SoundWaves/NONE_TRANSFORMED_;/Users/rar9993/repos/research/fdroid_apps/native_apps/SoundWaves/app/src/main/java/org/bottiger/podcast/adapters/SubscriptionAdapter.java;file:/Users/rar9993/repos/research/fdroid_apps/native_apps/SoundWaves/app/src/main/java/org/bottiger/podcast/adapters/SubscriptionAdapter.java|line:184
RedundantFieldInitializer;PMD;/Users/rar9993/repos/research/fdroid_apps/native_apps/SoundWaves/NONE_TRANSFORMED_;/Users/rar9993/repos/research/fdroid_apps/native_apps/SoundWaves/app/src/main/java/org/bottiger/podcast/adapters/viewholders/discovery/SearchResultViewHolder.java;file:/Users/rar9993/repos/research/fdroid_apps/native_apps/SoundWaves/app/src/main/java/org/bottiger/podcast/adapters/viewholders/discovery/SearchResultViewHolder.java|line:23
RedundantFieldInitializer;PMD;/Users/rar9993/repos/research/fdroid_apps/native_apps/SoundWaves/NONE_TRANSFORMED_;/Users/rar9993/repos/research/fdroid_apps/native_apps/SoundWaves/app/src/main/java/org/bottiger/podcast/adapters/viewholders/subscription/AuthenticationViewHolder.java;file:/Users/rar9993/repos/research/fdroid_apps/native_apps/SoundWaves/app/src/main/java/org/bottiger/podcast/adapters/viewholders/subscription/AuthenticationViewHolder.java|line:18
RedundantFieldInitializer;PMD;/Users/rar9993/repos/research/fdroid_apps/native_apps/SoundWaves/NONE_TRANSFORMED_;/Users/rar9993/repos/research/fdroid_apps/native_apps/SoundWaves/app/src/main/java/org/bottiger/podcast/adapters/viewholders/subscription/BaseAnimatedSelectableViewHolder.java;file:/Users/rar9993/repos/research/fdroid_apps/native_apps/SoundWaves/app/src/main/java/org/bottiger/podcast/adapters/viewholders/subscription/BaseAnimatedSelectableViewHolder.java|line:24
RedundantFieldInitializer;PMD;/Users/rar9993/repos/research/fdroid_apps/native_apps/SoundWaves/NONE_TRANSFORMED_;/Users/rar9993/repos/research/fdroid_apps/native_apps/SoundWaves/app/src/main/java/org/bottiger/podcast/adapters/viewholders/subscription/BaseAnimatedSelectableViewHolder.java;file:/Users/rar9993/repos/research/fdroid_apps/native_apps/SoundWaves/app/src/main/java/org/bottiger/podcast/adapters/viewholders/subscription/BaseAnimatedSelectableViewHolder.java|line:25
RedundantFieldInitializer;PMD;/Users/rar9993/repos/research/fdroid_apps/native_apps/SoundWaves/NONE_TRANSFORMED_;/Users/rar9993/repos/research/fdroid_apps/native_apps/SoundWaves/app/src/main/java/org/bottiger/podcast/adapters/viewholders/subscription/BaseAnimatedSelectableViewHolder.java;file:/Users/rar9993/repos/research/fdroid_apps/native_apps/SoundWaves/app/src/main/java/org/bottiger/podcast/adapters/viewholders/subscription/BaseAnimatedSelectableViewHolder.java|line:26
AvoidFileStream;PMD;/Users/rar9993/repos/research/fdroid_apps/native_apps/SoundWaves/NONE_TRANSFORMED_;/Users/rar9993/repos/research/fdroid_apps/native_apps/SoundWaves/app/src/main/java/org/bottiger/podcast/debug/SqliteCopy.java;file:/Users/rar9993/repos/research/fdroid_apps/native_apps/SoundWaves/app/src/main/java/org/bottiger/podcast/debug/SqliteCopy.java|line:20
AvoidFileStream;PMD;/Users/rar9993/repos/research/fdroid_apps/native_apps/SoundWaves/NONE_TRANSFORMED_;/Users/rar9993/repos/research/fdroid_apps/native_apps/SoundWaves/app/src/main/java/org/bottiger/podcast/debug/SqliteCopy.java;file:/Users/rar9993/repos/research/fdroid_apps/native_apps/SoundWaves/app/src/main/java/org/bottiger/podcast/debug/SqliteCopy.java|line:25
AvoidInstantiatingObjectsInLoops;PMD;/Users/rar9993/repos/research/fdroid_apps/native_apps/SoundWaves/NONE_TRANSFORMED_;/Users/rar9993/repos/research/fdroid_apps/native_apps/SoundWaves/app/src/main/java/org/bottiger/podcast/listeners/DownloadProgressPublisher.java;file:/Users/rar9993/repos/research/fdroid_apps/native_apps/SoundWaves/app/src/main/java/org/bottiger/podcast/listeners/DownloadProgressPublisher.java|line:97
AvoidInstantiatingObjectsInLoops;PMD;/Users/rar9993/repos/research/fdroid_apps/native_apps/SoundWaves/NONE_TRANSFORMED_;/Users/rar9993/repos/research/fdroid_apps/native_apps/SoundWaves/app/src/main/java/org/bottiger/podcast/listeners/DownloadProgressPublisher.java;file:/Users/rar9993/repos/research/fdroid_apps/native_apps/SoundWaves/app/src/main/java/org/bottiger/podcast/listeners/DownloadProgressPublisher.java|line:108
TooFewBranchesForSwitch;PMD;/Users/rar9993/repos/research/fdroid_apps/native_apps/SoundWaves/NONE_TRANSFORMED_;/Users/rar9993/repos/research/fdroid_apps/native_apps/SoundWaves/app/src/main/java/org/bottiger/podcast/listeners/PlayerStatusObservable.java;file:/Users/rar9993/repos/research/fdroid_apps/native_apps/SoundWaves/app/src/main/java/org/bottiger/podcast/listeners/PlayerStatusObservable.java|line:79
ConsecutiveAppendsShouldReuse;PMD;/Users/rar9993/repos/research/fdroid_apps/native_apps/SoundWaves/NONE_TRANSFORMED_;/Users/rar9993/repos/research/fdroid_apps/native_apps/SoundWaves/app/src/main/java/org/bottiger/podcast/model/Library.java;file:/Users/rar9993/repos/research/fdroid_apps/native_apps/SoundWaves/app/src/main/java/org/bottiger/podcast/model/Library.java|line:601
ConsecutiveLiteralAppends;PMD;/Users/rar9993/repos/research/fdroid_apps/native_apps/SoundWaves/NONE_TRANSFORMED_;/Users/rar9993/repos/research/fdroid_apps/native_apps/SoundWaves/app/src/main/java/org/bottiger/podcast/model/Library.java;file:/Users/rar9993/repos/research/fdroid_apps/native_apps/SoundWaves/app/src/main/java/org/bottiger/podcast/model/Library.java|line:601
ConsecutiveLiteralAppends;PMD;/Users/rar9993/repos/research/fdroid_apps/native_apps/SoundWaves/NONE_TRANSFORMED_;/Users/rar9993/repos/research/fdroid_apps/native_apps/SoundWaves/app/src/main/java/org/bottiger/podcast/model/Library.java;file:/Users/rar9993/repos/research/fdroid_apps/native_apps/SoundWaves/app/src/main/java/org/bottiger/podcast/model/Library.java|line:601
ConsecutiveLiteralAppends;PMD;/Users/rar9993/repos/research/fdroid_apps/native_apps/SoundWaves/NONE_TRANSFORMED_;/Users/rar9993/repos/research/fdroid_apps/native_apps/SoundWaves/app/src/main/java/org/bottiger/podcast/model/Library.java;file:/Users/rar9993/repos/research/fdroid_apps/native_apps/SoundWaves/app/src/main/java/org/bottiger/podcast/model/Library.java|line:601
ConsecutiveLiteralAppends;PMD;/Users/rar9993/repos/research/fdroid_apps/native_apps/SoundWaves/NONE_TRANSFORMED_;/Users/rar9993/repos/research/fdroid_apps/native_apps/SoundWaves/app/src/main/java/org/bottiger/podcast/model/Library.java;file:/Users/rar9993/repos/research/fdroid_apps/native_apps/SoundWaves/app/src/main/java/org/bottiger/podcast/model/Library.java|line:601
ConsecutiveLiteralAppends;PMD;/Users/rar9993/repos/research/fdroid_apps/native_apps/SoundWaves/NONE_TRANSFORMED_;/Users/rar9993/repos/research/fdroid_apps/native_apps/SoundWaves/app/src/main/java/org/bottiger/podcast/model/Library.java;file:/Users/rar9993/repos/research/fdroid_apps/native_apps/SoundWaves/app/src/main/java/org/bottiger/podcast/model/Library.java|line:601
ConsecutiveLiteralAppends;PMD;/Users/rar9993/repos/research/fdroid_apps/native_apps/SoundWaves/NONE_TRANSFORMED_;/Users/rar9993/repos/research/fdroid_apps/native_apps/SoundWaves/app/src/main/java/org/bottiger/podcast/model/Library.java;file:/Users/rar9993/repos/research/fdroid_apps/native_apps/SoundWaves/app/src/main/java/org/bottiger/podcast/model/Library.java|line:601
ConsecutiveLiteralAppends;PMD;/Users/rar9993/repos/research/fdroid_apps/native_apps/SoundWaves/NONE_TRANSFORMED_;/Users/rar9993/repos/research/fdroid_apps/native_apps/SoundWaves/app/src/main/java/org/bottiger/podcast/model/Library.java;file:/Users/rar9993/repos/research/fdroid_apps/native_apps/SoundWaves/app/src/main/java/org/bottiger/podcast/model/Library.java|line:601
ConsecutiveLiteralAppends;PMD;/Users/rar9993/repos/research/fdroid_apps/native_apps/SoundWaves/NONE_TRANSFORMED_;/Users/rar9993/repos/research/fdroid_apps/native_apps/SoundWaves/app/src/main/java/org/bottiger/podcast/model/Library.java;file:/Users/rar9993/repos/research/fdroid_apps/native_apps/SoundWaves/app/src/main/java/org/bottiger/podcast/model/Library.java|line:601
ConsecutiveAppendsShouldReuse;PMD;/Users/rar9993/repos/research/fdroid_apps/native_apps/SoundWaves/NONE_TRANSFORMED_;/Users/rar9993/repos/research/fdroid_apps/native_apps/SoundWaves/app/src/main/java/org/bottiger/podcast/model/Library.java;file:/Users/rar9993/repos/research/fdroid_apps/native_apps/SoundWaves/app/src/main/java/org/bottiger/podcast/model/Library.java|line:602
ConsecutiveAppendsShouldReuse;PMD;/Users/rar9993/repos/research/fdroid_apps/native_apps/SoundWaves/NONE_TRANSFORMED_;/Users/rar9993/repos/research/fdroid_apps/native_apps/SoundWaves/app/src/main/java/org/bottiger/podcast/model/Library.java;file:/Users/rar9993/repos/research/fdroid_apps/native_apps/SoundWaves/app/src/main/java/org/bottiger/podcast/model/Library.java|line:603
ConsecutiveAppendsShouldReuse;PMD;/Users/rar9993/repos/research/fdroid_apps/native_apps/SoundWaves/NONE_TRANSFORMED_;/Users/rar9993/repos/research/fdroid_apps/native_apps/SoundWaves/app/src/main/java/org/bottiger/podcast/model/Library.java;file:/Users/rar9993/repos/research/fdroid_apps/native_apps/SoundWaves/app/src/main/java/org/bottiger/podcast/model/Library.java|line:604
InefficientStringBuffering;PMD;/Users/rar9993/repos/research/fdroid_apps/native_apps/SoundWaves/NONE_TRANSFORMED_;/Users/rar9993/repos/research/fdroid_apps/native_apps/SoundWaves/app/src/main/java/org/bottiger/podcast/model/Library.java;file:/Users/rar9993/repos/research/fdroid_apps/native_apps/SoundWaves/app/src/main/java/org/bottiger/podcast/model/Library.java|line:604
ConsecutiveAppendsShouldReuse;PMD;/Users/rar9993/repos/research/fdroid_apps/native_apps/SoundWaves/NONE_TRANSFORMED_;/Users/rar9993/repos/research/fdroid_apps/native_apps/SoundWaves/app/src/main/java/org/bottiger/podcast/model/Library.java;file:/Users/rar9993/repos/research/fdroid_apps/native_apps/SoundWaves/app/src/main/java/org/bottiger/podcast/model/Library.java|line:605
ConsecutiveAppendsShouldReuse;PMD;/Users/rar9993/repos/research/fdroid_apps/native_apps/SoundWaves/NONE_TRANSFORMED_;/Users/rar9993/repos/research/fdroid_apps/native_apps/SoundWaves/app/src/main/java/org/bottiger/podcast/model/Library.java;file:/Users/rar9993/repos/research/fdroid_apps/native_apps/SoundWaves/app/src/main/java/org/bottiger/podcast/model/Library.java|line:606
InefficientStringBuffering;PMD;/Users/rar9993/repos/research/fdroid_apps/native_apps/SoundWaves/NONE_TRANSFORMED_;/Users/rar9993/repos/research/fdroid_apps/native_apps/SoundWaves/app/src/main/java/org/bottiger/podcast/model/Library.java;file:/Users/rar9993/repos/research/fdroid_apps/native_apps/SoundWaves/app/src/main/java/org/bottiger/podcast/model/Library.java|line:606
ConsecutiveAppendsShouldReuse;PMD;/Users/rar9993/repos/research/fdroid_apps/native_apps/SoundWaves/NONE_TRANSFORMED_;/Users/rar9993/repos/research/fdroid_apps/native_apps/SoundWaves/app/src/main/java/org/bottiger/podcast/model/Library.java;file:/Users/rar9993/repos/research/fdroid_apps/native_apps/SoundWaves/app/src/main/java/org/bottiger/podcast/model/Library.java|line:607
ConsecutiveAppendsShouldReuse;PMD;/Users/rar9993/repos/research/fdroid_apps/native_apps/SoundWaves/NONE_TRANSFORMED_;/Users/rar9993/repos/research/fdroid_apps/native_apps/SoundWaves/app/src/main/java/org/bottiger/podcast/model/Library.java;file:/Users/rar9993/repos/research/fdroid_apps/native_apps/SoundWaves/app/src/main/java/org/bottiger/podcast/model/Library.java|line:608
InefficientStringBuffering;PMD;/Users/rar9993/repos/research/fdroid_apps/native_apps/SoundWaves/NONE_TRANSFORMED_;/Users/rar9993/repos/research/fdroid_apps/native_apps/SoundWaves/app/src/main/java/org/bottiger/podcast/model/Library.java;file:/Users/rar9993/repos/research/fdroid_apps/native_apps/SoundWaves/app/src/main/java/org/bottiger/podcast/model/Library.java|line:608
ConsecutiveAppendsShouldReuse;PMD;/Users/rar9993/repos/research/fdroid_apps/native_apps/SoundWaves/NONE_TRANSFORMED_;/Users/rar9993/repos/research/fdroid_apps/native_apps/SoundWaves/app/src/main/java/org/bottiger/podcast/model/Library.java;file:/Users/rar9993/repos/research/fdroid_apps/native_apps/SoundWaves/app/src/main/java/org/bottiger/podcast/model/Library.java|line:609
InefficientStringBuffering;PMD;/Users/rar9993/repos/research/fdroid_apps/native_apps/SoundWaves/NONE_TRANSFORMED_;/Users/rar9993/repos/research/fdroid_apps/native_apps/SoundWaves/app/src/main/java/org/bottiger/podcast/model/Library.java;file:/Users/rar9993/repos/research/fdroid_apps/native_apps/SoundWaves/app/src/main/java/org/bottiger/podcast/model/Library.java|line:609
ConsecutiveAppendsShouldReuse;PMD;/Users/rar9993/repos/research/fdroid_apps/native_apps/SoundWaves/NONE_TRANSFORMED_;/Users/rar9993/repos/research/fdroid_apps/native_apps/SoundWaves/app/src/main/java/org/bottiger/podcast/model/Library.java;file:/Users/rar9993/repos/research/fdroid_apps/native_apps/SoundWaves/app/src/main/java/org/bottiger/podcast/model/Library.java|line:610
ConsecutiveAppendsShouldReuse;PMD;/Users/rar9993/repos/research/fdroid_apps/native_apps/SoundWaves/NONE_TRANSFORMED_;/Users/rar9993/repos/research/fdroid_apps/native_apps/SoundWaves/app/src/main/java/org/bottiger/podcast/model/Library.java;file:/Users/rar9993/repos/research/fdroid_apps/native_apps/SoundWaves/app/src/main/java/org/bottiger/podcast/model/Library.java|line:611
InefficientStringBuffering;PMD;/Users/rar9993/repos/research/fdroid_apps/native_apps/SoundWaves/NONE_TRANSFORMED_;/Users/rar9993/repos/research/fdroid_apps/native_apps/SoundWaves/app/src/main/java/org/bottiger/podcast/model/Library.java;file:/Users/rar9993/repos/research/fdroid_apps/native_apps/SoundWaves/app/src/main/java/org/bottiger/podcast/model/Library.java|line:611
ConsecutiveAppendsShouldReuse;PMD;/Users/rar9993/repos/research/fdroid_apps/native_apps/SoundWaves/NONE_TRANSFORMED_;/Users/rar9993/repos/research/fdroid_apps/native_apps/SoundWaves/app/src/main/java/org/bottiger/podcast/model/Library.java;file:/Users/rar9993/repos/research/fdroid_apps/native_apps/SoundWaves/app/src/main/java/org/bottiger/podcast/model/Library.java|line:612
InefficientStringBuffering;PMD;/Users/rar9993/repos/research/fdroid_apps/native_apps/SoundWaves/NONE_TRANSFORMED_;/Users/rar9993/repos/research/fdroid_apps/native_apps/SoundWaves/app/src/main/java/org/bottiger/podcast/model/Library.java;file:/Users/rar9993/repos/research/fdroid_apps/native_apps/SoundWaves/app/src/main/java/org/bottiger/podcast/model/Library.java|line:612
InefficientStringBuffering;PMD;/Users/rar9993/repos/research/fdroid_apps/native_apps/SoundWaves/NONE_TRANSFORMED_;/Users/rar9993/repos/research/fdroid_apps/native_apps/SoundWaves/app/src/main/java/org/bottiger/podcast/model/Library.java;file:/Users/rar9993/repos/research/fdroid_apps/native_apps/SoundWaves/app/src/main/java/org/bottiger/podcast/model/Library.java|line:613
AddEmptyString;PMD;/Users/rar9993/repos/research/fdroid_apps/native_apps/SoundWaves/NONE_TRANSFORMED_;/Users/rar9993/repos/research/fdroid_apps/native_apps/SoundWaves/app/src/main/java/org/bottiger/podcast/model/LibraryPersistency.java;file:/Users/rar9993/repos/research/fdroid_apps/native_apps/SoundWaves/app/src/main/java/org/bottiger/podcast/model/LibraryPersistency.java|line:238
InsufficientStringBufferDeclaration;PMD;/Users/rar9993/repos/research/fdroid_apps/native_apps/SoundWaves/NONE_TRANSFORMED_;/Users/rar9993/repos/research/fdroid_apps/native_apps/SoundWaves/app/src/main/java/org/bottiger/podcast/model/LibraryPersistency.java;file:/Users/rar9993/repos/research/fdroid_apps/native_apps/SoundWaves/app/src/main/java/org/bottiger/podcast/model/LibraryPersistency.java|line:345
AppendCharacterWithChar;PMD;/Users/rar9993/repos/research/fdroid_apps/native_apps/SoundWaves/NONE_TRANSFORMED_;/Users/rar9993/repos/research/fdroid_apps/native_apps/SoundWaves/app/src/main/java/org/bottiger/podcast/model/LibraryPersistency.java;file:/Users/rar9993/repos/research/fdroid_apps/native_apps/SoundWaves/app/src/main/java/org/bottiger/podcast/model/LibraryPersistency.java|line:358
AppendCharacterWithChar;PMD;/Users/rar9993/repos/research/fdroid_apps/native_apps/SoundWaves/NONE_TRANSFORMED_;/Users/rar9993/repos/research/fdroid_apps/native_apps/SoundWaves/app/src/main/java/org/bottiger/podcast/model/LibraryPersistency.java;file:/Users/rar9993/repos/research/fdroid_apps/native_apps/SoundWaves/app/src/main/java/org/bottiger/podcast/model/LibraryPersistency.java|line:363
RedundantFieldInitializer;PMD;/Users/rar9993/repos/research/fdroid_apps/native_apps/SoundWaves/NONE_TRANSFORMED_;/Users/rar9993/repos/research/fdroid_apps/native_apps/SoundWaves/app/src/main/java/org/bottiger/podcast/model/datastructures/EpisodeFilter.java;file:/Users/rar9993/repos/research/fdroid_apps/native_apps/SoundWaves/app/src/main/java/org/bottiger/podcast/model/datastructures/EpisodeFilter.java|line:14
RedundantFieldInitializer;PMD;/Users/rar9993/repos/research/fdroid_apps/native_apps/SoundWaves/NONE_TRANSFORMED_;/Users/rar9993/repos/research/fdroid_apps/native_apps/SoundWaves/app/src/main/java/org/bottiger/podcast/model/events/DownloadProgress.java;file:/Users/rar9993/repos/research/fdroid_apps/native_apps/SoundWaves/app/src/main/java/org/bottiger/podcast/model/events/DownloadProgress.java|line:14
RedundantFieldInitializer;PMD;/Users/rar9993/repos/research/fdroid_apps/native_apps/SoundWaves/NONE_TRANSFORMED_;/Users/rar9993/repos/research/fdroid_apps/native_apps/SoundWaves/app/src/main/java/org/bottiger/podcast/model/events/DownloadProgress.java;file:/Users/rar9993/repos/research/fdroid_apps/native_apps/SoundWaves/app/src/main/java/org/bottiger/podcast/model/events/DownloadProgress.java|line:16
RedundantFieldInitializer;PMD;/Users/rar9993/repos/research/fdroid_apps/native_apps/SoundWaves/NONE_TRANSFORMED_;/Users/rar9993/repos/research/fdroid_apps/native_apps/SoundWaves/app/src/main/java/org/bottiger/podcast/notification/NotificationPlayer.java;file:/Users/rar9993/repos/research/fdroid_apps/native_apps/SoundWaves/app/src/main/java/org/bottiger/podcast/notification/NotificationPlayer.java|line:56
RedundantFieldInitializer;PMD;/Users/rar9993/repos/research/fdroid_apps/native_apps/SoundWaves/NONE_TRANSFORMED_;/Users/rar9993/repos/research/fdroid_apps/native_apps/SoundWaves/app/src/main/java/org/bottiger/podcast/notification/NotificationPlayer.java;file:/Users/rar9993/repos/research/fdroid_apps/native_apps/SoundWaves/app/src/main/java/org/bottiger/podcast/notification/NotificationPlayer.java|line:62
TooFewBranchesForSwitch;PMD;/Users/rar9993/repos/research/fdroid_apps/native_apps/SoundWaves/NONE_TRANSFORMED_;/Users/rar9993/repos/research/fdroid_apps/native_apps/SoundWaves/app/src/main/java/org/bottiger/podcast/parser/FeedParser.java;file:/Users/rar9993/repos/research/fdroid_apps/native_apps/SoundWaves/app/src/main/java/org/bottiger/podcast/parser/FeedParser.java|line:187
TooFewBranchesForSwitch;PMD;/Users/rar9993/repos/research/fdroid_apps/native_apps/SoundWaves/NONE_TRANSFORMED_;/Users/rar9993/repos/research/fdroid_apps/native_apps/SoundWaves/app/src/main/java/org/bottiger/podcast/parser/FeedParser.java;file:/Users/rar9993/repos/research/fdroid_apps/native_apps/SoundWaves/app/src/main/java/org/bottiger/podcast/parser/FeedParser.java|line:214
TooFewBranchesForSwitch;PMD;/Users/rar9993/repos/research/fdroid_apps/native_apps/SoundWaves/NONE_TRANSFORMED_;/Users/rar9993/repos/research/fdroid_apps/native_apps/SoundWaves/app/src/main/java/org/bottiger/podcast/parser/FeedParser.java;file:/Users/rar9993/repos/research/fdroid_apps/native_apps/SoundWaves/app/src/main/java/org/bottiger/podcast/parser/FeedParser.java|line:311
AvoidInstantiatingObjectsInLoops;PMD;/Users/rar9993/repos/research/fdroid_apps/native_apps/SoundWaves/NONE_TRANSFORMED_;/Users/rar9993/repos/research/fdroid_apps/native_apps/SoundWaves/app/src/main/java/org/bottiger/podcast/parser/FeedParser.java;file:/Users/rar9993/repos/research/fdroid_apps/native_apps/SoundWaves/app/src/main/java/org/bottiger/podcast/parser/FeedParser.java|line:383
AvoidInstantiatingObjectsInLoops;PMD;/Users/rar9993/repos/research/fdroid_apps/native_apps/SoundWaves/NONE_TRANSFORMED_;/Users/rar9993/repos/research/fdroid_apps/native_apps/SoundWaves/app/src/main/java/org/bottiger/podcast/parser/FeedParser.java;file:/Users/rar9993/repos/research/fdroid_apps/native_apps/SoundWaves/app/src/main/java/org/bottiger/podcast/parser/FeedParser.java|line:384
AvoidCalendarDateCreation;PMD;/Users/rar9993/repos/research/fdroid_apps/native_apps/SoundWaves/NONE_TRANSFORMED_;/Users/rar9993/repos/research/fdroid_apps/native_apps/SoundWaves/app/src/main/java/org/bottiger/podcast/parser/FeedParser.java;file:/Users/rar9993/repos/research/fdroid_apps/native_apps/SoundWaves/app/src/main/java/org/bottiger/podcast/parser/FeedParser.java|line:425
RedundantFieldInitializer;PMD;/Users/rar9993/repos/research/fdroid_apps/native_apps/SoundWaves/NONE_TRANSFORMED_;/Users/rar9993/repos/research/fdroid_apps/native_apps/SoundWaves/app/src/main/java/org/bottiger/podcast/parser/opml/OpmlReader.java;file:/Users/rar9993/repos/research/fdroid_apps/native_apps/SoundWaves/app/src/main/java/org/bottiger/podcast/parser/opml/OpmlReader.java|line:19
TooFewBranchesForSwitch;PMD;/Users/rar9993/repos/research/fdroid_apps/native_apps/SoundWaves/NONE_TRANSFORMED_;/Users/rar9993/repos/research/fdroid_apps/native_apps/SoundWaves/app/src/main/java/org/bottiger/podcast/parser/opml/OpmlReader.java;file:/Users/rar9993/repos/research/fdroid_apps/native_apps/SoundWaves/app/src/main/java/org/bottiger/podcast/parser/opml/OpmlReader.java|line:41
AvoidInstantiatingObjectsInLoops;PMD;/Users/rar9993/repos/research/fdroid_apps/native_apps/SoundWaves/NONE_TRANSFORMED_;/Users/rar9993/repos/research/fdroid_apps/native_apps/SoundWaves/app/src/main/java/org/bottiger/podcast/parser/opml/OpmlReader.java;file:/Users/rar9993/repos/research/fdroid_apps/native_apps/SoundWaves/app/src/main/java/org/bottiger/podcast/parser/opml/OpmlReader.java|line:52
UseIndexOfChar;PMD;/Users/rar9993/repos/research/fdroid_apps/native_apps/SoundWaves/NONE_TRANSFORMED_;/Users/rar9993/repos/research/fdroid_apps/native_apps/SoundWaves/app/src/main/java/org/bottiger/podcast/parser/syndication/util/SyndDateUtils.java;file:/Users/rar9993/repos/research/fdroid_apps/native_apps/SoundWaves/app/src/main/java/org/bottiger/podcast/parser/syndication/util/SyndDateUtils.java|line:48
UseIndexOfChar;PMD;/Users/rar9993/repos/research/fdroid_apps/native_apps/SoundWaves/NONE_TRANSFORMED_;/Users/rar9993/repos/research/fdroid_apps/native_apps/SoundWaves/app/src/main/java/org/bottiger/podcast/parser/syndication/util/SyndDateUtils.java;file:/Users/rar9993/repos/research/fdroid_apps/native_apps/SoundWaves/app/src/main/java/org/bottiger/podcast/parser/syndication/util/SyndDateUtils.java|line:73
UseIndexOfChar;PMD;/Users/rar9993/repos/research/fdroid_apps/native_apps/SoundWaves/NONE_TRANSFORMED_;/Users/rar9993/repos/research/fdroid_apps/native_apps/SoundWaves/app/src/main/java/org/bottiger/podcast/parser/syndication/util/SyndDateUtils.java;file:/Users/rar9993/repos/research/fdroid_apps/native_apps/SoundWaves/app/src/main/java/org/bottiger/podcast/parser/syndication/util/SyndDateUtils.java|line:80
UseIndexOfChar;PMD;/Users/rar9993/repos/research/fdroid_apps/native_apps/SoundWaves/NONE_TRANSFORMED_;/Users/rar9993/repos/research/fdroid_apps/native_apps/SoundWaves/app/src/main/java/org/bottiger/podcast/parser/syndication/util/SyndDateUtils.java;file:/Users/rar9993/repos/research/fdroid_apps/native_apps/SoundWaves/app/src/main/java/org/bottiger/podcast/parser/syndication/util/SyndDateUtils.java|line:82
RedundantFieldInitializer;PMD;/Users/rar9993/repos/research/fdroid_apps/native_apps/SoundWaves/NONE_TRANSFORMED_;/Users/rar9993/repos/research/fdroid_apps/native_apps/SoundWaves/app/src/main/java/org/bottiger/podcast/player/PlayerPhoneListener.java;file:/Users/rar9993/repos/research/fdroid_apps/native_apps/SoundWaves/app/src/main/java/org/bottiger/podcast/player/PlayerPhoneListener.java|line:29
RedundantFieldInitializer;PMD;/Users/rar9993/repos/research/fdroid_apps/native_apps/SoundWaves/NONE_TRANSFORMED_;/Users/rar9993/repos/research/fdroid_apps/native_apps/SoundWaves/app/src/main/java/org/bottiger/podcast/player/SoundWavesPlayer.java;file:/Users/rar9993/repos/research/fdroid_apps/native_apps/SoundWaves/app/src/main/java/org/bottiger/podcast/player/SoundWavesPlayer.java|line:48
RedundantFieldInitializer;PMD;/Users/rar9993/repos/research/fdroid_apps/native_apps/SoundWaves/NONE_TRANSFORMED_;/Users/rar9993/repos/research/fdroid_apps/native_apps/SoundWaves/app/src/main/java/org/bottiger/podcast/player/SoundWavesPlayer.java;file:/Users/rar9993/repos/research/fdroid_apps/native_apps/SoundWaves/app/src/main/java/org/bottiger/podcast/player/SoundWavesPlayer.java|line:50
RedundantFieldInitializer;PMD;/Users/rar9993/repos/research/fdroid_apps/native_apps/SoundWaves/NONE_TRANSFORMED_;/Users/rar9993/repos/research/fdroid_apps/native_apps/SoundWaves/app/src/main/java/org/bottiger/podcast/player/SoundWavesPlayer.java;file:/Users/rar9993/repos/research/fdroid_apps/native_apps/SoundWaves/app/src/main/java/org/bottiger/podcast/player/SoundWavesPlayer.java|line:52
TooFewBranchesForSwitch;PMD;/Users/rar9993/repos/research/fdroid_apps/native_apps/SoundWaves/NONE_TRANSFORMED_;/Users/rar9993/repos/research/fdroid_apps/native_apps/SoundWaves/app/src/main/java/org/bottiger/podcast/player/SoundWavesPlayer.java;file:/Users/rar9993/repos/research/fdroid_apps/native_apps/SoundWaves/app/src/main/java/org/bottiger/podcast/player/SoundWavesPlayer.java|line:328
TooFewBranchesForSwitch;PMD;/Users/rar9993/repos/research/fdroid_apps/native_apps/SoundWaves/NONE_TRANSFORMED_;/Users/rar9993/repos/research/fdroid_apps/native_apps/SoundWaves/app/src/main/java/org/bottiger/podcast/player/SoundWavesPlayer.java;file:/Users/rar9993/repos/research/fdroid_apps/native_apps/SoundWaves/app/src/main/java/org/bottiger/podcast/player/SoundWavesPlayer.java|line:346
RedundantFieldInitializer;PMD;/Users/rar9993/repos/research/fdroid_apps/native_apps/SoundWaves/NONE_TRANSFORMED_;/Users/rar9993/repos/research/fdroid_apps/native_apps/SoundWaves/app/src/main/java/org/bottiger/podcast/player/SoundWavesPlayerBase.java;file:/Users/rar9993/repos/research/fdroid_apps/native_apps/SoundWaves/app/src/main/java/org/bottiger/podcast/player/SoundWavesPlayerBase.java|line:75
RedundantFieldInitializer;PMD;/Users/rar9993/repos/research/fdroid_apps/native_apps/SoundWaves/NONE_TRANSFORMED_;/Users/rar9993/repos/research/fdroid_apps/native_apps/SoundWaves/app/src/main/java/org/bottiger/podcast/player/SoundWavesPlayerBase.java;file:/Users/rar9993/repos/research/fdroid_apps/native_apps/SoundWaves/app/src/main/java/org/bottiger/podcast/player/SoundWavesPlayerBase.java|line:77
InsufficientStringBufferDeclaration;PMD;/Users/rar9993/repos/research/fdroid_apps/native_apps/SoundWaves/NONE_TRANSFORMED_;/Users/rar9993/repos/research/fdroid_apps/native_apps/SoundWaves/app/src/main/java/org/bottiger/podcast/player/exoplayer/EventLogger.java;file:/Users/rar9993/repos/research/fdroid_apps/native_apps/SoundWaves/app/src/main/java/org/bottiger/podcast/player/exoplayer/EventLogger.java|line:411
AppendCharacterWithChar;PMD;/Users/rar9993/repos/research/fdroid_apps/native_apps/SoundWaves/NONE_TRANSFORMED_;/Users/rar9993/repos/research/fdroid_apps/native_apps/SoundWaves/app/src/main/java/org/bottiger/podcast/player/exoplayer/EventLogger.java;file:/Users/rar9993/repos/research/fdroid_apps/native_apps/SoundWaves/app/src/main/java/org/bottiger/podcast/player/exoplayer/EventLogger.java|line:417
RedundantFieldInitializer;PMD;/Users/rar9993/repos/research/fdroid_apps/native_apps/SoundWaves/NONE_TRANSFORMED_;/Users/rar9993/repos/research/fdroid_apps/native_apps/SoundWaves/app/src/main/java/org/bottiger/podcast/player/exoplayer/NewExoPlayer.java;file:/Users/rar9993/repos/research/fdroid_apps/native_apps/SoundWaves/app/src/main/java/org/bottiger/podcast/player/exoplayer/NewExoPlayer.java|line:157
RedundantFieldInitializer;PMD;/Users/rar9993/repos/research/fdroid_apps/native_apps/SoundWaves/NONE_TRANSFORMED_;/Users/rar9993/repos/research/fdroid_apps/native_apps/SoundWaves/app/src/main/java/org/bottiger/podcast/player/exoplayer/NewExoPlayer.java;file:/Users/rar9993/repos/research/fdroid_apps/native_apps/SoundWaves/app/src/main/java/org/bottiger/podcast/player/exoplayer/NewExoPlayer.java|line:158
OptimizableToArrayCall;PMD;/Users/rar9993/repos/research/fdroid_apps/native_apps/SoundWaves/NONE_TRANSFORMED_;/Users/rar9993/repos/research/fdroid_apps/native_apps/SoundWaves/app/src/main/java/org/bottiger/podcast/player/exoplayer/NewExoPlayer.java;file:/Users/rar9993/repos/research/fdroid_apps/native_apps/SoundWaves/app/src/main/java/org/bottiger/podcast/player/exoplayer/NewExoPlayer.java|line:175
TooFewBranchesForSwitch;PMD;/Users/rar9993/repos/research/fdroid_apps/native_apps/SoundWaves/NONE_TRANSFORMED_;/Users/rar9993/repos/research/fdroid_apps/native_apps/SoundWaves/app/src/main/java/org/bottiger/podcast/player/exoplayer/NewExoPlayer.java;file:/Users/rar9993/repos/research/fdroid_apps/native_apps/SoundWaves/app/src/main/java/org/bottiger/podcast/player/exoplayer/NewExoPlayer.java|line:181
RedundantFieldInitializer;PMD;/Users/rar9993/repos/research/fdroid_apps/native_apps/SoundWaves/NONE_TRANSFORMED_;/Users/rar9993/repos/research/fdroid_apps/native_apps/SoundWaves/app/src/main/java/org/bottiger/podcast/player/exoplayer/PodcastAudioRenderer.java;file:/Users/rar9993/repos/research/fdroid_apps/native_apps/SoundWaves/app/src/main/java/org/bottiger/podcast/player/exoplayer/PodcastAudioRenderer.java|line:22
RedundantFieldInitializer;PMD;/Users/rar9993/repos/research/fdroid_apps/native_apps/SoundWaves/NONE_TRANSFORMED_;/Users/rar9993/repos/research/fdroid_apps/native_apps/SoundWaves/app/src/main/java/org/bottiger/podcast/player/exoplayer/PodcastAudioRenderer.java;file:/Users/rar9993/repos/research/fdroid_apps/native_apps/SoundWaves/app/src/main/java/org/bottiger/podcast/player/exoplayer/PodcastAudioRenderer.java|line:23
RedundantFieldInitializer;PMD;/Users/rar9993/repos/research/fdroid_apps/native_apps/SoundWaves/NONE_TRANSFORMED_;/Users/rar9993/repos/research/fdroid_apps/native_apps/SoundWaves/app/src/main/java/org/bottiger/podcast/player/exoplayer/PodcastAudioRenderer.java;file:/Users/rar9993/repos/research/fdroid_apps/native_apps/SoundWaves/app/src/main/java/org/bottiger/podcast/player/exoplayer/PodcastAudioRenderer.java|line:26
RedundantFieldInitializer;PMD;/Users/rar9993/repos/research/fdroid_apps/native_apps/SoundWaves/NONE_TRANSFORMED_;/Users/rar9993/repos/research/fdroid_apps/native_apps/SoundWaves/app/src/main/java/org/bottiger/podcast/player/exoplayer/SilenceRemover.java;file:/Users/rar9993/repos/research/fdroid_apps/native_apps/SoundWaves/app/src/main/java/org/bottiger/podcast/player/exoplayer/SilenceRemover.java|line:15
RedundantFieldInitializer;PMD;/Users/rar9993/repos/research/fdroid_apps/native_apps/SoundWaves/NONE_TRANSFORMED_;/Users/rar9993/repos/research/fdroid_apps/native_apps/SoundWaves/app/src/main/java/org/bottiger/podcast/player/sonic/Sonic.java;file:/Users/rar9993/repos/research/fdroid_apps/native_apps/SoundWaves/app/src/main/java/org/bottiger/podcast/player/sonic/Sonic.java|line:15
RedundantFieldInitializer;PMD;/Users/rar9993/repos/research/fdroid_apps/native_apps/SoundWaves/NONE_TRANSFORMED_;/Users/rar9993/repos/research/fdroid_apps/native_apps/SoundWaves/app/src/main/java/org/bottiger/podcast/player/sonic/SoundService.java;file:/Users/rar9993/repos/research/fdroid_apps/native_apps/SoundWaves/app/src/main/java/org/bottiger/podcast/player/sonic/SoundService.java|line:41
TooFewBranchesForSwitch;PMD;/Users/rar9993/repos/research/fdroid_apps/native_apps/SoundWaves/NONE_TRANSFORMED_;/Users/rar9993/repos/research/fdroid_apps/native_apps/SoundWaves/app/src/main/java/org/bottiger/podcast/player/sonic/Track.java;file:/Users/rar9993/repos/research/fdroid_apps/native_apps/SoundWaves/app/src/main/java/org/bottiger/podcast/player/sonic/Track.java|line:117
TooFewBranchesForSwitch;PMD;/Users/rar9993/repos/research/fdroid_apps/native_apps/SoundWaves/NONE_TRANSFORMED_;/Users/rar9993/repos/research/fdroid_apps/native_apps/SoundWaves/app/src/main/java/org/bottiger/podcast/player/sonic/Track.java;file:/Users/rar9993/repos/research/fdroid_apps/native_apps/SoundWaves/app/src/main/java/org/bottiger/podcast/player/sonic/Track.java|line:145
TooFewBranchesForSwitch;PMD;/Users/rar9993/repos/research/fdroid_apps/native_apps/SoundWaves/NONE_TRANSFORMED_;/Users/rar9993/repos/research/fdroid_apps/native_apps/SoundWaves/app/src/main/java/org/bottiger/podcast/player/sonic/Track.java;file:/Users/rar9993/repos/research/fdroid_apps/native_apps/SoundWaves/app/src/main/java/org/bottiger/podcast/player/sonic/Track.java|line:376
TooFewBranchesForSwitch;PMD;/Users/rar9993/repos/research/fdroid_apps/native_apps/SoundWaves/NONE_TRANSFORMED_;/Users/rar9993/repos/research/fdroid_apps/native_apps/SoundWaves/app/src/main/java/org/bottiger/podcast/player/sonic/Track.java;file:/Users/rar9993/repos/research/fdroid_apps/native_apps/SoundWaves/app/src/main/java/org/bottiger/podcast/player/sonic/Track.java|line:388
AvoidInstantiatingObjectsInLoops;PMD;/Users/rar9993/repos/research/fdroid_apps/native_apps/SoundWaves/NONE_TRANSFORMED_;/Users/rar9993/repos/research/fdroid_apps/native_apps/SoundWaves/app/src/main/java/org/bottiger/podcast/player/sonic/Track.java;file:/Users/rar9993/repos/research/fdroid_apps/native_apps/SoundWaves/app/src/main/java/org/bottiger/podcast/player/sonic/Track.java|line:540
AvoidInstantiatingObjectsInLoops;PMD;/Users/rar9993/repos/research/fdroid_apps/native_apps/SoundWaves/NONE_TRANSFORMED_;/Users/rar9993/repos/research/fdroid_apps/native_apps/SoundWaves/app/src/main/java/org/bottiger/podcast/player/sonic/Track.java;file:/Users/rar9993/repos/research/fdroid_apps/native_apps/SoundWaves/app/src/main/java/org/bottiger/podcast/player/sonic/Track.java|line:541
AvoidInstantiatingObjectsInLoops;PMD;/Users/rar9993/repos/research/fdroid_apps/native_apps/SoundWaves/NONE_TRANSFORMED_;/Users/rar9993/repos/research/fdroid_apps/native_apps/SoundWaves/app/src/main/java/org/bottiger/podcast/player/sonic/Track.java;file:/Users/rar9993/repos/research/fdroid_apps/native_apps/SoundWaves/app/src/main/java/org/bottiger/podcast/player/sonic/Track.java|line:549
AvoidInstantiatingObjectsInLoops;PMD;/Users/rar9993/repos/research/fdroid_apps/native_apps/SoundWaves/NONE_TRANSFORMED_;/Users/rar9993/repos/research/fdroid_apps/native_apps/SoundWaves/app/src/main/java/org/bottiger/podcast/player/sonic/Track.java;file:/Users/rar9993/repos/research/fdroid_apps/native_apps/SoundWaves/app/src/main/java/org/bottiger/podcast/player/sonic/Track.java|line:561
RedundantFieldInitializer;PMD;/Users/rar9993/repos/research/fdroid_apps/native_apps/SoundWaves/NONE_TRANSFORMED_;/Users/rar9993/repos/research/fdroid_apps/native_apps/SoundWaves/app/src/main/java/org/bottiger/podcast/playlist/Playlist.java;file:/Users/rar9993/repos/research/fdroid_apps/native_apps/SoundWaves/app/src/main/java/org/bottiger/podcast/playlist/Playlist.java|line:66
AvoidInstantiatingObjectsInLoops;PMD;/Users/rar9993/repos/research/fdroid_apps/native_apps/SoundWaves/NONE_TRANSFORMED_;/Users/rar9993/repos/research/fdroid_apps/native_apps/SoundWaves/app/src/main/java/org/bottiger/podcast/playlist/Playlist.java;file:/Users/rar9993/repos/research/fdroid_apps/native_apps/SoundWaves/app/src/main/java/org/bottiger/podcast/playlist/Playlist.java|line:501
AvoidInstantiatingObjectsInLoops;PMD;/Users/rar9993/repos/research/fdroid_apps/native_apps/SoundWaves/NONE_TRANSFORMED_;/Users/rar9993/repos/research/fdroid_apps/native_apps/SoundWaves/app/src/main/java/org/bottiger/podcast/playlist/Playlist.java;file:/Users/rar9993/repos/research/fdroid_apps/native_apps/SoundWaves/app/src/main/java/org/bottiger/podcast/playlist/Playlist.java|line:504
InsufficientStringBufferDeclaration;PMD;/Users/rar9993/repos/research/fdroid_apps/native_apps/SoundWaves/NONE_TRANSFORMED_;/Users/rar9993/repos/research/fdroid_apps/native_apps/SoundWaves/app/src/main/java/org/bottiger/podcast/playlist/Playlist.java;file:/Users/rar9993/repos/research/fdroid_apps/native_apps/SoundWaves/app/src/main/java/org/bottiger/podcast/playlist/Playlist.java|line:547
UseStringBufferForStringAppends;PMD;/Users/rar9993/repos/research/fdroid_apps/native_apps/SoundWaves/NONE_TRANSFORMED_;/Users/rar9993/repos/research/fdroid_apps/native_apps/SoundWaves/app/src/main/java/org/bottiger/podcast/playlist/Playlist.java;file:/Users/rar9993/repos/research/fdroid_apps/native_apps/SoundWaves/app/src/main/java/org/bottiger/podcast/playlist/Playlist.java|line:551
UseStringBufferForStringAppends;PMD;/Users/rar9993/repos/research/fdroid_apps/native_apps/SoundWaves/NONE_TRANSFORMED_;/Users/rar9993/repos/research/fdroid_apps/native_apps/SoundWaves/app/src/main/java/org/bottiger/podcast/playlist/Playlist.java;file:/Users/rar9993/repos/research/fdroid_apps/native_apps/SoundWaves/app/src/main/java/org/bottiger/podcast/playlist/Playlist.java|line:554
UseStringBufferForStringAppends;PMD;/Users/rar9993/repos/research/fdroid_apps/native_apps/SoundWaves/NONE_TRANSFORMED_;/Users/rar9993/repos/research/fdroid_apps/native_apps/SoundWaves/app/src/main/java/org/bottiger/podcast/playlist/Playlist.java;file:/Users/rar9993/repos/research/fdroid_apps/native_apps/SoundWaves/app/src/main/java/org/bottiger/podcast/playlist/Playlist.java|line:555
AppendCharacterWithChar;PMD;/Users/rar9993/repos/research/fdroid_apps/native_apps/SoundWaves/NONE_TRANSFORMED_;/Users/rar9993/repos/research/fdroid_apps/native_apps/SoundWaves/app/src/main/java/org/bottiger/podcast/playlist/Playlist.java;file:/Users/rar9993/repos/research/fdroid_apps/native_apps/SoundWaves/app/src/main/java/org/bottiger/podcast/playlist/Playlist.java|line:557
AppendCharacterWithChar;PMD;/Users/rar9993/repos/research/fdroid_apps/native_apps/SoundWaves/NONE_TRANSFORMED_;/Users/rar9993/repos/research/fdroid_apps/native_apps/SoundWaves/app/src/main/java/org/bottiger/podcast/playlist/Playlist.java;file:/Users/rar9993/repos/research/fdroid_apps/native_apps/SoundWaves/app/src/main/java/org/bottiger/podcast/playlist/Playlist.java|line:563
ConsecutiveAppendsShouldReuse;PMD;/Users/rar9993/repos/research/fdroid_apps/native_apps/SoundWaves/NONE_TRANSFORMED_;/Users/rar9993/repos/research/fdroid_apps/native_apps/SoundWaves/app/src/main/java/org/bottiger/podcast/playlist/Playlist.java;file:/Users/rar9993/repos/research/fdroid_apps/native_apps/SoundWaves/app/src/main/java/org/bottiger/podcast/playlist/Playlist.java|line:565
InefficientStringBuffering;PMD;/Users/rar9993/repos/research/fdroid_apps/native_apps/SoundWaves/NONE_TRANSFORMED_;/Users/rar9993/repos/research/fdroid_apps/native_apps/SoundWaves/app/src/main/java/org/bottiger/podcast/playlist/Playlist.java;file:/Users/rar9993/repos/research/fdroid_apps/native_apps/SoundWaves/app/src/main/java/org/bottiger/podcast/playlist/Playlist.java|line:565
ConsecutiveLiteralAppends;PMD;/Users/rar9993/repos/research/fdroid_apps/native_apps/SoundWaves/NONE_TRANSFORMED_;/Users/rar9993/repos/research/fdroid_apps/native_apps/SoundWaves/app/src/main/java/org/bottiger/podcast/playlist/Playlist.java;file:/Users/rar9993/repos/research/fdroid_apps/native_apps/SoundWaves/app/src/main/java/org/bottiger/podcast/playlist/Playlist.java|line:565
InefficientStringBuffering;PMD;/Users/rar9993/repos/research/fdroid_apps/native_apps/SoundWaves/NONE_TRANSFORMED_;/Users/rar9993/repos/research/fdroid_apps/native_apps/SoundWaves/app/src/main/java/org/bottiger/podcast/playlist/Playlist.java;file:/Users/rar9993/repos/research/fdroid_apps/native_apps/SoundWaves/app/src/main/java/org/bottiger/podcast/playlist/Playlist.java|line:567
InefficientStringBuffering;PMD;/Users/rar9993/repos/research/fdroid_apps/native_apps/SoundWaves/NONE_TRANSFORMED_;/Users/rar9993/repos/research/fdroid_apps/native_apps/SoundWaves/app/src/main/java/org/bottiger/podcast/playlist/Playlist.java;file:/Users/rar9993/repos/research/fdroid_apps/native_apps/SoundWaves/app/src/main/java/org/bottiger/podcast/playlist/Playlist.java|line:580
ConsecutiveAppendsShouldReuse;PMD;/Users/rar9993/repos/research/fdroid_apps/native_apps/SoundWaves/NONE_TRANSFORMED_;/Users/rar9993/repos/research/fdroid_apps/native_apps/SoundWaves/app/src/main/java/org/bottiger/podcast/playlist/Playlist.java;file:/Users/rar9993/repos/research/fdroid_apps/native_apps/SoundWaves/app/src/main/java/org/bottiger/podcast/playlist/Playlist.java|line:584
InefficientStringBuffering;PMD;/Users/rar9993/repos/research/fdroid_apps/native_apps/SoundWaves/NONE_TRANSFORMED_;/Users/rar9993/repos/research/fdroid_apps/native_apps/SoundWaves/app/src/main/java/org/bottiger/podcast/playlist/Playlist.java;file:/Users/rar9993/repos/research/fdroid_apps/native_apps/SoundWaves/app/src/main/java/org/bottiger/podcast/playlist/Playlist.java|line:584
ConsecutiveLiteralAppends;PMD;/Users/rar9993/repos/research/fdroid_apps/native_apps/SoundWaves/NONE_TRANSFORMED_;/Users/rar9993/repos/research/fdroid_apps/native_apps/SoundWaves/app/src/main/java/org/bottiger/podcast/playlist/Playlist.java;file:/Users/rar9993/repos/research/fdroid_apps/native_apps/SoundWaves/app/src/main/java/org/bottiger/podcast/playlist/Playlist.java|line:584
InefficientStringBuffering;PMD;/Users/rar9993/repos/research/fdroid_apps/native_apps/SoundWaves/NONE_TRANSFORMED_;/Users/rar9993/repos/research/fdroid_apps/native_apps/SoundWaves/app/src/main/java/org/bottiger/podcast/playlist/Playlist.java;file:/Users/rar9993/repos/research/fdroid_apps/native_apps/SoundWaves/app/src/main/java/org/bottiger/podcast/playlist/Playlist.java|line:587
UseStringBufferForStringAppends;PMD;/Users/rar9993/repos/research/fdroid_apps/native_apps/SoundWaves/NONE_TRANSFORMED_;/Users/rar9993/repos/research/fdroid_apps/native_apps/SoundWaves/app/src/main/java/org/bottiger/podcast/playlist/filters/SubscriptionFilter.java;file:/Users/rar9993/repos/research/fdroid_apps/native_apps/SoundWaves/app/src/main/java/org/bottiger/podcast/playlist/filters/SubscriptionFilter.java|line:168
UseStringBufferForStringAppends;PMD;/Users/rar9993/repos/research/fdroid_apps/native_apps/SoundWaves/NONE_TRANSFORMED_;/Users/rar9993/repos/research/fdroid_apps/native_apps/SoundWaves/app/src/main/java/org/bottiger/podcast/playlist/filters/SubscriptionFilter.java;file:/Users/rar9993/repos/research/fdroid_apps/native_apps/SoundWaves/app/src/main/java/org/bottiger/podcast/playlist/filters/SubscriptionFilter.java|line:169
UseStringBufferForStringAppends;PMD;/Users/rar9993/repos/research/fdroid_apps/native_apps/SoundWaves/NONE_TRANSFORMED_;/Users/rar9993/repos/research/fdroid_apps/native_apps/SoundWaves/app/src/main/java/org/bottiger/podcast/playlist/filters/SubscriptionFilter.java;file:/Users/rar9993/repos/research/fdroid_apps/native_apps/SoundWaves/app/src/main/java/org/bottiger/podcast/playlist/filters/SubscriptionFilter.java|line:170
InsufficientStringBufferDeclaration;PMD;/Users/rar9993/repos/research/fdroid_apps/native_apps/SoundWaves/NONE_TRANSFORMED_;/Users/rar9993/repos/research/fdroid_apps/native_apps/SoundWaves/app/src/main/java/org/bottiger/podcast/provider/DatabaseHelper.java;file:/Users/rar9993/repos/research/fdroid_apps/native_apps/SoundWaves/app/src/main/java/org/bottiger/podcast/provider/DatabaseHelper.java|line:157
InefficientStringBuffering;PMD;/Users/rar9993/repos/research/fdroid_apps/native_apps/SoundWaves/NONE_TRANSFORMED_;/Users/rar9993/repos/research/fdroid_apps/native_apps/SoundWaves/app/src/main/java/org/bottiger/podcast/provider/DatabaseHelper.java;file:/Users/rar9993/repos/research/fdroid_apps/native_apps/SoundWaves/app/src/main/java/org/bottiger/podcast/provider/DatabaseHelper.java|line:158
InefficientStringBuffering;PMD;/Users/rar9993/repos/research/fdroid_apps/native_apps/SoundWaves/NONE_TRANSFORMED_;/Users/rar9993/repos/research/fdroid_apps/native_apps/SoundWaves/app/src/main/java/org/bottiger/podcast/provider/DatabaseHelper.java;file:/Users/rar9993/repos/research/fdroid_apps/native_apps/SoundWaves/app/src/main/java/org/bottiger/podcast/provider/DatabaseHelper.java|line:164
RedundantFieldInitializer;PMD;/Users/rar9993/repos/research/fdroid_apps/native_apps/SoundWaves/NONE_TRANSFORMED_;/Users/rar9993/repos/research/fdroid_apps/native_apps/SoundWaves/app/src/main/java/org/bottiger/podcast/provider/FeedItem.java;file:/Users/rar9993/repos/research/fdroid_apps/native_apps/SoundWaves/app/src/main/java/org/bottiger/podcast/provider/FeedItem.java|line:290
RedundantFieldInitializer;PMD;/Users/rar9993/repos/research/fdroid_apps/native_apps/SoundWaves/NONE_TRANSFORMED_;/Users/rar9993/repos/research/fdroid_apps/native_apps/SoundWaves/app/src/main/java/org/bottiger/podcast/provider/FeedItem.java;file:/Users/rar9993/repos/research/fdroid_apps/native_apps/SoundWaves/app/src/main/java/org/bottiger/podcast/provider/FeedItem.java|line:292
RedundantFieldInitializer;PMD;/Users/rar9993/repos/research/fdroid_apps/native_apps/SoundWaves/NONE_TRANSFORMED_;/Users/rar9993/repos/research/fdroid_apps/native_apps/SoundWaves/app/src/main/java/org/bottiger/podcast/provider/PersistedSubscription.java;file:/Users/rar9993/repos/research/fdroid_apps/native_apps/SoundWaves/app/src/main/java/org/bottiger/podcast/provider/PersistedSubscription.java|line:49
RedundantFieldInitializer;PMD;/Users/rar9993/repos/research/fdroid_apps/native_apps/SoundWaves/NONE_TRANSFORMED_;/Users/rar9993/repos/research/fdroid_apps/native_apps/SoundWaves/app/src/main/java/org/bottiger/podcast/provider/PodcastOpenHelper.java;file:/Users/rar9993/repos/research/fdroid_apps/native_apps/SoundWaves/app/src/main/java/org/bottiger/podcast/provider/PodcastOpenHelper.java|line:21
RedundantFieldInitializer;PMD;/Users/rar9993/repos/research/fdroid_apps/native_apps/SoundWaves/NONE_TRANSFORMED_;/Users/rar9993/repos/research/fdroid_apps/native_apps/SoundWaves/app/src/main/java/org/bottiger/podcast/provider/PodcastProvider.java;file:/Users/rar9993/repos/research/fdroid_apps/native_apps/SoundWaves/app/src/main/java/org/bottiger/podcast/provider/PodcastProvider.java|line:33
RedundantFieldInitializer;PMD;/Users/rar9993/repos/research/fdroid_apps/native_apps/SoundWaves/NONE_TRANSFORMED_;/Users/rar9993/repos/research/fdroid_apps/native_apps/SoundWaves/app/src/main/java/org/bottiger/podcast/provider/PodcastProvider.java;file:/Users/rar9993/repos/research/fdroid_apps/native_apps/SoundWaves/app/src/main/java/org/bottiger/podcast/provider/PodcastProvider.java|line:35
RedundantFieldInitializer;PMD;/Users/rar9993/repos/research/fdroid_apps/native_apps/SoundWaves/NONE_TRANSFORMED_;/Users/rar9993/repos/research/fdroid_apps/native_apps/SoundWaves/app/src/main/java/org/bottiger/podcast/provider/PodcastProvider.java;file:/Users/rar9993/repos/research/fdroid_apps/native_apps/SoundWaves/app/src/main/java/org/bottiger/podcast/provider/PodcastProvider.java|line:36
RedundantFieldInitializer;PMD;/Users/rar9993/repos/research/fdroid_apps/native_apps/SoundWaves/NONE_TRANSFORMED_;/Users/rar9993/repos/research/fdroid_apps/native_apps/SoundWaves/app/src/main/java/org/bottiger/podcast/provider/PodcastProvider.java;file:/Users/rar9993/repos/research/fdroid_apps/native_apps/SoundWaves/app/src/main/java/org/bottiger/podcast/provider/PodcastProvider.java|line:37
TooFewBranchesForSwitch;PMD;/Users/rar9993/repos/research/fdroid_apps/native_apps/SoundWaves/NONE_TRANSFORMED_;/Users/rar9993/repos/research/fdroid_apps/native_apps/SoundWaves/app/src/main/java/org/bottiger/podcast/provider/PodcastProvider.java;file:/Users/rar9993/repos/research/fdroid_apps/native_apps/SoundWaves/app/src/main/java/org/bottiger/podcast/provider/PodcastProvider.java|line:169
TooFewBranchesForSwitch;PMD;/Users/rar9993/repos/research/fdroid_apps/native_apps/SoundWaves/NONE_TRANSFORMED_;/Users/rar9993/repos/research/fdroid_apps/native_apps/SoundWaves/app/src/main/java/org/bottiger/podcast/provider/PodcastProvider.java;file:/Users/rar9993/repos/research/fdroid_apps/native_apps/SoundWaves/app/src/main/java/org/bottiger/podcast/provider/PodcastProvider.java|line:215
RedundantFieldInitializer;PMD;/Users/rar9993/repos/research/fdroid_apps/native_apps/SoundWaves/NONE_TRANSFORMED_;/Users/rar9993/repos/research/fdroid_apps/native_apps/SoundWaves/app/src/main/java/org/bottiger/podcast/provider/QueueEpisode.java;file:/Users/rar9993/repos/research/fdroid_apps/native_apps/SoundWaves/app/src/main/java/org/bottiger/podcast/provider/QueueEpisode.java|line:17
UselessStringValueOf;PMD;/Users/rar9993/repos/research/fdroid_apps/native_apps/SoundWaves/NONE_TRANSFORMED_;/Users/rar9993/repos/research/fdroid_apps/native_apps/SoundWaves/app/src/main/java/org/bottiger/podcast/provider/QueueEpisode.java;file:/Users/rar9993/repos/research/fdroid_apps/native_apps/SoundWaves/app/src/main/java/org/bottiger/podcast/provider/QueueEpisode.java|line:78
RedundantFieldInitializer;PMD;/Users/rar9993/repos/research/fdroid_apps/native_apps/SoundWaves/NONE_TRANSFORMED_;/Users/rar9993/repos/research/fdroid_apps/native_apps/SoundWaves/app/src/main/java/org/bottiger/podcast/provider/SlimImplementations/SlimEpisode.java;file:/Users/rar9993/repos/research/fdroid_apps/native_apps/SoundWaves/app/src/main/java/org/bottiger/podcast/provider/SlimImplementations/SlimEpisode.java|line:33
RedundantFieldInitializer;PMD;/Users/rar9993/repos/research/fdroid_apps/native_apps/SoundWaves/NONE_TRANSFORMED_;/Users/rar9993/repos/research/fdroid_apps/native_apps/SoundWaves/app/src/main/java/org/bottiger/podcast/provider/SlimImplementations/SlimSubscription.java;file:/Users/rar9993/repos/research/fdroid_apps/native_apps/SoundWaves/app/src/main/java/org/bottiger/podcast/provider/SlimImplementations/SlimSubscription.java|line:30
RedundantFieldInitializer;PMD;/Users/rar9993/repos/research/fdroid_apps/native_apps/SoundWaves/NONE_TRANSFORMED_;/Users/rar9993/repos/research/fdroid_apps/native_apps/SoundWaves/app/src/main/java/org/bottiger/podcast/provider/SlimImplementations/SlimSubscription.java;file:/Users/rar9993/repos/research/fdroid_apps/native_apps/SoundWaves/app/src/main/java/org/bottiger/podcast/provider/SlimImplementations/SlimSubscription.java|line:31
RedundantFieldInitializer;PMD;/Users/rar9993/repos/research/fdroid_apps/native_apps/SoundWaves/NONE_TRANSFORMED_;/Users/rar9993/repos/research/fdroid_apps/native_apps/SoundWaves/app/src/main/java/org/bottiger/podcast/provider/SlimImplementations/SlimSubscription.java;file:/Users/rar9993/repos/research/fdroid_apps/native_apps/SoundWaves/app/src/main/java/org/bottiger/podcast/provider/SlimImplementations/SlimSubscription.java|line:33
RedundantFieldInitializer;PMD;/Users/rar9993/repos/research/fdroid_apps/native_apps/SoundWaves/NONE_TRANSFORMED_;/Users/rar9993/repos/research/fdroid_apps/native_apps/SoundWaves/app/src/main/java/org/bottiger/podcast/provider/Subscription.java;file:/Users/rar9993/repos/research/fdroid_apps/native_apps/SoundWaves/app/src/main/java/org/bottiger/podcast/provider/Subscription.java|line:42
RedundantFieldInitializer;PMD;/Users/rar9993/repos/research/fdroid_apps/native_apps/SoundWaves/NONE_TRANSFORMED_;/Users/rar9993/repos/research/fdroid_apps/native_apps/SoundWaves/app/src/main/java/org/bottiger/podcast/provider/base/BaseSubscription.java;file:/Users/rar9993/repos/research/fdroid_apps/native_apps/SoundWaves/app/src/main/java/org/bottiger/podcast/provider/base/BaseSubscription.java|line:58
RedundantFieldInitializer;PMD;/Users/rar9993/repos/research/fdroid_apps/native_apps/SoundWaves/NONE_TRANSFORMED_;/Users/rar9993/repos/research/fdroid_apps/native_apps/SoundWaves/app/src/main/java/org/bottiger/podcast/provider/base/BaseSubscription.java;file:/Users/rar9993/repos/research/fdroid_apps/native_apps/SoundWaves/app/src/main/java/org/bottiger/podcast/provider/base/BaseSubscription.java|line:59
RedundantFieldInitializer;PMD;/Users/rar9993/repos/research/fdroid_apps/native_apps/SoundWaves/NONE_TRANSFORMED_;/Users/rar9993/repos/research/fdroid_apps/native_apps/SoundWaves/app/src/main/java/org/bottiger/podcast/provider/base/BaseSubscription.java;file:/Users/rar9993/repos/research/fdroid_apps/native_apps/SoundWaves/app/src/main/java/org/bottiger/podcast/provider/base/BaseSubscription.java|line:60
AddEmptyString;PMD;/Users/rar9993/repos/research/fdroid_apps/native_apps/SoundWaves/NONE_TRANSFORMED_;/Users/rar9993/repos/research/fdroid_apps/native_apps/SoundWaves/app/src/main/java/org/bottiger/podcast/receiver/HeadsetReceiver.java;file:/Users/rar9993/repos/research/fdroid_apps/native_apps/SoundWaves/app/src/main/java/org/bottiger/podcast/receiver/HeadsetReceiver.java|line:20
RedundantFieldInitializer;PMD;/Users/rar9993/repos/research/fdroid_apps/native_apps/SoundWaves/NONE_TRANSFORMED_;/Users/rar9993/repos/research/fdroid_apps/native_apps/SoundWaves/app/src/main/java/org/bottiger/podcast/service/Downloader/SoundWavesDownloadManager.java;file:/Users/rar9993/repos/research/fdroid_apps/native_apps/SoundWaves/app/src/main/java/org/bottiger/podcast/service/Downloader/SoundWavesDownloadManager.java|line:96
RedundantFieldInitializer;PMD;/Users/rar9993/repos/research/fdroid_apps/native_apps/SoundWaves/NONE_TRANSFORMED_;/Users/rar9993/repos/research/fdroid_apps/native_apps/SoundWaves/app/src/main/java/org/bottiger/podcast/service/Downloader/SoundWavesDownloadManager.java;file:/Users/rar9993/repos/research/fdroid_apps/native_apps/SoundWaves/app/src/main/java/org/bottiger/podcast/service/Downloader/SoundWavesDownloadManager.java|line:98
AvoidInstantiatingObjectsInLoops;PMD;/Users/rar9993/repos/research/fdroid_apps/native_apps/SoundWaves/NONE_TRANSFORMED_;/Users/rar9993/repos/research/fdroid_apps/native_apps/SoundWaves/app/src/main/java/org/bottiger/podcast/service/Downloader/SubscriptionRefreshManager.java;file:/Users/rar9993/repos/research/fdroid_apps/native_apps/SoundWaves/app/src/main/java/org/bottiger/podcast/service/Downloader/SubscriptionRefreshManager.java|line:227
RedundantFieldInitializer;PMD;/Users/rar9993/repos/research/fdroid_apps/native_apps/SoundWaves/NONE_TRANSFORMED_;/Users/rar9993/repos/research/fdroid_apps/native_apps/SoundWaves/app/src/main/java/org/bottiger/podcast/service/Downloader/engines/DownloadEngineBase.java;file:/Users/rar9993/repos/research/fdroid_apps/native_apps/SoundWaves/app/src/main/java/org/bottiger/podcast/service/Downloader/engines/DownloadEngineBase.java|line:19
RedundantFieldInitializer;PMD;/Users/rar9993/repos/research/fdroid_apps/native_apps/SoundWaves/NONE_TRANSFORMED_;/Users/rar9993/repos/research/fdroid_apps/native_apps/SoundWaves/app/src/main/java/org/bottiger/podcast/service/Downloader/engines/DownloadEngineBase.java;file:/Users/rar9993/repos/research/fdroid_apps/native_apps/SoundWaves/app/src/main/java/org/bottiger/podcast/service/Downloader/engines/DownloadEngineBase.java|line:20
RedundantFieldInitializer;PMD;/Users/rar9993/repos/research/fdroid_apps/native_apps/SoundWaves/NONE_TRANSFORMED_;/Users/rar9993/repos/research/fdroid_apps/native_apps/SoundWaves/app/src/main/java/org/bottiger/podcast/service/Downloader/engines/okhttp/OkHttpDownloader.java;file:/Users/rar9993/repos/research/fdroid_apps/native_apps/SoundWaves/app/src/main/java/org/bottiger/podcast/service/Downloader/engines/okhttp/OkHttpDownloader.java|line:282
RedundantFieldInitializer;PMD;/Users/rar9993/repos/research/fdroid_apps/native_apps/SoundWaves/NONE_TRANSFORMED_;/Users/rar9993/repos/research/fdroid_apps/native_apps/SoundWaves/app/src/main/java/org/bottiger/podcast/service/PlayerService.java;file:/Users/rar9993/repos/research/fdroid_apps/native_apps/SoundWaves/app/src/main/java/org/bottiger/podcast/service/PlayerService.java|line:111
RedundantFieldInitializer;PMD;/Users/rar9993/repos/research/fdroid_apps/native_apps/SoundWaves/NONE_TRANSFORMED_;/Users/rar9993/repos/research/fdroid_apps/native_apps/SoundWaves/app/src/main/java/org/bottiger/podcast/service/PlayerService.java;file:/Users/rar9993/repos/research/fdroid_apps/native_apps/SoundWaves/app/src/main/java/org/bottiger/podcast/service/PlayerService.java|line:112
RedundantFieldInitializer;PMD;/Users/rar9993/repos/research/fdroid_apps/native_apps/SoundWaves/NONE_TRANSFORMED_;/Users/rar9993/repos/research/fdroid_apps/native_apps/SoundWaves/app/src/main/java/org/bottiger/podcast/service/PlayerService.java;file:/Users/rar9993/repos/research/fdroid_apps/native_apps/SoundWaves/app/src/main/java/org/bottiger/podcast/service/PlayerService.java|line:135
RedundantFieldInitializer;PMD;/Users/rar9993/repos/research/fdroid_apps/native_apps/SoundWaves/NONE_TRANSFORMED_;/Users/rar9993/repos/research/fdroid_apps/native_apps/SoundWaves/app/src/main/java/org/bottiger/podcast/service/syncadapter/CloudSyncService.java;file:/Users/rar9993/repos/research/fdroid_apps/native_apps/SoundWaves/app/src/main/java/org/bottiger/podcast/service/syncadapter/CloudSyncService.java|line:21
RedundantFieldInitializer;PMD;/Users/rar9993/repos/research/fdroid_apps/native_apps/SoundWaves/NONE_TRANSFORMED_;/Users/rar9993/repos/research/fdroid_apps/native_apps/SoundWaves/app/src/main/java/org/bottiger/podcast/utils/ColorUtils.java;file:/Users/rar9993/repos/research/fdroid_apps/native_apps/SoundWaves/app/src/main/java/org/bottiger/podcast/utils/ColorUtils.java|line:26
AvoidFileStream;PMD;/Users/rar9993/repos/research/fdroid_apps/native_apps/SoundWaves/NONE_TRANSFORMED_;/Users/rar9993/repos/research/fdroid_apps/native_apps/SoundWaves/app/src/main/java/org/bottiger/podcast/utils/CryptoUtils.java;file:/Users/rar9993/repos/research/fdroid_apps/native_apps/SoundWaves/app/src/main/java/org/bottiger/podcast/utils/CryptoUtils.java|line:126
AvoidCalendarDateCreation;PMD;/Users/rar9993/repos/research/fdroid_apps/native_apps/SoundWaves/NONE_TRANSFORMED_;/Users/rar9993/repos/research/fdroid_apps/native_apps/SoundWaves/app/src/main/java/org/bottiger/podcast/utils/CryptoUtils.java;file:/Users/rar9993/repos/research/fdroid_apps/native_apps/SoundWaves/app/src/main/java/org/bottiger/podcast/utils/CryptoUtils.java|line:310
RedundantFieldInitializer;PMD;/Users/rar9993/repos/research/fdroid_apps/native_apps/SoundWaves/NONE_TRANSFORMED_;/Users/rar9993/repos/research/fdroid_apps/native_apps/SoundWaves/app/src/main/java/org/bottiger/podcast/utils/DateUtils.java;file:/Users/rar9993/repos/research/fdroid_apps/native_apps/SoundWaves/app/src/main/java/org/bottiger/podcast/utils/DateUtils.java|line:72
OptimizableToArrayCall;PMD;/Users/rar9993/repos/research/fdroid_apps/native_apps/SoundWaves/NONE_TRANSFORMED_;/Users/rar9993/repos/research/fdroid_apps/native_apps/SoundWaves/app/src/main/java/org/bottiger/podcast/utils/DateUtils.java;file:/Users/rar9993/repos/research/fdroid_apps/native_apps/SoundWaves/app/src/main/java/org/bottiger/podcast/utils/DateUtils.java|line:243
AvoidFileStream;PMD;/Users/rar9993/repos/research/fdroid_apps/native_apps/SoundWaves/NONE_TRANSFORMED_;/Users/rar9993/repos/research/fdroid_apps/native_apps/SoundWaves/app/src/main/java/org/bottiger/podcast/utils/FileUtils.java;file:/Users/rar9993/repos/research/fdroid_apps/native_apps/SoundWaves/app/src/main/java/org/bottiger/podcast/utils/FileUtils.java|line:23
AvoidFileStream;PMD;/Users/rar9993/repos/research/fdroid_apps/native_apps/SoundWaves/NONE_TRANSFORMED_;/Users/rar9993/repos/research/fdroid_apps/native_apps/SoundWaves/app/src/main/java/org/bottiger/podcast/utils/FileUtils.java;file:/Users/rar9993/repos/research/fdroid_apps/native_apps/SoundWaves/app/src/main/java/org/bottiger/podcast/utils/FileUtils.java|line:25
AvoidInstantiatingObjectsInLoops;PMD;/Users/rar9993/repos/research/fdroid_apps/native_apps/SoundWaves/NONE_TRANSFORMED_;/Users/rar9993/repos/research/fdroid_apps/native_apps/SoundWaves/app/src/main/java/org/bottiger/podcast/utils/OPMLImportExport.java;file:/Users/rar9993/repos/research/fdroid_apps/native_apps/SoundWaves/app/src/main/java/org/bottiger/podcast/utils/OPMLImportExport.java|line:119
AvoidInstantiatingObjectsInLoops;PMD;/Users/rar9993/repos/research/fdroid_apps/native_apps/SoundWaves/NONE_TRANSFORMED_;/Users/rar9993/repos/research/fdroid_apps/native_apps/SoundWaves/app/src/main/java/org/bottiger/podcast/utils/OPMLImportExport.java;file:/Users/rar9993/repos/research/fdroid_apps/native_apps/SoundWaves/app/src/main/java/org/bottiger/podcast/utils/OPMLImportExport.java|line:126
AvoidFileStream;PMD;/Users/rar9993/repos/research/fdroid_apps/native_apps/SoundWaves/NONE_TRANSFORMED_;/Users/rar9993/repos/research/fdroid_apps/native_apps/SoundWaves/app/src/main/java/org/bottiger/podcast/utils/OPMLImportExport.java;file:/Users/rar9993/repos/research/fdroid_apps/native_apps/SoundWaves/app/src/main/java/org/bottiger/podcast/utils/OPMLImportExport.java|line:183
RedundantFieldInitializer;PMD;/Users/rar9993/repos/research/fdroid_apps/native_apps/SoundWaves/NONE_TRANSFORMED_;/Users/rar9993/repos/research/fdroid_apps/native_apps/SoundWaves/app/src/main/java/org/bottiger/podcast/utils/SDCardManager.java;file:/Users/rar9993/repos/research/fdroid_apps/native_apps/SoundWaves/app/src/main/java/org/bottiger/podcast/utils/SDCardManager.java|line:34
RedundantFieldInitializer;PMD;/Users/rar9993/repos/research/fdroid_apps/native_apps/SoundWaves/NONE_TRANSFORMED_;/Users/rar9993/repos/research/fdroid_apps/native_apps/SoundWaves/app/src/main/java/org/bottiger/podcast/utils/SDCardManager.java;file:/Users/rar9993/repos/research/fdroid_apps/native_apps/SoundWaves/app/src/main/java/org/bottiger/podcast/utils/SDCardManager.java|line:35
AddEmptyString;PMD;/Users/rar9993/repos/research/fdroid_apps/native_apps/SoundWaves/NONE_TRANSFORMED_;/Users/rar9993/repos/research/fdroid_apps/native_apps/SoundWaves/app/src/main/java/org/bottiger/podcast/utils/SDCardManager.java;file:/Users/rar9993/repos/research/fdroid_apps/native_apps/SoundWaves/app/src/main/java/org/bottiger/podcast/utils/SDCardManager.java|line:123
AddEmptyString;PMD;/Users/rar9993/repos/research/fdroid_apps/native_apps/SoundWaves/NONE_TRANSFORMED_;/Users/rar9993/repos/research/fdroid_apps/native_apps/SoundWaves/app/src/main/java/org/bottiger/podcast/utils/SDCardManager.java;file:/Users/rar9993/repos/research/fdroid_apps/native_apps/SoundWaves/app/src/main/java/org/bottiger/podcast/utils/SDCardManager.java|line:128
AddEmptyString;PMD;/Users/rar9993/repos/research/fdroid_apps/native_apps/SoundWaves/NONE_TRANSFORMED_;/Users/rar9993/repos/research/fdroid_apps/native_apps/SoundWaves/app/src/main/java/org/bottiger/podcast/utils/SDCardManager.java;file:/Users/rar9993/repos/research/fdroid_apps/native_apps/SoundWaves/app/src/main/java/org/bottiger/podcast/utils/SDCardManager.java|line:133
AvoidInstantiatingObjectsInLoops;PMD;/Users/rar9993/repos/research/fdroid_apps/native_apps/SoundWaves/NONE_TRANSFORMED_;/Users/rar9993/repos/research/fdroid_apps/native_apps/SoundWaves/app/src/main/java/org/bottiger/podcast/utils/SDCardManager.java;file:/Users/rar9993/repos/research/fdroid_apps/native_apps/SoundWaves/app/src/main/java/org/bottiger/podcast/utils/SDCardManager.java|line:166
AvoidInstantiatingObjectsInLoops;PMD;/Users/rar9993/repos/research/fdroid_apps/native_apps/SoundWaves/NONE_TRANSFORMED_;/Users/rar9993/repos/research/fdroid_apps/native_apps/SoundWaves/app/src/main/java/org/bottiger/podcast/utils/StorageUtils.java;file:/Users/rar9993/repos/research/fdroid_apps/native_apps/SoundWaves/app/src/main/java/org/bottiger/podcast/utils/StorageUtils.java|line:127
AvoidInstantiatingObjectsInLoops;PMD;/Users/rar9993/repos/research/fdroid_apps/native_apps/SoundWaves/NONE_TRANSFORMED_;/Users/rar9993/repos/research/fdroid_apps/native_apps/SoundWaves/app/src/main/java/org/bottiger/podcast/utils/StorageUtils.java;file:/Users/rar9993/repos/research/fdroid_apps/native_apps/SoundWaves/app/src/main/java/org/bottiger/podcast/utils/StorageUtils.java|line:142
AppendCharacterWithChar;PMD;/Users/rar9993/repos/research/fdroid_apps/native_apps/SoundWaves/NONE_TRANSFORMED_;/Users/rar9993/repos/research/fdroid_apps/native_apps/SoundWaves/app/src/main/java/org/bottiger/podcast/utils/StrUtils.java;file:/Users/rar9993/repos/research/fdroid_apps/native_apps/SoundWaves/app/src/main/java/org/bottiger/podcast/utils/StrUtils.java|line:144
ConsecutiveAppendsShouldReuse;PMD;/Users/rar9993/repos/research/fdroid_apps/native_apps/SoundWaves/NONE_TRANSFORMED_;/Users/rar9993/repos/research/fdroid_apps/native_apps/SoundWaves/app/src/main/java/org/bottiger/podcast/utils/StrUtils.java;file:/Users/rar9993/repos/research/fdroid_apps/native_apps/SoundWaves/app/src/main/java/org/bottiger/podcast/utils/StrUtils.java|line:148
AddEmptyString;PMD;/Users/rar9993/repos/research/fdroid_apps/native_apps/SoundWaves/NONE_TRANSFORMED_;/Users/rar9993/repos/research/fdroid_apps/native_apps/SoundWaves/app/src/main/java/org/bottiger/podcast/utils/StrUtils.java;file:/Users/rar9993/repos/research/fdroid_apps/native_apps/SoundWaves/app/src/main/java/org/bottiger/podcast/utils/StrUtils.java|line:148
AppendCharacterWithChar;PMD;/Users/rar9993/repos/research/fdroid_apps/native_apps/SoundWaves/NONE_TRANSFORMED_;/Users/rar9993/repos/research/fdroid_apps/native_apps/SoundWaves/app/src/main/java/org/bottiger/podcast/utils/StrUtils.java;file:/Users/rar9993/repos/research/fdroid_apps/native_apps/SoundWaves/app/src/main/java/org/bottiger/podcast/utils/StrUtils.java|line:149
ConsecutiveAppendsShouldReuse;PMD;/Users/rar9993/repos/research/fdroid_apps/native_apps/SoundWaves/NONE_TRANSFORMED_;/Users/rar9993/repos/research/fdroid_apps/native_apps/SoundWaves/app/src/main/java/org/bottiger/podcast/utils/StrUtils.java;file:/Users/rar9993/repos/research/fdroid_apps/native_apps/SoundWaves/app/src/main/java/org/bottiger/podcast/utils/StrUtils.java|line:152
ConsecutiveAppendsShouldReuse;PMD;/Users/rar9993/repos/research/fdroid_apps/native_apps/SoundWaves/NONE_TRANSFORMED_;/Users/rar9993/repos/research/fdroid_apps/native_apps/SoundWaves/app/src/main/java/org/bottiger/podcast/utils/StrUtils.java;file:/Users/rar9993/repos/research/fdroid_apps/native_apps/SoundWaves/app/src/main/java/org/bottiger/podcast/utils/StrUtils.java|line:154
AppendCharacterWithChar;PMD;/Users/rar9993/repos/research/fdroid_apps/native_apps/SoundWaves/NONE_TRANSFORMED_;/Users/rar9993/repos/research/fdroid_apps/native_apps/SoundWaves/app/src/main/java/org/bottiger/podcast/utils/StrUtils.java;file:/Users/rar9993/repos/research/fdroid_apps/native_apps/SoundWaves/app/src/main/java/org/bottiger/podcast/utils/StrUtils.java|line:154
AppendCharacterWithChar;PMD;/Users/rar9993/repos/research/fdroid_apps/native_apps/SoundWaves/NONE_TRANSFORMED_;/Users/rar9993/repos/research/fdroid_apps/native_apps/SoundWaves/app/src/main/java/org/bottiger/podcast/utils/StrUtils.java;file:/Users/rar9993/repos/research/fdroid_apps/native_apps/SoundWaves/app/src/main/java/org/bottiger/podcast/utils/StrUtils.java|line:177
ConsecutiveAppendsShouldReuse;PMD;/Users/rar9993/repos/research/fdroid_apps/native_apps/SoundWaves/NONE_TRANSFORMED_;/Users/rar9993/repos/research/fdroid_apps/native_apps/SoundWaves/app/src/main/java/org/bottiger/podcast/utils/StrUtils.java;file:/Users/rar9993/repos/research/fdroid_apps/native_apps/SoundWaves/app/src/main/java/org/bottiger/podcast/utils/StrUtils.java|line:181
AddEmptyString;PMD;/Users/rar9993/repos/research/fdroid_apps/native_apps/SoundWaves/NONE_TRANSFORMED_;/Users/rar9993/repos/research/fdroid_apps/native_apps/SoundWaves/app/src/main/java/org/bottiger/podcast/utils/StrUtils.java;file:/Users/rar9993/repos/research/fdroid_apps/native_apps/SoundWaves/app/src/main/java/org/bottiger/podcast/utils/StrUtils.java|line:181
AppendCharacterWithChar;PMD;/Users/rar9993/repos/research/fdroid_apps/native_apps/SoundWaves/NONE_TRANSFORMED_;/Users/rar9993/repos/research/fdroid_apps/native_apps/SoundWaves/app/src/main/java/org/bottiger/podcast/utils/StrUtils.java;file:/Users/rar9993/repos/research/fdroid_apps/native_apps/SoundWaves/app/src/main/java/org/bottiger/podcast/utils/StrUtils.java|line:182
ConsecutiveAppendsShouldReuse;PMD;/Users/rar9993/repos/research/fdroid_apps/native_apps/SoundWaves/NONE_TRANSFORMED_;/Users/rar9993/repos/research/fdroid_apps/native_apps/SoundWaves/app/src/main/java/org/bottiger/podcast/utils/StrUtils.java;file:/Users/rar9993/repos/research/fdroid_apps/native_apps/SoundWaves/app/src/main/java/org/bottiger/podcast/utils/StrUtils.java|line:185
AppendCharacterWithChar;PMD;/Users/rar9993/repos/research/fdroid_apps/native_apps/SoundWaves/NONE_TRANSFORMED_;/Users/rar9993/repos/research/fdroid_apps/native_apps/SoundWaves/app/src/main/java/org/bottiger/podcast/utils/StrUtils.java;file:/Users/rar9993/repos/research/fdroid_apps/native_apps/SoundWaves/app/src/main/java/org/bottiger/podcast/utils/StrUtils.java|line:187
ConsecutiveAppendsShouldReuse;PMD;/Users/rar9993/repos/research/fdroid_apps/native_apps/SoundWaves/NONE_TRANSFORMED_;/Users/rar9993/repos/research/fdroid_apps/native_apps/SoundWaves/app/src/main/java/org/bottiger/podcast/utils/StrUtils.java;file:/Users/rar9993/repos/research/fdroid_apps/native_apps/SoundWaves/app/src/main/java/org/bottiger/podcast/utils/StrUtils.java|line:190
AppendCharacterWithChar;PMD;/Users/rar9993/repos/research/fdroid_apps/native_apps/SoundWaves/NONE_TRANSFORMED_;/Users/rar9993/repos/research/fdroid_apps/native_apps/SoundWaves/app/src/main/java/org/bottiger/podcast/utils/StrUtils.java;file:/Users/rar9993/repos/research/fdroid_apps/native_apps/SoundWaves/app/src/main/java/org/bottiger/podcast/utils/StrUtils.java|line:192
AddEmptyString;PMD;/Users/rar9993/repos/research/fdroid_apps/native_apps/SoundWaves/NONE_TRANSFORMED_;/Users/rar9993/repos/research/fdroid_apps/native_apps/SoundWaves/app/src/main/java/org/bottiger/podcast/utils/StrUtils.java;file:/Users/rar9993/repos/research/fdroid_apps/native_apps/SoundWaves/app/src/main/java/org/bottiger/podcast/utils/StrUtils.java|line:219
AddEmptyString;PMD;/Users/rar9993/repos/research/fdroid_apps/native_apps/SoundWaves/NONE_TRANSFORMED_;/Users/rar9993/repos/research/fdroid_apps/native_apps/SoundWaves/app/src/main/java/org/bottiger/podcast/utils/StrUtils.java;file:/Users/rar9993/repos/research/fdroid_apps/native_apps/SoundWaves/app/src/main/java/org/bottiger/podcast/utils/StrUtils.java|line:248
AvoidInstantiatingObjectsInLoops;PMD;/Users/rar9993/repos/research/fdroid_apps/native_apps/SoundWaves/NONE_TRANSFORMED_;/Users/rar9993/repos/research/fdroid_apps/native_apps/SoundWaves/app/src/main/java/org/bottiger/podcast/utils/UIUtils.java;file:/Users/rar9993/repos/research/fdroid_apps/native_apps/SoundWaves/app/src/main/java/org/bottiger/podcast/utils/UIUtils.java|line:100
AvoidInstantiatingObjectsInLoops;PMD;/Users/rar9993/repos/research/fdroid_apps/native_apps/SoundWaves/NONE_TRANSFORMED_;/Users/rar9993/repos/research/fdroid_apps/native_apps/SoundWaves/app/src/main/java/org/bottiger/podcast/utils/chapter/ChapterUtil.java;file:/Users/rar9993/repos/research/fdroid_apps/native_apps/SoundWaves/app/src/main/java/org/bottiger/podcast/utils/chapter/ChapterUtil.java|line:114
RedundantFieldInitializer;PMD;/Users/rar9993/repos/research/fdroid_apps/native_apps/SoundWaves/NONE_TRANSFORMED_;/Users/rar9993/repos/research/fdroid_apps/native_apps/SoundWaves/app/src/main/java/org/bottiger/podcast/utils/featured/FeaturedPodcastsUtil.java;file:/Users/rar9993/repos/research/fdroid_apps/native_apps/SoundWaves/app/src/main/java/org/bottiger/podcast/utils/featured/FeaturedPodcastsUtil.java|line:34
RedundantFieldInitializer;PMD;/Users/rar9993/repos/research/fdroid_apps/native_apps/SoundWaves/NONE_TRANSFORMED_;/Users/rar9993/repos/research/fdroid_apps/native_apps/SoundWaves/app/src/main/java/org/bottiger/podcast/utils/preferenceUtils/GPodderAuthDialogPreference.java;file:/Users/rar9993/repos/research/fdroid_apps/native_apps/SoundWaves/app/src/main/java/org/bottiger/podcast/utils/preferenceUtils/GPodderAuthDialogPreference.java|line:50
RedundantFieldInitializer;PMD;/Users/rar9993/repos/research/fdroid_apps/native_apps/SoundWaves/NONE_TRANSFORMED_;/Users/rar9993/repos/research/fdroid_apps/native_apps/SoundWaves/app/src/main/java/org/bottiger/podcast/utils/rxbus/RxBusSimpleEvents.java;file:/Users/rar9993/repos/research/fdroid_apps/native_apps/SoundWaves/app/src/main/java/org/bottiger/podcast/utils/rxbus/RxBusSimpleEvents.java|line:10
RedundantFieldInitializer;PMD;/Users/rar9993/repos/research/fdroid_apps/native_apps/SoundWaves/NONE_TRANSFORMED_;/Users/rar9993/repos/research/fdroid_apps/native_apps/SoundWaves/app/src/main/java/org/bottiger/podcast/utils/rxbus/RxBusSimpleEvents.java;file:/Users/rar9993/repos/research/fdroid_apps/native_apps/SoundWaves/app/src/main/java/org/bottiger/podcast/utils/rxbus/RxBusSimpleEvents.java|line:11
TooFewBranchesForSwitch;PMD;/Users/rar9993/repos/research/fdroid_apps/native_apps/SoundWaves/NONE_TRANSFORMED_;/Users/rar9993/repos/research/fdroid_apps/native_apps/SoundWaves/app/src/main/java/org/bottiger/podcast/utils/shortcuts/ShortcutManagerUtil.java;file:/Users/rar9993/repos/research/fdroid_apps/native_apps/SoundWaves/app/src/main/java/org/bottiger/podcast/utils/shortcuts/ShortcutManagerUtil.java|line:127
RedundantFieldInitializer;PMD;/Users/rar9993/repos/research/fdroid_apps/native_apps/SoundWaves/NONE_TRANSFORMED_;/Users/rar9993/repos/research/fdroid_apps/native_apps/SoundWaves/app/src/main/java/org/bottiger/podcast/views/DownloadButtonView.java;file:/Users/rar9993/repos/research/fdroid_apps/native_apps/SoundWaves/app/src/main/java/org/bottiger/podcast/views/DownloadButtonView.java|line:47
RedundantFieldInitializer;PMD;/Users/rar9993/repos/research/fdroid_apps/native_apps/SoundWaves/NONE_TRANSFORMED_;/Users/rar9993/repos/research/fdroid_apps/native_apps/SoundWaves/app/src/main/java/org/bottiger/podcast/views/DownloadButtonView.java;file:/Users/rar9993/repos/research/fdroid_apps/native_apps/SoundWaves/app/src/main/java/org/bottiger/podcast/views/DownloadButtonView.java|line:56
RedundantFieldInitializer;PMD;/Users/rar9993/repos/research/fdroid_apps/native_apps/SoundWaves/NONE_TRANSFORMED_;/Users/rar9993/repos/research/fdroid_apps/native_apps/SoundWaves/app/src/main/java/org/bottiger/podcast/views/DownloadButtonView.java;file:/Users/rar9993/repos/research/fdroid_apps/native_apps/SoundWaves/app/src/main/java/org/bottiger/podcast/views/DownloadButtonView.java|line:57
RedundantFieldInitializer;PMD;/Users/rar9993/repos/research/fdroid_apps/native_apps/SoundWaves/NONE_TRANSFORMED_;/Users/rar9993/repos/research/fdroid_apps/native_apps/SoundWaves/app/src/main/java/org/bottiger/podcast/views/ImageViewTinted.java;file:/Users/rar9993/repos/research/fdroid_apps/native_apps/SoundWaves/app/src/main/java/org/bottiger/podcast/views/ImageViewTinted.java|line:15
RedundantFieldInitializer;PMD;/Users/rar9993/repos/research/fdroid_apps/native_apps/SoundWaves/NONE_TRANSFORMED_;/Users/rar9993/repos/research/fdroid_apps/native_apps/SoundWaves/app/src/main/java/org/bottiger/podcast/views/MultiShrink/feed/MultiShrinkScroller.java;file:/Users/rar9993/repos/research/fdroid_apps/native_apps/SoundWaves/app/src/main/java/org/bottiger/podcast/views/MultiShrink/feed/MultiShrinkScroller.java|line:100
RedundantFieldInitializer;PMD;/Users/rar9993/repos/research/fdroid_apps/native_apps/SoundWaves/NONE_TRANSFORMED_;/Users/rar9993/repos/research/fdroid_apps/native_apps/SoundWaves/app/src/main/java/org/bottiger/podcast/views/MultiShrink/feed/MultiShrinkScroller.java;file:/Users/rar9993/repos/research/fdroid_apps/native_apps/SoundWaves/app/src/main/java/org/bottiger/podcast/views/MultiShrink/feed/MultiShrinkScroller.java|line:101
RedundantFieldInitializer;PMD;/Users/rar9993/repos/research/fdroid_apps/native_apps/SoundWaves/NONE_TRANSFORMED_;/Users/rar9993/repos/research/fdroid_apps/native_apps/SoundWaves/app/src/main/java/org/bottiger/podcast/views/MultiShrink/feed/MultiShrinkScroller.java;file:/Users/rar9993/repos/research/fdroid_apps/native_apps/SoundWaves/app/src/main/java/org/bottiger/podcast/views/MultiShrink/feed/MultiShrinkScroller.java|line:273
TooFewBranchesForSwitch;PMD;/Users/rar9993/repos/research/fdroid_apps/native_apps/SoundWaves/NONE_TRANSFORMED_;/Users/rar9993/repos/research/fdroid_apps/native_apps/SoundWaves/app/src/main/java/org/bottiger/podcast/views/MultiShrink/feed/MultiShrinkScroller.java;file:/Users/rar9993/repos/research/fdroid_apps/native_apps/SoundWaves/app/src/main/java/org/bottiger/podcast/views/MultiShrink/feed/MultiShrinkScroller.java|line:403
AddEmptyString;PMD;/Users/rar9993/repos/research/fdroid_apps/native_apps/SoundWaves/NONE_TRANSFORMED_;/Users/rar9993/repos/research/fdroid_apps/native_apps/SoundWaves/app/src/main/java/org/bottiger/podcast/views/MultiShrink/feed/MultiShrinkScroller.java;file:/Users/rar9993/repos/research/fdroid_apps/native_apps/SoundWaves/app/src/main/java/org/bottiger/podcast/views/MultiShrink/feed/MultiShrinkScroller.java|line:828
ConsecutiveAppendsShouldReuse;PMD;/Users/rar9993/repos/research/fdroid_apps/native_apps/SoundWaves/NONE_TRANSFORMED_;/Users/rar9993/repos/research/fdroid_apps/native_apps/SoundWaves/app/src/main/java/org/bottiger/podcast/views/MultiSpinner.java;file:/Users/rar9993/repos/research/fdroid_apps/native_apps/SoundWaves/app/src/main/java/org/bottiger/podcast/views/MultiSpinner.java|line:55
OptimizableToArrayCall;PMD;/Users/rar9993/repos/research/fdroid_apps/native_apps/SoundWaves/NONE_TRANSFORMED_;/Users/rar9993/repos/research/fdroid_apps/native_apps/SoundWaves/app/src/main/java/org/bottiger/podcast/views/MultiSpinner.java;file:/Users/rar9993/repos/research/fdroid_apps/native_apps/SoundWaves/app/src/main/java/org/bottiger/podcast/views/MultiSpinner.java|line:80
RedundantFieldInitializer;PMD;/Users/rar9993/repos/research/fdroid_apps/native_apps/SoundWaves/NONE_TRANSFORMED_;/Users/rar9993/repos/research/fdroid_apps/native_apps/SoundWaves/app/src/main/java/org/bottiger/podcast/views/PlayPauseButton.java;file:/Users/rar9993/repos/research/fdroid_apps/native_apps/SoundWaves/app/src/main/java/org/bottiger/podcast/views/PlayPauseButton.java|line:131
RedundantFieldInitializer;PMD;/Users/rar9993/repos/research/fdroid_apps/native_apps/SoundWaves/NONE_TRANSFORMED_;/Users/rar9993/repos/research/fdroid_apps/native_apps/SoundWaves/app/src/main/java/org/bottiger/podcast/views/PlayPauseButton.java;file:/Users/rar9993/repos/research/fdroid_apps/native_apps/SoundWaves/app/src/main/java/org/bottiger/podcast/views/PlayPauseButton.java|line:161
RedundantFieldInitializer;PMD;/Users/rar9993/repos/research/fdroid_apps/native_apps/SoundWaves/NONE_TRANSFORMED_;/Users/rar9993/repos/research/fdroid_apps/native_apps/SoundWaves/app/src/main/java/org/bottiger/podcast/views/PlayPauseButton.java;file:/Users/rar9993/repos/research/fdroid_apps/native_apps/SoundWaves/app/src/main/java/org/bottiger/podcast/views/PlayPauseButton.java|line:162
RedundantFieldInitializer;PMD;/Users/rar9993/repos/research/fdroid_apps/native_apps/SoundWaves/NONE_TRANSFORMED_;/Users/rar9993/repos/research/fdroid_apps/native_apps/SoundWaves/app/src/main/java/org/bottiger/podcast/views/PlayPauseButton.java;file:/Users/rar9993/repos/research/fdroid_apps/native_apps/SoundWaves/app/src/main/java/org/bottiger/podcast/views/PlayPauseButton.java|line:167
RedundantFieldInitializer;PMD;/Users/rar9993/repos/research/fdroid_apps/native_apps/SoundWaves/NONE_TRANSFORMED_;/Users/rar9993/repos/research/fdroid_apps/native_apps/SoundWaves/app/src/main/java/org/bottiger/podcast/views/PlayPauseButton.java;file:/Users/rar9993/repos/research/fdroid_apps/native_apps/SoundWaves/app/src/main/java/org/bottiger/podcast/views/PlayPauseButton.java|line:726
RedundantFieldInitializer;PMD;/Users/rar9993/repos/research/fdroid_apps/native_apps/SoundWaves/NONE_TRANSFORMED_;/Users/rar9993/repos/research/fdroid_apps/native_apps/SoundWaves/app/src/main/java/org/bottiger/podcast/views/PlayerButtonView.java;file:/Users/rar9993/repos/research/fdroid_apps/native_apps/SoundWaves/app/src/main/java/org/bottiger/podcast/views/PlayerButtonView.java|line:50
RedundantFieldInitializer;PMD;/Users/rar9993/repos/research/fdroid_apps/native_apps/SoundWaves/NONE_TRANSFORMED_;/Users/rar9993/repos/research/fdroid_apps/native_apps/SoundWaves/app/src/main/java/org/bottiger/podcast/views/PlayerButtonView.java;file:/Users/rar9993/repos/research/fdroid_apps/native_apps/SoundWaves/app/src/main/java/org/bottiger/podcast/views/PlayerButtonView.java|line:53
RedundantFieldInitializer;PMD;/Users/rar9993/repos/research/fdroid_apps/native_apps/SoundWaves/NONE_TRANSFORMED_;/Users/rar9993/repos/research/fdroid_apps/native_apps/SoundWaves/app/src/main/java/org/bottiger/podcast/views/PlayerButtonView.java;file:/Users/rar9993/repos/research/fdroid_apps/native_apps/SoundWaves/app/src/main/java/org/bottiger/podcast/views/PlayerButtonView.java|line:54
RedundantFieldInitializer;PMD;/Users/rar9993/repos/research/fdroid_apps/native_apps/SoundWaves/NONE_TRANSFORMED_;/Users/rar9993/repos/research/fdroid_apps/native_apps/SoundWaves/app/src/main/java/org/bottiger/podcast/views/PlayerSeekbar.java;file:/Users/rar9993/repos/research/fdroid_apps/native_apps/SoundWaves/app/src/main/java/org/bottiger/podcast/views/PlayerSeekbar.java|line:46
RedundantFieldInitializer;PMD;/Users/rar9993/repos/research/fdroid_apps/native_apps/SoundWaves/NONE_TRANSFORMED_;/Users/rar9993/repos/research/fdroid_apps/native_apps/SoundWaves/app/src/main/java/org/bottiger/podcast/views/PlayerSeekbar.java;file:/Users/rar9993/repos/research/fdroid_apps/native_apps/SoundWaves/app/src/main/java/org/bottiger/podcast/views/PlayerSeekbar.java|line:48
RedundantFieldInitializer;PMD;/Users/rar9993/repos/research/fdroid_apps/native_apps/SoundWaves/NONE_TRANSFORMED_;/Users/rar9993/repos/research/fdroid_apps/native_apps/SoundWaves/app/src/main/java/org/bottiger/podcast/views/PlayerSeekbar.java;file:/Users/rar9993/repos/research/fdroid_apps/native_apps/SoundWaves/app/src/main/java/org/bottiger/podcast/views/PlayerSeekbar.java|line:49
RedundantFieldInitializer;PMD;/Users/rar9993/repos/research/fdroid_apps/native_apps/SoundWaves/NONE_TRANSFORMED_;/Users/rar9993/repos/research/fdroid_apps/native_apps/SoundWaves/app/src/main/java/org/bottiger/podcast/views/PlayerSeekbar.java;file:/Users/rar9993/repos/research/fdroid_apps/native_apps/SoundWaves/app/src/main/java/org/bottiger/podcast/views/PlayerSeekbar.java|line:58
RedundantFieldInitializer;PMD;/Users/rar9993/repos/research/fdroid_apps/native_apps/SoundWaves/NONE_TRANSFORMED_;/Users/rar9993/repos/research/fdroid_apps/native_apps/SoundWaves/app/src/main/java/org/bottiger/podcast/views/PlayerSeekbar.java;file:/Users/rar9993/repos/research/fdroid_apps/native_apps/SoundWaves/app/src/main/java/org/bottiger/podcast/views/PlayerSeekbar.java|line:59
RedundantFieldInitializer;PMD;/Users/rar9993/repos/research/fdroid_apps/native_apps/SoundWaves/NONE_TRANSFORMED_;/Users/rar9993/repos/research/fdroid_apps/native_apps/SoundWaves/app/src/main/java/org/bottiger/podcast/views/PlaylistBehavior.java;file:/Users/rar9993/repos/research/fdroid_apps/native_apps/SoundWaves/app/src/main/java/org/bottiger/podcast/views/PlaylistBehavior.java|line:190
RedundantFieldInitializer;PMD;/Users/rar9993/repos/research/fdroid_apps/native_apps/SoundWaves/NONE_TRANSFORMED_;/Users/rar9993/repos/research/fdroid_apps/native_apps/SoundWaves/app/src/main/java/org/bottiger/podcast/views/PlaylistContainerWrapper.java;file:/Users/rar9993/repos/research/fdroid_apps/native_apps/SoundWaves/app/src/main/java/org/bottiger/podcast/views/PlaylistContainerWrapper.java|line:667
RedundantFieldInitializer;PMD;/Users/rar9993/repos/research/fdroid_apps/native_apps/SoundWaves/NONE_TRANSFORMED_;/Users/rar9993/repos/research/fdroid_apps/native_apps/SoundWaves/app/src/main/java/org/bottiger/podcast/views/PlaylistContainerWrapper.java;file:/Users/rar9993/repos/research/fdroid_apps/native_apps/SoundWaves/app/src/main/java/org/bottiger/podcast/views/PlaylistContainerWrapper.java|line:670
RedundantFieldInitializer;PMD;/Users/rar9993/repos/research/fdroid_apps/native_apps/SoundWaves/NONE_TRANSFORMED_;/Users/rar9993/repos/research/fdroid_apps/native_apps/SoundWaves/app/src/main/java/org/bottiger/podcast/views/PlaylistScrollerParent.java;file:/Users/rar9993/repos/research/fdroid_apps/native_apps/SoundWaves/app/src/main/java/org/bottiger/podcast/views/PlaylistScrollerParent.java|line:14
RedundantFieldInitializer;PMD;/Users/rar9993/repos/research/fdroid_apps/native_apps/SoundWaves/NONE_TRANSFORMED_;/Users/rar9993/repos/research/fdroid_apps/native_apps/SoundWaves/app/src/main/java/org/bottiger/podcast/views/PlaylistViewHolder.java;file:/Users/rar9993/repos/research/fdroid_apps/native_apps/SoundWaves/app/src/main/java/org/bottiger/podcast/views/PlaylistViewHolder.java|line:26
RedundantFieldInitializer;PMD;/Users/rar9993/repos/research/fdroid_apps/native_apps/SoundWaves/NONE_TRANSFORMED_;/Users/rar9993/repos/research/fdroid_apps/native_apps/SoundWaves/app/src/main/java/org/bottiger/podcast/views/PlaylistViewHolder.java;file:/Users/rar9993/repos/research/fdroid_apps/native_apps/SoundWaves/app/src/main/java/org/bottiger/podcast/views/PlaylistViewHolder.java|line:27
RedundantFieldInitializer;PMD;/Users/rar9993/repos/research/fdroid_apps/native_apps/SoundWaves/NONE_TRANSFORMED_;/Users/rar9993/repos/research/fdroid_apps/native_apps/SoundWaves/app/src/main/java/org/bottiger/podcast/views/TextViewObserver.java;file:/Users/rar9993/repos/research/fdroid_apps/native_apps/SoundWaves/app/src/main/java/org/bottiger/podcast/views/TextViewObserver.java|line:31
RedundantFieldInitializer;PMD;/Users/rar9993/repos/research/fdroid_apps/native_apps/SoundWaves/NONE_TRANSFORMED_;/Users/rar9993/repos/research/fdroid_apps/native_apps/SoundWaves/app/src/main/java/org/bottiger/podcast/views/TextViewObserver.java;file:/Users/rar9993/repos/research/fdroid_apps/native_apps/SoundWaves/app/src/main/java/org/bottiger/podcast/views/TextViewObserver.java|line:32
RedundantFieldInitializer;PMD;/Users/rar9993/repos/research/fdroid_apps/native_apps/SoundWaves/NONE_TRANSFORMED_;/Users/rar9993/repos/research/fdroid_apps/native_apps/SoundWaves/app/src/main/java/org/bottiger/podcast/views/TopPlayer.java;file:/Users/rar9993/repos/research/fdroid_apps/native_apps/SoundWaves/app/src/main/java/org/bottiger/podcast/views/TopPlayer.java|line:128
RedundantFieldInitializer;PMD;/Users/rar9993/repos/research/fdroid_apps/native_apps/SoundWaves/NONE_TRANSFORMED_;/Users/rar9993/repos/research/fdroid_apps/native_apps/SoundWaves/app/src/main/java/org/bottiger/podcast/views/TopPlayer.java;file:/Users/rar9993/repos/research/fdroid_apps/native_apps/SoundWaves/app/src/main/java/org/bottiger/podcast/views/TopPlayer.java|line:131
RedundantFieldInitializer;PMD;/Users/rar9993/repos/research/fdroid_apps/native_apps/SoundWaves/NONE_TRANSFORMED_;/Users/rar9993/repos/research/fdroid_apps/native_apps/SoundWaves/app/src/main/java/org/bottiger/podcast/views/TopPlayer.java;file:/Users/rar9993/repos/research/fdroid_apps/native_apps/SoundWaves/app/src/main/java/org/bottiger/podcast/views/TopPlayer.java|line:139
RedundantFieldInitializer;PMD;/Users/rar9993/repos/research/fdroid_apps/native_apps/SoundWaves/NONE_TRANSFORMED_;/Users/rar9993/repos/research/fdroid_apps/native_apps/SoundWaves/app/src/main/java/org/bottiger/podcast/views/TopPlayer.java;file:/Users/rar9993/repos/research/fdroid_apps/native_apps/SoundWaves/app/src/main/java/org/bottiger/podcast/views/TopPlayer.java|line:1473
RedundantFieldInitializer;PMD;/Users/rar9993/repos/research/fdroid_apps/native_apps/SoundWaves/NONE_TRANSFORMED_;/Users/rar9993/repos/research/fdroid_apps/native_apps/SoundWaves/app/src/main/java/org/bottiger/podcast/views/dialogs/DialogBulkDownload.java;file:/Users/rar9993/repos/research/fdroid_apps/native_apps/SoundWaves/app/src/main/java/org/bottiger/podcast/views/dialogs/DialogBulkDownload.java|line:43
RedundantFieldInitializer;PMD;/Users/rar9993/repos/research/fdroid_apps/native_apps/SoundWaves/NONE_TRANSFORMED_;/Users/rar9993/repos/research/fdroid_apps/native_apps/SoundWaves/app/src/main/java/org/bottiger/podcast/views/dialogs/DialogFeedAuthentication.java;file:/Users/rar9993/repos/research/fdroid_apps/native_apps/SoundWaves/app/src/main/java/org/bottiger/podcast/views/dialogs/DialogFeedAuthentication.java|line:61
RedundantFieldInitializer;PMD;/Users/rar9993/repos/research/fdroid_apps/native_apps/SoundWaves/NONE_TRANSFORMED_;/Users/rar9993/repos/research/fdroid_apps/native_apps/SoundWaves/app/src/main/java/org/bottiger/podcast/views/dialogs/DialogPlaylistContent.java;file:/Users/rar9993/repos/research/fdroid_apps/native_apps/SoundWaves/app/src/main/java/org/bottiger/podcast/views/dialogs/DialogPlaylistContent.java|line:49
AvoidInstantiatingObjectsInLoops;PMD;/Users/rar9993/repos/research/fdroid_apps/native_apps/SoundWaves/NONE_TRANSFORMED_;/Users/rar9993/repos/research/fdroid_apps/native_apps/SoundWaves/app/src/main/java/org/bottiger/podcast/views/dialogs/DialogPlaylistContent.java;file:/Users/rar9993/repos/research/fdroid_apps/native_apps/SoundWaves/app/src/main/java/org/bottiger/podcast/views/dialogs/DialogPlaylistContent.java|line:135
RedundantFieldInitializer;PMD;/Users/rar9993/repos/research/fdroid_apps/native_apps/SoundWaves/NONE_TRANSFORMED_;/Users/rar9993/repos/research/fdroid_apps/native_apps/SoundWaves/app/src/main/java/org/bottiger/podcast/views/dialogs/DialogPlaylistFilters.java;file:/Users/rar9993/repos/research/fdroid_apps/native_apps/SoundWaves/app/src/main/java/org/bottiger/podcast/views/dialogs/DialogPlaylistFilters.java|line:50
AvoidInstantiatingObjectsInLoops;PMD;/Users/rar9993/repos/research/fdroid_apps/native_apps/SoundWaves/NONE_TRANSFORMED_;/Users/rar9993/repos/research/fdroid_apps/native_apps/SoundWaves/app/src/main/java/org/bottiger/podcast/views/dialogs/DialogPlaylistFilters.java;file:/Users/rar9993/repos/research/fdroid_apps/native_apps/SoundWaves/app/src/main/java/org/bottiger/podcast/views/dialogs/DialogPlaylistFilters.java|line:286
RedundantFieldInitializer;PMD;/Users/rar9993/repos/research/fdroid_apps/native_apps/SoundWaves/NONE_TRANSFORMED_;/Users/rar9993/repos/research/fdroid_apps/native_apps/SoundWaves/app/src/main/java/org/bottiger/podcast/webservices/datastore/gpodder/GPodderAPI.java;file:/Users/rar9993/repos/research/fdroid_apps/native_apps/SoundWaves/app/src/main/java/org/bottiger/podcast/webservices/datastore/gpodder/GPodderAPI.java|line:83
AvoidInstantiatingObjectsInLoops;PMD;/Users/rar9993/repos/research/fdroid_apps/native_apps/SoundWaves/NONE_TRANSFORMED_;/Users/rar9993/repos/research/fdroid_apps/native_apps/SoundWaves/app/src/main/java/org/bottiger/podcast/webservices/datastore/gpodder/GPodderAPI.java;file:/Users/rar9993/repos/research/fdroid_apps/native_apps/SoundWaves/app/src/main/java/org/bottiger/podcast/webservices/datastore/gpodder/GPodderAPI.java|line:171
AvoidInstantiatingObjectsInLoops;PMD;/Users/rar9993/repos/research/fdroid_apps/native_apps/SoundWaves/NONE_TRANSFORMED_;/Users/rar9993/repos/research/fdroid_apps/native_apps/SoundWaves/app/src/main/java/org/bottiger/podcast/webservices/datastore/gpodder/GPodderAPI.java;file:/Users/rar9993/repos/research/fdroid_apps/native_apps/SoundWaves/app/src/main/java/org/bottiger/podcast/webservices/datastore/gpodder/GPodderAPI.java|line:172
OptimizableToArrayCall;PMD;/Users/rar9993/repos/research/fdroid_apps/native_apps/SoundWaves/NONE_TRANSFORMED_;/Users/rar9993/repos/research/fdroid_apps/native_apps/SoundWaves/app/src/main/java/org/bottiger/podcast/webservices/datastore/gpodder/GPodderAPI.java;file:/Users/rar9993/repos/research/fdroid_apps/native_apps/SoundWaves/app/src/main/java/org/bottiger/podcast/webservices/datastore/gpodder/GPodderAPI.java|line:269
AvoidInstantiatingObjectsInLoops;PMD;/Users/rar9993/repos/research/fdroid_apps/native_apps/SoundWaves/NONE_TRANSFORMED_;/Users/rar9993/repos/research/fdroid_apps/native_apps/SoundWaves/app/src/main/java/org/bottiger/podcast/webservices/datastore/gpodder/GPodderAPI.java;file:/Users/rar9993/repos/research/fdroid_apps/native_apps/SoundWaves/app/src/main/java/org/bottiger/podcast/webservices/datastore/gpodder/GPodderAPI.java|line:284
AvoidInstantiatingObjectsInLoops;PMD;/Users/rar9993/repos/research/fdroid_apps/native_apps/SoundWaves/NONE_TRANSFORMED_;/Users/rar9993/repos/research/fdroid_apps/native_apps/SoundWaves/app/src/main/java/org/bottiger/podcast/webservices/datastore/gpodder/GPodderAPI.java;file:/Users/rar9993/repos/research/fdroid_apps/native_apps/SoundWaves/app/src/main/java/org/bottiger/podcast/webservices/datastore/gpodder/GPodderAPI.java|line:295
OptimizableToArrayCall;PMD;/Users/rar9993/repos/research/fdroid_apps/native_apps/SoundWaves/NONE_TRANSFORMED_;/Users/rar9993/repos/research/fdroid_apps/native_apps/SoundWaves/app/src/main/java/org/bottiger/podcast/webservices/datastore/gpodder/GPodderAPI.java;file:/Users/rar9993/repos/research/fdroid_apps/native_apps/SoundWaves/app/src/main/java/org/bottiger/podcast/webservices/datastore/gpodder/GPodderAPI.java|line:344
RedundantFieldInitializer;PMD;/Users/rar9993/repos/research/fdroid_apps/native_apps/SoundWaves/NONE_TRANSFORMED_;/Users/rar9993/repos/research/fdroid_apps/native_apps/SoundWaves/app/src/main/java/org/bottiger/podcast/webservices/datastore/gpodder/datatypes/UpdatedUrls.java;file:/Users/rar9993/repos/research/fdroid_apps/native_apps/SoundWaves/app/src/main/java/org/bottiger/podcast/webservices/datastore/gpodder/datatypes/UpdatedUrls.java|line:18
AvoidInstantiatingObjectsInLoops;PMD;/Users/rar9993/repos/research/fdroid_apps/native_apps/SoundWaves/NONE_TRANSFORMED_;/Users/rar9993/repos/research/fdroid_apps/native_apps/SoundWaves/app/src/main/java/org/bottiger/podcast/webservices/datastore/gpodder/datatypes/UpdatedUrls.java;file:/Users/rar9993/repos/research/fdroid_apps/native_apps/SoundWaves/app/src/main/java/org/bottiger/podcast/webservices/datastore/gpodder/datatypes/UpdatedUrls.java|line:39
AvoidInstantiatingObjectsInLoops;PMD;/Users/rar9993/repos/research/fdroid_apps/native_apps/SoundWaves/NONE_TRANSFORMED_;/Users/rar9993/repos/research/fdroid_apps/native_apps/SoundWaves/app/src/main/java/org/bottiger/podcast/webservices/directories/gpodder/GPodder.java;file:/Users/rar9993/repos/research/fdroid_apps/native_apps/SoundWaves/app/src/main/java/org/bottiger/podcast/webservices/directories/gpodder/GPodder.java|line:166
AvoidInstantiatingObjectsInLoops;PMD;/Users/rar9993/repos/research/fdroid_apps/native_apps/SoundWaves/NONE_TRANSFORMED_;/Users/rar9993/repos/research/fdroid_apps/native_apps/SoundWaves/app/src/main/java/org/bottiger/podcast/webservices/directories/gpodder/GPodder.java;file:/Users/rar9993/repos/research/fdroid_apps/native_apps/SoundWaves/app/src/main/java/org/bottiger/podcast/webservices/directories/gpodder/GPodder.java|line:172
RedundantFieldInitializer;PMD;/Users/rar9993/repos/research/fdroid_apps/native_apps/SoundWaves/NONE_TRANSFORMED_;/Users/rar9993/repos/research/fdroid_apps/native_apps/SoundWaves/app/src/main/java/org/bottiger/podcast/webservices/directories/itunes/ITunes.java;file:/Users/rar9993/repos/research/fdroid_apps/native_apps/SoundWaves/app/src/main/java/org/bottiger/podcast/webservices/directories/itunes/ITunes.java|line:90
AvoidInstantiatingObjectsInLoops;PMD;/Users/rar9993/repos/research/fdroid_apps/native_apps/SoundWaves/NONE_TRANSFORMED_;/Users/rar9993/repos/research/fdroid_apps/native_apps/SoundWaves/app/src/main/java/org/bottiger/podcast/webservices/directories/itunes/ITunes.java;file:/Users/rar9993/repos/research/fdroid_apps/native_apps/SoundWaves/app/src/main/java/org/bottiger/podcast/webservices/directories/itunes/ITunes.java|line:267
AvoidInstantiatingObjectsInLoops;PMD;/Users/rar9993/repos/research/fdroid_apps/native_apps/SoundWaves/NONE_TRANSFORMED_;/Users/rar9993/repos/research/fdroid_apps/native_apps/SoundWaves/app/src/main/java/org/bottiger/podcast/webservices/directories/itunes/ITunes.java;file:/Users/rar9993/repos/research/fdroid_apps/native_apps/SoundWaves/app/src/main/java/org/bottiger/podcast/webservices/directories/itunes/ITunes.java|line:274
AvoidInstantiatingObjectsInLoops;PMD;/Users/rar9993/repos/research/fdroid_apps/native_apps/SoundWaves/NONE_TRANSFORMED_;/Users/rar9993/repos/research/fdroid_apps/native_apps/SoundWaves/app/src/main/java/org/bottiger/podcast/widgets/SoundWavesWidgetProvider.java;file:/Users/rar9993/repos/research/fdroid_apps/native_apps/SoundWaves/app/src/main/java/org/bottiger/podcast/widgets/SoundWavesWidgetProvider.java|line:57
AvoidInstantiatingObjectsInLoops;PMD;/Users/rar9993/repos/research/fdroid_apps/native_apps/SoundWaves/NONE_TRANSFORMED_;/Users/rar9993/repos/research/fdroid_apps/native_apps/SoundWaves/app/src/main/java/org/bottiger/podcast/widgets/SoundWavesWidgetProviderDark.java;file:/Users/rar9993/repos/research/fdroid_apps/native_apps/SoundWaves/app/src/main/java/org/bottiger/podcast/widgets/SoundWavesWidgetProviderDark.java|line:57
LeakingInnerClass;DAAP;/Users/rar9993/repos/research/fdroid_apps/native_apps/SoundWaves/NONE_TRANSFORMED_;/src/main/java/io/codetail/animation/RevealAnimator.java;file:/src/main/java/io/codetail/animation/RevealAnimator.java
MemberIgnoringMethod;DAAP;/Users/rar9993/repos/research/fdroid_apps/native_apps/SoundWaves/NONE_TRANSFORMED_;/src/amazon/java/org/bottiger/podcast/flavors/MessagingService/InstanceIDService.java;file:/src/amazon/java/org/bottiger/podcast/flavors/MessagingService/InstanceIDService.java
MemberIgnoringMethod;DAAP;/Users/rar9993/repos/research/fdroid_apps/native_apps/SoundWaves/NONE_TRANSFORMED_;/src/amazon/java/org/bottiger/podcast/flavors/Activities/VendorActivityTracker.java;file:/src/amazon/java/org/bottiger/podcast/flavors/Activities/VendorActivityTracker.java
MemberIgnoringMethod;DAAP;/Users/rar9993/repos/research/fdroid_apps/native_apps/SoundWaves/NONE_TRANSFORMED_;/src/amazon/java/org/bottiger/podcast/flavors/MediaCast/VendorMediaRouteCast.java;file:/src/amazon/java/org/bottiger/podcast/flavors/MediaCast/VendorMediaRouteCast.java
MemberIgnoringMethod;DAAP;/Users/rar9993/repos/research/fdroid_apps/native_apps/SoundWaves/NONE_TRANSFORMED_;/src/amazon/java/org/bottiger/podcast/flavors/MediaCast/GoogleCastOptionProvider.java;file:/src/amazon/java/org/bottiger/podcast/flavors/MediaCast/GoogleCastOptionProvider.java
MemberIgnoringMethod;DAAP;/Users/rar9993/repos/research/fdroid_apps/native_apps/SoundWaves/NONE_TRANSFORMED_;/src/amazon/java/org/bottiger/podcast/flavors/Analytics/VendorAnalytics.java;file:/src/amazon/java/org/bottiger/podcast/flavors/Analytics/VendorAnalytics.java
MemberIgnoringMethod;DAAP;/Users/rar9993/repos/research/fdroid_apps/native_apps/SoundWaves/NONE_TRANSFORMED_;/src/amazon/java/org/bottiger/podcast/flavors/player/googlecast/GoogleCastPlayer.java;file:/src/amazon/java/org/bottiger/podcast/flavors/player/googlecast/GoogleCastPlayer.java
MemberIgnoringMethod;DAAP;/Users/rar9993/repos/research/fdroid_apps/native_apps/SoundWaves/NONE_TRANSFORMED_;/src/free/java/org/bottiger/podcast/flavors/MessagingService/InstanceIDService.java;file:/src/free/java/org/bottiger/podcast/flavors/MessagingService/InstanceIDService.java
MemberIgnoringMethod;DAAP;/Users/rar9993/repos/research/fdroid_apps/native_apps/SoundWaves/NONE_TRANSFORMED_;/src/free/java/org/bottiger/podcast/flavors/Activities/VendorActivityTracker.java;file:/src/free/java/org/bottiger/podcast/flavors/Activities/VendorActivityTracker.java
MemberIgnoringMethod;DAAP;/Users/rar9993/repos/research/fdroid_apps/native_apps/SoundWaves/NONE_TRANSFORMED_;/src/free/java/org/bottiger/podcast/flavors/MediaCast/VendorMediaRouteCast.java;file:/src/free/java/org/bottiger/podcast/flavors/MediaCast/VendorMediaRouteCast.java
MemberIgnoringMethod;DAAP;/Users/rar9993/repos/research/fdroid_apps/native_apps/SoundWaves/NONE_TRANSFORMED_;/src/free/java/org/bottiger/podcast/flavors/Analytics/VendorAnalytics.java;file:/src/free/java/org/bottiger/podcast/flavors/Analytics/VendorAnalytics.java
MemberIgnoringMethod;DAAP;/Users/rar9993/repos/research/fdroid_apps/native_apps/SoundWaves/NONE_TRANSFORMED_;/src/google/java/org/bottiger/podcast/flavors/MessagingService/MessagingService.java;file:/src/google/java/org/bottiger/podcast/flavors/MessagingService/MessagingService.java
MemberIgnoringMethod;DAAP;/Users/rar9993/repos/research/fdroid_apps/native_apps/SoundWaves/NONE_TRANSFORMED_;/src/google/java/org/bottiger/podcast/flavors/MessagingService/InstanceIDService.java;file:/src/google/java/org/bottiger/podcast/flavors/MessagingService/InstanceIDService.java
MemberIgnoringMethod;DAAP;/Users/rar9993/repos/research/fdroid_apps/native_apps/SoundWaves/NONE_TRANSFORMED_;/src/google/java/org/bottiger/podcast/flavors/Activities/DetectedActivitiesIntentService.java;file:/src/google/java/org/bottiger/podcast/flavors/Activities/DetectedActivitiesIntentService.java
MemberIgnoringMethod;DAAP;/Users/rar9993/repos/research/fdroid_apps/native_apps/SoundWaves/NONE_TRANSFORMED_;/src/google/java/org/bottiger/podcast/flavors/Activities/VendorActivityTracker.java;file:/src/google/java/org/bottiger/podcast/flavors/Activities/VendorActivityTracker.java
MemberIgnoringMethod;DAAP;/Users/rar9993/repos/research/fdroid_apps/native_apps/SoundWaves/NONE_TRANSFORMED_;/src/google/java/org/bottiger/podcast/flavors/MediaCast/VendorMediaRouteCast.java;file:/src/google/java/org/bottiger/podcast/flavors/MediaCast/VendorMediaRouteCast.java
MemberIgnoringMethod;DAAP;/Users/rar9993/repos/research/fdroid_apps/native_apps/SoundWaves/NONE_TRANSFORMED_;/src/google/java/org/bottiger/podcast/flavors/MediaCast/GoogleCastOptionProvider.java;file:/src/google/java/org/bottiger/podcast/flavors/MediaCast/GoogleCastOptionProvider.java
MemberIgnoringMethod;DAAP;/Users/rar9993/repos/research/fdroid_apps/native_apps/SoundWaves/NONE_TRANSFORMED_;/src/google/java/org/bottiger/podcast/flavors/Analytics/database/FirebaseDatabaseLog.java;file:/src/google/java/org/bottiger/podcast/flavors/Analytics/database/FirebaseDatabaseLog.java
MemberIgnoringMethod;DAAP;/Users/rar9993/repos/research/fdroid_apps/native_apps/SoundWaves/NONE_TRANSFORMED_;/src/google/java/org/bottiger/podcast/flavors/Analytics/VendorAnalytics.java;file:/src/google/java/org/bottiger/podcast/flavors/Analytics/VendorAnalytics.java
MemberIgnoringMethod;DAAP;/Users/rar9993/repos/research/fdroid_apps/native_apps/SoundWaves/NONE_TRANSFORMED_;/src/google/java/org/bottiger/podcast/flavors/player/googlecast/GoogleCastPlayer.java;file:/src/google/java/org/bottiger/podcast/flavors/player/googlecast/GoogleCastPlayer.java
MemberIgnoringMethod;DAAP;/Users/rar9993/repos/research/fdroid_apps/native_apps/SoundWaves/NONE_TRANSFORMED_;/src/dev/java/org/bottiger/podcast/flavors/MessagingService/InstanceIDService.java;file:/src/dev/java/org/bottiger/podcast/flavors/MessagingService/InstanceIDService.java
MemberIgnoringMethod;DAAP;/Users/rar9993/repos/research/fdroid_apps/native_apps/SoundWaves/NONE_TRANSFORMED_;/src/dev/java/org/bottiger/podcast/flavors/Activities/VendorActivityTracker.java;file:/src/dev/java/org/bottiger/podcast/flavors/Activities/VendorActivityTracker.java
MemberIgnoringMethod;DAAP;/Users/rar9993/repos/research/fdroid_apps/native_apps/SoundWaves/NONE_TRANSFORMED_;/src/dev/java/org/bottiger/podcast/flavors/MediaCast/VendorMediaRouteCast.java;file:/src/dev/java/org/bottiger/podcast/flavors/MediaCast/VendorMediaRouteCast.java
MemberIgnoringMethod;DAAP;/Users/rar9993/repos/research/fdroid_apps/native_apps/SoundWaves/NONE_TRANSFORMED_;/src/dev/java/org/bottiger/podcast/flavors/Analytics/VendorAnalytics.java;file:/src/dev/java/org/bottiger/podcast/flavors/Analytics/VendorAnalytics.java
MemberIgnoringMethod;DAAP;/Users/rar9993/repos/research/fdroid_apps/native_apps/SoundWaves/NONE_TRANSFORMED_;/src/main/java/org/bottiger/podcast/SoundWavesPreferenceFragment.java;file:/src/main/java/org/bottiger/podcast/SoundWavesPreferenceFragment.java
MemberIgnoringMethod;DAAP;/Users/rar9993/repos/research/fdroid_apps/native_apps/SoundWaves/NONE_TRANSFORMED_;/src/main/java/org/bottiger/podcast/playlist/Playlist.java;file:/src/main/java/org/bottiger/podcast/playlist/Playlist.java
MemberIgnoringMethod;DAAP;/Users/rar9993/repos/research/fdroid_apps/native_apps/SoundWaves/NONE_TRANSFORMED_;/src/main/java/org/bottiger/podcast/playlist/GenericCursorLoader.java;file:/src/main/java/org/bottiger/podcast/playlist/GenericCursorLoader.java
MemberIgnoringMethod;DAAP;/Users/rar9993/repos/research/fdroid_apps/native_apps/SoundWaves/NONE_TRANSFORMED_;/src/main/java/org/bottiger/podcast/WebScannerActivity.java;file:/src/main/java/org/bottiger/podcast/WebScannerActivity.java
MemberIgnoringMethod;DAAP;/Users/rar9993/repos/research/fdroid_apps/native_apps/SoundWaves/NONE_TRANSFORMED_;/src/main/java/org/bottiger/podcast/webservices/datastore/webplayer/WebPlayerAuthenticator.java;file:/src/main/java/org/bottiger/podcast/webservices/datastore/webplayer/WebPlayerAuthenticator.java
MemberIgnoringMethod;DAAP;/Users/rar9993/repos/research/fdroid_apps/native_apps/SoundWaves/NONE_TRANSFORMED_;/src/main/java/org/bottiger/podcast/webservices/datastore/IWebservice.java;file:/src/main/java/org/bottiger/podcast/webservices/datastore/IWebservice.java
MemberIgnoringMethod;DAAP;/Users/rar9993/repos/research/fdroid_apps/native_apps/SoundWaves/NONE_TRANSFORMED_;/src/main/java/org/bottiger/podcast/webservices/datastore/gpodder/ReceivedCookiesInterceptor.java;file:/src/main/java/org/bottiger/podcast/webservices/datastore/gpodder/ReceivedCookiesInterceptor.java
MemberIgnoringMethod;DAAP;/Users/rar9993/repos/research/fdroid_apps/native_apps/SoundWaves/NONE_TRANSFORMED_;/src/main/java/org/bottiger/podcast/webservices/datastore/gpodder/IGPodderAPI.java;file:/src/main/java/org/bottiger/podcast/webservices/datastore/gpodder/IGPodderAPI.java
MemberIgnoringMethod;DAAP;/Users/rar9993/repos/research/fdroid_apps/native_apps/SoundWaves/NONE_TRANSFORMED_;/src/main/java/org/bottiger/podcast/webservices/datastore/gpodder/GPodderAPI.java;file:/src/main/java/org/bottiger/podcast/webservices/datastore/gpodder/GPodderAPI.java
MemberIgnoringMethod;DAAP;/Users/rar9993/repos/research/fdroid_apps/native_apps/SoundWaves/NONE_TRANSFORMED_;/src/main/java/org/bottiger/podcast/webservices/directories/ISearchResult.java;file:/src/main/java/org/bottiger/podcast/webservices/directories/ISearchResult.java
MemberIgnoringMethod;DAAP;/Users/rar9993/repos/research/fdroid_apps/native_apps/SoundWaves/NONE_TRANSFORMED_;/src/main/java/org/bottiger/podcast/webservices/directories/ISearchParameters.java;file:/src/main/java/org/bottiger/podcast/webservices/directories/ISearchParameters.java
MemberIgnoringMethod;DAAP;/Users/rar9993/repos/research/fdroid_apps/native_apps/SoundWaves/NONE_TRANSFORMED_;/src/main/java/org/bottiger/podcast/webservices/directories/IDirectoryProvider.java;file:/src/main/java/org/bottiger/podcast/webservices/directories/IDirectoryProvider.java
MemberIgnoringMethod;DAAP;/Users/rar9993/repos/research/fdroid_apps/native_apps/SoundWaves/NONE_TRANSFORMED_;/src/main/java/org/bottiger/podcast/webservices/directories/itunes/ITunesEndpoint.java;file:/src/main/java/org/bottiger/podcast/webservices/directories/itunes/ITunesEndpoint.java
MemberIgnoringMethod;DAAP;/Users/rar9993/repos/research/fdroid_apps/native_apps/SoundWaves/NONE_TRANSFORMED_;/src/main/java/org/bottiger/podcast/SoundWaves.java;file:/src/main/java/org/bottiger/podcast/SoundWaves.java
MemberIgnoringMethod;DAAP;/Users/rar9993/repos/research/fdroid_apps/native_apps/SoundWaves/NONE_TRANSFORMED_;/src/main/java/org/bottiger/podcast/images/SoundWavesGlideModule.java;file:/src/main/java/org/bottiger/podcast/images/SoundWavesGlideModule.java
MemberIgnoringMethod;DAAP;/Users/rar9993/repos/research/fdroid_apps/native_apps/SoundWaves/NONE_TRANSFORMED_;/src/main/java/org/bottiger/podcast/notification/NotificationPlayer.java;file:/src/main/java/org/bottiger/podcast/notification/NotificationPlayer.java
MemberIgnoringMethod;DAAP;/Users/rar9993/repos/research/fdroid_apps/native_apps/SoundWaves/NONE_TRANSFORMED_;/src/main/java/org/bottiger/podcast/FragmentContainerActivity.java;file:/src/main/java/org/bottiger/podcast/FragmentContainerActivity.java
MemberIgnoringMethod;DAAP;/Users/rar9993/repos/research/fdroid_apps/native_apps/SoundWaves/NONE_TRANSFORMED_;/src/main/java/org/bottiger/podcast/ToolbarPreference.java;file:/src/main/java/org/bottiger/podcast/ToolbarPreference.java
MemberIgnoringMethod;DAAP;/Users/rar9993/repos/research/fdroid_apps/native_apps/SoundWaves/NONE_TRANSFORMED_;/src/main/java/org/bottiger/podcast/BackButtonListener.java;file:/src/main/java/org/bottiger/podcast/BackButtonListener.java
MemberIgnoringMethod;DAAP;/Users/rar9993/repos/research/fdroid_apps/native_apps/SoundWaves/NONE_TRANSFORMED_;/src/main/java/org/bottiger/podcast/MainActivity.java;file:/src/main/java/org/bottiger/podcast/MainActivity.java
MemberIgnoringMethod;DAAP;/Users/rar9993/repos/research/fdroid_apps/native_apps/SoundWaves/NONE_TRANSFORMED_;/src/main/java/org/bottiger/podcast/provider/IEpisode.java;file:/src/main/java/org/bottiger/podcast/provider/IEpisode.java
MemberIgnoringMethod;DAAP;/Users/rar9993/repos/research/fdroid_apps/native_apps/SoundWaves/NONE_TRANSFORMED_;/src/main/java/org/bottiger/podcast/provider/DatabaseHelper.java;file:/src/main/java/org/bottiger/podcast/provider/DatabaseHelper.java
MemberIgnoringMethod;DAAP;/Users/rar9993/repos/research/fdroid_apps/native_apps/SoundWaves/NONE_TRANSFORMED_;/src/main/java/org/bottiger/podcast/provider/ISubscription.java;file:/src/main/java/org/bottiger/podcast/provider/ISubscription.java
MemberIgnoringMethod;DAAP;/Users/rar9993/repos/research/fdroid_apps/native_apps/SoundWaves/NONE_TRANSFORMED_;/src/main/java/org/bottiger/podcast/provider/IDbItem.java;file:/src/main/java/org/bottiger/podcast/provider/IDbItem.java
MemberIgnoringMethod;DAAP;/Users/rar9993/repos/research/fdroid_apps/native_apps/SoundWaves/NONE_TRANSFORMED_;/src/main/java/org/bottiger/podcast/provider/FeedItem.java;file:/src/main/java/org/bottiger/podcast/provider/FeedItem.java
MemberIgnoringMethod;DAAP;/Users/rar9993/repos/research/fdroid_apps/native_apps/SoundWaves/NONE_TRANSFORMED_;/src/main/java/org/bottiger/podcast/provider/SlimImplementations/SlimSubscription.java;file:/src/main/java/org/bottiger/podcast/provider/SlimImplementations/SlimSubscription.java
MemberIgnoringMethod;DAAP;/Users/rar9993/repos/research/fdroid_apps/native_apps/SoundWaves/NONE_TRANSFORMED_;/src/main/java/org/bottiger/podcast/provider/SlimImplementations/SlimEpisode.java;file:/src/main/java/org/bottiger/podcast/provider/SlimImplementations/SlimEpisode.java
MemberIgnoringMethod;DAAP;/Users/rar9993/repos/research/fdroid_apps/native_apps/SoundWaves/NONE_TRANSFORMED_;/src/main/java/org/bottiger/podcast/provider/QueueEpisode.java;file:/src/main/java/org/bottiger/podcast/provider/QueueEpisode.java
MemberIgnoringMethod;DAAP;/Users/rar9993/repos/research/fdroid_apps/native_apps/SoundWaves/NONE_TRANSFORMED_;/src/main/java/org/bottiger/podcast/provider/AudioBook.java;file:/src/main/java/org/bottiger/podcast/provider/AudioBook.java
MemberIgnoringMethod;DAAP;/Users/rar9993/repos/research/fdroid_apps/native_apps/SoundWaves/NONE_TRANSFORMED_;/src/main/java/org/bottiger/podcast/provider/IPersistedSub.java;file:/src/main/java/org/bottiger/podcast/provider/IPersistedSub.java
MemberIgnoringMethod;DAAP;/Users/rar9993/repos/research/fdroid_apps/native_apps/SoundWaves/NONE_TRANSFORMED_;/src/main/java/org/bottiger/podcast/provider/Subscription.java;file:/src/main/java/org/bottiger/podcast/provider/Subscription.java
MemberIgnoringMethod;DAAP;/Users/rar9993/repos/research/fdroid_apps/native_apps/SoundWaves/NONE_TRANSFORMED_;/src/main/java/org/bottiger/podcast/provider/base/BasePodcastSubscription.java;file:/src/main/java/org/bottiger/podcast/provider/base/BasePodcastSubscription.java
MemberIgnoringMethod;DAAP;/Users/rar9993/repos/research/fdroid_apps/native_apps/SoundWaves/NONE_TRANSFORMED_;/src/main/java/org/bottiger/podcast/provider/base/BaseEpisode.java;file:/src/main/java/org/bottiger/podcast/provider/base/BaseEpisode.java
MemberIgnoringMethod;DAAP;/Users/rar9993/repos/research/fdroid_apps/native_apps/SoundWaves/NONE_TRANSFORMED_;/src/main/java/org/bottiger/podcast/provider/base/BaseSubscription.java;file:/src/main/java/org/bottiger/podcast/provider/base/BaseSubscription.java
MemberIgnoringMethod;DAAP;/Users/rar9993/repos/research/fdroid_apps/native_apps/SoundWaves/NONE_TRANSFORMED_;/src/main/java/org/bottiger/podcast/AbstractEpisodeFragment.java;file:/src/main/java/org/bottiger/podcast/AbstractEpisodeFragment.java
MemberIgnoringMethod;DAAP;/Users/rar9993/repos/research/fdroid_apps/native_apps/SoundWaves/NONE_TRANSFORMED_;/src/main/java/org/bottiger/podcast/utils/DirectExecutor.java;file:/src/main/java/org/bottiger/podcast/utils/DirectExecutor.java
MemberIgnoringMethod;DAAP;/Users/rar9993/repos/research/fdroid_apps/native_apps/SoundWaves/NONE_TRANSFORMED_;/src/main/java/org/bottiger/podcast/utils/chapter/ChapterReader.java;file:/src/main/java/org/bottiger/podcast/utils/chapter/ChapterReader.java
MemberIgnoringMethod;DAAP;/Users/rar9993/repos/research/fdroid_apps/native_apps/SoundWaves/NONE_TRANSFORMED_;/src/main/java/org/bottiger/podcast/utils/chapter/Chapter.java;file:/src/main/java/org/bottiger/podcast/utils/chapter/Chapter.java
MemberIgnoringMethod;DAAP;/Users/rar9993/repos/research/fdroid_apps/native_apps/SoundWaves/NONE_TRANSFORMED_;/src/main/java/org/bottiger/podcast/utils/ListPreferenceCompat.java;file:/src/main/java/org/bottiger/podcast/utils/ListPreferenceCompat.java
MemberIgnoringMethod;DAAP;/Users/rar9993/repos/research/fdroid_apps/native_apps/SoundWaves/NONE_TRANSFORMED_;/src/main/java/org/bottiger/podcast/utils/rxbus/RxBasicSubscriber.java;file:/src/main/java/org/bottiger/podcast/utils/rxbus/RxBasicSubscriber.java
MemberIgnoringMethod;DAAP;/Users/rar9993/repos/research/fdroid_apps/native_apps/SoundWaves/NONE_TRANSFORMED_;/src/main/java/org/bottiger/podcast/utils/navdrawer/NavigationDrawerMenuGenerator.java;file:/src/main/java/org/bottiger/podcast/utils/navdrawer/NavigationDrawerMenuGenerator.java
MemberIgnoringMethod;DAAP;/Users/rar9993/repos/research/fdroid_apps/native_apps/SoundWaves/NONE_TRANSFORMED_;/src/main/java/org/bottiger/podcast/utils/navdrawer/INavOnClick.java;file:/src/main/java/org/bottiger/podcast/utils/navdrawer/INavOnClick.java
MemberIgnoringMethod;DAAP;/Users/rar9993/repos/research/fdroid_apps/native_apps/SoundWaves/NONE_TRANSFORMED_;/src/main/java/org/bottiger/podcast/utils/DateUtils.java;file:/src/main/java/org/bottiger/podcast/utils/DateUtils.java
MemberIgnoringMethod;DAAP;/Users/rar9993/repos/research/fdroid_apps/native_apps/SoundWaves/NONE_TRANSFORMED_;/src/main/java/org/bottiger/podcast/utils/id3reader/ID3Reader.java;file:/src/main/java/org/bottiger/podcast/utils/id3reader/ID3Reader.java
MemberIgnoringMethod;DAAP;/Users/rar9993/repos/research/fdroid_apps/native_apps/SoundWaves/NONE_TRANSFORMED_;/src/main/java/org/bottiger/podcast/utils/PreferenceHelper.java;file:/src/main/java/org/bottiger/podcast/utils/PreferenceHelper.java
MemberIgnoringMethod;DAAP;/Users/rar9993/repos/research/fdroid_apps/native_apps/SoundWaves/NONE_TRANSFORMED_;/src/main/java/org/bottiger/podcast/SubscriptionsFragment.java;file:/src/main/java/org/bottiger/podcast/SubscriptionsFragment.java
MemberIgnoringMethod;DAAP;/Users/rar9993/repos/research/fdroid_apps/native_apps/SoundWaves/NONE_TRANSFORMED_;/src/main/java/org/bottiger/podcast/flavors/Activities/IActivityDetector.java;file:/src/main/java/org/bottiger/podcast/flavors/Activities/IActivityDetector.java
MemberIgnoringMethod;DAAP;/Users/rar9993/repos/research/fdroid_apps/native_apps/SoundWaves/NONE_TRANSFORMED_;/src/main/java/org/bottiger/podcast/flavors/MediaCast/IMediaRouteStateListener.java;file:/src/main/java/org/bottiger/podcast/flavors/MediaCast/IMediaRouteStateListener.java
MemberIgnoringMethod;DAAP;/Users/rar9993/repos/research/fdroid_apps/native_apps/SoundWaves/NONE_TRANSFORMED_;/src/main/java/org/bottiger/podcast/flavors/MediaCast/IMediaCast.java;file:/src/main/java/org/bottiger/podcast/flavors/MediaCast/IMediaCast.java
MemberIgnoringMethod;DAAP;/Users/rar9993/repos/research/fdroid_apps/native_apps/SoundWaves/NONE_TRANSFORMED_;/src/main/java/org/bottiger/podcast/flavors/Analytics/IAnalytics.java;file:/src/main/java/org/bottiger/podcast/flavors/Analytics/IAnalytics.java
MemberIgnoringMethod;DAAP;/Users/rar9993/repos/research/fdroid_apps/native_apps/SoundWaves/NONE_TRANSFORMED_;/src/main/java/org/bottiger/podcast/flavors/Analytics/AbstractAnalytics.java;file:/src/main/java/org/bottiger/podcast/flavors/Analytics/AbstractAnalytics.java
MemberIgnoringMethod;DAAP;/Users/rar9993/repos/research/fdroid_apps/native_apps/SoundWaves/NONE_TRANSFORMED_;/src/main/java/org/bottiger/podcast/ViewServer.java;file:/src/main/java/org/bottiger/podcast/ViewServer.java
MemberIgnoringMethod;DAAP;/Users/rar9993/repos/research/fdroid_apps/native_apps/SoundWaves/NONE_TRANSFORMED_;/src/main/java/org/bottiger/podcast/adapters/decoration/OnDragStateChangedListener.java;file:/src/main/java/org/bottiger/podcast/adapters/decoration/OnDragStateChangedListener.java
MemberIgnoringMethod;DAAP;/Users/rar9993/repos/research/fdroid_apps/native_apps/SoundWaves/NONE_TRANSFORMED_;/src/main/java/org/bottiger/podcast/adapters/CursorRecyclerAdapter.java;file:/src/main/java/org/bottiger/podcast/adapters/CursorRecyclerAdapter.java
MemberIgnoringMethod;DAAP;/Users/rar9993/repos/research/fdroid_apps/native_apps/SoundWaves/NONE_TRANSFORMED_;/src/main/java/org/bottiger/podcast/adapters/PlayerChapterAdapter.java;file:/src/main/java/org/bottiger/podcast/adapters/PlayerChapterAdapter.java
MemberIgnoringMethod;DAAP;/Users/rar9993/repos/research/fdroid_apps/native_apps/SoundWaves/NONE_TRANSFORMED_;/src/main/java/org/bottiger/podcast/adapters/SubscriptionSelectorCallback.java;file:/src/main/java/org/bottiger/podcast/adapters/SubscriptionSelectorCallback.java
MemberIgnoringMethod;DAAP;/Users/rar9993/repos/research/fdroid_apps/native_apps/SoundWaves/NONE_TRANSFORMED_;/src/main/java/org/bottiger/podcast/adapters/PlaylistAdapter.java;file:/src/main/java/org/bottiger/podcast/adapters/PlaylistAdapter.java
MemberIgnoringMethod;DAAP;/Users/rar9993/repos/research/fdroid_apps/native_apps/SoundWaves/NONE_TRANSFORMED_;/src/main/java/org/bottiger/podcast/adapters/viewholders/subscription/BaseAnimatedSelectableViewHolder.java;file:/src/main/java/org/bottiger/podcast/adapters/viewholders/subscription/BaseAnimatedSelectableViewHolder.java
MemberIgnoringMethod;DAAP;/Users/rar9993/repos/research/fdroid_apps/native_apps/SoundWaves/NONE_TRANSFORMED_;/src/main/java/org/bottiger/podcast/adapters/viewholders/subscription/ISubscriptionViewHolder.java;file:/src/main/java/org/bottiger/podcast/adapters/viewholders/subscription/ISubscriptionViewHolder.java
MemberIgnoringMethod;DAAP;/Users/rar9993/repos/research/fdroid_apps/native_apps/SoundWaves/NONE_TRANSFORMED_;/src/main/java/org/bottiger/podcast/adapters/viewholders/ExpandableViewHoldersUtil.java;file:/src/main/java/org/bottiger/podcast/adapters/viewholders/ExpandableViewHoldersUtil.java
MemberIgnoringMethod;DAAP;/Users/rar9993/repos/research/fdroid_apps/native_apps/SoundWaves/NONE_TRANSFORMED_;/src/main/java/org/bottiger/podcast/adapters/SubscriptionAdapter.java;file:/src/main/java/org/bottiger/podcast/adapters/SubscriptionAdapter.java
MemberIgnoringMethod;DAAP;/Users/rar9993/repos/research/fdroid_apps/native_apps/SoundWaves/NONE_TRANSFORMED_;/src/main/java/org/bottiger/podcast/DrawerActivity.java;file:/src/main/java/org/bottiger/podcast/DrawerActivity.java
MemberIgnoringMethod;DAAP;/Users/rar9993/repos/research/fdroid_apps/native_apps/SoundWaves/NONE_TRANSFORMED_;/src/main/java/org/bottiger/podcast/dependencyinjector/SoundWavesComponent.java;file:/src/main/java/org/bottiger/podcast/dependencyinjector/SoundWavesComponent.java
MemberIgnoringMethod;DAAP;/Users/rar9993/repos/research/fdroid_apps/native_apps/SoundWaves/NONE_TRANSFORMED_;/src/main/java/org/bottiger/podcast/cloud/CloudProvider.java;file:/src/main/java/org/bottiger/podcast/cloud/CloudProvider.java
MemberIgnoringMethod;DAAP;/Users/rar9993/repos/research/fdroid_apps/native_apps/SoundWaves/NONE_TRANSFORMED_;/src/main/java/org/bottiger/podcast/cloud/soundwavesapp/ISoundWavesApp.java;file:/src/main/java/org/bottiger/podcast/cloud/soundwavesapp/ISoundWavesApp.java
MemberIgnoringMethod;DAAP;/Users/rar9993/repos/research/fdroid_apps/native_apps/SoundWaves/NONE_TRANSFORMED_;/src/main/java/org/bottiger/podcast/cloud/AbstractCloudProvider.java;file:/src/main/java/org/bottiger/podcast/cloud/AbstractCloudProvider.java
MemberIgnoringMethod;DAAP;/Users/rar9993/repos/research/fdroid_apps/native_apps/SoundWaves/NONE_TRANSFORMED_;/src/main/java/org/bottiger/podcast/cloud/gPodderProvider.java;file:/src/main/java/org/bottiger/podcast/cloud/gPodderProvider.java
MemberIgnoringMethod;DAAP;/Users/rar9993/repos/research/fdroid_apps/native_apps/SoundWaves/NONE_TRANSFORMED_;/src/main/java/org/bottiger/podcast/receiver/HeadsetReceiver.java;file:/src/main/java/org/bottiger/podcast/receiver/HeadsetReceiver.java
MemberIgnoringMethod;DAAP;/Users/rar9993/repos/research/fdroid_apps/native_apps/SoundWaves/NONE_TRANSFORMED_;/src/main/java/org/bottiger/podcast/receiver/PodcastUpdateReceiver.java;file:/src/main/java/org/bottiger/podcast/receiver/PodcastUpdateReceiver.java
MemberIgnoringMethod;DAAP;/Users/rar9993/repos/research/fdroid_apps/native_apps/SoundWaves/NONE_TRANSFORMED_;/src/main/java/org/bottiger/podcast/receiver/AutoStart.java;file:/src/main/java/org/bottiger/podcast/receiver/AutoStart.java
MemberIgnoringMethod;DAAP;/Users/rar9993/repos/research/fdroid_apps/native_apps/SoundWaves/NONE_TRANSFORMED_;/src/main/java/org/bottiger/podcast/model/datastructures/EpisodeList.java;file:/src/main/java/org/bottiger/podcast/model/datastructures/EpisodeList.java
MemberIgnoringMethod;DAAP;/Users/rar9993/repos/research/fdroid_apps/native_apps/SoundWaves/NONE_TRANSFORMED_;/src/main/java/org/bottiger/podcast/model/Library.java;file:/src/main/java/org/bottiger/podcast/model/Library.java
MemberIgnoringMethod;DAAP;/Users/rar9993/repos/research/fdroid_apps/native_apps/SoundWaves/NONE_TRANSFORMED_;/src/main/java/org/bottiger/podcast/model/LibraryPersistency.java;file:/src/main/java/org/bottiger/podcast/model/LibraryPersistency.java
MemberIgnoringMethod;DAAP;/Users/rar9993/repos/research/fdroid_apps/native_apps/SoundWaves/NONE_TRANSFORMED_;/src/main/java/org/bottiger/podcast/activities/pastelog/LogSubmitActivity.java;file:/src/main/java/org/bottiger/podcast/activities/pastelog/LogSubmitActivity.java
MemberIgnoringMethod;DAAP;/Users/rar9993/repos/research/fdroid_apps/native_apps/SoundWaves/NONE_TRANSFORMED_;/src/main/java/org/bottiger/podcast/activities/openopml/OpenOpmlAdapter.java;file:/src/main/java/org/bottiger/podcast/activities/openopml/OpenOpmlAdapter.java
MemberIgnoringMethod;DAAP;/Users/rar9993/repos/research/fdroid_apps/native_apps/SoundWaves/NONE_TRANSFORMED_;/src/main/java/org/bottiger/podcast/activities/intro/Intro.java;file:/src/main/java/org/bottiger/podcast/activities/intro/Intro.java
MemberIgnoringMethod;DAAP;/Users/rar9993/repos/research/fdroid_apps/native_apps/SoundWaves/NONE_TRANSFORMED_;/src/main/java/org/bottiger/podcast/activities/downloadmanager/DownloadManagerActivity.java;file:/src/main/java/org/bottiger/podcast/activities/downloadmanager/DownloadManagerActivity.java
MemberIgnoringMethod;DAAP;/Users/rar9993/repos/research/fdroid_apps/native_apps/SoundWaves/NONE_TRANSFORMED_;/src/main/java/org/bottiger/podcast/activities/downloadmanager/DownloadViewModel.java;file:/src/main/java/org/bottiger/podcast/activities/downloadmanager/DownloadViewModel.java
MemberIgnoringMethod;DAAP;/Users/rar9993/repos/research/fdroid_apps/native_apps/SoundWaves/NONE_TRANSFORMED_;/src/main/java/org/bottiger/podcast/activities/downloadmanager/DownloadManagerAdapter.java;file:/src/main/java/org/bottiger/podcast/activities/downloadmanager/DownloadManagerAdapter.java
MemberIgnoringMethod;DAAP;/Users/rar9993/repos/research/fdroid_apps/native_apps/SoundWaves/NONE_TRANSFORMED_;/src/main/java/org/bottiger/podcast/activities/discovery/DiscoverySearchAdapter.java;file:/src/main/java/org/bottiger/podcast/activities/discovery/DiscoverySearchAdapter.java
MemberIgnoringMethod;DAAP;/Users/rar9993/repos/research/fdroid_apps/native_apps/SoundWaves/NONE_TRANSFORMED_;/src/main/java/org/bottiger/podcast/activities/discovery/DiscoveryFeedActivity.java;file:/src/main/java/org/bottiger/podcast/activities/discovery/DiscoveryFeedActivity.java
MemberIgnoringMethod;DAAP;/Users/rar9993/repos/research/fdroid_apps/native_apps/SoundWaves/NONE_TRANSFORMED_;/src/main/java/org/bottiger/podcast/activities/discovery/FeedViewDiscoveryAdapter.java;file:/src/main/java/org/bottiger/podcast/activities/discovery/FeedViewDiscoveryAdapter.java
MemberIgnoringMethod;DAAP;/Users/rar9993/repos/research/fdroid_apps/native_apps/SoundWaves/NONE_TRANSFORMED_;/src/main/java/org/bottiger/podcast/activities/about/AboutActivity.java;file:/src/main/java/org/bottiger/podcast/activities/about/AboutActivity.java
MemberIgnoringMethod;DAAP;/Users/rar9993/repos/research/fdroid_apps/native_apps/SoundWaves/NONE_TRANSFORMED_;/src/main/java/org/bottiger/podcast/activities/main/PreloadGridLayoutManager.java;file:/src/main/java/org/bottiger/podcast/activities/main/PreloadGridLayoutManager.java
MemberIgnoringMethod;DAAP;/Users/rar9993/repos/research/fdroid_apps/native_apps/SoundWaves/NONE_TRANSFORMED_;/src/main/java/org/bottiger/podcast/activities/feedview/FeedViewAdapterBase.java;file:/src/main/java/org/bottiger/podcast/activities/feedview/FeedViewAdapterBase.java
MemberIgnoringMethod;DAAP;/Users/rar9993/repos/research/fdroid_apps/native_apps/SoundWaves/NONE_TRANSFORMED_;/src/main/java/org/bottiger/podcast/activities/feedview/FeedActivity.java;file:/src/main/java/org/bottiger/podcast/activities/feedview/FeedActivity.java
MemberIgnoringMethod;DAAP;/Users/rar9993/repos/research/fdroid_apps/native_apps/SoundWaves/NONE_TRANSFORMED_;/src/main/java/org/bottiger/podcast/activities/feedview/FeedViewAdapter.java;file:/src/main/java/org/bottiger/podcast/activities/feedview/FeedViewAdapter.java
MemberIgnoringMethod;DAAP;/Users/rar9993/repos/research/fdroid_apps/native_apps/SoundWaves/NONE_TRANSFORMED_;/src/main/java/org/bottiger/podcast/PlaylistFragment.java;file:/src/main/java/org/bottiger/podcast/PlaylistFragment.java
MemberIgnoringMethod;DAAP;/Users/rar9993/repos/research/fdroid_apps/native_apps/SoundWaves/NONE_TRANSFORMED_;/src/main/java/org/bottiger/podcast/PodcastBaseFragment.java;file:/src/main/java/org/bottiger/podcast/PodcastBaseFragment.java
MemberIgnoringMethod;DAAP;/Users/rar9993/repos/research/fdroid_apps/native_apps/SoundWaves/NONE_TRANSFORMED_;/src/main/java/org/bottiger/podcast/service/PodcastService.java;file:/src/main/java/org/bottiger/podcast/service/PodcastService.java
MemberIgnoringMethod;DAAP;/Users/rar9993/repos/research/fdroid_apps/native_apps/SoundWaves/NONE_TRANSFORMED_;/src/main/java/org/bottiger/podcast/service/jobservice/PodcastUpdateJobService.java;file:/src/main/java/org/bottiger/podcast/service/jobservice/PodcastUpdateJobService.java
MemberIgnoringMethod;DAAP;/Users/rar9993/repos/research/fdroid_apps/native_apps/SoundWaves/NONE_TRANSFORMED_;/src/main/java/org/bottiger/podcast/service/IDownloadCompleteCallback.java;file:/src/main/java/org/bottiger/podcast/service/IDownloadCompleteCallback.java
MemberIgnoringMethod;DAAP;/Users/rar9993/repos/research/fdroid_apps/native_apps/SoundWaves/NONE_TRANSFORMED_;/src/main/java/org/bottiger/podcast/service/CloudSyncService.java;file:/src/main/java/org/bottiger/podcast/service/CloudSyncService.java
MemberIgnoringMethod;DAAP;/Users/rar9993/repos/research/fdroid_apps/native_apps/SoundWaves/NONE_TRANSFORMED_;/src/main/java/org/bottiger/podcast/service/AbstractAlarmService.java;file:/src/main/java/org/bottiger/podcast/service/AbstractAlarmService.java
MemberIgnoringMethod;DAAP;/Users/rar9993/repos/research/fdroid_apps/native_apps/SoundWaves/NONE_TRANSFORMED_;/src/main/java/org/bottiger/podcast/service/Downloader/engines/ProgressListener.java;file:/src/main/java/org/bottiger/podcast/service/Downloader/engines/ProgressListener.java
MemberIgnoringMethod;DAAP;/Users/rar9993/repos/research/fdroid_apps/native_apps/SoundWaves/NONE_TRANSFORMED_;/src/main/java/org/bottiger/podcast/service/Downloader/engines/IDownloadEngine.java;file:/src/main/java/org/bottiger/podcast/service/Downloader/engines/IDownloadEngine.java
MemberIgnoringMethod;DAAP;/Users/rar9993/repos/research/fdroid_apps/native_apps/SoundWaves/NONE_TRANSFORMED_;/src/main/java/org/bottiger/podcast/service/Downloader/engines/AndroidDownloader.java;file:/src/main/java/org/bottiger/podcast/service/Downloader/engines/AndroidDownloader.java
MemberIgnoringMethod;DAAP;/Users/rar9993/repos/research/fdroid_apps/native_apps/SoundWaves/NONE_TRANSFORMED_;/src/main/java/org/bottiger/podcast/service/Downloader/SubscriptionRefreshManager.java;file:/src/main/java/org/bottiger/podcast/service/Downloader/SubscriptionRefreshManager.java
MemberIgnoringMethod;DAAP;/Users/rar9993/repos/research/fdroid_apps/native_apps/SoundWaves/NONE_TRANSFORMED_;/src/main/java/org/bottiger/podcast/service/syncadapter/Authenticator.java;file:/src/main/java/org/bottiger/podcast/service/syncadapter/Authenticator.java
MemberIgnoringMethod;DAAP;/Users/rar9993/repos/research/fdroid_apps/native_apps/SoundWaves/NONE_TRANSFORMED_;/src/main/java/org/bottiger/podcast/service/syncadapter/CloudSyncUtils.java;file:/src/main/java/org/bottiger/podcast/service/syncadapter/CloudSyncUtils.java
MemberIgnoringMethod;DAAP;/Users/rar9993/repos/research/fdroid_apps/native_apps/SoundWaves/NONE_TRANSFORMED_;/src/main/java/org/bottiger/podcast/service/PlayerService.java;file:/src/main/java/org/bottiger/podcast/service/PlayerService.java
MemberIgnoringMethod;DAAP;/Users/rar9993/repos/research/fdroid_apps/native_apps/SoundWaves/NONE_TRANSFORMED_;/src/main/java/org/bottiger/podcast/views/PlayerSeekbar.java;file:/src/main/java/org/bottiger/podcast/views/PlayerSeekbar.java
MemberIgnoringMethod;DAAP;/Users/rar9993/repos/research/fdroid_apps/native_apps/SoundWaves/NONE_TRANSFORMED_;/src/main/java/org/bottiger/podcast/views/SlidingTab/SlidingTabLayout.java;file:/src/main/java/org/bottiger/podcast/views/SlidingTab/SlidingTabLayout.java
MemberIgnoringMethod;DAAP;/Users/rar9993/repos/research/fdroid_apps/native_apps/SoundWaves/NONE_TRANSFORMED_;/src/main/java/org/bottiger/podcast/views/FeedViewSwitch.java;file:/src/main/java/org/bottiger/podcast/views/FeedViewSwitch.java
MemberIgnoringMethod;DAAP;/Users/rar9993/repos/research/fdroid_apps/native_apps/SoundWaves/NONE_TRANSFORMED_;/src/main/java/org/bottiger/podcast/views/FeedRefreshLayout.java;file:/src/main/java/org/bottiger/podcast/views/FeedRefreshLayout.java
MemberIgnoringMethod;DAAP;/Users/rar9993/repos/research/fdroid_apps/native_apps/SoundWaves/NONE_TRANSFORMED_;/src/main/java/org/bottiger/podcast/views/PlayPauseButton.java;file:/src/main/java/org/bottiger/podcast/views/PlayPauseButton.java
MemberIgnoringMethod;DAAP;/Users/rar9993/repos/research/fdroid_apps/native_apps/SoundWaves/NONE_TRANSFORMED_;/src/main/java/org/bottiger/podcast/views/TextViewObserver.java;file:/src/main/java/org/bottiger/podcast/views/TextViewObserver.java
MemberIgnoringMethod;DAAP;/Users/rar9993/repos/research/fdroid_apps/native_apps/SoundWaves/NONE_TRANSFORMED_;/src/main/java/org/bottiger/podcast/views/drawables/PlayPauseDrawable.java;file:/src/main/java/org/bottiger/podcast/views/drawables/PlayPauseDrawable.java
MemberIgnoringMethod;DAAP;/Users/rar9993/repos/research/fdroid_apps/native_apps/SoundWaves/NONE_TRANSFORMED_;/src/main/java/org/bottiger/podcast/views/DownloadButtonView.java;file:/src/main/java/org/bottiger/podcast/views/DownloadButtonView.java
MemberIgnoringMethod;DAAP;/Users/rar9993/repos/research/fdroid_apps/native_apps/SoundWaves/NONE_TRANSFORMED_;/src/main/java/org/bottiger/podcast/views/SquareGridViewGroup.java;file:/src/main/java/org/bottiger/podcast/views/SquareGridViewGroup.java
MemberIgnoringMethod;DAAP;/Users/rar9993/repos/research/fdroid_apps/native_apps/SoundWaves/NONE_TRANSFORMED_;/src/main/java/org/bottiger/podcast/views/NpaLinearLayoutManager.java;file:/src/main/java/org/bottiger/podcast/views/NpaLinearLayoutManager.java
MemberIgnoringMethod;DAAP;/Users/rar9993/repos/research/fdroid_apps/native_apps/SoundWaves/NONE_TRANSFORMED_;/src/main/java/org/bottiger/podcast/views/SquareImageView.java;file:/src/main/java/org/bottiger/podcast/views/SquareImageView.java
MemberIgnoringMethod;DAAP;/Users/rar9993/repos/research/fdroid_apps/native_apps/SoundWaves/NONE_TRANSFORMED_;/src/main/java/org/bottiger/podcast/views/utils/SubscriptionSettingsUtils.java;file:/src/main/java/org/bottiger/podcast/views/utils/SubscriptionSettingsUtils.java
MemberIgnoringMethod;DAAP;/Users/rar9993/repos/research/fdroid_apps/native_apps/SoundWaves/NONE_TRANSFORMED_;/src/main/java/org/bottiger/podcast/views/PlaylistContainerWrapper.java;file:/src/main/java/org/bottiger/podcast/views/PlaylistContainerWrapper.java
MemberIgnoringMethod;DAAP;/Users/rar9993/repos/research/fdroid_apps/native_apps/SoundWaves/NONE_TRANSFORMED_;/src/main/java/org/bottiger/podcast/views/FixedRecyclerView.java;file:/src/main/java/org/bottiger/podcast/views/FixedRecyclerView.java
MemberIgnoringMethod;DAAP;/Users/rar9993/repos/research/fdroid_apps/native_apps/SoundWaves/NONE_TRANSFORMED_;/src/main/java/org/bottiger/podcast/views/PlayerButtonView.java;file:/src/main/java/org/bottiger/podcast/views/PlayerButtonView.java
MemberIgnoringMethod;DAAP;/Users/rar9993/repos/research/fdroid_apps/native_apps/SoundWaves/NONE_TRANSFORMED_;/src/main/java/org/bottiger/podcast/views/SquareImageViewFresco.java;file:/src/main/java/org/bottiger/podcast/views/SquareImageViewFresco.java
MemberIgnoringMethod;DAAP;/Users/rar9993/repos/research/fdroid_apps/native_apps/SoundWaves/NONE_TRANSFORMED_;/src/main/java/org/bottiger/podcast/views/MultiShrink/playlist/PathInterpolatorCompat.java;file:/src/main/java/org/bottiger/podcast/views/MultiShrink/playlist/PathInterpolatorCompat.java
MemberIgnoringMethod;DAAP;/Users/rar9993/repos/research/fdroid_apps/native_apps/SoundWaves/NONE_TRANSFORMED_;/src/main/java/org/bottiger/podcast/views/MultiShrink/feed/SchedulingUtils.java;file:/src/main/java/org/bottiger/podcast/views/MultiShrink/feed/SchedulingUtils.java
MemberIgnoringMethod;DAAP;/Users/rar9993/repos/research/fdroid_apps/native_apps/SoundWaves/NONE_TRANSFORMED_;/src/main/java/org/bottiger/podcast/views/MultiShrink/feed/PathInterpolatorCompat.java;file:/src/main/java/org/bottiger/podcast/views/MultiShrink/feed/PathInterpolatorCompat.java
MemberIgnoringMethod;DAAP;/Users/rar9993/repos/research/fdroid_apps/native_apps/SoundWaves/NONE_TRANSFORMED_;/src/main/java/org/bottiger/podcast/views/MultiShrink/feed/TouchlessScrollView.java;file:/src/main/java/org/bottiger/podcast/views/MultiShrink/feed/TouchlessScrollView.java
MemberIgnoringMethod;DAAP;/Users/rar9993/repos/research/fdroid_apps/native_apps/SoundWaves/NONE_TRANSFORMED_;/src/main/java/org/bottiger/podcast/views/MultiShrink/feed/MultiShrinkScroller.java;file:/src/main/java/org/bottiger/podcast/views/MultiShrink/feed/MultiShrinkScroller.java
MemberIgnoringMethod;DAAP;/Users/rar9993/repos/research/fdroid_apps/native_apps/SoundWaves/NONE_TRANSFORMED_;/src/main/java/org/bottiger/podcast/views/PlaylistBehavior.java;file:/src/main/java/org/bottiger/podcast/views/PlaylistBehavior.java
MemberIgnoringMethod;DAAP;/Users/rar9993/repos/research/fdroid_apps/native_apps/SoundWaves/NONE_TRANSFORMED_;/src/main/java/org/bottiger/podcast/views/ImageViewTinted.java;file:/src/main/java/org/bottiger/podcast/views/ImageViewTinted.java
MemberIgnoringMethod;DAAP;/Users/rar9993/repos/research/fdroid_apps/native_apps/SoundWaves/NONE_TRANSFORMED_;/src/main/java/org/bottiger/podcast/views/TopPlayer.java;file:/src/main/java/org/bottiger/podcast/views/TopPlayer.java
MemberIgnoringMethod;DAAP;/Users/rar9993/repos/research/fdroid_apps/native_apps/SoundWaves/NONE_TRANSFORMED_;/src/main/java/org/bottiger/podcast/views/dialogs/DialogPlaylistContent.java;file:/src/main/java/org/bottiger/podcast/views/dialogs/DialogPlaylistContent.java
MemberIgnoringMethod;DAAP;/Users/rar9993/repos/research/fdroid_apps/native_apps/SoundWaves/NONE_TRANSFORMED_;/src/main/java/org/bottiger/podcast/views/dialogs/DialogBulkDownload.java;file:/src/main/java/org/bottiger/podcast/views/dialogs/DialogBulkDownload.java
MemberIgnoringMethod;DAAP;/Users/rar9993/repos/research/fdroid_apps/native_apps/SoundWaves/NONE_TRANSFORMED_;/src/main/java/org/bottiger/podcast/views/dialogs/DialogOPML.java;file:/src/main/java/org/bottiger/podcast/views/dialogs/DialogOPML.java
MemberIgnoringMethod;DAAP;/Users/rar9993/repos/research/fdroid_apps/native_apps/SoundWaves/NONE_TRANSFORMED_;/src/main/java/org/bottiger/podcast/views/dialogs/DialogAddPodcast.java;file:/src/main/java/org/bottiger/podcast/views/dialogs/DialogAddPodcast.java
MemberIgnoringMethod;DAAP;/Users/rar9993/repos/research/fdroid_apps/native_apps/SoundWaves/NONE_TRANSFORMED_;/src/main/java/org/bottiger/podcast/views/CustomLinearLayoutManager.java;file:/src/main/java/org/bottiger/podcast/views/CustomLinearLayoutManager.java
MemberIgnoringMethod;DAAP;/Users/rar9993/repos/research/fdroid_apps/native_apps/SoundWaves/NONE_TRANSFORMED_;/src/main/java/org/bottiger/podcast/views/Overlay.java;file:/src/main/java/org/bottiger/podcast/views/Overlay.java
MemberIgnoringMethod;DAAP;/Users/rar9993/repos/research/fdroid_apps/native_apps/SoundWaves/NONE_TRANSFORMED_;/src/main/java/org/bottiger/podcast/views/MultiSpinner.java;file:/src/main/java/org/bottiger/podcast/views/MultiSpinner.java
MemberIgnoringMethod;DAAP;/Users/rar9993/repos/research/fdroid_apps/native_apps/SoundWaves/NONE_TRANSFORMED_;/src/main/java/org/bottiger/podcast/views/SquareCardView.java;file:/src/main/java/org/bottiger/podcast/views/SquareCardView.java
MemberIgnoringMethod;DAAP;/Users/rar9993/repos/research/fdroid_apps/native_apps/SoundWaves/NONE_TRANSFORMED_;/src/main/java/org/bottiger/podcast/views/FeedViewQueueButton.java;file:/src/main/java/org/bottiger/podcast/views/FeedViewQueueButton.java
MemberIgnoringMethod;DAAP;/Users/rar9993/repos/research/fdroid_apps/native_apps/SoundWaves/NONE_TRANSFORMED_;/src/main/java/org/bottiger/podcast/views/OnSizeChangedListener.java;file:/src/main/java/org/bottiger/podcast/views/OnSizeChangedListener.java
MemberIgnoringMethod;DAAP;/Users/rar9993/repos/research/fdroid_apps/native_apps/SoundWaves/NONE_TRANSFORMED_;/src/main/java/org/bottiger/podcast/views/PlayerRelativeLayout.java;file:/src/main/java/org/bottiger/podcast/views/PlayerRelativeLayout.java
MemberIgnoringMethod;DAAP;/Users/rar9993/repos/research/fdroid_apps/native_apps/SoundWaves/NONE_TRANSFORMED_;/src/main/java/org/bottiger/podcast/views/FeedRecyclerView.java;file:/src/main/java/org/bottiger/podcast/views/FeedRecyclerView.java
MemberIgnoringMethod;DAAP;/Users/rar9993/repos/research/fdroid_apps/native_apps/SoundWaves/NONE_TRANSFORMED_;/src/main/java/org/bottiger/podcast/listeners/DownloadObserver.java;file:/src/main/java/org/bottiger/podcast/listeners/DownloadObserver.java
MemberIgnoringMethod;DAAP;/Users/rar9993/repos/research/fdroid_apps/native_apps/SoundWaves/NONE_TRANSFORMED_;/src/main/java/org/bottiger/podcast/listeners/PaletteListener.java;file:/src/main/java/org/bottiger/podcast/listeners/PaletteListener.java
MemberIgnoringMethod;DAAP;/Users/rar9993/repos/research/fdroid_apps/native_apps/SoundWaves/NONE_TRANSFORMED_;/src/main/java/org/bottiger/podcast/DiscoveryFragment.java;file:/src/main/java/org/bottiger/podcast/DiscoveryFragment.java
MemberIgnoringMethod;DAAP;/Users/rar9993/repos/research/fdroid_apps/native_apps/SoundWaves/NONE_TRANSFORMED_;/src/main/java/org/bottiger/podcast/TopActivity.java;file:/src/main/java/org/bottiger/podcast/TopActivity.java
MemberIgnoringMethod;DAAP;/Users/rar9993/repos/research/fdroid_apps/native_apps/SoundWaves/NONE_TRANSFORMED_;/src/main/java/org/bottiger/podcast/SettingsActivity.java;file:/src/main/java/org/bottiger/podcast/SettingsActivity.java
MemberIgnoringMethod;DAAP;/Users/rar9993/repos/research/fdroid_apps/native_apps/SoundWaves/NONE_TRANSFORMED_;/src/main/java/org/bottiger/podcast/player/GenericMediaPlayerInterface.java;file:/src/main/java/org/bottiger/podcast/player/GenericMediaPlayerInterface.java
MemberIgnoringMethod;DAAP;/Users/rar9993/repos/research/fdroid_apps/native_apps/SoundWaves/NONE_TRANSFORMED_;/src/main/java/org/bottiger/podcast/player/Player.java;file:/src/main/java/org/bottiger/podcast/player/Player.java
MemberIgnoringMethod;DAAP;/Users/rar9993/repos/research/fdroid_apps/native_apps/SoundWaves/NONE_TRANSFORMED_;/src/main/java/org/bottiger/podcast/player/SoundWavesPlayerBase.java;file:/src/main/java/org/bottiger/podcast/player/SoundWavesPlayerBase.java
MemberIgnoringMethod;DAAP;/Users/rar9993/repos/research/fdroid_apps/native_apps/SoundWaves/NONE_TRANSFORMED_;/src/main/java/org/bottiger/podcast/player/exoplayer/ExoPlayerEventListener.java;file:/src/main/java/org/bottiger/podcast/player/exoplayer/ExoPlayerEventListener.java
MemberIgnoringMethod;DAAP;/Users/rar9993/repos/research/fdroid_apps/native_apps/SoundWaves/NONE_TRANSFORMED_;/src/main/java/org/bottiger/podcast/player/exoplayer/ExoPlayerMediaSourceHelper.java;file:/src/main/java/org/bottiger/podcast/player/exoplayer/ExoPlayerMediaSourceHelper.java
MemberIgnoringMethod;DAAP;/Users/rar9993/repos/research/fdroid_apps/native_apps/SoundWaves/NONE_TRANSFORMED_;/src/main/java/org/bottiger/podcast/player/exoplayer/EventLogger.java;file:/src/main/java/org/bottiger/podcast/player/exoplayer/EventLogger.java
MemberIgnoringMethod;DAAP;/Users/rar9993/repos/research/fdroid_apps/native_apps/SoundWaves/NONE_TRANSFORMED_;/src/main/java/org/bottiger/podcast/player/exoplayer/FileCacheInterceptor.java;file:/src/main/java/org/bottiger/podcast/player/exoplayer/FileCacheInterceptor.java
MemberIgnoringMethod;DAAP;/Users/rar9993/repos/research/fdroid_apps/native_apps/SoundWaves/NONE_TRANSFORMED_;/src/main/java/org/bottiger/podcast/player/exoplayer/NewExoPlayer.java;file:/src/main/java/org/bottiger/podcast/player/exoplayer/NewExoPlayer.java
MemberIgnoringMethod;DAAP;/Users/rar9993/repos/research/fdroid_apps/native_apps/SoundWaves/NONE_TRANSFORMED_;/src/main/java/org/bottiger/podcast/player/exoplayer/Sonic.java;file:/src/main/java/org/bottiger/podcast/player/exoplayer/Sonic.java
MemberIgnoringMethod;DAAP;/Users/rar9993/repos/research/fdroid_apps/native_apps/SoundWaves/NONE_TRANSFORMED_;/src/main/java/org/bottiger/podcast/player/exoplayer/ProgressUpdateListener.java;file:/src/main/java/org/bottiger/podcast/player/exoplayer/ProgressUpdateListener.java
MemberIgnoringMethod;DAAP;/Users/rar9993/repos/research/fdroid_apps/native_apps/SoundWaves/NONE_TRANSFORMED_;/src/main/java/org/bottiger/podcast/player/exoplayer/ExoPlayerWrapper.java;file:/src/main/java/org/bottiger/podcast/player/exoplayer/ExoPlayerWrapper.java
MemberIgnoringMethod;DAAP;/Users/rar9993/repos/research/fdroid_apps/native_apps/SoundWaves/NONE_TRANSFORMED_;/src/main/java/org/bottiger/podcast/player/sonic/AndroidAudioDevice.java;file:/src/main/java/org/bottiger/podcast/player/sonic/AndroidAudioDevice.java
MemberIgnoringMethod;DAAP;/Users/rar9993/repos/research/fdroid_apps/native_apps/SoundWaves/NONE_TRANSFORMED_;/src/main/java/org/bottiger/podcast/player/sonic/Track.java;file:/src/main/java/org/bottiger/podcast/player/sonic/Track.java
MemberIgnoringMethod;DAAP;/Users/rar9993/repos/research/fdroid_apps/native_apps/SoundWaves/NONE_TRANSFORMED_;/src/main/java/org/bottiger/podcast/player/sonic/SoundService.java;file:/src/main/java/org/bottiger/podcast/player/sonic/SoundService.java
MemberIgnoringMethod;DAAP;/Users/rar9993/repos/research/fdroid_apps/native_apps/SoundWaves/NONE_TRANSFORMED_;/src/main/java/org/bottiger/podcast/player/sonic/Sonic.java;file:/src/main/java/org/bottiger/podcast/player/sonic/Sonic.java
MemberIgnoringMethod;DAAP;/Users/rar9993/repos/research/fdroid_apps/native_apps/SoundWaves/NONE_TRANSFORMED_;/src/main/java/org/bottiger/podcast/player/SoundWavesPlayer.java;file:/src/main/java/org/bottiger/podcast/player/SoundWavesPlayer.java
MemberIgnoringMethod;DAAP;/Users/rar9993/repos/research/fdroid_apps/native_apps/SoundWaves/NONE_TRANSFORMED_;/src/main/java/io/codetail/widget/RevealFrameLayout.java;file:/src/main/java/io/codetail/widget/RevealFrameLayout.java
MemberIgnoringMethod;DAAP;/Users/rar9993/repos/research/fdroid_apps/native_apps/SoundWaves/NONE_TRANSFORMED_;/src/main/java/io/codetail/widget/RevealLinearLayout.java;file:/src/main/java/io/codetail/widget/RevealLinearLayout.java
MemberIgnoringMethod;DAAP;/Users/rar9993/repos/research/fdroid_apps/native_apps/SoundWaves/NONE_TRANSFORMED_;/src/main/java/io/codetail/animation/SupportAnimatorLollipop.java;file:/src/main/java/io/codetail/animation/SupportAnimatorLollipop.java
MemberIgnoringMethod;DAAP;/Users/rar9993/repos/research/fdroid_apps/native_apps/SoundWaves/NONE_TRANSFORMED_;/src/main/java/io/codetail/animation/SupportAnimatorPreL.java;file:/src/main/java/io/codetail/animation/SupportAnimatorPreL.java
MemberIgnoringMethod;DAAP;/Users/rar9993/repos/research/fdroid_apps/native_apps/SoundWaves/NONE_TRANSFORMED_;/src/main/java/io/codetail/animation/RevealAnimator.java;file:/src/main/java/io/codetail/animation/RevealAnimator.java
MemberIgnoringMethod;DAAP;/Users/rar9993/repos/research/fdroid_apps/native_apps/SoundWaves/NONE_TRANSFORMED_;/src/main/java/io/codetail/animation/ViewAnimationUtils.java;file:/src/main/java/io/codetail/animation/ViewAnimationUtils.java
MemberIgnoringMethod;DAAP;/Users/rar9993/repos/research/fdroid_apps/native_apps/SoundWaves/NONE_TRANSFORMED_;/src/main/java/io/codetail/animation/SupportAnimator.java;file:/src/main/java/io/codetail/animation/SupportAnimator.java
MemberIgnoringMethod;DAAP;/Users/rar9993/repos/research/fdroid_apps/native_apps/SoundWaves/NONE_TRANSFORMED_;/src/main/java/com/github/ivbaranov/mfb/MaterialFavoriteButton.java;file:/src/main/java/com/github/ivbaranov/mfb/MaterialFavoriteButton.java
LeakingThread;DAAP;/Users/rar9993/repos/research/fdroid_apps/native_apps/SoundWaves/NONE_TRANSFORMED_;/src/main/java/org/bottiger/podcast/utils/DirectExecutor.java;file:/src/main/java/org/bottiger/podcast/utils/DirectExecutor.java
LeakingThread;DAAP;/Users/rar9993/repos/research/fdroid_apps/native_apps/SoundWaves/NONE_TRANSFORMED_;/src/main/java/org/bottiger/podcast/views/MultiShrink/feed/SchedulingUtils.java;file:/src/main/java/org/bottiger/podcast/views/MultiShrink/feed/SchedulingUtils.java
LeakingThread;DAAP;/Users/rar9993/repos/research/fdroid_apps/native_apps/SoundWaves/NONE_TRANSFORMED_;/src/main/java/org/bottiger/podcast/views/dialogs/DialogFeedAuthentication.java;file:/src/main/java/org/bottiger/podcast/views/dialogs/DialogFeedAuthentication.java
InternalGetterSetter;DAAP;/Users/rar9993/repos/research/fdroid_apps/native_apps/SoundWaves/NONE_TRANSFORMED_;/src/main/java/org/bottiger/podcast/provider/FeedItem.java;file:/src/main/java/org/bottiger/podcast/provider/FeedItem.java
InternalGetterSetter;DAAP;/Users/rar9993/repos/research/fdroid_apps/native_apps/SoundWaves/NONE_TRANSFORMED_;/src/main/java/org/bottiger/podcast/provider/QueueEpisode.java;file:/src/main/java/org/bottiger/podcast/provider/QueueEpisode.java
InternalGetterSetter;DAAP;/Users/rar9993/repos/research/fdroid_apps/native_apps/SoundWaves/NONE_TRANSFORMED_;/src/main/java/org/bottiger/podcast/player/exoplayer/Sonic.java;file:/src/main/java/org/bottiger/podcast/player/exoplayer/Sonic.java
InternalGetterSetter;DAAP;/Users/rar9993/repos/research/fdroid_apps/native_apps/SoundWaves/NONE_TRANSFORMED_;/src/main/java/io/codetail/animation/RevealAnimator.java;file:/src/main/java/io/codetail/animation/RevealAnimator.java
SlowForLoop;DAAP;/Users/rar9993/repos/research/fdroid_apps/native_apps/SoundWaves/NONE_TRANSFORMED_;/src/amazon/java/org/bottiger/podcast/flavors/CrashReporter/VendorCrashReporter.java;file:/src/amazon/java/org/bottiger/podcast/flavors/CrashReporter/VendorCrashReporter.java
SlowForLoop;DAAP;/Users/rar9993/repos/research/fdroid_apps/native_apps/SoundWaves/NONE_TRANSFORMED_;/src/amazon/java/org/bottiger/podcast/flavors/player/googlecast/GoogleCastPlayer.java;file:/src/amazon/java/org/bottiger/podcast/flavors/player/googlecast/GoogleCastPlayer.java
SlowForLoop;DAAP;/Users/rar9993/repos/research/fdroid_apps/native_apps/SoundWaves/NONE_TRANSFORMED_;/src/free/java/org/bottiger/podcast/flavors/CrashReporter/VendorCrashReporter.java;file:/src/free/java/org/bottiger/podcast/flavors/CrashReporter/VendorCrashReporter.java
SlowForLoop;DAAP;/Users/rar9993/repos/research/fdroid_apps/native_apps/SoundWaves/NONE_TRANSFORMED_;/src/google/java/org/bottiger/podcast/flavors/CrashReporter/VendorCrashReporter.java;file:/src/google/java/org/bottiger/podcast/flavors/CrashReporter/VendorCrashReporter.java
SlowForLoop;DAAP;/Users/rar9993/repos/research/fdroid_apps/native_apps/SoundWaves/NONE_TRANSFORMED_;/src/google/java/org/bottiger/podcast/flavors/player/googlecast/GoogleCastPlayer.java;file:/src/google/java/org/bottiger/podcast/flavors/player/googlecast/GoogleCastPlayer.java
SlowForLoop;DAAP;/Users/rar9993/repos/research/fdroid_apps/native_apps/SoundWaves/NONE_TRANSFORMED_;/src/dev/java/org/bottiger/podcast/flavors/CrashReporter/VendorCrashReporter.java;file:/src/dev/java/org/bottiger/podcast/flavors/CrashReporter/VendorCrashReporter.java
SlowForLoop;DAAP;/Users/rar9993/repos/research/fdroid_apps/native_apps/SoundWaves/NONE_TRANSFORMED_;/src/main/java/org/bottiger/podcast/SoundWavesPreferenceFragment.java;file:/src/main/java/org/bottiger/podcast/SoundWavesPreferenceFragment.java
SlowForLoop;DAAP;/Users/rar9993/repos/research/fdroid_apps/native_apps/SoundWaves/NONE_TRANSFORMED_;/src/main/java/org/bottiger/podcast/playlist/filters/SubscriptionFilter.java;file:/src/main/java/org/bottiger/podcast/playlist/filters/SubscriptionFilter.java
SlowForLoop;DAAP;/Users/rar9993/repos/research/fdroid_apps/native_apps/SoundWaves/NONE_TRANSFORMED_;/src/main/java/org/bottiger/podcast/playlist/Playlist.java;file:/src/main/java/org/bottiger/podcast/playlist/Playlist.java
SlowForLoop;DAAP;/Users/rar9993/repos/research/fdroid_apps/native_apps/SoundWaves/NONE_TRANSFORMED_;/src/main/java/org/bottiger/podcast/webservices/datastore/gpodder/datatypes/UpdatedUrls.java;file:/src/main/java/org/bottiger/podcast/webservices/datastore/gpodder/datatypes/UpdatedUrls.java
SlowForLoop;DAAP;/Users/rar9993/repos/research/fdroid_apps/native_apps/SoundWaves/NONE_TRANSFORMED_;/src/main/java/org/bottiger/podcast/webservices/datastore/gpodder/ApiRequestInterceptor.java;file:/src/main/java/org/bottiger/podcast/webservices/datastore/gpodder/ApiRequestInterceptor.java
SlowForLoop;DAAP;/Users/rar9993/repos/research/fdroid_apps/native_apps/SoundWaves/NONE_TRANSFORMED_;/src/main/java/org/bottiger/podcast/webservices/datastore/gpodder/GPodderAPI.java;file:/src/main/java/org/bottiger/podcast/webservices/datastore/gpodder/GPodderAPI.java
SlowForLoop;DAAP;/Users/rar9993/repos/research/fdroid_apps/native_apps/SoundWaves/NONE_TRANSFORMED_;/src/main/java/org/bottiger/podcast/webservices/directories/itunes/ITunes.java;file:/src/main/java/org/bottiger/podcast/webservices/directories/itunes/ITunes.java
SlowForLoop;DAAP;/Users/rar9993/repos/research/fdroid_apps/native_apps/SoundWaves/NONE_TRANSFORMED_;/src/main/java/org/bottiger/podcast/webservices/directories/gpodder/GPodder.java;file:/src/main/java/org/bottiger/podcast/webservices/directories/gpodder/GPodder.java
SlowForLoop;DAAP;/Users/rar9993/repos/research/fdroid_apps/native_apps/SoundWaves/NONE_TRANSFORMED_;/src/main/java/org/bottiger/podcast/notification/NewEpisodesNotification.java;file:/src/main/java/org/bottiger/podcast/notification/NewEpisodesNotification.java
SlowForLoop;DAAP;/Users/rar9993/repos/research/fdroid_apps/native_apps/SoundWaves/NONE_TRANSFORMED_;/src/main/java/org/bottiger/podcast/provider/SlimImplementations/SlimSubscription.java;file:/src/main/java/org/bottiger/podcast/provider/SlimImplementations/SlimSubscription.java
SlowForLoop;DAAP;/Users/rar9993/repos/research/fdroid_apps/native_apps/SoundWaves/NONE_TRANSFORMED_;/src/main/java/org/bottiger/podcast/provider/Subscription.java;file:/src/main/java/org/bottiger/podcast/provider/Subscription.java
SlowForLoop;DAAP;/Users/rar9993/repos/research/fdroid_apps/native_apps/SoundWaves/NONE_TRANSFORMED_;/src/main/java/org/bottiger/podcast/provider/base/BaseSubscription.java;file:/src/main/java/org/bottiger/podcast/provider/base/BaseSubscription.java
SlowForLoop;DAAP;/Users/rar9993/repos/research/fdroid_apps/native_apps/SoundWaves/NONE_TRANSFORMED_;/src/main/java/org/bottiger/podcast/utils/CryptoUtils.java;file:/src/main/java/org/bottiger/podcast/utils/CryptoUtils.java
SlowForLoop;DAAP;/Users/rar9993/repos/research/fdroid_apps/native_apps/SoundWaves/NONE_TRANSFORMED_;/src/main/java/org/bottiger/podcast/utils/PlaybackSpeed.java;file:/src/main/java/org/bottiger/podcast/utils/PlaybackSpeed.java
SlowForLoop;DAAP;/Users/rar9993/repos/research/fdroid_apps/native_apps/SoundWaves/NONE_TRANSFORMED_;/src/main/java/org/bottiger/podcast/utils/FileUtils.java;file:/src/main/java/org/bottiger/podcast/utils/FileUtils.java
SlowForLoop;DAAP;/Users/rar9993/repos/research/fdroid_apps/native_apps/SoundWaves/NONE_TRANSFORMED_;/src/main/java/org/bottiger/podcast/utils/WhitenessUtils.java;file:/src/main/java/org/bottiger/podcast/utils/WhitenessUtils.java
SlowForLoop;DAAP;/Users/rar9993/repos/research/fdroid_apps/native_apps/SoundWaves/NONE_TRANSFORMED_;/src/main/java/org/bottiger/podcast/utils/chapter/ChapterUtil.java;file:/src/main/java/org/bottiger/podcast/utils/chapter/ChapterUtil.java
SlowForLoop;DAAP;/Users/rar9993/repos/research/fdroid_apps/native_apps/SoundWaves/NONE_TRANSFORMED_;/src/main/java/org/bottiger/podcast/utils/SDCardManager.java;file:/src/main/java/org/bottiger/podcast/utils/SDCardManager.java
SlowForLoop;DAAP;/Users/rar9993/repos/research/fdroid_apps/native_apps/SoundWaves/NONE_TRANSFORMED_;/src/main/java/org/bottiger/podcast/utils/OPMLImportExport.java;file:/src/main/java/org/bottiger/podcast/utils/OPMLImportExport.java
SlowForLoop;DAAP;/Users/rar9993/repos/research/fdroid_apps/native_apps/SoundWaves/NONE_TRANSFORMED_;/src/main/java/org/bottiger/podcast/utils/shortcuts/ShortcutManagerUtil.java;file:/src/main/java/org/bottiger/podcast/utils/shortcuts/ShortcutManagerUtil.java
SlowForLoop;DAAP;/Users/rar9993/repos/research/fdroid_apps/native_apps/SoundWaves/NONE_TRANSFORMED_;/src/main/java/org/bottiger/podcast/utils/StrUtils.java;file:/src/main/java/org/bottiger/podcast/utils/StrUtils.java
SlowForLoop;DAAP;/Users/rar9993/repos/research/fdroid_apps/native_apps/SoundWaves/NONE_TRANSFORMED_;/src/main/java/org/bottiger/podcast/utils/DateUtils.java;file:/src/main/java/org/bottiger/podcast/utils/DateUtils.java
SlowForLoop;DAAP;/Users/rar9993/repos/research/fdroid_apps/native_apps/SoundWaves/NONE_TRANSFORMED_;/src/main/java/org/bottiger/podcast/utils/featured/FeaturedPodcastsUtil.java;file:/src/main/java/org/bottiger/podcast/utils/featured/FeaturedPodcastsUtil.java
SlowForLoop;DAAP;/Users/rar9993/repos/research/fdroid_apps/native_apps/SoundWaves/NONE_TRANSFORMED_;/src/main/java/org/bottiger/podcast/utils/id3reader/ID3Reader.java;file:/src/main/java/org/bottiger/podcast/utils/id3reader/ID3Reader.java
SlowForLoop;DAAP;/Users/rar9993/repos/research/fdroid_apps/native_apps/SoundWaves/NONE_TRANSFORMED_;/src/main/java/org/bottiger/podcast/utils/StorageUtils.java;file:/src/main/java/org/bottiger/podcast/utils/StorageUtils.java
SlowForLoop;DAAP;/Users/rar9993/repos/research/fdroid_apps/native_apps/SoundWaves/NONE_TRANSFORMED_;/src/main/java/org/bottiger/podcast/SubscriptionsFragment.java;file:/src/main/java/org/bottiger/podcast/SubscriptionsFragment.java
SlowForLoop;DAAP;/Users/rar9993/repos/research/fdroid_apps/native_apps/SoundWaves/NONE_TRANSFORMED_;/src/main/java/org/bottiger/podcast/parser/syndication/util/SyndDateUtils.java;file:/src/main/java/org/bottiger/podcast/parser/syndication/util/SyndDateUtils.java
SlowForLoop;DAAP;/Users/rar9993/repos/research/fdroid_apps/native_apps/SoundWaves/NONE_TRANSFORMED_;/src/main/java/org/bottiger/podcast/parser/opml/OpmlWriter.java;file:/src/main/java/org/bottiger/podcast/parser/opml/OpmlWriter.java
SlowForLoop;DAAP;/Users/rar9993/repos/research/fdroid_apps/native_apps/SoundWaves/NONE_TRANSFORMED_;/src/main/java/org/bottiger/podcast/parser/FeedParser.java;file:/src/main/java/org/bottiger/podcast/parser/FeedParser.java
SlowForLoop;DAAP;/Users/rar9993/repos/research/fdroid_apps/native_apps/SoundWaves/NONE_TRANSFORMED_;/src/main/java/org/bottiger/podcast/adapters/SubscriptionSelectorCallback.java;file:/src/main/java/org/bottiger/podcast/adapters/SubscriptionSelectorCallback.java
SlowForLoop;DAAP;/Users/rar9993/repos/research/fdroid_apps/native_apps/SoundWaves/NONE_TRANSFORMED_;/src/main/java/org/bottiger/podcast/adapters/SubscriptionAdapter.java;file:/src/main/java/org/bottiger/podcast/adapters/SubscriptionAdapter.java
SlowForLoop;DAAP;/Users/rar9993/repos/research/fdroid_apps/native_apps/SoundWaves/NONE_TRANSFORMED_;/src/main/java/org/bottiger/podcast/model/datastructures/EpisodeList.java;file:/src/main/java/org/bottiger/podcast/model/datastructures/EpisodeList.java
SlowForLoop;DAAP;/Users/rar9993/repos/research/fdroid_apps/native_apps/SoundWaves/NONE_TRANSFORMED_;/src/main/java/org/bottiger/podcast/model/Library.java;file:/src/main/java/org/bottiger/podcast/model/Library.java
SlowForLoop;DAAP;/Users/rar9993/repos/research/fdroid_apps/native_apps/SoundWaves/NONE_TRANSFORMED_;/src/main/java/org/bottiger/podcast/model/LibraryPersistency.java;file:/src/main/java/org/bottiger/podcast/model/LibraryPersistency.java
SlowForLoop;DAAP;/Users/rar9993/repos/research/fdroid_apps/native_apps/SoundWaves/NONE_TRANSFORMED_;/src/main/java/org/bottiger/podcast/activities/openopml/OpenOpmlFromIntentActivity.java;file:/src/main/java/org/bottiger/podcast/activities/openopml/OpenOpmlFromIntentActivity.java
SlowForLoop;DAAP;/Users/rar9993/repos/research/fdroid_apps/native_apps/SoundWaves/NONE_TRANSFORMED_;/src/main/java/org/bottiger/podcast/activities/discovery/DiscoverySearchAdapter.java;file:/src/main/java/org/bottiger/podcast/activities/discovery/DiscoverySearchAdapter.java
SlowForLoop;DAAP;/Users/rar9993/repos/research/fdroid_apps/native_apps/SoundWaves/NONE_TRANSFORMED_;/src/main/java/org/bottiger/podcast/service/jobservice/PodcastUpdater.java;file:/src/main/java/org/bottiger/podcast/service/jobservice/PodcastUpdater.java
SlowForLoop;DAAP;/Users/rar9993/repos/research/fdroid_apps/native_apps/SoundWaves/NONE_TRANSFORMED_;/src/main/java/org/bottiger/podcast/service/Downloader/SoundWavesDownloadManager.java;file:/src/main/java/org/bottiger/podcast/service/Downloader/SoundWavesDownloadManager.java
SlowForLoop;DAAP;/Users/rar9993/repos/research/fdroid_apps/native_apps/SoundWaves/NONE_TRANSFORMED_;/src/main/java/org/bottiger/podcast/service/Downloader/engines/okhttp/OkHttpDownloader.java;file:/src/main/java/org/bottiger/podcast/service/Downloader/engines/okhttp/OkHttpDownloader.java
SlowForLoop;DAAP;/Users/rar9993/repos/research/fdroid_apps/native_apps/SoundWaves/NONE_TRANSFORMED_;/src/main/java/org/bottiger/podcast/service/Downloader/SubscriptionRefreshManager.java;file:/src/main/java/org/bottiger/podcast/service/Downloader/SubscriptionRefreshManager.java
SlowForLoop;DAAP;/Users/rar9993/repos/research/fdroid_apps/native_apps/SoundWaves/NONE_TRANSFORMED_;/src/main/java/org/bottiger/podcast/service/DownloadService.java;file:/src/main/java/org/bottiger/podcast/service/DownloadService.java
SlowForLoop;DAAP;/Users/rar9993/repos/research/fdroid_apps/native_apps/SoundWaves/NONE_TRANSFORMED_;/src/main/java/org/bottiger/podcast/service/syncadapter/CloudSyncAdapter.java;file:/src/main/java/org/bottiger/podcast/service/syncadapter/CloudSyncAdapter.java
SlowForLoop;DAAP;/Users/rar9993/repos/research/fdroid_apps/native_apps/SoundWaves/NONE_TRANSFORMED_;/src/main/java/org/bottiger/podcast/views/SlidingTab/SlidingTabLayout.java;file:/src/main/java/org/bottiger/podcast/views/SlidingTab/SlidingTabLayout.java
SlowForLoop;DAAP;/Users/rar9993/repos/research/fdroid_apps/native_apps/SoundWaves/NONE_TRANSFORMED_;/src/main/java/org/bottiger/podcast/views/SlidingTab/SlidingTabStrip.java;file:/src/main/java/org/bottiger/podcast/views/SlidingTab/SlidingTabStrip.java
SlowForLoop;DAAP;/Users/rar9993/repos/research/fdroid_apps/native_apps/SoundWaves/NONE_TRANSFORMED_;/src/main/java/org/bottiger/podcast/views/FeedRefreshLayout.java;file:/src/main/java/org/bottiger/podcast/views/FeedRefreshLayout.java
SlowForLoop;DAAP;/Users/rar9993/repos/research/fdroid_apps/native_apps/SoundWaves/NONE_TRANSFORMED_;/src/main/java/org/bottiger/podcast/views/TopPlayer.java;file:/src/main/java/org/bottiger/podcast/views/TopPlayer.java
SlowForLoop;DAAP;/Users/rar9993/repos/research/fdroid_apps/native_apps/SoundWaves/NONE_TRANSFORMED_;/src/main/java/org/bottiger/podcast/views/dialogs/DialogPlaylistContent.java;file:/src/main/java/org/bottiger/podcast/views/dialogs/DialogPlaylistContent.java
SlowForLoop;DAAP;/Users/rar9993/repos/research/fdroid_apps/native_apps/SoundWaves/NONE_TRANSFORMED_;/src/main/java/org/bottiger/podcast/views/dialogs/DialogBulkDownload.java;file:/src/main/java/org/bottiger/podcast/views/dialogs/DialogBulkDownload.java
SlowForLoop;DAAP;/Users/rar9993/repos/research/fdroid_apps/native_apps/SoundWaves/NONE_TRANSFORMED_;/src/main/java/org/bottiger/podcast/views/dialogs/DialogSearchDirectory.java;file:/src/main/java/org/bottiger/podcast/views/dialogs/DialogSearchDirectory.java
SlowForLoop;DAAP;/Users/rar9993/repos/research/fdroid_apps/native_apps/SoundWaves/NONE_TRANSFORMED_;/src/main/java/org/bottiger/podcast/views/dialogs/DialogPlaylistFilters.java;file:/src/main/java/org/bottiger/podcast/views/dialogs/DialogPlaylistFilters.java
SlowForLoop;DAAP;/Users/rar9993/repos/research/fdroid_apps/native_apps/SoundWaves/NONE_TRANSFORMED_;/src/main/java/org/bottiger/podcast/views/MultiSpinner.java;file:/src/main/java/org/bottiger/podcast/views/MultiSpinner.java
SlowForLoop;DAAP;/Users/rar9993/repos/research/fdroid_apps/native_apps/SoundWaves/NONE_TRANSFORMED_;/src/main/java/org/bottiger/podcast/listeners/DownloadProgressPublisher.java;file:/src/main/java/org/bottiger/podcast/listeners/DownloadProgressPublisher.java
SlowForLoop;DAAP;/Users/rar9993/repos/research/fdroid_apps/native_apps/SoundWaves/NONE_TRANSFORMED_;/src/main/java/org/bottiger/podcast/DiscoveryFragment.java;file:/src/main/java/org/bottiger/podcast/DiscoveryFragment.java
SlowForLoop;DAAP;/Users/rar9993/repos/research/fdroid_apps/native_apps/SoundWaves/NONE_TRANSFORMED_;/src/main/java/org/bottiger/podcast/widgets/SoundWavesWidgetProviderDark.java;file:/src/main/java/org/bottiger/podcast/widgets/SoundWavesWidgetProviderDark.java
SlowForLoop;DAAP;/Users/rar9993/repos/research/fdroid_apps/native_apps/SoundWaves/NONE_TRANSFORMED_;/src/main/java/org/bottiger/podcast/widgets/SoundWavesWidgetProvider.java;file:/src/main/java/org/bottiger/podcast/widgets/SoundWavesWidgetProvider.java
SlowForLoop;DAAP;/Users/rar9993/repos/research/fdroid_apps/native_apps/SoundWaves/NONE_TRANSFORMED_;/src/main/java/org/bottiger/podcast/TopActivity.java;file:/src/main/java/org/bottiger/podcast/TopActivity.java
SlowForLoop;DAAP;/Users/rar9993/repos/research/fdroid_apps/native_apps/SoundWaves/NONE_TRANSFORMED_;/src/main/java/org/bottiger/podcast/player/exoplayer/EventLogger.java;file:/src/main/java/org/bottiger/podcast/player/exoplayer/EventLogger.java
SlowForLoop;DAAP;/Users/rar9993/repos/research/fdroid_apps/native_apps/SoundWaves/NONE_TRANSFORMED_;/src/main/java/org/bottiger/podcast/player/exoplayer/SilenceRemover.java;file:/src/main/java/org/bottiger/podcast/player/exoplayer/SilenceRemover.java
SlowForLoop;DAAP;/Users/rar9993/repos/research/fdroid_apps/native_apps/SoundWaves/NONE_TRANSFORMED_;/src/main/java/org/bottiger/podcast/player/exoplayer/Sonic.java;file:/src/main/java/org/bottiger/podcast/player/exoplayer/Sonic.java
SlowForLoop;DAAP;/Users/rar9993/repos/research/fdroid_apps/native_apps/SoundWaves/NONE_TRANSFORMED_;/src/main/java/org/bottiger/podcast/player/sonic/SoundService.java;file:/src/main/java/org/bottiger/podcast/player/sonic/SoundService.java
NoLowMemoryResolver;DAAP;/Users/rar9993/repos/research/fdroid_apps/native_apps/SoundWaves/NONE_TRANSFORMED_;/src/main/java/org/bottiger/podcast/ToolbarActivity.java;file:/src/main/java/org/bottiger/podcast/ToolbarActivity.java
NoLowMemoryResolver;DAAP;/Users/rar9993/repos/research/fdroid_apps/native_apps/SoundWaves/NONE_TRANSFORMED_;/src/main/java/org/bottiger/podcast/MediaRouterPlaybackActivity.java;file:/src/main/java/org/bottiger/podcast/MediaRouterPlaybackActivity.java
NoLowMemoryResolver;DAAP;/Users/rar9993/repos/research/fdroid_apps/native_apps/SoundWaves/NONE_TRANSFORMED_;/src/main/java/org/bottiger/podcast/WebScannerActivity.java;file:/src/main/java/org/bottiger/podcast/WebScannerActivity.java
NoLowMemoryResolver;DAAP;/Users/rar9993/repos/research/fdroid_apps/native_apps/SoundWaves/NONE_TRANSFORMED_;/src/main/java/org/bottiger/podcast/FragmentContainerActivity.java;file:/src/main/java/org/bottiger/podcast/FragmentContainerActivity.java
NoLowMemoryResolver;DAAP;/Users/rar9993/repos/research/fdroid_apps/native_apps/SoundWaves/NONE_TRANSFORMED_;/src/main/java/org/bottiger/podcast/MainActivity.java;file:/src/main/java/org/bottiger/podcast/MainActivity.java
NoLowMemoryResolver;DAAP;/Users/rar9993/repos/research/fdroid_apps/native_apps/SoundWaves/NONE_TRANSFORMED_;/src/main/java/org/bottiger/podcast/DrawerActivity.java;file:/src/main/java/org/bottiger/podcast/DrawerActivity.java
NoLowMemoryResolver;DAAP;/Users/rar9993/repos/research/fdroid_apps/native_apps/SoundWaves/NONE_TRANSFORMED_;/src/main/java/org/bottiger/podcast/activities/pastelog/LogSubmitActivity.java;file:/src/main/java/org/bottiger/podcast/activities/pastelog/LogSubmitActivity.java
NoLowMemoryResolver;DAAP;/Users/rar9993/repos/research/fdroid_apps/native_apps/SoundWaves/NONE_TRANSFORMED_;/src/main/java/org/bottiger/podcast/activities/openopml/OpenOpmlFromIntentActivity.java;file:/src/main/java/org/bottiger/podcast/activities/openopml/OpenOpmlFromIntentActivity.java
NoLowMemoryResolver;DAAP;/Users/rar9993/repos/research/fdroid_apps/native_apps/SoundWaves/NONE_TRANSFORMED_;/src/main/java/org/bottiger/podcast/activities/openopml/OPMLImportExportActivity.java;file:/src/main/java/org/bottiger/podcast/activities/openopml/OPMLImportExportActivity.java
NoLowMemoryResolver;DAAP;/Users/rar9993/repos/research/fdroid_apps/native_apps/SoundWaves/NONE_TRANSFORMED_;/src/main/java/org/bottiger/podcast/activities/intro/Intro.java;file:/src/main/java/org/bottiger/podcast/activities/intro/Intro.java
NoLowMemoryResolver;DAAP;/Users/rar9993/repos/research/fdroid_apps/native_apps/SoundWaves/NONE_TRANSFORMED_;/src/main/java/org/bottiger/podcast/activities/downloadmanager/DownloadManagerActivity.java;file:/src/main/java/org/bottiger/podcast/activities/downloadmanager/DownloadManagerActivity.java
NoLowMemoryResolver;DAAP;/Users/rar9993/repos/research/fdroid_apps/native_apps/SoundWaves/NONE_TRANSFORMED_;/src/main/java/org/bottiger/podcast/activities/discovery/DiscoveryFeedActivity.java;file:/src/main/java/org/bottiger/podcast/activities/discovery/DiscoveryFeedActivity.java
NoLowMemoryResolver;DAAP;/Users/rar9993/repos/research/fdroid_apps/native_apps/SoundWaves/NONE_TRANSFORMED_;/src/main/java/org/bottiger/podcast/activities/about/AboutActivity.java;file:/src/main/java/org/bottiger/podcast/activities/about/AboutActivity.java
NoLowMemoryResolver;DAAP;/Users/rar9993/repos/research/fdroid_apps/native_apps/SoundWaves/NONE_TRANSFORMED_;/src/main/java/org/bottiger/podcast/activities/feedview/FeedActivity.java;file:/src/main/java/org/bottiger/podcast/activities/feedview/FeedActivity.java
NoLowMemoryResolver;DAAP;/Users/rar9993/repos/research/fdroid_apps/native_apps/SoundWaves/NONE_TRANSFORMED_;/src/main/java/org/bottiger/podcast/widgets/SoundWavesWidgetConfigure.java;file:/src/main/java/org/bottiger/podcast/widgets/SoundWavesWidgetConfigure.java
NoLowMemoryResolver;DAAP;/Users/rar9993/repos/research/fdroid_apps/native_apps/SoundWaves/NONE_TRANSFORMED_;/src/main/java/org/bottiger/podcast/TopActivity.java;file:/src/main/java/org/bottiger/podcast/TopActivity.java
NoLowMemoryResolver;DAAP;/Users/rar9993/repos/research/fdroid_apps/native_apps/SoundWaves/NONE_TRANSFORMED_;/src/main/java/org/bottiger/podcast/SettingsActivity.java;file:/src/main/java/org/bottiger/podcast/SettingsActivity.java
CollectionOfViews;DAAP;/Users/rar9993/repos/research/fdroid_apps/native_apps/SoundWaves/NONE_TRANSFORMED_;/src/main/java/org/bottiger/podcast/views/SlidingTab/SlidingTabLayout.java;file:/src/main/java/org/bottiger/podcast/views/SlidingTab/SlidingTabLayout.java
CollectionOfViews;DAAP;/Users/rar9993/repos/research/fdroid_apps/native_apps/SoundWaves/NONE_TRANSFORMED_;/src/main/java/org/bottiger/podcast/views/dialogs/DialogPlaylistContent.java;file:/src/main/java/org/bottiger/podcast/views/dialogs/DialogPlaylistContent.java
CollectionOfViews;DAAP;/Users/rar9993/repos/research/fdroid_apps/native_apps/SoundWaves/NONE_TRANSFORMED_;/src/main/java/org/bottiger/podcast/views/dialogs/DialogBulkDownload.java;file:/src/main/java/org/bottiger/podcast/views/dialogs/DialogBulkDownload.java
CollectionOfViews;DAAP;/Users/rar9993/repos/research/fdroid_apps/native_apps/SoundWaves/NONE_TRANSFORMED_;/src/main/java/org/bottiger/podcast/views/dialogs/DialogPlaylistFilters.java;file:/src/main/java/org/bottiger/podcast/views/dialogs/DialogPlaylistFilters.java
CollectionOfViews;DAAP;/Users/rar9993/repos/research/fdroid_apps/native_apps/SoundWaves/NONE_TRANSFORMED_;/src/main/java/org/bottiger/podcast/views/MultiSpinner.java;file:/src/main/java/org/bottiger/podcast/views/MultiSpinner.java
DroppedData;DAAP;/Users/rar9993/repos/research/fdroid_apps/native_apps/SoundWaves/NONE_TRANSFORMED_;/src/main/java/org/bottiger/podcast/ToolbarActivity.java;file:/src/main/java/org/bottiger/podcast/ToolbarActivity.java
DroppedData;DAAP;/Users/rar9993/repos/research/fdroid_apps/native_apps/SoundWaves/NONE_TRANSFORMED_;/src/main/java/org/bottiger/podcast/MediaRouterPlaybackActivity.java;file:/src/main/java/org/bottiger/podcast/MediaRouterPlaybackActivity.java
DroppedData;DAAP;/Users/rar9993/repos/research/fdroid_apps/native_apps/SoundWaves/NONE_TRANSFORMED_;/src/main/java/org/bottiger/podcast/SoundWavesPreferenceFragment.java;file:/src/main/java/org/bottiger/podcast/SoundWavesPreferenceFragment.java
DroppedData;DAAP;/Users/rar9993/repos/research/fdroid_apps/native_apps/SoundWaves/NONE_TRANSFORMED_;/src/main/java/org/bottiger/podcast/DummyFragment.java;file:/src/main/java/org/bottiger/podcast/DummyFragment.java
DroppedData;DAAP;/Users/rar9993/repos/research/fdroid_apps/native_apps/SoundWaves/NONE_TRANSFORMED_;/src/main/java/org/bottiger/podcast/FragmentContainerActivity.java;file:/src/main/java/org/bottiger/podcast/FragmentContainerActivity.java
DroppedData;DAAP;/Users/rar9993/repos/research/fdroid_apps/native_apps/SoundWaves/NONE_TRANSFORMED_;/src/main/java/org/bottiger/podcast/MainActivity.java;file:/src/main/java/org/bottiger/podcast/MainActivity.java
DroppedData;DAAP;/Users/rar9993/repos/research/fdroid_apps/native_apps/SoundWaves/NONE_TRANSFORMED_;/src/main/java/org/bottiger/podcast/AbstractEpisodeFragment.java;file:/src/main/java/org/bottiger/podcast/AbstractEpisodeFragment.java
DroppedData;DAAP;/Users/rar9993/repos/research/fdroid_apps/native_apps/SoundWaves/NONE_TRANSFORMED_;/src/main/java/org/bottiger/podcast/SubscriptionsFragment.java;file:/src/main/java/org/bottiger/podcast/SubscriptionsFragment.java
DroppedData;DAAP;/Users/rar9993/repos/research/fdroid_apps/native_apps/SoundWaves/NONE_TRANSFORMED_;/src/main/java/org/bottiger/podcast/DrawerActivity.java;file:/src/main/java/org/bottiger/podcast/DrawerActivity.java
DroppedData;DAAP;/Users/rar9993/repos/research/fdroid_apps/native_apps/SoundWaves/NONE_TRANSFORMED_;/src/main/java/org/bottiger/podcast/activities/pastelog/LogSubmitActivity.java;file:/src/main/java/org/bottiger/podcast/activities/pastelog/LogSubmitActivity.java
DroppedData;DAAP;/Users/rar9993/repos/research/fdroid_apps/native_apps/SoundWaves/NONE_TRANSFORMED_;/src/main/java/org/bottiger/podcast/activities/openopml/OpenOpmlFromIntentActivity.java;file:/src/main/java/org/bottiger/podcast/activities/openopml/OpenOpmlFromIntentActivity.java
DroppedData;DAAP;/Users/rar9993/repos/research/fdroid_apps/native_apps/SoundWaves/NONE_TRANSFORMED_;/src/main/java/org/bottiger/podcast/activities/openopml/OPMLImportExportActivity.java;file:/src/main/java/org/bottiger/podcast/activities/openopml/OPMLImportExportActivity.java
DroppedData;DAAP;/Users/rar9993/repos/research/fdroid_apps/native_apps/SoundWaves/NONE_TRANSFORMED_;/src/main/java/org/bottiger/podcast/activities/intro/VideoIntro.java;file:/src/main/java/org/bottiger/podcast/activities/intro/VideoIntro.java
DroppedData;DAAP;/Users/rar9993/repos/research/fdroid_apps/native_apps/SoundWaves/NONE_TRANSFORMED_;/src/main/java/org/bottiger/podcast/activities/intro/SettingsIntro.java;file:/src/main/java/org/bottiger/podcast/activities/intro/SettingsIntro.java
DroppedData;DAAP;/Users/rar9993/repos/research/fdroid_apps/native_apps/SoundWaves/NONE_TRANSFORMED_;/src/main/java/org/bottiger/podcast/activities/intro/Intro.java;file:/src/main/java/org/bottiger/podcast/activities/intro/Intro.java
DroppedData;DAAP;/Users/rar9993/repos/research/fdroid_apps/native_apps/SoundWaves/NONE_TRANSFORMED_;/src/main/java/org/bottiger/podcast/activities/downloadmanager/DownloadManagerActivity.java;file:/src/main/java/org/bottiger/podcast/activities/downloadmanager/DownloadManagerActivity.java
DroppedData;DAAP;/Users/rar9993/repos/research/fdroid_apps/native_apps/SoundWaves/NONE_TRANSFORMED_;/src/main/java/org/bottiger/podcast/activities/discovery/DiscoveryFeedActivity.java;file:/src/main/java/org/bottiger/podcast/activities/discovery/DiscoveryFeedActivity.java
DroppedData;DAAP;/Users/rar9993/repos/research/fdroid_apps/native_apps/SoundWaves/NONE_TRANSFORMED_;/src/main/java/org/bottiger/podcast/activities/about/AboutActivity.java;file:/src/main/java/org/bottiger/podcast/activities/about/AboutActivity.java
DroppedData;DAAP;/Users/rar9993/repos/research/fdroid_apps/native_apps/SoundWaves/NONE_TRANSFORMED_;/src/main/java/org/bottiger/podcast/activities/feedview/FeedActivity.java;file:/src/main/java/org/bottiger/podcast/activities/feedview/FeedActivity.java
DroppedData;DAAP;/Users/rar9993/repos/research/fdroid_apps/native_apps/SoundWaves/NONE_TRANSFORMED_;/src/main/java/org/bottiger/podcast/PodcastBaseFragment.java;file:/src/main/java/org/bottiger/podcast/PodcastBaseFragment.java
DroppedData;DAAP;/Users/rar9993/repos/research/fdroid_apps/native_apps/SoundWaves/NONE_TRANSFORMED_;/src/main/java/org/bottiger/podcast/views/dialogs/DialogPlaybackSpeed.java;file:/src/main/java/org/bottiger/podcast/views/dialogs/DialogPlaybackSpeed.java
DroppedData;DAAP;/Users/rar9993/repos/research/fdroid_apps/native_apps/SoundWaves/NONE_TRANSFORMED_;/src/main/java/org/bottiger/podcast/views/dialogs/DialogChapters.java;file:/src/main/java/org/bottiger/podcast/views/dialogs/DialogChapters.java
DroppedData;DAAP;/Users/rar9993/repos/research/fdroid_apps/native_apps/SoundWaves/NONE_TRANSFORMED_;/src/main/java/org/bottiger/podcast/views/dialogs/DialogOpenVideoExternally.java;file:/src/main/java/org/bottiger/podcast/views/dialogs/DialogOpenVideoExternally.java
DroppedData;DAAP;/Users/rar9993/repos/research/fdroid_apps/native_apps/SoundWaves/NONE_TRANSFORMED_;/src/main/java/org/bottiger/podcast/views/dialogs/DialogFeedAuthentication.java;file:/src/main/java/org/bottiger/podcast/views/dialogs/DialogFeedAuthentication.java
DroppedData;DAAP;/Users/rar9993/repos/research/fdroid_apps/native_apps/SoundWaves/NONE_TRANSFORMED_;/src/main/java/org/bottiger/podcast/views/dialogs/DialogSearchDirectory.java;file:/src/main/java/org/bottiger/podcast/views/dialogs/DialogSearchDirectory.java
DroppedData;DAAP;/Users/rar9993/repos/research/fdroid_apps/native_apps/SoundWaves/NONE_TRANSFORMED_;/src/main/java/org/bottiger/podcast/views/dialogs/DialogPlaylistFilters.java;file:/src/main/java/org/bottiger/podcast/views/dialogs/DialogPlaylistFilters.java
DroppedData;DAAP;/Users/rar9993/repos/research/fdroid_apps/native_apps/SoundWaves/NONE_TRANSFORMED_;/src/main/java/org/bottiger/podcast/DiscoveryFragment.java;file:/src/main/java/org/bottiger/podcast/DiscoveryFragment.java
DroppedData;DAAP;/Users/rar9993/repos/research/fdroid_apps/native_apps/SoundWaves/NONE_TRANSFORMED_;/src/main/java/org/bottiger/podcast/widgets/SoundWavesWidgetConfigure.java;file:/src/main/java/org/bottiger/podcast/widgets/SoundWavesWidgetConfigure.java
DroppedData;DAAP;/Users/rar9993/repos/research/fdroid_apps/native_apps/SoundWaves/NONE_TRANSFORMED_;/src/main/java/org/bottiger/podcast/TopActivity.java;file:/src/main/java/org/bottiger/podcast/TopActivity.java
DroppedData;DAAP;/Users/rar9993/repos/research/fdroid_apps/native_apps/SoundWaves/NONE_TRANSFORMED_;/src/main/java/org/bottiger/podcast/SettingsActivity.java;file:/src/main/java/org/bottiger/podcast/SettingsActivity.java
MemberIgnoringMethod;DAAP;/Users/rar9993/repos/research/fdroid_apps/native_apps/SoundWaves/NONE_TRANSFORMED_;/src/main/java/org/bottiger/podcast/web/RegistrationEndpoint.java;file:/src/main/java/org/bottiger/podcast/web/RegistrationEndpoint.java
MemberIgnoringMethod;DAAP;/Users/rar9993/repos/research/fdroid_apps/native_apps/SoundWaves/NONE_TRANSFORMED_;/src/main/java/org/bottiger/podcast/web/WelcomeServlet.java;file:/src/main/java/org/bottiger/podcast/web/WelcomeServlet.java
