Issue;Tool;Project;File;Location
LeakingInnerClass;aDoctor;/Users/rar9993/repos/research/fdroid_apps/native_apps/rview/NONE_TRANSFORMED_;/Users/rar9993/repos/research/fdroid_apps/native_apps/rview/drawer/src/main/java/com/ruesga/rview/drawer/DrawerNavigationView.java;file:/Users/rar9993/repos/research/fdroid_apps/native_apps/rview/drawer/src/main/java/com/ruesga/rview/drawer/DrawerNavigationView.java|class:com.ruesga.rview.drawer.DrawerNavigationView
MemberIgnoringMethod;aDoctor;/Users/rar9993/repos/research/fdroid_apps/native_apps/rview/NONE_TRANSFORMED_;/Users/rar9993/repos/research/fdroid_apps/native_apps/rview/drawer/src/main/java/com/ruesga/rview/drawer/DrawerNavigationView.java;file:/Users/rar9993/repos/research/fdroid_apps/native_apps/rview/drawer/src/main/java/com/ruesga/rview/drawer/DrawerNavigationView.java|class:com.ruesga.rview.drawer.DrawerNavigationView
SlowForLoop;aDoctor;/Users/rar9993/repos/research/fdroid_apps/native_apps/rview/NONE_TRANSFORMED_;/Users/rar9993/repos/research/fdroid_apps/native_apps/rview/drawer/src/main/java/com/ruesga/rview/drawer/DrawerNavigationView.java;file:/Users/rar9993/repos/research/fdroid_apps/native_apps/rview/drawer/src/main/java/com/ruesga/rview/drawer/DrawerNavigationView.java|class:com.ruesga.rview.drawer.DrawerNavigationView
UnclosedCloseable;aDoctor;/Users/rar9993/repos/research/fdroid_apps/native_apps/rview/NONE_TRANSFORMED_;/Users/rar9993/repos/research/fdroid_apps/native_apps/rview/drawer/src/main/java/com/ruesga/rview/drawer/DrawerNavigationView.java;file:/Users/rar9993/repos/research/fdroid_apps/native_apps/rview/drawer/src/main/java/com/ruesga/rview/drawer/DrawerNavigationView.java|class:com.ruesga.rview.drawer.DrawerNavigationView
UnclosedCloseable;aDoctor;/Users/rar9993/repos/research/fdroid_apps/native_apps/rview/NONE_TRANSFORMED_;/Users/rar9993/repos/research/fdroid_apps/native_apps/rview/drawer/src/main/java/com/ruesga/rview/drawer/DrawerNavigationSubMenu.java;file:/Users/rar9993/repos/research/fdroid_apps/native_apps/rview/drawer/src/main/java/com/ruesga/rview/drawer/DrawerNavigationSubMenu.java|class:com.ruesga.rview.drawer.DrawerNavigationSubMenu
LeakingInnerClass;aDoctor;/Users/rar9993/repos/research/fdroid_apps/native_apps/rview/NONE_TRANSFORMED_;/Users/rar9993/repos/research/fdroid_apps/native_apps/rview/drawer/src/main/java/com/ruesga/rview/drawer/DrawerNavigationMenuPresenter.java;file:/Users/rar9993/repos/research/fdroid_apps/native_apps/rview/drawer/src/main/java/com/ruesga/rview/drawer/DrawerNavigationMenuPresenter.java|class:com.ruesga.rview.drawer.DrawerNavigationMenuPresenter
MemberIgnoringMethod;aDoctor;/Users/rar9993/repos/research/fdroid_apps/native_apps/rview/NONE_TRANSFORMED_;/Users/rar9993/repos/research/fdroid_apps/native_apps/rview/drawer/src/main/java/com/ruesga/rview/drawer/DrawerNavigationMenuPresenter.java;file:/Users/rar9993/repos/research/fdroid_apps/native_apps/rview/drawer/src/main/java/com/ruesga/rview/drawer/DrawerNavigationMenuPresenter.java|class:com.ruesga.rview.drawer.DrawerNavigationMenuPresenter
SlowForLoop;aDoctor;/Users/rar9993/repos/research/fdroid_apps/native_apps/rview/NONE_TRANSFORMED_;/Users/rar9993/repos/research/fdroid_apps/native_apps/rview/drawer/src/main/java/com/ruesga/rview/drawer/DrawerNavigationMenuPresenter.java;file:/Users/rar9993/repos/research/fdroid_apps/native_apps/rview/drawer/src/main/java/com/ruesga/rview/drawer/DrawerNavigationMenuPresenter.java|class:com.ruesga.rview.drawer.DrawerNavigationMenuPresenter
UnclosedCloseable;aDoctor;/Users/rar9993/repos/research/fdroid_apps/native_apps/rview/NONE_TRANSFORMED_;/Users/rar9993/repos/research/fdroid_apps/native_apps/rview/drawer/src/main/java/com/ruesga/rview/drawer/DrawerNavigationMenu.java;file:/Users/rar9993/repos/research/fdroid_apps/native_apps/rview/drawer/src/main/java/com/ruesga/rview/drawer/DrawerNavigationMenu.java|class:com.ruesga.rview.drawer.DrawerNavigationMenu
LeakingInnerClass;aDoctor;/Users/rar9993/repos/research/fdroid_apps/native_apps/rview/NONE_TRANSFORMED_;/Users/rar9993/repos/research/fdroid_apps/native_apps/rview/drawer/src/main/java/com/ruesga/rview/drawer/DrawerNavigationMenuItemView.java;file:/Users/rar9993/repos/research/fdroid_apps/native_apps/rview/drawer/src/main/java/com/ruesga/rview/drawer/DrawerNavigationMenuItemView.java|class:com.ruesga.rview.drawer.DrawerNavigationMenuItemView
MemberIgnoringMethod;aDoctor;/Users/rar9993/repos/research/fdroid_apps/native_apps/rview/NONE_TRANSFORMED_;/Users/rar9993/repos/research/fdroid_apps/native_apps/rview/drawer/src/main/java/com/ruesga/rview/drawer/DrawerNavigationMenuItemView.java;file:/Users/rar9993/repos/research/fdroid_apps/native_apps/rview/drawer/src/main/java/com/ruesga/rview/drawer/DrawerNavigationMenuItemView.java|class:com.ruesga.rview.drawer.DrawerNavigationMenuItemView
MemberIgnoringMethod;aDoctor;/Users/rar9993/repos/research/fdroid_apps/native_apps/rview/NONE_TRANSFORMED_;/Users/rar9993/repos/research/fdroid_apps/native_apps/rview/drawer/src/main/java/com/ruesga/rview/drawer/DrawerScrimInsetsFrameLayout.java;file:/Users/rar9993/repos/research/fdroid_apps/native_apps/rview/drawer/src/main/java/com/ruesga/rview/drawer/DrawerScrimInsetsFrameLayout.java|class:com.ruesga.rview.drawer.DrawerScrimInsetsFrameLayout
UnclosedCloseable;aDoctor;/Users/rar9993/repos/research/fdroid_apps/native_apps/rview/NONE_TRANSFORMED_;/Users/rar9993/repos/research/fdroid_apps/native_apps/rview/app/src/main/java/com/ruesga/rview/misc/TypefaceCache.java;file:/Users/rar9993/repos/research/fdroid_apps/native_apps/rview/app/src/main/java/com/ruesga/rview/misc/TypefaceCache.java|class:com.ruesga.rview.misc.TypefaceCache
DataTransmissionWithoutCompression;aDoctor;/Users/rar9993/repos/research/fdroid_apps/native_apps/rview/NONE_TRANSFORMED_;/Users/rar9993/repos/research/fdroid_apps/native_apps/rview/app/src/main/java/com/ruesga/rview/misc/RviewImageHelper.java;file:/Users/rar9993/repos/research/fdroid_apps/native_apps/rview/app/src/main/java/com/ruesga/rview/misc/RviewImageHelper.java|class:com.ruesga.rview.misc.RviewImageHelper
DataTransmissionWithoutCompression;aDoctor;/Users/rar9993/repos/research/fdroid_apps/native_apps/rview/NONE_TRANSFORMED_;/Users/rar9993/repos/research/fdroid_apps/native_apps/rview/app/src/main/java/com/ruesga/rview/misc/BitmapUtils.java;file:/Users/rar9993/repos/research/fdroid_apps/native_apps/rview/app/src/main/java/com/ruesga/rview/misc/BitmapUtils.java|class:com.ruesga.rview.misc.BitmapUtils
MemberIgnoringMethod;aDoctor;/Users/rar9993/repos/research/fdroid_apps/native_apps/rview/NONE_TRANSFORMED_;/Users/rar9993/repos/research/fdroid_apps/native_apps/rview/app/src/main/java/com/ruesga/rview/misc/CustomTabsHelper.java;file:/Users/rar9993/repos/research/fdroid_apps/native_apps/rview/app/src/main/java/com/ruesga/rview/misc/CustomTabsHelper.java|class:com.ruesga.rview.misc.CustomTabsHelper
SlowForLoop;aDoctor;/Users/rar9993/repos/research/fdroid_apps/native_apps/rview/NONE_TRANSFORMED_;/Users/rar9993/repos/research/fdroid_apps/native_apps/rview/app/src/main/java/com/ruesga/rview/misc/EmojiHelper.java;file:/Users/rar9993/repos/research/fdroid_apps/native_apps/rview/app/src/main/java/com/ruesga/rview/misc/EmojiHelper.java|class:com.ruesga.rview.misc.EmojiHelper
SlowForLoop;aDoctor;/Users/rar9993/repos/research/fdroid_apps/native_apps/rview/NONE_TRANSFORMED_;/Users/rar9993/repos/research/fdroid_apps/native_apps/rview/app/src/main/java/com/ruesga/rview/misc/BindingAdapters.java;file:/Users/rar9993/repos/research/fdroid_apps/native_apps/rview/app/src/main/java/com/ruesga/rview/misc/BindingAdapters.java|class:com.ruesga.rview.misc.BindingAdapters
SlowForLoop;aDoctor;/Users/rar9993/repos/research/fdroid_apps/native_apps/rview/NONE_TRANSFORMED_;/Users/rar9993/repos/research/fdroid_apps/native_apps/rview/app/src/main/java/com/ruesga/rview/misc/ViewHelper.java;file:/Users/rar9993/repos/research/fdroid_apps/native_apps/rview/app/src/main/java/com/ruesga/rview/misc/ViewHelper.java|class:com.ruesga.rview.misc.ViewHelper
SlowForLoop;aDoctor;/Users/rar9993/repos/research/fdroid_apps/native_apps/rview/NONE_TRANSFORMED_;/Users/rar9993/repos/research/fdroid_apps/native_apps/rview/app/src/main/java/com/ruesga/rview/misc/VectorDrawableConverter.java;file:/Users/rar9993/repos/research/fdroid_apps/native_apps/rview/app/src/main/java/com/ruesga/rview/misc/VectorDrawableConverter.java|class:com.ruesga.rview.misc.VectorDrawableConverter
UnclosedCloseable;aDoctor;/Users/rar9993/repos/research/fdroid_apps/native_apps/rview/NONE_TRANSFORMED_;/Users/rar9993/repos/research/fdroid_apps/native_apps/rview/app/src/main/java/com/ruesga/rview/misc/VectorDrawableConverter.java;file:/Users/rar9993/repos/research/fdroid_apps/native_apps/rview/app/src/main/java/com/ruesga/rview/misc/VectorDrawableConverter.java|class:com.ruesga.rview.misc.VectorDrawableConverter
SlowForLoop;aDoctor;/Users/rar9993/repos/research/fdroid_apps/native_apps/rview/NONE_TRANSFORMED_;/Users/rar9993/repos/research/fdroid_apps/native_apps/rview/app/src/main/java/com/ruesga/rview/misc/Formatter.java;file:/Users/rar9993/repos/research/fdroid_apps/native_apps/rview/app/src/main/java/com/ruesga/rview/misc/Formatter.java|class:com.ruesga.rview.misc.Formatter
UnclosedCloseable;aDoctor;/Users/rar9993/repos/research/fdroid_apps/native_apps/rview/NONE_TRANSFORMED_;/Users/rar9993/repos/research/fdroid_apps/native_apps/rview/app/src/main/java/com/ruesga/rview/misc/Formatter.java;file:/Users/rar9993/repos/research/fdroid_apps/native_apps/rview/app/src/main/java/com/ruesga/rview/misc/Formatter.java|class:com.ruesga.rview.misc.Formatter
SlowForLoop;aDoctor;/Users/rar9993/repos/research/fdroid_apps/native_apps/rview/NONE_TRANSFORMED_;/Users/rar9993/repos/research/fdroid_apps/native_apps/rview/app/src/main/java/com/ruesga/rview/misc/ModelHelper.java;file:/Users/rar9993/repos/research/fdroid_apps/native_apps/rview/app/src/main/java/com/ruesga/rview/misc/ModelHelper.java|class:com.ruesga.rview.misc.ModelHelper
DataTransmissionWithoutCompression;aDoctor;/Users/rar9993/repos/research/fdroid_apps/native_apps/rview/NONE_TRANSFORMED_;/Users/rar9993/repos/research/fdroid_apps/native_apps/rview/app/src/main/java/com/ruesga/rview/misc/StringHelper.java;file:/Users/rar9993/repos/research/fdroid_apps/native_apps/rview/app/src/main/java/com/ruesga/rview/misc/StringHelper.java|class:com.ruesga.rview.misc.StringHelper
SlowForLoop;aDoctor;/Users/rar9993/repos/research/fdroid_apps/native_apps/rview/NONE_TRANSFORMED_;/Users/rar9993/repos/research/fdroid_apps/native_apps/rview/app/src/main/java/com/ruesga/rview/misc/StringHelper.java;file:/Users/rar9993/repos/research/fdroid_apps/native_apps/rview/app/src/main/java/com/ruesga/rview/misc/StringHelper.java|class:com.ruesga.rview.misc.StringHelper
SlowForLoop;aDoctor;/Users/rar9993/repos/research/fdroid_apps/native_apps/rview/NONE_TRANSFORMED_;/Users/rar9993/repos/research/fdroid_apps/native_apps/rview/app/src/main/java/com/ruesga/rview/misc/NotificationsHelper.java;file:/Users/rar9993/repos/research/fdroid_apps/native_apps/rview/app/src/main/java/com/ruesga/rview/misc/NotificationsHelper.java|class:com.ruesga.rview.misc.NotificationsHelper
DataTransmissionWithoutCompression;aDoctor;/Users/rar9993/repos/research/fdroid_apps/native_apps/rview/NONE_TRANSFORMED_;/Users/rar9993/repos/research/fdroid_apps/native_apps/rview/app/src/main/java/com/ruesga/rview/misc/ActivityHelper.java;file:/Users/rar9993/repos/research/fdroid_apps/native_apps/rview/app/src/main/java/com/ruesga/rview/misc/ActivityHelper.java|class:com.ruesga.rview.misc.ActivityHelper
DataTransmissionWithoutCompression;aDoctor;/Users/rar9993/repos/research/fdroid_apps/native_apps/rview/NONE_TRANSFORMED_;/Users/rar9993/repos/research/fdroid_apps/native_apps/rview/app/src/main/java/com/ruesga/rview/misc/CacheHelper.java;file:/Users/rar9993/repos/research/fdroid_apps/native_apps/rview/app/src/main/java/com/ruesga/rview/misc/CacheHelper.java|class:com.ruesga.rview.misc.CacheHelper
SlowForLoop;aDoctor;/Users/rar9993/repos/research/fdroid_apps/native_apps/rview/NONE_TRANSFORMED_;/Users/rar9993/repos/research/fdroid_apps/native_apps/rview/app/src/main/java/com/ruesga/rview/misc/ContinuousIntegrationHelper.java;file:/Users/rar9993/repos/research/fdroid_apps/native_apps/rview/app/src/main/java/com/ruesga/rview/misc/ContinuousIntegrationHelper.java|class:com.ruesga.rview.misc.ContinuousIntegrationHelper
MemberIgnoringMethod;aDoctor;/Users/rar9993/repos/research/fdroid_apps/native_apps/rview/NONE_TRANSFORMED_;/Users/rar9993/repos/research/fdroid_apps/native_apps/rview/app/src/main/java/com/ruesga/rview/UrlHandlerProxyActivity.java;file:/Users/rar9993/repos/research/fdroid_apps/native_apps/rview/app/src/main/java/com/ruesga/rview/UrlHandlerProxyActivity.java|class:com.ruesga.rview.UrlHandlerProxyActivity
NoLowMemoryResolver;aDoctor;/Users/rar9993/repos/research/fdroid_apps/native_apps/rview/NONE_TRANSFORMED_;/Users/rar9993/repos/research/fdroid_apps/native_apps/rview/app/src/main/java/com/ruesga/rview/UrlHandlerProxyActivity.java;file:/Users/rar9993/repos/research/fdroid_apps/native_apps/rview/app/src/main/java/com/ruesga/rview/UrlHandlerProxyActivity.java|class:com.ruesga.rview.UrlHandlerProxyActivity
MemberIgnoringMethod;aDoctor;/Users/rar9993/repos/research/fdroid_apps/native_apps/rview/NONE_TRANSFORMED_;/Users/rar9993/repos/research/fdroid_apps/native_apps/rview/app/src/main/java/com/ruesga/rview/TabFragmentActivity.java;file:/Users/rar9993/repos/research/fdroid_apps/native_apps/rview/app/src/main/java/com/ruesga/rview/TabFragmentActivity.java|class:com.ruesga.rview.TabFragmentActivity
MemberIgnoringMethod;aDoctor;/Users/rar9993/repos/research/fdroid_apps/native_apps/rview/NONE_TRANSFORMED_;/Users/rar9993/repos/research/fdroid_apps/native_apps/rview/app/src/main/java/com/ruesga/rview/EditorActivity.java;file:/Users/rar9993/repos/research/fdroid_apps/native_apps/rview/app/src/main/java/com/ruesga/rview/EditorActivity.java|class:com.ruesga.rview.EditorActivity
MemberIgnoringMethod;aDoctor;/Users/rar9993/repos/research/fdroid_apps/native_apps/rview/NONE_TRANSFORMED_;/Users/rar9993/repos/research/fdroid_apps/native_apps/rview/app/src/main/java/com/ruesga/rview/MainActivity.java;file:/Users/rar9993/repos/research/fdroid_apps/native_apps/rview/app/src/main/java/com/ruesga/rview/MainActivity.java|class:com.ruesga.rview.MainActivity
SlowForLoop;aDoctor;/Users/rar9993/repos/research/fdroid_apps/native_apps/rview/NONE_TRANSFORMED_;/Users/rar9993/repos/research/fdroid_apps/native_apps/rview/app/src/main/java/com/ruesga/rview/MainActivity.java;file:/Users/rar9993/repos/research/fdroid_apps/native_apps/rview/app/src/main/java/com/ruesga/rview/MainActivity.java|class:com.ruesga.rview.MainActivity
MemberIgnoringMethod;aDoctor;/Users/rar9993/repos/research/fdroid_apps/native_apps/rview/NONE_TRANSFORMED_;/Users/rar9993/repos/research/fdroid_apps/native_apps/rview/app/src/main/java/com/ruesga/rview/DiffViewerActivity.java;file:/Users/rar9993/repos/research/fdroid_apps/native_apps/rview/app/src/main/java/com/ruesga/rview/DiffViewerActivity.java|class:com.ruesga.rview.DiffViewerActivity
MemberIgnoringMethod;aDoctor;/Users/rar9993/repos/research/fdroid_apps/native_apps/rview/NONE_TRANSFORMED_;/Users/rar9993/repos/research/fdroid_apps/native_apps/rview/app/src/main/java/com/ruesga/rview/ChangeListBaseActivity.java;file:/Users/rar9993/repos/research/fdroid_apps/native_apps/rview/app/src/main/java/com/ruesga/rview/ChangeListBaseActivity.java|class:com.ruesga.rview.ChangeListBaseActivity
MemberIgnoringMethod;aDoctor;/Users/rar9993/repos/research/fdroid_apps/native_apps/rview/NONE_TRANSFORMED_;/Users/rar9993/repos/research/fdroid_apps/native_apps/rview/app/src/main/java/com/ruesga/rview/NotificationsActivity.java;file:/Users/rar9993/repos/research/fdroid_apps/native_apps/rview/app/src/main/java/com/ruesga/rview/NotificationsActivity.java|class:com.ruesga.rview.NotificationsActivity
UnclosedCloseable;aDoctor;/Users/rar9993/repos/research/fdroid_apps/native_apps/rview/NONE_TRANSFORMED_;/Users/rar9993/repos/research/fdroid_apps/native_apps/rview/app/src/main/java/com/ruesga/rview/NotificationsActivity.java;file:/Users/rar9993/repos/research/fdroid_apps/native_apps/rview/app/src/main/java/com/ruesga/rview/NotificationsActivity.java|class:com.ruesga.rview.NotificationsActivity
NoLowMemoryResolver;aDoctor;/Users/rar9993/repos/research/fdroid_apps/native_apps/rview/NONE_TRANSFORMED_;/Users/rar9993/repos/research/fdroid_apps/native_apps/rview/app/src/main/java/com/ruesga/rview/RviewApplication.java;file:/Users/rar9993/repos/research/fdroid_apps/native_apps/rview/app/src/main/java/com/ruesga/rview/RviewApplication.java|class:com.ruesga.rview.RviewApplication
MemberIgnoringMethod;aDoctor;/Users/rar9993/repos/research/fdroid_apps/native_apps/rview/NONE_TRANSFORMED_;/Users/rar9993/repos/research/fdroid_apps/native_apps/rview/app/src/main/java/com/ruesga/rview/AccountSettingsActivity.java;file:/Users/rar9993/repos/research/fdroid_apps/native_apps/rview/app/src/main/java/com/ruesga/rview/AccountSettingsActivity.java|class:com.ruesga.rview.AccountSettingsActivity
LeakingInnerClass;aDoctor;/Users/rar9993/repos/research/fdroid_apps/native_apps/rview/NONE_TRANSFORMED_;/Users/rar9993/repos/research/fdroid_apps/native_apps/rview/app/src/main/java/com/ruesga/rview/BaseActivity.java;file:/Users/rar9993/repos/research/fdroid_apps/native_apps/rview/app/src/main/java/com/ruesga/rview/BaseActivity.java|class:com.ruesga.rview.BaseActivity
MemberIgnoringMethod;aDoctor;/Users/rar9993/repos/research/fdroid_apps/native_apps/rview/NONE_TRANSFORMED_;/Users/rar9993/repos/research/fdroid_apps/native_apps/rview/app/src/main/java/com/ruesga/rview/BaseActivity.java;file:/Users/rar9993/repos/research/fdroid_apps/native_apps/rview/app/src/main/java/com/ruesga/rview/BaseActivity.java|class:com.ruesga.rview.BaseActivity
MemberIgnoringMethod;aDoctor;/Users/rar9993/repos/research/fdroid_apps/native_apps/rview/NONE_TRANSFORMED_;/Users/rar9993/repos/research/fdroid_apps/native_apps/rview/app/src/main/java/com/ruesga/rview/ChangeListByFilterActivity.java;file:/Users/rar9993/repos/research/fdroid_apps/native_apps/rview/app/src/main/java/com/ruesga/rview/ChangeListByFilterActivity.java|class:com.ruesga.rview.ChangeListByFilterActivity
MemberIgnoringMethod;aDoctor;/Users/rar9993/repos/research/fdroid_apps/native_apps/rview/NONE_TRANSFORMED_;/Users/rar9993/repos/research/fdroid_apps/native_apps/rview/app/src/main/java/com/ruesga/rview/ChangeDetailsActivity.java;file:/Users/rar9993/repos/research/fdroid_apps/native_apps/rview/app/src/main/java/com/ruesga/rview/ChangeDetailsActivity.java|class:com.ruesga.rview.ChangeDetailsActivity
SlowForLoop;aDoctor;/Users/rar9993/repos/research/fdroid_apps/native_apps/rview/NONE_TRANSFORMED_;/Users/rar9993/repos/research/fdroid_apps/native_apps/rview/app/src/main/java/com/ruesga/rview/ChangeDetailsActivity.java;file:/Users/rar9993/repos/research/fdroid_apps/native_apps/rview/app/src/main/java/com/ruesga/rview/ChangeDetailsActivity.java|class:com.ruesga.rview.ChangeDetailsActivity
LeakingInnerClass;aDoctor;/Users/rar9993/repos/research/fdroid_apps/native_apps/rview/NONE_TRANSFORMED_;/Users/rar9993/repos/research/fdroid_apps/native_apps/rview/app/src/main/java/com/ruesga/rview/SearchActivity.java;file:/Users/rar9993/repos/research/fdroid_apps/native_apps/rview/app/src/main/java/com/ruesga/rview/SearchActivity.java|class:com.ruesga.rview.SearchActivity
LeakingThread;aDoctor;/Users/rar9993/repos/research/fdroid_apps/native_apps/rview/NONE_TRANSFORMED_;/Users/rar9993/repos/research/fdroid_apps/native_apps/rview/app/src/main/java/com/ruesga/rview/SearchActivity.java;file:/Users/rar9993/repos/research/fdroid_apps/native_apps/rview/app/src/main/java/com/ruesga/rview/SearchActivity.java|class:com.ruesga.rview.SearchActivity
MemberIgnoringMethod;aDoctor;/Users/rar9993/repos/research/fdroid_apps/native_apps/rview/NONE_TRANSFORMED_;/Users/rar9993/repos/research/fdroid_apps/native_apps/rview/app/src/main/java/com/ruesga/rview/SearchActivity.java;file:/Users/rar9993/repos/research/fdroid_apps/native_apps/rview/app/src/main/java/com/ruesga/rview/SearchActivity.java|class:com.ruesga.rview.SearchActivity
SlowForLoop;aDoctor;/Users/rar9993/repos/research/fdroid_apps/native_apps/rview/NONE_TRANSFORMED_;/Users/rar9993/repos/research/fdroid_apps/native_apps/rview/app/src/main/java/com/ruesga/rview/SearchActivity.java;file:/Users/rar9993/repos/research/fdroid_apps/native_apps/rview/app/src/main/java/com/ruesga/rview/SearchActivity.java|class:com.ruesga.rview.SearchActivity
MemberIgnoringMethod;aDoctor;/Users/rar9993/repos/research/fdroid_apps/native_apps/rview/NONE_TRANSFORMED_;/Users/rar9993/repos/research/fdroid_apps/native_apps/rview/app/src/main/java/com/ruesga/rview/widget/FixedSizeLayout.java;file:/Users/rar9993/repos/research/fdroid_apps/native_apps/rview/app/src/main/java/com/ruesga/rview/widget/FixedSizeLayout.java|class:com.ruesga.rview.widget.FixedSizeLayout
LeakingInnerClass;aDoctor;/Users/rar9993/repos/research/fdroid_apps/native_apps/rview/NONE_TRANSFORMED_;/Users/rar9993/repos/research/fdroid_apps/native_apps/rview/app/src/main/java/com/ruesga/rview/widget/LinesWithCommentsView.java;file:/Users/rar9993/repos/research/fdroid_apps/native_apps/rview/app/src/main/java/com/ruesga/rview/widget/LinesWithCommentsView.java|class:com.ruesga.rview.widget.LinesWithCommentsView
MemberIgnoringMethod;aDoctor;/Users/rar9993/repos/research/fdroid_apps/native_apps/rview/NONE_TRANSFORMED_;/Users/rar9993/repos/research/fdroid_apps/native_apps/rview/app/src/main/java/com/ruesga/rview/widget/LinesWithCommentsView.java;file:/Users/rar9993/repos/research/fdroid_apps/native_apps/rview/app/src/main/java/com/ruesga/rview/widget/LinesWithCommentsView.java|class:com.ruesga.rview.widget.LinesWithCommentsView
SlowForLoop;aDoctor;/Users/rar9993/repos/research/fdroid_apps/native_apps/rview/NONE_TRANSFORMED_;/Users/rar9993/repos/research/fdroid_apps/native_apps/rview/app/src/main/java/com/ruesga/rview/widget/LinesWithCommentsView.java;file:/Users/rar9993/repos/research/fdroid_apps/native_apps/rview/app/src/main/java/com/ruesga/rview/widget/LinesWithCommentsView.java|class:com.ruesga.rview.widget.LinesWithCommentsView
LeakingInnerClass;aDoctor;/Users/rar9993/repos/research/fdroid_apps/native_apps/rview/NONE_TRANSFORMED_;/Users/rar9993/repos/research/fdroid_apps/native_apps/rview/app/src/main/java/com/ruesga/rview/widget/AttachmentsView.java;file:/Users/rar9993/repos/research/fdroid_apps/native_apps/rview/app/src/main/java/com/ruesga/rview/widget/AttachmentsView.java|class:com.ruesga.rview.widget.AttachmentsView
MemberIgnoringMethod;aDoctor;/Users/rar9993/repos/research/fdroid_apps/native_apps/rview/NONE_TRANSFORMED_;/Users/rar9993/repos/research/fdroid_apps/native_apps/rview/app/src/main/java/com/ruesga/rview/widget/AttachmentsView.java;file:/Users/rar9993/repos/research/fdroid_apps/native_apps/rview/app/src/main/java/com/ruesga/rview/widget/AttachmentsView.java|class:com.ruesga.rview.widget.AttachmentsView
MemberIgnoringMethod;aDoctor;/Users/rar9993/repos/research/fdroid_apps/native_apps/rview/NONE_TRANSFORMED_;/Users/rar9993/repos/research/fdroid_apps/native_apps/rview/app/src/main/java/com/ruesga/rview/widget/UnwrappedLinearLayoutManager.java;file:/Users/rar9993/repos/research/fdroid_apps/native_apps/rview/app/src/main/java/com/ruesga/rview/widget/UnwrappedLinearLayoutManager.java|class:com.ruesga.rview.widget.UnwrappedLinearLayoutManager
SlowForLoop;aDoctor;/Users/rar9993/repos/research/fdroid_apps/native_apps/rview/NONE_TRANSFORMED_;/Users/rar9993/repos/research/fdroid_apps/native_apps/rview/app/src/main/java/com/ruesga/rview/widget/UnwrappedLinearLayoutManager.java;file:/Users/rar9993/repos/research/fdroid_apps/native_apps/rview/app/src/main/java/com/ruesga/rview/widget/UnwrappedLinearLayoutManager.java|class:com.ruesga.rview.widget.UnwrappedLinearLayoutManager
MemberIgnoringMethod;aDoctor;/Users/rar9993/repos/research/fdroid_apps/native_apps/rview/NONE_TRANSFORMED_;/Users/rar9993/repos/research/fdroid_apps/native_apps/rview/app/src/main/java/com/ruesga/rview/widget/ExpandableViewLayout.java;file:/Users/rar9993/repos/research/fdroid_apps/native_apps/rview/app/src/main/java/com/ruesga/rview/widget/ExpandableViewLayout.java|class:com.ruesga.rview.widget.ExpandableViewLayout
SlowForLoop;aDoctor;/Users/rar9993/repos/research/fdroid_apps/native_apps/rview/NONE_TRANSFORMED_;/Users/rar9993/repos/research/fdroid_apps/native_apps/rview/app/src/main/java/com/ruesga/rview/widget/ExpandableViewLayout.java;file:/Users/rar9993/repos/research/fdroid_apps/native_apps/rview/app/src/main/java/com/ruesga/rview/widget/ExpandableViewLayout.java|class:com.ruesga.rview.widget.ExpandableViewLayout
MemberIgnoringMethod;aDoctor;/Users/rar9993/repos/research/fdroid_apps/native_apps/rview/NONE_TRANSFORMED_;/Users/rar9993/repos/research/fdroid_apps/native_apps/rview/app/src/main/java/com/ruesga/rview/widget/DownloadCommandsView.java;file:/Users/rar9993/repos/research/fdroid_apps/native_apps/rview/app/src/main/java/com/ruesga/rview/widget/DownloadCommandsView.java|class:com.ruesga.rview.widget.DownloadCommandsView
SlowForLoop;aDoctor;/Users/rar9993/repos/research/fdroid_apps/native_apps/rview/NONE_TRANSFORMED_;/Users/rar9993/repos/research/fdroid_apps/native_apps/rview/app/src/main/java/com/ruesga/rview/widget/DownloadCommandsView.java;file:/Users/rar9993/repos/research/fdroid_apps/native_apps/rview/app/src/main/java/com/ruesga/rview/widget/DownloadCommandsView.java|class:com.ruesga.rview.widget.DownloadCommandsView
MemberIgnoringMethod;aDoctor;/Users/rar9993/repos/research/fdroid_apps/native_apps/rview/NONE_TRANSFORMED_;/Users/rar9993/repos/research/fdroid_apps/native_apps/rview/app/src/main/java/com/ruesga/rview/widget/MergedStatusChart.java;file:/Users/rar9993/repos/research/fdroid_apps/native_apps/rview/app/src/main/java/com/ruesga/rview/widget/MergedStatusChart.java|class:com.ruesga.rview.widget.MergedStatusChart
SlowForLoop;aDoctor;/Users/rar9993/repos/research/fdroid_apps/native_apps/rview/NONE_TRANSFORMED_;/Users/rar9993/repos/research/fdroid_apps/native_apps/rview/app/src/main/java/com/ruesga/rview/widget/MergedStatusChart.java;file:/Users/rar9993/repos/research/fdroid_apps/native_apps/rview/app/src/main/java/com/ruesga/rview/widget/MergedStatusChart.java|class:com.ruesga.rview.widget.MergedStatusChart
MemberIgnoringMethod;aDoctor;/Users/rar9993/repos/research/fdroid_apps/native_apps/rview/NONE_TRANSFORMED_;/Users/rar9993/repos/research/fdroid_apps/native_apps/rview/app/src/main/java/com/ruesga/rview/widget/ActivityStatsChart.java;file:/Users/rar9993/repos/research/fdroid_apps/native_apps/rview/app/src/main/java/com/ruesga/rview/widget/ActivityStatsChart.java|class:com.ruesga.rview.widget.ActivityStatsChart
SlowForLoop;aDoctor;/Users/rar9993/repos/research/fdroid_apps/native_apps/rview/NONE_TRANSFORMED_;/Users/rar9993/repos/research/fdroid_apps/native_apps/rview/app/src/main/java/com/ruesga/rview/widget/ActivityStatsChart.java;file:/Users/rar9993/repos/research/fdroid_apps/native_apps/rview/app/src/main/java/com/ruesga/rview/widget/ActivityStatsChart.java|class:com.ruesga.rview.widget.ActivityStatsChart
MemberIgnoringMethod;aDoctor;/Users/rar9993/repos/research/fdroid_apps/native_apps/rview/NONE_TRANSFORMED_;/Users/rar9993/repos/research/fdroid_apps/native_apps/rview/app/src/main/java/com/ruesga/rview/widget/FilesAndCommentsView.java;file:/Users/rar9993/repos/research/fdroid_apps/native_apps/rview/app/src/main/java/com/ruesga/rview/widget/FilesAndCommentsView.java|class:com.ruesga.rview.widget.FilesAndCommentsView
SlowForLoop;aDoctor;/Users/rar9993/repos/research/fdroid_apps/native_apps/rview/NONE_TRANSFORMED_;/Users/rar9993/repos/research/fdroid_apps/native_apps/rview/app/src/main/java/com/ruesga/rview/widget/FilesAndCommentsView.java;file:/Users/rar9993/repos/research/fdroid_apps/native_apps/rview/app/src/main/java/com/ruesga/rview/widget/FilesAndCommentsView.java|class:com.ruesga.rview.widget.FilesAndCommentsView
LeakingInnerClass;aDoctor;/Users/rar9993/repos/research/fdroid_apps/native_apps/rview/NONE_TRANSFORMED_;/Users/rar9993/repos/research/fdroid_apps/native_apps/rview/app/src/main/java/com/ruesga/rview/widget/DashboardsView.java;file:/Users/rar9993/repos/research/fdroid_apps/native_apps/rview/app/src/main/java/com/ruesga/rview/widget/DashboardsView.java|class:com.ruesga.rview.widget.DashboardsView
MemberIgnoringMethod;aDoctor;/Users/rar9993/repos/research/fdroid_apps/native_apps/rview/NONE_TRANSFORMED_;/Users/rar9993/repos/research/fdroid_apps/native_apps/rview/app/src/main/java/com/ruesga/rview/widget/DashboardsView.java;file:/Users/rar9993/repos/research/fdroid_apps/native_apps/rview/app/src/main/java/com/ruesga/rview/widget/DashboardsView.java|class:com.ruesga.rview.widget.DashboardsView
SlowForLoop;aDoctor;/Users/rar9993/repos/research/fdroid_apps/native_apps/rview/NONE_TRANSFORMED_;/Users/rar9993/repos/research/fdroid_apps/native_apps/rview/app/src/main/java/com/ruesga/rview/widget/DashboardsView.java;file:/Users/rar9993/repos/research/fdroid_apps/native_apps/rview/app/src/main/java/com/ruesga/rview/widget/DashboardsView.java|class:com.ruesga.rview.widget.DashboardsView
MemberIgnoringMethod;aDoctor;/Users/rar9993/repos/research/fdroid_apps/native_apps/rview/NONE_TRANSFORMED_;/Users/rar9993/repos/research/fdroid_apps/native_apps/rview/app/src/main/java/com/ruesga/rview/widget/ParentCommitsView.java;file:/Users/rar9993/repos/research/fdroid_apps/native_apps/rview/app/src/main/java/com/ruesga/rview/widget/ParentCommitsView.java|class:com.ruesga.rview.widget.ParentCommitsView
SlowForLoop;aDoctor;/Users/rar9993/repos/research/fdroid_apps/native_apps/rview/NONE_TRANSFORMED_;/Users/rar9993/repos/research/fdroid_apps/native_apps/rview/app/src/main/java/com/ruesga/rview/widget/ParentCommitsView.java;file:/Users/rar9993/repos/research/fdroid_apps/native_apps/rview/app/src/main/java/com/ruesga/rview/widget/ParentCommitsView.java|class:com.ruesga.rview.widget.ParentCommitsView
LeakingInnerClass;aDoctor;/Users/rar9993/repos/research/fdroid_apps/native_apps/rview/NONE_TRANSFORMED_;/Users/rar9993/repos/research/fdroid_apps/native_apps/rview/app/src/main/java/com/ruesga/rview/widget/PagerControllerLayout.java;file:/Users/rar9993/repos/research/fdroid_apps/native_apps/rview/app/src/main/java/com/ruesga/rview/widget/PagerControllerLayout.java|class:com.ruesga.rview.widget.PagerControllerLayout
MemberIgnoringMethod;aDoctor;/Users/rar9993/repos/research/fdroid_apps/native_apps/rview/NONE_TRANSFORMED_;/Users/rar9993/repos/research/fdroid_apps/native_apps/rview/app/src/main/java/com/ruesga/rview/widget/PagerControllerLayout.java;file:/Users/rar9993/repos/research/fdroid_apps/native_apps/rview/app/src/main/java/com/ruesga/rview/widget/PagerControllerLayout.java|class:com.ruesga.rview.widget.PagerControllerLayout
MemberIgnoringMethod;aDoctor;/Users/rar9993/repos/research/fdroid_apps/native_apps/rview/NONE_TRANSFORMED_;/Users/rar9993/repos/research/fdroid_apps/native_apps/rview/app/src/main/java/com/ruesga/rview/widget/StyleableTextView.java;file:/Users/rar9993/repos/research/fdroid_apps/native_apps/rview/app/src/main/java/com/ruesga/rview/widget/StyleableTextView.java|class:com.ruesga.rview.widget.StyleableTextView
SlowForLoop;aDoctor;/Users/rar9993/repos/research/fdroid_apps/native_apps/rview/NONE_TRANSFORMED_;/Users/rar9993/repos/research/fdroid_apps/native_apps/rview/app/src/main/java/com/ruesga/rview/widget/StyleableTextView.java;file:/Users/rar9993/repos/research/fdroid_apps/native_apps/rview/app/src/main/java/com/ruesga/rview/widget/StyleableTextView.java|class:com.ruesga.rview.widget.StyleableTextView
MemberIgnoringMethod;aDoctor;/Users/rar9993/repos/research/fdroid_apps/native_apps/rview/NONE_TRANSFORMED_;/Users/rar9993/repos/research/fdroid_apps/native_apps/rview/app/src/main/java/com/ruesga/rview/widget/AccountNavigationHeader.java;file:/Users/rar9993/repos/research/fdroid_apps/native_apps/rview/app/src/main/java/com/ruesga/rview/widget/AccountNavigationHeader.java|class:com.ruesga.rview.widget.AccountNavigationHeader
MemberIgnoringMethod;aDoctor;/Users/rar9993/repos/research/fdroid_apps/native_apps/rview/NONE_TRANSFORMED_;/Users/rar9993/repos/research/fdroid_apps/native_apps/rview/app/src/main/java/com/ruesga/rview/widget/ReviewerUpdatesView.java;file:/Users/rar9993/repos/research/fdroid_apps/native_apps/rview/app/src/main/java/com/ruesga/rview/widget/ReviewerUpdatesView.java|class:com.ruesga.rview.widget.ReviewerUpdatesView
SlowForLoop;aDoctor;/Users/rar9993/repos/research/fdroid_apps/native_apps/rview/NONE_TRANSFORMED_;/Users/rar9993/repos/research/fdroid_apps/native_apps/rview/app/src/main/java/com/ruesga/rview/widget/ReviewerUpdatesView.java;file:/Users/rar9993/repos/research/fdroid_apps/native_apps/rview/app/src/main/java/com/ruesga/rview/widget/ReviewerUpdatesView.java|class:com.ruesga.rview.widget.ReviewerUpdatesView
LeakingInnerClass;aDoctor;/Users/rar9993/repos/research/fdroid_apps/native_apps/rview/NONE_TRANSFORMED_;/Users/rar9993/repos/research/fdroid_apps/native_apps/rview/app/src/main/java/com/ruesga/rview/widget/RegExLinkifyTextView.java;file:/Users/rar9993/repos/research/fdroid_apps/native_apps/rview/app/src/main/java/com/ruesga/rview/widget/RegExLinkifyTextView.java|class:com.ruesga.rview.widget.RegExLinkifyTextView
MemberIgnoringMethod;aDoctor;/Users/rar9993/repos/research/fdroid_apps/native_apps/rview/NONE_TRANSFORMED_;/Users/rar9993/repos/research/fdroid_apps/native_apps/rview/app/src/main/java/com/ruesga/rview/widget/RegExLinkifyTextView.java;file:/Users/rar9993/repos/research/fdroid_apps/native_apps/rview/app/src/main/java/com/ruesga/rview/widget/RegExLinkifyTextView.java|class:com.ruesga.rview.widget.RegExLinkifyTextView
SlowForLoop;aDoctor;/Users/rar9993/repos/research/fdroid_apps/native_apps/rview/NONE_TRANSFORMED_;/Users/rar9993/repos/research/fdroid_apps/native_apps/rview/app/src/main/java/com/ruesga/rview/widget/RegExLinkifyTextView.java;file:/Users/rar9993/repos/research/fdroid_apps/native_apps/rview/app/src/main/java/com/ruesga/rview/widget/RegExLinkifyTextView.java|class:com.ruesga.rview.widget.RegExLinkifyTextView
MemberIgnoringMethod;aDoctor;/Users/rar9993/repos/research/fdroid_apps/native_apps/rview/NONE_TRANSFORMED_;/Users/rar9993/repos/research/fdroid_apps/native_apps/rview/app/src/main/java/com/ruesga/rview/widget/AddedVsDeletedGraphView.java;file:/Users/rar9993/repos/research/fdroid_apps/native_apps/rview/app/src/main/java/com/ruesga/rview/widget/AddedVsDeletedGraphView.java|class:com.ruesga.rview.widget.AddedVsDeletedGraphView
MemberIgnoringMethod;aDoctor;/Users/rar9993/repos/research/fdroid_apps/native_apps/rview/NONE_TRANSFORMED_;/Users/rar9993/repos/research/fdroid_apps/native_apps/rview/app/src/main/java/com/ruesga/rview/widget/LabelsView.java;file:/Users/rar9993/repos/research/fdroid_apps/native_apps/rview/app/src/main/java/com/ruesga/rview/widget/LabelsView.java|class:com.ruesga.rview.widget.LabelsView
SlowForLoop;aDoctor;/Users/rar9993/repos/research/fdroid_apps/native_apps/rview/NONE_TRANSFORMED_;/Users/rar9993/repos/research/fdroid_apps/native_apps/rview/app/src/main/java/com/ruesga/rview/widget/LabelsView.java;file:/Users/rar9993/repos/research/fdroid_apps/native_apps/rview/app/src/main/java/com/ruesga/rview/widget/LabelsView.java|class:com.ruesga.rview.widget.LabelsView
MemberIgnoringMethod;aDoctor;/Users/rar9993/repos/research/fdroid_apps/native_apps/rview/NONE_TRANSFORMED_;/Users/rar9993/repos/research/fdroid_apps/native_apps/rview/app/src/main/java/com/ruesga/rview/widget/FixedSizeImageView.java;file:/Users/rar9993/repos/research/fdroid_apps/native_apps/rview/app/src/main/java/com/ruesga/rview/widget/FixedSizeImageView.java|class:com.ruesga.rview.widget.FixedSizeImageView
LeakingInnerClass;aDoctor;/Users/rar9993/repos/research/fdroid_apps/native_apps/rview/NONE_TRANSFORMED_;/Users/rar9993/repos/research/fdroid_apps/native_apps/rview/app/src/main/java/com/ruesga/rview/widget/LinksView.java;file:/Users/rar9993/repos/research/fdroid_apps/native_apps/rview/app/src/main/java/com/ruesga/rview/widget/LinksView.java|class:com.ruesga.rview.widget.LinksView
MemberIgnoringMethod;aDoctor;/Users/rar9993/repos/research/fdroid_apps/native_apps/rview/NONE_TRANSFORMED_;/Users/rar9993/repos/research/fdroid_apps/native_apps/rview/app/src/main/java/com/ruesga/rview/widget/LinksView.java;file:/Users/rar9993/repos/research/fdroid_apps/native_apps/rview/app/src/main/java/com/ruesga/rview/widget/LinksView.java|class:com.ruesga.rview.widget.LinksView
SlowForLoop;aDoctor;/Users/rar9993/repos/research/fdroid_apps/native_apps/rview/NONE_TRANSFORMED_;/Users/rar9993/repos/research/fdroid_apps/native_apps/rview/app/src/main/java/com/ruesga/rview/widget/LinksView.java;file:/Users/rar9993/repos/research/fdroid_apps/native_apps/rview/app/src/main/java/com/ruesga/rview/widget/LinksView.java|class:com.ruesga.rview.widget.LinksView
LeakingInnerClass;aDoctor;/Users/rar9993/repos/research/fdroid_apps/native_apps/rview/NONE_TRANSFORMED_;/Users/rar9993/repos/research/fdroid_apps/native_apps/rview/app/src/main/java/com/ruesga/rview/widget/ReviewLabelsView.java;file:/Users/rar9993/repos/research/fdroid_apps/native_apps/rview/app/src/main/java/com/ruesga/rview/widget/ReviewLabelsView.java|class:com.ruesga.rview.widget.ReviewLabelsView
MemberIgnoringMethod;aDoctor;/Users/rar9993/repos/research/fdroid_apps/native_apps/rview/NONE_TRANSFORMED_;/Users/rar9993/repos/research/fdroid_apps/native_apps/rview/app/src/main/java/com/ruesga/rview/widget/ReviewLabelsView.java;file:/Users/rar9993/repos/research/fdroid_apps/native_apps/rview/app/src/main/java/com/ruesga/rview/widget/ReviewLabelsView.java|class:com.ruesga.rview.widget.ReviewLabelsView
SlowForLoop;aDoctor;/Users/rar9993/repos/research/fdroid_apps/native_apps/rview/NONE_TRANSFORMED_;/Users/rar9993/repos/research/fdroid_apps/native_apps/rview/app/src/main/java/com/ruesga/rview/widget/ReviewLabelsView.java;file:/Users/rar9993/repos/research/fdroid_apps/native_apps/rview/app/src/main/java/com/ruesga/rview/widget/ReviewLabelsView.java|class:com.ruesga.rview.widget.ReviewLabelsView
MemberIgnoringMethod;aDoctor;/Users/rar9993/repos/research/fdroid_apps/native_apps/rview/NONE_TRANSFORMED_;/Users/rar9993/repos/research/fdroid_apps/native_apps/rview/app/src/main/java/com/ruesga/rview/widget/ScoreLabelsView.java;file:/Users/rar9993/repos/research/fdroid_apps/native_apps/rview/app/src/main/java/com/ruesga/rview/widget/ScoreLabelsView.java|class:com.ruesga.rview.widget.ScoreLabelsView
SlowForLoop;aDoctor;/Users/rar9993/repos/research/fdroid_apps/native_apps/rview/NONE_TRANSFORMED_;/Users/rar9993/repos/research/fdroid_apps/native_apps/rview/app/src/main/java/com/ruesga/rview/widget/ScoreLabelsView.java;file:/Users/rar9993/repos/research/fdroid_apps/native_apps/rview/app/src/main/java/com/ruesga/rview/widget/ScoreLabelsView.java|class:com.ruesga.rview.widget.ScoreLabelsView
LeakingInnerClass;aDoctor;/Users/rar9993/repos/research/fdroid_apps/native_apps/rview/NONE_TRANSFORMED_;/Users/rar9993/repos/research/fdroid_apps/native_apps/rview/app/src/main/java/com/ruesga/rview/widget/ScoresView.java;file:/Users/rar9993/repos/research/fdroid_apps/native_apps/rview/app/src/main/java/com/ruesga/rview/widget/ScoresView.java|class:com.ruesga.rview.widget.ScoresView
MemberIgnoringMethod;aDoctor;/Users/rar9993/repos/research/fdroid_apps/native_apps/rview/NONE_TRANSFORMED_;/Users/rar9993/repos/research/fdroid_apps/native_apps/rview/app/src/main/java/com/ruesga/rview/widget/ScoresView.java;file:/Users/rar9993/repos/research/fdroid_apps/native_apps/rview/app/src/main/java/com/ruesga/rview/widget/ScoresView.java|class:com.ruesga.rview.widget.ScoresView
SlowForLoop;aDoctor;/Users/rar9993/repos/research/fdroid_apps/native_apps/rview/NONE_TRANSFORMED_;/Users/rar9993/repos/research/fdroid_apps/native_apps/rview/app/src/main/java/com/ruesga/rview/widget/ScoresView.java;file:/Users/rar9993/repos/research/fdroid_apps/native_apps/rview/app/src/main/java/com/ruesga/rview/widget/ScoresView.java|class:com.ruesga.rview.widget.ScoresView
MemberIgnoringMethod;aDoctor;/Users/rar9993/repos/research/fdroid_apps/native_apps/rview/NONE_TRANSFORMED_;/Users/rar9993/repos/research/fdroid_apps/native_apps/rview/app/src/main/java/com/ruesga/rview/widget/SwipeableViewPager.java;file:/Users/rar9993/repos/research/fdroid_apps/native_apps/rview/app/src/main/java/com/ruesga/rview/widget/SwipeableViewPager.java|class:com.ruesga.rview.widget.SwipeableViewPager
LeakingInnerClass;aDoctor;/Users/rar9993/repos/research/fdroid_apps/native_apps/rview/NONE_TRANSFORMED_;/Users/rar9993/repos/research/fdroid_apps/native_apps/rview/app/src/main/java/com/ruesga/rview/widget/AccountChipView.java;file:/Users/rar9993/repos/research/fdroid_apps/native_apps/rview/app/src/main/java/com/ruesga/rview/widget/AccountChipView.java|class:com.ruesga.rview.widget.AccountChipView
MemberIgnoringMethod;aDoctor;/Users/rar9993/repos/research/fdroid_apps/native_apps/rview/NONE_TRANSFORMED_;/Users/rar9993/repos/research/fdroid_apps/native_apps/rview/app/src/main/java/com/ruesga/rview/widget/AccountChipView.java;file:/Users/rar9993/repos/research/fdroid_apps/native_apps/rview/app/src/main/java/com/ruesga/rview/widget/AccountChipView.java|class:com.ruesga.rview.widget.AccountChipView
MemberIgnoringMethod;aDoctor;/Users/rar9993/repos/research/fdroid_apps/native_apps/rview/NONE_TRANSFORMED_;/Users/rar9993/repos/research/fdroid_apps/native_apps/rview/app/src/main/java/com/ruesga/rview/widget/ScoreWithReviewersView.java;file:/Users/rar9993/repos/research/fdroid_apps/native_apps/rview/app/src/main/java/com/ruesga/rview/widget/ScoreWithReviewersView.java|class:com.ruesga.rview.widget.ScoreWithReviewersView
SlowForLoop;aDoctor;/Users/rar9993/repos/research/fdroid_apps/native_apps/rview/NONE_TRANSFORMED_;/Users/rar9993/repos/research/fdroid_apps/native_apps/rview/app/src/main/java/com/ruesga/rview/widget/ScoreWithReviewersView.java;file:/Users/rar9993/repos/research/fdroid_apps/native_apps/rview/app/src/main/java/com/ruesga/rview/widget/ScoreWithReviewersView.java|class:com.ruesga.rview.widget.ScoreWithReviewersView
LeakingInnerClass;aDoctor;/Users/rar9993/repos/research/fdroid_apps/native_apps/rview/NONE_TRANSFORMED_;/Users/rar9993/repos/research/fdroid_apps/native_apps/rview/app/src/main/java/com/ruesga/rview/widget/ToastView.java;file:/Users/rar9993/repos/research/fdroid_apps/native_apps/rview/app/src/main/java/com/ruesga/rview/widget/ToastView.java|class:com.ruesga.rview.widget.ToastView
MemberIgnoringMethod;aDoctor;/Users/rar9993/repos/research/fdroid_apps/native_apps/rview/NONE_TRANSFORMED_;/Users/rar9993/repos/research/fdroid_apps/native_apps/rview/app/src/main/java/com/ruesga/rview/widget/ToastView.java;file:/Users/rar9993/repos/research/fdroid_apps/native_apps/rview/app/src/main/java/com/ruesga/rview/widget/ToastView.java|class:com.ruesga.rview.widget.ToastView
LeakingInnerClass;aDoctor;/Users/rar9993/repos/research/fdroid_apps/native_apps/rview/NONE_TRANSFORMED_;/Users/rar9993/repos/research/fdroid_apps/native_apps/rview/app/src/main/java/com/ruesga/rview/widget/AccountStateSuggestionsView.java;file:/Users/rar9993/repos/research/fdroid_apps/native_apps/rview/app/src/main/java/com/ruesga/rview/widget/AccountStateSuggestionsView.java|class:com.ruesga.rview.widget.AccountStateSuggestionsView
MemberIgnoringMethod;aDoctor;/Users/rar9993/repos/research/fdroid_apps/native_apps/rview/NONE_TRANSFORMED_;/Users/rar9993/repos/research/fdroid_apps/native_apps/rview/app/src/main/java/com/ruesga/rview/widget/AccountStateSuggestionsView.java;file:/Users/rar9993/repos/research/fdroid_apps/native_apps/rview/app/src/main/java/com/ruesga/rview/widget/AccountStateSuggestionsView.java|class:com.ruesga.rview.widget.AccountStateSuggestionsView
SlowForLoop;aDoctor;/Users/rar9993/repos/research/fdroid_apps/native_apps/rview/NONE_TRANSFORMED_;/Users/rar9993/repos/research/fdroid_apps/native_apps/rview/app/src/main/java/com/ruesga/rview/widget/AccountStateSuggestionsView.java;file:/Users/rar9993/repos/research/fdroid_apps/native_apps/rview/app/src/main/java/com/ruesga/rview/widget/AccountStateSuggestionsView.java|class:com.ruesga.rview.widget.AccountStateSuggestionsView
MemberIgnoringMethod;aDoctor;/Users/rar9993/repos/research/fdroid_apps/native_apps/rview/NONE_TRANSFORMED_;/Users/rar9993/repos/research/fdroid_apps/native_apps/rview/app/src/main/java/com/ruesga/rview/widget/EndlessRecyclerViewScrollListener.java;file:/Users/rar9993/repos/research/fdroid_apps/native_apps/rview/app/src/main/java/com/ruesga/rview/widget/EndlessRecyclerViewScrollListener.java|class:com.ruesga.rview.widget.EndlessRecyclerViewScrollListener
SlowForLoop;aDoctor;/Users/rar9993/repos/research/fdroid_apps/native_apps/rview/NONE_TRANSFORMED_;/Users/rar9993/repos/research/fdroid_apps/native_apps/rview/app/src/main/java/com/ruesga/rview/widget/EndlessRecyclerViewScrollListener.java;file:/Users/rar9993/repos/research/fdroid_apps/native_apps/rview/app/src/main/java/com/ruesga/rview/widget/EndlessRecyclerViewScrollListener.java|class:com.ruesga.rview.widget.EndlessRecyclerViewScrollListener
SlowForLoop;aDoctor;/Users/rar9993/repos/research/fdroid_apps/native_apps/rview/NONE_TRANSFORMED_;/Users/rar9993/repos/research/fdroid_apps/native_apps/rview/app/src/main/java/com/ruesga/rview/widget/DividerItemDecoration.java;file:/Users/rar9993/repos/research/fdroid_apps/native_apps/rview/app/src/main/java/com/ruesga/rview/widget/DividerItemDecoration.java|class:com.ruesga.rview.widget.DividerItemDecoration
LeakingInnerClass;aDoctor;/Users/rar9993/repos/research/fdroid_apps/native_apps/rview/NONE_TRANSFORMED_;/Users/rar9993/repos/research/fdroid_apps/native_apps/rview/app/src/main/java/com/ruesga/rview/widget/ContinuousIntegrationView.java;file:/Users/rar9993/repos/research/fdroid_apps/native_apps/rview/app/src/main/java/com/ruesga/rview/widget/ContinuousIntegrationView.java|class:com.ruesga.rview.widget.ContinuousIntegrationView
MemberIgnoringMethod;aDoctor;/Users/rar9993/repos/research/fdroid_apps/native_apps/rview/NONE_TRANSFORMED_;/Users/rar9993/repos/research/fdroid_apps/native_apps/rview/app/src/main/java/com/ruesga/rview/widget/ContinuousIntegrationView.java;file:/Users/rar9993/repos/research/fdroid_apps/native_apps/rview/app/src/main/java/com/ruesga/rview/widget/ContinuousIntegrationView.java|class:com.ruesga.rview.widget.ContinuousIntegrationView
SlowForLoop;aDoctor;/Users/rar9993/repos/research/fdroid_apps/native_apps/rview/NONE_TRANSFORMED_;/Users/rar9993/repos/research/fdroid_apps/native_apps/rview/app/src/main/java/com/ruesga/rview/widget/ContinuousIntegrationView.java;file:/Users/rar9993/repos/research/fdroid_apps/native_apps/rview/app/src/main/java/com/ruesga/rview/widget/ContinuousIntegrationView.java|class:com.ruesga.rview.widget.ContinuousIntegrationView
MemberIgnoringMethod;aDoctor;/Users/rar9993/repos/research/fdroid_apps/native_apps/rview/NONE_TRANSFORMED_;/Users/rar9993/repos/research/fdroid_apps/native_apps/rview/app/src/main/java/com/ruesga/rview/widget/ReviewersView.java;file:/Users/rar9993/repos/research/fdroid_apps/native_apps/rview/app/src/main/java/com/ruesga/rview/widget/ReviewersView.java|class:com.ruesga.rview.widget.ReviewersView
SlowForLoop;aDoctor;/Users/rar9993/repos/research/fdroid_apps/native_apps/rview/NONE_TRANSFORMED_;/Users/rar9993/repos/research/fdroid_apps/native_apps/rview/app/src/main/java/com/ruesga/rview/widget/ReviewersView.java;file:/Users/rar9993/repos/research/fdroid_apps/native_apps/rview/app/src/main/java/com/ruesga/rview/widget/ReviewersView.java|class:com.ruesga.rview.widget.ReviewersView
LeakingInnerClass;aDoctor;/Users/rar9993/repos/research/fdroid_apps/native_apps/rview/NONE_TRANSFORMED_;/Users/rar9993/repos/research/fdroid_apps/native_apps/rview/app/src/main/java/com/ruesga/rview/widget/TagEditTextView.java;file:/Users/rar9993/repos/research/fdroid_apps/native_apps/rview/app/src/main/java/com/ruesga/rview/widget/TagEditTextView.java|class:com.ruesga.rview.widget.TagEditTextView
MemberIgnoringMethod;aDoctor;/Users/rar9993/repos/research/fdroid_apps/native_apps/rview/NONE_TRANSFORMED_;/Users/rar9993/repos/research/fdroid_apps/native_apps/rview/app/src/main/java/com/ruesga/rview/widget/TagEditTextView.java;file:/Users/rar9993/repos/research/fdroid_apps/native_apps/rview/app/src/main/java/com/ruesga/rview/widget/TagEditTextView.java|class:com.ruesga.rview.widget.TagEditTextView
SlowForLoop;aDoctor;/Users/rar9993/repos/research/fdroid_apps/native_apps/rview/NONE_TRANSFORMED_;/Users/rar9993/repos/research/fdroid_apps/native_apps/rview/app/src/main/java/com/ruesga/rview/widget/TagEditTextView.java;file:/Users/rar9993/repos/research/fdroid_apps/native_apps/rview/app/src/main/java/com/ruesga/rview/widget/TagEditTextView.java|class:com.ruesga.rview.widget.TagEditTextView
UnclosedCloseable;aDoctor;/Users/rar9993/repos/research/fdroid_apps/native_apps/rview/NONE_TRANSFORMED_;/Users/rar9993/repos/research/fdroid_apps/native_apps/rview/app/src/main/java/com/ruesga/rview/widget/TagEditTextView.java;file:/Users/rar9993/repos/research/fdroid_apps/native_apps/rview/app/src/main/java/com/ruesga/rview/widget/TagEditTextView.java|class:com.ruesga.rview.widget.TagEditTextView
MemberIgnoringMethod;aDoctor;/Users/rar9993/repos/research/fdroid_apps/native_apps/rview/NONE_TRANSFORMED_;/Users/rar9993/repos/research/fdroid_apps/native_apps/rview/app/src/main/java/com/ruesga/rview/widget/DelayedAutocompleteTextView.java;file:/Users/rar9993/repos/research/fdroid_apps/native_apps/rview/app/src/main/java/com/ruesga/rview/widget/DelayedAutocompleteTextView.java|class:com.ruesga.rview.widget.DelayedAutocompleteTextView
DataTransmissionWithoutCompression;aDoctor;/Users/rar9993/repos/research/fdroid_apps/native_apps/rview/NONE_TRANSFORMED_;/Users/rar9993/repos/research/fdroid_apps/native_apps/rview/app/src/main/java/com/ruesga/rview/widget/DiffView.java;file:/Users/rar9993/repos/research/fdroid_apps/native_apps/rview/app/src/main/java/com/ruesga/rview/widget/DiffView.java|class:com.ruesga.rview.widget.DiffView
LeakingInnerClass;aDoctor;/Users/rar9993/repos/research/fdroid_apps/native_apps/rview/NONE_TRANSFORMED_;/Users/rar9993/repos/research/fdroid_apps/native_apps/rview/app/src/main/java/com/ruesga/rview/widget/DiffView.java;file:/Users/rar9993/repos/research/fdroid_apps/native_apps/rview/app/src/main/java/com/ruesga/rview/widget/DiffView.java|class:com.ruesga.rview.widget.DiffView
MemberIgnoringMethod;aDoctor;/Users/rar9993/repos/research/fdroid_apps/native_apps/rview/NONE_TRANSFORMED_;/Users/rar9993/repos/research/fdroid_apps/native_apps/rview/app/src/main/java/com/ruesga/rview/widget/DiffView.java;file:/Users/rar9993/repos/research/fdroid_apps/native_apps/rview/app/src/main/java/com/ruesga/rview/widget/DiffView.java|class:com.ruesga.rview.widget.DiffView
SlowForLoop;aDoctor;/Users/rar9993/repos/research/fdroid_apps/native_apps/rview/NONE_TRANSFORMED_;/Users/rar9993/repos/research/fdroid_apps/native_apps/rview/app/src/main/java/com/ruesga/rview/widget/DiffView.java;file:/Users/rar9993/repos/research/fdroid_apps/native_apps/rview/app/src/main/java/com/ruesga/rview/widget/DiffView.java|class:com.ruesga.rview.widget.DiffView
LeakingInnerClass;aDoctor;/Users/rar9993/repos/research/fdroid_apps/native_apps/rview/NONE_TRANSFORMED_;/Users/rar9993/repos/research/fdroid_apps/native_apps/rview/app/src/main/java/com/ruesga/rview/widget/Top5StatsView.java;file:/Users/rar9993/repos/research/fdroid_apps/native_apps/rview/app/src/main/java/com/ruesga/rview/widget/Top5StatsView.java|class:com.ruesga.rview.widget.Top5StatsView
MemberIgnoringMethod;aDoctor;/Users/rar9993/repos/research/fdroid_apps/native_apps/rview/NONE_TRANSFORMED_;/Users/rar9993/repos/research/fdroid_apps/native_apps/rview/app/src/main/java/com/ruesga/rview/widget/Top5StatsView.java;file:/Users/rar9993/repos/research/fdroid_apps/native_apps/rview/app/src/main/java/com/ruesga/rview/widget/Top5StatsView.java|class:com.ruesga.rview.widget.Top5StatsView
SlowForLoop;aDoctor;/Users/rar9993/repos/research/fdroid_apps/native_apps/rview/NONE_TRANSFORMED_;/Users/rar9993/repos/research/fdroid_apps/native_apps/rview/app/src/main/java/com/ruesga/rview/widget/Top5StatsView.java;file:/Users/rar9993/repos/research/fdroid_apps/native_apps/rview/app/src/main/java/com/ruesga/rview/widget/Top5StatsView.java|class:com.ruesga.rview.widget.Top5StatsView
MemberIgnoringMethod;aDoctor;/Users/rar9993/repos/research/fdroid_apps/native_apps/rview/NONE_TRANSFORMED_;/Users/rar9993/repos/research/fdroid_apps/native_apps/rview/app/src/main/java/com/ruesga/rview/widget/ScrollAwareFloatingActionButtonBehavior.java;file:/Users/rar9993/repos/research/fdroid_apps/native_apps/rview/app/src/main/java/com/ruesga/rview/widget/ScrollAwareFloatingActionButtonBehavior.java|class:com.ruesga.rview.widget.ScrollAwareFloatingActionButtonBehavior
MemberIgnoringMethod;aDoctor;/Users/rar9993/repos/research/fdroid_apps/native_apps/rview/NONE_TRANSFORMED_;/Users/rar9993/repos/research/fdroid_apps/native_apps/rview/app/src/gms/java/com/ruesga/rview/services/DeviceRegistrationService.java;file:/Users/rar9993/repos/research/fdroid_apps/native_apps/rview/app/src/gms/java/com/ruesga/rview/services/DeviceRegistrationService.java|class:com.ruesga.rview.services.DeviceRegistrationService
MemberIgnoringMethod;aDoctor;/Users/rar9993/repos/research/fdroid_apps/native_apps/rview/NONE_TRANSFORMED_;/Users/rar9993/repos/research/fdroid_apps/native_apps/rview/app/src/gms/java/com/ruesga/rview/services/NotificationService.java;file:/Users/rar9993/repos/research/fdroid_apps/native_apps/rview/app/src/gms/java/com/ruesga/rview/services/NotificationService.java|class:com.ruesga.rview.services.NotificationService
NoLowMemoryResolver;aDoctor;/Users/rar9993/repos/research/fdroid_apps/native_apps/rview/NONE_TRANSFORMED_;/Users/rar9993/repos/research/fdroid_apps/native_apps/rview/app/src/main/java/com/ruesga/rview/services/AccountStatusFetcherService.java;file:/Users/rar9993/repos/research/fdroid_apps/native_apps/rview/app/src/main/java/com/ruesga/rview/services/AccountStatusFetcherService.java|class:com.ruesga.rview.services.AccountStatusFetcherService
MemberIgnoringMethod;aDoctor;/Users/rar9993/repos/research/fdroid_apps/native_apps/rview/NONE_TRANSFORMED_;/Users/rar9993/repos/research/fdroid_apps/native_apps/rview/app/src/gms/java/com/ruesga/rview/analytics/AnalyticsManagerImpl.java;file:/Users/rar9993/repos/research/fdroid_apps/native_apps/rview/app/src/gms/java/com/ruesga/rview/analytics/AnalyticsManagerImpl.java|class:com.ruesga.rview.analytics.AnalyticsManagerImpl
MemberIgnoringMethod;aDoctor;/Users/rar9993/repos/research/fdroid_apps/native_apps/rview/NONE_TRANSFORMED_;/Users/rar9993/repos/research/fdroid_apps/native_apps/rview/app/src/gms/java/com/ruesga/rview/analytics/ContextualCrashReportingActivity.java;file:/Users/rar9993/repos/research/fdroid_apps/native_apps/rview/app/src/gms/java/com/ruesga/rview/analytics/ContextualCrashReportingActivity.java|class:com.ruesga.rview.analytics.ContextualCrashReportingActivity
NoLowMemoryResolver;aDoctor;/Users/rar9993/repos/research/fdroid_apps/native_apps/rview/NONE_TRANSFORMED_;/Users/rar9993/repos/research/fdroid_apps/native_apps/rview/app/src/gms/java/com/ruesga/rview/analytics/ContextualCrashReportingActivity.java;file:/Users/rar9993/repos/research/fdroid_apps/native_apps/rview/app/src/gms/java/com/ruesga/rview/analytics/ContextualCrashReportingActivity.java|class:com.ruesga.rview.analytics.ContextualCrashReportingActivity
MemberIgnoringMethod;aDoctor;/Users/rar9993/repos/research/fdroid_apps/native_apps/rview/NONE_TRANSFORMED_;/Users/rar9993/repos/research/fdroid_apps/native_apps/rview/app/src/floss/java/com/ruesga/rview/analytics/AnalyticsManagerImpl.java;file:/Users/rar9993/repos/research/fdroid_apps/native_apps/rview/app/src/floss/java/com/ruesga/rview/analytics/AnalyticsManagerImpl.java|class:com.ruesga.rview.analytics.AnalyticsManagerImpl
NoLowMemoryResolver;aDoctor;/Users/rar9993/repos/research/fdroid_apps/native_apps/rview/NONE_TRANSFORMED_;/Users/rar9993/repos/research/fdroid_apps/native_apps/rview/app/src/floss/java/com/ruesga/rview/analytics/ContextualCrashReportingActivity.java;file:/Users/rar9993/repos/research/fdroid_apps/native_apps/rview/app/src/floss/java/com/ruesga/rview/analytics/ContextualCrashReportingActivity.java|class:com.ruesga.rview.analytics.ContextualCrashReportingActivity
SlowForLoop;aDoctor;/Users/rar9993/repos/research/fdroid_apps/native_apps/rview/NONE_TRANSFORMED_;/Users/rar9993/repos/research/fdroid_apps/native_apps/rview/app/src/main/java/com/ruesga/rview/preferences/Preferences.java;file:/Users/rar9993/repos/research/fdroid_apps/native_apps/rview/app/src/main/java/com/ruesga/rview/preferences/Preferences.java|class:com.ruesga.rview.preferences.Preferences
LeakingInnerClass;aDoctor;/Users/rar9993/repos/research/fdroid_apps/native_apps/rview/NONE_TRANSFORMED_;/Users/rar9993/repos/research/fdroid_apps/native_apps/rview/app/src/main/java/com/ruesga/rview/tasks/AsyncTextDiffProcessor.java;file:/Users/rar9993/repos/research/fdroid_apps/native_apps/rview/app/src/main/java/com/ruesga/rview/tasks/AsyncTextDiffProcessor.java|class:com.ruesga.rview.tasks.AsyncTextDiffProcessor
MemberIgnoringMethod;aDoctor;/Users/rar9993/repos/research/fdroid_apps/native_apps/rview/NONE_TRANSFORMED_;/Users/rar9993/repos/research/fdroid_apps/native_apps/rview/app/src/main/java/com/ruesga/rview/tasks/AsyncTextDiffProcessor.java;file:/Users/rar9993/repos/research/fdroid_apps/native_apps/rview/app/src/main/java/com/ruesga/rview/tasks/AsyncTextDiffProcessor.java|class:com.ruesga.rview.tasks.AsyncTextDiffProcessor
SlowForLoop;aDoctor;/Users/rar9993/repos/research/fdroid_apps/native_apps/rview/NONE_TRANSFORMED_;/Users/rar9993/repos/research/fdroid_apps/native_apps/rview/app/src/main/java/com/ruesga/rview/tasks/AsyncTextDiffProcessor.java;file:/Users/rar9993/repos/research/fdroid_apps/native_apps/rview/app/src/main/java/com/ruesga/rview/tasks/AsyncTextDiffProcessor.java|class:com.ruesga.rview.tasks.AsyncTextDiffProcessor
DataTransmissionWithoutCompression;aDoctor;/Users/rar9993/repos/research/fdroid_apps/native_apps/rview/NONE_TRANSFORMED_;/Users/rar9993/repos/research/fdroid_apps/native_apps/rview/app/src/main/java/com/ruesga/rview/tasks/AsyncImageDiffProcessor.java;file:/Users/rar9993/repos/research/fdroid_apps/native_apps/rview/app/src/main/java/com/ruesga/rview/tasks/AsyncImageDiffProcessor.java|class:com.ruesga.rview.tasks.AsyncImageDiffProcessor
LeakingInnerClass;aDoctor;/Users/rar9993/repos/research/fdroid_apps/native_apps/rview/NONE_TRANSFORMED_;/Users/rar9993/repos/research/fdroid_apps/native_apps/rview/app/src/main/java/com/ruesga/rview/tasks/AsyncImageDiffProcessor.java;file:/Users/rar9993/repos/research/fdroid_apps/native_apps/rview/app/src/main/java/com/ruesga/rview/tasks/AsyncImageDiffProcessor.java|class:com.ruesga.rview.tasks.AsyncImageDiffProcessor
MemberIgnoringMethod;aDoctor;/Users/rar9993/repos/research/fdroid_apps/native_apps/rview/NONE_TRANSFORMED_;/Users/rar9993/repos/research/fdroid_apps/native_apps/rview/app/src/main/java/com/ruesga/rview/tasks/AsyncImageDiffProcessor.java;file:/Users/rar9993/repos/research/fdroid_apps/native_apps/rview/app/src/main/java/com/ruesga/rview/tasks/AsyncImageDiffProcessor.java|class:com.ruesga.rview.tasks.AsyncImageDiffProcessor
MemberIgnoringMethod;aDoctor;/Users/rar9993/repos/research/fdroid_apps/native_apps/rview/NONE_TRANSFORMED_;/Users/rar9993/repos/research/fdroid_apps/native_apps/rview/app/src/main/java/com/ruesga/rview/fragments/SetAccountStatusDialogFragment.java;file:/Users/rar9993/repos/research/fdroid_apps/native_apps/rview/app/src/main/java/com/ruesga/rview/fragments/SetAccountStatusDialogFragment.java|class:com.ruesga.rview.fragments.SetAccountStatusDialogFragment
LeakingInnerClass;aDoctor;/Users/rar9993/repos/research/fdroid_apps/native_apps/rview/NONE_TRANSFORMED_;/Users/rar9993/repos/research/fdroid_apps/native_apps/rview/app/src/main/java/com/ruesga/rview/fragments/EditFileChooserDialogFragment.java;file:/Users/rar9993/repos/research/fdroid_apps/native_apps/rview/app/src/main/java/com/ruesga/rview/fragments/EditFileChooserDialogFragment.java|class:com.ruesga.rview.fragments.EditFileChooserDialogFragment
MemberIgnoringMethod;aDoctor;/Users/rar9993/repos/research/fdroid_apps/native_apps/rview/NONE_TRANSFORMED_;/Users/rar9993/repos/research/fdroid_apps/native_apps/rview/app/src/main/java/com/ruesga/rview/fragments/EditFileChooserDialogFragment.java;file:/Users/rar9993/repos/research/fdroid_apps/native_apps/rview/app/src/main/java/com/ruesga/rview/fragments/EditFileChooserDialogFragment.java|class:com.ruesga.rview.fragments.EditFileChooserDialogFragment
MemberIgnoringMethod;aDoctor;/Users/rar9993/repos/research/fdroid_apps/native_apps/rview/NONE_TRANSFORMED_;/Users/rar9993/repos/research/fdroid_apps/native_apps/rview/app/src/main/java/com/ruesga/rview/fragments/StatsFragment.java;file:/Users/rar9993/repos/research/fdroid_apps/native_apps/rview/app/src/main/java/com/ruesga/rview/fragments/StatsFragment.java|class:com.ruesga.rview.fragments.StatsFragment
LeakingInnerClass;aDoctor;/Users/rar9993/repos/research/fdroid_apps/native_apps/rview/NONE_TRANSFORMED_;/Users/rar9993/repos/research/fdroid_apps/native_apps/rview/app/src/main/java/com/ruesga/rview/fragments/FileDiffViewerFragment.java;file:/Users/rar9993/repos/research/fdroid_apps/native_apps/rview/app/src/main/java/com/ruesga/rview/fragments/FileDiffViewerFragment.java|class:com.ruesga.rview.fragments.FileDiffViewerFragment
MemberIgnoringMethod;aDoctor;/Users/rar9993/repos/research/fdroid_apps/native_apps/rview/NONE_TRANSFORMED_;/Users/rar9993/repos/research/fdroid_apps/native_apps/rview/app/src/main/java/com/ruesga/rview/fragments/FileDiffViewerFragment.java;file:/Users/rar9993/repos/research/fdroid_apps/native_apps/rview/app/src/main/java/com/ruesga/rview/fragments/FileDiffViewerFragment.java|class:com.ruesga.rview.fragments.FileDiffViewerFragment
NoLowMemoryResolver;aDoctor;/Users/rar9993/repos/research/fdroid_apps/native_apps/rview/NONE_TRANSFORMED_;/Users/rar9993/repos/research/fdroid_apps/native_apps/rview/app/src/main/java/com/ruesga/rview/fragments/FileDiffViewerFragment.java;file:/Users/rar9993/repos/research/fdroid_apps/native_apps/rview/app/src/main/java/com/ruesga/rview/fragments/FileDiffViewerFragment.java|class:com.ruesga.rview.fragments.FileDiffViewerFragment
MemberIgnoringMethod;aDoctor;/Users/rar9993/repos/research/fdroid_apps/native_apps/rview/NONE_TRANSFORMED_;/Users/rar9993/repos/research/fdroid_apps/native_apps/rview/app/src/main/java/com/ruesga/rview/fragments/StartFollowingChooserDialogFragment.java;file:/Users/rar9993/repos/research/fdroid_apps/native_apps/rview/app/src/main/java/com/ruesga/rview/fragments/StartFollowingChooserDialogFragment.java|class:com.ruesga.rview.fragments.StartFollowingChooserDialogFragment
MemberIgnoringMethod;aDoctor;/Users/rar9993/repos/research/fdroid_apps/native_apps/rview/NONE_TRANSFORMED_;/Users/rar9993/repos/research/fdroid_apps/native_apps/rview/app/src/main/java/com/ruesga/rview/fragments/BranchChooserDialogFragment.java;file:/Users/rar9993/repos/research/fdroid_apps/native_apps/rview/app/src/main/java/com/ruesga/rview/fragments/BranchChooserDialogFragment.java|class:com.ruesga.rview.fragments.BranchChooserDialogFragment
MemberIgnoringMethod;aDoctor;/Users/rar9993/repos/research/fdroid_apps/native_apps/rview/NONE_TRANSFORMED_;/Users/rar9993/repos/research/fdroid_apps/native_apps/rview/app/src/main/java/com/ruesga/rview/fragments/ListDialogFragment.java;file:/Users/rar9993/repos/research/fdroid_apps/native_apps/rview/app/src/main/java/com/ruesga/rview/fragments/ListDialogFragment.java|class:com.ruesga.rview.fragments.ListDialogFragment
LeakingInnerClass;aDoctor;/Users/rar9993/repos/research/fdroid_apps/native_apps/rview/NONE_TRANSFORMED_;/Users/rar9993/repos/research/fdroid_apps/native_apps/rview/app/src/main/java/com/ruesga/rview/fragments/NotificationsFragment.java;file:/Users/rar9993/repos/research/fdroid_apps/native_apps/rview/app/src/main/java/com/ruesga/rview/fragments/NotificationsFragment.java|class:com.ruesga.rview.fragments.NotificationsFragment
MemberIgnoringMethod;aDoctor;/Users/rar9993/repos/research/fdroid_apps/native_apps/rview/NONE_TRANSFORMED_;/Users/rar9993/repos/research/fdroid_apps/native_apps/rview/app/src/main/java/com/ruesga/rview/fragments/NotificationsFragment.java;file:/Users/rar9993/repos/research/fdroid_apps/native_apps/rview/app/src/main/java/com/ruesga/rview/fragments/NotificationsFragment.java|class:com.ruesga.rview.fragments.NotificationsFragment
NoLowMemoryResolver;aDoctor;/Users/rar9993/repos/research/fdroid_apps/native_apps/rview/NONE_TRANSFORMED_;/Users/rar9993/repos/research/fdroid_apps/native_apps/rview/app/src/main/java/com/ruesga/rview/fragments/NotificationsFragment.java;file:/Users/rar9993/repos/research/fdroid_apps/native_apps/rview/app/src/main/java/com/ruesga/rview/fragments/NotificationsFragment.java|class:com.ruesga.rview.fragments.NotificationsFragment
UnclosedCloseable;aDoctor;/Users/rar9993/repos/research/fdroid_apps/native_apps/rview/NONE_TRANSFORMED_;/Users/rar9993/repos/research/fdroid_apps/native_apps/rview/app/src/main/java/com/ruesga/rview/fragments/NotificationsFragment.java;file:/Users/rar9993/repos/research/fdroid_apps/native_apps/rview/app/src/main/java/com/ruesga/rview/fragments/NotificationsFragment.java|class:com.ruesga.rview.fragments.NotificationsFragment
MemberIgnoringMethod;aDoctor;/Users/rar9993/repos/research/fdroid_apps/native_apps/rview/NONE_TRANSFORMED_;/Users/rar9993/repos/research/fdroid_apps/native_apps/rview/app/src/main/java/com/ruesga/rview/fragments/ChangeListByFilterFragment.java;file:/Users/rar9993/repos/research/fdroid_apps/native_apps/rview/app/src/main/java/com/ruesga/rview/fragments/ChangeListByFilterFragment.java|class:com.ruesga.rview.fragments.ChangeListByFilterFragment
UnclosedCloseable;aDoctor;/Users/rar9993/repos/research/fdroid_apps/native_apps/rview/NONE_TRANSFORMED_;/Users/rar9993/repos/research/fdroid_apps/native_apps/rview/app/src/main/java/com/ruesga/rview/fragments/ChangeListByFilterFragment.java;file:/Users/rar9993/repos/research/fdroid_apps/native_apps/rview/app/src/main/java/com/ruesga/rview/fragments/ChangeListByFilterFragment.java|class:com.ruesga.rview.fragments.ChangeListByFilterFragment
LeakingInnerClass;aDoctor;/Users/rar9993/repos/research/fdroid_apps/native_apps/rview/NONE_TRANSFORMED_;/Users/rar9993/repos/research/fdroid_apps/native_apps/rview/app/src/main/java/com/ruesga/rview/fragments/PageableFragment.java;file:/Users/rar9993/repos/research/fdroid_apps/native_apps/rview/app/src/main/java/com/ruesga/rview/fragments/PageableFragment.java|class:com.ruesga.rview.fragments.PageableFragment
MemberIgnoringMethod;aDoctor;/Users/rar9993/repos/research/fdroid_apps/native_apps/rview/NONE_TRANSFORMED_;/Users/rar9993/repos/research/fdroid_apps/native_apps/rview/app/src/main/java/com/ruesga/rview/fragments/PageableFragment.java;file:/Users/rar9993/repos/research/fdroid_apps/native_apps/rview/app/src/main/java/com/ruesga/rview/fragments/PageableFragment.java|class:com.ruesga.rview.fragments.PageableFragment
NoLowMemoryResolver;aDoctor;/Users/rar9993/repos/research/fdroid_apps/native_apps/rview/NONE_TRANSFORMED_;/Users/rar9993/repos/research/fdroid_apps/native_apps/rview/app/src/main/java/com/ruesga/rview/fragments/PageableFragment.java;file:/Users/rar9993/repos/research/fdroid_apps/native_apps/rview/app/src/main/java/com/ruesga/rview/fragments/PageableFragment.java|class:com.ruesga.rview.fragments.PageableFragment
LeakingInnerClass;aDoctor;/Users/rar9993/repos/research/fdroid_apps/native_apps/rview/NONE_TRANSFORMED_;/Users/rar9993/repos/research/fdroid_apps/native_apps/rview/app/src/main/java/com/ruesga/rview/fragments/EditAssigneeDialogFragment.java;file:/Users/rar9993/repos/research/fdroid_apps/native_apps/rview/app/src/main/java/com/ruesga/rview/fragments/EditAssigneeDialogFragment.java|class:com.ruesga.rview.fragments.EditAssigneeDialogFragment
MemberIgnoringMethod;aDoctor;/Users/rar9993/repos/research/fdroid_apps/native_apps/rview/NONE_TRANSFORMED_;/Users/rar9993/repos/research/fdroid_apps/native_apps/rview/app/src/main/java/com/ruesga/rview/fragments/EditAssigneeDialogFragment.java;file:/Users/rar9993/repos/research/fdroid_apps/native_apps/rview/app/src/main/java/com/ruesga/rview/fragments/EditAssigneeDialogFragment.java|class:com.ruesga.rview.fragments.EditAssigneeDialogFragment
MemberIgnoringMethod;aDoctor;/Users/rar9993/repos/research/fdroid_apps/native_apps/rview/NONE_TRANSFORMED_;/Users/rar9993/repos/research/fdroid_apps/native_apps/rview/app/src/main/java/com/ruesga/rview/fragments/AccountSettingsFragment.java;file:/Users/rar9993/repos/research/fdroid_apps/native_apps/rview/app/src/main/java/com/ruesga/rview/fragments/AccountSettingsFragment.java|class:com.ruesga.rview.fragments.AccountSettingsFragment
NoLowMemoryResolver;aDoctor;/Users/rar9993/repos/research/fdroid_apps/native_apps/rview/NONE_TRANSFORMED_;/Users/rar9993/repos/research/fdroid_apps/native_apps/rview/app/src/main/java/com/ruesga/rview/fragments/AccountSettingsFragment.java;file:/Users/rar9993/repos/research/fdroid_apps/native_apps/rview/app/src/main/java/com/ruesga/rview/fragments/AccountSettingsFragment.java|class:com.ruesga.rview.fragments.AccountSettingsFragment
SlowForLoop;aDoctor;/Users/rar9993/repos/research/fdroid_apps/native_apps/rview/NONE_TRANSFORMED_;/Users/rar9993/repos/research/fdroid_apps/native_apps/rview/app/src/main/java/com/ruesga/rview/fragments/AccountSettingsFragment.java;file:/Users/rar9993/repos/research/fdroid_apps/native_apps/rview/app/src/main/java/com/ruesga/rview/fragments/AccountSettingsFragment.java|class:com.ruesga.rview.fragments.AccountSettingsFragment
DataTransmissionWithoutCompression;aDoctor;/Users/rar9993/repos/research/fdroid_apps/native_apps/rview/NONE_TRANSFORMED_;/Users/rar9993/repos/research/fdroid_apps/native_apps/rview/app/src/main/java/com/ruesga/rview/fragments/FileDetailsDialogFragment.java;file:/Users/rar9993/repos/research/fdroid_apps/native_apps/rview/app/src/main/java/com/ruesga/rview/fragments/FileDetailsDialogFragment.java|class:com.ruesga.rview.fragments.FileDetailsDialogFragment
LeakingInnerClass;aDoctor;/Users/rar9993/repos/research/fdroid_apps/native_apps/rview/NONE_TRANSFORMED_;/Users/rar9993/repos/research/fdroid_apps/native_apps/rview/app/src/main/java/com/ruesga/rview/fragments/SnippetFragment.java;file:/Users/rar9993/repos/research/fdroid_apps/native_apps/rview/app/src/main/java/com/ruesga/rview/fragments/SnippetFragment.java|class:com.ruesga.rview.fragments.SnippetFragment
MemberIgnoringMethod;aDoctor;/Users/rar9993/repos/research/fdroid_apps/native_apps/rview/NONE_TRANSFORMED_;/Users/rar9993/repos/research/fdroid_apps/native_apps/rview/app/src/main/java/com/ruesga/rview/fragments/SnippetFragment.java;file:/Users/rar9993/repos/research/fdroid_apps/native_apps/rview/app/src/main/java/com/ruesga/rview/fragments/SnippetFragment.java|class:com.ruesga.rview.fragments.SnippetFragment
LeakingInnerClass;aDoctor;/Users/rar9993/repos/research/fdroid_apps/native_apps/rview/NONE_TRANSFORMED_;/Users/rar9993/repos/research/fdroid_apps/native_apps/rview/app/src/main/java/com/ruesga/rview/fragments/ConfirmDialogFragment.java;file:/Users/rar9993/repos/research/fdroid_apps/native_apps/rview/app/src/main/java/com/ruesga/rview/fragments/ConfirmDialogFragment.java|class:com.ruesga.rview.fragments.ConfirmDialogFragment
MemberIgnoringMethod;aDoctor;/Users/rar9993/repos/research/fdroid_apps/native_apps/rview/NONE_TRANSFORMED_;/Users/rar9993/repos/research/fdroid_apps/native_apps/rview/app/src/main/java/com/ruesga/rview/fragments/ConfirmDialogFragment.java;file:/Users/rar9993/repos/research/fdroid_apps/native_apps/rview/app/src/main/java/com/ruesga/rview/fragments/ConfirmDialogFragment.java|class:com.ruesga.rview.fragments.ConfirmDialogFragment
MemberIgnoringMethod;aDoctor;/Users/rar9993/repos/research/fdroid_apps/native_apps/rview/NONE_TRANSFORMED_;/Users/rar9993/repos/research/fdroid_apps/native_apps/rview/app/src/main/java/com/ruesga/rview/fragments/FollowingChooserDialogFragment.java;file:/Users/rar9993/repos/research/fdroid_apps/native_apps/rview/app/src/main/java/com/ruesga/rview/fragments/FollowingChooserDialogFragment.java|class:com.ruesga.rview.fragments.FollowingChooserDialogFragment
DataTransmissionWithoutCompression;aDoctor;/Users/rar9993/repos/research/fdroid_apps/native_apps/rview/NONE_TRANSFORMED_;/Users/rar9993/repos/research/fdroid_apps/native_apps/rview/app/src/main/java/com/ruesga/rview/fragments/ChangeDetailsFragment.java;file:/Users/rar9993/repos/research/fdroid_apps/native_apps/rview/app/src/main/java/com/ruesga/rview/fragments/ChangeDetailsFragment.java|class:com.ruesga.rview.fragments.ChangeDetailsFragment
LeakingInnerClass;aDoctor;/Users/rar9993/repos/research/fdroid_apps/native_apps/rview/NONE_TRANSFORMED_;/Users/rar9993/repos/research/fdroid_apps/native_apps/rview/app/src/main/java/com/ruesga/rview/fragments/ChangeDetailsFragment.java;file:/Users/rar9993/repos/research/fdroid_apps/native_apps/rview/app/src/main/java/com/ruesga/rview/fragments/ChangeDetailsFragment.java|class:com.ruesga.rview.fragments.ChangeDetailsFragment
MemberIgnoringMethod;aDoctor;/Users/rar9993/repos/research/fdroid_apps/native_apps/rview/NONE_TRANSFORMED_;/Users/rar9993/repos/research/fdroid_apps/native_apps/rview/app/src/main/java/com/ruesga/rview/fragments/ChangeDetailsFragment.java;file:/Users/rar9993/repos/research/fdroid_apps/native_apps/rview/app/src/main/java/com/ruesga/rview/fragments/ChangeDetailsFragment.java|class:com.ruesga.rview.fragments.ChangeDetailsFragment
NoLowMemoryResolver;aDoctor;/Users/rar9993/repos/research/fdroid_apps/native_apps/rview/NONE_TRANSFORMED_;/Users/rar9993/repos/research/fdroid_apps/native_apps/rview/app/src/main/java/com/ruesga/rview/fragments/ChangeDetailsFragment.java;file:/Users/rar9993/repos/research/fdroid_apps/native_apps/rview/app/src/main/java/com/ruesga/rview/fragments/ChangeDetailsFragment.java|class:com.ruesga.rview.fragments.ChangeDetailsFragment
SlowForLoop;aDoctor;/Users/rar9993/repos/research/fdroid_apps/native_apps/rview/NONE_TRANSFORMED_;/Users/rar9993/repos/research/fdroid_apps/native_apps/rview/app/src/main/java/com/ruesga/rview/fragments/ChangeDetailsFragment.java;file:/Users/rar9993/repos/research/fdroid_apps/native_apps/rview/app/src/main/java/com/ruesga/rview/fragments/ChangeDetailsFragment.java|class:com.ruesga.rview.fragments.ChangeDetailsFragment
UnclosedCloseable;aDoctor;/Users/rar9993/repos/research/fdroid_apps/native_apps/rview/NONE_TRANSFORMED_;/Users/rar9993/repos/research/fdroid_apps/native_apps/rview/app/src/main/java/com/ruesga/rview/fragments/ChangeDetailsFragment.java;file:/Users/rar9993/repos/research/fdroid_apps/native_apps/rview/app/src/main/java/com/ruesga/rview/fragments/ChangeDetailsFragment.java|class:com.ruesga.rview.fragments.ChangeDetailsFragment
LeakingInnerClass;aDoctor;/Users/rar9993/repos/research/fdroid_apps/native_apps/rview/NONE_TRANSFORMED_;/Users/rar9993/repos/research/fdroid_apps/native_apps/rview/app/src/main/java/com/ruesga/rview/fragments/GalleryChooserFragment.java;file:/Users/rar9993/repos/research/fdroid_apps/native_apps/rview/app/src/main/java/com/ruesga/rview/fragments/GalleryChooserFragment.java|class:com.ruesga.rview.fragments.GalleryChooserFragment
MemberIgnoringMethod;aDoctor;/Users/rar9993/repos/research/fdroid_apps/native_apps/rview/NONE_TRANSFORMED_;/Users/rar9993/repos/research/fdroid_apps/native_apps/rview/app/src/main/java/com/ruesga/rview/fragments/GalleryChooserFragment.java;file:/Users/rar9993/repos/research/fdroid_apps/native_apps/rview/app/src/main/java/com/ruesga/rview/fragments/GalleryChooserFragment.java|class:com.ruesga.rview.fragments.GalleryChooserFragment
SlowForLoop;aDoctor;/Users/rar9993/repos/research/fdroid_apps/native_apps/rview/NONE_TRANSFORMED_;/Users/rar9993/repos/research/fdroid_apps/native_apps/rview/app/src/main/java/com/ruesga/rview/fragments/GalleryChooserFragment.java;file:/Users/rar9993/repos/research/fdroid_apps/native_apps/rview/app/src/main/java/com/ruesga/rview/fragments/GalleryChooserFragment.java|class:com.ruesga.rview.fragments.GalleryChooserFragment
LeakingInnerClass;aDoctor;/Users/rar9993/repos/research/fdroid_apps/native_apps/rview/NONE_TRANSFORMED_;/Users/rar9993/repos/research/fdroid_apps/native_apps/rview/app/src/main/java/com/ruesga/rview/fragments/FilterableDialogFragment.java;file:/Users/rar9993/repos/research/fdroid_apps/native_apps/rview/app/src/main/java/com/ruesga/rview/fragments/FilterableDialogFragment.java|class:com.ruesga.rview.fragments.FilterableDialogFragment
MemberIgnoringMethod;aDoctor;/Users/rar9993/repos/research/fdroid_apps/native_apps/rview/NONE_TRANSFORMED_;/Users/rar9993/repos/research/fdroid_apps/native_apps/rview/app/src/main/java/com/ruesga/rview/fragments/FilterableDialogFragment.java;file:/Users/rar9993/repos/research/fdroid_apps/native_apps/rview/app/src/main/java/com/ruesga/rview/fragments/FilterableDialogFragment.java|class:com.ruesga.rview.fragments.FilterableDialogFragment
SlowForLoop;aDoctor;/Users/rar9993/repos/research/fdroid_apps/native_apps/rview/NONE_TRANSFORMED_;/Users/rar9993/repos/research/fdroid_apps/native_apps/rview/app/src/main/java/com/ruesga/rview/fragments/FilterableDialogFragment.java;file:/Users/rar9993/repos/research/fdroid_apps/native_apps/rview/app/src/main/java/com/ruesga/rview/fragments/FilterableDialogFragment.java|class:com.ruesga.rview.fragments.FilterableDialogFragment
LeakingInnerClass;aDoctor;/Users/rar9993/repos/research/fdroid_apps/native_apps/rview/NONE_TRANSFORMED_;/Users/rar9993/repos/research/fdroid_apps/native_apps/rview/app/src/main/java/com/ruesga/rview/fragments/TagEditDialogFragment.java;file:/Users/rar9993/repos/research/fdroid_apps/native_apps/rview/app/src/main/java/com/ruesga/rview/fragments/TagEditDialogFragment.java|class:com.ruesga.rview.fragments.TagEditDialogFragment
MemberIgnoringMethod;aDoctor;/Users/rar9993/repos/research/fdroid_apps/native_apps/rview/NONE_TRANSFORMED_;/Users/rar9993/repos/research/fdroid_apps/native_apps/rview/app/src/main/java/com/ruesga/rview/fragments/TagEditDialogFragment.java;file:/Users/rar9993/repos/research/fdroid_apps/native_apps/rview/app/src/main/java/com/ruesga/rview/fragments/TagEditDialogFragment.java|class:com.ruesga.rview.fragments.TagEditDialogFragment
SlowForLoop;aDoctor;/Users/rar9993/repos/research/fdroid_apps/native_apps/rview/NONE_TRANSFORMED_;/Users/rar9993/repos/research/fdroid_apps/native_apps/rview/app/src/main/java/com/ruesga/rview/fragments/TagEditDialogFragment.java;file:/Users/rar9993/repos/research/fdroid_apps/native_apps/rview/app/src/main/java/com/ruesga/rview/fragments/TagEditDialogFragment.java|class:com.ruesga.rview.fragments.TagEditDialogFragment
MemberIgnoringMethod;aDoctor;/Users/rar9993/repos/research/fdroid_apps/native_apps/rview/NONE_TRANSFORMED_;/Users/rar9993/repos/research/fdroid_apps/native_apps/rview/app/src/main/java/com/ruesga/rview/fragments/ProjectStatsPageFragment.java;file:/Users/rar9993/repos/research/fdroid_apps/native_apps/rview/app/src/main/java/com/ruesga/rview/fragments/ProjectStatsPageFragment.java|class:com.ruesga.rview.fragments.ProjectStatsPageFragment
MemberIgnoringMethod;aDoctor;/Users/rar9993/repos/research/fdroid_apps/native_apps/rview/NONE_TRANSFORMED_;/Users/rar9993/repos/research/fdroid_apps/native_apps/rview/app/src/main/java/com/ruesga/rview/fragments/ServerInfoDialogFragment.java;file:/Users/rar9993/repos/research/fdroid_apps/native_apps/rview/app/src/main/java/com/ruesga/rview/fragments/ServerInfoDialogFragment.java|class:com.ruesga.rview.fragments.ServerInfoDialogFragment
MemberIgnoringMethod;aDoctor;/Users/rar9993/repos/research/fdroid_apps/native_apps/rview/NONE_TRANSFORMED_;/Users/rar9993/repos/research/fdroid_apps/native_apps/rview/app/src/main/java/com/ruesga/rview/fragments/SubmittedTogetherFragment.java;file:/Users/rar9993/repos/research/fdroid_apps/native_apps/rview/app/src/main/java/com/ruesga/rview/fragments/SubmittedTogetherFragment.java|class:com.ruesga.rview.fragments.SubmittedTogetherFragment
LeakingInnerClass;aDoctor;/Users/rar9993/repos/research/fdroid_apps/native_apps/rview/NONE_TRANSFORMED_;/Users/rar9993/repos/research/fdroid_apps/native_apps/rview/app/src/main/java/com/ruesga/rview/fragments/EditDialogFragment.java;file:/Users/rar9993/repos/research/fdroid_apps/native_apps/rview/app/src/main/java/com/ruesga/rview/fragments/EditDialogFragment.java|class:com.ruesga.rview.fragments.EditDialogFragment
MemberIgnoringMethod;aDoctor;/Users/rar9993/repos/research/fdroid_apps/native_apps/rview/NONE_TRANSFORMED_;/Users/rar9993/repos/research/fdroid_apps/native_apps/rview/app/src/main/java/com/ruesga/rview/fragments/EditDialogFragment.java;file:/Users/rar9993/repos/research/fdroid_apps/native_apps/rview/app/src/main/java/com/ruesga/rview/fragments/EditDialogFragment.java|class:com.ruesga.rview.fragments.EditDialogFragment
NoLowMemoryResolver;aDoctor;/Users/rar9993/repos/research/fdroid_apps/native_apps/rview/NONE_TRANSFORMED_;/Users/rar9993/repos/research/fdroid_apps/native_apps/rview/app/src/main/java/com/ruesga/rview/fragments/EmptySelectionDetailsFragment.java;file:/Users/rar9993/repos/research/fdroid_apps/native_apps/rview/app/src/main/java/com/ruesga/rview/fragments/EmptySelectionDetailsFragment.java|class:com.ruesga.rview.fragments.EmptySelectionDetailsFragment
MemberIgnoringMethod;aDoctor;/Users/rar9993/repos/research/fdroid_apps/native_apps/rview/NONE_TRANSFORMED_;/Users/rar9993/repos/research/fdroid_apps/native_apps/rview/app/src/main/java/com/ruesga/rview/fragments/BottomSheetBaseFragment.java;file:/Users/rar9993/repos/research/fdroid_apps/native_apps/rview/app/src/main/java/com/ruesga/rview/fragments/BottomSheetBaseFragment.java|class:com.ruesga.rview.fragments.BottomSheetBaseFragment
LeakingInnerClass;aDoctor;/Users/rar9993/repos/research/fdroid_apps/native_apps/rview/NONE_TRANSFORMED_;/Users/rar9993/repos/research/fdroid_apps/native_apps/rview/app/src/main/java/com/ruesga/rview/fragments/FilesDialogFragment.java;file:/Users/rar9993/repos/research/fdroid_apps/native_apps/rview/app/src/main/java/com/ruesga/rview/fragments/FilesDialogFragment.java|class:com.ruesga.rview.fragments.FilesDialogFragment
MemberIgnoringMethod;aDoctor;/Users/rar9993/repos/research/fdroid_apps/native_apps/rview/NONE_TRANSFORMED_;/Users/rar9993/repos/research/fdroid_apps/native_apps/rview/app/src/main/java/com/ruesga/rview/fragments/FilesDialogFragment.java;file:/Users/rar9993/repos/research/fdroid_apps/native_apps/rview/app/src/main/java/com/ruesga/rview/fragments/FilesDialogFragment.java|class:com.ruesga.rview.fragments.FilesDialogFragment
MemberIgnoringMethod;aDoctor;/Users/rar9993/repos/research/fdroid_apps/native_apps/rview/NONE_TRANSFORMED_;/Users/rar9993/repos/research/fdroid_apps/native_apps/rview/app/src/main/java/com/ruesga/rview/fragments/ChangeListFragment.java;file:/Users/rar9993/repos/research/fdroid_apps/native_apps/rview/app/src/main/java/com/ruesga/rview/fragments/ChangeListFragment.java|class:com.ruesga.rview.fragments.ChangeListFragment
NoLowMemoryResolver;aDoctor;/Users/rar9993/repos/research/fdroid_apps/native_apps/rview/NONE_TRANSFORMED_;/Users/rar9993/repos/research/fdroid_apps/native_apps/rview/app/src/main/java/com/ruesga/rview/fragments/ChangeListFragment.java;file:/Users/rar9993/repos/research/fdroid_apps/native_apps/rview/app/src/main/java/com/ruesga/rview/fragments/ChangeListFragment.java|class:com.ruesga.rview.fragments.ChangeListFragment
MemberIgnoringMethod;aDoctor;/Users/rar9993/repos/research/fdroid_apps/native_apps/rview/NONE_TRANSFORMED_;/Users/rar9993/repos/research/fdroid_apps/native_apps/rview/app/src/main/java/com/ruesga/rview/fragments/FollowingChangeListFragment.java;file:/Users/rar9993/repos/research/fdroid_apps/native_apps/rview/app/src/main/java/com/ruesga/rview/fragments/FollowingChangeListFragment.java|class:com.ruesga.rview.fragments.FollowingChangeListFragment
UnclosedCloseable;aDoctor;/Users/rar9993/repos/research/fdroid_apps/native_apps/rview/NONE_TRANSFORMED_;/Users/rar9993/repos/research/fdroid_apps/native_apps/rview/app/src/main/java/com/ruesga/rview/fragments/FollowingChangeListFragment.java;file:/Users/rar9993/repos/research/fdroid_apps/native_apps/rview/app/src/main/java/com/ruesga/rview/fragments/FollowingChangeListFragment.java|class:com.ruesga.rview.fragments.FollowingChangeListFragment
DataTransmissionWithoutCompression;aDoctor;/Users/rar9993/repos/research/fdroid_apps/native_apps/rview/NONE_TRANSFORMED_;/Users/rar9993/repos/research/fdroid_apps/native_apps/rview/app/src/main/java/com/ruesga/rview/fragments/EditorFragment.java;file:/Users/rar9993/repos/research/fdroid_apps/native_apps/rview/app/src/main/java/com/ruesga/rview/fragments/EditorFragment.java|class:com.ruesga.rview.fragments.EditorFragment
LeakingInnerClass;aDoctor;/Users/rar9993/repos/research/fdroid_apps/native_apps/rview/NONE_TRANSFORMED_;/Users/rar9993/repos/research/fdroid_apps/native_apps/rview/app/src/main/java/com/ruesga/rview/fragments/EditorFragment.java;file:/Users/rar9993/repos/research/fdroid_apps/native_apps/rview/app/src/main/java/com/ruesga/rview/fragments/EditorFragment.java|class:com.ruesga.rview.fragments.EditorFragment
MemberIgnoringMethod;aDoctor;/Users/rar9993/repos/research/fdroid_apps/native_apps/rview/NONE_TRANSFORMED_;/Users/rar9993/repos/research/fdroid_apps/native_apps/rview/app/src/main/java/com/ruesga/rview/fragments/EditorFragment.java;file:/Users/rar9993/repos/research/fdroid_apps/native_apps/rview/app/src/main/java/com/ruesga/rview/fragments/EditorFragment.java|class:com.ruesga.rview.fragments.EditorFragment
NoLowMemoryResolver;aDoctor;/Users/rar9993/repos/research/fdroid_apps/native_apps/rview/NONE_TRANSFORMED_;/Users/rar9993/repos/research/fdroid_apps/native_apps/rview/app/src/main/java/com/ruesga/rview/fragments/EditorFragment.java;file:/Users/rar9993/repos/research/fdroid_apps/native_apps/rview/app/src/main/java/com/ruesga/rview/fragments/EditorFragment.java|class:com.ruesga.rview.fragments.EditorFragment
SlowForLoop;aDoctor;/Users/rar9993/repos/research/fdroid_apps/native_apps/rview/NONE_TRANSFORMED_;/Users/rar9993/repos/research/fdroid_apps/native_apps/rview/app/src/main/java/com/ruesga/rview/fragments/EditorFragment.java;file:/Users/rar9993/repos/research/fdroid_apps/native_apps/rview/app/src/main/java/com/ruesga/rview/fragments/EditorFragment.java|class:com.ruesga.rview.fragments.EditorFragment
MemberIgnoringMethod;aDoctor;/Users/rar9993/repos/research/fdroid_apps/native_apps/rview/NONE_TRANSFORMED_;/Users/rar9993/repos/research/fdroid_apps/native_apps/rview/app/src/main/java/com/ruesga/rview/fragments/DashboardFragment.java;file:/Users/rar9993/repos/research/fdroid_apps/native_apps/rview/app/src/main/java/com/ruesga/rview/fragments/DashboardFragment.java|class:com.ruesga.rview.fragments.DashboardFragment
SlowForLoop;aDoctor;/Users/rar9993/repos/research/fdroid_apps/native_apps/rview/NONE_TRANSFORMED_;/Users/rar9993/repos/research/fdroid_apps/native_apps/rview/app/src/main/java/com/ruesga/rview/fragments/DashboardFragment.java;file:/Users/rar9993/repos/research/fdroid_apps/native_apps/rview/app/src/main/java/com/ruesga/rview/fragments/DashboardFragment.java|class:com.ruesga.rview.fragments.DashboardFragment
UnclosedCloseable;aDoctor;/Users/rar9993/repos/research/fdroid_apps/native_apps/rview/NONE_TRANSFORMED_;/Users/rar9993/repos/research/fdroid_apps/native_apps/rview/app/src/main/java/com/ruesga/rview/fragments/DashboardFragment.java;file:/Users/rar9993/repos/research/fdroid_apps/native_apps/rview/app/src/main/java/com/ruesga/rview/fragments/DashboardFragment.java|class:com.ruesga.rview.fragments.DashboardFragment
LeakingInnerClass;aDoctor;/Users/rar9993/repos/research/fdroid_apps/native_apps/rview/NONE_TRANSFORMED_;/Users/rar9993/repos/research/fdroid_apps/native_apps/rview/app/src/main/java/com/ruesga/rview/fragments/NewChangeDialogFragment.java;file:/Users/rar9993/repos/research/fdroid_apps/native_apps/rview/app/src/main/java/com/ruesga/rview/fragments/NewChangeDialogFragment.java|class:com.ruesga.rview.fragments.NewChangeDialogFragment
MemberIgnoringMethod;aDoctor;/Users/rar9993/repos/research/fdroid_apps/native_apps/rview/NONE_TRANSFORMED_;/Users/rar9993/repos/research/fdroid_apps/native_apps/rview/app/src/main/java/com/ruesga/rview/fragments/NewChangeDialogFragment.java;file:/Users/rar9993/repos/research/fdroid_apps/native_apps/rview/app/src/main/java/com/ruesga/rview/fragments/NewChangeDialogFragment.java|class:com.ruesga.rview.fragments.NewChangeDialogFragment
MemberIgnoringMethod;aDoctor;/Users/rar9993/repos/research/fdroid_apps/native_apps/rview/NONE_TRANSFORMED_;/Users/rar9993/repos/research/fdroid_apps/native_apps/rview/app/src/main/java/com/ruesga/rview/fragments/DashboardChooserDialogFragment.java;file:/Users/rar9993/repos/research/fdroid_apps/native_apps/rview/app/src/main/java/com/ruesga/rview/fragments/DashboardChooserDialogFragment.java|class:com.ruesga.rview.fragments.DashboardChooserDialogFragment
MemberIgnoringMethod;aDoctor;/Users/rar9993/repos/research/fdroid_apps/native_apps/rview/NONE_TRANSFORMED_;/Users/rar9993/repos/research/fdroid_apps/native_apps/rview/app/src/main/java/com/ruesga/rview/fragments/BaseChooserDialogFragment.java;file:/Users/rar9993/repos/research/fdroid_apps/native_apps/rview/app/src/main/java/com/ruesga/rview/fragments/BaseChooserDialogFragment.java|class:com.ruesga.rview.fragments.BaseChooserDialogFragment
MemberIgnoringMethod;aDoctor;/Users/rar9993/repos/research/fdroid_apps/native_apps/rview/NONE_TRANSFORMED_;/Users/rar9993/repos/research/fdroid_apps/native_apps/rview/app/src/main/java/com/ruesga/rview/fragments/RevisionRelatedChangesFragment.java;file:/Users/rar9993/repos/research/fdroid_apps/native_apps/rview/app/src/main/java/com/ruesga/rview/fragments/RevisionRelatedChangesFragment.java|class:com.ruesga.rview.fragments.RevisionRelatedChangesFragment
MemberIgnoringMethod;aDoctor;/Users/rar9993/repos/research/fdroid_apps/native_apps/rview/NONE_TRANSFORMED_;/Users/rar9993/repos/research/fdroid_apps/native_apps/rview/app/src/main/java/com/ruesga/rview/fragments/AccountStatsPageFragment.java;file:/Users/rar9993/repos/research/fdroid_apps/native_apps/rview/app/src/main/java/com/ruesga/rview/fragments/AccountStatsPageFragment.java|class:com.ruesga.rview.fragments.AccountStatsPageFragment
MemberIgnoringMethod;aDoctor;/Users/rar9993/repos/research/fdroid_apps/native_apps/rview/NONE_TRANSFORMED_;/Users/rar9993/repos/research/fdroid_apps/native_apps/rview/app/src/main/java/com/ruesga/rview/fragments/TrendingChangeListFragment.java;file:/Users/rar9993/repos/research/fdroid_apps/native_apps/rview/app/src/main/java/com/ruesga/rview/fragments/TrendingChangeListFragment.java|class:com.ruesga.rview.fragments.TrendingChangeListFragment
LeakingInnerClass;aDoctor;/Users/rar9993/repos/research/fdroid_apps/native_apps/rview/NONE_TRANSFORMED_;/Users/rar9993/repos/research/fdroid_apps/native_apps/rview/app/src/main/java/com/ruesga/rview/fragments/AddReviewerDialogFragment.java;file:/Users/rar9993/repos/research/fdroid_apps/native_apps/rview/app/src/main/java/com/ruesga/rview/fragments/AddReviewerDialogFragment.java|class:com.ruesga.rview.fragments.AddReviewerDialogFragment
MemberIgnoringMethod;aDoctor;/Users/rar9993/repos/research/fdroid_apps/native_apps/rview/NONE_TRANSFORMED_;/Users/rar9993/repos/research/fdroid_apps/native_apps/rview/app/src/main/java/com/ruesga/rview/fragments/AddReviewerDialogFragment.java;file:/Users/rar9993/repos/research/fdroid_apps/native_apps/rview/app/src/main/java/com/ruesga/rview/fragments/AddReviewerDialogFragment.java|class:com.ruesga.rview.fragments.AddReviewerDialogFragment
MemberIgnoringMethod;aDoctor;/Users/rar9993/repos/research/fdroid_apps/native_apps/rview/NONE_TRANSFORMED_;/Users/rar9993/repos/research/fdroid_apps/native_apps/rview/app/src/main/java/com/ruesga/rview/fragments/IncludedInDialogFragment.java;file:/Users/rar9993/repos/research/fdroid_apps/native_apps/rview/app/src/main/java/com/ruesga/rview/fragments/IncludedInDialogFragment.java|class:com.ruesga.rview.fragments.IncludedInDialogFragment
MemberIgnoringMethod;aDoctor;/Users/rar9993/repos/research/fdroid_apps/native_apps/rview/NONE_TRANSFORMED_;/Users/rar9993/repos/research/fdroid_apps/native_apps/rview/app/src/main/java/com/ruesga/rview/fragments/RevealDialogFragment.java;file:/Users/rar9993/repos/research/fdroid_apps/native_apps/rview/app/src/main/java/com/ruesga/rview/fragments/RevealDialogFragment.java|class:com.ruesga.rview.fragments.RevealDialogFragment
NoLowMemoryResolver;aDoctor;/Users/rar9993/repos/research/fdroid_apps/native_apps/rview/NONE_TRANSFORMED_;/Users/rar9993/repos/research/fdroid_apps/native_apps/rview/app/src/main/java/com/ruesga/rview/fragments/RevealDialogFragment.java;file:/Users/rar9993/repos/research/fdroid_apps/native_apps/rview/app/src/main/java/com/ruesga/rview/fragments/RevealDialogFragment.java|class:com.ruesga.rview.fragments.RevealDialogFragment
DataTransmissionWithoutCompression;aDoctor;/Users/rar9993/repos/research/fdroid_apps/native_apps/rview/NONE_TRANSFORMED_;/Users/rar9993/repos/research/fdroid_apps/native_apps/rview/app/src/main/java/com/ruesga/rview/fragments/DiffViewerFragment.java;file:/Users/rar9993/repos/research/fdroid_apps/native_apps/rview/app/src/main/java/com/ruesga/rview/fragments/DiffViewerFragment.java|class:com.ruesga.rview.fragments.DiffViewerFragment
MemberIgnoringMethod;aDoctor;/Users/rar9993/repos/research/fdroid_apps/native_apps/rview/NONE_TRANSFORMED_;/Users/rar9993/repos/research/fdroid_apps/native_apps/rview/app/src/main/java/com/ruesga/rview/fragments/DiffViewerFragment.java;file:/Users/rar9993/repos/research/fdroid_apps/native_apps/rview/app/src/main/java/com/ruesga/rview/fragments/DiffViewerFragment.java|class:com.ruesga.rview.fragments.DiffViewerFragment
NoLowMemoryResolver;aDoctor;/Users/rar9993/repos/research/fdroid_apps/native_apps/rview/NONE_TRANSFORMED_;/Users/rar9993/repos/research/fdroid_apps/native_apps/rview/app/src/main/java/com/ruesga/rview/fragments/DiffViewerFragment.java;file:/Users/rar9993/repos/research/fdroid_apps/native_apps/rview/app/src/main/java/com/ruesga/rview/fragments/DiffViewerFragment.java|class:com.ruesga.rview.fragments.DiffViewerFragment
SlowForLoop;aDoctor;/Users/rar9993/repos/research/fdroid_apps/native_apps/rview/NONE_TRANSFORMED_;/Users/rar9993/repos/research/fdroid_apps/native_apps/rview/app/src/main/java/com/ruesga/rview/fragments/DiffViewerFragment.java;file:/Users/rar9993/repos/research/fdroid_apps/native_apps/rview/app/src/main/java/com/ruesga/rview/fragments/DiffViewerFragment.java|class:com.ruesga.rview.fragments.DiffViewerFragment
MemberIgnoringMethod;aDoctor;/Users/rar9993/repos/research/fdroid_apps/native_apps/rview/NONE_TRANSFORMED_;/Users/rar9993/repos/research/fdroid_apps/native_apps/rview/app/src/main/java/com/ruesga/rview/fragments/DownloadDialogFragment.java;file:/Users/rar9993/repos/research/fdroid_apps/native_apps/rview/app/src/main/java/com/ruesga/rview/fragments/DownloadDialogFragment.java|class:com.ruesga.rview.fragments.DownloadDialogFragment
MemberIgnoringMethod;aDoctor;/Users/rar9993/repos/research/fdroid_apps/native_apps/rview/NONE_TRANSFORMED_;/Users/rar9993/repos/research/fdroid_apps/native_apps/rview/app/src/main/java/com/ruesga/rview/fragments/StatsPageFragment.java;file:/Users/rar9993/repos/research/fdroid_apps/native_apps/rview/app/src/main/java/com/ruesga/rview/fragments/StatsPageFragment.java|class:com.ruesga.rview.fragments.StatsPageFragment
NoLowMemoryResolver;aDoctor;/Users/rar9993/repos/research/fdroid_apps/native_apps/rview/NONE_TRANSFORMED_;/Users/rar9993/repos/research/fdroid_apps/native_apps/rview/app/src/main/java/com/ruesga/rview/fragments/StatsPageFragment.java;file:/Users/rar9993/repos/research/fdroid_apps/native_apps/rview/app/src/main/java/com/ruesga/rview/fragments/StatsPageFragment.java|class:com.ruesga.rview.fragments.StatsPageFragment
MemberIgnoringMethod;aDoctor;/Users/rar9993/repos/research/fdroid_apps/native_apps/rview/NONE_TRANSFORMED_;/Users/rar9993/repos/research/fdroid_apps/native_apps/rview/app/src/main/java/com/ruesga/rview/fragments/RelatedChangesFragment.java;file:/Users/rar9993/repos/research/fdroid_apps/native_apps/rview/app/src/main/java/com/ruesga/rview/fragments/RelatedChangesFragment.java|class:com.ruesga.rview.fragments.RelatedChangesFragment
MemberIgnoringMethod;aDoctor;/Users/rar9993/repos/research/fdroid_apps/native_apps/rview/NONE_TRANSFORMED_;/Users/rar9993/repos/research/fdroid_apps/native_apps/rview/app/src/main/java/com/ruesga/rview/providers/DatabaseHelper.java;file:/Users/rar9993/repos/research/fdroid_apps/native_apps/rview/app/src/main/java/com/ruesga/rview/providers/DatabaseHelper.java|class:com.ruesga.rview.providers.DatabaseHelper
MemberIgnoringMethod;aDoctor;/Users/rar9993/repos/research/fdroid_apps/native_apps/rview/NONE_TRANSFORMED_;/Users/rar9993/repos/research/fdroid_apps/native_apps/rview/app/src/main/java/com/ruesga/rview/providers/NotificationEntity.java;file:/Users/rar9993/repos/research/fdroid_apps/native_apps/rview/app/src/main/java/com/ruesga/rview/providers/NotificationEntity.java|class:com.ruesga.rview.providers.NotificationEntity
MemberIgnoringMethod;aDoctor;/Users/rar9993/repos/research/fdroid_apps/native_apps/rview/NONE_TRANSFORMED_;/Users/rar9993/repos/research/fdroid_apps/native_apps/rview/app/src/main/java/com/ruesga/rview/providers/RviewProvider.java;file:/Users/rar9993/repos/research/fdroid_apps/native_apps/rview/app/src/main/java/com/ruesga/rview/providers/RviewProvider.java|class:com.ruesga.rview.providers.RviewProvider
NoLowMemoryResolver;aDoctor;/Users/rar9993/repos/research/fdroid_apps/native_apps/rview/NONE_TRANSFORMED_;/Users/rar9993/repos/research/fdroid_apps/native_apps/rview/app/src/main/java/com/ruesga/rview/providers/RviewProvider.java;file:/Users/rar9993/repos/research/fdroid_apps/native_apps/rview/app/src/main/java/com/ruesga/rview/providers/RviewProvider.java|class:com.ruesga.rview.providers.RviewProvider
UnclosedCloseable;aDoctor;/Users/rar9993/repos/research/fdroid_apps/native_apps/rview/NONE_TRANSFORMED_;/Users/rar9993/repos/research/fdroid_apps/native_apps/rview/app/src/main/java/com/ruesga/rview/providers/RviewProvider.java;file:/Users/rar9993/repos/research/fdroid_apps/native_apps/rview/app/src/main/java/com/ruesga/rview/providers/RviewProvider.java|class:com.ruesga.rview.providers.RviewProvider
DataTransmissionWithoutCompression;aDoctor;/Users/rar9993/repos/research/fdroid_apps/native_apps/rview/NONE_TRANSFORMED_;/Users/rar9993/repos/research/fdroid_apps/native_apps/rview/app/src/main/java/com/ruesga/rview/receivers/CacheCleanerReceiver.java;file:/Users/rar9993/repos/research/fdroid_apps/native_apps/rview/app/src/main/java/com/ruesga/rview/receivers/CacheCleanerReceiver.java|class:com.ruesga.rview.receivers.CacheCleanerReceiver
MemberIgnoringMethod;aDoctor;/Users/rar9993/repos/research/fdroid_apps/native_apps/rview/NONE_TRANSFORMED_;/Users/rar9993/repos/research/fdroid_apps/native_apps/rview/app/src/main/java/com/ruesga/rview/receivers/NotificationReceiver.java;file:/Users/rar9993/repos/research/fdroid_apps/native_apps/rview/app/src/main/java/com/ruesga/rview/receivers/NotificationReceiver.java|class:com.ruesga.rview.receivers.NotificationReceiver
MemberIgnoringMethod;aDoctor;/Users/rar9993/repos/research/fdroid_apps/native_apps/rview/NONE_TRANSFORMED_;/Users/rar9993/repos/research/fdroid_apps/native_apps/rview/app/src/main/java/com/ruesga/rview/adapters/AccountsAdapter.java;file:/Users/rar9993/repos/research/fdroid_apps/native_apps/rview/app/src/main/java/com/ruesga/rview/adapters/AccountsAdapter.java|class:com.ruesga.rview.adapters.AccountsAdapter
MemberIgnoringMethod;aDoctor;/Users/rar9993/repos/research/fdroid_apps/native_apps/rview/NONE_TRANSFORMED_;/Users/rar9993/repos/research/fdroid_apps/native_apps/rview/app/src/main/java/com/ruesga/rview/adapters/FilterableAdapter.java;file:/Users/rar9993/repos/research/fdroid_apps/native_apps/rview/app/src/main/java/com/ruesga/rview/adapters/FilterableAdapter.java|class:com.ruesga.rview.adapters.FilterableAdapter
MemberIgnoringMethod;aDoctor;/Users/rar9993/repos/research/fdroid_apps/native_apps/rview/NONE_TRANSFORMED_;/Users/rar9993/repos/research/fdroid_apps/native_apps/rview/app/src/main/java/com/ruesga/rview/adapters/BranchAdapter.java;file:/Users/rar9993/repos/research/fdroid_apps/native_apps/rview/app/src/main/java/com/ruesga/rview/adapters/BranchAdapter.java|class:com.ruesga.rview.adapters.BranchAdapter
MemberIgnoringMethod;aDoctor;/Users/rar9993/repos/research/fdroid_apps/native_apps/rview/NONE_TRANSFORMED_;/Users/rar9993/repos/research/fdroid_apps/native_apps/rview/app/src/main/java/com/ruesga/rview/adapters/ProjectAdapter.java;file:/Users/rar9993/repos/research/fdroid_apps/native_apps/rview/app/src/main/java/com/ruesga/rview/adapters/ProjectAdapter.java|class:com.ruesga.rview.adapters.ProjectAdapter
MemberIgnoringMethod;aDoctor;/Users/rar9993/repos/research/fdroid_apps/native_apps/rview/NONE_TRANSFORMED_;/Users/rar9993/repos/research/fdroid_apps/native_apps/rview/app/src/main/java/com/ruesga/rview/adapters/PatchSetsAdapter.java;file:/Users/rar9993/repos/research/fdroid_apps/native_apps/rview/app/src/main/java/com/ruesga/rview/adapters/PatchSetsAdapter.java|class:com.ruesga.rview.adapters.PatchSetsAdapter
SlowForLoop;aDoctor;/Users/rar9993/repos/research/fdroid_apps/native_apps/rview/NONE_TRANSFORMED_;/Users/rar9993/repos/research/fdroid_apps/native_apps/rview/app/src/main/java/com/ruesga/rview/adapters/PatchSetsAdapter.java;file:/Users/rar9993/repos/research/fdroid_apps/native_apps/rview/app/src/main/java/com/ruesga/rview/adapters/PatchSetsAdapter.java|class:com.ruesga.rview.adapters.PatchSetsAdapter
MemberIgnoringMethod;aDoctor;/Users/rar9993/repos/research/fdroid_apps/native_apps/rview/NONE_TRANSFORMED_;/Users/rar9993/repos/research/fdroid_apps/native_apps/rview/app/src/main/java/com/ruesga/rview/adapters/SuggestedReviewersAdapter.java;file:/Users/rar9993/repos/research/fdroid_apps/native_apps/rview/app/src/main/java/com/ruesga/rview/adapters/SuggestedReviewersAdapter.java|class:com.ruesga.rview.adapters.SuggestedReviewersAdapter
MemberIgnoringMethod;aDoctor;/Users/rar9993/repos/research/fdroid_apps/native_apps/rview/NONE_TRANSFORMED_;/Users/rar9993/repos/research/fdroid_apps/native_apps/rview/app/src/main/java/com/ruesga/rview/adapters/FileChooserAdapter.java;file:/Users/rar9993/repos/research/fdroid_apps/native_apps/rview/app/src/main/java/com/ruesga/rview/adapters/FileChooserAdapter.java|class:com.ruesga.rview.adapters.FileChooserAdapter
MemberIgnoringMethod;aDoctor;/Users/rar9993/repos/research/fdroid_apps/native_apps/rview/NONE_TRANSFORMED_;/Users/rar9993/repos/research/fdroid_apps/native_apps/rview/app/src/main/java/com/ruesga/rview/adapters/SimpleDropDownAdapter.java;file:/Users/rar9993/repos/research/fdroid_apps/native_apps/rview/app/src/main/java/com/ruesga/rview/adapters/SimpleDropDownAdapter.java|class:com.ruesga.rview.adapters.SimpleDropDownAdapter
SlowForLoop;aDoctor;/Users/rar9993/repos/research/fdroid_apps/native_apps/rview/NONE_TRANSFORMED_;/Users/rar9993/repos/research/fdroid_apps/native_apps/rview/app/src/main/java/com/ruesga/rview/adapters/SimpleDropDownAdapter.java;file:/Users/rar9993/repos/research/fdroid_apps/native_apps/rview/app/src/main/java/com/ruesga/rview/adapters/SimpleDropDownAdapter.java|class:com.ruesga.rview.adapters.SimpleDropDownAdapter
MemberIgnoringMethod;aDoctor;/Users/rar9993/repos/research/fdroid_apps/native_apps/rview/NONE_TRANSFORMED_;/Users/rar9993/repos/research/fdroid_apps/native_apps/rview/app/src/main/java/com/ruesga/rview/model/CustomFilter.java;file:/Users/rar9993/repos/research/fdroid_apps/native_apps/rview/app/src/main/java/com/ruesga/rview/model/CustomFilter.java|class:com.ruesga.rview.model.CustomFilter
MemberIgnoringMethod;aDoctor;/Users/rar9993/repos/research/fdroid_apps/native_apps/rview/NONE_TRANSFORMED_;/Users/rar9993/repos/research/fdroid_apps/native_apps/rview/app/src/main/java/com/ruesga/rview/model/ContinuousIntegrationInfo.java;file:/Users/rar9993/repos/research/fdroid_apps/native_apps/rview/app/src/main/java/com/ruesga/rview/model/ContinuousIntegrationInfo.java|class:com.ruesga.rview.model.ContinuousIntegrationInfo
MemberIgnoringMethod;aDoctor;/Users/rar9993/repos/research/fdroid_apps/native_apps/rview/NONE_TRANSFORMED_;/Users/rar9993/repos/research/fdroid_apps/native_apps/rview/app/src/main/java/com/ruesga/rview/model/Account.java;file:/Users/rar9993/repos/research/fdroid_apps/native_apps/rview/app/src/main/java/com/ruesga/rview/model/Account.java|class:com.ruesga.rview.model.Account
MemberIgnoringMethod;aDoctor;/Users/rar9993/repos/research/fdroid_apps/native_apps/rview/NONE_TRANSFORMED_;/Users/rar9993/repos/research/fdroid_apps/native_apps/rview/app/src/main/java/com/ruesga/rview/model/Repository.java;file:/Users/rar9993/repos/research/fdroid_apps/native_apps/rview/app/src/main/java/com/ruesga/rview/model/Repository.java|class:com.ruesga.rview.model.Repository
MemberIgnoringMethod;aDoctor;/Users/rar9993/repos/research/fdroid_apps/native_apps/rview/NONE_TRANSFORMED_;/Users/rar9993/repos/research/fdroid_apps/native_apps/rview/app/src/main/java/com/ruesga/rview/wizards/ConfirmationPageFragment.java;file:/Users/rar9993/repos/research/fdroid_apps/native_apps/rview/app/src/main/java/com/ruesga/rview/wizards/ConfirmationPageFragment.java|class:com.ruesga.rview.wizards.ConfirmationPageFragment
MemberIgnoringMethod;aDoctor;/Users/rar9993/repos/research/fdroid_apps/native_apps/rview/NONE_TRANSFORMED_;/Users/rar9993/repos/research/fdroid_apps/native_apps/rview/app/src/main/java/com/ruesga/rview/wizards/AccountPageFragment.java;file:/Users/rar9993/repos/research/fdroid_apps/native_apps/rview/app/src/main/java/com/ruesga/rview/wizards/AccountPageFragment.java|class:com.ruesga.rview.wizards.AccountPageFragment
MemberIgnoringMethod;aDoctor;/Users/rar9993/repos/research/fdroid_apps/native_apps/rview/NONE_TRANSFORMED_;/Users/rar9993/repos/research/fdroid_apps/native_apps/rview/app/src/main/java/com/ruesga/rview/wizards/PredefinedRepositoriesChooserFragment.java;file:/Users/rar9993/repos/research/fdroid_apps/native_apps/rview/app/src/main/java/com/ruesga/rview/wizards/PredefinedRepositoriesChooserFragment.java|class:com.ruesga.rview.wizards.PredefinedRepositoriesChooserFragment
MemberIgnoringMethod;aDoctor;/Users/rar9993/repos/research/fdroid_apps/native_apps/rview/NONE_TRANSFORMED_;/Users/rar9993/repos/research/fdroid_apps/native_apps/rview/app/src/main/java/com/ruesga/rview/wizards/SetupAccountActivity.java;file:/Users/rar9993/repos/research/fdroid_apps/native_apps/rview/app/src/main/java/com/ruesga/rview/wizards/SetupAccountActivity.java|class:com.ruesga.rview.wizards.SetupAccountActivity
LeakingInnerClass;aDoctor;/Users/rar9993/repos/research/fdroid_apps/native_apps/rview/NONE_TRANSFORMED_;/Users/rar9993/repos/research/fdroid_apps/native_apps/rview/app/src/main/java/com/ruesga/rview/wizards/RepositoryPageFragment.java;file:/Users/rar9993/repos/research/fdroid_apps/native_apps/rview/app/src/main/java/com/ruesga/rview/wizards/RepositoryPageFragment.java|class:com.ruesga.rview.wizards.RepositoryPageFragment
MemberIgnoringMethod;aDoctor;/Users/rar9993/repos/research/fdroid_apps/native_apps/rview/NONE_TRANSFORMED_;/Users/rar9993/repos/research/fdroid_apps/native_apps/rview/app/src/main/java/com/ruesga/rview/wizards/RepositoryPageFragment.java;file:/Users/rar9993/repos/research/fdroid_apps/native_apps/rview/app/src/main/java/com/ruesga/rview/wizards/RepositoryPageFragment.java|class:com.ruesga.rview.wizards.RepositoryPageFragment
MemberIgnoringMethod;aDoctor;/Users/rar9993/repos/research/fdroid_apps/native_apps/rview/NONE_TRANSFORMED_;/Users/rar9993/repos/research/fdroid_apps/native_apps/rview/wizard/src/main/java/com/ruesga/rview/wizard/WizardChooserFragment.java;file:/Users/rar9993/repos/research/fdroid_apps/native_apps/rview/wizard/src/main/java/com/ruesga/rview/wizard/WizardChooserFragment.java|class:com.ruesga.rview.wizard.WizardChooserFragment
NoLowMemoryResolver;aDoctor;/Users/rar9993/repos/research/fdroid_apps/native_apps/rview/NONE_TRANSFORMED_;/Users/rar9993/repos/research/fdroid_apps/native_apps/rview/wizard/src/main/java/com/ruesga/rview/wizard/WizardChooserFragment.java;file:/Users/rar9993/repos/research/fdroid_apps/native_apps/rview/wizard/src/main/java/com/ruesga/rview/wizard/WizardChooserFragment.java|class:com.ruesga.rview.wizard.WizardChooserFragment
MemberIgnoringMethod;aDoctor;/Users/rar9993/repos/research/fdroid_apps/native_apps/rview/NONE_TRANSFORMED_;/Users/rar9993/repos/research/fdroid_apps/native_apps/rview/wizard/src/main/java/com/ruesga/rview/wizard/WizardPageFragment.java;file:/Users/rar9993/repos/research/fdroid_apps/native_apps/rview/wizard/src/main/java/com/ruesga/rview/wizard/WizardPageFragment.java|class:com.ruesga.rview.wizard.WizardPageFragment
NoLowMemoryResolver;aDoctor;/Users/rar9993/repos/research/fdroid_apps/native_apps/rview/NONE_TRANSFORMED_;/Users/rar9993/repos/research/fdroid_apps/native_apps/rview/wizard/src/main/java/com/ruesga/rview/wizard/WizardPageFragment.java;file:/Users/rar9993/repos/research/fdroid_apps/native_apps/rview/wizard/src/main/java/com/ruesga/rview/wizard/WizardPageFragment.java|class:com.ruesga.rview.wizard.WizardPageFragment
MemberIgnoringMethod;aDoctor;/Users/rar9993/repos/research/fdroid_apps/native_apps/rview/NONE_TRANSFORMED_;/Users/rar9993/repos/research/fdroid_apps/native_apps/rview/wizard/src/main/java/com/ruesga/rview/wizard/WizardActivity.java;file:/Users/rar9993/repos/research/fdroid_apps/native_apps/rview/wizard/src/main/java/com/ruesga/rview/wizard/WizardActivity.java|class:com.ruesga.rview.wizard.WizardActivity
NoLowMemoryResolver;aDoctor;/Users/rar9993/repos/research/fdroid_apps/native_apps/rview/NONE_TRANSFORMED_;/Users/rar9993/repos/research/fdroid_apps/native_apps/rview/wizard/src/main/java/com/ruesga/rview/wizard/WizardActivity.java;file:/Users/rar9993/repos/research/fdroid_apps/native_apps/rview/wizard/src/main/java/com/ruesga/rview/wizard/WizardActivity.java|class:com.ruesga.rview.wizard.WizardActivity
MemberIgnoringMethod;aDoctor;/Users/rar9993/repos/research/fdroid_apps/native_apps/rview/NONE_TRANSFORMED_;/Users/rar9993/repos/research/fdroid_apps/native_apps/rview/wizard/src/main/java/com/ruesga/rview/wizard/choosers/ListChooserFragment.java;file:/Users/rar9993/repos/research/fdroid_apps/native_apps/rview/wizard/src/main/java/com/ruesga/rview/wizard/choosers/ListChooserFragment.java|class:com.ruesga.rview.wizard.choosers.ListChooserFragment
MemberIgnoringMethod;aDoctor;/Users/rar9993/repos/research/fdroid_apps/native_apps/rview/NONE_TRANSFORMED_;/Users/rar9993/repos/research/fdroid_apps/native_apps/rview/wizard/src/main/java/com/ruesga/rview/wizard/validators/ValidatorObserver.java;file:/Users/rar9993/repos/research/fdroid_apps/native_apps/rview/wizard/src/main/java/com/ruesga/rview/wizard/validators/ValidatorObserver.java|class:com.ruesga.rview.wizard.validators.ValidatorObserver
MemberIgnoringMethod;aDoctor;/Users/rar9993/repos/research/fdroid_apps/native_apps/rview/NONE_TRANSFORMED_;/Users/rar9993/repos/research/fdroid_apps/native_apps/rview/wizard/src/main/java/com/ruesga/rview/wizard/validators/WebUrlValidator.java;file:/Users/rar9993/repos/research/fdroid_apps/native_apps/rview/wizard/src/main/java/com/ruesga/rview/wizard/validators/WebUrlValidator.java|class:com.ruesga.rview.wizard.validators.WebUrlValidator
MemberIgnoringMethod;aDoctor;/Users/rar9993/repos/research/fdroid_apps/native_apps/rview/NONE_TRANSFORMED_;/Users/rar9993/repos/research/fdroid_apps/native_apps/rview/wizard/src/main/java/com/ruesga/rview/wizard/validators/TextInputValidatorObserver.java;file:/Users/rar9993/repos/research/fdroid_apps/native_apps/rview/wizard/src/main/java/com/ruesga/rview/wizard/validators/TextInputValidatorObserver.java|class:com.ruesga.rview.wizard.validators.TextInputValidatorObserver
MemberIgnoringMethod;aDoctor;/Users/rar9993/repos/research/fdroid_apps/native_apps/rview/NONE_TRANSFORMED_;/Users/rar9993/repos/research/fdroid_apps/native_apps/rview/aceeditor/src/main/java/com/ruesga/rview/aceeditor/AceCustomTabsHelper.java;file:/Users/rar9993/repos/research/fdroid_apps/native_apps/rview/aceeditor/src/main/java/com/ruesga/rview/aceeditor/AceCustomTabsHelper.java|class:com.ruesga.rview.aceeditor.AceCustomTabsHelper
LeakingInnerClass;aDoctor;/Users/rar9993/repos/research/fdroid_apps/native_apps/rview/NONE_TRANSFORMED_;/Users/rar9993/repos/research/fdroid_apps/native_apps/rview/aceeditor/src/main/java/com/ruesga/rview/aceeditor/AceEditorView.java;file:/Users/rar9993/repos/research/fdroid_apps/native_apps/rview/aceeditor/src/main/java/com/ruesga/rview/aceeditor/AceEditorView.java|class:com.ruesga.rview.aceeditor.AceEditorView
MemberIgnoringMethod;aDoctor;/Users/rar9993/repos/research/fdroid_apps/native_apps/rview/NONE_TRANSFORMED_;/Users/rar9993/repos/research/fdroid_apps/native_apps/rview/aceeditor/src/main/java/com/ruesga/rview/aceeditor/AceEditorView.java;file:/Users/rar9993/repos/research/fdroid_apps/native_apps/rview/aceeditor/src/main/java/com/ruesga/rview/aceeditor/AceEditorView.java|class:com.ruesga.rview.aceeditor.AceEditorView
SlowForLoop;aDoctor;/Users/rar9993/repos/research/fdroid_apps/native_apps/rview/NONE_TRANSFORMED_;/Users/rar9993/repos/research/fdroid_apps/native_apps/rview/aceeditor/src/main/java/com/ruesga/rview/aceeditor/AceEditorView.java;file:/Users/rar9993/repos/research/fdroid_apps/native_apps/rview/aceeditor/src/main/java/com/ruesga/rview/aceeditor/AceEditorView.java|class:com.ruesga.rview.aceeditor.AceEditorView
LeakingInnerClass;aDoctor;/Users/rar9993/repos/research/fdroid_apps/native_apps/rview/NONE_TRANSFORMED_;/Users/rar9993/repos/research/fdroid_apps/native_apps/rview/aceeditor/src/main/java/com/ruesga/rview/aceeditor/AceSelectionActionModeHelper.java;file:/Users/rar9993/repos/research/fdroid_apps/native_apps/rview/aceeditor/src/main/java/com/ruesga/rview/aceeditor/AceSelectionActionModeHelper.java|class:com.ruesga.rview.aceeditor.AceSelectionActionModeHelper
MemberIgnoringMethod;aDoctor;/Users/rar9993/repos/research/fdroid_apps/native_apps/rview/NONE_TRANSFORMED_;/Users/rar9993/repos/research/fdroid_apps/native_apps/rview/aceeditor/src/main/java/com/ruesga/rview/aceeditor/AceSelectionActionModeHelper.java;file:/Users/rar9993/repos/research/fdroid_apps/native_apps/rview/aceeditor/src/main/java/com/ruesga/rview/aceeditor/AceSelectionActionModeHelper.java|class:com.ruesga.rview.aceeditor.AceSelectionActionModeHelper
SlowForLoop;aDoctor;/Users/rar9993/repos/research/fdroid_apps/native_apps/rview/NONE_TRANSFORMED_;/Users/rar9993/repos/research/fdroid_apps/native_apps/rview/aceeditor/src/main/java/com/ruesga/rview/aceeditor/AceSelectionActionModeHelper.java;file:/Users/rar9993/repos/research/fdroid_apps/native_apps/rview/aceeditor/src/main/java/com/ruesga/rview/aceeditor/AceSelectionActionModeHelper.java|class:com.ruesga.rview.aceeditor.AceSelectionActionModeHelper
MemberIgnoringMethod;aDoctor;/Users/rar9993/repos/research/fdroid_apps/native_apps/rview/NONE_TRANSFORMED_;/Users/rar9993/repos/research/fdroid_apps/native_apps/rview/aceeditor/src/main/java/com/ruesga/rview/aceeditor/AceWebView.java;file:/Users/rar9993/repos/research/fdroid_apps/native_apps/rview/aceeditor/src/main/java/com/ruesga/rview/aceeditor/AceWebView.java|class:com.ruesga.rview.aceeditor.AceWebView
MemberIgnoringMethod;aDoctor;/Users/rar9993/repos/research/fdroid_apps/native_apps/rview/NONE_TRANSFORMED_;/Users/rar9993/repos/research/fdroid_apps/native_apps/rview/gerrit/src/main/java/com/ruesga/rview/gerrit/GerritApi.java;file:/Users/rar9993/repos/research/fdroid_apps/native_apps/rview/gerrit/src/main/java/com/ruesga/rview/gerrit/GerritApi.java|class:com.ruesga.rview.gerrit.GerritApi
MemberIgnoringMethod;aDoctor;/Users/rar9993/repos/research/fdroid_apps/native_apps/rview/NONE_TRANSFORMED_;/Users/rar9993/repos/research/fdroid_apps/native_apps/rview/gerrit/src/main/java/com/ruesga/rview/gerrit/GerritApiClient.java;file:/Users/rar9993/repos/research/fdroid_apps/native_apps/rview/gerrit/src/main/java/com/ruesga/rview/gerrit/GerritApiClient.java|class:com.ruesga.rview.gerrit.GerritApiClient
MemberIgnoringMethod;aDoctor;/Users/rar9993/repos/research/fdroid_apps/native_apps/rview/NONE_TRANSFORMED_;/Users/rar9993/repos/research/fdroid_apps/native_apps/rview/gerrit/src/main/java/com/ruesga/rview/gerrit/OkHttpHelper.java;file:/Users/rar9993/repos/research/fdroid_apps/native_apps/rview/gerrit/src/main/java/com/ruesga/rview/gerrit/OkHttpHelper.java|class:com.ruesga.rview.gerrit.OkHttpHelper
SlowForLoop;aDoctor;/Users/rar9993/repos/research/fdroid_apps/native_apps/rview/NONE_TRANSFORMED_;/Users/rar9993/repos/research/fdroid_apps/native_apps/rview/gerrit/src/main/java/com/ruesga/rview/gerrit/filter/ComplexQuery.java;file:/Users/rar9993/repos/research/fdroid_apps/native_apps/rview/gerrit/src/main/java/com/ruesga/rview/gerrit/filter/ComplexQuery.java|class:com.ruesga.rview.gerrit.filter.ComplexQuery
MemberIgnoringMethod;aDoctor;/Users/rar9993/repos/research/fdroid_apps/native_apps/rview/NONE_TRANSFORMED_;/Users/rar9993/repos/research/fdroid_apps/native_apps/rview/gerrit/src/main/java/com/ruesga/rview/gerrit/filter/Option.java;file:/Users/rar9993/repos/research/fdroid_apps/native_apps/rview/gerrit/src/main/java/com/ruesga/rview/gerrit/filter/Option.java|class:com.ruesga.rview.gerrit.filter.Option
MemberIgnoringMethod;aDoctor;/Users/rar9993/repos/research/fdroid_apps/native_apps/rview/NONE_TRANSFORMED_;/Users/rar9993/repos/research/fdroid_apps/native_apps/rview/gerrit/src/main/java/com/ruesga/rview/gerrit/filter/ChangeQuery.java;file:/Users/rar9993/repos/research/fdroid_apps/native_apps/rview/gerrit/src/main/java/com/ruesga/rview/gerrit/filter/ChangeQuery.java|class:com.ruesga.rview.gerrit.filter.ChangeQuery
SlowForLoop;aDoctor;/Users/rar9993/repos/research/fdroid_apps/native_apps/rview/NONE_TRANSFORMED_;/Users/rar9993/repos/research/fdroid_apps/native_apps/rview/gerrit/src/main/java/com/ruesga/rview/gerrit/filter/ChangeQuery.java;file:/Users/rar9993/repos/research/fdroid_apps/native_apps/rview/gerrit/src/main/java/com/ruesga/rview/gerrit/filter/ChangeQuery.java|class:com.ruesga.rview.gerrit.filter.ChangeQuery
MemberIgnoringMethod;aDoctor;/Users/rar9993/repos/research/fdroid_apps/native_apps/rview/NONE_TRANSFORMED_;/Users/rar9993/repos/research/fdroid_apps/native_apps/rview/gerrit/src/main/java/com/ruesga/rview/gerrit/filter/Query.java;file:/Users/rar9993/repos/research/fdroid_apps/native_apps/rview/gerrit/src/main/java/com/ruesga/rview/gerrit/filter/Query.java|class:com.ruesga.rview.gerrit.filter.Query
SlowForLoop;aDoctor;/Users/rar9993/repos/research/fdroid_apps/native_apps/rview/NONE_TRANSFORMED_;/Users/rar9993/repos/research/fdroid_apps/native_apps/rview/gerrit/src/main/java/com/ruesga/rview/gerrit/filter/SimpleQuery.java;file:/Users/rar9993/repos/research/fdroid_apps/native_apps/rview/gerrit/src/main/java/com/ruesga/rview/gerrit/filter/SimpleQuery.java|class:com.ruesga.rview.gerrit.filter.SimpleQuery
MemberIgnoringMethod;aDoctor;/Users/rar9993/repos/research/fdroid_apps/native_apps/rview/NONE_TRANSFORMED_;/Users/rar9993/repos/research/fdroid_apps/native_apps/rview/gerrit/src/main/java/com/ruesga/rview/gerrit/model/SuggestedReviewersState.java;file:/Users/rar9993/repos/research/fdroid_apps/native_apps/rview/gerrit/src/main/java/com/ruesga/rview/gerrit/model/SuggestedReviewersState.java|class:com.ruesga.rview.gerrit.model.SuggestedReviewersState
MemberIgnoringMethod;aDoctor;/Users/rar9993/repos/research/fdroid_apps/native_apps/rview/NONE_TRANSFORMED_;/Users/rar9993/repos/research/fdroid_apps/native_apps/rview/gerrit/src/main/java/com/ruesga/rview/gerrit/model/ExcludeGroupsFromSuggestedReviewers.java;file:/Users/rar9993/repos/research/fdroid_apps/native_apps/rview/gerrit/src/main/java/com/ruesga/rview/gerrit/model/ExcludeGroupsFromSuggestedReviewers.java|class:com.ruesga.rview.gerrit.model.ExcludeGroupsFromSuggestedReviewers
MemberIgnoringMethod;aDoctor;/Users/rar9993/repos/research/fdroid_apps/native_apps/rview/NONE_TRANSFORMED_;/Users/rar9993/repos/research/fdroid_apps/native_apps/rview/gerrit/src/main/java/com/ruesga/rview/gerrit/filter/antlr/QueryParser.java;file:/Users/rar9993/repos/research/fdroid_apps/native_apps/rview/gerrit/src/main/java/com/ruesga/rview/gerrit/filter/antlr/QueryParser.java|class:com.ruesga.rview.gerrit.filter.antlr.QueryParser
LeakingInnerClass;aDoctor;/Users/rar9993/repos/research/fdroid_apps/native_apps/rview/NONE_TRANSFORMED_;/Users/rar9993/repos/research/fdroid_apps/native_apps/rview/gerrit/src/main/java/com/ruesga/rview/gerrit/filter/antlr/QueryLexer.java;file:/Users/rar9993/repos/research/fdroid_apps/native_apps/rview/gerrit/src/main/java/com/ruesga/rview/gerrit/filter/antlr/QueryLexer.java|class:com.ruesga.rview.gerrit.filter.antlr.QueryLexer
MemberIgnoringMethod;aDoctor;/Users/rar9993/repos/research/fdroid_apps/native_apps/rview/NONE_TRANSFORMED_;/Users/rar9993/repos/research/fdroid_apps/native_apps/rview/gerrit/src/main/java/com/ruesga/rview/gerrit/filter/antlr/QueryLexer.java;file:/Users/rar9993/repos/research/fdroid_apps/native_apps/rview/gerrit/src/main/java/com/ruesga/rview/gerrit/filter/antlr/QueryLexer.java|class:com.ruesga.rview.gerrit.filter.antlr.QueryLexer
SlowForLoop;aDoctor;/Users/rar9993/repos/research/fdroid_apps/native_apps/rview/NONE_TRANSFORMED_;/Users/rar9993/repos/research/fdroid_apps/native_apps/rview/gerrit/src/main/java/com/ruesga/rview/gerrit/filter/antlr/QueryLexer.java;file:/Users/rar9993/repos/research/fdroid_apps/native_apps/rview/gerrit/src/main/java/com/ruesga/rview/gerrit/filter/antlr/QueryLexer.java|class:com.ruesga.rview.gerrit.filter.antlr.QueryLexer
MemberIgnoringMethod;aDoctor;/Users/rar9993/repos/research/fdroid_apps/native_apps/rview/NONE_TRANSFORMED_;/Users/rar9993/repos/research/fdroid_apps/native_apps/rview/attachments/src/gms/java/com/ruesga/rview/attachments/gdrive/oauth/OAuthProxyFragment.java;file:/Users/rar9993/repos/research/fdroid_apps/native_apps/rview/attachments/src/gms/java/com/ruesga/rview/attachments/gdrive/oauth/OAuthProxyFragment.java|class:com.ruesga.rview.attachments.gdrive.oauth.OAuthProxyFragment
NoLowMemoryResolver;aDoctor;/Users/rar9993/repos/research/fdroid_apps/native_apps/rview/NONE_TRANSFORMED_;/Users/rar9993/repos/research/fdroid_apps/native_apps/rview/attachments/src/gms/java/com/ruesga/rview/attachments/gdrive/oauth/OAuthProxyFragment.java;file:/Users/rar9993/repos/research/fdroid_apps/native_apps/rview/attachments/src/gms/java/com/ruesga/rview/attachments/gdrive/oauth/OAuthProxyFragment.java|class:com.ruesga.rview.attachments.gdrive.oauth.OAuthProxyFragment
MemberIgnoringMethod;aDoctor;/Users/rar9993/repos/research/fdroid_apps/native_apps/rview/NONE_TRANSFORMED_;/Users/rar9993/repos/research/fdroid_apps/native_apps/rview/attachments/src/gms/java/com/ruesga/rview/attachments/gdrive/GDriveRestApiClient.java;file:/Users/rar9993/repos/research/fdroid_apps/native_apps/rview/attachments/src/gms/java/com/ruesga/rview/attachments/gdrive/GDriveRestApiClient.java|class:com.ruesga.rview.attachments.gdrive.GDriveRestApiClient
DataTransmissionWithoutCompression;aDoctor;/Users/rar9993/repos/research/fdroid_apps/native_apps/rview/NONE_TRANSFORMED_;/Users/rar9993/repos/research/fdroid_apps/native_apps/rview/attachments/src/gms/java/com/ruesga/rview/attachments/gdrive/GDriveAttachmentsProvider.java;file:/Users/rar9993/repos/research/fdroid_apps/native_apps/rview/attachments/src/gms/java/com/ruesga/rview/attachments/gdrive/GDriveAttachmentsProvider.java|class:com.ruesga.rview.attachments.gdrive.GDriveAttachmentsProvider
MemberIgnoringMethod;aDoctor;/Users/rar9993/repos/research/fdroid_apps/native_apps/rview/NONE_TRANSFORMED_;/Users/rar9993/repos/research/fdroid_apps/native_apps/rview/attachments/src/gms/java/com/ruesga/rview/attachments/gdrive/GDriveAttachmentsProvider.java;file:/Users/rar9993/repos/research/fdroid_apps/native_apps/rview/attachments/src/gms/java/com/ruesga/rview/attachments/gdrive/GDriveAttachmentsProvider.java|class:com.ruesga.rview.attachments.gdrive.GDriveAttachmentsProvider
MemberIgnoringMethod;aDoctor;/Users/rar9993/repos/research/fdroid_apps/native_apps/rview/NONE_TRANSFORMED_;/Users/rar9993/repos/research/fdroid_apps/native_apps/rview/attachments/src/gms/java/com/ruesga/rview/attachments/gdrive/GDriveRestApi.java;file:/Users/rar9993/repos/research/fdroid_apps/native_apps/rview/attachments/src/gms/java/com/ruesga/rview/attachments/gdrive/GDriveRestApi.java|class:com.ruesga.rview.attachments.gdrive.GDriveRestApi
DataTransmissionWithoutCompression;aDoctor;/Users/rar9993/repos/research/fdroid_apps/native_apps/rview/NONE_TRANSFORMED_;/Users/rar9993/repos/research/fdroid_apps/native_apps/rview/attachments/src/main/java/com/ruesga/rview/attachments/AttachmentDropView.java;file:/Users/rar9993/repos/research/fdroid_apps/native_apps/rview/attachments/src/main/java/com/ruesga/rview/attachments/AttachmentDropView.java|class:com.ruesga.rview.attachments.AttachmentDropView
LeakingInnerClass;aDoctor;/Users/rar9993/repos/research/fdroid_apps/native_apps/rview/NONE_TRANSFORMED_;/Users/rar9993/repos/research/fdroid_apps/native_apps/rview/attachments/src/main/java/com/ruesga/rview/attachments/AttachmentDropView.java;file:/Users/rar9993/repos/research/fdroid_apps/native_apps/rview/attachments/src/main/java/com/ruesga/rview/attachments/AttachmentDropView.java|class:com.ruesga.rview.attachments.AttachmentDropView
MemberIgnoringMethod;aDoctor;/Users/rar9993/repos/research/fdroid_apps/native_apps/rview/NONE_TRANSFORMED_;/Users/rar9993/repos/research/fdroid_apps/native_apps/rview/attachments/src/main/java/com/ruesga/rview/attachments/AttachmentDropView.java;file:/Users/rar9993/repos/research/fdroid_apps/native_apps/rview/attachments/src/main/java/com/ruesga/rview/attachments/AttachmentDropView.java|class:com.ruesga.rview.attachments.AttachmentDropView
SlowForLoop;aDoctor;/Users/rar9993/repos/research/fdroid_apps/native_apps/rview/NONE_TRANSFORMED_;/Users/rar9993/repos/research/fdroid_apps/native_apps/rview/attachments/src/main/java/com/ruesga/rview/attachments/AttachmentDropView.java;file:/Users/rar9993/repos/research/fdroid_apps/native_apps/rview/attachments/src/main/java/com/ruesga/rview/attachments/AttachmentDropView.java|class:com.ruesga.rview.attachments.AttachmentDropView
UnclosedCloseable;aDoctor;/Users/rar9993/repos/research/fdroid_apps/native_apps/rview/NONE_TRANSFORMED_;/Users/rar9993/repos/research/fdroid_apps/native_apps/rview/attachments/src/main/java/com/ruesga/rview/attachments/AttachmentDropView.java;file:/Users/rar9993/repos/research/fdroid_apps/native_apps/rview/attachments/src/main/java/com/ruesga/rview/attachments/AttachmentDropView.java|class:com.ruesga.rview.attachments.AttachmentDropView
MemberIgnoringMethod;aDoctor;/Users/rar9993/repos/research/fdroid_apps/native_apps/rview/NONE_TRANSFORMED_;/Users/rar9993/repos/research/fdroid_apps/native_apps/rview/attachments/src/main/java/com/ruesga/rview/attachments/Attachment.java;file:/Users/rar9993/repos/research/fdroid_apps/native_apps/rview/attachments/src/main/java/com/ruesga/rview/attachments/Attachment.java|class:com.ruesga.rview.attachments.Attachment
MemberIgnoringMethod;aDoctor;/Users/rar9993/repos/research/fdroid_apps/native_apps/rview/NONE_TRANSFORMED_;/Users/rar9993/repos/research/fdroid_apps/native_apps/rview/attachments/src/main/java/com/ruesga/rview/attachments/AttachmentsSupport.java;file:/Users/rar9993/repos/research/fdroid_apps/native_apps/rview/attachments/src/main/java/com/ruesga/rview/attachments/AttachmentsSupport.java|class:com.ruesga.rview.attachments.AttachmentsSupport
LeakingInnerClass;aDoctor;/Users/rar9993/repos/research/fdroid_apps/native_apps/rview/NONE_TRANSFORMED_;/Users/rar9993/repos/research/fdroid_apps/native_apps/rview/attachments/src/main/java/com/ruesga/rview/attachments/fragments/ProviderChooserFragment.java;file:/Users/rar9993/repos/research/fdroid_apps/native_apps/rview/attachments/src/main/java/com/ruesga/rview/attachments/fragments/ProviderChooserFragment.java|class:com.ruesga.rview.attachments.fragments.ProviderChooserFragment
MemberIgnoringMethod;aDoctor;/Users/rar9993/repos/research/fdroid_apps/native_apps/rview/NONE_TRANSFORMED_;/Users/rar9993/repos/research/fdroid_apps/native_apps/rview/attachments/src/main/java/com/ruesga/rview/attachments/fragments/ProviderChooserFragment.java;file:/Users/rar9993/repos/research/fdroid_apps/native_apps/rview/attachments/src/main/java/com/ruesga/rview/attachments/fragments/ProviderChooserFragment.java|class:com.ruesga.rview.attachments.fragments.ProviderChooserFragment
NoLowMemoryResolver;aDoctor;/Users/rar9993/repos/research/fdroid_apps/native_apps/rview/NONE_TRANSFORMED_;/Users/rar9993/repos/research/fdroid_apps/native_apps/rview/attachments/src/main/java/com/ruesga/rview/attachments/fragments/ProviderChooserFragment.java;file:/Users/rar9993/repos/research/fdroid_apps/native_apps/rview/attachments/src/main/java/com/ruesga/rview/attachments/fragments/ProviderChooserFragment.java|class:com.ruesga.rview.attachments.fragments.ProviderChooserFragment
MemberIgnoringMethod;aDoctor;/Users/rar9993/repos/research/fdroid_apps/native_apps/rview/NONE_TRANSFORMED_;/Users/rar9993/repos/research/fdroid_apps/native_apps/rview/attachments/src/main/java/com/ruesga/rview/attachments/services/AttachmentsContentUploadService.java;file:/Users/rar9993/repos/research/fdroid_apps/native_apps/rview/attachments/src/main/java/com/ruesga/rview/attachments/services/AttachmentsContentUploadService.java|class:com.ruesga.rview.attachments.services.AttachmentsContentUploadService
AvoidInstantiatingObjectsInLoops;PMD;/Users/rar9993/repos/research/fdroid_apps/native_apps/rview/NONE_TRANSFORMED_;/Users/rar9993/repos/research/fdroid_apps/native_apps/rview/app/src/gms/java/com/ruesga/rview/services/DeviceRegistrationService.java;file:/Users/rar9993/repos/research/fdroid_apps/native_apps/rview/app/src/gms/java/com/ruesga/rview/services/DeviceRegistrationService.java|line:76
TooFewBranchesForSwitch;PMD;/Users/rar9993/repos/research/fdroid_apps/native_apps/rview/NONE_TRANSFORMED_;/Users/rar9993/repos/research/fdroid_apps/native_apps/rview/app/src/main/java/com/ruesga/rview/AccountSettingsActivity.java;file:/Users/rar9993/repos/research/fdroid_apps/native_apps/rview/app/src/main/java/com/ruesga/rview/AccountSettingsActivity.java|line:111
RedundantFieldInitializer;PMD;/Users/rar9993/repos/research/fdroid_apps/native_apps/rview/NONE_TRANSFORMED_;/Users/rar9993/repos/research/fdroid_apps/native_apps/rview/app/src/main/java/com/ruesga/rview/BaseActivity.java;file:/Users/rar9993/repos/research/fdroid_apps/native_apps/rview/app/src/main/java/com/ruesga/rview/BaseActivity.java|line:98
RedundantFieldInitializer;PMD;/Users/rar9993/repos/research/fdroid_apps/native_apps/rview/NONE_TRANSFORMED_;/Users/rar9993/repos/research/fdroid_apps/native_apps/rview/app/src/main/java/com/ruesga/rview/BaseActivity.java;file:/Users/rar9993/repos/research/fdroid_apps/native_apps/rview/app/src/main/java/com/ruesga/rview/BaseActivity.java|line:99
RedundantFieldInitializer;PMD;/Users/rar9993/repos/research/fdroid_apps/native_apps/rview/NONE_TRANSFORMED_;/Users/rar9993/repos/research/fdroid_apps/native_apps/rview/app/src/main/java/com/ruesga/rview/BaseActivity.java;file:/Users/rar9993/repos/research/fdroid_apps/native_apps/rview/app/src/main/java/com/ruesga/rview/BaseActivity.java|line:100
RedundantFieldInitializer;PMD;/Users/rar9993/repos/research/fdroid_apps/native_apps/rview/NONE_TRANSFORMED_;/Users/rar9993/repos/research/fdroid_apps/native_apps/rview/app/src/main/java/com/ruesga/rview/BaseActivity.java;file:/Users/rar9993/repos/research/fdroid_apps/native_apps/rview/app/src/main/java/com/ruesga/rview/BaseActivity.java|line:103
RedundantFieldInitializer;PMD;/Users/rar9993/repos/research/fdroid_apps/native_apps/rview/NONE_TRANSFORMED_;/Users/rar9993/repos/research/fdroid_apps/native_apps/rview/app/src/main/java/com/ruesga/rview/BaseActivity.java;file:/Users/rar9993/repos/research/fdroid_apps/native_apps/rview/app/src/main/java/com/ruesga/rview/BaseActivity.java|line:104
TooFewBranchesForSwitch;PMD;/Users/rar9993/repos/research/fdroid_apps/native_apps/rview/NONE_TRANSFORMED_;/Users/rar9993/repos/research/fdroid_apps/native_apps/rview/app/src/main/java/com/ruesga/rview/BaseActivity.java;file:/Users/rar9993/repos/research/fdroid_apps/native_apps/rview/app/src/main/java/com/ruesga/rview/BaseActivity.java|line:437
TooFewBranchesForSwitch;PMD;/Users/rar9993/repos/research/fdroid_apps/native_apps/rview/NONE_TRANSFORMED_;/Users/rar9993/repos/research/fdroid_apps/native_apps/rview/app/src/main/java/com/ruesga/rview/BaseActivity.java;file:/Users/rar9993/repos/research/fdroid_apps/native_apps/rview/app/src/main/java/com/ruesga/rview/BaseActivity.java|line:465
TooFewBranchesForSwitch;PMD;/Users/rar9993/repos/research/fdroid_apps/native_apps/rview/NONE_TRANSFORMED_;/Users/rar9993/repos/research/fdroid_apps/native_apps/rview/app/src/main/java/com/ruesga/rview/BaseActivity.java;file:/Users/rar9993/repos/research/fdroid_apps/native_apps/rview/app/src/main/java/com/ruesga/rview/BaseActivity.java|line:520
AppendCharacterWithChar;PMD;/Users/rar9993/repos/research/fdroid_apps/native_apps/rview/NONE_TRANSFORMED_;/Users/rar9993/repos/research/fdroid_apps/native_apps/rview/app/src/main/java/com/ruesga/rview/ChangeDetailsActivity.java;file:/Users/rar9993/repos/research/fdroid_apps/native_apps/rview/app/src/main/java/com/ruesga/rview/ChangeDetailsActivity.java|line:381
TooFewBranchesForSwitch;PMD;/Users/rar9993/repos/research/fdroid_apps/native_apps/rview/NONE_TRANSFORMED_;/Users/rar9993/repos/research/fdroid_apps/native_apps/rview/app/src/main/java/com/ruesga/rview/EditorActivity.java;file:/Users/rar9993/repos/research/fdroid_apps/native_apps/rview/app/src/main/java/com/ruesga/rview/EditorActivity.java|line:140
TooFewBranchesForSwitch;PMD;/Users/rar9993/repos/research/fdroid_apps/native_apps/rview/NONE_TRANSFORMED_;/Users/rar9993/repos/research/fdroid_apps/native_apps/rview/app/src/main/java/com/ruesga/rview/SearchActivity.java;file:/Users/rar9993/repos/research/fdroid_apps/native_apps/rview/app/src/main/java/com/ruesga/rview/SearchActivity.java|line:417
TooFewBranchesForSwitch;PMD;/Users/rar9993/repos/research/fdroid_apps/native_apps/rview/NONE_TRANSFORMED_;/Users/rar9993/repos/research/fdroid_apps/native_apps/rview/app/src/main/java/com/ruesga/rview/SearchActivity.java;file:/Users/rar9993/repos/research/fdroid_apps/native_apps/rview/app/src/main/java/com/ruesga/rview/SearchActivity.java|line:429
UseIndexOfChar;PMD;/Users/rar9993/repos/research/fdroid_apps/native_apps/rview/NONE_TRANSFORMED_;/Users/rar9993/repos/research/fdroid_apps/native_apps/rview/app/src/main/java/com/ruesga/rview/SearchActivity.java;file:/Users/rar9993/repos/research/fdroid_apps/native_apps/rview/app/src/main/java/com/ruesga/rview/SearchActivity.java|line:705
UseIndexOfChar;PMD;/Users/rar9993/repos/research/fdroid_apps/native_apps/rview/NONE_TRANSFORMED_;/Users/rar9993/repos/research/fdroid_apps/native_apps/rview/app/src/main/java/com/ruesga/rview/SearchActivity.java;file:/Users/rar9993/repos/research/fdroid_apps/native_apps/rview/app/src/main/java/com/ruesga/rview/SearchActivity.java|line:722
UseIndexOfChar;PMD;/Users/rar9993/repos/research/fdroid_apps/native_apps/rview/NONE_TRANSFORMED_;/Users/rar9993/repos/research/fdroid_apps/native_apps/rview/app/src/main/java/com/ruesga/rview/SearchActivity.java;file:/Users/rar9993/repos/research/fdroid_apps/native_apps/rview/app/src/main/java/com/ruesga/rview/SearchActivity.java|line:758
AvoidInstantiatingObjectsInLoops;PMD;/Users/rar9993/repos/research/fdroid_apps/native_apps/rview/NONE_TRANSFORMED_;/Users/rar9993/repos/research/fdroid_apps/native_apps/rview/app/src/main/java/com/ruesga/rview/SearchActivity.java;file:/Users/rar9993/repos/research/fdroid_apps/native_apps/rview/app/src/main/java/com/ruesga/rview/SearchActivity.java|line:784
AvoidInstantiatingObjectsInLoops;PMD;/Users/rar9993/repos/research/fdroid_apps/native_apps/rview/NONE_TRANSFORMED_;/Users/rar9993/repos/research/fdroid_apps/native_apps/rview/app/src/main/java/com/ruesga/rview/SearchActivity.java;file:/Users/rar9993/repos/research/fdroid_apps/native_apps/rview/app/src/main/java/com/ruesga/rview/SearchActivity.java|line:785
AvoidInstantiatingObjectsInLoops;PMD;/Users/rar9993/repos/research/fdroid_apps/native_apps/rview/NONE_TRANSFORMED_;/Users/rar9993/repos/research/fdroid_apps/native_apps/rview/app/src/main/java/com/ruesga/rview/adapters/AccountsAdapter.java;file:/Users/rar9993/repos/research/fdroid_apps/native_apps/rview/app/src/main/java/com/ruesga/rview/adapters/AccountsAdapter.java|line:125
AvoidInstantiatingObjectsInLoops;PMD;/Users/rar9993/repos/research/fdroid_apps/native_apps/rview/NONE_TRANSFORMED_;/Users/rar9993/repos/research/fdroid_apps/native_apps/rview/app/src/main/java/com/ruesga/rview/adapters/SuggestedReviewersAdapter.java;file:/Users/rar9993/repos/research/fdroid_apps/native_apps/rview/app/src/main/java/com/ruesga/rview/adapters/SuggestedReviewersAdapter.java|line:130
TooFewBranchesForSwitch;PMD;/Users/rar9993/repos/research/fdroid_apps/native_apps/rview/NONE_TRANSFORMED_;/Users/rar9993/repos/research/fdroid_apps/native_apps/rview/app/src/main/java/com/ruesga/rview/fragments/AccountSettingsFragment.java;file:/Users/rar9993/repos/research/fdroid_apps/native_apps/rview/app/src/main/java/com/ruesga/rview/fragments/AccountSettingsFragment.java|line:203
UseIndexOfChar;PMD;/Users/rar9993/repos/research/fdroid_apps/native_apps/rview/NONE_TRANSFORMED_;/Users/rar9993/repos/research/fdroid_apps/native_apps/rview/app/src/main/java/com/ruesga/rview/fragments/BaseChooserDialogFragment.java;file:/Users/rar9993/repos/research/fdroid_apps/native_apps/rview/app/src/main/java/com/ruesga/rview/fragments/BaseChooserDialogFragment.java|line:153
RedundantFieldInitializer;PMD;/Users/rar9993/repos/research/fdroid_apps/native_apps/rview/NONE_TRANSFORMED_;/Users/rar9993/repos/research/fdroid_apps/native_apps/rview/app/src/main/java/com/ruesga/rview/fragments/ChangeDetailsFragment.java;file:/Users/rar9993/repos/research/fdroid_apps/native_apps/rview/app/src/main/java/com/ruesga/rview/fragments/ChangeDetailsFragment.java|line:259
RedundantFieldInitializer;PMD;/Users/rar9993/repos/research/fdroid_apps/native_apps/rview/NONE_TRANSFORMED_;/Users/rar9993/repos/research/fdroid_apps/native_apps/rview/app/src/main/java/com/ruesga/rview/fragments/ChangeDetailsFragment.java;file:/Users/rar9993/repos/research/fdroid_apps/native_apps/rview/app/src/main/java/com/ruesga/rview/fragments/ChangeDetailsFragment.java|line:260
TooFewBranchesForSwitch;PMD;/Users/rar9993/repos/research/fdroid_apps/native_apps/rview/NONE_TRANSFORMED_;/Users/rar9993/repos/research/fdroid_apps/native_apps/rview/app/src/main/java/com/ruesga/rview/fragments/ChangeDetailsFragment.java;file:/Users/rar9993/repos/research/fdroid_apps/native_apps/rview/app/src/main/java/com/ruesga/rview/fragments/ChangeDetailsFragment.java|line:283
AvoidInstantiatingObjectsInLoops;PMD;/Users/rar9993/repos/research/fdroid_apps/native_apps/rview/NONE_TRANSFORMED_;/Users/rar9993/repos/research/fdroid_apps/native_apps/rview/app/src/main/java/com/ruesga/rview/fragments/ChangeDetailsFragment.java;file:/Users/rar9993/repos/research/fdroid_apps/native_apps/rview/app/src/main/java/com/ruesga/rview/fragments/ChangeDetailsFragment.java|line:549
RedundantFieldInitializer;PMD;/Users/rar9993/repos/research/fdroid_apps/native_apps/rview/NONE_TRANSFORMED_;/Users/rar9993/repos/research/fdroid_apps/native_apps/rview/app/src/main/java/com/ruesga/rview/fragments/ChangeDetailsFragment.java;file:/Users/rar9993/repos/research/fdroid_apps/native_apps/rview/app/src/main/java/com/ruesga/rview/fragments/ChangeDetailsFragment.java|line:1552
AvoidInstantiatingObjectsInLoops;PMD;/Users/rar9993/repos/research/fdroid_apps/native_apps/rview/NONE_TRANSFORMED_;/Users/rar9993/repos/research/fdroid_apps/native_apps/rview/app/src/main/java/com/ruesga/rview/fragments/ChangeDetailsFragment.java;file:/Users/rar9993/repos/research/fdroid_apps/native_apps/rview/app/src/main/java/com/ruesga/rview/fragments/ChangeDetailsFragment.java|line:3494
AvoidInstantiatingObjectsInLoops;PMD;/Users/rar9993/repos/research/fdroid_apps/native_apps/rview/NONE_TRANSFORMED_;/Users/rar9993/repos/research/fdroid_apps/native_apps/rview/app/src/main/java/com/ruesga/rview/fragments/ChangeDetailsFragment.java;file:/Users/rar9993/repos/research/fdroid_apps/native_apps/rview/app/src/main/java/com/ruesga/rview/fragments/ChangeDetailsFragment.java|line:3496
AvoidInstantiatingObjectsInLoops;PMD;/Users/rar9993/repos/research/fdroid_apps/native_apps/rview/NONE_TRANSFORMED_;/Users/rar9993/repos/research/fdroid_apps/native_apps/rview/app/src/main/java/com/ruesga/rview/fragments/ChangeDetailsFragment.java;file:/Users/rar9993/repos/research/fdroid_apps/native_apps/rview/app/src/main/java/com/ruesga/rview/fragments/ChangeDetailsFragment.java|line:3549
AvoidInstantiatingObjectsInLoops;PMD;/Users/rar9993/repos/research/fdroid_apps/native_apps/rview/NONE_TRANSFORMED_;/Users/rar9993/repos/research/fdroid_apps/native_apps/rview/app/src/main/java/com/ruesga/rview/fragments/ChangeDetailsFragment.java;file:/Users/rar9993/repos/research/fdroid_apps/native_apps/rview/app/src/main/java/com/ruesga/rview/fragments/ChangeDetailsFragment.java|line:3555
AvoidInstantiatingObjectsInLoops;PMD;/Users/rar9993/repos/research/fdroid_apps/native_apps/rview/NONE_TRANSFORMED_;/Users/rar9993/repos/research/fdroid_apps/native_apps/rview/app/src/main/java/com/ruesga/rview/fragments/ChangeDetailsFragment.java;file:/Users/rar9993/repos/research/fdroid_apps/native_apps/rview/app/src/main/java/com/ruesga/rview/fragments/ChangeDetailsFragment.java|line:3580
TooFewBranchesForSwitch;PMD;/Users/rar9993/repos/research/fdroid_apps/native_apps/rview/NONE_TRANSFORMED_;/Users/rar9993/repos/research/fdroid_apps/native_apps/rview/app/src/main/java/com/ruesga/rview/fragments/ChangeDetailsFragment.java;file:/Users/rar9993/repos/research/fdroid_apps/native_apps/rview/app/src/main/java/com/ruesga/rview/fragments/ChangeDetailsFragment.java|line:3785
AvoidInstantiatingObjectsInLoops;PMD;/Users/rar9993/repos/research/fdroid_apps/native_apps/rview/NONE_TRANSFORMED_;/Users/rar9993/repos/research/fdroid_apps/native_apps/rview/app/src/main/java/com/ruesga/rview/fragments/ChangeDetailsFragment.java;file:/Users/rar9993/repos/research/fdroid_apps/native_apps/rview/app/src/main/java/com/ruesga/rview/fragments/ChangeDetailsFragment.java|line:3808
AvoidInstantiatingObjectsInLoops;PMD;/Users/rar9993/repos/research/fdroid_apps/native_apps/rview/NONE_TRANSFORMED_;/Users/rar9993/repos/research/fdroid_apps/native_apps/rview/app/src/main/java/com/ruesga/rview/fragments/ChangeDetailsFragment.java;file:/Users/rar9993/repos/research/fdroid_apps/native_apps/rview/app/src/main/java/com/ruesga/rview/fragments/ChangeDetailsFragment.java|line:3895
ConsecutiveAppendsShouldReuse;PMD;/Users/rar9993/repos/research/fdroid_apps/native_apps/rview/NONE_TRANSFORMED_;/Users/rar9993/repos/research/fdroid_apps/native_apps/rview/app/src/main/java/com/ruesga/rview/fragments/ChangeDetailsFragment.java;file:/Users/rar9993/repos/research/fdroid_apps/native_apps/rview/app/src/main/java/com/ruesga/rview/fragments/ChangeDetailsFragment.java|line:3900
AppendCharacterWithChar;PMD;/Users/rar9993/repos/research/fdroid_apps/native_apps/rview/NONE_TRANSFORMED_;/Users/rar9993/repos/research/fdroid_apps/native_apps/rview/app/src/main/java/com/ruesga/rview/fragments/ChangeDetailsFragment.java;file:/Users/rar9993/repos/research/fdroid_apps/native_apps/rview/app/src/main/java/com/ruesga/rview/fragments/ChangeDetailsFragment.java|line:3902
TooFewBranchesForSwitch;PMD;/Users/rar9993/repos/research/fdroid_apps/native_apps/rview/NONE_TRANSFORMED_;/Users/rar9993/repos/research/fdroid_apps/native_apps/rview/app/src/main/java/com/ruesga/rview/fragments/ChangeListFragment.java;file:/Users/rar9993/repos/research/fdroid_apps/native_apps/rview/app/src/main/java/com/ruesga/rview/fragments/ChangeListFragment.java|line:144
TooFewBranchesForSwitch;PMD;/Users/rar9993/repos/research/fdroid_apps/native_apps/rview/NONE_TRANSFORMED_;/Users/rar9993/repos/research/fdroid_apps/native_apps/rview/app/src/main/java/com/ruesga/rview/fragments/ChangeListFragment.java;file:/Users/rar9993/repos/research/fdroid_apps/native_apps/rview/app/src/main/java/com/ruesga/rview/fragments/ChangeListFragment.java|line:235
RedundantFieldInitializer;PMD;/Users/rar9993/repos/research/fdroid_apps/native_apps/rview/NONE_TRANSFORMED_;/Users/rar9993/repos/research/fdroid_apps/native_apps/rview/app/src/main/java/com/ruesga/rview/fragments/DiffViewerFragment.java;file:/Users/rar9993/repos/research/fdroid_apps/native_apps/rview/app/src/main/java/com/ruesga/rview/fragments/DiffViewerFragment.java|line:390
RedundantFieldInitializer;PMD;/Users/rar9993/repos/research/fdroid_apps/native_apps/rview/NONE_TRANSFORMED_;/Users/rar9993/repos/research/fdroid_apps/native_apps/rview/app/src/main/java/com/ruesga/rview/fragments/DiffViewerFragment.java;file:/Users/rar9993/repos/research/fdroid_apps/native_apps/rview/app/src/main/java/com/ruesga/rview/fragments/DiffViewerFragment.java|line:391
TooFewBranchesForSwitch;PMD;/Users/rar9993/repos/research/fdroid_apps/native_apps/rview/NONE_TRANSFORMED_;/Users/rar9993/repos/research/fdroid_apps/native_apps/rview/app/src/main/java/com/ruesga/rview/fragments/DiffViewerFragment.java;file:/Users/rar9993/repos/research/fdroid_apps/native_apps/rview/app/src/main/java/com/ruesga/rview/fragments/DiffViewerFragment.java|line:595
UseIndexOfChar;PMD;/Users/rar9993/repos/research/fdroid_apps/native_apps/rview/NONE_TRANSFORMED_;/Users/rar9993/repos/research/fdroid_apps/native_apps/rview/app/src/main/java/com/ruesga/rview/fragments/DownloadDialogFragment.java;file:/Users/rar9993/repos/research/fdroid_apps/native_apps/rview/app/src/main/java/com/ruesga/rview/fragments/DownloadDialogFragment.java|line:188
RedundantFieldInitializer;PMD;/Users/rar9993/repos/research/fdroid_apps/native_apps/rview/NONE_TRANSFORMED_;/Users/rar9993/repos/research/fdroid_apps/native_apps/rview/app/src/main/java/com/ruesga/rview/fragments/EditDialogFragment.java;file:/Users/rar9993/repos/research/fdroid_apps/native_apps/rview/app/src/main/java/com/ruesga/rview/fragments/EditDialogFragment.java|line:116
TooFewBranchesForSwitch;PMD;/Users/rar9993/repos/research/fdroid_apps/native_apps/rview/NONE_TRANSFORMED_;/Users/rar9993/repos/research/fdroid_apps/native_apps/rview/app/src/main/java/com/ruesga/rview/fragments/EditFileChooserDialogFragment.java;file:/Users/rar9993/repos/research/fdroid_apps/native_apps/rview/app/src/main/java/com/ruesga/rview/fragments/EditFileChooserDialogFragment.java|line:177
TooFewBranchesForSwitch;PMD;/Users/rar9993/repos/research/fdroid_apps/native_apps/rview/NONE_TRANSFORMED_;/Users/rar9993/repos/research/fdroid_apps/native_apps/rview/app/src/main/java/com/ruesga/rview/fragments/EditorFragment.java;file:/Users/rar9993/repos/research/fdroid_apps/native_apps/rview/app/src/main/java/com/ruesga/rview/fragments/EditorFragment.java|line:645
TooFewBranchesForSwitch;PMD;/Users/rar9993/repos/research/fdroid_apps/native_apps/rview/NONE_TRANSFORMED_;/Users/rar9993/repos/research/fdroid_apps/native_apps/rview/app/src/main/java/com/ruesga/rview/fragments/EditorFragment.java;file:/Users/rar9993/repos/research/fdroid_apps/native_apps/rview/app/src/main/java/com/ruesga/rview/fragments/EditorFragment.java|line:917
AvoidInstantiatingObjectsInLoops;PMD;/Users/rar9993/repos/research/fdroid_apps/native_apps/rview/NONE_TRANSFORMED_;/Users/rar9993/repos/research/fdroid_apps/native_apps/rview/app/src/main/java/com/ruesga/rview/fragments/EditorFragment.java;file:/Users/rar9993/repos/research/fdroid_apps/native_apps/rview/app/src/main/java/com/ruesga/rview/fragments/EditorFragment.java|line:1036
AvoidInstantiatingObjectsInLoops;PMD;/Users/rar9993/repos/research/fdroid_apps/native_apps/rview/NONE_TRANSFORMED_;/Users/rar9993/repos/research/fdroid_apps/native_apps/rview/app/src/main/java/com/ruesga/rview/fragments/EditorFragment.java;file:/Users/rar9993/repos/research/fdroid_apps/native_apps/rview/app/src/main/java/com/ruesga/rview/fragments/EditorFragment.java|line:1037
AvoidInstantiatingObjectsInLoops;PMD;/Users/rar9993/repos/research/fdroid_apps/native_apps/rview/NONE_TRANSFORMED_;/Users/rar9993/repos/research/fdroid_apps/native_apps/rview/app/src/main/java/com/ruesga/rview/fragments/EditorFragment.java;file:/Users/rar9993/repos/research/fdroid_apps/native_apps/rview/app/src/main/java/com/ruesga/rview/fragments/EditorFragment.java|line:1041
AvoidInstantiatingObjectsInLoops;PMD;/Users/rar9993/repos/research/fdroid_apps/native_apps/rview/NONE_TRANSFORMED_;/Users/rar9993/repos/research/fdroid_apps/native_apps/rview/app/src/main/java/com/ruesga/rview/fragments/EditorFragment.java;file:/Users/rar9993/repos/research/fdroid_apps/native_apps/rview/app/src/main/java/com/ruesga/rview/fragments/EditorFragment.java|line:1050
AvoidInstantiatingObjectsInLoops;PMD;/Users/rar9993/repos/research/fdroid_apps/native_apps/rview/NONE_TRANSFORMED_;/Users/rar9993/repos/research/fdroid_apps/native_apps/rview/app/src/main/java/com/ruesga/rview/fragments/EditorFragment.java;file:/Users/rar9993/repos/research/fdroid_apps/native_apps/rview/app/src/main/java/com/ruesga/rview/fragments/EditorFragment.java|line:1070
AvoidFileStream;PMD;/Users/rar9993/repos/research/fdroid_apps/native_apps/rview/NONE_TRANSFORMED_;/Users/rar9993/repos/research/fdroid_apps/native_apps/rview/app/src/main/java/com/ruesga/rview/fragments/FileDiffViewerFragment.java;file:/Users/rar9993/repos/research/fdroid_apps/native_apps/rview/app/src/main/java/com/ruesga/rview/fragments/FileDiffViewerFragment.java|line:1121
AvoidInstantiatingObjectsInLoops;PMD;/Users/rar9993/repos/research/fdroid_apps/native_apps/rview/NONE_TRANSFORMED_;/Users/rar9993/repos/research/fdroid_apps/native_apps/rview/app/src/main/java/com/ruesga/rview/fragments/FilterableDialogFragment.java;file:/Users/rar9993/repos/research/fdroid_apps/native_apps/rview/app/src/main/java/com/ruesga/rview/fragments/FilterableDialogFragment.java|line:112
AppendCharacterWithChar;PMD;/Users/rar9993/repos/research/fdroid_apps/native_apps/rview/NONE_TRANSFORMED_;/Users/rar9993/repos/research/fdroid_apps/native_apps/rview/app/src/main/java/com/ruesga/rview/fragments/FollowingChangeListFragment.java;file:/Users/rar9993/repos/research/fdroid_apps/native_apps/rview/app/src/main/java/com/ruesga/rview/fragments/FollowingChangeListFragment.java|line:126
RedundantFieldInitializer;PMD;/Users/rar9993/repos/research/fdroid_apps/native_apps/rview/NONE_TRANSFORMED_;/Users/rar9993/repos/research/fdroid_apps/native_apps/rview/app/src/main/java/com/ruesga/rview/fragments/GalleryChooserFragment.java;file:/Users/rar9993/repos/research/fdroid_apps/native_apps/rview/app/src/main/java/com/ruesga/rview/fragments/GalleryChooserFragment.java|line:334
RedundantFieldInitializer;PMD;/Users/rar9993/repos/research/fdroid_apps/native_apps/rview/NONE_TRANSFORMED_;/Users/rar9993/repos/research/fdroid_apps/native_apps/rview/app/src/main/java/com/ruesga/rview/fragments/GalleryChooserFragment.java;file:/Users/rar9993/repos/research/fdroid_apps/native_apps/rview/app/src/main/java/com/ruesga/rview/fragments/GalleryChooserFragment.java|line:335
RedundantFieldInitializer;PMD;/Users/rar9993/repos/research/fdroid_apps/native_apps/rview/NONE_TRANSFORMED_;/Users/rar9993/repos/research/fdroid_apps/native_apps/rview/app/src/main/java/com/ruesga/rview/fragments/GalleryChooserFragment.java;file:/Users/rar9993/repos/research/fdroid_apps/native_apps/rview/app/src/main/java/com/ruesga/rview/fragments/GalleryChooserFragment.java|line:336
RedundantFieldInitializer;PMD;/Users/rar9993/repos/research/fdroid_apps/native_apps/rview/NONE_TRANSFORMED_;/Users/rar9993/repos/research/fdroid_apps/native_apps/rview/app/src/main/java/com/ruesga/rview/fragments/GalleryChooserFragment.java;file:/Users/rar9993/repos/research/fdroid_apps/native_apps/rview/app/src/main/java/com/ruesga/rview/fragments/GalleryChooserFragment.java|line:337
RedundantFieldInitializer;PMD;/Users/rar9993/repos/research/fdroid_apps/native_apps/rview/NONE_TRANSFORMED_;/Users/rar9993/repos/research/fdroid_apps/native_apps/rview/app/src/main/java/com/ruesga/rview/fragments/GalleryChooserFragment.java;file:/Users/rar9993/repos/research/fdroid_apps/native_apps/rview/app/src/main/java/com/ruesga/rview/fragments/GalleryChooserFragment.java|line:338
AvoidInstantiatingObjectsInLoops;PMD;/Users/rar9993/repos/research/fdroid_apps/native_apps/rview/NONE_TRANSFORMED_;/Users/rar9993/repos/research/fdroid_apps/native_apps/rview/app/src/main/java/com/ruesga/rview/fragments/GalleryChooserFragment.java;file:/Users/rar9993/repos/research/fdroid_apps/native_apps/rview/app/src/main/java/com/ruesga/rview/fragments/GalleryChooserFragment.java|line:493
RedundantFieldInitializer;PMD;/Users/rar9993/repos/research/fdroid_apps/native_apps/rview/NONE_TRANSFORMED_;/Users/rar9993/repos/research/fdroid_apps/native_apps/rview/app/src/main/java/com/ruesga/rview/fragments/NotificationsFragment.java;file:/Users/rar9993/repos/research/fdroid_apps/native_apps/rview/app/src/main/java/com/ruesga/rview/fragments/NotificationsFragment.java|line:248
AvoidInstantiatingObjectsInLoops;PMD;/Users/rar9993/repos/research/fdroid_apps/native_apps/rview/NONE_TRANSFORMED_;/Users/rar9993/repos/research/fdroid_apps/native_apps/rview/app/src/main/java/com/ruesga/rview/fragments/RevisionRelatedChangesFragment.java;file:/Users/rar9993/repos/research/fdroid_apps/native_apps/rview/app/src/main/java/com/ruesga/rview/fragments/RevisionRelatedChangesFragment.java|line:95
TooFewBranchesForSwitch;PMD;/Users/rar9993/repos/research/fdroid_apps/native_apps/rview/NONE_TRANSFORMED_;/Users/rar9993/repos/research/fdroid_apps/native_apps/rview/app/src/main/java/com/ruesga/rview/fragments/StatsFragment.java;file:/Users/rar9993/repos/research/fdroid_apps/native_apps/rview/app/src/main/java/com/ruesga/rview/fragments/StatsFragment.java|line:81
AvoidInstantiatingObjectsInLoops;PMD;/Users/rar9993/repos/research/fdroid_apps/native_apps/rview/NONE_TRANSFORMED_;/Users/rar9993/repos/research/fdroid_apps/native_apps/rview/app/src/main/java/com/ruesga/rview/fragments/StatsPageFragment.java;file:/Users/rar9993/repos/research/fdroid_apps/native_apps/rview/app/src/main/java/com/ruesga/rview/fragments/StatsPageFragment.java|line:197
AvoidInstantiatingObjectsInLoops;PMD;/Users/rar9993/repos/research/fdroid_apps/native_apps/rview/NONE_TRANSFORMED_;/Users/rar9993/repos/research/fdroid_apps/native_apps/rview/app/src/main/java/com/ruesga/rview/misc/ActivityHelper.java;file:/Users/rar9993/repos/research/fdroid_apps/native_apps/rview/app/src/main/java/com/ruesga/rview/misc/ActivityHelper.java|line:133
AvoidFileStream;PMD;/Users/rar9993/repos/research/fdroid_apps/native_apps/rview/NONE_TRANSFORMED_;/Users/rar9993/repos/research/fdroid_apps/native_apps/rview/app/src/main/java/com/ruesga/rview/misc/BitmapUtils.java;file:/Users/rar9993/repos/research/fdroid_apps/native_apps/rview/app/src/main/java/com/ruesga/rview/misc/BitmapUtils.java|line:121
AvoidFileStream;PMD;/Users/rar9993/repos/research/fdroid_apps/native_apps/rview/NONE_TRANSFORMED_;/Users/rar9993/repos/research/fdroid_apps/native_apps/rview/app/src/main/java/com/ruesga/rview/misc/BitmapUtils.java;file:/Users/rar9993/repos/research/fdroid_apps/native_apps/rview/app/src/main/java/com/ruesga/rview/misc/BitmapUtils.java|line:135
AvoidFileStream;PMD;/Users/rar9993/repos/research/fdroid_apps/native_apps/rview/NONE_TRANSFORMED_;/Users/rar9993/repos/research/fdroid_apps/native_apps/rview/app/src/main/java/com/ruesga/rview/misc/CacheHelper.java;file:/Users/rar9993/repos/research/fdroid_apps/native_apps/rview/app/src/main/java/com/ruesga/rview/misc/CacheHelper.java|line:315
TooFewBranchesForSwitch;PMD;/Users/rar9993/repos/research/fdroid_apps/native_apps/rview/NONE_TRANSFORMED_;/Users/rar9993/repos/research/fdroid_apps/native_apps/rview/app/src/main/java/com/ruesga/rview/misc/ContinuousIntegrationHelper.java;file:/Users/rar9993/repos/research/fdroid_apps/native_apps/rview/app/src/main/java/com/ruesga/rview/misc/ContinuousIntegrationHelper.java|line:58
UseIndexOfChar;PMD;/Users/rar9993/repos/research/fdroid_apps/native_apps/rview/NONE_TRANSFORMED_;/Users/rar9993/repos/research/fdroid_apps/native_apps/rview/app/src/main/java/com/ruesga/rview/misc/ContinuousIntegrationHelper.java;file:/Users/rar9993/repos/research/fdroid_apps/native_apps/rview/app/src/main/java/com/ruesga/rview/misc/ContinuousIntegrationHelper.java|line:103
InefficientEmptyStringCheck;PMD;/Users/rar9993/repos/research/fdroid_apps/native_apps/rview/NONE_TRANSFORMED_;/Users/rar9993/repos/research/fdroid_apps/native_apps/rview/app/src/main/java/com/ruesga/rview/misc/ContinuousIntegrationHelper.java;file:/Users/rar9993/repos/research/fdroid_apps/native_apps/rview/app/src/main/java/com/ruesga/rview/misc/ContinuousIntegrationHelper.java|line:244
InefficientEmptyStringCheck;PMD;/Users/rar9993/repos/research/fdroid_apps/native_apps/rview/NONE_TRANSFORMED_;/Users/rar9993/repos/research/fdroid_apps/native_apps/rview/app/src/main/java/com/ruesga/rview/misc/ContinuousIntegrationHelper.java;file:/Users/rar9993/repos/research/fdroid_apps/native_apps/rview/app/src/main/java/com/ruesga/rview/misc/ContinuousIntegrationHelper.java|line:269
UseIndexOfChar;PMD;/Users/rar9993/repos/research/fdroid_apps/native_apps/rview/NONE_TRANSFORMED_;/Users/rar9993/repos/research/fdroid_apps/native_apps/rview/app/src/main/java/com/ruesga/rview/misc/ContinuousIntegrationHelper.java;file:/Users/rar9993/repos/research/fdroid_apps/native_apps/rview/app/src/main/java/com/ruesga/rview/misc/ContinuousIntegrationHelper.java|line:298
UseIndexOfChar;PMD;/Users/rar9993/repos/research/fdroid_apps/native_apps/rview/NONE_TRANSFORMED_;/Users/rar9993/repos/research/fdroid_apps/native_apps/rview/app/src/main/java/com/ruesga/rview/misc/ContinuousIntegrationHelper.java;file:/Users/rar9993/repos/research/fdroid_apps/native_apps/rview/app/src/main/java/com/ruesga/rview/misc/ContinuousIntegrationHelper.java|line:379
AvoidInstantiatingObjectsInLoops;PMD;/Users/rar9993/repos/research/fdroid_apps/native_apps/rview/NONE_TRANSFORMED_;/Users/rar9993/repos/research/fdroid_apps/native_apps/rview/app/src/main/java/com/ruesga/rview/misc/CustomTabsHelper.java;file:/Users/rar9993/repos/research/fdroid_apps/native_apps/rview/app/src/main/java/com/ruesga/rview/misc/CustomTabsHelper.java|line:71
AvoidInstantiatingObjectsInLoops;PMD;/Users/rar9993/repos/research/fdroid_apps/native_apps/rview/NONE_TRANSFORMED_;/Users/rar9993/repos/research/fdroid_apps/native_apps/rview/app/src/main/java/com/ruesga/rview/misc/DashboardHelper.java;file:/Users/rar9993/repos/research/fdroid_apps/native_apps/rview/app/src/main/java/com/ruesga/rview/misc/DashboardHelper.java|line:51
InefficientEmptyStringCheck;PMD;/Users/rar9993/repos/research/fdroid_apps/native_apps/rview/NONE_TRANSFORMED_;/Users/rar9993/repos/research/fdroid_apps/native_apps/rview/app/src/main/java/com/ruesga/rview/misc/DashboardHelper.java;file:/Users/rar9993/repos/research/fdroid_apps/native_apps/rview/app/src/main/java/com/ruesga/rview/misc/DashboardHelper.java|line:61
AvoidInstantiatingObjectsInLoops;PMD;/Users/rar9993/repos/research/fdroid_apps/native_apps/rview/NONE_TRANSFORMED_;/Users/rar9993/repos/research/fdroid_apps/native_apps/rview/app/src/main/java/com/ruesga/rview/misc/Formatter.java;file:/Users/rar9993/repos/research/fdroid_apps/native_apps/rview/app/src/main/java/com/ruesga/rview/misc/Formatter.java|line:368
AvoidInstantiatingObjectsInLoops;PMD;/Users/rar9993/repos/research/fdroid_apps/native_apps/rview/NONE_TRANSFORMED_;/Users/rar9993/repos/research/fdroid_apps/native_apps/rview/app/src/main/java/com/ruesga/rview/misc/Formatter.java;file:/Users/rar9993/repos/research/fdroid_apps/native_apps/rview/app/src/main/java/com/ruesga/rview/misc/Formatter.java|line:370
AvoidInstantiatingObjectsInLoops;PMD;/Users/rar9993/repos/research/fdroid_apps/native_apps/rview/NONE_TRANSFORMED_;/Users/rar9993/repos/research/fdroid_apps/native_apps/rview/app/src/main/java/com/ruesga/rview/misc/Formatter.java;file:/Users/rar9993/repos/research/fdroid_apps/native_apps/rview/app/src/main/java/com/ruesga/rview/misc/Formatter.java|line:381
AvoidInstantiatingObjectsInLoops;PMD;/Users/rar9993/repos/research/fdroid_apps/native_apps/rview/NONE_TRANSFORMED_;/Users/rar9993/repos/research/fdroid_apps/native_apps/rview/app/src/main/java/com/ruesga/rview/misc/Formatter.java;file:/Users/rar9993/repos/research/fdroid_apps/native_apps/rview/app/src/main/java/com/ruesga/rview/misc/Formatter.java|line:390
UselessStringValueOf;PMD;/Users/rar9993/repos/research/fdroid_apps/native_apps/rview/NONE_TRANSFORMED_;/Users/rar9993/repos/research/fdroid_apps/native_apps/rview/app/src/main/java/com/ruesga/rview/misc/Formatter.java;file:/Users/rar9993/repos/research/fdroid_apps/native_apps/rview/app/src/main/java/com/ruesga/rview/misc/Formatter.java|line:482
UseStringBufferForStringAppends;PMD;/Users/rar9993/repos/research/fdroid_apps/native_apps/rview/NONE_TRANSFORMED_;/Users/rar9993/repos/research/fdroid_apps/native_apps/rview/app/src/main/java/com/ruesga/rview/misc/Formatter.java;file:/Users/rar9993/repos/research/fdroid_apps/native_apps/rview/app/src/main/java/com/ruesga/rview/misc/Formatter.java|line:538
UseStringBufferForStringAppends;PMD;/Users/rar9993/repos/research/fdroid_apps/native_apps/rview/NONE_TRANSFORMED_;/Users/rar9993/repos/research/fdroid_apps/native_apps/rview/app/src/main/java/com/ruesga/rview/misc/Formatter.java;file:/Users/rar9993/repos/research/fdroid_apps/native_apps/rview/app/src/main/java/com/ruesga/rview/misc/Formatter.java|line:541
UseStringBufferForStringAppends;PMD;/Users/rar9993/repos/research/fdroid_apps/native_apps/rview/NONE_TRANSFORMED_;/Users/rar9993/repos/research/fdroid_apps/native_apps/rview/app/src/main/java/com/ruesga/rview/misc/Formatter.java;file:/Users/rar9993/repos/research/fdroid_apps/native_apps/rview/app/src/main/java/com/ruesga/rview/misc/Formatter.java|line:735
UseStringBufferForStringAppends;PMD;/Users/rar9993/repos/research/fdroid_apps/native_apps/rview/NONE_TRANSFORMED_;/Users/rar9993/repos/research/fdroid_apps/native_apps/rview/app/src/main/java/com/ruesga/rview/misc/Formatter.java;file:/Users/rar9993/repos/research/fdroid_apps/native_apps/rview/app/src/main/java/com/ruesga/rview/misc/Formatter.java|line:737
UseStringBufferForStringAppends;PMD;/Users/rar9993/repos/research/fdroid_apps/native_apps/rview/NONE_TRANSFORMED_;/Users/rar9993/repos/research/fdroid_apps/native_apps/rview/app/src/main/java/com/ruesga/rview/misc/Formatter.java;file:/Users/rar9993/repos/research/fdroid_apps/native_apps/rview/app/src/main/java/com/ruesga/rview/misc/Formatter.java|line:740
AppendCharacterWithChar;PMD;/Users/rar9993/repos/research/fdroid_apps/native_apps/rview/NONE_TRANSFORMED_;/Users/rar9993/repos/research/fdroid_apps/native_apps/rview/app/src/main/java/com/ruesga/rview/misc/Formatter.java;file:/Users/rar9993/repos/research/fdroid_apps/native_apps/rview/app/src/main/java/com/ruesga/rview/misc/Formatter.java|line:1033
AvoidInstantiatingObjectsInLoops;PMD;/Users/rar9993/repos/research/fdroid_apps/native_apps/rview/NONE_TRANSFORMED_;/Users/rar9993/repos/research/fdroid_apps/native_apps/rview/app/src/main/java/com/ruesga/rview/misc/Formatter.java;file:/Users/rar9993/repos/research/fdroid_apps/native_apps/rview/app/src/main/java/com/ruesga/rview/misc/Formatter.java|line:1071
BigIntegerInstantiation;PMD;/Users/rar9993/repos/research/fdroid_apps/native_apps/rview/NONE_TRANSFORMED_;/Users/rar9993/repos/research/fdroid_apps/native_apps/rview/app/src/main/java/com/ruesga/rview/misc/FowlerNollVo.java;file:/Users/rar9993/repos/research/fdroid_apps/native_apps/rview/app/src/main/java/com/ruesga/rview/misc/FowlerNollVo.java|line:11
BigIntegerInstantiation;PMD;/Users/rar9993/repos/research/fdroid_apps/native_apps/rview/NONE_TRANSFORMED_;/Users/rar9993/repos/research/fdroid_apps/native_apps/rview/app/src/main/java/com/ruesga/rview/misc/FowlerNollVo.java;file:/Users/rar9993/repos/research/fdroid_apps/native_apps/rview/app/src/main/java/com/ruesga/rview/misc/FowlerNollVo.java|line:12
AppendCharacterWithChar;PMD;/Users/rar9993/repos/research/fdroid_apps/native_apps/rview/NONE_TRANSFORMED_;/Users/rar9993/repos/research/fdroid_apps/native_apps/rview/app/src/main/java/com/ruesga/rview/misc/ModelHelper.java;file:/Users/rar9993/repos/research/fdroid_apps/native_apps/rview/app/src/main/java/com/ruesga/rview/misc/ModelHelper.java|line:236
AvoidInstantiatingObjectsInLoops;PMD;/Users/rar9993/repos/research/fdroid_apps/native_apps/rview/NONE_TRANSFORMED_;/Users/rar9993/repos/research/fdroid_apps/native_apps/rview/app/src/main/java/com/ruesga/rview/misc/ModelHelper.java;file:/Users/rar9993/repos/research/fdroid_apps/native_apps/rview/app/src/main/java/com/ruesga/rview/misc/ModelHelper.java|line:334
AvoidInstantiatingObjectsInLoops;PMD;/Users/rar9993/repos/research/fdroid_apps/native_apps/rview/NONE_TRANSFORMED_;/Users/rar9993/repos/research/fdroid_apps/native_apps/rview/app/src/main/java/com/ruesga/rview/misc/ModelHelper.java;file:/Users/rar9993/repos/research/fdroid_apps/native_apps/rview/app/src/main/java/com/ruesga/rview/misc/ModelHelper.java|line:340
AvoidInstantiatingObjectsInLoops;PMD;/Users/rar9993/repos/research/fdroid_apps/native_apps/rview/NONE_TRANSFORMED_;/Users/rar9993/repos/research/fdroid_apps/native_apps/rview/app/src/main/java/com/ruesga/rview/misc/ModelHelper.java;file:/Users/rar9993/repos/research/fdroid_apps/native_apps/rview/app/src/main/java/com/ruesga/rview/misc/ModelHelper.java|line:342
AvoidInstantiatingObjectsInLoops;PMD;/Users/rar9993/repos/research/fdroid_apps/native_apps/rview/NONE_TRANSFORMED_;/Users/rar9993/repos/research/fdroid_apps/native_apps/rview/app/src/main/java/com/ruesga/rview/misc/ModelHelper.java;file:/Users/rar9993/repos/research/fdroid_apps/native_apps/rview/app/src/main/java/com/ruesga/rview/misc/ModelHelper.java|line:798
AvoidInstantiatingObjectsInLoops;PMD;/Users/rar9993/repos/research/fdroid_apps/native_apps/rview/NONE_TRANSFORMED_;/Users/rar9993/repos/research/fdroid_apps/native_apps/rview/app/src/main/java/com/ruesga/rview/misc/NotificationsHelper.java;file:/Users/rar9993/repos/research/fdroid_apps/native_apps/rview/app/src/main/java/com/ruesga/rview/misc/NotificationsHelper.java|line:224
InefficientEmptyStringCheck;PMD;/Users/rar9993/repos/research/fdroid_apps/native_apps/rview/NONE_TRANSFORMED_;/Users/rar9993/repos/research/fdroid_apps/native_apps/rview/app/src/main/java/com/ruesga/rview/misc/NotificationsHelper.java;file:/Users/rar9993/repos/research/fdroid_apps/native_apps/rview/app/src/main/java/com/ruesga/rview/misc/NotificationsHelper.java|line:399
TooFewBranchesForSwitch;PMD;/Users/rar9993/repos/research/fdroid_apps/native_apps/rview/NONE_TRANSFORMED_;/Users/rar9993/repos/research/fdroid_apps/native_apps/rview/app/src/main/java/com/ruesga/rview/misc/NotificationsHelper.java;file:/Users/rar9993/repos/research/fdroid_apps/native_apps/rview/app/src/main/java/com/ruesga/rview/misc/NotificationsHelper.java|line:466
AppendCharacterWithChar;PMD;/Users/rar9993/repos/research/fdroid_apps/native_apps/rview/NONE_TRANSFORMED_;/Users/rar9993/repos/research/fdroid_apps/native_apps/rview/app/src/main/java/com/ruesga/rview/misc/StringHelper.java;file:/Users/rar9993/repos/research/fdroid_apps/native_apps/rview/app/src/main/java/com/ruesga/rview/misc/StringHelper.java|line:115
AppendCharacterWithChar;PMD;/Users/rar9993/repos/research/fdroid_apps/native_apps/rview/NONE_TRANSFORMED_;/Users/rar9993/repos/research/fdroid_apps/native_apps/rview/app/src/main/java/com/ruesga/rview/misc/StringHelper.java;file:/Users/rar9993/repos/research/fdroid_apps/native_apps/rview/app/src/main/java/com/ruesga/rview/misc/StringHelper.java|line:120
AppendCharacterWithChar;PMD;/Users/rar9993/repos/research/fdroid_apps/native_apps/rview/NONE_TRANSFORMED_;/Users/rar9993/repos/research/fdroid_apps/native_apps/rview/app/src/main/java/com/ruesga/rview/misc/StringHelper.java;file:/Users/rar9993/repos/research/fdroid_apps/native_apps/rview/app/src/main/java/com/ruesga/rview/misc/StringHelper.java|line:123
ConsecutiveAppendsShouldReuse;PMD;/Users/rar9993/repos/research/fdroid_apps/native_apps/rview/NONE_TRANSFORMED_;/Users/rar9993/repos/research/fdroid_apps/native_apps/rview/app/src/main/java/com/ruesga/rview/misc/StringHelper.java;file:/Users/rar9993/repos/research/fdroid_apps/native_apps/rview/app/src/main/java/com/ruesga/rview/misc/StringHelper.java|line:157
AppendCharacterWithChar;PMD;/Users/rar9993/repos/research/fdroid_apps/native_apps/rview/NONE_TRANSFORMED_;/Users/rar9993/repos/research/fdroid_apps/native_apps/rview/app/src/main/java/com/ruesga/rview/misc/StringHelper.java;file:/Users/rar9993/repos/research/fdroid_apps/native_apps/rview/app/src/main/java/com/ruesga/rview/misc/StringHelper.java|line:157
AppendCharacterWithChar;PMD;/Users/rar9993/repos/research/fdroid_apps/native_apps/rview/NONE_TRANSFORMED_;/Users/rar9993/repos/research/fdroid_apps/native_apps/rview/app/src/main/java/com/ruesga/rview/misc/StringHelper.java;file:/Users/rar9993/repos/research/fdroid_apps/native_apps/rview/app/src/main/java/com/ruesga/rview/misc/StringHelper.java|line:160
ConsecutiveAppendsShouldReuse;PMD;/Users/rar9993/repos/research/fdroid_apps/native_apps/rview/NONE_TRANSFORMED_;/Users/rar9993/repos/research/fdroid_apps/native_apps/rview/app/src/main/java/com/ruesga/rview/misc/StringHelper.java;file:/Users/rar9993/repos/research/fdroid_apps/native_apps/rview/app/src/main/java/com/ruesga/rview/misc/StringHelper.java|line:168
AppendCharacterWithChar;PMD;/Users/rar9993/repos/research/fdroid_apps/native_apps/rview/NONE_TRANSFORMED_;/Users/rar9993/repos/research/fdroid_apps/native_apps/rview/app/src/main/java/com/ruesga/rview/misc/StringHelper.java;file:/Users/rar9993/repos/research/fdroid_apps/native_apps/rview/app/src/main/java/com/ruesga/rview/misc/StringHelper.java|line:168
AppendCharacterWithChar;PMD;/Users/rar9993/repos/research/fdroid_apps/native_apps/rview/NONE_TRANSFORMED_;/Users/rar9993/repos/research/fdroid_apps/native_apps/rview/app/src/main/java/com/ruesga/rview/misc/StringHelper.java;file:/Users/rar9993/repos/research/fdroid_apps/native_apps/rview/app/src/main/java/com/ruesga/rview/misc/StringHelper.java|line:190
AppendCharacterWithChar;PMD;/Users/rar9993/repos/research/fdroid_apps/native_apps/rview/NONE_TRANSFORMED_;/Users/rar9993/repos/research/fdroid_apps/native_apps/rview/app/src/main/java/com/ruesga/rview/misc/StringHelper.java;file:/Users/rar9993/repos/research/fdroid_apps/native_apps/rview/app/src/main/java/com/ruesga/rview/misc/StringHelper.java|line:195
UseStringBufferForStringAppends;PMD;/Users/rar9993/repos/research/fdroid_apps/native_apps/rview/NONE_TRANSFORMED_;/Users/rar9993/repos/research/fdroid_apps/native_apps/rview/app/src/main/java/com/ruesga/rview/misc/StringHelper.java;file:/Users/rar9993/repos/research/fdroid_apps/native_apps/rview/app/src/main/java/com/ruesga/rview/misc/StringHelper.java|line:271
AppendCharacterWithChar;PMD;/Users/rar9993/repos/research/fdroid_apps/native_apps/rview/NONE_TRANSFORMED_;/Users/rar9993/repos/research/fdroid_apps/native_apps/rview/app/src/main/java/com/ruesga/rview/misc/StringHelper.java;file:/Users/rar9993/repos/research/fdroid_apps/native_apps/rview/app/src/main/java/com/ruesga/rview/misc/StringHelper.java|line:279
AppendCharacterWithChar;PMD;/Users/rar9993/repos/research/fdroid_apps/native_apps/rview/NONE_TRANSFORMED_;/Users/rar9993/repos/research/fdroid_apps/native_apps/rview/app/src/main/java/com/ruesga/rview/misc/StringHelper.java;file:/Users/rar9993/repos/research/fdroid_apps/native_apps/rview/app/src/main/java/com/ruesga/rview/misc/StringHelper.java|line:303
AppendCharacterWithChar;PMD;/Users/rar9993/repos/research/fdroid_apps/native_apps/rview/NONE_TRANSFORMED_;/Users/rar9993/repos/research/fdroid_apps/native_apps/rview/app/src/main/java/com/ruesga/rview/misc/StringHelper.java;file:/Users/rar9993/repos/research/fdroid_apps/native_apps/rview/app/src/main/java/com/ruesga/rview/misc/StringHelper.java|line:306
AppendCharacterWithChar;PMD;/Users/rar9993/repos/research/fdroid_apps/native_apps/rview/NONE_TRANSFORMED_;/Users/rar9993/repos/research/fdroid_apps/native_apps/rview/app/src/main/java/com/ruesga/rview/misc/StringHelper.java;file:/Users/rar9993/repos/research/fdroid_apps/native_apps/rview/app/src/main/java/com/ruesga/rview/misc/StringHelper.java|line:341
UseIndexOfChar;PMD;/Users/rar9993/repos/research/fdroid_apps/native_apps/rview/NONE_TRANSFORMED_;/Users/rar9993/repos/research/fdroid_apps/native_apps/rview/app/src/main/java/com/ruesga/rview/misc/StringHelper.java;file:/Users/rar9993/repos/research/fdroid_apps/native_apps/rview/app/src/main/java/com/ruesga/rview/misc/StringHelper.java|line:397
UseIndexOfChar;PMD;/Users/rar9993/repos/research/fdroid_apps/native_apps/rview/NONE_TRANSFORMED_;/Users/rar9993/repos/research/fdroid_apps/native_apps/rview/app/src/main/java/com/ruesga/rview/misc/StringHelper.java;file:/Users/rar9993/repos/research/fdroid_apps/native_apps/rview/app/src/main/java/com/ruesga/rview/misc/StringHelper.java|line:399
UseIndexOfChar;PMD;/Users/rar9993/repos/research/fdroid_apps/native_apps/rview/NONE_TRANSFORMED_;/Users/rar9993/repos/research/fdroid_apps/native_apps/rview/app/src/main/java/com/ruesga/rview/misc/StringHelper.java;file:/Users/rar9993/repos/research/fdroid_apps/native_apps/rview/app/src/main/java/com/ruesga/rview/misc/StringHelper.java|line:409
AppendCharacterWithChar;PMD;/Users/rar9993/repos/research/fdroid_apps/native_apps/rview/NONE_TRANSFORMED_;/Users/rar9993/repos/research/fdroid_apps/native_apps/rview/app/src/main/java/com/ruesga/rview/misc/StringHelper.java;file:/Users/rar9993/repos/research/fdroid_apps/native_apps/rview/app/src/main/java/com/ruesga/rview/misc/StringHelper.java|line:455
UseIndexOfChar;PMD;/Users/rar9993/repos/research/fdroid_apps/native_apps/rview/NONE_TRANSFORMED_;/Users/rar9993/repos/research/fdroid_apps/native_apps/rview/app/src/main/java/com/ruesga/rview/misc/StringHelper.java;file:/Users/rar9993/repos/research/fdroid_apps/native_apps/rview/app/src/main/java/com/ruesga/rview/misc/StringHelper.java|line:502
TooFewBranchesForSwitch;PMD;/Users/rar9993/repos/research/fdroid_apps/native_apps/rview/NONE_TRANSFORMED_;/Users/rar9993/repos/research/fdroid_apps/native_apps/rview/app/src/main/java/com/ruesga/rview/misc/TypefaceCache.java;file:/Users/rar9993/repos/research/fdroid_apps/native_apps/rview/app/src/main/java/com/ruesga/rview/misc/TypefaceCache.java|line:54
TooFewBranchesForSwitch;PMD;/Users/rar9993/repos/research/fdroid_apps/native_apps/rview/NONE_TRANSFORMED_;/Users/rar9993/repos/research/fdroid_apps/native_apps/rview/app/src/main/java/com/ruesga/rview/misc/TypefaceCache.java;file:/Users/rar9993/repos/research/fdroid_apps/native_apps/rview/app/src/main/java/com/ruesga/rview/misc/TypefaceCache.java|line:63
UseIndexOfChar;PMD;/Users/rar9993/repos/research/fdroid_apps/native_apps/rview/NONE_TRANSFORMED_;/Users/rar9993/repos/research/fdroid_apps/native_apps/rview/app/src/main/java/com/ruesga/rview/misc/UriHelper.java;file:/Users/rar9993/repos/research/fdroid_apps/native_apps/rview/app/src/main/java/com/ruesga/rview/misc/UriHelper.java|line:80
UseIndexOfChar;PMD;/Users/rar9993/repos/research/fdroid_apps/native_apps/rview/NONE_TRANSFORMED_;/Users/rar9993/repos/research/fdroid_apps/native_apps/rview/app/src/main/java/com/ruesga/rview/misc/UriHelper.java;file:/Users/rar9993/repos/research/fdroid_apps/native_apps/rview/app/src/main/java/com/ruesga/rview/misc/UriHelper.java|line:115
UseIndexOfChar;PMD;/Users/rar9993/repos/research/fdroid_apps/native_apps/rview/NONE_TRANSFORMED_;/Users/rar9993/repos/research/fdroid_apps/native_apps/rview/app/src/main/java/com/ruesga/rview/misc/UriHelper.java;file:/Users/rar9993/repos/research/fdroid_apps/native_apps/rview/app/src/main/java/com/ruesga/rview/misc/UriHelper.java|line:119
UseStringBufferForStringAppends;PMD;/Users/rar9993/repos/research/fdroid_apps/native_apps/rview/NONE_TRANSFORMED_;/Users/rar9993/repos/research/fdroid_apps/native_apps/rview/app/src/main/java/com/ruesga/rview/misc/VectorDrawableConverter.java;file:/Users/rar9993/repos/research/fdroid_apps/native_apps/rview/app/src/main/java/com/ruesga/rview/misc/VectorDrawableConverter.java|line:87
UseStringBufferForStringAppends;PMD;/Users/rar9993/repos/research/fdroid_apps/native_apps/rview/NONE_TRANSFORMED_;/Users/rar9993/repos/research/fdroid_apps/native_apps/rview/app/src/main/java/com/ruesga/rview/misc/VectorDrawableConverter.java;file:/Users/rar9993/repos/research/fdroid_apps/native_apps/rview/app/src/main/java/com/ruesga/rview/misc/VectorDrawableConverter.java|line:96
UseStringBufferForStringAppends;PMD;/Users/rar9993/repos/research/fdroid_apps/native_apps/rview/NONE_TRANSFORMED_;/Users/rar9993/repos/research/fdroid_apps/native_apps/rview/app/src/main/java/com/ruesga/rview/misc/VectorDrawableConverter.java;file:/Users/rar9993/repos/research/fdroid_apps/native_apps/rview/app/src/main/java/com/ruesga/rview/misc/VectorDrawableConverter.java|line:107
UseStringBufferForStringAppends;PMD;/Users/rar9993/repos/research/fdroid_apps/native_apps/rview/NONE_TRANSFORMED_;/Users/rar9993/repos/research/fdroid_apps/native_apps/rview/app/src/main/java/com/ruesga/rview/misc/VectorDrawableConverter.java;file:/Users/rar9993/repos/research/fdroid_apps/native_apps/rview/app/src/main/java/com/ruesga/rview/misc/VectorDrawableConverter.java|line:112
UseIndexOfChar;PMD;/Users/rar9993/repos/research/fdroid_apps/native_apps/rview/NONE_TRANSFORMED_;/Users/rar9993/repos/research/fdroid_apps/native_apps/rview/app/src/main/java/com/ruesga/rview/misc/VectorDrawableConverter.java;file:/Users/rar9993/repos/research/fdroid_apps/native_apps/rview/app/src/main/java/com/ruesga/rview/misc/VectorDrawableConverter.java|line:178
UseIndexOfChar;PMD;/Users/rar9993/repos/research/fdroid_apps/native_apps/rview/NONE_TRANSFORMED_;/Users/rar9993/repos/research/fdroid_apps/native_apps/rview/app/src/main/java/com/ruesga/rview/misc/VectorDrawableConverter.java;file:/Users/rar9993/repos/research/fdroid_apps/native_apps/rview/app/src/main/java/com/ruesga/rview/misc/VectorDrawableConverter.java|line:179
AvoidInstantiatingObjectsInLoops;PMD;/Users/rar9993/repos/research/fdroid_apps/native_apps/rview/NONE_TRANSFORMED_;/Users/rar9993/repos/research/fdroid_apps/native_apps/rview/app/src/main/java/com/ruesga/rview/misc/VectorDrawableConverter.java;file:/Users/rar9993/repos/research/fdroid_apps/native_apps/rview/app/src/main/java/com/ruesga/rview/misc/VectorDrawableConverter.java|line:223
AvoidInstantiatingObjectsInLoops;PMD;/Users/rar9993/repos/research/fdroid_apps/native_apps/rview/NONE_TRANSFORMED_;/Users/rar9993/repos/research/fdroid_apps/native_apps/rview/app/src/main/java/com/ruesga/rview/misc/VectorDrawableConverter.java;file:/Users/rar9993/repos/research/fdroid_apps/native_apps/rview/app/src/main/java/com/ruesga/rview/misc/VectorDrawableConverter.java|line:229
AvoidInstantiatingObjectsInLoops;PMD;/Users/rar9993/repos/research/fdroid_apps/native_apps/rview/NONE_TRANSFORMED_;/Users/rar9993/repos/research/fdroid_apps/native_apps/rview/app/src/main/java/com/ruesga/rview/misc/VectorDrawableConverter.java;file:/Users/rar9993/repos/research/fdroid_apps/native_apps/rview/app/src/main/java/com/ruesga/rview/misc/VectorDrawableConverter.java|line:243
TooFewBranchesForSwitch;PMD;/Users/rar9993/repos/research/fdroid_apps/native_apps/rview/NONE_TRANSFORMED_;/Users/rar9993/repos/research/fdroid_apps/native_apps/rview/app/src/main/java/com/ruesga/rview/misc/VectorDrawableConverter.java;file:/Users/rar9993/repos/research/fdroid_apps/native_apps/rview/app/src/main/java/com/ruesga/rview/misc/VectorDrawableConverter.java|line:273
UseStringBufferForStringAppends;PMD;/Users/rar9993/repos/research/fdroid_apps/native_apps/rview/NONE_TRANSFORMED_;/Users/rar9993/repos/research/fdroid_apps/native_apps/rview/app/src/main/java/com/ruesga/rview/providers/NotificationEntity.java;file:/Users/rar9993/repos/research/fdroid_apps/native_apps/rview/app/src/main/java/com/ruesga/rview/providers/NotificationEntity.java|line:114
UseStringBufferForStringAppends;PMD;/Users/rar9993/repos/research/fdroid_apps/native_apps/rview/NONE_TRANSFORMED_;/Users/rar9993/repos/research/fdroid_apps/native_apps/rview/app/src/main/java/com/ruesga/rview/providers/NotificationEntity.java;file:/Users/rar9993/repos/research/fdroid_apps/native_apps/rview/app/src/main/java/com/ruesga/rview/providers/NotificationEntity.java|line:117
UseStringBufferForStringAppends;PMD;/Users/rar9993/repos/research/fdroid_apps/native_apps/rview/NONE_TRANSFORMED_;/Users/rar9993/repos/research/fdroid_apps/native_apps/rview/app/src/main/java/com/ruesga/rview/providers/NotificationEntity.java;file:/Users/rar9993/repos/research/fdroid_apps/native_apps/rview/app/src/main/java/com/ruesga/rview/providers/NotificationEntity.java|line:142
UseStringBufferForStringAppends;PMD;/Users/rar9993/repos/research/fdroid_apps/native_apps/rview/NONE_TRANSFORMED_;/Users/rar9993/repos/research/fdroid_apps/native_apps/rview/app/src/main/java/com/ruesga/rview/providers/NotificationEntity.java;file:/Users/rar9993/repos/research/fdroid_apps/native_apps/rview/app/src/main/java/com/ruesga/rview/providers/NotificationEntity.java|line:145
TooFewBranchesForSwitch;PMD;/Users/rar9993/repos/research/fdroid_apps/native_apps/rview/NONE_TRANSFORMED_;/Users/rar9993/repos/research/fdroid_apps/native_apps/rview/app/src/main/java/com/ruesga/rview/providers/RviewProvider.java;file:/Users/rar9993/repos/research/fdroid_apps/native_apps/rview/app/src/main/java/com/ruesga/rview/providers/RviewProvider.java|line:118
TooFewBranchesForSwitch;PMD;/Users/rar9993/repos/research/fdroid_apps/native_apps/rview/NONE_TRANSFORMED_;/Users/rar9993/repos/research/fdroid_apps/native_apps/rview/app/src/main/java/com/ruesga/rview/providers/RviewProvider.java;file:/Users/rar9993/repos/research/fdroid_apps/native_apps/rview/app/src/main/java/com/ruesga/rview/providers/RviewProvider.java|line:138
TooFewBranchesForSwitch;PMD;/Users/rar9993/repos/research/fdroid_apps/native_apps/rview/NONE_TRANSFORMED_;/Users/rar9993/repos/research/fdroid_apps/native_apps/rview/app/src/main/java/com/ruesga/rview/providers/RviewProvider.java;file:/Users/rar9993/repos/research/fdroid_apps/native_apps/rview/app/src/main/java/com/ruesga/rview/providers/RviewProvider.java|line:159
AvoidInstantiatingObjectsInLoops;PMD;/Users/rar9993/repos/research/fdroid_apps/native_apps/rview/NONE_TRANSFORMED_;/Users/rar9993/repos/research/fdroid_apps/native_apps/rview/app/src/main/java/com/ruesga/rview/services/AccountStatusFetcherService.java;file:/Users/rar9993/repos/research/fdroid_apps/native_apps/rview/app/src/main/java/com/ruesga/rview/services/AccountStatusFetcherService.java|line:56
AvoidFileStream;PMD;/Users/rar9993/repos/research/fdroid_apps/native_apps/rview/NONE_TRANSFORMED_;/Users/rar9993/repos/research/fdroid_apps/native_apps/rview/app/src/main/java/com/ruesga/rview/tasks/AsyncImageDiffProcessor.java;file:/Users/rar9993/repos/research/fdroid_apps/native_apps/rview/app/src/main/java/com/ruesga/rview/tasks/AsyncImageDiffProcessor.java|line:181
AvoidFileStream;PMD;/Users/rar9993/repos/research/fdroid_apps/native_apps/rview/NONE_TRANSFORMED_;/Users/rar9993/repos/research/fdroid_apps/native_apps/rview/app/src/main/java/com/ruesga/rview/tasks/AsyncImageDiffProcessor.java;file:/Users/rar9993/repos/research/fdroid_apps/native_apps/rview/app/src/main/java/com/ruesga/rview/tasks/AsyncImageDiffProcessor.java|line:200
AvoidFileStream;PMD;/Users/rar9993/repos/research/fdroid_apps/native_apps/rview/NONE_TRANSFORMED_;/Users/rar9993/repos/research/fdroid_apps/native_apps/rview/app/src/main/java/com/ruesga/rview/tasks/AsyncImageDiffProcessor.java;file:/Users/rar9993/repos/research/fdroid_apps/native_apps/rview/app/src/main/java/com/ruesga/rview/tasks/AsyncImageDiffProcessor.java|line:223
AvoidInstantiatingObjectsInLoops;PMD;/Users/rar9993/repos/research/fdroid_apps/native_apps/rview/NONE_TRANSFORMED_;/Users/rar9993/repos/research/fdroid_apps/native_apps/rview/app/src/main/java/com/ruesga/rview/tasks/AsyncTextDiffProcessor.java;file:/Users/rar9993/repos/research/fdroid_apps/native_apps/rview/app/src/main/java/com/ruesga/rview/tasks/AsyncTextDiffProcessor.java|line:175
AvoidInstantiatingObjectsInLoops;PMD;/Users/rar9993/repos/research/fdroid_apps/native_apps/rview/NONE_TRANSFORMED_;/Users/rar9993/repos/research/fdroid_apps/native_apps/rview/app/src/main/java/com/ruesga/rview/tasks/AsyncTextDiffProcessor.java;file:/Users/rar9993/repos/research/fdroid_apps/native_apps/rview/app/src/main/java/com/ruesga/rview/tasks/AsyncTextDiffProcessor.java|line:196
AvoidInstantiatingObjectsInLoops;PMD;/Users/rar9993/repos/research/fdroid_apps/native_apps/rview/NONE_TRANSFORMED_;/Users/rar9993/repos/research/fdroid_apps/native_apps/rview/app/src/main/java/com/ruesga/rview/tasks/AsyncTextDiffProcessor.java;file:/Users/rar9993/repos/research/fdroid_apps/native_apps/rview/app/src/main/java/com/ruesga/rview/tasks/AsyncTextDiffProcessor.java|line:228
AvoidInstantiatingObjectsInLoops;PMD;/Users/rar9993/repos/research/fdroid_apps/native_apps/rview/NONE_TRANSFORMED_;/Users/rar9993/repos/research/fdroid_apps/native_apps/rview/app/src/main/java/com/ruesga/rview/tasks/AsyncTextDiffProcessor.java;file:/Users/rar9993/repos/research/fdroid_apps/native_apps/rview/app/src/main/java/com/ruesga/rview/tasks/AsyncTextDiffProcessor.java|line:302
AvoidInstantiatingObjectsInLoops;PMD;/Users/rar9993/repos/research/fdroid_apps/native_apps/rview/NONE_TRANSFORMED_;/Users/rar9993/repos/research/fdroid_apps/native_apps/rview/app/src/main/java/com/ruesga/rview/tasks/AsyncTextDiffProcessor.java;file:/Users/rar9993/repos/research/fdroid_apps/native_apps/rview/app/src/main/java/com/ruesga/rview/tasks/AsyncTextDiffProcessor.java|line:315
AvoidInstantiatingObjectsInLoops;PMD;/Users/rar9993/repos/research/fdroid_apps/native_apps/rview/NONE_TRANSFORMED_;/Users/rar9993/repos/research/fdroid_apps/native_apps/rview/app/src/main/java/com/ruesga/rview/tasks/AsyncTextDiffProcessor.java;file:/Users/rar9993/repos/research/fdroid_apps/native_apps/rview/app/src/main/java/com/ruesga/rview/tasks/AsyncTextDiffProcessor.java|line:339
AvoidInstantiatingObjectsInLoops;PMD;/Users/rar9993/repos/research/fdroid_apps/native_apps/rview/NONE_TRANSFORMED_;/Users/rar9993/repos/research/fdroid_apps/native_apps/rview/app/src/main/java/com/ruesga/rview/tasks/AsyncTextDiffProcessor.java;file:/Users/rar9993/repos/research/fdroid_apps/native_apps/rview/app/src/main/java/com/ruesga/rview/tasks/AsyncTextDiffProcessor.java|line:352
AvoidInstantiatingObjectsInLoops;PMD;/Users/rar9993/repos/research/fdroid_apps/native_apps/rview/NONE_TRANSFORMED_;/Users/rar9993/repos/research/fdroid_apps/native_apps/rview/app/src/main/java/com/ruesga/rview/tasks/AsyncTextDiffProcessor.java;file:/Users/rar9993/repos/research/fdroid_apps/native_apps/rview/app/src/main/java/com/ruesga/rview/tasks/AsyncTextDiffProcessor.java|line:427
AvoidInstantiatingObjectsInLoops;PMD;/Users/rar9993/repos/research/fdroid_apps/native_apps/rview/NONE_TRANSFORMED_;/Users/rar9993/repos/research/fdroid_apps/native_apps/rview/app/src/main/java/com/ruesga/rview/tasks/AsyncTextDiffProcessor.java;file:/Users/rar9993/repos/research/fdroid_apps/native_apps/rview/app/src/main/java/com/ruesga/rview/tasks/AsyncTextDiffProcessor.java|line:430
AvoidInstantiatingObjectsInLoops;PMD;/Users/rar9993/repos/research/fdroid_apps/native_apps/rview/NONE_TRANSFORMED_;/Users/rar9993/repos/research/fdroid_apps/native_apps/rview/app/src/main/java/com/ruesga/rview/tasks/AsyncTextDiffProcessor.java;file:/Users/rar9993/repos/research/fdroid_apps/native_apps/rview/app/src/main/java/com/ruesga/rview/tasks/AsyncTextDiffProcessor.java|line:432
AvoidInstantiatingObjectsInLoops;PMD;/Users/rar9993/repos/research/fdroid_apps/native_apps/rview/NONE_TRANSFORMED_;/Users/rar9993/repos/research/fdroid_apps/native_apps/rview/app/src/main/java/com/ruesga/rview/tasks/AsyncTextDiffProcessor.java;file:/Users/rar9993/repos/research/fdroid_apps/native_apps/rview/app/src/main/java/com/ruesga/rview/tasks/AsyncTextDiffProcessor.java|line:453
AvoidInstantiatingObjectsInLoops;PMD;/Users/rar9993/repos/research/fdroid_apps/native_apps/rview/NONE_TRANSFORMED_;/Users/rar9993/repos/research/fdroid_apps/native_apps/rview/app/src/main/java/com/ruesga/rview/tasks/AsyncTextDiffProcessor.java;file:/Users/rar9993/repos/research/fdroid_apps/native_apps/rview/app/src/main/java/com/ruesga/rview/tasks/AsyncTextDiffProcessor.java|line:546
AvoidInstantiatingObjectsInLoops;PMD;/Users/rar9993/repos/research/fdroid_apps/native_apps/rview/NONE_TRANSFORMED_;/Users/rar9993/repos/research/fdroid_apps/native_apps/rview/app/src/main/java/com/ruesga/rview/tasks/AsyncTextDiffProcessor.java;file:/Users/rar9993/repos/research/fdroid_apps/native_apps/rview/app/src/main/java/com/ruesga/rview/tasks/AsyncTextDiffProcessor.java|line:548
AvoidInstantiatingObjectsInLoops;PMD;/Users/rar9993/repos/research/fdroid_apps/native_apps/rview/NONE_TRANSFORMED_;/Users/rar9993/repos/research/fdroid_apps/native_apps/rview/app/src/main/java/com/ruesga/rview/tasks/AsyncTextDiffProcessor.java;file:/Users/rar9993/repos/research/fdroid_apps/native_apps/rview/app/src/main/java/com/ruesga/rview/tasks/AsyncTextDiffProcessor.java|line:627
AvoidInstantiatingObjectsInLoops;PMD;/Users/rar9993/repos/research/fdroid_apps/native_apps/rview/NONE_TRANSFORMED_;/Users/rar9993/repos/research/fdroid_apps/native_apps/rview/app/src/main/java/com/ruesga/rview/tasks/AsyncTextDiffProcessor.java;file:/Users/rar9993/repos/research/fdroid_apps/native_apps/rview/app/src/main/java/com/ruesga/rview/tasks/AsyncTextDiffProcessor.java|line:645
AvoidInstantiatingObjectsInLoops;PMD;/Users/rar9993/repos/research/fdroid_apps/native_apps/rview/NONE_TRANSFORMED_;/Users/rar9993/repos/research/fdroid_apps/native_apps/rview/app/src/main/java/com/ruesga/rview/tasks/AsyncTextDiffProcessor.java;file:/Users/rar9993/repos/research/fdroid_apps/native_apps/rview/app/src/main/java/com/ruesga/rview/tasks/AsyncTextDiffProcessor.java|line:669
AvoidInstantiatingObjectsInLoops;PMD;/Users/rar9993/repos/research/fdroid_apps/native_apps/rview/NONE_TRANSFORMED_;/Users/rar9993/repos/research/fdroid_apps/native_apps/rview/app/src/main/java/com/ruesga/rview/tasks/AsyncTextDiffProcessor.java;file:/Users/rar9993/repos/research/fdroid_apps/native_apps/rview/app/src/main/java/com/ruesga/rview/tasks/AsyncTextDiffProcessor.java|line:696
AvoidInstantiatingObjectsInLoops;PMD;/Users/rar9993/repos/research/fdroid_apps/native_apps/rview/NONE_TRANSFORMED_;/Users/rar9993/repos/research/fdroid_apps/native_apps/rview/app/src/main/java/com/ruesga/rview/tasks/AsyncTextDiffProcessor.java;file:/Users/rar9993/repos/research/fdroid_apps/native_apps/rview/app/src/main/java/com/ruesga/rview/tasks/AsyncTextDiffProcessor.java|line:799
AvoidInstantiatingObjectsInLoops;PMD;/Users/rar9993/repos/research/fdroid_apps/native_apps/rview/NONE_TRANSFORMED_;/Users/rar9993/repos/research/fdroid_apps/native_apps/rview/app/src/main/java/com/ruesga/rview/tasks/AsyncTextDiffProcessor.java;file:/Users/rar9993/repos/research/fdroid_apps/native_apps/rview/app/src/main/java/com/ruesga/rview/tasks/AsyncTextDiffProcessor.java|line:800
AvoidInstantiatingObjectsInLoops;PMD;/Users/rar9993/repos/research/fdroid_apps/native_apps/rview/NONE_TRANSFORMED_;/Users/rar9993/repos/research/fdroid_apps/native_apps/rview/app/src/main/java/com/ruesga/rview/tasks/AsyncTextDiffProcessor.java;file:/Users/rar9993/repos/research/fdroid_apps/native_apps/rview/app/src/main/java/com/ruesga/rview/tasks/AsyncTextDiffProcessor.java|line:814
AvoidInstantiatingObjectsInLoops;PMD;/Users/rar9993/repos/research/fdroid_apps/native_apps/rview/NONE_TRANSFORMED_;/Users/rar9993/repos/research/fdroid_apps/native_apps/rview/app/src/main/java/com/ruesga/rview/tasks/AsyncTextDiffProcessor.java;file:/Users/rar9993/repos/research/fdroid_apps/native_apps/rview/app/src/main/java/com/ruesga/rview/tasks/AsyncTextDiffProcessor.java|line:884
AvoidInstantiatingObjectsInLoops;PMD;/Users/rar9993/repos/research/fdroid_apps/native_apps/rview/NONE_TRANSFORMED_;/Users/rar9993/repos/research/fdroid_apps/native_apps/rview/app/src/main/java/com/ruesga/rview/tasks/AsyncTextDiffProcessor.java;file:/Users/rar9993/repos/research/fdroid_apps/native_apps/rview/app/src/main/java/com/ruesga/rview/tasks/AsyncTextDiffProcessor.java|line:903
AvoidInstantiatingObjectsInLoops;PMD;/Users/rar9993/repos/research/fdroid_apps/native_apps/rview/NONE_TRANSFORMED_;/Users/rar9993/repos/research/fdroid_apps/native_apps/rview/app/src/main/java/com/ruesga/rview/widget/AccountStateSuggestionsView.java;file:/Users/rar9993/repos/research/fdroid_apps/native_apps/rview/app/src/main/java/com/ruesga/rview/widget/AccountStateSuggestionsView.java|line:80
RedundantFieldInitializer;PMD;/Users/rar9993/repos/research/fdroid_apps/native_apps/rview/NONE_TRANSFORMED_;/Users/rar9993/repos/research/fdroid_apps/native_apps/rview/app/src/main/java/com/ruesga/rview/widget/ActivityStatsChart.java;file:/Users/rar9993/repos/research/fdroid_apps/native_apps/rview/app/src/main/java/com/ruesga/rview/widget/ActivityStatsChart.java|line:171
TooFewBranchesForSwitch;PMD;/Users/rar9993/repos/research/fdroid_apps/native_apps/rview/NONE_TRANSFORMED_;/Users/rar9993/repos/research/fdroid_apps/native_apps/rview/app/src/main/java/com/ruesga/rview/widget/ActivityStatsChart.java;file:/Users/rar9993/repos/research/fdroid_apps/native_apps/rview/app/src/main/java/com/ruesga/rview/widget/ActivityStatsChart.java|line:198
AvoidInstantiatingObjectsInLoops;PMD;/Users/rar9993/repos/research/fdroid_apps/native_apps/rview/NONE_TRANSFORMED_;/Users/rar9993/repos/research/fdroid_apps/native_apps/rview/app/src/main/java/com/ruesga/rview/widget/DashboardsView.java;file:/Users/rar9993/repos/research/fdroid_apps/native_apps/rview/app/src/main/java/com/ruesga/rview/widget/DashboardsView.java|line:84
TooFewBranchesForSwitch;PMD;/Users/rar9993/repos/research/fdroid_apps/native_apps/rview/NONE_TRANSFORMED_;/Users/rar9993/repos/research/fdroid_apps/native_apps/rview/app/src/main/java/com/ruesga/rview/widget/DelayedAutocompleteTextView.java;file:/Users/rar9993/repos/research/fdroid_apps/native_apps/rview/app/src/main/java/com/ruesga/rview/widget/DelayedAutocompleteTextView.java|line:53
RedundantFieldInitializer;PMD;/Users/rar9993/repos/research/fdroid_apps/native_apps/rview/NONE_TRANSFORMED_;/Users/rar9993/repos/research/fdroid_apps/native_apps/rview/app/src/main/java/com/ruesga/rview/widget/EndlessRecyclerViewScrollListener.java;file:/Users/rar9993/repos/research/fdroid_apps/native_apps/rview/app/src/main/java/com/ruesga/rview/widget/EndlessRecyclerViewScrollListener.java|line:33
RedundantFieldInitializer;PMD;/Users/rar9993/repos/research/fdroid_apps/native_apps/rview/NONE_TRANSFORMED_;/Users/rar9993/repos/research/fdroid_apps/native_apps/rview/app/src/main/java/com/ruesga/rview/widget/EndlessRecyclerViewScrollListener.java;file:/Users/rar9993/repos/research/fdroid_apps/native_apps/rview/app/src/main/java/com/ruesga/rview/widget/EndlessRecyclerViewScrollListener.java|line:35
RedundantFieldInitializer;PMD;/Users/rar9993/repos/research/fdroid_apps/native_apps/rview/NONE_TRANSFORMED_;/Users/rar9993/repos/research/fdroid_apps/native_apps/rview/app/src/main/java/com/ruesga/rview/widget/EndlessRecyclerViewScrollListener.java;file:/Users/rar9993/repos/research/fdroid_apps/native_apps/rview/app/src/main/java/com/ruesga/rview/widget/EndlessRecyclerViewScrollListener.java|line:37
TooFewBranchesForSwitch;PMD;/Users/rar9993/repos/research/fdroid_apps/native_apps/rview/NONE_TRANSFORMED_;/Users/rar9993/repos/research/fdroid_apps/native_apps/rview/app/src/main/java/com/ruesga/rview/widget/ExpandableViewLayout.java;file:/Users/rar9993/repos/research/fdroid_apps/native_apps/rview/app/src/main/java/com/ruesga/rview/widget/ExpandableViewLayout.java|line:56
RedundantFieldInitializer;PMD;/Users/rar9993/repos/research/fdroid_apps/native_apps/rview/NONE_TRANSFORMED_;/Users/rar9993/repos/research/fdroid_apps/native_apps/rview/app/src/main/java/com/ruesga/rview/widget/MergedStatusChart.java;file:/Users/rar9993/repos/research/fdroid_apps/native_apps/rview/app/src/main/java/com/ruesga/rview/widget/MergedStatusChart.java|line:58
RedundantFieldInitializer;PMD;/Users/rar9993/repos/research/fdroid_apps/native_apps/rview/NONE_TRANSFORMED_;/Users/rar9993/repos/research/fdroid_apps/native_apps/rview/app/src/main/java/com/ruesga/rview/widget/MergedStatusChart.java;file:/Users/rar9993/repos/research/fdroid_apps/native_apps/rview/app/src/main/java/com/ruesga/rview/widget/MergedStatusChart.java|line:59
RedundantFieldInitializer;PMD;/Users/rar9993/repos/research/fdroid_apps/native_apps/rview/NONE_TRANSFORMED_;/Users/rar9993/repos/research/fdroid_apps/native_apps/rview/app/src/main/java/com/ruesga/rview/widget/MergedStatusChart.java;file:/Users/rar9993/repos/research/fdroid_apps/native_apps/rview/app/src/main/java/com/ruesga/rview/widget/MergedStatusChart.java|line:60
RedundantFieldInitializer;PMD;/Users/rar9993/repos/research/fdroid_apps/native_apps/rview/NONE_TRANSFORMED_;/Users/rar9993/repos/research/fdroid_apps/native_apps/rview/app/src/main/java/com/ruesga/rview/widget/MergedStatusChart.java;file:/Users/rar9993/repos/research/fdroid_apps/native_apps/rview/app/src/main/java/com/ruesga/rview/widget/MergedStatusChart.java|line:61
RedundantFieldInitializer;PMD;/Users/rar9993/repos/research/fdroid_apps/native_apps/rview/NONE_TRANSFORMED_;/Users/rar9993/repos/research/fdroid_apps/native_apps/rview/app/src/main/java/com/ruesga/rview/widget/MergedStatusChart.java;file:/Users/rar9993/repos/research/fdroid_apps/native_apps/rview/app/src/main/java/com/ruesga/rview/widget/MergedStatusChart.java|line:67
AvoidInstantiatingObjectsInLoops;PMD;/Users/rar9993/repos/research/fdroid_apps/native_apps/rview/NONE_TRANSFORMED_;/Users/rar9993/repos/research/fdroid_apps/native_apps/rview/app/src/main/java/com/ruesga/rview/widget/RegExLinkifyTextView.java;file:/Users/rar9993/repos/research/fdroid_apps/native_apps/rview/app/src/main/java/com/ruesga/rview/widget/RegExLinkifyTextView.java|line:218
AvoidInstantiatingObjectsInLoops;PMD;/Users/rar9993/repos/research/fdroid_apps/native_apps/rview/NONE_TRANSFORMED_;/Users/rar9993/repos/research/fdroid_apps/native_apps/rview/app/src/main/java/com/ruesga/rview/widget/ReviewLabelsView.java;file:/Users/rar9993/repos/research/fdroid_apps/native_apps/rview/app/src/main/java/com/ruesga/rview/widget/ReviewLabelsView.java|line:157
AvoidInstantiatingObjectsInLoops;PMD;/Users/rar9993/repos/research/fdroid_apps/native_apps/rview/NONE_TRANSFORMED_;/Users/rar9993/repos/research/fdroid_apps/native_apps/rview/app/src/main/java/com/ruesga/rview/widget/ReviewLabelsView.java;file:/Users/rar9993/repos/research/fdroid_apps/native_apps/rview/app/src/main/java/com/ruesga/rview/widget/ReviewLabelsView.java|line:167
AvoidInstantiatingObjectsInLoops;PMD;/Users/rar9993/repos/research/fdroid_apps/native_apps/rview/NONE_TRANSFORMED_;/Users/rar9993/repos/research/fdroid_apps/native_apps/rview/app/src/main/java/com/ruesga/rview/widget/ReviewerUpdatesView.java;file:/Users/rar9993/repos/research/fdroid_apps/native_apps/rview/app/src/main/java/com/ruesga/rview/widget/ReviewerUpdatesView.java|line:85
AvoidInstantiatingObjectsInLoops;PMD;/Users/rar9993/repos/research/fdroid_apps/native_apps/rview/NONE_TRANSFORMED_;/Users/rar9993/repos/research/fdroid_apps/native_apps/rview/app/src/main/java/com/ruesga/rview/widget/ReviewerUpdatesView.java;file:/Users/rar9993/repos/research/fdroid_apps/native_apps/rview/app/src/main/java/com/ruesga/rview/widget/ReviewerUpdatesView.java|line:102
RedundantFieldInitializer;PMD;/Users/rar9993/repos/research/fdroid_apps/native_apps/rview/NONE_TRANSFORMED_;/Users/rar9993/repos/research/fdroid_apps/native_apps/rview/app/src/main/java/com/ruesga/rview/widget/ReviewersView.java;file:/Users/rar9993/repos/research/fdroid_apps/native_apps/rview/app/src/main/java/com/ruesga/rview/widget/ReviewersView.java|line:41
AvoidInstantiatingObjectsInLoops;PMD;/Users/rar9993/repos/research/fdroid_apps/native_apps/rview/NONE_TRANSFORMED_;/Users/rar9993/repos/research/fdroid_apps/native_apps/rview/app/src/main/java/com/ruesga/rview/widget/ReviewersView.java;file:/Users/rar9993/repos/research/fdroid_apps/native_apps/rview/app/src/main/java/com/ruesga/rview/widget/ReviewersView.java|line:68
RedundantFieldInitializer;PMD;/Users/rar9993/repos/research/fdroid_apps/native_apps/rview/NONE_TRANSFORMED_;/Users/rar9993/repos/research/fdroid_apps/native_apps/rview/app/src/main/java/com/ruesga/rview/widget/ScoreLabelsView.java;file:/Users/rar9993/repos/research/fdroid_apps/native_apps/rview/app/src/main/java/com/ruesga/rview/widget/ScoreLabelsView.java|line:52
TooFewBranchesForSwitch;PMD;/Users/rar9993/repos/research/fdroid_apps/native_apps/rview/NONE_TRANSFORMED_;/Users/rar9993/repos/research/fdroid_apps/native_apps/rview/app/src/main/java/com/ruesga/rview/widget/ScoreLabelsView.java;file:/Users/rar9993/repos/research/fdroid_apps/native_apps/rview/app/src/main/java/com/ruesga/rview/widget/ScoreLabelsView.java|line:90
AvoidInstantiatingObjectsInLoops;PMD;/Users/rar9993/repos/research/fdroid_apps/native_apps/rview/NONE_TRANSFORMED_;/Users/rar9993/repos/research/fdroid_apps/native_apps/rview/app/src/main/java/com/ruesga/rview/widget/ScoreLabelsView.java;file:/Users/rar9993/repos/research/fdroid_apps/native_apps/rview/app/src/main/java/com/ruesga/rview/widget/ScoreLabelsView.java|line:134
AvoidInstantiatingObjectsInLoops;PMD;/Users/rar9993/repos/research/fdroid_apps/native_apps/rview/NONE_TRANSFORMED_;/Users/rar9993/repos/research/fdroid_apps/native_apps/rview/app/src/main/java/com/ruesga/rview/widget/ScoreLabelsView.java;file:/Users/rar9993/repos/research/fdroid_apps/native_apps/rview/app/src/main/java/com/ruesga/rview/widget/ScoreLabelsView.java|line:145
AvoidInstantiatingObjectsInLoops;PMD;/Users/rar9993/repos/research/fdroid_apps/native_apps/rview/NONE_TRANSFORMED_;/Users/rar9993/repos/research/fdroid_apps/native_apps/rview/app/src/main/java/com/ruesga/rview/widget/ScoreWithReviewersView.java;file:/Users/rar9993/repos/research/fdroid_apps/native_apps/rview/app/src/main/java/com/ruesga/rview/widget/ScoreWithReviewersView.java|line:88
UselessStringValueOf;PMD;/Users/rar9993/repos/research/fdroid_apps/native_apps/rview/NONE_TRANSFORMED_;/Users/rar9993/repos/research/fdroid_apps/native_apps/rview/app/src/main/java/com/ruesga/rview/widget/ScoreWithReviewersView.java;file:/Users/rar9993/repos/research/fdroid_apps/native_apps/rview/app/src/main/java/com/ruesga/rview/widget/ScoreWithReviewersView.java|line:99
AvoidInstantiatingObjectsInLoops;PMD;/Users/rar9993/repos/research/fdroid_apps/native_apps/rview/NONE_TRANSFORMED_;/Users/rar9993/repos/research/fdroid_apps/native_apps/rview/app/src/main/java/com/ruesga/rview/widget/ScoreWithReviewersView.java;file:/Users/rar9993/repos/research/fdroid_apps/native_apps/rview/app/src/main/java/com/ruesga/rview/widget/ScoreWithReviewersView.java|line:150
TooFewBranchesForSwitch;PMD;/Users/rar9993/repos/research/fdroid_apps/native_apps/rview/NONE_TRANSFORMED_;/Users/rar9993/repos/research/fdroid_apps/native_apps/rview/app/src/main/java/com/ruesga/rview/widget/StyleableTextView.java;file:/Users/rar9993/repos/research/fdroid_apps/native_apps/rview/app/src/main/java/com/ruesga/rview/widget/StyleableTextView.java|line:61
TooFewBranchesForSwitch;PMD;/Users/rar9993/repos/research/fdroid_apps/native_apps/rview/NONE_TRANSFORMED_;/Users/rar9993/repos/research/fdroid_apps/native_apps/rview/app/src/main/java/com/ruesga/rview/widget/StyleableTextView.java;file:/Users/rar9993/repos/research/fdroid_apps/native_apps/rview/app/src/main/java/com/ruesga/rview/widget/StyleableTextView.java|line:78
TooFewBranchesForSwitch;PMD;/Users/rar9993/repos/research/fdroid_apps/native_apps/rview/NONE_TRANSFORMED_;/Users/rar9993/repos/research/fdroid_apps/native_apps/rview/app/src/main/java/com/ruesga/rview/widget/TagEditTextView.java;file:/Users/rar9993/repos/research/fdroid_apps/native_apps/rview/app/src/main/java/com/ruesga/rview/widget/TagEditTextView.java|line:103
TooFewBranchesForSwitch;PMD;/Users/rar9993/repos/research/fdroid_apps/native_apps/rview/NONE_TRANSFORMED_;/Users/rar9993/repos/research/fdroid_apps/native_apps/rview/app/src/main/java/com/ruesga/rview/widget/TagEditTextView.java;file:/Users/rar9993/repos/research/fdroid_apps/native_apps/rview/app/src/main/java/com/ruesga/rview/widget/TagEditTextView.java|line:269
RedundantFieldInitializer;PMD;/Users/rar9993/repos/research/fdroid_apps/native_apps/rview/NONE_TRANSFORMED_;/Users/rar9993/repos/research/fdroid_apps/native_apps/rview/app/src/main/java/com/ruesga/rview/widget/TagEditTextView.java;file:/Users/rar9993/repos/research/fdroid_apps/native_apps/rview/app/src/main/java/com/ruesga/rview/widget/TagEditTextView.java|line:295
RedundantFieldInitializer;PMD;/Users/rar9993/repos/research/fdroid_apps/native_apps/rview/NONE_TRANSFORMED_;/Users/rar9993/repos/research/fdroid_apps/native_apps/rview/app/src/main/java/com/ruesga/rview/widget/TagEditTextView.java;file:/Users/rar9993/repos/research/fdroid_apps/native_apps/rview/app/src/main/java/com/ruesga/rview/widget/TagEditTextView.java|line:301
RedundantFieldInitializer;PMD;/Users/rar9993/repos/research/fdroid_apps/native_apps/rview/NONE_TRANSFORMED_;/Users/rar9993/repos/research/fdroid_apps/native_apps/rview/app/src/main/java/com/ruesga/rview/widget/TagEditTextView.java;file:/Users/rar9993/repos/research/fdroid_apps/native_apps/rview/app/src/main/java/com/ruesga/rview/widget/TagEditTextView.java|line:315
AvoidInstantiatingObjectsInLoops;PMD;/Users/rar9993/repos/research/fdroid_apps/native_apps/rview/NONE_TRANSFORMED_;/Users/rar9993/repos/research/fdroid_apps/native_apps/rview/app/src/main/java/com/ruesga/rview/widget/TagEditTextView.java;file:/Users/rar9993/repos/research/fdroid_apps/native_apps/rview/app/src/main/java/com/ruesga/rview/widget/TagEditTextView.java|line:590
AppendCharacterWithChar;PMD;/Users/rar9993/repos/research/fdroid_apps/native_apps/rview/NONE_TRANSFORMED_;/Users/rar9993/repos/research/fdroid_apps/native_apps/rview/app/src/main/java/com/ruesga/rview/widget/TagEditTextView.java;file:/Users/rar9993/repos/research/fdroid_apps/native_apps/rview/app/src/main/java/com/ruesga/rview/widget/TagEditTextView.java|line:750
AvoidInstantiatingObjectsInLoops;PMD;/Users/rar9993/repos/research/fdroid_apps/native_apps/rview/NONE_TRANSFORMED_;/Users/rar9993/repos/research/fdroid_apps/native_apps/rview/app/src/main/java/com/ruesga/rview/widget/TagEditTextView.java;file:/Users/rar9993/repos/research/fdroid_apps/native_apps/rview/app/src/main/java/com/ruesga/rview/widget/TagEditTextView.java|line:761
AvoidInstantiatingObjectsInLoops;PMD;/Users/rar9993/repos/research/fdroid_apps/native_apps/rview/NONE_TRANSFORMED_;/Users/rar9993/repos/research/fdroid_apps/native_apps/rview/app/src/main/java/com/ruesga/rview/widget/TagEditTextView.java;file:/Users/rar9993/repos/research/fdroid_apps/native_apps/rview/app/src/main/java/com/ruesga/rview/widget/TagEditTextView.java|line:813
AvoidInstantiatingObjectsInLoops;PMD;/Users/rar9993/repos/research/fdroid_apps/native_apps/rview/NONE_TRANSFORMED_;/Users/rar9993/repos/research/fdroid_apps/native_apps/rview/app/src/main/java/com/ruesga/rview/widget/Top5StatsView.java;file:/Users/rar9993/repos/research/fdroid_apps/native_apps/rview/app/src/main/java/com/ruesga/rview/widget/Top5StatsView.java|line:114
AvoidInstantiatingObjectsInLoops;PMD;/Users/rar9993/repos/research/fdroid_apps/native_apps/rview/NONE_TRANSFORMED_;/Users/rar9993/repos/research/fdroid_apps/native_apps/rview/app/src/main/java/com/ruesga/rview/widget/Top5StatsView.java;file:/Users/rar9993/repos/research/fdroid_apps/native_apps/rview/app/src/main/java/com/ruesga/rview/widget/Top5StatsView.java|line:186
TooFewBranchesForSwitch;PMD;/Users/rar9993/repos/research/fdroid_apps/native_apps/rview/NONE_TRANSFORMED_;/Users/rar9993/repos/research/fdroid_apps/native_apps/rview/app/src/main/java/com/ruesga/rview/wizards/AccountPageFragment.java;file:/Users/rar9993/repos/research/fdroid_apps/native_apps/rview/app/src/main/java/com/ruesga/rview/wizards/AccountPageFragment.java|line:504
AvoidInstantiatingObjectsInLoops;PMD;/Users/rar9993/repos/research/fdroid_apps/native_apps/rview/NONE_TRANSFORMED_;/Users/rar9993/repos/research/fdroid_apps/native_apps/rview/app/src/main/java/com/ruesga/rview/wizards/PredefinedRepositoriesChooserFragment.java;file:/Users/rar9993/repos/research/fdroid_apps/native_apps/rview/app/src/main/java/com/ruesga/rview/wizards/PredefinedRepositoriesChooserFragment.java|line:76
TooFewBranchesForSwitch;PMD;/Users/rar9993/repos/research/fdroid_apps/native_apps/rview/NONE_TRANSFORMED_;/Users/rar9993/repos/research/fdroid_apps/native_apps/rview/app/src/main/java/com/ruesga/rview/wizards/RepositoryPageFragment.java;file:/Users/rar9993/repos/research/fdroid_apps/native_apps/rview/app/src/main/java/com/ruesga/rview/wizards/RepositoryPageFragment.java|line:396
AvoidInstantiatingObjectsInLoops;PMD;/Users/rar9993/repos/research/fdroid_apps/native_apps/rview/NONE_TRANSFORMED_;/Users/rar9993/repos/research/fdroid_apps/native_apps/rview/aceeditor/src/main/java/com/ruesga/rview/aceeditor/AceCustomTabsHelper.java;file:/Users/rar9993/repos/research/fdroid_apps/native_apps/rview/aceeditor/src/main/java/com/ruesga/rview/aceeditor/AceCustomTabsHelper.java|line:71
RedundantFieldInitializer;PMD;/Users/rar9993/repos/research/fdroid_apps/native_apps/rview/NONE_TRANSFORMED_;/Users/rar9993/repos/research/fdroid_apps/native_apps/rview/aceeditor/src/main/java/com/ruesga/rview/aceeditor/AceEditorView.java;file:/Users/rar9993/repos/research/fdroid_apps/native_apps/rview/aceeditor/src/main/java/com/ruesga/rview/aceeditor/AceEditorView.java|line:68
RedundantFieldInitializer;PMD;/Users/rar9993/repos/research/fdroid_apps/native_apps/rview/NONE_TRANSFORMED_;/Users/rar9993/repos/research/fdroid_apps/native_apps/rview/aceeditor/src/main/java/com/ruesga/rview/aceeditor/AceEditorView.java;file:/Users/rar9993/repos/research/fdroid_apps/native_apps/rview/aceeditor/src/main/java/com/ruesga/rview/aceeditor/AceEditorView.java|line:69
RedundantFieldInitializer;PMD;/Users/rar9993/repos/research/fdroid_apps/native_apps/rview/NONE_TRANSFORMED_;/Users/rar9993/repos/research/fdroid_apps/native_apps/rview/aceeditor/src/main/java/com/ruesga/rview/aceeditor/AceEditorView.java;file:/Users/rar9993/repos/research/fdroid_apps/native_apps/rview/aceeditor/src/main/java/com/ruesga/rview/aceeditor/AceEditorView.java|line:79
UseIndexOfChar;PMD;/Users/rar9993/repos/research/fdroid_apps/native_apps/rview/NONE_TRANSFORMED_;/Users/rar9993/repos/research/fdroid_apps/native_apps/rview/aceeditor/src/main/java/com/ruesga/rview/aceeditor/AceEditorView.java;file:/Users/rar9993/repos/research/fdroid_apps/native_apps/rview/aceeditor/src/main/java/com/ruesga/rview/aceeditor/AceEditorView.java|line:168
AvoidInstantiatingObjectsInLoops;PMD;/Users/rar9993/repos/research/fdroid_apps/native_apps/rview/NONE_TRANSFORMED_;/Users/rar9993/repos/research/fdroid_apps/native_apps/rview/aceeditor/src/main/java/com/ruesga/rview/aceeditor/AceEditorView.java;file:/Users/rar9993/repos/research/fdroid_apps/native_apps/rview/aceeditor/src/main/java/com/ruesga/rview/aceeditor/AceEditorView.java|line:316
AvoidInstantiatingObjectsInLoops;PMD;/Users/rar9993/repos/research/fdroid_apps/native_apps/rview/NONE_TRANSFORMED_;/Users/rar9993/repos/research/fdroid_apps/native_apps/rview/aceeditor/src/main/java/com/ruesga/rview/aceeditor/AceSelectionActionModeHelper.java;file:/Users/rar9993/repos/research/fdroid_apps/native_apps/rview/aceeditor/src/main/java/com/ruesga/rview/aceeditor/AceSelectionActionModeHelper.java|line:118
RedundantFieldInitializer;PMD;/Users/rar9993/repos/research/fdroid_apps/native_apps/rview/NONE_TRANSFORMED_;/Users/rar9993/repos/research/fdroid_apps/native_apps/rview/aceeditor/src/main/java/com/ruesga/rview/aceeditor/AceWebView.java;file:/Users/rar9993/repos/research/fdroid_apps/native_apps/rview/aceeditor/src/main/java/com/ruesga/rview/aceeditor/AceWebView.java|line:96
TooFewBranchesForSwitch;PMD;/Users/rar9993/repos/research/fdroid_apps/native_apps/rview/NONE_TRANSFORMED_;/Users/rar9993/repos/research/fdroid_apps/native_apps/rview/aceeditor/src/main/java/com/ruesga/rview/aceeditor/AceWebView.java;file:/Users/rar9993/repos/research/fdroid_apps/native_apps/rview/aceeditor/src/main/java/com/ruesga/rview/aceeditor/AceWebView.java|line:137
RedundantFieldInitializer;PMD;/Users/rar9993/repos/research/fdroid_apps/native_apps/rview/NONE_TRANSFORMED_;/Users/rar9993/repos/research/fdroid_apps/native_apps/rview/gerrit/src/main/java/com/ruesga/rview/gerrit/GerritApiClient.java;file:/Users/rar9993/repos/research/fdroid_apps/native_apps/rview/gerrit/src/main/java/com/ruesga/rview/gerrit/GerritApiClient.java|line:72
RedundantFieldInitializer;PMD;/Users/rar9993/repos/research/fdroid_apps/native_apps/rview/NONE_TRANSFORMED_;/Users/rar9993/repos/research/fdroid_apps/native_apps/rview/gerrit/src/main/java/com/ruesga/rview/gerrit/GerritApiClient.java;file:/Users/rar9993/repos/research/fdroid_apps/native_apps/rview/gerrit/src/main/java/com/ruesga/rview/gerrit/GerritApiClient.java|line:74
AvoidInstantiatingObjectsInLoops;PMD;/Users/rar9993/repos/research/fdroid_apps/native_apps/rview/NONE_TRANSFORMED_;/Users/rar9993/repos/research/fdroid_apps/native_apps/rview/gerrit/src/main/java/com/ruesga/rview/gerrit/GerritServiceFactory.java;file:/Users/rar9993/repos/research/fdroid_apps/native_apps/rview/gerrit/src/main/java/com/ruesga/rview/gerrit/GerritServiceFactory.java|line:77
ConsecutiveAppendsShouldReuse;PMD;/Users/rar9993/repos/research/fdroid_apps/native_apps/rview/NONE_TRANSFORMED_;/Users/rar9993/repos/research/fdroid_apps/native_apps/rview/gerrit/src/main/java/com/ruesga/rview/gerrit/filter/ComplexQuery.java;file:/Users/rar9993/repos/research/fdroid_apps/native_apps/rview/gerrit/src/main/java/com/ruesga/rview/gerrit/filter/ComplexQuery.java|line:84
AppendCharacterWithChar;PMD;/Users/rar9993/repos/research/fdroid_apps/native_apps/rview/NONE_TRANSFORMED_;/Users/rar9993/repos/research/fdroid_apps/native_apps/rview/gerrit/src/main/java/com/ruesga/rview/gerrit/filter/ComplexQuery.java;file:/Users/rar9993/repos/research/fdroid_apps/native_apps/rview/gerrit/src/main/java/com/ruesga/rview/gerrit/filter/ComplexQuery.java|line:84
AppendCharacterWithChar;PMD;/Users/rar9993/repos/research/fdroid_apps/native_apps/rview/NONE_TRANSFORMED_;/Users/rar9993/repos/research/fdroid_apps/native_apps/rview/gerrit/src/main/java/com/ruesga/rview/gerrit/filter/SimpleQuery.java;file:/Users/rar9993/repos/research/fdroid_apps/native_apps/rview/gerrit/src/main/java/com/ruesga/rview/gerrit/filter/SimpleQuery.java|line:26
RedundantFieldInitializer;PMD;/Users/rar9993/repos/research/fdroid_apps/native_apps/rview/NONE_TRANSFORMED_;/Users/rar9993/repos/research/fdroid_apps/native_apps/rview/gerrit/src/main/java/com/ruesga/rview/gerrit/model/CloudNotificationInfo.java;file:/Users/rar9993/repos/research/fdroid_apps/native_apps/rview/gerrit/src/main/java/com/ruesga/rview/gerrit/model/CloudNotificationInfo.java|line:29
RedundantFieldInitializer;PMD;/Users/rar9993/repos/research/fdroid_apps/native_apps/rview/NONE_TRANSFORMED_;/Users/rar9993/repos/research/fdroid_apps/native_apps/rview/gerrit/src/main/java/com/ruesga/rview/gerrit/model/CloudNotificationInput.java;file:/Users/rar9993/repos/research/fdroid_apps/native_apps/rview/gerrit/src/main/java/com/ruesga/rview/gerrit/model/CloudNotificationInput.java|line:27
UseIndexOfChar;PMD;/Users/rar9993/repos/research/fdroid_apps/native_apps/rview/NONE_TRANSFORMED_;/Users/rar9993/repos/research/fdroid_apps/native_apps/rview/gerrit/src/main/java/com/ruesga/rview/gerrit/model/ServerVersion.java;file:/Users/rar9993/repos/research/fdroid_apps/native_apps/rview/gerrit/src/main/java/com/ruesga/rview/gerrit/model/ServerVersion.java|line:33
UseIndexOfChar;PMD;/Users/rar9993/repos/research/fdroid_apps/native_apps/rview/NONE_TRANSFORMED_;/Users/rar9993/repos/research/fdroid_apps/native_apps/rview/gerrit/src/main/java/com/ruesga/rview/gerrit/model/ServerVersion.java;file:/Users/rar9993/repos/research/fdroid_apps/native_apps/rview/gerrit/src/main/java/com/ruesga/rview/gerrit/model/ServerVersion.java|line:34
RedundantFieldInitializer;PMD;/Users/rar9993/repos/research/fdroid_apps/native_apps/rview/NONE_TRANSFORMED_;/Users/rar9993/repos/research/fdroid_apps/native_apps/rview/wizard/src/main/java/com/ruesga/rview/wizard/WizardActivity.java;file:/Users/rar9993/repos/research/fdroid_apps/native_apps/rview/wizard/src/main/java/com/ruesga/rview/wizard/WizardActivity.java|line:163
RedundantFieldInitializer;PMD;/Users/rar9993/repos/research/fdroid_apps/native_apps/rview/NONE_TRANSFORMED_;/Users/rar9993/repos/research/fdroid_apps/native_apps/rview/wizard/src/main/java/com/ruesga/rview/wizard/choosers/ListChooserFragment.java;file:/Users/rar9993/repos/research/fdroid_apps/native_apps/rview/wizard/src/main/java/com/ruesga/rview/wizard/choosers/ListChooserFragment.java|line:91
AvoidInstantiatingObjectsInLoops;PMD;/Users/rar9993/repos/research/fdroid_apps/native_apps/rview/NONE_TRANSFORMED_;/Users/rar9993/repos/research/fdroid_apps/native_apps/rview/attachments/src/gms/java/com/ruesga/rview/attachments/gdrive/GDriveAttachmentsProvider.java;file:/Users/rar9993/repos/research/fdroid_apps/native_apps/rview/attachments/src/gms/java/com/ruesga/rview/attachments/gdrive/GDriveAttachmentsProvider.java|line:132
AvoidInstantiatingObjectsInLoops;PMD;/Users/rar9993/repos/research/fdroid_apps/native_apps/rview/NONE_TRANSFORMED_;/Users/rar9993/repos/research/fdroid_apps/native_apps/rview/attachments/src/gms/java/com/ruesga/rview/attachments/gdrive/GDriveAttachmentsProvider.java;file:/Users/rar9993/repos/research/fdroid_apps/native_apps/rview/attachments/src/gms/java/com/ruesga/rview/attachments/gdrive/GDriveAttachmentsProvider.java|line:135
AvoidInstantiatingObjectsInLoops;PMD;/Users/rar9993/repos/research/fdroid_apps/native_apps/rview/NONE_TRANSFORMED_;/Users/rar9993/repos/research/fdroid_apps/native_apps/rview/attachments/src/gms/java/com/ruesga/rview/attachments/gdrive/GDriveAttachmentsProvider.java;file:/Users/rar9993/repos/research/fdroid_apps/native_apps/rview/attachments/src/gms/java/com/ruesga/rview/attachments/gdrive/GDriveAttachmentsProvider.java|line:139
AvoidFileStream;PMD;/Users/rar9993/repos/research/fdroid_apps/native_apps/rview/NONE_TRANSFORMED_;/Users/rar9993/repos/research/fdroid_apps/native_apps/rview/attachments/src/gms/java/com/ruesga/rview/attachments/gdrive/GDriveAttachmentsProvider.java;file:/Users/rar9993/repos/research/fdroid_apps/native_apps/rview/attachments/src/gms/java/com/ruesga/rview/attachments/gdrive/GDriveAttachmentsProvider.java|line:235
AvoidInstantiatingObjectsInLoops;PMD;/Users/rar9993/repos/research/fdroid_apps/native_apps/rview/NONE_TRANSFORMED_;/Users/rar9993/repos/research/fdroid_apps/native_apps/rview/attachments/src/main/java/com/ruesga/rview/attachments/AttachmentDropView.java;file:/Users/rar9993/repos/research/fdroid_apps/native_apps/rview/attachments/src/main/java/com/ruesga/rview/attachments/AttachmentDropView.java|line:113
AvoidInstantiatingObjectsInLoops;PMD;/Users/rar9993/repos/research/fdroid_apps/native_apps/rview/NONE_TRANSFORMED_;/Users/rar9993/repos/research/fdroid_apps/native_apps/rview/attachments/src/main/java/com/ruesga/rview/attachments/preferences/Config.java;file:/Users/rar9993/repos/research/fdroid_apps/native_apps/rview/attachments/src/main/java/com/ruesga/rview/attachments/preferences/Config.java|line:53
RedundantFieldInitializer;PMD;/Users/rar9993/repos/research/fdroid_apps/native_apps/rview/NONE_TRANSFORMED_;/Users/rar9993/repos/research/fdroid_apps/native_apps/rview/drawer/src/main/java/com/ruesga/rview/drawer/DrawerNavigationMenuPresenter.java;file:/Users/rar9993/repos/research/fdroid_apps/native_apps/rview/drawer/src/main/java/com/ruesga/rview/drawer/DrawerNavigationMenuPresenter.java|line:78
AvoidInstantiatingObjectsInLoops;PMD;/Users/rar9993/repos/research/fdroid_apps/native_apps/rview/NONE_TRANSFORMED_;/Users/rar9993/repos/research/fdroid_apps/native_apps/rview/drawer/src/main/java/com/ruesga/rview/drawer/DrawerNavigationMenuPresenter.java;file:/Users/rar9993/repos/research/fdroid_apps/native_apps/rview/drawer/src/main/java/com/ruesga/rview/drawer/DrawerNavigationMenuPresenter.java|line:592
AvoidInstantiatingObjectsInLoops;PMD;/Users/rar9993/repos/research/fdroid_apps/native_apps/rview/NONE_TRANSFORMED_;/Users/rar9993/repos/research/fdroid_apps/native_apps/rview/drawer/src/main/java/com/ruesga/rview/drawer/DrawerNavigationMenuPresenter.java;file:/Users/rar9993/repos/research/fdroid_apps/native_apps/rview/drawer/src/main/java/com/ruesga/rview/drawer/DrawerNavigationMenuPresenter.java|line:608
AvoidInstantiatingObjectsInLoops;PMD;/Users/rar9993/repos/research/fdroid_apps/native_apps/rview/NONE_TRANSFORMED_;/Users/rar9993/repos/research/fdroid_apps/native_apps/rview/drawer/src/main/java/com/ruesga/rview/drawer/DrawerNavigationMenuPresenter.java;file:/Users/rar9993/repos/research/fdroid_apps/native_apps/rview/drawer/src/main/java/com/ruesga/rview/drawer/DrawerNavigationMenuPresenter.java|line:639
MemberIgnoringMethod;DAAP;/Users/rar9993/repos/research/fdroid_apps/native_apps/rview/NONE_TRANSFORMED_;/src/main/java/com/ruesga/rview/aceeditor/AceEditorView.java;file:/src/main/java/com/ruesga/rview/aceeditor/AceEditorView.java
MemberIgnoringMethod;DAAP;/Users/rar9993/repos/research/fdroid_apps/native_apps/rview/NONE_TRANSFORMED_;/src/main/java/com/ruesga/rview/aceeditor/AceSelectionActionModeHelper.java;file:/src/main/java/com/ruesga/rview/aceeditor/AceSelectionActionModeHelper.java
MemberIgnoringMethod;DAAP;/Users/rar9993/repos/research/fdroid_apps/native_apps/rview/NONE_TRANSFORMED_;/src/main/java/com/ruesga/rview/aceeditor/AceWebView.java;file:/src/main/java/com/ruesga/rview/aceeditor/AceWebView.java
SlowForLoop;DAAP;/Users/rar9993/repos/research/fdroid_apps/native_apps/rview/NONE_TRANSFORMED_;/src/main/java/com/ruesga/rview/aceeditor/AceEditorView.java;file:/src/main/java/com/ruesga/rview/aceeditor/AceEditorView.java
SlowForLoop;DAAP;/Users/rar9993/repos/research/fdroid_apps/native_apps/rview/NONE_TRANSFORMED_;/src/main/java/com/ruesga/rview/aceeditor/AceSelectionActionModeHelper.java;file:/src/main/java/com/ruesga/rview/aceeditor/AceSelectionActionModeHelper.java
MemberIgnoringMethod;DAAP;/Users/rar9993/repos/research/fdroid_apps/native_apps/rview/NONE_TRANSFORMED_;/src/main/java/com/ruesga/rview/gerrit/GerritRestApi.java;file:/src/main/java/com/ruesga/rview/gerrit/GerritRestApi.java
MemberIgnoringMethod;DAAP;/Users/rar9993/repos/research/fdroid_apps/native_apps/rview/NONE_TRANSFORMED_;/src/main/java/com/ruesga/rview/gerrit/PlatformAbstractionLayer.java;file:/src/main/java/com/ruesga/rview/gerrit/PlatformAbstractionLayer.java
MemberIgnoringMethod;DAAP;/Users/rar9993/repos/research/fdroid_apps/native_apps/rview/NONE_TRANSFORMED_;/src/main/java/com/ruesga/rview/gerrit/GerritServiceFactory.java;file:/src/main/java/com/ruesga/rview/gerrit/GerritServiceFactory.java
MemberIgnoringMethod;DAAP;/Users/rar9993/repos/research/fdroid_apps/native_apps/rview/NONE_TRANSFORMED_;/src/main/java/com/ruesga/rview/gerrit/adapters/GerritServerVersionAdapter.java;file:/src/main/java/com/ruesga/rview/gerrit/adapters/GerritServerVersionAdapter.java
MemberIgnoringMethod;DAAP;/Users/rar9993/repos/research/fdroid_apps/native_apps/rview/NONE_TRANSFORMED_;/src/main/java/com/ruesga/rview/gerrit/GerritApi.java;file:/src/main/java/com/ruesga/rview/gerrit/GerritApi.java
MemberIgnoringMethod;DAAP;/Users/rar9993/repos/research/fdroid_apps/native_apps/rview/NONE_TRANSFORMED_;/src/main/java/com/ruesga/rview/gerrit/model/SuggestedReviewersState.java;file:/src/main/java/com/ruesga/rview/gerrit/model/SuggestedReviewersState.java
MemberIgnoringMethod;DAAP;/Users/rar9993/repos/research/fdroid_apps/native_apps/rview/NONE_TRANSFORMED_;/src/main/java/com/ruesga/rview/gerrit/model/ExcludeGroupsFromSuggestedReviewers.java;file:/src/main/java/com/ruesga/rview/gerrit/model/ExcludeGroupsFromSuggestedReviewers.java
MemberIgnoringMethod;DAAP;/Users/rar9993/repos/research/fdroid_apps/native_apps/rview/NONE_TRANSFORMED_;/src/main/java/com/ruesga/rview/gerrit/GerritApiClient.java;file:/src/main/java/com/ruesga/rview/gerrit/GerritApiClient.java
MemberIgnoringMethod;DAAP;/Users/rar9993/repos/research/fdroid_apps/native_apps/rview/NONE_TRANSFORMED_;/src/main/java/com/ruesga/rview/gerrit/filter/ProjectQuery.java;file:/src/main/java/com/ruesga/rview/gerrit/filter/ProjectQuery.java
MemberIgnoringMethod;DAAP;/Users/rar9993/repos/research/fdroid_apps/native_apps/rview/NONE_TRANSFORMED_;/src/main/java/com/ruesga/rview/gerrit/filter/AccountQuery.java;file:/src/main/java/com/ruesga/rview/gerrit/filter/AccountQuery.java
MemberIgnoringMethod;DAAP;/Users/rar9993/repos/research/fdroid_apps/native_apps/rview/NONE_TRANSFORMED_;/src/main/java/com/ruesga/rview/gerrit/filter/ComplexQuery.java;file:/src/main/java/com/ruesga/rview/gerrit/filter/ComplexQuery.java
MemberIgnoringMethod;DAAP;/Users/rar9993/repos/research/fdroid_apps/native_apps/rview/NONE_TRANSFORMED_;/src/main/java/com/ruesga/rview/gerrit/filter/antlr/QueryParser.java;file:/src/main/java/com/ruesga/rview/gerrit/filter/antlr/QueryParser.java
MemberIgnoringMethod;DAAP;/Users/rar9993/repos/research/fdroid_apps/native_apps/rview/NONE_TRANSFORMED_;/src/main/java/com/ruesga/rview/gerrit/filter/antlr/QueryLexer.java;file:/src/main/java/com/ruesga/rview/gerrit/filter/antlr/QueryLexer.java
MemberIgnoringMethod;DAAP;/Users/rar9993/repos/research/fdroid_apps/native_apps/rview/NONE_TRANSFORMED_;/src/main/java/com/ruesga/rview/gerrit/filter/Option.java;file:/src/main/java/com/ruesga/rview/gerrit/filter/Option.java
MemberIgnoringMethod;DAAP;/Users/rar9993/repos/research/fdroid_apps/native_apps/rview/NONE_TRANSFORMED_;/src/main/java/com/ruesga/rview/gerrit/filter/GroupQuery.java;file:/src/main/java/com/ruesga/rview/gerrit/filter/GroupQuery.java
MemberIgnoringMethod;DAAP;/Users/rar9993/repos/research/fdroid_apps/native_apps/rview/NONE_TRANSFORMED_;/src/main/java/com/ruesga/rview/gerrit/filter/ChangeQuery.java;file:/src/main/java/com/ruesga/rview/gerrit/filter/ChangeQuery.java
MemberIgnoringMethod;DAAP;/Users/rar9993/repos/research/fdroid_apps/native_apps/rview/NONE_TRANSFORMED_;/src/main/java/com/ruesga/rview/gerrit/filter/SimpleQuery.java;file:/src/main/java/com/ruesga/rview/gerrit/filter/SimpleQuery.java
MemberIgnoringMethod;DAAP;/Users/rar9993/repos/research/fdroid_apps/native_apps/rview/NONE_TRANSFORMED_;/src/main/java/com/ruesga/rview/gerrit/OkHttpHelper.java;file:/src/main/java/com/ruesga/rview/gerrit/OkHttpHelper.java
SlowForLoop;DAAP;/Users/rar9993/repos/research/fdroid_apps/native_apps/rview/NONE_TRANSFORMED_;/src/main/java/com/ruesga/rview/gerrit/filter/ComplexQuery.java;file:/src/main/java/com/ruesga/rview/gerrit/filter/ComplexQuery.java
SlowForLoop;DAAP;/Users/rar9993/repos/research/fdroid_apps/native_apps/rview/NONE_TRANSFORMED_;/src/main/java/com/ruesga/rview/gerrit/filter/antlr/QueryLexer.java;file:/src/main/java/com/ruesga/rview/gerrit/filter/antlr/QueryLexer.java
SlowForLoop;DAAP;/Users/rar9993/repos/research/fdroid_apps/native_apps/rview/NONE_TRANSFORMED_;/src/main/java/com/ruesga/rview/gerrit/filter/ChangeQuery.java;file:/src/main/java/com/ruesga/rview/gerrit/filter/ChangeQuery.java
SlowForLoop;DAAP;/Users/rar9993/repos/research/fdroid_apps/native_apps/rview/NONE_TRANSFORMED_;/src/main/java/com/ruesga/rview/gerrit/filter/SimpleQuery.java;file:/src/main/java/com/ruesga/rview/gerrit/filter/SimpleQuery.java
MemberIgnoringMethod;DAAP;/Users/rar9993/repos/research/fdroid_apps/native_apps/rview/NONE_TRANSFORMED_;/src/gms/java/com/ruesga/rview/attachments/gdrive/GDriveAttachmentsProvider.java;file:/src/gms/java/com/ruesga/rview/attachments/gdrive/GDriveAttachmentsProvider.java
MemberIgnoringMethod;DAAP;/Users/rar9993/repos/research/fdroid_apps/native_apps/rview/NONE_TRANSFORMED_;/src/gms/java/com/ruesga/rview/attachments/gdrive/GDriveRestApi.java;file:/src/gms/java/com/ruesga/rview/attachments/gdrive/GDriveRestApi.java
MemberIgnoringMethod;DAAP;/Users/rar9993/repos/research/fdroid_apps/native_apps/rview/NONE_TRANSFORMED_;/src/main/java/com/ruesga/rview/attachments/misc/OkHttpHelper.java;file:/src/main/java/com/ruesga/rview/attachments/misc/OkHttpHelper.java
MemberIgnoringMethod;DAAP;/Users/rar9993/repos/research/fdroid_apps/native_apps/rview/NONE_TRANSFORMED_;/src/main/java/com/ruesga/rview/attachments/AttachmentsProvider.java;file:/src/main/java/com/ruesga/rview/attachments/AttachmentsProvider.java
MemberIgnoringMethod;DAAP;/Users/rar9993/repos/research/fdroid_apps/native_apps/rview/NONE_TRANSFORMED_;/src/main/java/com/ruesga/rview/attachments/fragments/ProviderChooserFragment.java;file:/src/main/java/com/ruesga/rview/attachments/fragments/ProviderChooserFragment.java
MemberIgnoringMethod;DAAP;/Users/rar9993/repos/research/fdroid_apps/native_apps/rview/NONE_TRANSFORMED_;/src/main/java/com/ruesga/rview/attachments/AttachmentDropView.java;file:/src/main/java/com/ruesga/rview/attachments/AttachmentDropView.java
MemberIgnoringMethod;DAAP;/Users/rar9993/repos/research/fdroid_apps/native_apps/rview/NONE_TRANSFORMED_;/src/main/java/com/ruesga/rview/attachments/Attachment.java;file:/src/main/java/com/ruesga/rview/attachments/Attachment.java
MemberIgnoringMethod;DAAP;/Users/rar9993/repos/research/fdroid_apps/native_apps/rview/NONE_TRANSFORMED_;/src/main/java/com/ruesga/rview/attachments/AttachmentsSupport.java;file:/src/main/java/com/ruesga/rview/attachments/AttachmentsSupport.java
MemberIgnoringMethod;DAAP;/Users/rar9993/repos/research/fdroid_apps/native_apps/rview/NONE_TRANSFORMED_;/src/main/java/com/ruesga/rview/attachments/none/NoneAttachmentsProvider.java;file:/src/main/java/com/ruesga/rview/attachments/none/NoneAttachmentsProvider.java
SlowForLoop;DAAP;/Users/rar9993/repos/research/fdroid_apps/native_apps/rview/NONE_TRANSFORMED_;/src/main/java/com/ruesga/rview/attachments/AttachmentDropView.java;file:/src/main/java/com/ruesga/rview/attachments/AttachmentDropView.java
DroppedData;DAAP;/Users/rar9993/repos/research/fdroid_apps/native_apps/rview/NONE_TRANSFORMED_;/src/gms/java/com/ruesga/rview/attachments/gdrive/oauth/OAuthProxyFragment.java;file:/src/gms/java/com/ruesga/rview/attachments/gdrive/oauth/OAuthProxyFragment.java
DroppedData;DAAP;/Users/rar9993/repos/research/fdroid_apps/native_apps/rview/NONE_TRANSFORMED_;/src/main/java/com/ruesga/rview/attachments/fragments/ProviderChooserFragment.java;file:/src/main/java/com/ruesga/rview/attachments/fragments/ProviderChooserFragment.java
MemberIgnoringMethod;DAAP;/Users/rar9993/repos/research/fdroid_apps/native_apps/rview/NONE_TRANSFORMED_;/src/gms/java/com/ruesga/rview/services/NotificationService.java;file:/src/gms/java/com/ruesga/rview/services/NotificationService.java
MemberIgnoringMethod;DAAP;/Users/rar9993/repos/research/fdroid_apps/native_apps/rview/NONE_TRANSFORMED_;/src/gms/java/com/ruesga/rview/analytics/ContextualCrashReportingActivity.java;file:/src/gms/java/com/ruesga/rview/analytics/ContextualCrashReportingActivity.java
MemberIgnoringMethod;DAAP;/Users/rar9993/repos/research/fdroid_apps/native_apps/rview/NONE_TRANSFORMED_;/src/floss/java/com/ruesga/rview/analytics/ContextualCrashReportingActivity.java;file:/src/floss/java/com/ruesga/rview/analytics/ContextualCrashReportingActivity.java
MemberIgnoringMethod;DAAP;/Users/rar9993/repos/research/fdroid_apps/native_apps/rview/NONE_TRANSFORMED_;/src/main/java/com/ruesga/rview/misc/RviewImageHelper.java;file:/src/main/java/com/ruesga/rview/misc/RviewImageHelper.java
MemberIgnoringMethod;DAAP;/Users/rar9993/repos/research/fdroid_apps/native_apps/rview/NONE_TRANSFORMED_;/src/main/java/com/ruesga/rview/misc/SerializationManager.java;file:/src/main/java/com/ruesga/rview/misc/SerializationManager.java
MemberIgnoringMethod;DAAP;/Users/rar9993/repos/research/fdroid_apps/native_apps/rview/NONE_TRANSFORMED_;/src/main/java/com/ruesga/rview/UrlHandlerProxyActivity.java;file:/src/main/java/com/ruesga/rview/UrlHandlerProxyActivity.java
MemberIgnoringMethod;DAAP;/Users/rar9993/repos/research/fdroid_apps/native_apps/rview/NONE_TRANSFORMED_;/src/main/java/com/ruesga/rview/OnRefreshListener.java;file:/src/main/java/com/ruesga/rview/OnRefreshListener.java
MemberIgnoringMethod;DAAP;/Users/rar9993/repos/research/fdroid_apps/native_apps/rview/NONE_TRANSFORMED_;/src/main/java/com/ruesga/rview/tasks/AsyncTextDiffProcessor.java;file:/src/main/java/com/ruesga/rview/tasks/AsyncTextDiffProcessor.java
MemberIgnoringMethod;DAAP;/Users/rar9993/repos/research/fdroid_apps/native_apps/rview/NONE_TRANSFORMED_;/src/main/java/com/ruesga/rview/tasks/AsyncImageDiffProcessor.java;file:/src/main/java/com/ruesga/rview/tasks/AsyncImageDiffProcessor.java
MemberIgnoringMethod;DAAP;/Users/rar9993/repos/research/fdroid_apps/native_apps/rview/NONE_TRANSFORMED_;/src/main/java/com/ruesga/rview/fragments/EditFileChooserDialogFragment.java;file:/src/main/java/com/ruesga/rview/fragments/EditFileChooserDialogFragment.java
MemberIgnoringMethod;DAAP;/Users/rar9993/repos/research/fdroid_apps/native_apps/rview/NONE_TRANSFORMED_;/src/main/java/com/ruesga/rview/fragments/FileDiffViewerFragment.java;file:/src/main/java/com/ruesga/rview/fragments/FileDiffViewerFragment.java
MemberIgnoringMethod;DAAP;/Users/rar9993/repos/research/fdroid_apps/native_apps/rview/NONE_TRANSFORMED_;/src/main/java/com/ruesga/rview/fragments/StartFollowingChooserDialogFragment.java;file:/src/main/java/com/ruesga/rview/fragments/StartFollowingChooserDialogFragment.java
MemberIgnoringMethod;DAAP;/Users/rar9993/repos/research/fdroid_apps/native_apps/rview/NONE_TRANSFORMED_;/src/main/java/com/ruesga/rview/fragments/ListDialogFragment.java;file:/src/main/java/com/ruesga/rview/fragments/ListDialogFragment.java
MemberIgnoringMethod;DAAP;/Users/rar9993/repos/research/fdroid_apps/native_apps/rview/NONE_TRANSFORMED_;/src/main/java/com/ruesga/rview/fragments/NotificationsFragment.java;file:/src/main/java/com/ruesga/rview/fragments/NotificationsFragment.java
MemberIgnoringMethod;DAAP;/Users/rar9993/repos/research/fdroid_apps/native_apps/rview/NONE_TRANSFORMED_;/src/main/java/com/ruesga/rview/fragments/ChangeListByFilterFragment.java;file:/src/main/java/com/ruesga/rview/fragments/ChangeListByFilterFragment.java
MemberIgnoringMethod;DAAP;/Users/rar9993/repos/research/fdroid_apps/native_apps/rview/NONE_TRANSFORMED_;/src/main/java/com/ruesga/rview/fragments/PageableFragment.java;file:/src/main/java/com/ruesga/rview/fragments/PageableFragment.java
MemberIgnoringMethod;DAAP;/Users/rar9993/repos/research/fdroid_apps/native_apps/rview/NONE_TRANSFORMED_;/src/main/java/com/ruesga/rview/fragments/EditAssigneeDialogFragment.java;file:/src/main/java/com/ruesga/rview/fragments/EditAssigneeDialogFragment.java
MemberIgnoringMethod;DAAP;/Users/rar9993/repos/research/fdroid_apps/native_apps/rview/NONE_TRANSFORMED_;/src/main/java/com/ruesga/rview/fragments/SnippetFragment.java;file:/src/main/java/com/ruesga/rview/fragments/SnippetFragment.java
MemberIgnoringMethod;DAAP;/Users/rar9993/repos/research/fdroid_apps/native_apps/rview/NONE_TRANSFORMED_;/src/main/java/com/ruesga/rview/fragments/ConfirmDialogFragment.java;file:/src/main/java/com/ruesga/rview/fragments/ConfirmDialogFragment.java
MemberIgnoringMethod;DAAP;/Users/rar9993/repos/research/fdroid_apps/native_apps/rview/NONE_TRANSFORMED_;/src/main/java/com/ruesga/rview/fragments/FollowingChooserDialogFragment.java;file:/src/main/java/com/ruesga/rview/fragments/FollowingChooserDialogFragment.java
MemberIgnoringMethod;DAAP;/Users/rar9993/repos/research/fdroid_apps/native_apps/rview/NONE_TRANSFORMED_;/src/main/java/com/ruesga/rview/fragments/ChangeDetailsFragment.java;file:/src/main/java/com/ruesga/rview/fragments/ChangeDetailsFragment.java
MemberIgnoringMethod;DAAP;/Users/rar9993/repos/research/fdroid_apps/native_apps/rview/NONE_TRANSFORMED_;/src/main/java/com/ruesga/rview/fragments/GalleryChooserFragment.java;file:/src/main/java/com/ruesga/rview/fragments/GalleryChooserFragment.java
MemberIgnoringMethod;DAAP;/Users/rar9993/repos/research/fdroid_apps/native_apps/rview/NONE_TRANSFORMED_;/src/main/java/com/ruesga/rview/fragments/FilterableDialogFragment.java;file:/src/main/java/com/ruesga/rview/fragments/FilterableDialogFragment.java
MemberIgnoringMethod;DAAP;/Users/rar9993/repos/research/fdroid_apps/native_apps/rview/NONE_TRANSFORMED_;/src/main/java/com/ruesga/rview/fragments/TagEditDialogFragment.java;file:/src/main/java/com/ruesga/rview/fragments/TagEditDialogFragment.java
MemberIgnoringMethod;DAAP;/Users/rar9993/repos/research/fdroid_apps/native_apps/rview/NONE_TRANSFORMED_;/src/main/java/com/ruesga/rview/fragments/KeyEventBindable.java;file:/src/main/java/com/ruesga/rview/fragments/KeyEventBindable.java
MemberIgnoringMethod;DAAP;/Users/rar9993/repos/research/fdroid_apps/native_apps/rview/NONE_TRANSFORMED_;/src/main/java/com/ruesga/rview/fragments/ServerInfoDialogFragment.java;file:/src/main/java/com/ruesga/rview/fragments/ServerInfoDialogFragment.java
MemberIgnoringMethod;DAAP;/Users/rar9993/repos/research/fdroid_apps/native_apps/rview/NONE_TRANSFORMED_;/src/main/java/com/ruesga/rview/fragments/EditDialogFragment.java;file:/src/main/java/com/ruesga/rview/fragments/EditDialogFragment.java
MemberIgnoringMethod;DAAP;/Users/rar9993/repos/research/fdroid_apps/native_apps/rview/NONE_TRANSFORMED_;/src/main/java/com/ruesga/rview/fragments/BottomSheetBaseFragment.java;file:/src/main/java/com/ruesga/rview/fragments/BottomSheetBaseFragment.java
MemberIgnoringMethod;DAAP;/Users/rar9993/repos/research/fdroid_apps/native_apps/rview/NONE_TRANSFORMED_;/src/main/java/com/ruesga/rview/fragments/FilesDialogFragment.java;file:/src/main/java/com/ruesga/rview/fragments/FilesDialogFragment.java
MemberIgnoringMethod;DAAP;/Users/rar9993/repos/research/fdroid_apps/native_apps/rview/NONE_TRANSFORMED_;/src/main/java/com/ruesga/rview/fragments/ChangeListFragment.java;file:/src/main/java/com/ruesga/rview/fragments/ChangeListFragment.java
MemberIgnoringMethod;DAAP;/Users/rar9993/repos/research/fdroid_apps/native_apps/rview/NONE_TRANSFORMED_;/src/main/java/com/ruesga/rview/fragments/FollowingChangeListFragment.java;file:/src/main/java/com/ruesga/rview/fragments/FollowingChangeListFragment.java
MemberIgnoringMethod;DAAP;/Users/rar9993/repos/research/fdroid_apps/native_apps/rview/NONE_TRANSFORMED_;/src/main/java/com/ruesga/rview/fragments/EditorFragment.java;file:/src/main/java/com/ruesga/rview/fragments/EditorFragment.java
MemberIgnoringMethod;DAAP;/Users/rar9993/repos/research/fdroid_apps/native_apps/rview/NONE_TRANSFORMED_;/src/main/java/com/ruesga/rview/fragments/SelectableFragment.java;file:/src/main/java/com/ruesga/rview/fragments/SelectableFragment.java
MemberIgnoringMethod;DAAP;/Users/rar9993/repos/research/fdroid_apps/native_apps/rview/NONE_TRANSFORMED_;/src/main/java/com/ruesga/rview/fragments/NewChangeDialogFragment.java;file:/src/main/java/com/ruesga/rview/fragments/NewChangeDialogFragment.java
MemberIgnoringMethod;DAAP;/Users/rar9993/repos/research/fdroid_apps/native_apps/rview/NONE_TRANSFORMED_;/src/main/java/com/ruesga/rview/fragments/DashboardChooserDialogFragment.java;file:/src/main/java/com/ruesga/rview/fragments/DashboardChooserDialogFragment.java
MemberIgnoringMethod;DAAP;/Users/rar9993/repos/research/fdroid_apps/native_apps/rview/NONE_TRANSFORMED_;/src/main/java/com/ruesga/rview/fragments/AddReviewerDialogFragment.java;file:/src/main/java/com/ruesga/rview/fragments/AddReviewerDialogFragment.java
MemberIgnoringMethod;DAAP;/Users/rar9993/repos/research/fdroid_apps/native_apps/rview/NONE_TRANSFORMED_;/src/main/java/com/ruesga/rview/fragments/RevealDialogFragment.java;file:/src/main/java/com/ruesga/rview/fragments/RevealDialogFragment.java
MemberIgnoringMethod;DAAP;/Users/rar9993/repos/research/fdroid_apps/native_apps/rview/NONE_TRANSFORMED_;/src/main/java/com/ruesga/rview/fragments/DiffViewerFragment.java;file:/src/main/java/com/ruesga/rview/fragments/DiffViewerFragment.java
MemberIgnoringMethod;DAAP;/Users/rar9993/repos/research/fdroid_apps/native_apps/rview/NONE_TRANSFORMED_;/src/main/java/com/ruesga/rview/fragments/DownloadDialogFragment.java;file:/src/main/java/com/ruesga/rview/fragments/DownloadDialogFragment.java
MemberIgnoringMethod;DAAP;/Users/rar9993/repos/research/fdroid_apps/native_apps/rview/NONE_TRANSFORMED_;/src/main/java/com/ruesga/rview/fragments/StatsPageFragment.java;file:/src/main/java/com/ruesga/rview/fragments/StatsPageFragment.java
MemberIgnoringMethod;DAAP;/Users/rar9993/repos/research/fdroid_apps/native_apps/rview/NONE_TRANSFORMED_;/src/main/java/com/ruesga/rview/widget/LinesWithCommentsView.java;file:/src/main/java/com/ruesga/rview/widget/LinesWithCommentsView.java
MemberIgnoringMethod;DAAP;/Users/rar9993/repos/research/fdroid_apps/native_apps/rview/NONE_TRANSFORMED_;/src/main/java/com/ruesga/rview/widget/AttachmentsView.java;file:/src/main/java/com/ruesga/rview/widget/AttachmentsView.java
MemberIgnoringMethod;DAAP;/Users/rar9993/repos/research/fdroid_apps/native_apps/rview/NONE_TRANSFORMED_;/src/main/java/com/ruesga/rview/widget/UnwrappedLinearLayoutManager.java;file:/src/main/java/com/ruesga/rview/widget/UnwrappedLinearLayoutManager.java
MemberIgnoringMethod;DAAP;/Users/rar9993/repos/research/fdroid_apps/native_apps/rview/NONE_TRANSFORMED_;/src/main/java/com/ruesga/rview/widget/ExpandableViewLayout.java;file:/src/main/java/com/ruesga/rview/widget/ExpandableViewLayout.java
MemberIgnoringMethod;DAAP;/Users/rar9993/repos/research/fdroid_apps/native_apps/rview/NONE_TRANSFORMED_;/src/main/java/com/ruesga/rview/widget/ActivityStatsChart.java;file:/src/main/java/com/ruesga/rview/widget/ActivityStatsChart.java
MemberIgnoringMethod;DAAP;/Users/rar9993/repos/research/fdroid_apps/native_apps/rview/NONE_TRANSFORMED_;/src/main/java/com/ruesga/rview/widget/SelectableCompatTextView.java;file:/src/main/java/com/ruesga/rview/widget/SelectableCompatTextView.java
MemberIgnoringMethod;DAAP;/Users/rar9993/repos/research/fdroid_apps/native_apps/rview/NONE_TRANSFORMED_;/src/main/java/com/ruesga/rview/widget/DashboardsView.java;file:/src/main/java/com/ruesga/rview/widget/DashboardsView.java
MemberIgnoringMethod;DAAP;/Users/rar9993/repos/research/fdroid_apps/native_apps/rview/NONE_TRANSFORMED_;/src/main/java/com/ruesga/rview/widget/PagerControllerLayout.java;file:/src/main/java/com/ruesga/rview/widget/PagerControllerLayout.java
MemberIgnoringMethod;DAAP;/Users/rar9993/repos/research/fdroid_apps/native_apps/rview/NONE_TRANSFORMED_;/src/main/java/com/ruesga/rview/widget/ReviewerUpdatesView.java;file:/src/main/java/com/ruesga/rview/widget/ReviewerUpdatesView.java
MemberIgnoringMethod;DAAP;/Users/rar9993/repos/research/fdroid_apps/native_apps/rview/NONE_TRANSFORMED_;/src/main/java/com/ruesga/rview/widget/RegExLinkifyTextView.java;file:/src/main/java/com/ruesga/rview/widget/RegExLinkifyTextView.java
MemberIgnoringMethod;DAAP;/Users/rar9993/repos/research/fdroid_apps/native_apps/rview/NONE_TRANSFORMED_;/src/main/java/com/ruesga/rview/widget/AddedVsDeletedGraphView.java;file:/src/main/java/com/ruesga/rview/widget/AddedVsDeletedGraphView.java
MemberIgnoringMethod;DAAP;/Users/rar9993/repos/research/fdroid_apps/native_apps/rview/NONE_TRANSFORMED_;/src/main/java/com/ruesga/rview/widget/LinksView.java;file:/src/main/java/com/ruesga/rview/widget/LinksView.java
MemberIgnoringMethod;DAAP;/Users/rar9993/repos/research/fdroid_apps/native_apps/rview/NONE_TRANSFORMED_;/src/main/java/com/ruesga/rview/widget/ReviewLabelsView.java;file:/src/main/java/com/ruesga/rview/widget/ReviewLabelsView.java
MemberIgnoringMethod;DAAP;/Users/rar9993/repos/research/fdroid_apps/native_apps/rview/NONE_TRANSFORMED_;/src/main/java/com/ruesga/rview/widget/ScoresView.java;file:/src/main/java/com/ruesga/rview/widget/ScoresView.java
MemberIgnoringMethod;DAAP;/Users/rar9993/repos/research/fdroid_apps/native_apps/rview/NONE_TRANSFORMED_;/src/main/java/com/ruesga/rview/widget/SwipeableViewPager.java;file:/src/main/java/com/ruesga/rview/widget/SwipeableViewPager.java
MemberIgnoringMethod;DAAP;/Users/rar9993/repos/research/fdroid_apps/native_apps/rview/NONE_TRANSFORMED_;/src/main/java/com/ruesga/rview/widget/AccountChipView.java;file:/src/main/java/com/ruesga/rview/widget/AccountChipView.java
MemberIgnoringMethod;DAAP;/Users/rar9993/repos/research/fdroid_apps/native_apps/rview/NONE_TRANSFORMED_;/src/main/java/com/ruesga/rview/widget/ScoreWithReviewersView.java;file:/src/main/java/com/ruesga/rview/widget/ScoreWithReviewersView.java
MemberIgnoringMethod;DAAP;/Users/rar9993/repos/research/fdroid_apps/native_apps/rview/NONE_TRANSFORMED_;/src/main/java/com/ruesga/rview/widget/ToastView.java;file:/src/main/java/com/ruesga/rview/widget/ToastView.java
MemberIgnoringMethod;DAAP;/Users/rar9993/repos/research/fdroid_apps/native_apps/rview/NONE_TRANSFORMED_;/src/main/java/com/ruesga/rview/widget/AccountStateSuggestionsView.java;file:/src/main/java/com/ruesga/rview/widget/AccountStateSuggestionsView.java
MemberIgnoringMethod;DAAP;/Users/rar9993/repos/research/fdroid_apps/native_apps/rview/NONE_TRANSFORMED_;/src/main/java/com/ruesga/rview/widget/EndlessRecyclerViewScrollListener.java;file:/src/main/java/com/ruesga/rview/widget/EndlessRecyclerViewScrollListener.java
MemberIgnoringMethod;DAAP;/Users/rar9993/repos/research/fdroid_apps/native_apps/rview/NONE_TRANSFORMED_;/src/main/java/com/ruesga/rview/widget/ContinuousIntegrationView.java;file:/src/main/java/com/ruesga/rview/widget/ContinuousIntegrationView.java
MemberIgnoringMethod;DAAP;/Users/rar9993/repos/research/fdroid_apps/native_apps/rview/NONE_TRANSFORMED_;/src/main/java/com/ruesga/rview/widget/TagEditTextView.java;file:/src/main/java/com/ruesga/rview/widget/TagEditTextView.java
MemberIgnoringMethod;DAAP;/Users/rar9993/repos/research/fdroid_apps/native_apps/rview/NONE_TRANSFORMED_;/src/main/java/com/ruesga/rview/widget/DelayedAutocompleteTextView.java;file:/src/main/java/com/ruesga/rview/widget/DelayedAutocompleteTextView.java
MemberIgnoringMethod;DAAP;/Users/rar9993/repos/research/fdroid_apps/native_apps/rview/NONE_TRANSFORMED_;/src/main/java/com/ruesga/rview/widget/DiffView.java;file:/src/main/java/com/ruesga/rview/widget/DiffView.java
MemberIgnoringMethod;DAAP;/Users/rar9993/repos/research/fdroid_apps/native_apps/rview/NONE_TRANSFORMED_;/src/main/java/com/ruesga/rview/widget/Top5StatsView.java;file:/src/main/java/com/ruesga/rview/widget/Top5StatsView.java
MemberIgnoringMethod;DAAP;/Users/rar9993/repos/research/fdroid_apps/native_apps/rview/NONE_TRANSFORMED_;/src/main/java/com/ruesga/rview/widget/ScrollAwareFloatingActionButtonBehavior.java;file:/src/main/java/com/ruesga/rview/widget/ScrollAwareFloatingActionButtonBehavior.java
MemberIgnoringMethod;DAAP;/Users/rar9993/repos/research/fdroid_apps/native_apps/rview/NONE_TRANSFORMED_;/src/main/java/com/ruesga/rview/TabFragmentActivity.java;file:/src/main/java/com/ruesga/rview/TabFragmentActivity.java
MemberIgnoringMethod;DAAP;/Users/rar9993/repos/research/fdroid_apps/native_apps/rview/NONE_TRANSFORMED_;/src/main/java/com/ruesga/rview/EditorActivity.java;file:/src/main/java/com/ruesga/rview/EditorActivity.java
MemberIgnoringMethod;DAAP;/Users/rar9993/repos/research/fdroid_apps/native_apps/rview/NONE_TRANSFORMED_;/src/main/java/com/ruesga/rview/providers/DatabaseHelper.java;file:/src/main/java/com/ruesga/rview/providers/DatabaseHelper.java
MemberIgnoringMethod;DAAP;/Users/rar9993/repos/research/fdroid_apps/native_apps/rview/NONE_TRANSFORMED_;/src/main/java/com/ruesga/rview/providers/RviewProvider.java;file:/src/main/java/com/ruesga/rview/providers/RviewProvider.java
MemberIgnoringMethod;DAAP;/Users/rar9993/repos/research/fdroid_apps/native_apps/rview/NONE_TRANSFORMED_;/src/main/java/com/ruesga/rview/MainActivity.java;file:/src/main/java/com/ruesga/rview/MainActivity.java
MemberIgnoringMethod;DAAP;/Users/rar9993/repos/research/fdroid_apps/native_apps/rview/NONE_TRANSFORMED_;/src/main/java/com/ruesga/rview/DiffViewerActivity.java;file:/src/main/java/com/ruesga/rview/DiffViewerActivity.java
MemberIgnoringMethod;DAAP;/Users/rar9993/repos/research/fdroid_apps/native_apps/rview/NONE_TRANSFORMED_;/src/main/java/com/ruesga/rview/receivers/NotificationReceiver.java;file:/src/main/java/com/ruesga/rview/receivers/NotificationReceiver.java
MemberIgnoringMethod;DAAP;/Users/rar9993/repos/research/fdroid_apps/native_apps/rview/NONE_TRANSFORMED_;/src/main/java/com/ruesga/rview/ChangeListBaseActivity.java;file:/src/main/java/com/ruesga/rview/ChangeListBaseActivity.java
MemberIgnoringMethod;DAAP;/Users/rar9993/repos/research/fdroid_apps/native_apps/rview/NONE_TRANSFORMED_;/src/main/java/com/ruesga/rview/NotificationsActivity.java;file:/src/main/java/com/ruesga/rview/NotificationsActivity.java
MemberIgnoringMethod;DAAP;/Users/rar9993/repos/research/fdroid_apps/native_apps/rview/NONE_TRANSFORMED_;/src/main/java/com/ruesga/rview/adapters/AccountsAdapter.java;file:/src/main/java/com/ruesga/rview/adapters/AccountsAdapter.java
MemberIgnoringMethod;DAAP;/Users/rar9993/repos/research/fdroid_apps/native_apps/rview/NONE_TRANSFORMED_;/src/main/java/com/ruesga/rview/adapters/FilterableAdapter.java;file:/src/main/java/com/ruesga/rview/adapters/FilterableAdapter.java
MemberIgnoringMethod;DAAP;/Users/rar9993/repos/research/fdroid_apps/native_apps/rview/NONE_TRANSFORMED_;/src/main/java/com/ruesga/rview/adapters/PatchSetsAdapter.java;file:/src/main/java/com/ruesga/rview/adapters/PatchSetsAdapter.java
MemberIgnoringMethod;DAAP;/Users/rar9993/repos/research/fdroid_apps/native_apps/rview/NONE_TRANSFORMED_;/src/main/java/com/ruesga/rview/adapters/SuggestedReviewersAdapter.java;file:/src/main/java/com/ruesga/rview/adapters/SuggestedReviewersAdapter.java
MemberIgnoringMethod;DAAP;/Users/rar9993/repos/research/fdroid_apps/native_apps/rview/NONE_TRANSFORMED_;/src/main/java/com/ruesga/rview/adapters/FileChooserAdapter.java;file:/src/main/java/com/ruesga/rview/adapters/FileChooserAdapter.java
MemberIgnoringMethod;DAAP;/Users/rar9993/repos/research/fdroid_apps/native_apps/rview/NONE_TRANSFORMED_;/src/main/java/com/ruesga/rview/adapters/SimpleDropDownAdapter.java;file:/src/main/java/com/ruesga/rview/adapters/SimpleDropDownAdapter.java
MemberIgnoringMethod;DAAP;/Users/rar9993/repos/research/fdroid_apps/native_apps/rview/NONE_TRANSFORMED_;/src/main/java/com/ruesga/rview/Reloadable.java;file:/src/main/java/com/ruesga/rview/Reloadable.java
MemberIgnoringMethod;DAAP;/Users/rar9993/repos/research/fdroid_apps/native_apps/rview/NONE_TRANSFORMED_;/src/main/java/com/ruesga/rview/AppCompatDelegateActivity.java;file:/src/main/java/com/ruesga/rview/AppCompatDelegateActivity.java
MemberIgnoringMethod;DAAP;/Users/rar9993/repos/research/fdroid_apps/native_apps/rview/NONE_TRANSFORMED_;/src/main/java/com/ruesga/rview/OnChangeItemListener.java;file:/src/main/java/com/ruesga/rview/OnChangeItemListener.java
MemberIgnoringMethod;DAAP;/Users/rar9993/repos/research/fdroid_apps/native_apps/rview/NONE_TRANSFORMED_;/src/main/java/com/ruesga/rview/RviewApplication.java;file:/src/main/java/com/ruesga/rview/RviewApplication.java
MemberIgnoringMethod;DAAP;/Users/rar9993/repos/research/fdroid_apps/native_apps/rview/NONE_TRANSFORMED_;/src/main/java/com/ruesga/rview/AccountSettingsActivity.java;file:/src/main/java/com/ruesga/rview/AccountSettingsActivity.java
MemberIgnoringMethod;DAAP;/Users/rar9993/repos/research/fdroid_apps/native_apps/rview/NONE_TRANSFORMED_;/src/main/java/com/ruesga/rview/BaseActivity.java;file:/src/main/java/com/ruesga/rview/BaseActivity.java
MemberIgnoringMethod;DAAP;/Users/rar9993/repos/research/fdroid_apps/native_apps/rview/NONE_TRANSFORMED_;/src/main/java/com/ruesga/rview/model/CustomFilter.java;file:/src/main/java/com/ruesga/rview/model/CustomFilter.java
MemberIgnoringMethod;DAAP;/Users/rar9993/repos/research/fdroid_apps/native_apps/rview/NONE_TRANSFORMED_;/src/main/java/com/ruesga/rview/model/ContinuousIntegrationInfo.java;file:/src/main/java/com/ruesga/rview/model/ContinuousIntegrationInfo.java
MemberIgnoringMethod;DAAP;/Users/rar9993/repos/research/fdroid_apps/native_apps/rview/NONE_TRANSFORMED_;/src/main/java/com/ruesga/rview/model/Account.java;file:/src/main/java/com/ruesga/rview/model/Account.java
MemberIgnoringMethod;DAAP;/Users/rar9993/repos/research/fdroid_apps/native_apps/rview/NONE_TRANSFORMED_;/src/main/java/com/ruesga/rview/model/Repository.java;file:/src/main/java/com/ruesga/rview/model/Repository.java
MemberIgnoringMethod;DAAP;/Users/rar9993/repos/research/fdroid_apps/native_apps/rview/NONE_TRANSFORMED_;/src/main/java/com/ruesga/rview/model/EmptyState.java;file:/src/main/java/com/ruesga/rview/model/EmptyState.java
MemberIgnoringMethod;DAAP;/Users/rar9993/repos/research/fdroid_apps/native_apps/rview/NONE_TRANSFORMED_;/src/main/java/com/ruesga/rview/ChangeListByFilterActivity.java;file:/src/main/java/com/ruesga/rview/ChangeListByFilterActivity.java
MemberIgnoringMethod;DAAP;/Users/rar9993/repos/research/fdroid_apps/native_apps/rview/NONE_TRANSFORMED_;/src/main/java/com/ruesga/rview/wizards/AccountReadyPageFragment.java;file:/src/main/java/com/ruesga/rview/wizards/AccountReadyPageFragment.java
MemberIgnoringMethod;DAAP;/Users/rar9993/repos/research/fdroid_apps/native_apps/rview/NONE_TRANSFORMED_;/src/main/java/com/ruesga/rview/wizards/ConfirmationPageFragment.java;file:/src/main/java/com/ruesga/rview/wizards/ConfirmationPageFragment.java
MemberIgnoringMethod;DAAP;/Users/rar9993/repos/research/fdroid_apps/native_apps/rview/NONE_TRANSFORMED_;/src/main/java/com/ruesga/rview/wizards/AccountPageFragment.java;file:/src/main/java/com/ruesga/rview/wizards/AccountPageFragment.java
MemberIgnoringMethod;DAAP;/Users/rar9993/repos/research/fdroid_apps/native_apps/rview/NONE_TRANSFORMED_;/src/main/java/com/ruesga/rview/wizards/PredefinedRepositoriesChooserFragment.java;file:/src/main/java/com/ruesga/rview/wizards/PredefinedRepositoriesChooserFragment.java
MemberIgnoringMethod;DAAP;/Users/rar9993/repos/research/fdroid_apps/native_apps/rview/NONE_TRANSFORMED_;/src/main/java/com/ruesga/rview/wizards/AccountSetupPageFragment.java;file:/src/main/java/com/ruesga/rview/wizards/AccountSetupPageFragment.java
MemberIgnoringMethod;DAAP;/Users/rar9993/repos/research/fdroid_apps/native_apps/rview/NONE_TRANSFORMED_;/src/main/java/com/ruesga/rview/wizards/AuthorizationAccountSetupActivity.java;file:/src/main/java/com/ruesga/rview/wizards/AuthorizationAccountSetupActivity.java
MemberIgnoringMethod;DAAP;/Users/rar9993/repos/research/fdroid_apps/native_apps/rview/NONE_TRANSFORMED_;/src/main/java/com/ruesga/rview/wizards/SetupAccountActivity.java;file:/src/main/java/com/ruesga/rview/wizards/SetupAccountActivity.java
MemberIgnoringMethod;DAAP;/Users/rar9993/repos/research/fdroid_apps/native_apps/rview/NONE_TRANSFORMED_;/src/main/java/com/ruesga/rview/wizards/WelcomePageFragment.java;file:/src/main/java/com/ruesga/rview/wizards/WelcomePageFragment.java
MemberIgnoringMethod;DAAP;/Users/rar9993/repos/research/fdroid_apps/native_apps/rview/NONE_TRANSFORMED_;/src/main/java/com/ruesga/rview/wizards/RepositoryPageFragment.java;file:/src/main/java/com/ruesga/rview/wizards/RepositoryPageFragment.java
MemberIgnoringMethod;DAAP;/Users/rar9993/repos/research/fdroid_apps/native_apps/rview/NONE_TRANSFORMED_;/src/main/java/com/ruesga/rview/ChangeDetailsActivity.java;file:/src/main/java/com/ruesga/rview/ChangeDetailsActivity.java
MemberIgnoringMethod;DAAP;/Users/rar9993/repos/research/fdroid_apps/native_apps/rview/NONE_TRANSFORMED_;/src/main/java/com/ruesga/rview/analytics/CrashReporting.java;file:/src/main/java/com/ruesga/rview/analytics/CrashReporting.java
MemberIgnoringMethod;DAAP;/Users/rar9993/repos/research/fdroid_apps/native_apps/rview/NONE_TRANSFORMED_;/src/main/java/com/ruesga/rview/analytics/AnalyticsManager.java;file:/src/main/java/com/ruesga/rview/analytics/AnalyticsManager.java
MemberIgnoringMethod;DAAP;/Users/rar9993/repos/research/fdroid_apps/native_apps/rview/NONE_TRANSFORMED_;/src/main/java/com/ruesga/rview/SearchActivity.java;file:/src/main/java/com/ruesga/rview/SearchActivity.java
SlowForLoop;DAAP;/Users/rar9993/repos/research/fdroid_apps/native_apps/rview/NONE_TRANSFORMED_;/src/main/java/com/ruesga/rview/misc/EmojiHelper.java;file:/src/main/java/com/ruesga/rview/misc/EmojiHelper.java
SlowForLoop;DAAP;/Users/rar9993/repos/research/fdroid_apps/native_apps/rview/NONE_TRANSFORMED_;/src/main/java/com/ruesga/rview/misc/BindingAdapters.java;file:/src/main/java/com/ruesga/rview/misc/BindingAdapters.java
SlowForLoop;DAAP;/Users/rar9993/repos/research/fdroid_apps/native_apps/rview/NONE_TRANSFORMED_;/src/main/java/com/ruesga/rview/misc/ViewHelper.java;file:/src/main/java/com/ruesga/rview/misc/ViewHelper.java
SlowForLoop;DAAP;/Users/rar9993/repos/research/fdroid_apps/native_apps/rview/NONE_TRANSFORMED_;/src/main/java/com/ruesga/rview/misc/VectorDrawableConverter.java;file:/src/main/java/com/ruesga/rview/misc/VectorDrawableConverter.java
SlowForLoop;DAAP;/Users/rar9993/repos/research/fdroid_apps/native_apps/rview/NONE_TRANSFORMED_;/src/main/java/com/ruesga/rview/misc/Formatter.java;file:/src/main/java/com/ruesga/rview/misc/Formatter.java
SlowForLoop;DAAP;/Users/rar9993/repos/research/fdroid_apps/native_apps/rview/NONE_TRANSFORMED_;/src/main/java/com/ruesga/rview/misc/ModelHelper.java;file:/src/main/java/com/ruesga/rview/misc/ModelHelper.java
SlowForLoop;DAAP;/Users/rar9993/repos/research/fdroid_apps/native_apps/rview/NONE_TRANSFORMED_;/src/main/java/com/ruesga/rview/misc/StringHelper.java;file:/src/main/java/com/ruesga/rview/misc/StringHelper.java
SlowForLoop;DAAP;/Users/rar9993/repos/research/fdroid_apps/native_apps/rview/NONE_TRANSFORMED_;/src/main/java/com/ruesga/rview/misc/NotificationsHelper.java;file:/src/main/java/com/ruesga/rview/misc/NotificationsHelper.java
SlowForLoop;DAAP;/Users/rar9993/repos/research/fdroid_apps/native_apps/rview/NONE_TRANSFORMED_;/src/main/java/com/ruesga/rview/misc/ContinuousIntegrationHelper.java;file:/src/main/java/com/ruesga/rview/misc/ContinuousIntegrationHelper.java
SlowForLoop;DAAP;/Users/rar9993/repos/research/fdroid_apps/native_apps/rview/NONE_TRANSFORMED_;/src/main/java/com/ruesga/rview/preferences/Preferences.java;file:/src/main/java/com/ruesga/rview/preferences/Preferences.java
SlowForLoop;DAAP;/Users/rar9993/repos/research/fdroid_apps/native_apps/rview/NONE_TRANSFORMED_;/src/main/java/com/ruesga/rview/tasks/AsyncTextDiffProcessor.java;file:/src/main/java/com/ruesga/rview/tasks/AsyncTextDiffProcessor.java
SlowForLoop;DAAP;/Users/rar9993/repos/research/fdroid_apps/native_apps/rview/NONE_TRANSFORMED_;/src/main/java/com/ruesga/rview/fragments/AccountSettingsFragment.java;file:/src/main/java/com/ruesga/rview/fragments/AccountSettingsFragment.java
SlowForLoop;DAAP;/Users/rar9993/repos/research/fdroid_apps/native_apps/rview/NONE_TRANSFORMED_;/src/main/java/com/ruesga/rview/fragments/ChangeDetailsFragment.java;file:/src/main/java/com/ruesga/rview/fragments/ChangeDetailsFragment.java
SlowForLoop;DAAP;/Users/rar9993/repos/research/fdroid_apps/native_apps/rview/NONE_TRANSFORMED_;/src/main/java/com/ruesga/rview/fragments/GalleryChooserFragment.java;file:/src/main/java/com/ruesga/rview/fragments/GalleryChooserFragment.java
SlowForLoop;DAAP;/Users/rar9993/repos/research/fdroid_apps/native_apps/rview/NONE_TRANSFORMED_;/src/main/java/com/ruesga/rview/fragments/FilterableDialogFragment.java;file:/src/main/java/com/ruesga/rview/fragments/FilterableDialogFragment.java
SlowForLoop;DAAP;/Users/rar9993/repos/research/fdroid_apps/native_apps/rview/NONE_TRANSFORMED_;/src/main/java/com/ruesga/rview/fragments/TagEditDialogFragment.java;file:/src/main/java/com/ruesga/rview/fragments/TagEditDialogFragment.java
SlowForLoop;DAAP;/Users/rar9993/repos/research/fdroid_apps/native_apps/rview/NONE_TRANSFORMED_;/src/main/java/com/ruesga/rview/fragments/EditorFragment.java;file:/src/main/java/com/ruesga/rview/fragments/EditorFragment.java
SlowForLoop;DAAP;/Users/rar9993/repos/research/fdroid_apps/native_apps/rview/NONE_TRANSFORMED_;/src/main/java/com/ruesga/rview/fragments/DashboardFragment.java;file:/src/main/java/com/ruesga/rview/fragments/DashboardFragment.java
SlowForLoop;DAAP;/Users/rar9993/repos/research/fdroid_apps/native_apps/rview/NONE_TRANSFORMED_;/src/main/java/com/ruesga/rview/fragments/DiffViewerFragment.java;file:/src/main/java/com/ruesga/rview/fragments/DiffViewerFragment.java
SlowForLoop;DAAP;/Users/rar9993/repos/research/fdroid_apps/native_apps/rview/NONE_TRANSFORMED_;/src/main/java/com/ruesga/rview/widget/LinesWithCommentsView.java;file:/src/main/java/com/ruesga/rview/widget/LinesWithCommentsView.java
SlowForLoop;DAAP;/Users/rar9993/repos/research/fdroid_apps/native_apps/rview/NONE_TRANSFORMED_;/src/main/java/com/ruesga/rview/widget/UnwrappedLinearLayoutManager.java;file:/src/main/java/com/ruesga/rview/widget/UnwrappedLinearLayoutManager.java
SlowForLoop;DAAP;/Users/rar9993/repos/research/fdroid_apps/native_apps/rview/NONE_TRANSFORMED_;/src/main/java/com/ruesga/rview/widget/ExpandableViewLayout.java;file:/src/main/java/com/ruesga/rview/widget/ExpandableViewLayout.java
SlowForLoop;DAAP;/Users/rar9993/repos/research/fdroid_apps/native_apps/rview/NONE_TRANSFORMED_;/src/main/java/com/ruesga/rview/widget/DownloadCommandsView.java;file:/src/main/java/com/ruesga/rview/widget/DownloadCommandsView.java
SlowForLoop;DAAP;/Users/rar9993/repos/research/fdroid_apps/native_apps/rview/NONE_TRANSFORMED_;/src/main/java/com/ruesga/rview/widget/MergedStatusChart.java;file:/src/main/java/com/ruesga/rview/widget/MergedStatusChart.java
SlowForLoop;DAAP;/Users/rar9993/repos/research/fdroid_apps/native_apps/rview/NONE_TRANSFORMED_;/src/main/java/com/ruesga/rview/widget/ActivityStatsChart.java;file:/src/main/java/com/ruesga/rview/widget/ActivityStatsChart.java
SlowForLoop;DAAP;/Users/rar9993/repos/research/fdroid_apps/native_apps/rview/NONE_TRANSFORMED_;/src/main/java/com/ruesga/rview/widget/FilesAndCommentsView.java;file:/src/main/java/com/ruesga/rview/widget/FilesAndCommentsView.java
SlowForLoop;DAAP;/Users/rar9993/repos/research/fdroid_apps/native_apps/rview/NONE_TRANSFORMED_;/src/main/java/com/ruesga/rview/widget/DashboardsView.java;file:/src/main/java/com/ruesga/rview/widget/DashboardsView.java
SlowForLoop;DAAP;/Users/rar9993/repos/research/fdroid_apps/native_apps/rview/NONE_TRANSFORMED_;/src/main/java/com/ruesga/rview/widget/ParentCommitsView.java;file:/src/main/java/com/ruesga/rview/widget/ParentCommitsView.java
SlowForLoop;DAAP;/Users/rar9993/repos/research/fdroid_apps/native_apps/rview/NONE_TRANSFORMED_;/src/main/java/com/ruesga/rview/widget/StyleableTextView.java;file:/src/main/java/com/ruesga/rview/widget/StyleableTextView.java
SlowForLoop;DAAP;/Users/rar9993/repos/research/fdroid_apps/native_apps/rview/NONE_TRANSFORMED_;/src/main/java/com/ruesga/rview/widget/ReviewerUpdatesView.java;file:/src/main/java/com/ruesga/rview/widget/ReviewerUpdatesView.java
SlowForLoop;DAAP;/Users/rar9993/repos/research/fdroid_apps/native_apps/rview/NONE_TRANSFORMED_;/src/main/java/com/ruesga/rview/widget/RegExLinkifyTextView.java;file:/src/main/java/com/ruesga/rview/widget/RegExLinkifyTextView.java
SlowForLoop;DAAP;/Users/rar9993/repos/research/fdroid_apps/native_apps/rview/NONE_TRANSFORMED_;/src/main/java/com/ruesga/rview/widget/LabelsView.java;file:/src/main/java/com/ruesga/rview/widget/LabelsView.java
SlowForLoop;DAAP;/Users/rar9993/repos/research/fdroid_apps/native_apps/rview/NONE_TRANSFORMED_;/src/main/java/com/ruesga/rview/widget/LinksView.java;file:/src/main/java/com/ruesga/rview/widget/LinksView.java
SlowForLoop;DAAP;/Users/rar9993/repos/research/fdroid_apps/native_apps/rview/NONE_TRANSFORMED_;/src/main/java/com/ruesga/rview/widget/ReviewLabelsView.java;file:/src/main/java/com/ruesga/rview/widget/ReviewLabelsView.java
SlowForLoop;DAAP;/Users/rar9993/repos/research/fdroid_apps/native_apps/rview/NONE_TRANSFORMED_;/src/main/java/com/ruesga/rview/widget/ScoreLabelsView.java;file:/src/main/java/com/ruesga/rview/widget/ScoreLabelsView.java
SlowForLoop;DAAP;/Users/rar9993/repos/research/fdroid_apps/native_apps/rview/NONE_TRANSFORMED_;/src/main/java/com/ruesga/rview/widget/ScoresView.java;file:/src/main/java/com/ruesga/rview/widget/ScoresView.java
SlowForLoop;DAAP;/Users/rar9993/repos/research/fdroid_apps/native_apps/rview/NONE_TRANSFORMED_;/src/main/java/com/ruesga/rview/widget/ScoreWithReviewersView.java;file:/src/main/java/com/ruesga/rview/widget/ScoreWithReviewersView.java
SlowForLoop;DAAP;/Users/rar9993/repos/research/fdroid_apps/native_apps/rview/NONE_TRANSFORMED_;/src/main/java/com/ruesga/rview/widget/AccountStateSuggestionsView.java;file:/src/main/java/com/ruesga/rview/widget/AccountStateSuggestionsView.java
SlowForLoop;DAAP;/Users/rar9993/repos/research/fdroid_apps/native_apps/rview/NONE_TRANSFORMED_;/src/main/java/com/ruesga/rview/widget/EndlessRecyclerViewScrollListener.java;file:/src/main/java/com/ruesga/rview/widget/EndlessRecyclerViewScrollListener.java
SlowForLoop;DAAP;/Users/rar9993/repos/research/fdroid_apps/native_apps/rview/NONE_TRANSFORMED_;/src/main/java/com/ruesga/rview/widget/DividerItemDecoration.java;file:/src/main/java/com/ruesga/rview/widget/DividerItemDecoration.java
SlowForLoop;DAAP;/Users/rar9993/repos/research/fdroid_apps/native_apps/rview/NONE_TRANSFORMED_;/src/main/java/com/ruesga/rview/widget/ContinuousIntegrationView.java;file:/src/main/java/com/ruesga/rview/widget/ContinuousIntegrationView.java
SlowForLoop;DAAP;/Users/rar9993/repos/research/fdroid_apps/native_apps/rview/NONE_TRANSFORMED_;/src/main/java/com/ruesga/rview/widget/ReviewersView.java;file:/src/main/java/com/ruesga/rview/widget/ReviewersView.java
SlowForLoop;DAAP;/Users/rar9993/repos/research/fdroid_apps/native_apps/rview/NONE_TRANSFORMED_;/src/main/java/com/ruesga/rview/widget/TagEditTextView.java;file:/src/main/java/com/ruesga/rview/widget/TagEditTextView.java
SlowForLoop;DAAP;/Users/rar9993/repos/research/fdroid_apps/native_apps/rview/NONE_TRANSFORMED_;/src/main/java/com/ruesga/rview/widget/DiffView.java;file:/src/main/java/com/ruesga/rview/widget/DiffView.java
SlowForLoop;DAAP;/Users/rar9993/repos/research/fdroid_apps/native_apps/rview/NONE_TRANSFORMED_;/src/main/java/com/ruesga/rview/widget/Top5StatsView.java;file:/src/main/java/com/ruesga/rview/widget/Top5StatsView.java
SlowForLoop;DAAP;/Users/rar9993/repos/research/fdroid_apps/native_apps/rview/NONE_TRANSFORMED_;/src/main/java/com/ruesga/rview/MainActivity.java;file:/src/main/java/com/ruesga/rview/MainActivity.java
SlowForLoop;DAAP;/Users/rar9993/repos/research/fdroid_apps/native_apps/rview/NONE_TRANSFORMED_;/src/main/java/com/ruesga/rview/adapters/PatchSetsAdapter.java;file:/src/main/java/com/ruesga/rview/adapters/PatchSetsAdapter.java
SlowForLoop;DAAP;/Users/rar9993/repos/research/fdroid_apps/native_apps/rview/NONE_TRANSFORMED_;/src/main/java/com/ruesga/rview/adapters/SimpleDropDownAdapter.java;file:/src/main/java/com/ruesga/rview/adapters/SimpleDropDownAdapter.java
SlowForLoop;DAAP;/Users/rar9993/repos/research/fdroid_apps/native_apps/rview/NONE_TRANSFORMED_;/src/main/java/com/ruesga/rview/ChangeDetailsActivity.java;file:/src/main/java/com/ruesga/rview/ChangeDetailsActivity.java
SlowForLoop;DAAP;/Users/rar9993/repos/research/fdroid_apps/native_apps/rview/NONE_TRANSFORMED_;/src/main/java/com/ruesga/rview/SearchActivity.java;file:/src/main/java/com/ruesga/rview/SearchActivity.java
NoLowMemoryResolver;DAAP;/Users/rar9993/repos/research/fdroid_apps/native_apps/rview/NONE_TRANSFORMED_;/src/gms/java/com/ruesga/rview/analytics/ContextualCrashReportingActivity.java;file:/src/gms/java/com/ruesga/rview/analytics/ContextualCrashReportingActivity.java
NoLowMemoryResolver;DAAP;/Users/rar9993/repos/research/fdroid_apps/native_apps/rview/NONE_TRANSFORMED_;/src/floss/java/com/ruesga/rview/analytics/ContextualCrashReportingActivity.java;file:/src/floss/java/com/ruesga/rview/analytics/ContextualCrashReportingActivity.java
NoLowMemoryResolver;DAAP;/Users/rar9993/repos/research/fdroid_apps/native_apps/rview/NONE_TRANSFORMED_;/src/main/java/com/ruesga/rview/UrlHandlerProxyActivity.java;file:/src/main/java/com/ruesga/rview/UrlHandlerProxyActivity.java
NoLowMemoryResolver;DAAP;/Users/rar9993/repos/research/fdroid_apps/native_apps/rview/NONE_TRANSFORMED_;/src/main/java/com/ruesga/rview/TabFragmentActivity.java;file:/src/main/java/com/ruesga/rview/TabFragmentActivity.java
NoLowMemoryResolver;DAAP;/Users/rar9993/repos/research/fdroid_apps/native_apps/rview/NONE_TRANSFORMED_;/src/main/java/com/ruesga/rview/EditorActivity.java;file:/src/main/java/com/ruesga/rview/EditorActivity.java
NoLowMemoryResolver;DAAP;/Users/rar9993/repos/research/fdroid_apps/native_apps/rview/NONE_TRANSFORMED_;/src/main/java/com/ruesga/rview/MainActivity.java;file:/src/main/java/com/ruesga/rview/MainActivity.java
NoLowMemoryResolver;DAAP;/Users/rar9993/repos/research/fdroid_apps/native_apps/rview/NONE_TRANSFORMED_;/src/main/java/com/ruesga/rview/DiffViewerActivity.java;file:/src/main/java/com/ruesga/rview/DiffViewerActivity.java
NoLowMemoryResolver;DAAP;/Users/rar9993/repos/research/fdroid_apps/native_apps/rview/NONE_TRANSFORMED_;/src/main/java/com/ruesga/rview/ChangeListBaseActivity.java;file:/src/main/java/com/ruesga/rview/ChangeListBaseActivity.java
NoLowMemoryResolver;DAAP;/Users/rar9993/repos/research/fdroid_apps/native_apps/rview/NONE_TRANSFORMED_;/src/main/java/com/ruesga/rview/NotificationsActivity.java;file:/src/main/java/com/ruesga/rview/NotificationsActivity.java
NoLowMemoryResolver;DAAP;/Users/rar9993/repos/research/fdroid_apps/native_apps/rview/NONE_TRANSFORMED_;/src/main/java/com/ruesga/rview/AppCompatDelegateActivity.java;file:/src/main/java/com/ruesga/rview/AppCompatDelegateActivity.java
NoLowMemoryResolver;DAAP;/Users/rar9993/repos/research/fdroid_apps/native_apps/rview/NONE_TRANSFORMED_;/src/main/java/com/ruesga/rview/AccountSettingsActivity.java;file:/src/main/java/com/ruesga/rview/AccountSettingsActivity.java
NoLowMemoryResolver;DAAP;/Users/rar9993/repos/research/fdroid_apps/native_apps/rview/NONE_TRANSFORMED_;/src/main/java/com/ruesga/rview/BaseActivity.java;file:/src/main/java/com/ruesga/rview/BaseActivity.java
NoLowMemoryResolver;DAAP;/Users/rar9993/repos/research/fdroid_apps/native_apps/rview/NONE_TRANSFORMED_;/src/main/java/com/ruesga/rview/ChangeListByFilterActivity.java;file:/src/main/java/com/ruesga/rview/ChangeListByFilterActivity.java
NoLowMemoryResolver;DAAP;/Users/rar9993/repos/research/fdroid_apps/native_apps/rview/NONE_TRANSFORMED_;/src/main/java/com/ruesga/rview/wizards/AuthorizationAccountSetupActivity.java;file:/src/main/java/com/ruesga/rview/wizards/AuthorizationAccountSetupActivity.java
NoLowMemoryResolver;DAAP;/Users/rar9993/repos/research/fdroid_apps/native_apps/rview/NONE_TRANSFORMED_;/src/main/java/com/ruesga/rview/wizards/SetupAccountActivity.java;file:/src/main/java/com/ruesga/rview/wizards/SetupAccountActivity.java
NoLowMemoryResolver;DAAP;/Users/rar9993/repos/research/fdroid_apps/native_apps/rview/NONE_TRANSFORMED_;/src/main/java/com/ruesga/rview/ChangeDetailsActivity.java;file:/src/main/java/com/ruesga/rview/ChangeDetailsActivity.java
NoLowMemoryResolver;DAAP;/Users/rar9993/repos/research/fdroid_apps/native_apps/rview/NONE_TRANSFORMED_;/src/main/java/com/ruesga/rview/SearchActivity.java;file:/src/main/java/com/ruesga/rview/SearchActivity.java
CollectionOfViews;DAAP;/Users/rar9993/repos/research/fdroid_apps/native_apps/rview/NONE_TRANSFORMED_;/src/main/java/com/ruesga/rview/fragments/ChangeListFragment.java;file:/src/main/java/com/ruesga/rview/fragments/ChangeListFragment.java
DroppedData;DAAP;/Users/rar9993/repos/research/fdroid_apps/native_apps/rview/NONE_TRANSFORMED_;/src/floss/java/com/ruesga/rview/analytics/ContextualCrashReportingActivity.java;file:/src/floss/java/com/ruesga/rview/analytics/ContextualCrashReportingActivity.java
DroppedData;DAAP;/Users/rar9993/repos/research/fdroid_apps/native_apps/rview/NONE_TRANSFORMED_;/src/main/java/com/ruesga/rview/UrlHandlerProxyActivity.java;file:/src/main/java/com/ruesga/rview/UrlHandlerProxyActivity.java
DroppedData;DAAP;/Users/rar9993/repos/research/fdroid_apps/native_apps/rview/NONE_TRANSFORMED_;/src/main/java/com/ruesga/rview/fragments/StatsFragment.java;file:/src/main/java/com/ruesga/rview/fragments/StatsFragment.java
DroppedData;DAAP;/Users/rar9993/repos/research/fdroid_apps/native_apps/rview/NONE_TRANSFORMED_;/src/main/java/com/ruesga/rview/fragments/FileDiffViewerFragment.java;file:/src/main/java/com/ruesga/rview/fragments/FileDiffViewerFragment.java
DroppedData;DAAP;/Users/rar9993/repos/research/fdroid_apps/native_apps/rview/NONE_TRANSFORMED_;/src/main/java/com/ruesga/rview/fragments/StartFollowingChooserDialogFragment.java;file:/src/main/java/com/ruesga/rview/fragments/StartFollowingChooserDialogFragment.java
DroppedData;DAAP;/Users/rar9993/repos/research/fdroid_apps/native_apps/rview/NONE_TRANSFORMED_;/src/main/java/com/ruesga/rview/fragments/BranchChooserDialogFragment.java;file:/src/main/java/com/ruesga/rview/fragments/BranchChooserDialogFragment.java
DroppedData;DAAP;/Users/rar9993/repos/research/fdroid_apps/native_apps/rview/NONE_TRANSFORMED_;/src/main/java/com/ruesga/rview/fragments/ChangeListByFilterFragment.java;file:/src/main/java/com/ruesga/rview/fragments/ChangeListByFilterFragment.java
DroppedData;DAAP;/Users/rar9993/repos/research/fdroid_apps/native_apps/rview/NONE_TRANSFORMED_;/src/main/java/com/ruesga/rview/fragments/PageableFragment.java;file:/src/main/java/com/ruesga/rview/fragments/PageableFragment.java
DroppedData;DAAP;/Users/rar9993/repos/research/fdroid_apps/native_apps/rview/NONE_TRANSFORMED_;/src/main/java/com/ruesga/rview/fragments/EditAssigneeDialogFragment.java;file:/src/main/java/com/ruesga/rview/fragments/EditAssigneeDialogFragment.java
DroppedData;DAAP;/Users/rar9993/repos/research/fdroid_apps/native_apps/rview/NONE_TRANSFORMED_;/src/main/java/com/ruesga/rview/fragments/AccountSettingsFragment.java;file:/src/main/java/com/ruesga/rview/fragments/AccountSettingsFragment.java
DroppedData;DAAP;/Users/rar9993/repos/research/fdroid_apps/native_apps/rview/NONE_TRANSFORMED_;/src/main/java/com/ruesga/rview/fragments/FileDetailsDialogFragment.java;file:/src/main/java/com/ruesga/rview/fragments/FileDetailsDialogFragment.java
DroppedData;DAAP;/Users/rar9993/repos/research/fdroid_apps/native_apps/rview/NONE_TRANSFORMED_;/src/main/java/com/ruesga/rview/fragments/SnippetFragment.java;file:/src/main/java/com/ruesga/rview/fragments/SnippetFragment.java
DroppedData;DAAP;/Users/rar9993/repos/research/fdroid_apps/native_apps/rview/NONE_TRANSFORMED_;/src/main/java/com/ruesga/rview/fragments/ConfirmDialogFragment.java;file:/src/main/java/com/ruesga/rview/fragments/ConfirmDialogFragment.java
DroppedData;DAAP;/Users/rar9993/repos/research/fdroid_apps/native_apps/rview/NONE_TRANSFORMED_;/src/main/java/com/ruesga/rview/fragments/FollowingChooserDialogFragment.java;file:/src/main/java/com/ruesga/rview/fragments/FollowingChooserDialogFragment.java
DroppedData;DAAP;/Users/rar9993/repos/research/fdroid_apps/native_apps/rview/NONE_TRANSFORMED_;/src/main/java/com/ruesga/rview/fragments/ProjectStatsPageFragment.java;file:/src/main/java/com/ruesga/rview/fragments/ProjectStatsPageFragment.java
DroppedData;DAAP;/Users/rar9993/repos/research/fdroid_apps/native_apps/rview/NONE_TRANSFORMED_;/src/main/java/com/ruesga/rview/fragments/ServerInfoDialogFragment.java;file:/src/main/java/com/ruesga/rview/fragments/ServerInfoDialogFragment.java
DroppedData;DAAP;/Users/rar9993/repos/research/fdroid_apps/native_apps/rview/NONE_TRANSFORMED_;/src/main/java/com/ruesga/rview/fragments/SubmittedTogetherFragment.java;file:/src/main/java/com/ruesga/rview/fragments/SubmittedTogetherFragment.java
DroppedData;DAAP;/Users/rar9993/repos/research/fdroid_apps/native_apps/rview/NONE_TRANSFORMED_;/src/main/java/com/ruesga/rview/fragments/EmptySelectionDetailsFragment.java;file:/src/main/java/com/ruesga/rview/fragments/EmptySelectionDetailsFragment.java
DroppedData;DAAP;/Users/rar9993/repos/research/fdroid_apps/native_apps/rview/NONE_TRANSFORMED_;/src/main/java/com/ruesga/rview/fragments/BottomSheetBaseFragment.java;file:/src/main/java/com/ruesga/rview/fragments/BottomSheetBaseFragment.java
DroppedData;DAAP;/Users/rar9993/repos/research/fdroid_apps/native_apps/rview/NONE_TRANSFORMED_;/src/main/java/com/ruesga/rview/fragments/FilesDialogFragment.java;file:/src/main/java/com/ruesga/rview/fragments/FilesDialogFragment.java
DroppedData;DAAP;/Users/rar9993/repos/research/fdroid_apps/native_apps/rview/NONE_TRANSFORMED_;/src/main/java/com/ruesga/rview/fragments/FollowingChangeListFragment.java;file:/src/main/java/com/ruesga/rview/fragments/FollowingChangeListFragment.java
DroppedData;DAAP;/Users/rar9993/repos/research/fdroid_apps/native_apps/rview/NONE_TRANSFORMED_;/src/main/java/com/ruesga/rview/fragments/DashboardFragment.java;file:/src/main/java/com/ruesga/rview/fragments/DashboardFragment.java
DroppedData;DAAP;/Users/rar9993/repos/research/fdroid_apps/native_apps/rview/NONE_TRANSFORMED_;/src/main/java/com/ruesga/rview/fragments/DashboardChooserDialogFragment.java;file:/src/main/java/com/ruesga/rview/fragments/DashboardChooserDialogFragment.java
DroppedData;DAAP;/Users/rar9993/repos/research/fdroid_apps/native_apps/rview/NONE_TRANSFORMED_;/src/main/java/com/ruesga/rview/fragments/BaseChooserDialogFragment.java;file:/src/main/java/com/ruesga/rview/fragments/BaseChooserDialogFragment.java
DroppedData;DAAP;/Users/rar9993/repos/research/fdroid_apps/native_apps/rview/NONE_TRANSFORMED_;/src/main/java/com/ruesga/rview/fragments/RevisionRelatedChangesFragment.java;file:/src/main/java/com/ruesga/rview/fragments/RevisionRelatedChangesFragment.java
DroppedData;DAAP;/Users/rar9993/repos/research/fdroid_apps/native_apps/rview/NONE_TRANSFORMED_;/src/main/java/com/ruesga/rview/fragments/AccountStatsPageFragment.java;file:/src/main/java/com/ruesga/rview/fragments/AccountStatsPageFragment.java
DroppedData;DAAP;/Users/rar9993/repos/research/fdroid_apps/native_apps/rview/NONE_TRANSFORMED_;/src/main/java/com/ruesga/rview/fragments/TrendingChangeListFragment.java;file:/src/main/java/com/ruesga/rview/fragments/TrendingChangeListFragment.java
DroppedData;DAAP;/Users/rar9993/repos/research/fdroid_apps/native_apps/rview/NONE_TRANSFORMED_;/src/main/java/com/ruesga/rview/fragments/AddReviewerDialogFragment.java;file:/src/main/java/com/ruesga/rview/fragments/AddReviewerDialogFragment.java
DroppedData;DAAP;/Users/rar9993/repos/research/fdroid_apps/native_apps/rview/NONE_TRANSFORMED_;/src/main/java/com/ruesga/rview/fragments/IncludedInDialogFragment.java;file:/src/main/java/com/ruesga/rview/fragments/IncludedInDialogFragment.java
DroppedData;DAAP;/Users/rar9993/repos/research/fdroid_apps/native_apps/rview/NONE_TRANSFORMED_;/src/main/java/com/ruesga/rview/fragments/StatsPageFragment.java;file:/src/main/java/com/ruesga/rview/fragments/StatsPageFragment.java
DroppedData;DAAP;/Users/rar9993/repos/research/fdroid_apps/native_apps/rview/NONE_TRANSFORMED_;/src/main/java/com/ruesga/rview/fragments/RelatedChangesFragment.java;file:/src/main/java/com/ruesga/rview/fragments/RelatedChangesFragment.java
DroppedData;DAAP;/Users/rar9993/repos/research/fdroid_apps/native_apps/rview/NONE_TRANSFORMED_;/src/main/java/com/ruesga/rview/ChangeListBaseActivity.java;file:/src/main/java/com/ruesga/rview/ChangeListBaseActivity.java
DroppedData;DAAP;/Users/rar9993/repos/research/fdroid_apps/native_apps/rview/NONE_TRANSFORMED_;/src/main/java/com/ruesga/rview/AppCompatDelegateActivity.java;file:/src/main/java/com/ruesga/rview/AppCompatDelegateActivity.java
DroppedData;DAAP;/Users/rar9993/repos/research/fdroid_apps/native_apps/rview/NONE_TRANSFORMED_;/src/main/java/com/ruesga/rview/wizards/AccountReadyPageFragment.java;file:/src/main/java/com/ruesga/rview/wizards/AccountReadyPageFragment.java
DroppedData;DAAP;/Users/rar9993/repos/research/fdroid_apps/native_apps/rview/NONE_TRANSFORMED_;/src/main/java/com/ruesga/rview/wizards/ConfirmationPageFragment.java;file:/src/main/java/com/ruesga/rview/wizards/ConfirmationPageFragment.java
DroppedData;DAAP;/Users/rar9993/repos/research/fdroid_apps/native_apps/rview/NONE_TRANSFORMED_;/src/main/java/com/ruesga/rview/wizards/AccountPageFragment.java;file:/src/main/java/com/ruesga/rview/wizards/AccountPageFragment.java
DroppedData;DAAP;/Users/rar9993/repos/research/fdroid_apps/native_apps/rview/NONE_TRANSFORMED_;/src/main/java/com/ruesga/rview/wizards/PredefinedRepositoriesChooserFragment.java;file:/src/main/java/com/ruesga/rview/wizards/PredefinedRepositoriesChooserFragment.java
DroppedData;DAAP;/Users/rar9993/repos/research/fdroid_apps/native_apps/rview/NONE_TRANSFORMED_;/src/main/java/com/ruesga/rview/wizards/AccountSetupPageFragment.java;file:/src/main/java/com/ruesga/rview/wizards/AccountSetupPageFragment.java
DroppedData;DAAP;/Users/rar9993/repos/research/fdroid_apps/native_apps/rview/NONE_TRANSFORMED_;/src/main/java/com/ruesga/rview/wizards/AuthorizationAccountSetupActivity.java;file:/src/main/java/com/ruesga/rview/wizards/AuthorizationAccountSetupActivity.java
DroppedData;DAAP;/Users/rar9993/repos/research/fdroid_apps/native_apps/rview/NONE_TRANSFORMED_;/src/main/java/com/ruesga/rview/wizards/SetupAccountActivity.java;file:/src/main/java/com/ruesga/rview/wizards/SetupAccountActivity.java
DroppedData;DAAP;/Users/rar9993/repos/research/fdroid_apps/native_apps/rview/NONE_TRANSFORMED_;/src/main/java/com/ruesga/rview/wizards/WelcomePageFragment.java;file:/src/main/java/com/ruesga/rview/wizards/WelcomePageFragment.java
DroppedData;DAAP;/Users/rar9993/repos/research/fdroid_apps/native_apps/rview/NONE_TRANSFORMED_;/src/main/java/com/ruesga/rview/wizards/RepositoryPageFragment.java;file:/src/main/java/com/ruesga/rview/wizards/RepositoryPageFragment.java
MemberIgnoringMethod;DAAP;/Users/rar9993/repos/research/fdroid_apps/native_apps/rview/NONE_TRANSFORMED_;/src/main/java/com/ruesga/rview/drawer/DrawerNavigationView.java;file:/src/main/java/com/ruesga/rview/drawer/DrawerNavigationView.java
MemberIgnoringMethod;DAAP;/Users/rar9993/repos/research/fdroid_apps/native_apps/rview/NONE_TRANSFORMED_;/src/main/java/com/ruesga/rview/drawer/DrawerNavigationSubMenu.java;file:/src/main/java/com/ruesga/rview/drawer/DrawerNavigationSubMenu.java
MemberIgnoringMethod;DAAP;/Users/rar9993/repos/research/fdroid_apps/native_apps/rview/NONE_TRANSFORMED_;/src/main/java/com/ruesga/rview/drawer/DrawerNavigationMenuPresenter.java;file:/src/main/java/com/ruesga/rview/drawer/DrawerNavigationMenuPresenter.java
MemberIgnoringMethod;DAAP;/Users/rar9993/repos/research/fdroid_apps/native_apps/rview/NONE_TRANSFORMED_;/src/main/java/com/ruesga/rview/drawer/OnMiniDrawerNavigationOpenStatusChangedListener.java;file:/src/main/java/com/ruesga/rview/drawer/OnMiniDrawerNavigationOpenStatusChangedListener.java
MemberIgnoringMethod;DAAP;/Users/rar9993/repos/research/fdroid_apps/native_apps/rview/NONE_TRANSFORMED_;/src/main/java/com/ruesga/rview/drawer/DrawerNavigationMenu.java;file:/src/main/java/com/ruesga/rview/drawer/DrawerNavigationMenu.java
MemberIgnoringMethod;DAAP;/Users/rar9993/repos/research/fdroid_apps/native_apps/rview/NONE_TRANSFORMED_;/src/main/java/com/ruesga/rview/drawer/DrawerNavigationMenuView.java;file:/src/main/java/com/ruesga/rview/drawer/DrawerNavigationMenuView.java
MemberIgnoringMethod;DAAP;/Users/rar9993/repos/research/fdroid_apps/native_apps/rview/NONE_TRANSFORMED_;/src/main/java/com/ruesga/rview/drawer/ExactlyMeasuredDrawerLayout.java;file:/src/main/java/com/ruesga/rview/drawer/ExactlyMeasuredDrawerLayout.java
MemberIgnoringMethod;DAAP;/Users/rar9993/repos/research/fdroid_apps/native_apps/rview/NONE_TRANSFORMED_;/src/main/java/com/ruesga/rview/drawer/DrawerNavigationMenuItemView.java;file:/src/main/java/com/ruesga/rview/drawer/DrawerNavigationMenuItemView.java
MemberIgnoringMethod;DAAP;/Users/rar9993/repos/research/fdroid_apps/native_apps/rview/NONE_TRANSFORMED_;/src/main/java/com/ruesga/rview/drawer/DrawerScrimInsetsFrameLayout.java;file:/src/main/java/com/ruesga/rview/drawer/DrawerScrimInsetsFrameLayout.java
SlowForLoop;DAAP;/Users/rar9993/repos/research/fdroid_apps/native_apps/rview/NONE_TRANSFORMED_;/src/main/java/com/ruesga/rview/drawer/DrawerNavigationView.java;file:/src/main/java/com/ruesga/rview/drawer/DrawerNavigationView.java
SlowForLoop;DAAP;/Users/rar9993/repos/research/fdroid_apps/native_apps/rview/NONE_TRANSFORMED_;/src/main/java/com/ruesga/rview/drawer/DrawerNavigationMenuPresenter.java;file:/src/main/java/com/ruesga/rview/drawer/DrawerNavigationMenuPresenter.java
CollectionOfViews;DAAP;/Users/rar9993/repos/research/fdroid_apps/native_apps/rview/NONE_TRANSFORMED_;/src/main/java/com/ruesga/rview/drawer/DrawerNavigationMenuPresenter.java;file:/src/main/java/com/ruesga/rview/drawer/DrawerNavigationMenuPresenter.java
CollectionOfViews;DAAP;/Users/rar9993/repos/research/fdroid_apps/native_apps/rview/NONE_TRANSFORMED_;/src/main/java/com/ruesga/rview/drawer/DrawerNavigationMenuItemView.java;file:/src/main/java/com/ruesga/rview/drawer/DrawerNavigationMenuItemView.java
MemberIgnoringMethod;DAAP;/Users/rar9993/repos/research/fdroid_apps/native_apps/rview/NONE_TRANSFORMED_;/src/main/java/com/ruesga/rview/wizard/misc/TextChangedWatcher.java;file:/src/main/java/com/ruesga/rview/wizard/misc/TextChangedWatcher.java
MemberIgnoringMethod;DAAP;/Users/rar9993/repos/research/fdroid_apps/native_apps/rview/NONE_TRANSFORMED_;/src/main/java/com/ruesga/rview/wizard/choosers/ListChooserFragment.java;file:/src/main/java/com/ruesga/rview/wizard/choosers/ListChooserFragment.java
MemberIgnoringMethod;DAAP;/Users/rar9993/repos/research/fdroid_apps/native_apps/rview/NONE_TRANSFORMED_;/src/main/java/com/ruesga/rview/wizard/validators/Validator.java;file:/src/main/java/com/ruesga/rview/wizard/validators/Validator.java
MemberIgnoringMethod;DAAP;/Users/rar9993/repos/research/fdroid_apps/native_apps/rview/NONE_TRANSFORMED_;/src/main/java/com/ruesga/rview/wizard/validators/ValidatorObserver.java;file:/src/main/java/com/ruesga/rview/wizard/validators/ValidatorObserver.java
MemberIgnoringMethod;DAAP;/Users/rar9993/repos/research/fdroid_apps/native_apps/rview/NONE_TRANSFORMED_;/src/main/java/com/ruesga/rview/wizard/validators/WebUrlValidator.java;file:/src/main/java/com/ruesga/rview/wizard/validators/WebUrlValidator.java
MemberIgnoringMethod;DAAP;/Users/rar9993/repos/research/fdroid_apps/native_apps/rview/NONE_TRANSFORMED_;/src/main/java/com/ruesga/rview/wizard/WizardActivity.java;file:/src/main/java/com/ruesga/rview/wizard/WizardActivity.java
NoLowMemoryResolver;DAAP;/Users/rar9993/repos/research/fdroid_apps/native_apps/rview/NONE_TRANSFORMED_;/src/main/java/com/ruesga/rview/wizard/WizardActivity.java;file:/src/main/java/com/ruesga/rview/wizard/WizardActivity.java
DroppedData;DAAP;/Users/rar9993/repos/research/fdroid_apps/native_apps/rview/NONE_TRANSFORMED_;/src/main/java/com/ruesga/rview/wizard/WizardChooserFragment.java;file:/src/main/java/com/ruesga/rview/wizard/WizardChooserFragment.java
DroppedData;DAAP;/Users/rar9993/repos/research/fdroid_apps/native_apps/rview/NONE_TRANSFORMED_;/src/main/java/com/ruesga/rview/wizard/WizardPageFragment.java;file:/src/main/java/com/ruesga/rview/wizard/WizardPageFragment.java
DroppedData;DAAP;/Users/rar9993/repos/research/fdroid_apps/native_apps/rview/NONE_TRANSFORMED_;/src/main/java/com/ruesga/rview/wizard/choosers/ListChooserFragment.java;file:/src/main/java/com/ruesga/rview/wizard/choosers/ListChooserFragment.java
