Issue;Tool;Project;File;Location
UnusedIds;Lint;/Users/rar9993/repos/research/fdroid_apps/native_apps/Secure-File-Manager/NONE_TRANSFORMED_;/Users/rar9993/repos/research/fdroid_apps/native_apps/Secure-File-Manager/NONE_TRANSFORMED_/app/src/main/res/layout/fragment_items.xml;file:/Users/rar9993/repos/research/fdroid_apps/native_apps/Secure-File-Manager/NONE_TRANSFORMED_/app/src/main/res/layout/fragment_items.xml|line:19
UnusedResources;Lint;/Users/rar9993/repos/research/fdroid_apps/native_apps/Secure-File-Manager/NONE_TRANSFORMED_;/Users/rar9993/repos/research/fdroid_apps/native_apps/Secure-File-Manager/NONE_TRANSFORMED_/app/src/main/res/values/colors.xml;file:/Users/rar9993/repos/research/fdroid_apps/native_apps/Secure-File-Manager/NONE_TRANSFORMED_/app/src/main/res/values/colors.xml|line:370
UnusedResources;Lint;/Users/rar9993/repos/research/fdroid_apps/native_apps/Secure-File-Manager/NONE_TRANSFORMED_;/Users/rar9993/repos/research/fdroid_apps/native_apps/Secure-File-Manager/NONE_TRANSFORMED_/app/src/main/res/values/colors.xml;file:/Users/rar9993/repos/research/fdroid_apps/native_apps/Secure-File-Manager/NONE_TRANSFORMED_/app/src/main/res/values/colors.xml|line:346
UnusedResources;Lint;/Users/rar9993/repos/research/fdroid_apps/native_apps/Secure-File-Manager/NONE_TRANSFORMED_;/Users/rar9993/repos/research/fdroid_apps/native_apps/Secure-File-Manager/NONE_TRANSFORMED_/app/src/main/res/values/colors.xml;file:/Users/rar9993/repos/research/fdroid_apps/native_apps/Secure-File-Manager/NONE_TRANSFORMED_/app/src/main/res/values/colors.xml|line:81
UnusedIds;Lint;/Users/rar9993/repos/research/fdroid_apps/native_apps/Secure-File-Manager/NONE_TRANSFORMED_;/Users/rar9993/repos/research/fdroid_apps/native_apps/Secure-File-Manager/NONE_TRANSFORMED_/app/src/main/res/layout/dialog_compress_as.xml;file:/Users/rar9993/repos/research/fdroid_apps/native_apps/Secure-File-Manager/NONE_TRANSFORMED_/app/src/main/res/layout/dialog_compress_as.xml|line:105
UnusedIds;Lint;/Users/rar9993/repos/research/fdroid_apps/native_apps/Secure-File-Manager/NONE_TRANSFORMED_;/Users/rar9993/repos/research/fdroid_apps/native_apps/Secure-File-Manager/NONE_TRANSFORMED_/app/src/main/res/layout/activity_save_as.xml;file:/Users/rar9993/repos/research/fdroid_apps/native_apps/Secure-File-Manager/NONE_TRANSFORMED_/app/src/main/res/layout/activity_save_as.xml|line:3
UnusedResources;Lint;/Users/rar9993/repos/research/fdroid_apps/native_apps/Secure-File-Manager/NONE_TRANSFORMED_;/Users/rar9993/repos/research/fdroid_apps/native_apps/Secure-File-Manager/NONE_TRANSFORMED_/app/src/main/res/values/colors.xml;file:/Users/rar9993/repos/research/fdroid_apps/native_apps/Secure-File-Manager/NONE_TRANSFORMED_/app/src/main/res/values/colors.xml|line:25
UnusedResources;Lint;/Users/rar9993/repos/research/fdroid_apps/native_apps/Secure-File-Manager/NONE_TRANSFORMED_;/Users/rar9993/repos/research/fdroid_apps/native_apps/Secure-File-Manager/NONE_TRANSFORMED_/app/src/main/res/values/colors.xml;file:/Users/rar9993/repos/research/fdroid_apps/native_apps/Secure-File-Manager/NONE_TRANSFORMED_/app/src/main/res/values/colors.xml|line:56
UnusedResources;Lint;/Users/rar9993/repos/research/fdroid_apps/native_apps/Secure-File-Manager/NONE_TRANSFORMED_;/Users/rar9993/repos/research/fdroid_apps/native_apps/Secure-File-Manager/NONE_TRANSFORMED_/app/src/main/res/values/colors.xml;file:/Users/rar9993/repos/research/fdroid_apps/native_apps/Secure-File-Manager/NONE_TRANSFORMED_/app/src/main/res/values/colors.xml|line:358
UnusedResources;Lint;/Users/rar9993/repos/research/fdroid_apps/native_apps/Secure-File-Manager/NONE_TRANSFORMED_;/Users/rar9993/repos/research/fdroid_apps/native_apps/Secure-File-Manager/NONE_TRANSFORMED_/app/src/main/res/values/colors.xml;file:/Users/rar9993/repos/research/fdroid_apps/native_apps/Secure-File-Manager/NONE_TRANSFORMED_/app/src/main/res/values/colors.xml|line:209
UnusedResources;Lint;/Users/rar9993/repos/research/fdroid_apps/native_apps/Secure-File-Manager/NONE_TRANSFORMED_;/Users/rar9993/repos/research/fdroid_apps/native_apps/Secure-File-Manager/NONE_TRANSFORMED_/app/src/main/res/values/colors.xml;file:/Users/rar9993/repos/research/fdroid_apps/native_apps/Secure-File-Manager/NONE_TRANSFORMED_/app/src/main/res/values/colors.xml|line:328
UnusedResources;Lint;/Users/rar9993/repos/research/fdroid_apps/native_apps/Secure-File-Manager/NONE_TRANSFORMED_;/Users/rar9993/repos/research/fdroid_apps/native_apps/Secure-File-Manager/NONE_TRANSFORMED_/app/src/main/res/values/colors.xml;file:/Users/rar9993/repos/research/fdroid_apps/native_apps/Secure-File-Manager/NONE_TRANSFORMED_/app/src/main/res/values/colors.xml|line:336
UnusedResources;Lint;/Users/rar9993/repos/research/fdroid_apps/native_apps/Secure-File-Manager/NONE_TRANSFORMED_;/Users/rar9993/repos/research/fdroid_apps/native_apps/Secure-File-Manager/NONE_TRANSFORMED_/app/src/main/res/values/colors.xml;file:/Users/rar9993/repos/research/fdroid_apps/native_apps/Secure-File-Manager/NONE_TRANSFORMED_/app/src/main/res/values/colors.xml|line:164
UnusedResources;Lint;/Users/rar9993/repos/research/fdroid_apps/native_apps/Secure-File-Manager/NONE_TRANSFORMED_;/Users/rar9993/repos/research/fdroid_apps/native_apps/Secure-File-Manager/NONE_TRANSFORMED_/app/src/main/res/values/colors.xml;file:/Users/rar9993/repos/research/fdroid_apps/native_apps/Secure-File-Manager/NONE_TRANSFORMED_/app/src/main/res/values/colors.xml|line:278
UnusedResources;Lint;/Users/rar9993/repos/research/fdroid_apps/native_apps/Secure-File-Manager/NONE_TRANSFORMED_;/Users/rar9993/repos/research/fdroid_apps/native_apps/Secure-File-Manager/NONE_TRANSFORMED_/app/src/main/res/values/colors.xml;file:/Users/rar9993/repos/research/fdroid_apps/native_apps/Secure-File-Manager/NONE_TRANSFORMED_/app/src/main/res/values/colors.xml|line:172
UnusedResources;Lint;/Users/rar9993/repos/research/fdroid_apps/native_apps/Secure-File-Manager/NONE_TRANSFORMED_;/Users/rar9993/repos/research/fdroid_apps/native_apps/Secure-File-Manager/NONE_TRANSFORMED_/app/src/main/res/values/colors.xml;file:/Users/rar9993/repos/research/fdroid_apps/native_apps/Secure-File-Manager/NONE_TRANSFORMED_/app/src/main/res/values/colors.xml|line:276
UnusedResources;Lint;/Users/rar9993/repos/research/fdroid_apps/native_apps/Secure-File-Manager/NONE_TRANSFORMED_;/Users/rar9993/repos/research/fdroid_apps/native_apps/Secure-File-Manager/NONE_TRANSFORMED_/app/src/main/res/values/colors.xml;file:/Users/rar9993/repos/research/fdroid_apps/native_apps/Secure-File-Manager/NONE_TRANSFORMED_/app/src/main/res/values/colors.xml|line:116
UnusedResources;Lint;/Users/rar9993/repos/research/fdroid_apps/native_apps/Secure-File-Manager/NONE_TRANSFORMED_;/Users/rar9993/repos/research/fdroid_apps/native_apps/Secure-File-Manager/NONE_TRANSFORMED_/app/src/main/res/values/colors.xml;file:/Users/rar9993/repos/research/fdroid_apps/native_apps/Secure-File-Manager/NONE_TRANSFORMED_/app/src/main/res/values/colors.xml|line:92
UnusedResources;Lint;/Users/rar9993/repos/research/fdroid_apps/native_apps/Secure-File-Manager/NONE_TRANSFORMED_;/Users/rar9993/repos/research/fdroid_apps/native_apps/Secure-File-Manager/NONE_TRANSFORMED_/app/src/main/res/values/colors.xml;file:/Users/rar9993/repos/research/fdroid_apps/native_apps/Secure-File-Manager/NONE_TRANSFORMED_/app/src/main/res/values/colors.xml|line:204
UnusedResources;Lint;/Users/rar9993/repos/research/fdroid_apps/native_apps/Secure-File-Manager/NONE_TRANSFORMED_;/Users/rar9993/repos/research/fdroid_apps/native_apps/Secure-File-Manager/NONE_TRANSFORMED_/app/src/main/res/values/colors.xml;file:/Users/rar9993/repos/research/fdroid_apps/native_apps/Secure-File-Manager/NONE_TRANSFORMED_/app/src/main/res/values/colors.xml|line:98
UnusedIds;Lint;/Users/rar9993/repos/research/fdroid_apps/native_apps/Secure-File-Manager/NONE_TRANSFORMED_;/Users/rar9993/repos/research/fdroid_apps/native_apps/Secure-File-Manager/NONE_TRANSFORMED_/app/src/main/res/layout/dialog_write_permission.xml;file:/Users/rar9993/repos/research/fdroid_apps/native_apps/Secure-File-Manager/NONE_TRANSFORMED_/app/src/main/res/layout/dialog_write_permission.xml|line:3
UnusedResources;Lint;/Users/rar9993/repos/research/fdroid_apps/native_apps/Secure-File-Manager/NONE_TRANSFORMED_;/Users/rar9993/repos/research/fdroid_apps/native_apps/Secure-File-Manager/NONE_TRANSFORMED_/app/src/main/res/drawable/divider.xml;file:/Users/rar9993/repos/research/fdroid_apps/native_apps/Secure-File-Manager/NONE_TRANSFORMED_/app/src/main/res/drawable/divider.xml|line:2
UnusedResources;Lint;/Users/rar9993/repos/research/fdroid_apps/native_apps/Secure-File-Manager/NONE_TRANSFORMED_;/Users/rar9993/repos/research/fdroid_apps/native_apps/Secure-File-Manager/NONE_TRANSFORMED_/app/src/main/res/values/colors.xml;file:/Users/rar9993/repos/research/fdroid_apps/native_apps/Secure-File-Manager/NONE_TRANSFORMED_/app/src/main/res/values/colors.xml|line:390
UnusedResources;Lint;/Users/rar9993/repos/research/fdroid_apps/native_apps/Secure-File-Manager/NONE_TRANSFORMED_;/Users/rar9993/repos/research/fdroid_apps/native_apps/Secure-File-Manager/NONE_TRANSFORMED_/app/src/main/res/values/colors.xml;file:/Users/rar9993/repos/research/fdroid_apps/native_apps/Secure-File-Manager/NONE_TRANSFORMED_/app/src/main/res/values/colors.xml|line:127
UnusedResources;Lint;/Users/rar9993/repos/research/fdroid_apps/native_apps/Secure-File-Manager/NONE_TRANSFORMED_;/Users/rar9993/repos/research/fdroid_apps/native_apps/Secure-File-Manager/NONE_TRANSFORMED_/app/src/main/res/values/colors.xml;file:/Users/rar9993/repos/research/fdroid_apps/native_apps/Secure-File-Manager/NONE_TRANSFORMED_/app/src/main/res/values/colors.xml|line:87
SyntheticAccessor;Lint;/Users/rar9993/repos/research/fdroid_apps/native_apps/Secure-File-Manager/NONE_TRANSFORMED_;/Users/rar9993/repos/research/fdroid_apps/native_apps/Secure-File-Manager/NONE_TRANSFORMED_/app/src/main/kotlin/com/securefilemanager/app/activities/AuthenticationActivity.kt;file:/Users/rar9993/repos/research/fdroid_apps/native_apps/Secure-File-Manager/NONE_TRANSFORMED_/app/src/main/kotlin/com/securefilemanager/app/activities/AuthenticationActivity.kt|line:90
UnusedResources;Lint;/Users/rar9993/repos/research/fdroid_apps/native_apps/Secure-File-Manager/NONE_TRANSFORMED_;/Users/rar9993/repos/research/fdroid_apps/native_apps/Secure-File-Manager/NONE_TRANSFORMED_/app/src/main/res/values/colors.xml;file:/Users/rar9993/repos/research/fdroid_apps/native_apps/Secure-File-Manager/NONE_TRANSFORMED_/app/src/main/res/values/colors.xml|line:387
UnusedIds;Lint;/Users/rar9993/repos/research/fdroid_apps/native_apps/Secure-File-Manager/NONE_TRANSFORMED_;/Users/rar9993/repos/research/fdroid_apps/native_apps/Secure-File-Manager/NONE_TRANSFORMED_/app/src/main/res/layout/dialog_change_sorting.xml;file:/Users/rar9993/repos/research/fdroid_apps/native_apps/Secure-File-Manager/NONE_TRANSFORMED_/app/src/main/res/layout/dialog_change_sorting.xml|line:47
UnusedResources;Lint;/Users/rar9993/repos/research/fdroid_apps/native_apps/Secure-File-Manager/NONE_TRANSFORMED_;/Users/rar9993/repos/research/fdroid_apps/native_apps/Secure-File-Manager/NONE_TRANSFORMED_/app/src/main/res/values/colors.xml;file:/Users/rar9993/repos/research/fdroid_apps/native_apps/Secure-File-Manager/NONE_TRANSFORMED_/app/src/main/res/values/colors.xml|line:318
UnusedResources;Lint;/Users/rar9993/repos/research/fdroid_apps/native_apps/Secure-File-Manager/NONE_TRANSFORMED_;/Users/rar9993/repos/research/fdroid_apps/native_apps/Secure-File-Manager/NONE_TRANSFORMED_/app/src/main/res/values/colors.xml;file:/Users/rar9993/repos/research/fdroid_apps/native_apps/Secure-File-Manager/NONE_TRANSFORMED_/app/src/main/res/values/colors.xml|line:378
UnusedResources;Lint;/Users/rar9993/repos/research/fdroid_apps/native_apps/Secure-File-Manager/NONE_TRANSFORMED_;/Users/rar9993/repos/research/fdroid_apps/native_apps/Secure-File-Manager/NONE_TRANSFORMED_/app/src/main/res/values/colors.xml;file:/Users/rar9993/repos/research/fdroid_apps/native_apps/Secure-File-Manager/NONE_TRANSFORMED_/app/src/main/res/values/colors.xml|line:389
UnusedIds;Lint;/Users/rar9993/repos/research/fdroid_apps/native_apps/Secure-File-Manager/NONE_TRANSFORMED_;/Users/rar9993/repos/research/fdroid_apps/native_apps/Secure-File-Manager/NONE_TRANSFORMED_/app/src/main/res/layout/dialog_title.xml;file:/Users/rar9993/repos/research/fdroid_apps/native_apps/Secure-File-Manager/NONE_TRANSFORMED_/app/src/main/res/layout/dialog_title.xml|line:3
UnusedResources;Lint;/Users/rar9993/repos/research/fdroid_apps/native_apps/Secure-File-Manager/NONE_TRANSFORMED_;/Users/rar9993/repos/research/fdroid_apps/native_apps/Secure-File-Manager/NONE_TRANSFORMED_/app/src/main/res/values/colors.xml;file:/Users/rar9993/repos/research/fdroid_apps/native_apps/Secure-File-Manager/NONE_TRANSFORMED_/app/src/main/res/values/colors.xml|line:32
UnusedResources;Lint;/Users/rar9993/repos/research/fdroid_apps/native_apps/Secure-File-Manager/NONE_TRANSFORMED_;/Users/rar9993/repos/research/fdroid_apps/native_apps/Secure-File-Manager/NONE_TRANSFORMED_/app/src/main/res/values/colors.xml;file:/Users/rar9993/repos/research/fdroid_apps/native_apps/Secure-File-Manager/NONE_TRANSFORMED_/app/src/main/res/values/colors.xml|line:307
MergeRootFrame;Lint;/Users/rar9993/repos/research/fdroid_apps/native_apps/Secure-File-Manager/NONE_TRANSFORMED_;/Users/rar9993/repos/research/fdroid_apps/native_apps/Secure-File-Manager/NONE_TRANSFORMED_/app/src/main/res/layout/activity_manage_storage.xml;file:/Users/rar9993/repos/research/fdroid_apps/native_apps/Secure-File-Manager/NONE_TRANSFORMED_/app/src/main/res/layout/activity_manage_storage.xml|line:2
UnusedResources;Lint;/Users/rar9993/repos/research/fdroid_apps/native_apps/Secure-File-Manager/NONE_TRANSFORMED_;/Users/rar9993/repos/research/fdroid_apps/native_apps/Secure-File-Manager/NONE_TRANSFORMED_/app/src/main/res/values/colors.xml;file:/Users/rar9993/repos/research/fdroid_apps/native_apps/Secure-File-Manager/NONE_TRANSFORMED_/app/src/main/res/values/colors.xml|line:350
UnusedResources;Lint;/Users/rar9993/repos/research/fdroid_apps/native_apps/Secure-File-Manager/NONE_TRANSFORMED_;/Users/rar9993/repos/research/fdroid_apps/native_apps/Secure-File-Manager/NONE_TRANSFORMED_/app/src/main/res/values/colors.xml;file:/Users/rar9993/repos/research/fdroid_apps/native_apps/Secure-File-Manager/NONE_TRANSFORMED_/app/src/main/res/values/colors.xml|line:295
UnusedResources;Lint;/Users/rar9993/repos/research/fdroid_apps/native_apps/Secure-File-Manager/NONE_TRANSFORMED_;/Users/rar9993/repos/research/fdroid_apps/native_apps/Secure-File-Manager/NONE_TRANSFORMED_/app/src/main/res/values/colors.xml;file:/Users/rar9993/repos/research/fdroid_apps/native_apps/Secure-File-Manager/NONE_TRANSFORMED_/app/src/main/res/values/colors.xml|line:187
UnusedResources;Lint;/Users/rar9993/repos/research/fdroid_apps/native_apps/Secure-File-Manager/NONE_TRANSFORMED_;/Users/rar9993/repos/research/fdroid_apps/native_apps/Secure-File-Manager/NONE_TRANSFORMED_/app/src/main/res/values/colors.xml;file:/Users/rar9993/repos/research/fdroid_apps/native_apps/Secure-File-Manager/NONE_TRANSFORMED_/app/src/main/res/values/colors.xml|line:19
UnusedResources;Lint;/Users/rar9993/repos/research/fdroid_apps/native_apps/Secure-File-Manager/NONE_TRANSFORMED_;/Users/rar9993/repos/research/fdroid_apps/native_apps/Secure-File-Manager/NONE_TRANSFORMED_/app/src/main/res/values/colors.xml;file:/Users/rar9993/repos/research/fdroid_apps/native_apps/Secure-File-Manager/NONE_TRANSFORMED_/app/src/main/res/values/colors.xml|line:141
UnusedIds;Lint;/Users/rar9993/repos/research/fdroid_apps/native_apps/Secure-File-Manager/NONE_TRANSFORMED_;/Users/rar9993/repos/research/fdroid_apps/native_apps/Secure-File-Manager/NONE_TRANSFORMED_/app/src/main/res/layout/activity_main.xml;file:/Users/rar9993/repos/research/fdroid_apps/native_apps/Secure-File-Manager/NONE_TRANSFORMED_/app/src/main/res/layout/activity_main.xml|line:3
UnusedResources;Lint;/Users/rar9993/repos/research/fdroid_apps/native_apps/Secure-File-Manager/NONE_TRANSFORMED_;/Users/rar9993/repos/research/fdroid_apps/native_apps/Secure-File-Manager/NONE_TRANSFORMED_/app/src/main/res/values/colors.xml;file:/Users/rar9993/repos/research/fdroid_apps/native_apps/Secure-File-Manager/NONE_TRANSFORMED_/app/src/main/res/values/colors.xml|line:282
UnusedResources;Lint;/Users/rar9993/repos/research/fdroid_apps/native_apps/Secure-File-Manager/NONE_TRANSFORMED_;/Users/rar9993/repos/research/fdroid_apps/native_apps/Secure-File-Manager/NONE_TRANSFORMED_/app/src/main/res/values/colors.xml;file:/Users/rar9993/repos/research/fdroid_apps/native_apps/Secure-File-Manager/NONE_TRANSFORMED_/app/src/main/res/values/colors.xml|line:14
UnusedResources;Lint;/Users/rar9993/repos/research/fdroid_apps/native_apps/Secure-File-Manager/NONE_TRANSFORMED_;/Users/rar9993/repos/research/fdroid_apps/native_apps/Secure-File-Manager/NONE_TRANSFORMED_/app/src/main/res/values/colors.xml;file:/Users/rar9993/repos/research/fdroid_apps/native_apps/Secure-File-Manager/NONE_TRANSFORMED_/app/src/main/res/values/colors.xml|line:64
UnusedResources;Lint;/Users/rar9993/repos/research/fdroid_apps/native_apps/Secure-File-Manager/NONE_TRANSFORMED_;/Users/rar9993/repos/research/fdroid_apps/native_apps/Secure-File-Manager/NONE_TRANSFORMED_/app/src/main/res/values/colors.xml;file:/Users/rar9993/repos/research/fdroid_apps/native_apps/Secure-File-Manager/NONE_TRANSFORMED_/app/src/main/res/values/colors.xml|line:286
UnusedResources;Lint;/Users/rar9993/repos/research/fdroid_apps/native_apps/Secure-File-Manager/NONE_TRANSFORMED_;/Users/rar9993/repos/research/fdroid_apps/native_apps/Secure-File-Manager/NONE_TRANSFORMED_/app/src/main/res/values/colors.xml;file:/Users/rar9993/repos/research/fdroid_apps/native_apps/Secure-File-Manager/NONE_TRANSFORMED_/app/src/main/res/values/colors.xml|line:308
UnusedResources;Lint;/Users/rar9993/repos/research/fdroid_apps/native_apps/Secure-File-Manager/NONE_TRANSFORMED_;/Users/rar9993/repos/research/fdroid_apps/native_apps/Secure-File-Manager/NONE_TRANSFORMED_/app/src/main/res/values/colors.xml;file:/Users/rar9993/repos/research/fdroid_apps/native_apps/Secure-File-Manager/NONE_TRANSFORMED_/app/src/main/res/values/colors.xml|line:404
UnusedIds;Lint;/Users/rar9993/repos/research/fdroid_apps/native_apps/Secure-File-Manager/NONE_TRANSFORMED_;/Users/rar9993/repos/research/fdroid_apps/native_apps/Secure-File-Manager/NONE_TRANSFORMED_/app/src/main/res/layout/dialog_create_new.xml;file:/Users/rar9993/repos/research/fdroid_apps/native_apps/Secure-File-Manager/NONE_TRANSFORMED_/app/src/main/res/layout/dialog_create_new.xml|line:22
UnusedIds;Lint;/Users/rar9993/repos/research/fdroid_apps/native_apps/Secure-File-Manager/NONE_TRANSFORMED_;/Users/rar9993/repos/research/fdroid_apps/native_apps/Secure-File-Manager/NONE_TRANSFORMED_/app/src/main/res/layout/dialog_rename_items.xml;file:/Users/rar9993/repos/research/fdroid_apps/native_apps/Secure-File-Manager/NONE_TRANSFORMED_/app/src/main/res/layout/dialog_rename_items.xml|line:34
UnusedResources;Lint;/Users/rar9993/repos/research/fdroid_apps/native_apps/Secure-File-Manager/NONE_TRANSFORMED_;/Users/rar9993/repos/research/fdroid_apps/native_apps/Secure-File-Manager/NONE_TRANSFORMED_/app/src/main/res/values/colors.xml;file:/Users/rar9993/repos/research/fdroid_apps/native_apps/Secure-File-Manager/NONE_TRANSFORMED_/app/src/main/res/values/colors.xml|line:124
UnusedResources;Lint;/Users/rar9993/repos/research/fdroid_apps/native_apps/Secure-File-Manager/NONE_TRANSFORMED_;/Users/rar9993/repos/research/fdroid_apps/native_apps/Secure-File-Manager/NONE_TRANSFORMED_/app/src/main/res/values/colors.xml;file:/Users/rar9993/repos/research/fdroid_apps/native_apps/Secure-File-Manager/NONE_TRANSFORMED_/app/src/main/res/values/colors.xml|line:319
UnusedResources;Lint;/Users/rar9993/repos/research/fdroid_apps/native_apps/Secure-File-Manager/NONE_TRANSFORMED_;/Users/rar9993/repos/research/fdroid_apps/native_apps/Secure-File-Manager/NONE_TRANSFORMED_/app/src/main/res/values/strings.xml;file:/Users/rar9993/repos/research/fdroid_apps/native_apps/Secure-File-Manager/NONE_TRANSFORMED_/app/src/main/res/values/strings.xml|line:140
UnusedIds;Lint;/Users/rar9993/repos/research/fdroid_apps/native_apps/Secure-File-Manager/NONE_TRANSFORMED_;/Users/rar9993/repos/research/fdroid_apps/native_apps/Secure-File-Manager/NONE_TRANSFORMED_/app/src/main/res/layout/dialog_properties.xml;file:/Users/rar9993/repos/research/fdroid_apps/native_apps/Secure-File-Manager/NONE_TRANSFORMED_/app/src/main/res/layout/dialog_properties.xml|line:3
UnusedResources;Lint;/Users/rar9993/repos/research/fdroid_apps/native_apps/Secure-File-Manager/NONE_TRANSFORMED_;/Users/rar9993/repos/research/fdroid_apps/native_apps/Secure-File-Manager/NONE_TRANSFORMED_/app/src/main/res/values/strings.xml;file:/Users/rar9993/repos/research/fdroid_apps/native_apps/Secure-File-Manager/NONE_TRANSFORMED_/app/src/main/res/values/strings.xml|line:139
UnusedResources;Lint;/Users/rar9993/repos/research/fdroid_apps/native_apps/Secure-File-Manager/NONE_TRANSFORMED_;/Users/rar9993/repos/research/fdroid_apps/native_apps/Secure-File-Manager/NONE_TRANSFORMED_/app/src/main/res/values/colors.xml;file:/Users/rar9993/repos/research/fdroid_apps/native_apps/Secure-File-Manager/NONE_TRANSFORMED_/app/src/main/res/values/colors.xml|line:321
UnusedResources;Lint;/Users/rar9993/repos/research/fdroid_apps/native_apps/Secure-File-Manager/NONE_TRANSFORMED_;/Users/rar9993/repos/research/fdroid_apps/native_apps/Secure-File-Manager/NONE_TRANSFORMED_/app/src/main/res/values/colors.xml;file:/Users/rar9993/repos/research/fdroid_apps/native_apps/Secure-File-Manager/NONE_TRANSFORMED_/app/src/main/res/values/colors.xml|line:285
UnusedIds;Lint;/Users/rar9993/repos/research/fdroid_apps/native_apps/Secure-File-Manager/NONE_TRANSFORMED_;/Users/rar9993/repos/research/fdroid_apps/native_apps/Secure-File-Manager/NONE_TRANSFORMED_/app/src/main/res/layout/activity_favorites.xml;file:/Users/rar9993/repos/research/fdroid_apps/native_apps/Secure-File-Manager/NONE_TRANSFORMED_/app/src/main/res/layout/activity_favorites.xml|line:4
UnusedResources;Lint;/Users/rar9993/repos/research/fdroid_apps/native_apps/Secure-File-Manager/NONE_TRANSFORMED_;/Users/rar9993/repos/research/fdroid_apps/native_apps/Secure-File-Manager/NONE_TRANSFORMED_/app/src/main/res/values/colors.xml;file:/Users/rar9993/repos/research/fdroid_apps/native_apps/Secure-File-Manager/NONE_TRANSFORMED_/app/src/main/res/values/colors.xml|line:118
UnusedIds;Lint;/Users/rar9993/repos/research/fdroid_apps/native_apps/Secure-File-Manager/NONE_TRANSFORMED_;/Users/rar9993/repos/research/fdroid_apps/native_apps/Secure-File-Manager/NONE_TRANSFORMED_/app/src/main/res/layout/fragment_items.xml;file:/Users/rar9993/repos/research/fdroid_apps/native_apps/Secure-File-Manager/NONE_TRANSFORMED_/app/src/main/res/layout/fragment_items.xml|line:4
UnusedIds;Lint;/Users/rar9993/repos/research/fdroid_apps/native_apps/Secure-File-Manager/NONE_TRANSFORMED_;/Users/rar9993/repos/research/fdroid_apps/native_apps/Secure-File-Manager/NONE_TRANSFORMED_/app/src/main/res/layout/dialog_compress_as.xml;file:/Users/rar9993/repos/research/fdroid_apps/native_apps/Secure-File-Manager/NONE_TRANSFORMED_/app/src/main/res/layout/dialog_compress_as.xml|line:83
UnusedIds;Lint;/Users/rar9993/repos/research/fdroid_apps/native_apps/Secure-File-Manager/NONE_TRANSFORMED_;/Users/rar9993/repos/research/fdroid_apps/native_apps/Secure-File-Manager/NONE_TRANSFORMED_/app/src/main/res/layout/dialog_change_sorting.xml;file:/Users/rar9993/repos/research/fdroid_apps/native_apps/Secure-File-Manager/NONE_TRANSFORMED_/app/src/main/res/layout/dialog_change_sorting.xml|line:17
UnusedResources;Lint;/Users/rar9993/repos/research/fdroid_apps/native_apps/Secure-File-Manager/NONE_TRANSFORMED_;/Users/rar9993/repos/research/fdroid_apps/native_apps/Secure-File-Manager/NONE_TRANSFORMED_/app/src/main/res/values/colors.xml;file:/Users/rar9993/repos/research/fdroid_apps/native_apps/Secure-File-Manager/NONE_TRANSFORMED_/app/src/main/res/values/colors.xml|line:219
UnusedResources;Lint;/Users/rar9993/repos/research/fdroid_apps/native_apps/Secure-File-Manager/NONE_TRANSFORMED_;/Users/rar9993/repos/research/fdroid_apps/native_apps/Secure-File-Manager/NONE_TRANSFORMED_/app/src/main/res/values/colors.xml;file:/Users/rar9993/repos/research/fdroid_apps/native_apps/Secure-File-Manager/NONE_TRANSFORMED_/app/src/main/res/values/colors.xml|line:352
UnusedResources;Lint;/Users/rar9993/repos/research/fdroid_apps/native_apps/Secure-File-Manager/NONE_TRANSFORMED_;/Users/rar9993/repos/research/fdroid_apps/native_apps/Secure-File-Manager/NONE_TRANSFORMED_/app/src/main/res/values/colors.xml;file:/Users/rar9993/repos/research/fdroid_apps/native_apps/Secure-File-Manager/NONE_TRANSFORMED_/app/src/main/res/values/colors.xml|line:368
UnusedIds;Lint;/Users/rar9993/repos/research/fdroid_apps/native_apps/Secure-File-Manager/NONE_TRANSFORMED_;/Users/rar9993/repos/research/fdroid_apps/native_apps/Secure-File-Manager/NONE_TRANSFORMED_/app/src/main/res/layout/dialog_file_conflict.xml;file:/Users/rar9993/repos/research/fdroid_apps/native_apps/Secure-File-Manager/NONE_TRANSFORMED_/app/src/main/res/layout/dialog_file_conflict.xml|line:4
UnusedResources;Lint;/Users/rar9993/repos/research/fdroid_apps/native_apps/Secure-File-Manager/NONE_TRANSFORMED_;/Users/rar9993/repos/research/fdroid_apps/native_apps/Secure-File-Manager/NONE_TRANSFORMED_/app/src/main/res/values/colors.xml;file:/Users/rar9993/repos/research/fdroid_apps/native_apps/Secure-File-Manager/NONE_TRANSFORMED_/app/src/main/res/values/colors.xml|line:240
UnusedResources;Lint;/Users/rar9993/repos/research/fdroid_apps/native_apps/Secure-File-Manager/NONE_TRANSFORMED_;/Users/rar9993/repos/research/fdroid_apps/native_apps/Secure-File-Manager/NONE_TRANSFORMED_/app/src/main/res/values/colors.xml;file:/Users/rar9993/repos/research/fdroid_apps/native_apps/Secure-File-Manager/NONE_TRANSFORMED_/app/src/main/res/values/colors.xml|line:55
UnusedResources;Lint;/Users/rar9993/repos/research/fdroid_apps/native_apps/Secure-File-Manager/NONE_TRANSFORMED_;/Users/rar9993/repos/research/fdroid_apps/native_apps/Secure-File-Manager/NONE_TRANSFORMED_/app/src/main/res/values/colors.xml;file:/Users/rar9993/repos/research/fdroid_apps/native_apps/Secure-File-Manager/NONE_TRANSFORMED_/app/src/main/res/values/colors.xml|line:211
UnusedResources;Lint;/Users/rar9993/repos/research/fdroid_apps/native_apps/Secure-File-Manager/NONE_TRANSFORMED_;/Users/rar9993/repos/research/fdroid_apps/native_apps/Secure-File-Manager/NONE_TRANSFORMED_/app/src/main/res/values/colors.xml;file:/Users/rar9993/repos/research/fdroid_apps/native_apps/Secure-File-Manager/NONE_TRANSFORMED_/app/src/main/res/values/colors.xml|line:189
UnusedIds;Lint;/Users/rar9993/repos/research/fdroid_apps/native_apps/Secure-File-Manager/NONE_TRANSFORMED_;/Users/rar9993/repos/research/fdroid_apps/native_apps/Secure-File-Manager/NONE_TRANSFORMED_/app/src/main/res/layout/dialog_change_sorting.xml;file:/Users/rar9993/repos/research/fdroid_apps/native_apps/Secure-File-Manager/NONE_TRANSFORMED_/app/src/main/res/layout/dialog_change_sorting.xml|line:8
UnusedResources;Lint;/Users/rar9993/repos/research/fdroid_apps/native_apps/Secure-File-Manager/NONE_TRANSFORMED_;/Users/rar9993/repos/research/fdroid_apps/native_apps/Secure-File-Manager/NONE_TRANSFORMED_/app/src/main/res/values/colors.xml;file:/Users/rar9993/repos/research/fdroid_apps/native_apps/Secure-File-Manager/NONE_TRANSFORMED_/app/src/main/res/values/colors.xml|line:131
UnusedResources;Lint;/Users/rar9993/repos/research/fdroid_apps/native_apps/Secure-File-Manager/NONE_TRANSFORMED_;/Users/rar9993/repos/research/fdroid_apps/native_apps/Secure-File-Manager/NONE_TRANSFORMED_/app/src/main/res/values/colors.xml;file:/Users/rar9993/repos/research/fdroid_apps/native_apps/Secure-File-Manager/NONE_TRANSFORMED_/app/src/main/res/values/colors.xml|line:250
SyntheticAccessor;Lint;/Users/rar9993/repos/research/fdroid_apps/native_apps/Secure-File-Manager/NONE_TRANSFORMED_;/Users/rar9993/repos/research/fdroid_apps/native_apps/Secure-File-Manager/NONE_TRANSFORMED_/app/src/main/kotlin/com/securefilemanager/app/views/FastScroller.kt;file:/Users/rar9993/repos/research/fdroid_apps/native_apps/Secure-File-Manager/NONE_TRANSFORMED_/app/src/main/kotlin/com/securefilemanager/app/views/FastScroller.kt|line:81
UnusedResources;Lint;/Users/rar9993/repos/research/fdroid_apps/native_apps/Secure-File-Manager/NONE_TRANSFORMED_;/Users/rar9993/repos/research/fdroid_apps/native_apps/Secure-File-Manager/NONE_TRANSFORMED_/app/src/main/res/values/colors.xml;file:/Users/rar9993/repos/research/fdroid_apps/native_apps/Secure-File-Manager/NONE_TRANSFORMED_/app/src/main/res/values/colors.xml|line:91
UnusedResources;Lint;/Users/rar9993/repos/research/fdroid_apps/native_apps/Secure-File-Manager/NONE_TRANSFORMED_;/Users/rar9993/repos/research/fdroid_apps/native_apps/Secure-File-Manager/NONE_TRANSFORMED_/app/src/main/res/values/colors.xml;file:/Users/rar9993/repos/research/fdroid_apps/native_apps/Secure-File-Manager/NONE_TRANSFORMED_/app/src/main/res/values/colors.xml|line:251
UnusedResources;Lint;/Users/rar9993/repos/research/fdroid_apps/native_apps/Secure-File-Manager/NONE_TRANSFORMED_;/Users/rar9993/repos/research/fdroid_apps/native_apps/Secure-File-Manager/NONE_TRANSFORMED_/app/src/main/res/values/colors.xml;file:/Users/rar9993/repos/research/fdroid_apps/native_apps/Secure-File-Manager/NONE_TRANSFORMED_/app/src/main/res/values/colors.xml|line:206
UnusedResources;Lint;/Users/rar9993/repos/research/fdroid_apps/native_apps/Secure-File-Manager/NONE_TRANSFORMED_;/Users/rar9993/repos/research/fdroid_apps/native_apps/Secure-File-Manager/NONE_TRANSFORMED_/app/src/main/res/values/colors.xml;file:/Users/rar9993/repos/research/fdroid_apps/native_apps/Secure-File-Manager/NONE_TRANSFORMED_/app/src/main/res/values/colors.xml|line:242
UnusedResources;Lint;/Users/rar9993/repos/research/fdroid_apps/native_apps/Secure-File-Manager/NONE_TRANSFORMED_;/Users/rar9993/repos/research/fdroid_apps/native_apps/Secure-File-Manager/NONE_TRANSFORMED_/app/src/main/res/values/colors.xml;file:/Users/rar9993/repos/research/fdroid_apps/native_apps/Secure-File-Manager/NONE_TRANSFORMED_/app/src/main/res/values/colors.xml|line:300
UnusedResources;Lint;/Users/rar9993/repos/research/fdroid_apps/native_apps/Secure-File-Manager/NONE_TRANSFORMED_;/Users/rar9993/repos/research/fdroid_apps/native_apps/Secure-File-Manager/NONE_TRANSFORMED_/app/src/main/res/values/strings.xml;file:/Users/rar9993/repos/research/fdroid_apps/native_apps/Secure-File-Manager/NONE_TRANSFORMED_/app/src/main/res/values/strings.xml|line:138
UnusedResources;Lint;/Users/rar9993/repos/research/fdroid_apps/native_apps/Secure-File-Manager/NONE_TRANSFORMED_;/Users/rar9993/repos/research/fdroid_apps/native_apps/Secure-File-Manager/NONE_TRANSFORMED_/app/src/main/res/values/colors.xml;file:/Users/rar9993/repos/research/fdroid_apps/native_apps/Secure-File-Manager/NONE_TRANSFORMED_/app/src/main/res/values/colors.xml|line:74
UnusedResources;Lint;/Users/rar9993/repos/research/fdroid_apps/native_apps/Secure-File-Manager/NONE_TRANSFORMED_;/Users/rar9993/repos/research/fdroid_apps/native_apps/Secure-File-Manager/NONE_TRANSFORMED_/app/src/main/res/values/colors.xml;file:/Users/rar9993/repos/research/fdroid_apps/native_apps/Secure-File-Manager/NONE_TRANSFORMED_/app/src/main/res/values/colors.xml|line:100
UnusedResources;Lint;/Users/rar9993/repos/research/fdroid_apps/native_apps/Secure-File-Manager/NONE_TRANSFORMED_;/Users/rar9993/repos/research/fdroid_apps/native_apps/Secure-File-Manager/NONE_TRANSFORMED_/app/src/main/res/values/colors.xml;file:/Users/rar9993/repos/research/fdroid_apps/native_apps/Secure-File-Manager/NONE_TRANSFORMED_/app/src/main/res/values/colors.xml|line:406
UnusedResources;Lint;/Users/rar9993/repos/research/fdroid_apps/native_apps/Secure-File-Manager/NONE_TRANSFORMED_;/Users/rar9993/repos/research/fdroid_apps/native_apps/Secure-File-Manager/NONE_TRANSFORMED_/app/src/main/res/values/strings.xml;file:/Users/rar9993/repos/research/fdroid_apps/native_apps/Secure-File-Manager/NONE_TRANSFORMED_/app/src/main/res/values/strings.xml|line:11
UnusedResources;Lint;/Users/rar9993/repos/research/fdroid_apps/native_apps/Secure-File-Manager/NONE_TRANSFORMED_;/Users/rar9993/repos/research/fdroid_apps/native_apps/Secure-File-Manager/NONE_TRANSFORMED_/app/src/main/res/values/colors.xml;file:/Users/rar9993/repos/research/fdroid_apps/native_apps/Secure-File-Manager/NONE_TRANSFORMED_/app/src/main/res/values/colors.xml|line:20
UnusedResources;Lint;/Users/rar9993/repos/research/fdroid_apps/native_apps/Secure-File-Manager/NONE_TRANSFORMED_;/Users/rar9993/repos/research/fdroid_apps/native_apps/Secure-File-Manager/NONE_TRANSFORMED_/app/src/main/res/values/colors.xml;file:/Users/rar9993/repos/research/fdroid_apps/native_apps/Secure-File-Manager/NONE_TRANSFORMED_/app/src/main/res/values/colors.xml|line:17
UnusedResources;Lint;/Users/rar9993/repos/research/fdroid_apps/native_apps/Secure-File-Manager/NONE_TRANSFORMED_;/Users/rar9993/repos/research/fdroid_apps/native_apps/Secure-File-Manager/NONE_TRANSFORMED_/app/src/main/res/values/colors.xml;file:/Users/rar9993/repos/research/fdroid_apps/native_apps/Secure-File-Manager/NONE_TRANSFORMED_/app/src/main/res/values/colors.xml|line:241
UnusedResources;Lint;/Users/rar9993/repos/research/fdroid_apps/native_apps/Secure-File-Manager/NONE_TRANSFORMED_;/Users/rar9993/repos/research/fdroid_apps/native_apps/Secure-File-Manager/NONE_TRANSFORMED_/app/src/main/res/values/colors.xml;file:/Users/rar9993/repos/research/fdroid_apps/native_apps/Secure-File-Manager/NONE_TRANSFORMED_/app/src/main/res/values/colors.xml|line:105
UnusedResources;Lint;/Users/rar9993/repos/research/fdroid_apps/native_apps/Secure-File-Manager/NONE_TRANSFORMED_;/Users/rar9993/repos/research/fdroid_apps/native_apps/Secure-File-Manager/NONE_TRANSFORMED_/app/src/main/res/values/colors.xml;file:/Users/rar9993/repos/research/fdroid_apps/native_apps/Secure-File-Manager/NONE_TRANSFORMED_/app/src/main/res/values/colors.xml|line:320
UnusedIds;Lint;/Users/rar9993/repos/research/fdroid_apps/native_apps/Secure-File-Manager/NONE_TRANSFORMED_;/Users/rar9993/repos/research/fdroid_apps/native_apps/Secure-File-Manager/NONE_TRANSFORMED_/app/src/main/res/layout/fragment_about.xml;file:/Users/rar9993/repos/research/fdroid_apps/native_apps/Secure-File-Manager/NONE_TRANSFORMED_/app/src/main/res/layout/fragment_about.xml|line:154
UnusedResources;Lint;/Users/rar9993/repos/research/fdroid_apps/native_apps/Secure-File-Manager/NONE_TRANSFORMED_;/Users/rar9993/repos/research/fdroid_apps/native_apps/Secure-File-Manager/NONE_TRANSFORMED_/app/src/main/res/values/colors.xml;file:/Users/rar9993/repos/research/fdroid_apps/native_apps/Secure-File-Manager/NONE_TRANSFORMED_/app/src/main/res/values/colors.xml|line:338
UnusedResources;Lint;/Users/rar9993/repos/research/fdroid_apps/native_apps/Secure-File-Manager/NONE_TRANSFORMED_;/Users/rar9993/repos/research/fdroid_apps/native_apps/Secure-File-Manager/NONE_TRANSFORMED_/app/src/main/res/values/colors.xml;file:/Users/rar9993/repos/research/fdroid_apps/native_apps/Secure-File-Manager/NONE_TRANSFORMED_/app/src/main/res/values/colors.xml|line:89
UnusedIds;Lint;/Users/rar9993/repos/research/fdroid_apps/native_apps/Secure-File-Manager/NONE_TRANSFORMED_;/Users/rar9993/repos/research/fdroid_apps/native_apps/Secure-File-Manager/NONE_TRANSFORMED_/app/src/main/res/layout/dialog_write_permission.xml;file:/Users/rar9993/repos/research/fdroid_apps/native_apps/Secure-File-Manager/NONE_TRANSFORMED_/app/src/main/res/layout/dialog_write_permission.xml|line:10
UnusedResources;Lint;/Users/rar9993/repos/research/fdroid_apps/native_apps/Secure-File-Manager/NONE_TRANSFORMED_;/Users/rar9993/repos/research/fdroid_apps/native_apps/Secure-File-Manager/NONE_TRANSFORMED_/app/src/main/res/values/colors.xml;file:/Users/rar9993/repos/research/fdroid_apps/native_apps/Secure-File-Manager/NONE_TRANSFORMED_/app/src/main/res/values/colors.xml|line:381
UnusedResources;Lint;/Users/rar9993/repos/research/fdroid_apps/native_apps/Secure-File-Manager/NONE_TRANSFORMED_;/Users/rar9993/repos/research/fdroid_apps/native_apps/Secure-File-Manager/NONE_TRANSFORMED_/app/src/main/res/values/colors.xml;file:/Users/rar9993/repos/research/fdroid_apps/native_apps/Secure-File-Manager/NONE_TRANSFORMED_/app/src/main/res/values/colors.xml|line:302
UnusedResources;Lint;/Users/rar9993/repos/research/fdroid_apps/native_apps/Secure-File-Manager/NONE_TRANSFORMED_;/Users/rar9993/repos/research/fdroid_apps/native_apps/Secure-File-Manager/NONE_TRANSFORMED_/app/src/main/res/values/colors.xml;file:/Users/rar9993/repos/research/fdroid_apps/native_apps/Secure-File-Manager/NONE_TRANSFORMED_/app/src/main/res/values/colors.xml|line:360
UnusedResources;Lint;/Users/rar9993/repos/research/fdroid_apps/native_apps/Secure-File-Manager/NONE_TRANSFORMED_;/Users/rar9993/repos/research/fdroid_apps/native_apps/Secure-File-Manager/NONE_TRANSFORMED_/app/src/main/res/values/colors.xml;file:/Users/rar9993/repos/research/fdroid_apps/native_apps/Secure-File-Manager/NONE_TRANSFORMED_/app/src/main/res/values/colors.xml|line:76
UnusedResources;Lint;/Users/rar9993/repos/research/fdroid_apps/native_apps/Secure-File-Manager/NONE_TRANSFORMED_;/Users/rar9993/repos/research/fdroid_apps/native_apps/Secure-File-Manager/NONE_TRANSFORMED_/app/src/main/res/values/colors.xml;file:/Users/rar9993/repos/research/fdroid_apps/native_apps/Secure-File-Manager/NONE_TRANSFORMED_/app/src/main/res/values/colors.xml|line:409
UnusedResources;Lint;/Users/rar9993/repos/research/fdroid_apps/native_apps/Secure-File-Manager/NONE_TRANSFORMED_;/Users/rar9993/repos/research/fdroid_apps/native_apps/Secure-File-Manager/NONE_TRANSFORMED_/app/src/main/res/values/colors.xml;file:/Users/rar9993/repos/research/fdroid_apps/native_apps/Secure-File-Manager/NONE_TRANSFORMED_/app/src/main/res/values/colors.xml|line:109
UnusedResources;Lint;/Users/rar9993/repos/research/fdroid_apps/native_apps/Secure-File-Manager/NONE_TRANSFORMED_;/Users/rar9993/repos/research/fdroid_apps/native_apps/Secure-File-Manager/NONE_TRANSFORMED_/app/src/main/res/values/colors.xml;file:/Users/rar9993/repos/research/fdroid_apps/native_apps/Secure-File-Manager/NONE_TRANSFORMED_/app/src/main/res/values/colors.xml|line:151
UnusedIds;Lint;/Users/rar9993/repos/research/fdroid_apps/native_apps/Secure-File-Manager/NONE_TRANSFORMED_;/Users/rar9993/repos/research/fdroid_apps/native_apps/Secure-File-Manager/NONE_TRANSFORMED_/app/src/main/res/layout/dialog_create_new_folder.xml;file:/Users/rar9993/repos/research/fdroid_apps/native_apps/Secure-File-Manager/NONE_TRANSFORMED_/app/src/main/res/layout/dialog_create_new_folder.xml|line:17
UnusedResources;Lint;/Users/rar9993/repos/research/fdroid_apps/native_apps/Secure-File-Manager/NONE_TRANSFORMED_;/Users/rar9993/repos/research/fdroid_apps/native_apps/Secure-File-Manager/NONE_TRANSFORMED_/app/src/main/res/values/colors.xml;file:/Users/rar9993/repos/research/fdroid_apps/native_apps/Secure-File-Manager/NONE_TRANSFORMED_/app/src/main/res/values/colors.xml|line:177
UnusedResources;Lint;/Users/rar9993/repos/research/fdroid_apps/native_apps/Secure-File-Manager/NONE_TRANSFORMED_;/Users/rar9993/repos/research/fdroid_apps/native_apps/Secure-File-Manager/NONE_TRANSFORMED_/app/src/main/res/values/colors.xml;file:/Users/rar9993/repos/research/fdroid_apps/native_apps/Secure-File-Manager/NONE_TRANSFORMED_/app/src/main/res/values/colors.xml|line:392
UnusedResources;Lint;/Users/rar9993/repos/research/fdroid_apps/native_apps/Secure-File-Manager/NONE_TRANSFORMED_;/Users/rar9993/repos/research/fdroid_apps/native_apps/Secure-File-Manager/NONE_TRANSFORMED_/app/src/main/res/values/colors.xml;file:/Users/rar9993/repos/research/fdroid_apps/native_apps/Secure-File-Manager/NONE_TRANSFORMED_/app/src/main/res/values/colors.xml|line:35
UnusedResources;Lint;/Users/rar9993/repos/research/fdroid_apps/native_apps/Secure-File-Manager/NONE_TRANSFORMED_;/Users/rar9993/repos/research/fdroid_apps/native_apps/Secure-File-Manager/NONE_TRANSFORMED_/app/src/main/res/values/colors.xml;file:/Users/rar9993/repos/research/fdroid_apps/native_apps/Secure-File-Manager/NONE_TRANSFORMED_/app/src/main/res/values/colors.xml|line:31
UnusedResources;Lint;/Users/rar9993/repos/research/fdroid_apps/native_apps/Secure-File-Manager/NONE_TRANSFORMED_;/Users/rar9993/repos/research/fdroid_apps/native_apps/Secure-File-Manager/NONE_TRANSFORMED_/app/src/main/res/values/colors.xml;file:/Users/rar9993/repos/research/fdroid_apps/native_apps/Secure-File-Manager/NONE_TRANSFORMED_/app/src/main/res/values/colors.xml|line:181
UnusedIds;Lint;/Users/rar9993/repos/research/fdroid_apps/native_apps/Secure-File-Manager/NONE_TRANSFORMED_;/Users/rar9993/repos/research/fdroid_apps/native_apps/Secure-File-Manager/NONE_TRANSFORMED_/app/src/main/res/layout/fastscroller_handle_vertical.xml;file:/Users/rar9993/repos/research/fdroid_apps/native_apps/Secure-File-Manager/NONE_TRANSFORMED_/app/src/main/res/layout/fastscroller_handle_vertical.xml|line:6
UnusedResources;Lint;/Users/rar9993/repos/research/fdroid_apps/native_apps/Secure-File-Manager/NONE_TRANSFORMED_;/Users/rar9993/repos/research/fdroid_apps/native_apps/Secure-File-Manager/NONE_TRANSFORMED_/app/src/main/res/values/colors.xml;file:/Users/rar9993/repos/research/fdroid_apps/native_apps/Secure-File-Manager/NONE_TRANSFORMED_/app/src/main/res/values/colors.xml|line:364
UnusedResources;Lint;/Users/rar9993/repos/research/fdroid_apps/native_apps/Secure-File-Manager/NONE_TRANSFORMED_;/Users/rar9993/repos/research/fdroid_apps/native_apps/Secure-File-Manager/NONE_TRANSFORMED_/app/src/main/res/values/colors.xml;file:/Users/rar9993/repos/research/fdroid_apps/native_apps/Secure-File-Manager/NONE_TRANSFORMED_/app/src/main/res/values/colors.xml|line:130
UnusedResources;Lint;/Users/rar9993/repos/research/fdroid_apps/native_apps/Secure-File-Manager/NONE_TRANSFORMED_;/Users/rar9993/repos/research/fdroid_apps/native_apps/Secure-File-Manager/NONE_TRANSFORMED_/app/src/main/res/values/colors.xml;file:/Users/rar9993/repos/research/fdroid_apps/native_apps/Secure-File-Manager/NONE_TRANSFORMED_/app/src/main/res/values/colors.xml|line:178
UnusedResources;Lint;/Users/rar9993/repos/research/fdroid_apps/native_apps/Secure-File-Manager/NONE_TRANSFORMED_;/Users/rar9993/repos/research/fdroid_apps/native_apps/Secure-File-Manager/NONE_TRANSFORMED_/app/src/main/res/values/colors.xml;file:/Users/rar9993/repos/research/fdroid_apps/native_apps/Secure-File-Manager/NONE_TRANSFORMED_/app/src/main/res/values/colors.xml|line:261
UnusedResources;Lint;/Users/rar9993/repos/research/fdroid_apps/native_apps/Secure-File-Manager/NONE_TRANSFORMED_;/Users/rar9993/repos/research/fdroid_apps/native_apps/Secure-File-Manager/NONE_TRANSFORMED_/app/src/main/res/drawable/ic_file_ppt.xml;file:/Users/rar9993/repos/research/fdroid_apps/native_apps/Secure-File-Manager/NONE_TRANSFORMED_/app/src/main/res/drawable/ic_file_ppt.xml|line:1
UnusedResources;Lint;/Users/rar9993/repos/research/fdroid_apps/native_apps/Secure-File-Manager/NONE_TRANSFORMED_;/Users/rar9993/repos/research/fdroid_apps/native_apps/Secure-File-Manager/NONE_TRANSFORMED_/app/src/main/res/values/colors.xml;file:/Users/rar9993/repos/research/fdroid_apps/native_apps/Secure-File-Manager/NONE_TRANSFORMED_/app/src/main/res/values/colors.xml|line:234
UnusedResources;Lint;/Users/rar9993/repos/research/fdroid_apps/native_apps/Secure-File-Manager/NONE_TRANSFORMED_;/Users/rar9993/repos/research/fdroid_apps/native_apps/Secure-File-Manager/NONE_TRANSFORMED_/app/src/main/res/values/colors.xml;file:/Users/rar9993/repos/research/fdroid_apps/native_apps/Secure-File-Manager/NONE_TRANSFORMED_/app/src/main/res/values/colors.xml|line:139
UnusedResources;Lint;/Users/rar9993/repos/research/fdroid_apps/native_apps/Secure-File-Manager/NONE_TRANSFORMED_;/Users/rar9993/repos/research/fdroid_apps/native_apps/Secure-File-Manager/NONE_TRANSFORMED_/app/src/main/res/values/colors.xml;file:/Users/rar9993/repos/research/fdroid_apps/native_apps/Secure-File-Manager/NONE_TRANSFORMED_/app/src/main/res/values/colors.xml|line:280
UnusedResources;Lint;/Users/rar9993/repos/research/fdroid_apps/native_apps/Secure-File-Manager/NONE_TRANSFORMED_;/Users/rar9993/repos/research/fdroid_apps/native_apps/Secure-File-Manager/NONE_TRANSFORMED_/app/src/main/res/values/colors.xml;file:/Users/rar9993/repos/research/fdroid_apps/native_apps/Secure-File-Manager/NONE_TRANSFORMED_/app/src/main/res/values/colors.xml|line:401
UnusedResources;Lint;/Users/rar9993/repos/research/fdroid_apps/native_apps/Secure-File-Manager/NONE_TRANSFORMED_;/Users/rar9993/repos/research/fdroid_apps/native_apps/Secure-File-Manager/NONE_TRANSFORMED_/app/src/main/res/values/colors.xml;file:/Users/rar9993/repos/research/fdroid_apps/native_apps/Secure-File-Manager/NONE_TRANSFORMED_/app/src/main/res/values/colors.xml|line:135
UnusedResources;Lint;/Users/rar9993/repos/research/fdroid_apps/native_apps/Secure-File-Manager/NONE_TRANSFORMED_;/Users/rar9993/repos/research/fdroid_apps/native_apps/Secure-File-Manager/NONE_TRANSFORMED_/app/src/main/res/values/colors.xml;file:/Users/rar9993/repos/research/fdroid_apps/native_apps/Secure-File-Manager/NONE_TRANSFORMED_/app/src/main/res/values/colors.xml|line:125
UnusedResources;Lint;/Users/rar9993/repos/research/fdroid_apps/native_apps/Secure-File-Manager/NONE_TRANSFORMED_;/Users/rar9993/repos/research/fdroid_apps/native_apps/Secure-File-Manager/NONE_TRANSFORMED_/app/src/main/res/values/strings.xml;file:/Users/rar9993/repos/research/fdroid_apps/native_apps/Secure-File-Manager/NONE_TRANSFORMED_/app/src/main/res/values/strings.xml|line:30
SyntheticAccessor;Lint;/Users/rar9993/repos/research/fdroid_apps/native_apps/Secure-File-Manager/NONE_TRANSFORMED_;/Users/rar9993/repos/research/fdroid_apps/native_apps/Secure-File-Manager/NONE_TRANSFORMED_/app/src/main/kotlin/com/securefilemanager/app/views/FastScroller.kt;file:/Users/rar9993/repos/research/fdroid_apps/native_apps/Secure-File-Manager/NONE_TRANSFORMED_/app/src/main/kotlin/com/securefilemanager/app/views/FastScroller.kt|line:99
UnusedResources;Lint;/Users/rar9993/repos/research/fdroid_apps/native_apps/Secure-File-Manager/NONE_TRANSFORMED_;/Users/rar9993/repos/research/fdroid_apps/native_apps/Secure-File-Manager/NONE_TRANSFORMED_/app/src/main/res/values/colors.xml;file:/Users/rar9993/repos/research/fdroid_apps/native_apps/Secure-File-Manager/NONE_TRANSFORMED_/app/src/main/res/values/colors.xml|line:334
UnusedResources;Lint;/Users/rar9993/repos/research/fdroid_apps/native_apps/Secure-File-Manager/NONE_TRANSFORMED_;/Users/rar9993/repos/research/fdroid_apps/native_apps/Secure-File-Manager/NONE_TRANSFORMED_/app/src/main/res/values/colors.xml;file:/Users/rar9993/repos/research/fdroid_apps/native_apps/Secure-File-Manager/NONE_TRANSFORMED_/app/src/main/res/values/colors.xml|line:41
UnusedResources;Lint;/Users/rar9993/repos/research/fdroid_apps/native_apps/Secure-File-Manager/NONE_TRANSFORMED_;/Users/rar9993/repos/research/fdroid_apps/native_apps/Secure-File-Manager/NONE_TRANSFORMED_/app/src/main/res/values/colors.xml;file:/Users/rar9993/repos/research/fdroid_apps/native_apps/Secure-File-Manager/NONE_TRANSFORMED_/app/src/main/res/values/colors.xml|line:247
UnusedResources;Lint;/Users/rar9993/repos/research/fdroid_apps/native_apps/Secure-File-Manager/NONE_TRANSFORMED_;/Users/rar9993/repos/research/fdroid_apps/native_apps/Secure-File-Manager/NONE_TRANSFORMED_/app/src/main/res/values/colors.xml;file:/Users/rar9993/repos/research/fdroid_apps/native_apps/Secure-File-Manager/NONE_TRANSFORMED_/app/src/main/res/values/colors.xml|line:384
UnusedResources;Lint;/Users/rar9993/repos/research/fdroid_apps/native_apps/Secure-File-Manager/NONE_TRANSFORMED_;/Users/rar9993/repos/research/fdroid_apps/native_apps/Secure-File-Manager/NONE_TRANSFORMED_/app/src/main/res/values/colors.xml;file:/Users/rar9993/repos/research/fdroid_apps/native_apps/Secure-File-Manager/NONE_TRANSFORMED_/app/src/main/res/values/colors.xml|line:68
UnusedResources;Lint;/Users/rar9993/repos/research/fdroid_apps/native_apps/Secure-File-Manager/NONE_TRANSFORMED_;/Users/rar9993/repos/research/fdroid_apps/native_apps/Secure-File-Manager/NONE_TRANSFORMED_/app/src/main/res/values/colors.xml;file:/Users/rar9993/repos/research/fdroid_apps/native_apps/Secure-File-Manager/NONE_TRANSFORMED_/app/src/main/res/values/colors.xml|line:159
UnusedResources;Lint;/Users/rar9993/repos/research/fdroid_apps/native_apps/Secure-File-Manager/NONE_TRANSFORMED_;/Users/rar9993/repos/research/fdroid_apps/native_apps/Secure-File-Manager/NONE_TRANSFORMED_/app/src/main/res/values/colors.xml;file:/Users/rar9993/repos/research/fdroid_apps/native_apps/Secure-File-Manager/NONE_TRANSFORMED_/app/src/main/res/values/colors.xml|line:112
UnusedResources;Lint;/Users/rar9993/repos/research/fdroid_apps/native_apps/Secure-File-Manager/NONE_TRANSFORMED_;/Users/rar9993/repos/research/fdroid_apps/native_apps/Secure-File-Manager/NONE_TRANSFORMED_/app/src/main/res/values/colors.xml;file:/Users/rar9993/repos/research/fdroid_apps/native_apps/Secure-File-Manager/NONE_TRANSFORMED_/app/src/main/res/values/colors.xml|line:410
UnusedResources;Lint;/Users/rar9993/repos/research/fdroid_apps/native_apps/Secure-File-Manager/NONE_TRANSFORMED_;/Users/rar9993/repos/research/fdroid_apps/native_apps/Secure-File-Manager/NONE_TRANSFORMED_/app/src/main/res/values/colors.xml;file:/Users/rar9993/repos/research/fdroid_apps/native_apps/Secure-File-Manager/NONE_TRANSFORMED_/app/src/main/res/values/colors.xml|line:39
UnusedIds;Lint;/Users/rar9993/repos/research/fdroid_apps/native_apps/Secure-File-Manager/NONE_TRANSFORMED_;/Users/rar9993/repos/research/fdroid_apps/native_apps/Secure-File-Manager/NONE_TRANSFORMED_/app/src/main/res/layout/fragment_about.xml;file:/Users/rar9993/repos/research/fdroid_apps/native_apps/Secure-File-Manager/NONE_TRANSFORMED_/app/src/main/res/layout/fragment_about.xml|line:241
UnusedResources;Lint;/Users/rar9993/repos/research/fdroid_apps/native_apps/Secure-File-Manager/NONE_TRANSFORMED_;/Users/rar9993/repos/research/fdroid_apps/native_apps/Secure-File-Manager/NONE_TRANSFORMED_/app/src/main/res/values/colors.xml;file:/Users/rar9993/repos/research/fdroid_apps/native_apps/Secure-File-Manager/NONE_TRANSFORMED_/app/src/main/res/values/colors.xml|line:140
UnusedResources;Lint;/Users/rar9993/repos/research/fdroid_apps/native_apps/Secure-File-Manager/NONE_TRANSFORMED_;/Users/rar9993/repos/research/fdroid_apps/native_apps/Secure-File-Manager/NONE_TRANSFORMED_/app/src/main/res/values/colors.xml;file:/Users/rar9993/repos/research/fdroid_apps/native_apps/Secure-File-Manager/NONE_TRANSFORMED_/app/src/main/res/values/colors.xml|line:215
UnusedResources;Lint;/Users/rar9993/repos/research/fdroid_apps/native_apps/Secure-File-Manager/NONE_TRANSFORMED_;/Users/rar9993/repos/research/fdroid_apps/native_apps/Secure-File-Manager/NONE_TRANSFORMED_/app/src/main/res/values/colors.xml;file:/Users/rar9993/repos/research/fdroid_apps/native_apps/Secure-File-Manager/NONE_TRANSFORMED_/app/src/main/res/values/colors.xml|line:325
UnusedResources;Lint;/Users/rar9993/repos/research/fdroid_apps/native_apps/Secure-File-Manager/NONE_TRANSFORMED_;/Users/rar9993/repos/research/fdroid_apps/native_apps/Secure-File-Manager/NONE_TRANSFORMED_/app/src/main/res/values/colors.xml;file:/Users/rar9993/repos/research/fdroid_apps/native_apps/Secure-File-Manager/NONE_TRANSFORMED_/app/src/main/res/values/colors.xml|line:156
UnusedResources;Lint;/Users/rar9993/repos/research/fdroid_apps/native_apps/Secure-File-Manager/NONE_TRANSFORMED_;/Users/rar9993/repos/research/fdroid_apps/native_apps/Secure-File-Manager/NONE_TRANSFORMED_/app/src/main/res/values/colors.xml;file:/Users/rar9993/repos/research/fdroid_apps/native_apps/Secure-File-Manager/NONE_TRANSFORMED_/app/src/main/res/values/colors.xml|line:311
UnusedResources;Lint;/Users/rar9993/repos/research/fdroid_apps/native_apps/Secure-File-Manager/NONE_TRANSFORMED_;/Users/rar9993/repos/research/fdroid_apps/native_apps/Secure-File-Manager/NONE_TRANSFORMED_/app/src/main/res/values/colors.xml;file:/Users/rar9993/repos/research/fdroid_apps/native_apps/Secure-File-Manager/NONE_TRANSFORMED_/app/src/main/res/values/colors.xml|line:264
UnusedResources;Lint;/Users/rar9993/repos/research/fdroid_apps/native_apps/Secure-File-Manager/NONE_TRANSFORMED_;/Users/rar9993/repos/research/fdroid_apps/native_apps/Secure-File-Manager/NONE_TRANSFORMED_/app/src/main/res/values/colors.xml;file:/Users/rar9993/repos/research/fdroid_apps/native_apps/Secure-File-Manager/NONE_TRANSFORMED_/app/src/main/res/values/colors.xml|line:205
UnusedResources;Lint;/Users/rar9993/repos/research/fdroid_apps/native_apps/Secure-File-Manager/NONE_TRANSFORMED_;/Users/rar9993/repos/research/fdroid_apps/native_apps/Secure-File-Manager/NONE_TRANSFORMED_/app/src/main/res/values/colors.xml;file:/Users/rar9993/repos/research/fdroid_apps/native_apps/Secure-File-Manager/NONE_TRANSFORMED_/app/src/main/res/values/colors.xml|line:374
UnusedResources;Lint;/Users/rar9993/repos/research/fdroid_apps/native_apps/Secure-File-Manager/NONE_TRANSFORMED_;/Users/rar9993/repos/research/fdroid_apps/native_apps/Secure-File-Manager/NONE_TRANSFORMED_/app/src/main/res/values/colors.xml;file:/Users/rar9993/repos/research/fdroid_apps/native_apps/Secure-File-Manager/NONE_TRANSFORMED_/app/src/main/res/values/colors.xml|line:366
UnusedResources;Lint;/Users/rar9993/repos/research/fdroid_apps/native_apps/Secure-File-Manager/NONE_TRANSFORMED_;/Users/rar9993/repos/research/fdroid_apps/native_apps/Secure-File-Manager/NONE_TRANSFORMED_/app/src/main/res/values/colors.xml;file:/Users/rar9993/repos/research/fdroid_apps/native_apps/Secure-File-Manager/NONE_TRANSFORMED_/app/src/main/res/values/colors.xml|line:72
SyntheticAccessor;Lint;/Users/rar9993/repos/research/fdroid_apps/native_apps/Secure-File-Manager/NONE_TRANSFORMED_;/Users/rar9993/repos/research/fdroid_apps/native_apps/Secure-File-Manager/NONE_TRANSFORMED_/app/src/main/kotlin/com/securefilemanager/app/views/FastScroller.kt;file:/Users/rar9993/repos/research/fdroid_apps/native_apps/Secure-File-Manager/NONE_TRANSFORMED_/app/src/main/kotlin/com/securefilemanager/app/views/FastScroller.kt|line:83
UnusedResources;Lint;/Users/rar9993/repos/research/fdroid_apps/native_apps/Secure-File-Manager/NONE_TRANSFORMED_;/Users/rar9993/repos/research/fdroid_apps/native_apps/Secure-File-Manager/NONE_TRANSFORMED_/app/src/main/res/values/colors.xml;file:/Users/rar9993/repos/research/fdroid_apps/native_apps/Secure-File-Manager/NONE_TRANSFORMED_/app/src/main/res/values/colors.xml|line:45
UnusedResources;Lint;/Users/rar9993/repos/research/fdroid_apps/native_apps/Secure-File-Manager/NONE_TRANSFORMED_;/Users/rar9993/repos/research/fdroid_apps/native_apps/Secure-File-Manager/NONE_TRANSFORMED_/app/src/main/res/drawable/ic_file_sql.xml;file:/Users/rar9993/repos/research/fdroid_apps/native_apps/Secure-File-Manager/NONE_TRANSFORMED_/app/src/main/res/drawable/ic_file_sql.xml|line:1
UnusedResources;Lint;/Users/rar9993/repos/research/fdroid_apps/native_apps/Secure-File-Manager/NONE_TRANSFORMED_;/Users/rar9993/repos/research/fdroid_apps/native_apps/Secure-File-Manager/NONE_TRANSFORMED_/app/src/main/res/values/colors.xml;file:/Users/rar9993/repos/research/fdroid_apps/native_apps/Secure-File-Manager/NONE_TRANSFORMED_/app/src/main/res/values/colors.xml|line:65
UnusedResources;Lint;/Users/rar9993/repos/research/fdroid_apps/native_apps/Secure-File-Manager/NONE_TRANSFORMED_;/Users/rar9993/repos/research/fdroid_apps/native_apps/Secure-File-Manager/NONE_TRANSFORMED_/app/src/main/res/values/colors.xml;file:/Users/rar9993/repos/research/fdroid_apps/native_apps/Secure-File-Manager/NONE_TRANSFORMED_/app/src/main/res/values/colors.xml|line:274
UnusedResources;Lint;/Users/rar9993/repos/research/fdroid_apps/native_apps/Secure-File-Manager/NONE_TRANSFORMED_;/Users/rar9993/repos/research/fdroid_apps/native_apps/Secure-File-Manager/NONE_TRANSFORMED_/app/src/main/res/values/colors.xml;file:/Users/rar9993/repos/research/fdroid_apps/native_apps/Secure-File-Manager/NONE_TRANSFORMED_/app/src/main/res/values/colors.xml|line:222
UnusedResources;Lint;/Users/rar9993/repos/research/fdroid_apps/native_apps/Secure-File-Manager/NONE_TRANSFORMED_;/Users/rar9993/repos/research/fdroid_apps/native_apps/Secure-File-Manager/NONE_TRANSFORMED_/app/src/main/res/values/colors.xml;file:/Users/rar9993/repos/research/fdroid_apps/native_apps/Secure-File-Manager/NONE_TRANSFORMED_/app/src/main/res/values/colors.xml|line:95
UnusedResources;Lint;/Users/rar9993/repos/research/fdroid_apps/native_apps/Secure-File-Manager/NONE_TRANSFORMED_;/Users/rar9993/repos/research/fdroid_apps/native_apps/Secure-File-Manager/NONE_TRANSFORMED_/app/src/main/res/values/colors.xml;file:/Users/rar9993/repos/research/fdroid_apps/native_apps/Secure-File-Manager/NONE_TRANSFORMED_/app/src/main/res/values/colors.xml|line:168
UnusedIds;Lint;/Users/rar9993/repos/research/fdroid_apps/native_apps/Secure-File-Manager/NONE_TRANSFORMED_;/Users/rar9993/repos/research/fdroid_apps/native_apps/Secure-File-Manager/NONE_TRANSFORMED_/app/src/main/res/layout/dialog_filepicker.xml;file:/Users/rar9993/repos/research/fdroid_apps/native_apps/Secure-File-Manager/NONE_TRANSFORMED_/app/src/main/res/layout/dialog_filepicker.xml|line:87
UnusedResources;Lint;/Users/rar9993/repos/research/fdroid_apps/native_apps/Secure-File-Manager/NONE_TRANSFORMED_;/Users/rar9993/repos/research/fdroid_apps/native_apps/Secure-File-Manager/NONE_TRANSFORMED_/app/src/main/res/values/colors.xml;file:/Users/rar9993/repos/research/fdroid_apps/native_apps/Secure-File-Manager/NONE_TRANSFORMED_/app/src/main/res/values/colors.xml|line:117
UnusedResources;Lint;/Users/rar9993/repos/research/fdroid_apps/native_apps/Secure-File-Manager/NONE_TRANSFORMED_;/Users/rar9993/repos/research/fdroid_apps/native_apps/Secure-File-Manager/NONE_TRANSFORMED_/app/src/main/res/values/colors.xml;file:/Users/rar9993/repos/research/fdroid_apps/native_apps/Secure-File-Manager/NONE_TRANSFORMED_/app/src/main/res/values/colors.xml|line:232
UnusedResources;Lint;/Users/rar9993/repos/research/fdroid_apps/native_apps/Secure-File-Manager/NONE_TRANSFORMED_;/Users/rar9993/repos/research/fdroid_apps/native_apps/Secure-File-Manager/NONE_TRANSFORMED_/app/src/main/res/values/colors.xml;file:/Users/rar9993/repos/research/fdroid_apps/native_apps/Secure-File-Manager/NONE_TRANSFORMED_/app/src/main/res/values/colors.xml|line:148
UnusedResources;Lint;/Users/rar9993/repos/research/fdroid_apps/native_apps/Secure-File-Manager/NONE_TRANSFORMED_;/Users/rar9993/repos/research/fdroid_apps/native_apps/Secure-File-Manager/NONE_TRANSFORMED_/app/src/main/res/values/colors.xml;file:/Users/rar9993/repos/research/fdroid_apps/native_apps/Secure-File-Manager/NONE_TRANSFORMED_/app/src/main/res/values/colors.xml|line:357
UnusedResources;Lint;/Users/rar9993/repos/research/fdroid_apps/native_apps/Secure-File-Manager/NONE_TRANSFORMED_;/Users/rar9993/repos/research/fdroid_apps/native_apps/Secure-File-Manager/NONE_TRANSFORMED_/app/src/main/res/values/colors.xml;file:/Users/rar9993/repos/research/fdroid_apps/native_apps/Secure-File-Manager/NONE_TRANSFORMED_/app/src/main/res/values/colors.xml|line:137
UnusedResources;Lint;/Users/rar9993/repos/research/fdroid_apps/native_apps/Secure-File-Manager/NONE_TRANSFORMED_;/Users/rar9993/repos/research/fdroid_apps/native_apps/Secure-File-Manager/NONE_TRANSFORMED_/app/src/main/res/values/colors.xml;file:/Users/rar9993/repos/research/fdroid_apps/native_apps/Secure-File-Manager/NONE_TRANSFORMED_/app/src/main/res/values/colors.xml|line:355
UnusedResources;Lint;/Users/rar9993/repos/research/fdroid_apps/native_apps/Secure-File-Manager/NONE_TRANSFORMED_;/Users/rar9993/repos/research/fdroid_apps/native_apps/Secure-File-Manager/NONE_TRANSFORMED_/app/src/main/res/values/colors.xml;file:/Users/rar9993/repos/research/fdroid_apps/native_apps/Secure-File-Manager/NONE_TRANSFORMED_/app/src/main/res/values/colors.xml|line:292
UnusedResources;Lint;/Users/rar9993/repos/research/fdroid_apps/native_apps/Secure-File-Manager/NONE_TRANSFORMED_;/Users/rar9993/repos/research/fdroid_apps/native_apps/Secure-File-Manager/NONE_TRANSFORMED_/app/src/main/res/values/colors.xml;file:/Users/rar9993/repos/research/fdroid_apps/native_apps/Secure-File-Manager/NONE_TRANSFORMED_/app/src/main/res/values/colors.xml|line:315
UnusedResources;Lint;/Users/rar9993/repos/research/fdroid_apps/native_apps/Secure-File-Manager/NONE_TRANSFORMED_;/Users/rar9993/repos/research/fdroid_apps/native_apps/Secure-File-Manager/NONE_TRANSFORMED_/app/src/main/res/values/colors.xml;file:/Users/rar9993/repos/research/fdroid_apps/native_apps/Secure-File-Manager/NONE_TRANSFORMED_/app/src/main/res/values/colors.xml|line:359
UnusedResources;Lint;/Users/rar9993/repos/research/fdroid_apps/native_apps/Secure-File-Manager/NONE_TRANSFORMED_;/Users/rar9993/repos/research/fdroid_apps/native_apps/Secure-File-Manager/NONE_TRANSFORMED_/app/src/main/res/values/colors.xml;file:/Users/rar9993/repos/research/fdroid_apps/native_apps/Secure-File-Manager/NONE_TRANSFORMED_/app/src/main/res/values/colors.xml|line:50
UnusedResources;Lint;/Users/rar9993/repos/research/fdroid_apps/native_apps/Secure-File-Manager/NONE_TRANSFORMED_;/Users/rar9993/repos/research/fdroid_apps/native_apps/Secure-File-Manager/NONE_TRANSFORMED_/app/src/main/res/values/colors.xml;file:/Users/rar9993/repos/research/fdroid_apps/native_apps/Secure-File-Manager/NONE_TRANSFORMED_/app/src/main/res/values/colors.xml|line:287
UnusedIds;Lint;/Users/rar9993/repos/research/fdroid_apps/native_apps/Secure-File-Manager/NONE_TRANSFORMED_;/Users/rar9993/repos/research/fdroid_apps/native_apps/Secure-File-Manager/NONE_TRANSFORMED_/app/src/main/res/layout/fragment_about.xml;file:/Users/rar9993/repos/research/fdroid_apps/native_apps/Secure-File-Manager/NONE_TRANSFORMED_/app/src/main/res/layout/fragment_about.xml|line:283
UnusedResources;Lint;/Users/rar9993/repos/research/fdroid_apps/native_apps/Secure-File-Manager/NONE_TRANSFORMED_;/Users/rar9993/repos/research/fdroid_apps/native_apps/Secure-File-Manager/NONE_TRANSFORMED_/app/src/main/res/values/colors.xml;file:/Users/rar9993/repos/research/fdroid_apps/native_apps/Secure-File-Manager/NONE_TRANSFORMED_/app/src/main/res/values/colors.xml|line:270
UnusedResources;Lint;/Users/rar9993/repos/research/fdroid_apps/native_apps/Secure-File-Manager/NONE_TRANSFORMED_;/Users/rar9993/repos/research/fdroid_apps/native_apps/Secure-File-Manager/NONE_TRANSFORMED_/app/src/main/res/values/colors.xml;file:/Users/rar9993/repos/research/fdroid_apps/native_apps/Secure-File-Manager/NONE_TRANSFORMED_/app/src/main/res/values/colors.xml|line:176
UnusedResources;Lint;/Users/rar9993/repos/research/fdroid_apps/native_apps/Secure-File-Manager/NONE_TRANSFORMED_;/Users/rar9993/repos/research/fdroid_apps/native_apps/Secure-File-Manager/NONE_TRANSFORMED_/app/src/main/res/values/colors.xml;file:/Users/rar9993/repos/research/fdroid_apps/native_apps/Secure-File-Manager/NONE_TRANSFORMED_/app/src/main/res/values/colors.xml|line:46
UnusedResources;Lint;/Users/rar9993/repos/research/fdroid_apps/native_apps/Secure-File-Manager/NONE_TRANSFORMED_;/Users/rar9993/repos/research/fdroid_apps/native_apps/Secure-File-Manager/NONE_TRANSFORMED_/app/src/main/res/values/colors.xml;file:/Users/rar9993/repos/research/fdroid_apps/native_apps/Secure-File-Manager/NONE_TRANSFORMED_/app/src/main/res/values/colors.xml|line:281
UnusedResources;Lint;/Users/rar9993/repos/research/fdroid_apps/native_apps/Secure-File-Manager/NONE_TRANSFORMED_;/Users/rar9993/repos/research/fdroid_apps/native_apps/Secure-File-Manager/NONE_TRANSFORMED_/app/src/main/res/values/strings.xml;file:/Users/rar9993/repos/research/fdroid_apps/native_apps/Secure-File-Manager/NONE_TRANSFORMED_/app/src/main/res/values/strings.xml|line:296
UnusedResources;Lint;/Users/rar9993/repos/research/fdroid_apps/native_apps/Secure-File-Manager/NONE_TRANSFORMED_;/Users/rar9993/repos/research/fdroid_apps/native_apps/Secure-File-Manager/NONE_TRANSFORMED_/app/src/main/res/values/colors.xml;file:/Users/rar9993/repos/research/fdroid_apps/native_apps/Secure-File-Manager/NONE_TRANSFORMED_/app/src/main/res/values/colors.xml|line:249
UnusedResources;Lint;/Users/rar9993/repos/research/fdroid_apps/native_apps/Secure-File-Manager/NONE_TRANSFORMED_;/Users/rar9993/repos/research/fdroid_apps/native_apps/Secure-File-Manager/NONE_TRANSFORMED_/app/src/main/res/values/colors.xml;file:/Users/rar9993/repos/research/fdroid_apps/native_apps/Secure-File-Manager/NONE_TRANSFORMED_/app/src/main/res/values/colors.xml|line:277
UnusedResources;Lint;/Users/rar9993/repos/research/fdroid_apps/native_apps/Secure-File-Manager/NONE_TRANSFORMED_;/Users/rar9993/repos/research/fdroid_apps/native_apps/Secure-File-Manager/NONE_TRANSFORMED_/app/src/main/res/values/colors.xml;file:/Users/rar9993/repos/research/fdroid_apps/native_apps/Secure-File-Manager/NONE_TRANSFORMED_/app/src/main/res/values/colors.xml|line:52
UnusedResources;Lint;/Users/rar9993/repos/research/fdroid_apps/native_apps/Secure-File-Manager/NONE_TRANSFORMED_;/Users/rar9993/repos/research/fdroid_apps/native_apps/Secure-File-Manager/NONE_TRANSFORMED_/app/src/main/res/values/strings.xml;file:/Users/rar9993/repos/research/fdroid_apps/native_apps/Secure-File-Manager/NONE_TRANSFORMED_/app/src/main/res/values/strings.xml|line:280
UnusedIds;Lint;/Users/rar9993/repos/research/fdroid_apps/native_apps/Secure-File-Manager/NONE_TRANSFORMED_;/Users/rar9993/repos/research/fdroid_apps/native_apps/Secure-File-Manager/NONE_TRANSFORMED_/app/src/main/res/layout/fragment_about.xml;file:/Users/rar9993/repos/research/fdroid_apps/native_apps/Secure-File-Manager/NONE_TRANSFORMED_/app/src/main/res/layout/fragment_about.xml|line:212
UnusedIds;Lint;/Users/rar9993/repos/research/fdroid_apps/native_apps/Secure-File-Manager/NONE_TRANSFORMED_;/Users/rar9993/repos/research/fdroid_apps/native_apps/Secure-File-Manager/NONE_TRANSFORMED_/app/src/main/res/layout/dialog_compress_as.xml;file:/Users/rar9993/repos/research/fdroid_apps/native_apps/Secure-File-Manager/NONE_TRANSFORMED_/app/src/main/res/layout/dialog_compress_as.xml|line:5
UnusedResources;Lint;/Users/rar9993/repos/research/fdroid_apps/native_apps/Secure-File-Manager/NONE_TRANSFORMED_;/Users/rar9993/repos/research/fdroid_apps/native_apps/Secure-File-Manager/NONE_TRANSFORMED_/app/src/main/res/values/colors.xml;file:/Users/rar9993/repos/research/fdroid_apps/native_apps/Secure-File-Manager/NONE_TRANSFORMED_/app/src/main/res/values/colors.xml|line:165
UnusedResources;Lint;/Users/rar9993/repos/research/fdroid_apps/native_apps/Secure-File-Manager/NONE_TRANSFORMED_;/Users/rar9993/repos/research/fdroid_apps/native_apps/Secure-File-Manager/NONE_TRANSFORMED_/app/src/main/res/values/colors.xml;file:/Users/rar9993/repos/research/fdroid_apps/native_apps/Secure-File-Manager/NONE_TRANSFORMED_/app/src/main/res/values/colors.xml|line:296
UnusedResources;Lint;/Users/rar9993/repos/research/fdroid_apps/native_apps/Secure-File-Manager/NONE_TRANSFORMED_;/Users/rar9993/repos/research/fdroid_apps/native_apps/Secure-File-Manager/NONE_TRANSFORMED_/app/src/main/res/values/colors.xml;file:/Users/rar9993/repos/research/fdroid_apps/native_apps/Secure-File-Manager/NONE_TRANSFORMED_/app/src/main/res/values/colors.xml|line:66
UnusedResources;Lint;/Users/rar9993/repos/research/fdroid_apps/native_apps/Secure-File-Manager/NONE_TRANSFORMED_;/Users/rar9993/repos/research/fdroid_apps/native_apps/Secure-File-Manager/NONE_TRANSFORMED_/app/src/main/res/values/colors.xml;file:/Users/rar9993/repos/research/fdroid_apps/native_apps/Secure-File-Manager/NONE_TRANSFORMED_/app/src/main/res/values/colors.xml|line:15
UnusedResources;Lint;/Users/rar9993/repos/research/fdroid_apps/native_apps/Secure-File-Manager/NONE_TRANSFORMED_;/Users/rar9993/repos/research/fdroid_apps/native_apps/Secure-File-Manager/NONE_TRANSFORMED_/app/src/main/res/values/colors.xml;file:/Users/rar9993/repos/research/fdroid_apps/native_apps/Secure-File-Manager/NONE_TRANSFORMED_/app/src/main/res/values/colors.xml|line:26
UnusedIds;Lint;/Users/rar9993/repos/research/fdroid_apps/native_apps/Secure-File-Manager/NONE_TRANSFORMED_;/Users/rar9993/repos/research/fdroid_apps/native_apps/Secure-File-Manager/NONE_TRANSFORMED_/app/src/main/res/layout/radio_button.xml;file:/Users/rar9993/repos/research/fdroid_apps/native_apps/Secure-File-Manager/NONE_TRANSFORMED_/app/src/main/res/layout/radio_button.xml|line:3
UnusedIds;Lint;/Users/rar9993/repos/research/fdroid_apps/native_apps/Secure-File-Manager/NONE_TRANSFORMED_;/Users/rar9993/repos/research/fdroid_apps/native_apps/Secure-File-Manager/NONE_TRANSFORMED_/app/src/main/res/layout/activity_decompress.xml;file:/Users/rar9993/repos/research/fdroid_apps/native_apps/Secure-File-Manager/NONE_TRANSFORMED_/app/src/main/res/layout/activity_decompress.xml|line:4
UnusedResources;Lint;/Users/rar9993/repos/research/fdroid_apps/native_apps/Secure-File-Manager/NONE_TRANSFORMED_;/Users/rar9993/repos/research/fdroid_apps/native_apps/Secure-File-Manager/NONE_TRANSFORMED_/app/src/main/res/values/colors.xml;file:/Users/rar9993/repos/research/fdroid_apps/native_apps/Secure-File-Manager/NONE_TRANSFORMED_/app/src/main/res/values/colors.xml|line:182
UnusedResources;Lint;/Users/rar9993/repos/research/fdroid_apps/native_apps/Secure-File-Manager/NONE_TRANSFORMED_;/Users/rar9993/repos/research/fdroid_apps/native_apps/Secure-File-Manager/NONE_TRANSFORMED_/app/src/main/res/values/colors.xml;file:/Users/rar9993/repos/research/fdroid_apps/native_apps/Secure-File-Manager/NONE_TRANSFORMED_/app/src/main/res/values/colors.xml|line:54
UnusedResources;Lint;/Users/rar9993/repos/research/fdroid_apps/native_apps/Secure-File-Manager/NONE_TRANSFORMED_;/Users/rar9993/repos/research/fdroid_apps/native_apps/Secure-File-Manager/NONE_TRANSFORMED_/app/src/main/res/values/strings.xml;file:/Users/rar9993/repos/research/fdroid_apps/native_apps/Secure-File-Manager/NONE_TRANSFORMED_/app/src/main/res/values/strings.xml|line:216
UnusedResources;Lint;/Users/rar9993/repos/research/fdroid_apps/native_apps/Secure-File-Manager/NONE_TRANSFORMED_;/Users/rar9993/repos/research/fdroid_apps/native_apps/Secure-File-Manager/NONE_TRANSFORMED_/app/src/main/res/values/colors.xml;file:/Users/rar9993/repos/research/fdroid_apps/native_apps/Secure-File-Manager/NONE_TRANSFORMED_/app/src/main/res/values/colors.xml|line:51
UnusedResources;Lint;/Users/rar9993/repos/research/fdroid_apps/native_apps/Secure-File-Manager/NONE_TRANSFORMED_;/Users/rar9993/repos/research/fdroid_apps/native_apps/Secure-File-Manager/NONE_TRANSFORMED_/app/src/main/res/values/colors.xml;file:/Users/rar9993/repos/research/fdroid_apps/native_apps/Secure-File-Manager/NONE_TRANSFORMED_/app/src/main/res/values/colors.xml|line:272
UnusedResources;Lint;/Users/rar9993/repos/research/fdroid_apps/native_apps/Secure-File-Manager/NONE_TRANSFORMED_;/Users/rar9993/repos/research/fdroid_apps/native_apps/Secure-File-Manager/NONE_TRANSFORMED_/app/src/main/res/values/colors.xml;file:/Users/rar9993/repos/research/fdroid_apps/native_apps/Secure-File-Manager/NONE_TRANSFORMED_/app/src/main/res/values/colors.xml|line:186
UnusedResources;Lint;/Users/rar9993/repos/research/fdroid_apps/native_apps/Secure-File-Manager/NONE_TRANSFORMED_;/Users/rar9993/repos/research/fdroid_apps/native_apps/Secure-File-Manager/NONE_TRANSFORMED_/app/src/main/res/values/colors.xml;file:/Users/rar9993/repos/research/fdroid_apps/native_apps/Secure-File-Manager/NONE_TRANSFORMED_/app/src/main/res/values/colors.xml|line:284
UnusedResources;Lint;/Users/rar9993/repos/research/fdroid_apps/native_apps/Secure-File-Manager/NONE_TRANSFORMED_;/Users/rar9993/repos/research/fdroid_apps/native_apps/Secure-File-Manager/NONE_TRANSFORMED_/app/src/main/res/values/colors.xml;file:/Users/rar9993/repos/research/fdroid_apps/native_apps/Secure-File-Manager/NONE_TRANSFORMED_/app/src/main/res/values/colors.xml|line:104
UnusedResources;Lint;/Users/rar9993/repos/research/fdroid_apps/native_apps/Secure-File-Manager/NONE_TRANSFORMED_;/Users/rar9993/repos/research/fdroid_apps/native_apps/Secure-File-Manager/NONE_TRANSFORMED_/app/src/main/res/values/colors.xml;file:/Users/rar9993/repos/research/fdroid_apps/native_apps/Secure-File-Manager/NONE_TRANSFORMED_/app/src/main/res/values/colors.xml|line:36
ObsoleteSdkInt;Lint;/Users/rar9993/repos/research/fdroid_apps/native_apps/Secure-File-Manager/NONE_TRANSFORMED_;/Users/rar9993/repos/research/fdroid_apps/native_apps/Secure-File-Manager/NONE_TRANSFORMED_/app/src/main/res/mipmap-anydpi-v26;file:/Users/rar9993/repos/research/fdroid_apps/native_apps/Secure-File-Manager/NONE_TRANSFORMED_/app/src/main/res/mipmap-anydpi-v26
UnusedResources;Lint;/Users/rar9993/repos/research/fdroid_apps/native_apps/Secure-File-Manager/NONE_TRANSFORMED_;/Users/rar9993/repos/research/fdroid_apps/native_apps/Secure-File-Manager/NONE_TRANSFORMED_/app/src/main/res/values/colors.xml;file:/Users/rar9993/repos/research/fdroid_apps/native_apps/Secure-File-Manager/NONE_TRANSFORMED_/app/src/main/res/values/colors.xml|line:345
UnusedResources;Lint;/Users/rar9993/repos/research/fdroid_apps/native_apps/Secure-File-Manager/NONE_TRANSFORMED_;/Users/rar9993/repos/research/fdroid_apps/native_apps/Secure-File-Manager/NONE_TRANSFORMED_/app/src/main/res/values/colors.xml;file:/Users/rar9993/repos/research/fdroid_apps/native_apps/Secure-File-Manager/NONE_TRANSFORMED_/app/src/main/res/values/colors.xml|line:372
UnusedResources;Lint;/Users/rar9993/repos/research/fdroid_apps/native_apps/Secure-File-Manager/NONE_TRANSFORMED_;/Users/rar9993/repos/research/fdroid_apps/native_apps/Secure-File-Manager/NONE_TRANSFORMED_/app/src/main/res/values/colors.xml;file:/Users/rar9993/repos/research/fdroid_apps/native_apps/Secure-File-Manager/NONE_TRANSFORMED_/app/src/main/res/values/colors.xml|line:301
UnusedResources;Lint;/Users/rar9993/repos/research/fdroid_apps/native_apps/Secure-File-Manager/NONE_TRANSFORMED_;/Users/rar9993/repos/research/fdroid_apps/native_apps/Secure-File-Manager/NONE_TRANSFORMED_/app/src/main/res/values/colors.xml;file:/Users/rar9993/repos/research/fdroid_apps/native_apps/Secure-File-Manager/NONE_TRANSFORMED_/app/src/main/res/values/colors.xml|line:115
UnusedResources;Lint;/Users/rar9993/repos/research/fdroid_apps/native_apps/Secure-File-Manager/NONE_TRANSFORMED_;/Users/rar9993/repos/research/fdroid_apps/native_apps/Secure-File-Manager/NONE_TRANSFORMED_/app/src/main/res/values/colors.xml;file:/Users/rar9993/repos/research/fdroid_apps/native_apps/Secure-File-Manager/NONE_TRANSFORMED_/app/src/main/res/values/colors.xml|line:356
UnusedResources;Lint;/Users/rar9993/repos/research/fdroid_apps/native_apps/Secure-File-Manager/NONE_TRANSFORMED_;/Users/rar9993/repos/research/fdroid_apps/native_apps/Secure-File-Manager/NONE_TRANSFORMED_/app/src/main/res/values/colors.xml;file:/Users/rar9993/repos/research/fdroid_apps/native_apps/Secure-File-Manager/NONE_TRANSFORMED_/app/src/main/res/values/colors.xml|line:230
UnusedResources;Lint;/Users/rar9993/repos/research/fdroid_apps/native_apps/Secure-File-Manager/NONE_TRANSFORMED_;/Users/rar9993/repos/research/fdroid_apps/native_apps/Secure-File-Manager/NONE_TRANSFORMED_/app/src/main/res/values/colors.xml;file:/Users/rar9993/repos/research/fdroid_apps/native_apps/Secure-File-Manager/NONE_TRANSFORMED_/app/src/main/res/values/colors.xml|line:262
UnusedIds;Lint;/Users/rar9993/repos/research/fdroid_apps/native_apps/Secure-File-Manager/NONE_TRANSFORMED_;/Users/rar9993/repos/research/fdroid_apps/native_apps/Secure-File-Manager/NONE_TRANSFORMED_/app/src/main/res/layout/dialog_change_sorting.xml;file:/Users/rar9993/repos/research/fdroid_apps/native_apps/Secure-File-Manager/NONE_TRANSFORMED_/app/src/main/res/layout/dialog_change_sorting.xml|line:66
UnusedResources;Lint;/Users/rar9993/repos/research/fdroid_apps/native_apps/Secure-File-Manager/NONE_TRANSFORMED_;/Users/rar9993/repos/research/fdroid_apps/native_apps/Secure-File-Manager/NONE_TRANSFORMED_/app/src/main/res/values/colors.xml;file:/Users/rar9993/repos/research/fdroid_apps/native_apps/Secure-File-Manager/NONE_TRANSFORMED_/app/src/main/res/values/colors.xml|line:40
UnusedResources;Lint;/Users/rar9993/repos/research/fdroid_apps/native_apps/Secure-File-Manager/NONE_TRANSFORMED_;/Users/rar9993/repos/research/fdroid_apps/native_apps/Secure-File-Manager/NONE_TRANSFORMED_/app/src/main/res/values/colors.xml;file:/Users/rar9993/repos/research/fdroid_apps/native_apps/Secure-File-Manager/NONE_TRANSFORMED_/app/src/main/res/values/colors.xml|line:152
UnusedResources;Lint;/Users/rar9993/repos/research/fdroid_apps/native_apps/Secure-File-Manager/NONE_TRANSFORMED_;/Users/rar9993/repos/research/fdroid_apps/native_apps/Secure-File-Manager/NONE_TRANSFORMED_/app/src/main/res/values/colors.xml;file:/Users/rar9993/repos/research/fdroid_apps/native_apps/Secure-File-Manager/NONE_TRANSFORMED_/app/src/main/res/values/colors.xml|line:306
UnusedResources;Lint;/Users/rar9993/repos/research/fdroid_apps/native_apps/Secure-File-Manager/NONE_TRANSFORMED_;/Users/rar9993/repos/research/fdroid_apps/native_apps/Secure-File-Manager/NONE_TRANSFORMED_/app/src/main/res/values/dimens.xml;file:/Users/rar9993/repos/research/fdroid_apps/native_apps/Secure-File-Manager/NONE_TRANSFORMED_/app/src/main/res/values/dimens.xml|line:12
UnusedResources;Lint;/Users/rar9993/repos/research/fdroid_apps/native_apps/Secure-File-Manager/NONE_TRANSFORMED_;/Users/rar9993/repos/research/fdroid_apps/native_apps/Secure-File-Manager/NONE_TRANSFORMED_/app/src/main/res/values/colors.xml;file:/Users/rar9993/repos/research/fdroid_apps/native_apps/Secure-File-Manager/NONE_TRANSFORMED_/app/src/main/res/values/colors.xml|line:217
UnusedResources;Lint;/Users/rar9993/repos/research/fdroid_apps/native_apps/Secure-File-Manager/NONE_TRANSFORMED_;/Users/rar9993/repos/research/fdroid_apps/native_apps/Secure-File-Manager/NONE_TRANSFORMED_/app/src/main/res/values/colors.xml;file:/Users/rar9993/repos/research/fdroid_apps/native_apps/Secure-File-Manager/NONE_TRANSFORMED_/app/src/main/res/values/colors.xml|line:266
SyntheticAccessor;Lint;/Users/rar9993/repos/research/fdroid_apps/native_apps/Secure-File-Manager/NONE_TRANSFORMED_;/Users/rar9993/repos/research/fdroid_apps/native_apps/Secure-File-Manager/NONE_TRANSFORMED_/app/src/main/kotlin/com/securefilemanager/app/views/FastScroller.kt;file:/Users/rar9993/repos/research/fdroid_apps/native_apps/Secure-File-Manager/NONE_TRANSFORMED_/app/src/main/kotlin/com/securefilemanager/app/views/FastScroller.kt|line:92
SyntheticAccessor;Lint;/Users/rar9993/repos/research/fdroid_apps/native_apps/Secure-File-Manager/NONE_TRANSFORMED_;/Users/rar9993/repos/research/fdroid_apps/native_apps/Secure-File-Manager/NONE_TRANSFORMED_/app/src/main/kotlin/com/securefilemanager/app/activities/AuthenticationActivity.kt;file:/Users/rar9993/repos/research/fdroid_apps/native_apps/Secure-File-Manager/NONE_TRANSFORMED_/app/src/main/kotlin/com/securefilemanager/app/activities/AuthenticationActivity.kt|line:89
UnusedResources;Lint;/Users/rar9993/repos/research/fdroid_apps/native_apps/Secure-File-Manager/NONE_TRANSFORMED_;/Users/rar9993/repos/research/fdroid_apps/native_apps/Secure-File-Manager/NONE_TRANSFORMED_/app/src/main/res/values/colors.xml;file:/Users/rar9993/repos/research/fdroid_apps/native_apps/Secure-File-Manager/NONE_TRANSFORMED_/app/src/main/res/values/colors.xml|line:108
UnusedResources;Lint;/Users/rar9993/repos/research/fdroid_apps/native_apps/Secure-File-Manager/NONE_TRANSFORMED_;/Users/rar9993/repos/research/fdroid_apps/native_apps/Secure-File-Manager/NONE_TRANSFORMED_/app/src/main/res/values/colors.xml;file:/Users/rar9993/repos/research/fdroid_apps/native_apps/Secure-File-Manager/NONE_TRANSFORMED_/app/src/main/res/values/colors.xml|line:382
SyntheticAccessor;Lint;/Users/rar9993/repos/research/fdroid_apps/native_apps/Secure-File-Manager/NONE_TRANSFORMED_;/Users/rar9993/repos/research/fdroid_apps/native_apps/Secure-File-Manager/NONE_TRANSFORMED_/app/src/main/kotlin/com/securefilemanager/app/views/FastScroller.kt;file:/Users/rar9993/repos/research/fdroid_apps/native_apps/Secure-File-Manager/NONE_TRANSFORMED_/app/src/main/kotlin/com/securefilemanager/app/views/FastScroller.kt|line:97
UnusedResources;Lint;/Users/rar9993/repos/research/fdroid_apps/native_apps/Secure-File-Manager/NONE_TRANSFORMED_;/Users/rar9993/repos/research/fdroid_apps/native_apps/Secure-File-Manager/NONE_TRANSFORMED_/app/src/main/res/values/colors.xml;file:/Users/rar9993/repos/research/fdroid_apps/native_apps/Secure-File-Manager/NONE_TRANSFORMED_/app/src/main/res/values/colors.xml|line:329
UnusedResources;Lint;/Users/rar9993/repos/research/fdroid_apps/native_apps/Secure-File-Manager/NONE_TRANSFORMED_;/Users/rar9993/repos/research/fdroid_apps/native_apps/Secure-File-Manager/NONE_TRANSFORMED_/app/src/main/res/values/colors.xml;file:/Users/rar9993/repos/research/fdroid_apps/native_apps/Secure-File-Manager/NONE_TRANSFORMED_/app/src/main/res/values/colors.xml|line:128
UnusedResources;Lint;/Users/rar9993/repos/research/fdroid_apps/native_apps/Secure-File-Manager/NONE_TRANSFORMED_;/Users/rar9993/repos/research/fdroid_apps/native_apps/Secure-File-Manager/NONE_TRANSFORMED_/app/src/main/res/values/colors.xml;file:/Users/rar9993/repos/research/fdroid_apps/native_apps/Secure-File-Manager/NONE_TRANSFORMED_/app/src/main/res/values/colors.xml|line:198
UnusedResources;Lint;/Users/rar9993/repos/research/fdroid_apps/native_apps/Secure-File-Manager/NONE_TRANSFORMED_;/Users/rar9993/repos/research/fdroid_apps/native_apps/Secure-File-Manager/NONE_TRANSFORMED_/app/src/main/res/values/colors.xml;file:/Users/rar9993/repos/research/fdroid_apps/native_apps/Secure-File-Manager/NONE_TRANSFORMED_/app/src/main/res/values/colors.xml|line:16
UnusedResources;Lint;/Users/rar9993/repos/research/fdroid_apps/native_apps/Secure-File-Manager/NONE_TRANSFORMED_;/Users/rar9993/repos/research/fdroid_apps/native_apps/Secure-File-Manager/NONE_TRANSFORMED_/app/src/main/res/values/colors.xml;file:/Users/rar9993/repos/research/fdroid_apps/native_apps/Secure-File-Manager/NONE_TRANSFORMED_/app/src/main/res/values/colors.xml|line:47
UnusedIds;Lint;/Users/rar9993/repos/research/fdroid_apps/native_apps/Secure-File-Manager/NONE_TRANSFORMED_;/Users/rar9993/repos/research/fdroid_apps/native_apps/Secure-File-Manager/NONE_TRANSFORMED_/app/src/main/res/layout/dialog_create_new_folder.xml;file:/Users/rar9993/repos/research/fdroid_apps/native_apps/Secure-File-Manager/NONE_TRANSFORMED_/app/src/main/res/layout/dialog_create_new_folder.xml|line:12
UnusedIds;Lint;/Users/rar9993/repos/research/fdroid_apps/native_apps/Secure-File-Manager/NONE_TRANSFORMED_;/Users/rar9993/repos/research/fdroid_apps/native_apps/Secure-File-Manager/NONE_TRANSFORMED_/app/src/main/res/layout/dialog_file_conflict.xml;file:/Users/rar9993/repos/research/fdroid_apps/native_apps/Secure-File-Manager/NONE_TRANSFORMED_/app/src/main/res/layout/dialog_file_conflict.xml|line:23
UnusedIds;Lint;/Users/rar9993/repos/research/fdroid_apps/native_apps/Secure-File-Manager/NONE_TRANSFORMED_;/Users/rar9993/repos/research/fdroid_apps/native_apps/Secure-File-Manager/NONE_TRANSFORMED_/app/src/main/res/layout/fragment_about.xml;file:/Users/rar9993/repos/research/fdroid_apps/native_apps/Secure-File-Manager/NONE_TRANSFORMED_/app/src/main/res/layout/fragment_about.xml|line:60
UnusedResources;Lint;/Users/rar9993/repos/research/fdroid_apps/native_apps/Secure-File-Manager/NONE_TRANSFORMED_;/Users/rar9993/repos/research/fdroid_apps/native_apps/Secure-File-Manager/NONE_TRANSFORMED_/app/src/main/res/values/colors.xml;file:/Users/rar9993/repos/research/fdroid_apps/native_apps/Secure-File-Manager/NONE_TRANSFORMED_/app/src/main/res/values/colors.xml|line:77
UnusedResources;Lint;/Users/rar9993/repos/research/fdroid_apps/native_apps/Secure-File-Manager/NONE_TRANSFORMED_;/Users/rar9993/repos/research/fdroid_apps/native_apps/Secure-File-Manager/NONE_TRANSFORMED_/app/src/main/res/values/colors.xml;file:/Users/rar9993/repos/research/fdroid_apps/native_apps/Secure-File-Manager/NONE_TRANSFORMED_/app/src/main/res/values/colors.xml|line:96
UnusedResources;Lint;/Users/rar9993/repos/research/fdroid_apps/native_apps/Secure-File-Manager/NONE_TRANSFORMED_;/Users/rar9993/repos/research/fdroid_apps/native_apps/Secure-File-Manager/NONE_TRANSFORMED_/app/src/main/res/values/colors.xml;file:/Users/rar9993/repos/research/fdroid_apps/native_apps/Secure-File-Manager/NONE_TRANSFORMED_/app/src/main/res/values/colors.xml|line:402
UnusedResources;Lint;/Users/rar9993/repos/research/fdroid_apps/native_apps/Secure-File-Manager/NONE_TRANSFORMED_;/Users/rar9993/repos/research/fdroid_apps/native_apps/Secure-File-Manager/NONE_TRANSFORMED_/app/src/main/res/values/colors.xml;file:/Users/rar9993/repos/research/fdroid_apps/native_apps/Secure-File-Manager/NONE_TRANSFORMED_/app/src/main/res/values/colors.xml|line:351
UnusedResources;Lint;/Users/rar9993/repos/research/fdroid_apps/native_apps/Secure-File-Manager/NONE_TRANSFORMED_;/Users/rar9993/repos/research/fdroid_apps/native_apps/Secure-File-Manager/NONE_TRANSFORMED_/app/src/main/res/values/colors.xml;file:/Users/rar9993/repos/research/fdroid_apps/native_apps/Secure-File-Manager/NONE_TRANSFORMED_/app/src/main/res/values/colors.xml|line:197
UnusedResources;Lint;/Users/rar9993/repos/research/fdroid_apps/native_apps/Secure-File-Manager/NONE_TRANSFORMED_;/Users/rar9993/repos/research/fdroid_apps/native_apps/Secure-File-Manager/NONE_TRANSFORMED_/app/src/main/res/values/colors.xml;file:/Users/rar9993/repos/research/fdroid_apps/native_apps/Secure-File-Manager/NONE_TRANSFORMED_/app/src/main/res/values/colors.xml|line:394
UnusedResources;Lint;/Users/rar9993/repos/research/fdroid_apps/native_apps/Secure-File-Manager/NONE_TRANSFORMED_;/Users/rar9993/repos/research/fdroid_apps/native_apps/Secure-File-Manager/NONE_TRANSFORMED_/app/src/main/res/values/colors.xml;file:/Users/rar9993/repos/research/fdroid_apps/native_apps/Secure-File-Manager/NONE_TRANSFORMED_/app/src/main/res/values/colors.xml|line:314
UnusedIds;Lint;/Users/rar9993/repos/research/fdroid_apps/native_apps/Secure-File-Manager/NONE_TRANSFORMED_;/Users/rar9993/repos/research/fdroid_apps/native_apps/Secure-File-Manager/NONE_TRANSFORMED_/app/src/main/res/layout/dialog_change_sorting.xml;file:/Users/rar9993/repos/research/fdroid_apps/native_apps/Secure-File-Manager/NONE_TRANSFORMED_/app/src/main/res/layout/dialog_change_sorting.xml|line:3
UnusedResources;Lint;/Users/rar9993/repos/research/fdroid_apps/native_apps/Secure-File-Manager/NONE_TRANSFORMED_;/Users/rar9993/repos/research/fdroid_apps/native_apps/Secure-File-Manager/NONE_TRANSFORMED_/app/src/main/res/values/colors.xml;file:/Users/rar9993/repos/research/fdroid_apps/native_apps/Secure-File-Manager/NONE_TRANSFORMED_/app/src/main/res/values/colors.xml|line:161
UnusedResources;Lint;/Users/rar9993/repos/research/fdroid_apps/native_apps/Secure-File-Manager/NONE_TRANSFORMED_;/Users/rar9993/repos/research/fdroid_apps/native_apps/Secure-File-Manager/NONE_TRANSFORMED_/app/src/main/res/values/colors.xml;file:/Users/rar9993/repos/research/fdroid_apps/native_apps/Secure-File-Manager/NONE_TRANSFORMED_/app/src/main/res/values/colors.xml|line:332
UnusedResources;Lint;/Users/rar9993/repos/research/fdroid_apps/native_apps/Secure-File-Manager/NONE_TRANSFORMED_;/Users/rar9993/repos/research/fdroid_apps/native_apps/Secure-File-Manager/NONE_TRANSFORMED_/app/src/main/res/values/donottranslate.xml;file:/Users/rar9993/repos/research/fdroid_apps/native_apps/Secure-File-Manager/NONE_TRANSFORMED_/app/src/main/res/values/donottranslate.xml|line:6
UnusedResources;Lint;/Users/rar9993/repos/research/fdroid_apps/native_apps/Secure-File-Manager/NONE_TRANSFORMED_;/Users/rar9993/repos/research/fdroid_apps/native_apps/Secure-File-Manager/NONE_TRANSFORMED_/app/src/main/res/values/colors.xml;file:/Users/rar9993/repos/research/fdroid_apps/native_apps/Secure-File-Manager/NONE_TRANSFORMED_/app/src/main/res/values/colors.xml|line:121
UnusedIds;Lint;/Users/rar9993/repos/research/fdroid_apps/native_apps/Secure-File-Manager/NONE_TRANSFORMED_;/Users/rar9993/repos/research/fdroid_apps/native_apps/Secure-File-Manager/NONE_TRANSFORMED_/app/src/main/res/layout/actionbar_title.xml;file:/Users/rar9993/repos/research/fdroid_apps/native_apps/Secure-File-Manager/NONE_TRANSFORMED_/app/src/main/res/layout/actionbar_title.xml|line:3
UnusedIds;Lint;/Users/rar9993/repos/research/fdroid_apps/native_apps/Secure-File-Manager/NONE_TRANSFORMED_;/Users/rar9993/repos/research/fdroid_apps/native_apps/Secure-File-Manager/NONE_TRANSFORMED_/app/src/main/res/layout/dialog_filepicker.xml;file:/Users/rar9993/repos/research/fdroid_apps/native_apps/Secure-File-Manager/NONE_TRANSFORMED_/app/src/main/res/layout/dialog_filepicker.xml|line:9
UnusedIds;Lint;/Users/rar9993/repos/research/fdroid_apps/native_apps/Secure-File-Manager/NONE_TRANSFORMED_;/Users/rar9993/repos/research/fdroid_apps/native_apps/Secure-File-Manager/NONE_TRANSFORMED_/app/src/main/res/layout/dialog_properties.xml;file:/Users/rar9993/repos/research/fdroid_apps/native_apps/Secure-File-Manager/NONE_TRANSFORMED_/app/src/main/res/layout/dialog_properties.xml|line:8
StaticFieldLeak;Lint;/Users/rar9993/repos/research/fdroid_apps/native_apps/Secure-File-Manager/NONE_TRANSFORMED_;/Users/rar9993/repos/research/fdroid_apps/native_apps/Secure-File-Manager/NONE_TRANSFORMED_/app/src/main/kotlin/com/securefilemanager/app/helpers/Config.kt;file:/Users/rar9993/repos/research/fdroid_apps/native_apps/Secure-File-Manager/NONE_TRANSFORMED_/app/src/main/kotlin/com/securefilemanager/app/helpers/Config.kt|line:18
UnusedResources;Lint;/Users/rar9993/repos/research/fdroid_apps/native_apps/Secure-File-Manager/NONE_TRANSFORMED_;/Users/rar9993/repos/research/fdroid_apps/native_apps/Secure-File-Manager/NONE_TRANSFORMED_/app/src/main/res/values/colors.xml;file:/Users/rar9993/repos/research/fdroid_apps/native_apps/Secure-File-Manager/NONE_TRANSFORMED_/app/src/main/res/values/colors.xml|line:82
UnusedResources;Lint;/Users/rar9993/repos/research/fdroid_apps/native_apps/Secure-File-Manager/NONE_TRANSFORMED_;/Users/rar9993/repos/research/fdroid_apps/native_apps/Secure-File-Manager/NONE_TRANSFORMED_/app/src/main/res/values/colors.xml;file:/Users/rar9993/repos/research/fdroid_apps/native_apps/Secure-File-Manager/NONE_TRANSFORMED_/app/src/main/res/values/colors.xml|line:174
UnusedResources;Lint;/Users/rar9993/repos/research/fdroid_apps/native_apps/Secure-File-Manager/NONE_TRANSFORMED_;/Users/rar9993/repos/research/fdroid_apps/native_apps/Secure-File-Manager/NONE_TRANSFORMED_/app/src/main/res/values/colors.xml;file:/Users/rar9993/repos/research/fdroid_apps/native_apps/Secure-File-Manager/NONE_TRANSFORMED_/app/src/main/res/values/colors.xml|line:297
UnusedResources;Lint;/Users/rar9993/repos/research/fdroid_apps/native_apps/Secure-File-Manager/NONE_TRANSFORMED_;/Users/rar9993/repos/research/fdroid_apps/native_apps/Secure-File-Manager/NONE_TRANSFORMED_/app/src/main/res/values/colors.xml;file:/Users/rar9993/repos/research/fdroid_apps/native_apps/Secure-File-Manager/NONE_TRANSFORMED_/app/src/main/res/values/colors.xml|line:331
UnusedResources;Lint;/Users/rar9993/repos/research/fdroid_apps/native_apps/Secure-File-Manager/NONE_TRANSFORMED_;/Users/rar9993/repos/research/fdroid_apps/native_apps/Secure-File-Manager/NONE_TRANSFORMED_/app/src/main/res/values/colors.xml;file:/Users/rar9993/repos/research/fdroid_apps/native_apps/Secure-File-Manager/NONE_TRANSFORMED_/app/src/main/res/values/colors.xml|line:305
UnusedIds;Lint;/Users/rar9993/repos/research/fdroid_apps/native_apps/Secure-File-Manager/NONE_TRANSFORMED_;/Users/rar9993/repos/research/fdroid_apps/native_apps/Secure-File-Manager/NONE_TRANSFORMED_/app/src/main/res/layout/fragment_about.xml;file:/Users/rar9993/repos/research/fdroid_apps/native_apps/Secure-File-Manager/NONE_TRANSFORMED_/app/src/main/res/layout/fragment_about.xml|line:183
UnusedResources;Lint;/Users/rar9993/repos/research/fdroid_apps/native_apps/Secure-File-Manager/NONE_TRANSFORMED_;/Users/rar9993/repos/research/fdroid_apps/native_apps/Secure-File-Manager/NONE_TRANSFORMED_/app/src/main/res/values/colors.xml;file:/Users/rar9993/repos/research/fdroid_apps/native_apps/Secure-File-Manager/NONE_TRANSFORMED_/app/src/main/res/values/colors.xml|line:224
UnusedResources;Lint;/Users/rar9993/repos/research/fdroid_apps/native_apps/Secure-File-Manager/NONE_TRANSFORMED_;/Users/rar9993/repos/research/fdroid_apps/native_apps/Secure-File-Manager/NONE_TRANSFORMED_/app/src/main/res/values/colors.xml;file:/Users/rar9993/repos/research/fdroid_apps/native_apps/Secure-File-Manager/NONE_TRANSFORMED_/app/src/main/res/values/colors.xml|line:330
UnusedResources;Lint;/Users/rar9993/repos/research/fdroid_apps/native_apps/Secure-File-Manager/NONE_TRANSFORMED_;/Users/rar9993/repos/research/fdroid_apps/native_apps/Secure-File-Manager/NONE_TRANSFORMED_/app/src/main/res/values/colors.xml;file:/Users/rar9993/repos/research/fdroid_apps/native_apps/Secure-File-Manager/NONE_TRANSFORMED_/app/src/main/res/values/colors.xml|line:298
UnusedResources;Lint;/Users/rar9993/repos/research/fdroid_apps/native_apps/Secure-File-Manager/NONE_TRANSFORMED_;/Users/rar9993/repos/research/fdroid_apps/native_apps/Secure-File-Manager/NONE_TRANSFORMED_/app/src/main/res/values/dimens.xml;file:/Users/rar9993/repos/research/fdroid_apps/native_apps/Secure-File-Manager/NONE_TRANSFORMED_/app/src/main/res/values/dimens.xml|line:4
UnusedResources;Lint;/Users/rar9993/repos/research/fdroid_apps/native_apps/Secure-File-Manager/NONE_TRANSFORMED_;/Users/rar9993/repos/research/fdroid_apps/native_apps/Secure-File-Manager/NONE_TRANSFORMED_/app/src/main/res/values/colors.xml;file:/Users/rar9993/repos/research/fdroid_apps/native_apps/Secure-File-Manager/NONE_TRANSFORMED_/app/src/main/res/values/colors.xml|line:354
UnusedResources;Lint;/Users/rar9993/repos/research/fdroid_apps/native_apps/Secure-File-Manager/NONE_TRANSFORMED_;/Users/rar9993/repos/research/fdroid_apps/native_apps/Secure-File-Manager/NONE_TRANSFORMED_/app/src/main/res/values/colors.xml;file:/Users/rar9993/repos/research/fdroid_apps/native_apps/Secure-File-Manager/NONE_TRANSFORMED_/app/src/main/res/values/colors.xml|line:322
UnusedIds;Lint;/Users/rar9993/repos/research/fdroid_apps/native_apps/Secure-File-Manager/NONE_TRANSFORMED_;/Users/rar9993/repos/research/fdroid_apps/native_apps/Secure-File-Manager/NONE_TRANSFORMED_/app/src/main/res/layout/dialog_write_permission.xml;file:/Users/rar9993/repos/research/fdroid_apps/native_apps/Secure-File-Manager/NONE_TRANSFORMED_/app/src/main/res/layout/dialog_write_permission.xml|line:30
Overdraw;Lint;/Users/rar9993/repos/research/fdroid_apps/native_apps/Secure-File-Manager/NONE_TRANSFORMED_;/Users/rar9993/repos/research/fdroid_apps/native_apps/Secure-File-Manager/NONE_TRANSFORMED_/app/src/main/res/layout/divider.xml;file:/Users/rar9993/repos/research/fdroid_apps/native_apps/Secure-File-Manager/NONE_TRANSFORMED_/app/src/main/res/layout/divider.xml|line:5
UnusedResources;Lint;/Users/rar9993/repos/research/fdroid_apps/native_apps/Secure-File-Manager/NONE_TRANSFORMED_;/Users/rar9993/repos/research/fdroid_apps/native_apps/Secure-File-Manager/NONE_TRANSFORMED_/app/src/main/res/values/colors.xml;file:/Users/rar9993/repos/research/fdroid_apps/native_apps/Secure-File-Manager/NONE_TRANSFORMED_/app/src/main/res/values/colors.xml|line:144
UnusedResources;Lint;/Users/rar9993/repos/research/fdroid_apps/native_apps/Secure-File-Manager/NONE_TRANSFORMED_;/Users/rar9993/repos/research/fdroid_apps/native_apps/Secure-File-Manager/NONE_TRANSFORMED_/app/src/main/res/values/colors.xml;file:/Users/rar9993/repos/research/fdroid_apps/native_apps/Secure-File-Manager/NONE_TRANSFORMED_/app/src/main/res/values/colors.xml|line:291
UnusedResources;Lint;/Users/rar9993/repos/research/fdroid_apps/native_apps/Secure-File-Manager/NONE_TRANSFORMED_;/Users/rar9993/repos/research/fdroid_apps/native_apps/Secure-File-Manager/NONE_TRANSFORMED_/app/src/main/res/values/colors.xml;file:/Users/rar9993/repos/research/fdroid_apps/native_apps/Secure-File-Manager/NONE_TRANSFORMED_/app/src/main/res/values/colors.xml|line:347
Overdraw;Lint;/Users/rar9993/repos/research/fdroid_apps/native_apps/Secure-File-Manager/NONE_TRANSFORMED_;/Users/rar9993/repos/research/fdroid_apps/native_apps/Secure-File-Manager/NONE_TRANSFORMED_/app/src/main/res/layout/item_manage_favorite.xml;file:/Users/rar9993/repos/research/fdroid_apps/native_apps/Secure-File-Manager/NONE_TRANSFORMED_/app/src/main/res/layout/item_manage_favorite.xml|line:6
UnusedResources;Lint;/Users/rar9993/repos/research/fdroid_apps/native_apps/Secure-File-Manager/NONE_TRANSFORMED_;/Users/rar9993/repos/research/fdroid_apps/native_apps/Secure-File-Manager/NONE_TRANSFORMED_/app/src/main/res/values/colors.xml;file:/Users/rar9993/repos/research/fdroid_apps/native_apps/Secure-File-Manager/NONE_TRANSFORMED_/app/src/main/res/values/colors.xml|line:180
UnusedResources;Lint;/Users/rar9993/repos/research/fdroid_apps/native_apps/Secure-File-Manager/NONE_TRANSFORMED_;/Users/rar9993/repos/research/fdroid_apps/native_apps/Secure-File-Manager/NONE_TRANSFORMED_/app/src/main/res/values/colors.xml;file:/Users/rar9993/repos/research/fdroid_apps/native_apps/Secure-File-Manager/NONE_TRANSFORMED_/app/src/main/res/values/colors.xml|line:48
UnusedResources;Lint;/Users/rar9993/repos/research/fdroid_apps/native_apps/Secure-File-Manager/NONE_TRANSFORMED_;/Users/rar9993/repos/research/fdroid_apps/native_apps/Secure-File-Manager/NONE_TRANSFORMED_/app/src/main/res/values/colors.xml;file:/Users/rar9993/repos/research/fdroid_apps/native_apps/Secure-File-Manager/NONE_TRANSFORMED_/app/src/main/res/values/colors.xml|line:288
UnusedResources;Lint;/Users/rar9993/repos/research/fdroid_apps/native_apps/Secure-File-Manager/NONE_TRANSFORMED_;/Users/rar9993/repos/research/fdroid_apps/native_apps/Secure-File-Manager/NONE_TRANSFORMED_/app/src/main/res/values/colors.xml;file:/Users/rar9993/repos/research/fdroid_apps/native_apps/Secure-File-Manager/NONE_TRANSFORMED_/app/src/main/res/values/colors.xml|line:405
UnusedIds;Lint;/Users/rar9993/repos/research/fdroid_apps/native_apps/Secure-File-Manager/NONE_TRANSFORMED_;/Users/rar9993/repos/research/fdroid_apps/native_apps/Secure-File-Manager/NONE_TRANSFORMED_/app/src/main/res/layout/property_item.xml;file:/Users/rar9993/repos/research/fdroid_apps/native_apps/Secure-File-Manager/NONE_TRANSFORMED_/app/src/main/res/layout/property_item.xml|line:3
UnusedIds;Lint;/Users/rar9993/repos/research/fdroid_apps/native_apps/Secure-File-Manager/NONE_TRANSFORMED_;/Users/rar9993/repos/research/fdroid_apps/native_apps/Secure-File-Manager/NONE_TRANSFORMED_/app/src/main/res/layout/dialog_filepicker.xml;file:/Users/rar9993/repos/research/fdroid_apps/native_apps/Secure-File-Manager/NONE_TRANSFORMED_/app/src/main/res/layout/dialog_filepicker.xml|line:105
UnusedIds;Lint;/Users/rar9993/repos/research/fdroid_apps/native_apps/Secure-File-Manager/NONE_TRANSFORMED_;/Users/rar9993/repos/research/fdroid_apps/native_apps/Secure-File-Manager/NONE_TRANSFORMED_/app/src/main/res/layout/fragment_about.xml;file:/Users/rar9993/repos/research/fdroid_apps/native_apps/Secure-File-Manager/NONE_TRANSFORMED_/app/src/main/res/layout/fragment_about.xml|line:70
UnusedResources;Lint;/Users/rar9993/repos/research/fdroid_apps/native_apps/Secure-File-Manager/NONE_TRANSFORMED_;/Users/rar9993/repos/research/fdroid_apps/native_apps/Secure-File-Manager/NONE_TRANSFORMED_/app/src/main/res/values/colors.xml;file:/Users/rar9993/repos/research/fdroid_apps/native_apps/Secure-File-Manager/NONE_TRANSFORMED_/app/src/main/res/values/colors.xml|line:190
UnusedResources;Lint;/Users/rar9993/repos/research/fdroid_apps/native_apps/Secure-File-Manager/NONE_TRANSFORMED_;/Users/rar9993/repos/research/fdroid_apps/native_apps/Secure-File-Manager/NONE_TRANSFORMED_/app/src/main/res/values/colors.xml;file:/Users/rar9993/repos/research/fdroid_apps/native_apps/Secure-File-Manager/NONE_TRANSFORMED_/app/src/main/res/values/colors.xml|line:399
UnusedResources;Lint;/Users/rar9993/repos/research/fdroid_apps/native_apps/Secure-File-Manager/NONE_TRANSFORMED_;/Users/rar9993/repos/research/fdroid_apps/native_apps/Secure-File-Manager/NONE_TRANSFORMED_/app/src/main/res/values/colors.xml;file:/Users/rar9993/repos/research/fdroid_apps/native_apps/Secure-File-Manager/NONE_TRANSFORMED_/app/src/main/res/values/colors.xml|line:86
UnusedResources;Lint;/Users/rar9993/repos/research/fdroid_apps/native_apps/Secure-File-Manager/NONE_TRANSFORMED_;/Users/rar9993/repos/research/fdroid_apps/native_apps/Secure-File-Manager/NONE_TRANSFORMED_/app/src/main/res/values/colors.xml;file:/Users/rar9993/repos/research/fdroid_apps/native_apps/Secure-File-Manager/NONE_TRANSFORMED_/app/src/main/res/values/colors.xml|line:171
UnusedResources;Lint;/Users/rar9993/repos/research/fdroid_apps/native_apps/Secure-File-Manager/NONE_TRANSFORMED_;/Users/rar9993/repos/research/fdroid_apps/native_apps/Secure-File-Manager/NONE_TRANSFORMED_/app/src/main/res/values/colors.xml;file:/Users/rar9993/repos/research/fdroid_apps/native_apps/Secure-File-Manager/NONE_TRANSFORMED_/app/src/main/res/values/colors.xml|line:207
UnusedResources;Lint;/Users/rar9993/repos/research/fdroid_apps/native_apps/Secure-File-Manager/NONE_TRANSFORMED_;/Users/rar9993/repos/research/fdroid_apps/native_apps/Secure-File-Manager/NONE_TRANSFORMED_/app/src/main/res/values/colors.xml;file:/Users/rar9993/repos/research/fdroid_apps/native_apps/Secure-File-Manager/NONE_TRANSFORMED_/app/src/main/res/values/colors.xml|line:231
UnusedResources;Lint;/Users/rar9993/repos/research/fdroid_apps/native_apps/Secure-File-Manager/NONE_TRANSFORMED_;/Users/rar9993/repos/research/fdroid_apps/native_apps/Secure-File-Manager/NONE_TRANSFORMED_/app/src/main/res/values/colors.xml;file:/Users/rar9993/repos/research/fdroid_apps/native_apps/Secure-File-Manager/NONE_TRANSFORMED_/app/src/main/res/values/colors.xml|line:309
UnusedResources;Lint;/Users/rar9993/repos/research/fdroid_apps/native_apps/Secure-File-Manager/NONE_TRANSFORMED_;/Users/rar9993/repos/research/fdroid_apps/native_apps/Secure-File-Manager/NONE_TRANSFORMED_/app/src/main/res/values/colors.xml;file:/Users/rar9993/repos/research/fdroid_apps/native_apps/Secure-File-Manager/NONE_TRANSFORMED_/app/src/main/res/values/colors.xml|line:411
UnusedResources;Lint;/Users/rar9993/repos/research/fdroid_apps/native_apps/Secure-File-Manager/NONE_TRANSFORMED_;/Users/rar9993/repos/research/fdroid_apps/native_apps/Secure-File-Manager/NONE_TRANSFORMED_/app/src/main/res/values/colors.xml;file:/Users/rar9993/repos/research/fdroid_apps/native_apps/Secure-File-Manager/NONE_TRANSFORMED_/app/src/main/res/values/colors.xml|line:57
UnusedIds;Lint;/Users/rar9993/repos/research/fdroid_apps/native_apps/Secure-File-Manager/NONE_TRANSFORMED_;/Users/rar9993/repos/research/fdroid_apps/native_apps/Secure-File-Manager/NONE_TRANSFORMED_/app/src/main/res/layout/dialog_radio_group.xml;file:/Users/rar9993/repos/research/fdroid_apps/native_apps/Secure-File-Manager/NONE_TRANSFORMED_/app/src/main/res/layout/dialog_radio_group.xml|line:3
UnusedResources;Lint;/Users/rar9993/repos/research/fdroid_apps/native_apps/Secure-File-Manager/NONE_TRANSFORMED_;/Users/rar9993/repos/research/fdroid_apps/native_apps/Secure-File-Manager/NONE_TRANSFORMED_/app/src/main/res/values/colors.xml;file:/Users/rar9993/repos/research/fdroid_apps/native_apps/Secure-File-Manager/NONE_TRANSFORMED_/app/src/main/res/values/colors.xml|line:235
UnusedResources;Lint;/Users/rar9993/repos/research/fdroid_apps/native_apps/Secure-File-Manager/NONE_TRANSFORMED_;/Users/rar9993/repos/research/fdroid_apps/native_apps/Secure-File-Manager/NONE_TRANSFORMED_/app/src/main/res/values/colors.xml;file:/Users/rar9993/repos/research/fdroid_apps/native_apps/Secure-File-Manager/NONE_TRANSFORMED_/app/src/main/res/values/colors.xml|line:170
StaticFieldLeak;Lint;/Users/rar9993/repos/research/fdroid_apps/native_apps/Secure-File-Manager/NONE_TRANSFORMED_;/Users/rar9993/repos/research/fdroid_apps/native_apps/Secure-File-Manager/NONE_TRANSFORMED_/app/src/main/kotlin/com/securefilemanager/app/asynctasks/CopyMoveTask.kt;file:/Users/rar9993/repos/research/fdroid_apps/native_apps/Secure-File-Manager/NONE_TRANSFORMED_/app/src/main/kotlin/com/securefilemanager/app/asynctasks/CopyMoveTask.kt|line:26
UnusedIds;Lint;/Users/rar9993/repos/research/fdroid_apps/native_apps/Secure-File-Manager/NONE_TRANSFORMED_;/Users/rar9993/repos/research/fdroid_apps/native_apps/Secure-File-Manager/NONE_TRANSFORMED_/app/src/main/res/layout/dialog_rename_items.xml;file:/Users/rar9993/repos/research/fdroid_apps/native_apps/Secure-File-Manager/NONE_TRANSFORMED_/app/src/main/res/layout/dialog_rename_items.xml|line:19
UnusedResources;Lint;/Users/rar9993/repos/research/fdroid_apps/native_apps/Secure-File-Manager/NONE_TRANSFORMED_;/Users/rar9993/repos/research/fdroid_apps/native_apps/Secure-File-Manager/NONE_TRANSFORMED_/app/src/main/res/values/colors.xml;file:/Users/rar9993/repos/research/fdroid_apps/native_apps/Secure-File-Manager/NONE_TRANSFORMED_/app/src/main/res/values/colors.xml|line:179
UnusedIds;Lint;/Users/rar9993/repos/research/fdroid_apps/native_apps/Secure-File-Manager/NONE_TRANSFORMED_;/Users/rar9993/repos/research/fdroid_apps/native_apps/Secure-File-Manager/NONE_TRANSFORMED_/app/src/main/res/layout/dialog_create_new.xml;file:/Users/rar9993/repos/research/fdroid_apps/native_apps/Secure-File-Manager/NONE_TRANSFORMED_/app/src/main/res/layout/dialog_create_new.xml|line:35
UnusedResources;Lint;/Users/rar9993/repos/research/fdroid_apps/native_apps/Secure-File-Manager/NONE_TRANSFORMED_;/Users/rar9993/repos/research/fdroid_apps/native_apps/Secure-File-Manager/NONE_TRANSFORMED_/app/src/main/res/values/colors.xml;file:/Users/rar9993/repos/research/fdroid_apps/native_apps/Secure-File-Manager/NONE_TRANSFORMED_/app/src/main/res/values/colors.xml|line:385
UnusedResources;Lint;/Users/rar9993/repos/research/fdroid_apps/native_apps/Secure-File-Manager/NONE_TRANSFORMED_;/Users/rar9993/repos/research/fdroid_apps/native_apps/Secure-File-Manager/NONE_TRANSFORMED_/app/src/main/res/values/colors.xml;file:/Users/rar9993/repos/research/fdroid_apps/native_apps/Secure-File-Manager/NONE_TRANSFORMED_/app/src/main/res/values/colors.xml|line:310
UnusedResources;Lint;/Users/rar9993/repos/research/fdroid_apps/native_apps/Secure-File-Manager/NONE_TRANSFORMED_;/Users/rar9993/repos/research/fdroid_apps/native_apps/Secure-File-Manager/NONE_TRANSFORMED_/app/src/main/res/values/strings.xml;file:/Users/rar9993/repos/research/fdroid_apps/native_apps/Secure-File-Manager/NONE_TRANSFORMED_/app/src/main/res/values/strings.xml|line:43
UnusedResources;Lint;/Users/rar9993/repos/research/fdroid_apps/native_apps/Secure-File-Manager/NONE_TRANSFORMED_;/Users/rar9993/repos/research/fdroid_apps/native_apps/Secure-File-Manager/NONE_TRANSFORMED_/app/src/main/res/values/colors.xml;file:/Users/rar9993/repos/research/fdroid_apps/native_apps/Secure-File-Manager/NONE_TRANSFORMED_/app/src/main/res/values/colors.xml|line:185
UnusedIds;Lint;/Users/rar9993/repos/research/fdroid_apps/native_apps/Secure-File-Manager/NONE_TRANSFORMED_;/Users/rar9993/repos/research/fdroid_apps/native_apps/Secure-File-Manager/NONE_TRANSFORMED_/app/src/main/res/layout/dialog_filepicker.xml;file:/Users/rar9993/repos/research/fdroid_apps/native_apps/Secure-File-Manager/NONE_TRANSFORMED_/app/src/main/res/layout/dialog_filepicker.xml|line:79
UnusedResources;Lint;/Users/rar9993/repos/research/fdroid_apps/native_apps/Secure-File-Manager/NONE_TRANSFORMED_;/Users/rar9993/repos/research/fdroid_apps/native_apps/Secure-File-Manager/NONE_TRANSFORMED_/app/src/main/res/values/colors.xml;file:/Users/rar9993/repos/research/fdroid_apps/native_apps/Secure-File-Manager/NONE_TRANSFORMED_/app/src/main/res/values/colors.xml|line:218
UnusedIds;Lint;/Users/rar9993/repos/research/fdroid_apps/native_apps/Secure-File-Manager/NONE_TRANSFORMED_;/Users/rar9993/repos/research/fdroid_apps/native_apps/Secure-File-Manager/NONE_TRANSFORMED_/app/src/main/res/layout/dialog_rename_items.xml;file:/Users/rar9993/repos/research/fdroid_apps/native_apps/Secure-File-Manager/NONE_TRANSFORMED_/app/src/main/res/layout/dialog_rename_items.xml|line:3
UnusedResources;Lint;/Users/rar9993/repos/research/fdroid_apps/native_apps/Secure-File-Manager/NONE_TRANSFORMED_;/Users/rar9993/repos/research/fdroid_apps/native_apps/Secure-File-Manager/NONE_TRANSFORMED_/app/src/main/res/values/colors.xml;file:/Users/rar9993/repos/research/fdroid_apps/native_apps/Secure-File-Manager/NONE_TRANSFORMED_/app/src/main/res/values/colors.xml|line:335
UnusedResources;Lint;/Users/rar9993/repos/research/fdroid_apps/native_apps/Secure-File-Manager/NONE_TRANSFORMED_;/Users/rar9993/repos/research/fdroid_apps/native_apps/Secure-File-Manager/NONE_TRANSFORMED_/app/src/main/res/values/colors.xml;file:/Users/rar9993/repos/research/fdroid_apps/native_apps/Secure-File-Manager/NONE_TRANSFORMED_/app/src/main/res/values/colors.xml|line:225
UnusedResources;Lint;/Users/rar9993/repos/research/fdroid_apps/native_apps/Secure-File-Manager/NONE_TRANSFORMED_;/Users/rar9993/repos/research/fdroid_apps/native_apps/Secure-File-Manager/NONE_TRANSFORMED_/app/src/main/res/values/colors.xml;file:/Users/rar9993/repos/research/fdroid_apps/native_apps/Secure-File-Manager/NONE_TRANSFORMED_/app/src/main/res/values/colors.xml|line:388
SyntheticAccessor;Lint;/Users/rar9993/repos/research/fdroid_apps/native_apps/Secure-File-Manager/NONE_TRANSFORMED_;/Users/rar9993/repos/research/fdroid_apps/native_apps/Secure-File-Manager/NONE_TRANSFORMED_/app/src/main/kotlin/com/securefilemanager/app/adapters/RecyclerViewAdapter.kt;file:/Users/rar9993/repos/research/fdroid_apps/native_apps/Secure-File-Manager/NONE_TRANSFORMED_/app/src/main/kotlin/com/securefilemanager/app/adapters/RecyclerViewAdapter.kt|line:104
UnusedIds;Lint;/Users/rar9993/repos/research/fdroid_apps/native_apps/Secure-File-Manager/NONE_TRANSFORMED_;/Users/rar9993/repos/research/fdroid_apps/native_apps/Secure-File-Manager/NONE_TRANSFORMED_/app/src/main/res/layout/fragment_about.xml;file:/Users/rar9993/repos/research/fdroid_apps/native_apps/Secure-File-Manager/NONE_TRANSFORMED_/app/src/main/res/layout/fragment_about.xml|line:112
UnusedResources;Lint;/Users/rar9993/repos/research/fdroid_apps/native_apps/Secure-File-Manager/NONE_TRANSFORMED_;/Users/rar9993/repos/research/fdroid_apps/native_apps/Secure-File-Manager/NONE_TRANSFORMED_/app/src/main/res/values/colors.xml;file:/Users/rar9993/repos/research/fdroid_apps/native_apps/Secure-File-Manager/NONE_TRANSFORMED_/app/src/main/res/values/colors.xml|line:377
UnusedResources;Lint;/Users/rar9993/repos/research/fdroid_apps/native_apps/Secure-File-Manager/NONE_TRANSFORMED_;/Users/rar9993/repos/research/fdroid_apps/native_apps/Secure-File-Manager/NONE_TRANSFORMED_/app/src/main/res/values/colors.xml;file:/Users/rar9993/repos/research/fdroid_apps/native_apps/Secure-File-Manager/NONE_TRANSFORMED_/app/src/main/res/values/colors.xml|line:23
UnusedResources;Lint;/Users/rar9993/repos/research/fdroid_apps/native_apps/Secure-File-Manager/NONE_TRANSFORMED_;/Users/rar9993/repos/research/fdroid_apps/native_apps/Secure-File-Manager/NONE_TRANSFORMED_/app/src/main/res/values/colors.xml;file:/Users/rar9993/repos/research/fdroid_apps/native_apps/Secure-File-Manager/NONE_TRANSFORMED_/app/src/main/res/values/colors.xml|line:397
UnusedResources;Lint;/Users/rar9993/repos/research/fdroid_apps/native_apps/Secure-File-Manager/NONE_TRANSFORMED_;/Users/rar9993/repos/research/fdroid_apps/native_apps/Secure-File-Manager/NONE_TRANSFORMED_/app/src/main/res/values/colors.xml;file:/Users/rar9993/repos/research/fdroid_apps/native_apps/Secure-File-Manager/NONE_TRANSFORMED_/app/src/main/res/values/colors.xml|line:150
UnusedResources;Lint;/Users/rar9993/repos/research/fdroid_apps/native_apps/Secure-File-Manager/NONE_TRANSFORMED_;/Users/rar9993/repos/research/fdroid_apps/native_apps/Secure-File-Manager/NONE_TRANSFORMED_/app/src/main/res/values/colors.xml;file:/Users/rar9993/repos/research/fdroid_apps/native_apps/Secure-File-Manager/NONE_TRANSFORMED_/app/src/main/res/values/colors.xml|line:362
UnusedResources;Lint;/Users/rar9993/repos/research/fdroid_apps/native_apps/Secure-File-Manager/NONE_TRANSFORMED_;/Users/rar9993/repos/research/fdroid_apps/native_apps/Secure-File-Manager/NONE_TRANSFORMED_/app/src/main/res/values/colors.xml;file:/Users/rar9993/repos/research/fdroid_apps/native_apps/Secure-File-Manager/NONE_TRANSFORMED_/app/src/main/res/values/colors.xml|line:375
UnusedResources;Lint;/Users/rar9993/repos/research/fdroid_apps/native_apps/Secure-File-Manager/NONE_TRANSFORMED_;/Users/rar9993/repos/research/fdroid_apps/native_apps/Secure-File-Manager/NONE_TRANSFORMED_/app/src/main/res/values/colors.xml;file:/Users/rar9993/repos/research/fdroid_apps/native_apps/Secure-File-Manager/NONE_TRANSFORMED_/app/src/main/res/values/colors.xml|line:22
UnusedResources;Lint;/Users/rar9993/repos/research/fdroid_apps/native_apps/Secure-File-Manager/NONE_TRANSFORMED_;/Users/rar9993/repos/research/fdroid_apps/native_apps/Secure-File-Manager/NONE_TRANSFORMED_/app/src/main/res/values/colors.xml;file:/Users/rar9993/repos/research/fdroid_apps/native_apps/Secure-File-Manager/NONE_TRANSFORMED_/app/src/main/res/values/colors.xml|line:79
UnusedIds;Lint;/Users/rar9993/repos/research/fdroid_apps/native_apps/Secure-File-Manager/NONE_TRANSFORMED_;/Users/rar9993/repos/research/fdroid_apps/native_apps/Secure-File-Manager/NONE_TRANSFORMED_/app/src/main/res/layout/dialog_write_permission.xml;file:/Users/rar9993/repos/research/fdroid_apps/native_apps/Secure-File-Manager/NONE_TRANSFORMED_/app/src/main/res/layout/dialog_write_permission.xml|line:22
UnusedResources;Lint;/Users/rar9993/repos/research/fdroid_apps/native_apps/Secure-File-Manager/NONE_TRANSFORMED_;/Users/rar9993/repos/research/fdroid_apps/native_apps/Secure-File-Manager/NONE_TRANSFORMED_/app/src/main/res/values/colors.xml;file:/Users/rar9993/repos/research/fdroid_apps/native_apps/Secure-File-Manager/NONE_TRANSFORMED_/app/src/main/res/values/colors.xml|line:340
UnusedResources;Lint;/Users/rar9993/repos/research/fdroid_apps/native_apps/Secure-File-Manager/NONE_TRANSFORMED_;/Users/rar9993/repos/research/fdroid_apps/native_apps/Secure-File-Manager/NONE_TRANSFORMED_/app/src/main/res/values/colors.xml;file:/Users/rar9993/repos/research/fdroid_apps/native_apps/Secure-File-Manager/NONE_TRANSFORMED_/app/src/main/res/values/colors.xml|line:245
UnusedResources;Lint;/Users/rar9993/repos/research/fdroid_apps/native_apps/Secure-File-Manager/NONE_TRANSFORMED_;/Users/rar9993/repos/research/fdroid_apps/native_apps/Secure-File-Manager/NONE_TRANSFORMED_/app/src/main/res/values/colors.xml;file:/Users/rar9993/repos/research/fdroid_apps/native_apps/Secure-File-Manager/NONE_TRANSFORMED_/app/src/main/res/values/colors.xml|line:294
UnusedResources;Lint;/Users/rar9993/repos/research/fdroid_apps/native_apps/Secure-File-Manager/NONE_TRANSFORMED_;/Users/rar9993/repos/research/fdroid_apps/native_apps/Secure-File-Manager/NONE_TRANSFORMED_/app/src/main/res/values/colors.xml;file:/Users/rar9993/repos/research/fdroid_apps/native_apps/Secure-File-Manager/NONE_TRANSFORMED_/app/src/main/res/values/colors.xml|line:379
UnusedResources;Lint;/Users/rar9993/repos/research/fdroid_apps/native_apps/Secure-File-Manager/NONE_TRANSFORMED_;/Users/rar9993/repos/research/fdroid_apps/native_apps/Secure-File-Manager/NONE_TRANSFORMED_/app/src/main/res/values/colors.xml;file:/Users/rar9993/repos/research/fdroid_apps/native_apps/Secure-File-Manager/NONE_TRANSFORMED_/app/src/main/res/values/colors.xml|line:24
UnusedResources;Lint;/Users/rar9993/repos/research/fdroid_apps/native_apps/Secure-File-Manager/NONE_TRANSFORMED_;/Users/rar9993/repos/research/fdroid_apps/native_apps/Secure-File-Manager/NONE_TRANSFORMED_/app/src/main/res/values/colors.xml;file:/Users/rar9993/repos/research/fdroid_apps/native_apps/Secure-File-Manager/NONE_TRANSFORMED_/app/src/main/res/values/colors.xml|line:175
UnusedResources;Lint;/Users/rar9993/repos/research/fdroid_apps/native_apps/Secure-File-Manager/NONE_TRANSFORMED_;/Users/rar9993/repos/research/fdroid_apps/native_apps/Secure-File-Manager/NONE_TRANSFORMED_/app/src/main/res/values/colors.xml;file:/Users/rar9993/repos/research/fdroid_apps/native_apps/Secure-File-Manager/NONE_TRANSFORMED_/app/src/main/res/values/colors.xml|line:196
UnusedResources;Lint;/Users/rar9993/repos/research/fdroid_apps/native_apps/Secure-File-Manager/NONE_TRANSFORMED_;/Users/rar9993/repos/research/fdroid_apps/native_apps/Secure-File-Manager/NONE_TRANSFORMED_/app/src/main/res/values/colors.xml;file:/Users/rar9993/repos/research/fdroid_apps/native_apps/Secure-File-Manager/NONE_TRANSFORMED_/app/src/main/res/values/colors.xml|line:145
UnusedResources;Lint;/Users/rar9993/repos/research/fdroid_apps/native_apps/Secure-File-Manager/NONE_TRANSFORMED_;/Users/rar9993/repos/research/fdroid_apps/native_apps/Secure-File-Manager/NONE_TRANSFORMED_/app/src/main/res/values/colors.xml;file:/Users/rar9993/repos/research/fdroid_apps/native_apps/Secure-File-Manager/NONE_TRANSFORMED_/app/src/main/res/values/colors.xml|line:59
UnusedResources;Lint;/Users/rar9993/repos/research/fdroid_apps/native_apps/Secure-File-Manager/NONE_TRANSFORMED_;/Users/rar9993/repos/research/fdroid_apps/native_apps/Secure-File-Manager/NONE_TRANSFORMED_/app/src/main/res/values/colors.xml;file:/Users/rar9993/repos/research/fdroid_apps/native_apps/Secure-File-Manager/NONE_TRANSFORMED_/app/src/main/res/values/colors.xml|line:267
UnusedResources;Lint;/Users/rar9993/repos/research/fdroid_apps/native_apps/Secure-File-Manager/NONE_TRANSFORMED_;/Users/rar9993/repos/research/fdroid_apps/native_apps/Secure-File-Manager/NONE_TRANSFORMED_/app/src/main/res/values/colors.xml;file:/Users/rar9993/repos/research/fdroid_apps/native_apps/Secure-File-Manager/NONE_TRANSFORMED_/app/src/main/res/values/colors.xml|line:361
UnusedResources;Lint;/Users/rar9993/repos/research/fdroid_apps/native_apps/Secure-File-Manager/NONE_TRANSFORMED_;/Users/rar9993/repos/research/fdroid_apps/native_apps/Secure-File-Manager/NONE_TRANSFORMED_/app/src/main/res/values/colors.xml;file:/Users/rar9993/repos/research/fdroid_apps/native_apps/Secure-File-Manager/NONE_TRANSFORMED_/app/src/main/res/values/colors.xml|line:61
UnusedResources;Lint;/Users/rar9993/repos/research/fdroid_apps/native_apps/Secure-File-Manager/NONE_TRANSFORMED_;/Users/rar9993/repos/research/fdroid_apps/native_apps/Secure-File-Manager/NONE_TRANSFORMED_/app/src/main/res/values/colors.xml;file:/Users/rar9993/repos/research/fdroid_apps/native_apps/Secure-File-Manager/NONE_TRANSFORMED_/app/src/main/res/values/colors.xml|line:289
UnusedResources;Lint;/Users/rar9993/repos/research/fdroid_apps/native_apps/Secure-File-Manager/NONE_TRANSFORMED_;/Users/rar9993/repos/research/fdroid_apps/native_apps/Secure-File-Manager/NONE_TRANSFORMED_/app/src/main/res/values/colors.xml;file:/Users/rar9993/repos/research/fdroid_apps/native_apps/Secure-File-Manager/NONE_TRANSFORMED_/app/src/main/res/values/colors.xml|line:365
UnusedIds;Lint;/Users/rar9993/repos/research/fdroid_apps/native_apps/Secure-File-Manager/NONE_TRANSFORMED_;/Users/rar9993/repos/research/fdroid_apps/native_apps/Secure-File-Manager/NONE_TRANSFORMED_/app/src/main/res/layout/fragment_intro_encrypting.xml;file:/Users/rar9993/repos/research/fdroid_apps/native_apps/Secure-File-Manager/NONE_TRANSFORMED_/app/src/main/res/layout/fragment_intro_encrypting.xml|line:72
UnusedResources;Lint;/Users/rar9993/repos/research/fdroid_apps/native_apps/Secure-File-Manager/NONE_TRANSFORMED_;/Users/rar9993/repos/research/fdroid_apps/native_apps/Secure-File-Manager/NONE_TRANSFORMED_/app/src/main/res/values/colors.xml;file:/Users/rar9993/repos/research/fdroid_apps/native_apps/Secure-File-Manager/NONE_TRANSFORMED_/app/src/main/res/values/colors.xml|line:228
UnusedResources;Lint;/Users/rar9993/repos/research/fdroid_apps/native_apps/Secure-File-Manager/NONE_TRANSFORMED_;/Users/rar9993/repos/research/fdroid_apps/native_apps/Secure-File-Manager/NONE_TRANSFORMED_/app/src/main/res/values/colors.xml;file:/Users/rar9993/repos/research/fdroid_apps/native_apps/Secure-File-Manager/NONE_TRANSFORMED_/app/src/main/res/values/colors.xml|line:138
UnusedResources;Lint;/Users/rar9993/repos/research/fdroid_apps/native_apps/Secure-File-Manager/NONE_TRANSFORMED_;/Users/rar9993/repos/research/fdroid_apps/native_apps/Secure-File-Manager/NONE_TRANSFORMED_/app/src/main/res/values/colors.xml;file:/Users/rar9993/repos/research/fdroid_apps/native_apps/Secure-File-Manager/NONE_TRANSFORMED_/app/src/main/res/values/colors.xml|line:184
UnusedIds;Lint;/Users/rar9993/repos/research/fdroid_apps/native_apps/Secure-File-Manager/NONE_TRANSFORMED_;/Users/rar9993/repos/research/fdroid_apps/native_apps/Secure-File-Manager/NONE_TRANSFORMED_/app/src/main/res/layout/dialog_change_sorting.xml;file:/Users/rar9993/repos/research/fdroid_apps/native_apps/Secure-File-Manager/NONE_TRANSFORMED_/app/src/main/res/layout/dialog_change_sorting.xml|line:83
UnusedResources;Lint;/Users/rar9993/repos/research/fdroid_apps/native_apps/Secure-File-Manager/NONE_TRANSFORMED_;/Users/rar9993/repos/research/fdroid_apps/native_apps/Secure-File-Manager/NONE_TRANSFORMED_/app/src/main/res/values/colors.xml;file:/Users/rar9993/repos/research/fdroid_apps/native_apps/Secure-File-Manager/NONE_TRANSFORMED_/app/src/main/res/values/colors.xml|line:167
UnusedResources;Lint;/Users/rar9993/repos/research/fdroid_apps/native_apps/Secure-File-Manager/NONE_TRANSFORMED_;/Users/rar9993/repos/research/fdroid_apps/native_apps/Secure-File-Manager/NONE_TRANSFORMED_/app/src/main/res/values/colors.xml;file:/Users/rar9993/repos/research/fdroid_apps/native_apps/Secure-File-Manager/NONE_TRANSFORMED_/app/src/main/res/values/colors.xml|line:80
UnusedResources;Lint;/Users/rar9993/repos/research/fdroid_apps/native_apps/Secure-File-Manager/NONE_TRANSFORMED_;/Users/rar9993/repos/research/fdroid_apps/native_apps/Secure-File-Manager/NONE_TRANSFORMED_/app/src/main/res/values/colors.xml;file:/Users/rar9993/repos/research/fdroid_apps/native_apps/Secure-File-Manager/NONE_TRANSFORMED_/app/src/main/res/values/colors.xml|line:254
UnusedResources;Lint;/Users/rar9993/repos/research/fdroid_apps/native_apps/Secure-File-Manager/NONE_TRANSFORMED_;/Users/rar9993/repos/research/fdroid_apps/native_apps/Secure-File-Manager/NONE_TRANSFORMED_/app/src/main/res/values/colors.xml;file:/Users/rar9993/repos/research/fdroid_apps/native_apps/Secure-File-Manager/NONE_TRANSFORMED_/app/src/main/res/values/colors.xml|line:412
UnusedResources;Lint;/Users/rar9993/repos/research/fdroid_apps/native_apps/Secure-File-Manager/NONE_TRANSFORMED_;/Users/rar9993/repos/research/fdroid_apps/native_apps/Secure-File-Manager/NONE_TRANSFORMED_/app/src/main/res/values/colors.xml;file:/Users/rar9993/repos/research/fdroid_apps/native_apps/Secure-File-Manager/NONE_TRANSFORMED_/app/src/main/res/values/colors.xml|line:252
UnusedResources;Lint;/Users/rar9993/repos/research/fdroid_apps/native_apps/Secure-File-Manager/NONE_TRANSFORMED_;/Users/rar9993/repos/research/fdroid_apps/native_apps/Secure-File-Manager/NONE_TRANSFORMED_/app/src/main/res/values/colors.xml;file:/Users/rar9993/repos/research/fdroid_apps/native_apps/Secure-File-Manager/NONE_TRANSFORMED_/app/src/main/res/values/colors.xml|line:376
UnusedResources;Lint;/Users/rar9993/repos/research/fdroid_apps/native_apps/Secure-File-Manager/NONE_TRANSFORMED_;/Users/rar9993/repos/research/fdroid_apps/native_apps/Secure-File-Manager/NONE_TRANSFORMED_/app/src/main/res/values/colors.xml;file:/Users/rar9993/repos/research/fdroid_apps/native_apps/Secure-File-Manager/NONE_TRANSFORMED_/app/src/main/res/values/colors.xml|line:248
UnusedResources;Lint;/Users/rar9993/repos/research/fdroid_apps/native_apps/Secure-File-Manager/NONE_TRANSFORMED_;/Users/rar9993/repos/research/fdroid_apps/native_apps/Secure-File-Manager/NONE_TRANSFORMED_/app/src/main/res/values/colors.xml;file:/Users/rar9993/repos/research/fdroid_apps/native_apps/Secure-File-Manager/NONE_TRANSFORMED_/app/src/main/res/values/colors.xml|line:229
UnusedResources;Lint;/Users/rar9993/repos/research/fdroid_apps/native_apps/Secure-File-Manager/NONE_TRANSFORMED_;/Users/rar9993/repos/research/fdroid_apps/native_apps/Secure-File-Manager/NONE_TRANSFORMED_/app/src/main/res/values/colors.xml;file:/Users/rar9993/repos/research/fdroid_apps/native_apps/Secure-File-Manager/NONE_TRANSFORMED_/app/src/main/res/values/colors.xml|line:344
UnusedResources;Lint;/Users/rar9993/repos/research/fdroid_apps/native_apps/Secure-File-Manager/NONE_TRANSFORMED_;/Users/rar9993/repos/research/fdroid_apps/native_apps/Secure-File-Manager/NONE_TRANSFORMED_/app/src/main/res/values/colors.xml;file:/Users/rar9993/repos/research/fdroid_apps/native_apps/Secure-File-Manager/NONE_TRANSFORMED_/app/src/main/res/values/colors.xml|line:257
UnusedResources;Lint;/Users/rar9993/repos/research/fdroid_apps/native_apps/Secure-File-Manager/NONE_TRANSFORMED_;/Users/rar9993/repos/research/fdroid_apps/native_apps/Secure-File-Manager/NONE_TRANSFORMED_/app/src/main/res/values/strings.xml;file:/Users/rar9993/repos/research/fdroid_apps/native_apps/Secure-File-Manager/NONE_TRANSFORMED_/app/src/main/res/values/strings.xml|line:299
UnusedResources;Lint;/Users/rar9993/repos/research/fdroid_apps/native_apps/Secure-File-Manager/NONE_TRANSFORMED_;/Users/rar9993/repos/research/fdroid_apps/native_apps/Secure-File-Manager/NONE_TRANSFORMED_/app/src/main/res/values/colors.xml;file:/Users/rar9993/repos/research/fdroid_apps/native_apps/Secure-File-Manager/NONE_TRANSFORMED_/app/src/main/res/values/colors.xml|line:85
Overdraw;Lint;/Users/rar9993/repos/research/fdroid_apps/native_apps/Secure-File-Manager/NONE_TRANSFORMED_;/Users/rar9993/repos/research/fdroid_apps/native_apps/Secure-File-Manager/NONE_TRANSFORMED_/app/src/main/res/layout/item_section.xml;file:/Users/rar9993/repos/research/fdroid_apps/native_apps/Secure-File-Manager/NONE_TRANSFORMED_/app/src/main/res/layout/item_section.xml|line:7
UnusedResources;Lint;/Users/rar9993/repos/research/fdroid_apps/native_apps/Secure-File-Manager/NONE_TRANSFORMED_;/Users/rar9993/repos/research/fdroid_apps/native_apps/Secure-File-Manager/NONE_TRANSFORMED_/app/src/main/res/values/colors.xml;file:/Users/rar9993/repos/research/fdroid_apps/native_apps/Secure-File-Manager/NONE_TRANSFORMED_/app/src/main/res/values/colors.xml|line:199
UnusedResources;Lint;/Users/rar9993/repos/research/fdroid_apps/native_apps/Secure-File-Manager/NONE_TRANSFORMED_;/Users/rar9993/repos/research/fdroid_apps/native_apps/Secure-File-Manager/NONE_TRANSFORMED_/app/src/main/res/values/colors.xml;file:/Users/rar9993/repos/research/fdroid_apps/native_apps/Secure-File-Manager/NONE_TRANSFORMED_/app/src/main/res/values/colors.xml|line:216
UnusedResources;Lint;/Users/rar9993/repos/research/fdroid_apps/native_apps/Secure-File-Manager/NONE_TRANSFORMED_;/Users/rar9993/repos/research/fdroid_apps/native_apps/Secure-File-Manager/NONE_TRANSFORMED_/app/src/main/res/values/colors.xml;file:/Users/rar9993/repos/research/fdroid_apps/native_apps/Secure-File-Manager/NONE_TRANSFORMED_/app/src/main/res/values/colors.xml|line:380
UnusedResources;Lint;/Users/rar9993/repos/research/fdroid_apps/native_apps/Secure-File-Manager/NONE_TRANSFORMED_;/Users/rar9993/repos/research/fdroid_apps/native_apps/Secure-File-Manager/NONE_TRANSFORMED_/app/src/main/res/values/colors.xml;file:/Users/rar9993/repos/research/fdroid_apps/native_apps/Secure-File-Manager/NONE_TRANSFORMED_/app/src/main/res/values/colors.xml|line:49
UnusedResources;Lint;/Users/rar9993/repos/research/fdroid_apps/native_apps/Secure-File-Manager/NONE_TRANSFORMED_;/Users/rar9993/repos/research/fdroid_apps/native_apps/Secure-File-Manager/NONE_TRANSFORMED_/app/src/main/res/values/colors.xml;file:/Users/rar9993/repos/research/fdroid_apps/native_apps/Secure-File-Manager/NONE_TRANSFORMED_/app/src/main/res/values/colors.xml|line:337
UnusedResources;Lint;/Users/rar9993/repos/research/fdroid_apps/native_apps/Secure-File-Manager/NONE_TRANSFORMED_;/Users/rar9993/repos/research/fdroid_apps/native_apps/Secure-File-Manager/NONE_TRANSFORMED_/app/src/main/res/values/colors.xml;file:/Users/rar9993/repos/research/fdroid_apps/native_apps/Secure-File-Manager/NONE_TRANSFORMED_/app/src/main/res/values/colors.xml|line:166
UnusedResources;Lint;/Users/rar9993/repos/research/fdroid_apps/native_apps/Secure-File-Manager/NONE_TRANSFORMED_;/Users/rar9993/repos/research/fdroid_apps/native_apps/Secure-File-Manager/NONE_TRANSFORMED_/app/src/main/res/values/colors.xml;file:/Users/rar9993/repos/research/fdroid_apps/native_apps/Secure-File-Manager/NONE_TRANSFORMED_/app/src/main/res/values/colors.xml|line:349
UnusedResources;Lint;/Users/rar9993/repos/research/fdroid_apps/native_apps/Secure-File-Manager/NONE_TRANSFORMED_;/Users/rar9993/repos/research/fdroid_apps/native_apps/Secure-File-Manager/NONE_TRANSFORMED_/app/src/main/res/values/colors.xml;file:/Users/rar9993/repos/research/fdroid_apps/native_apps/Secure-File-Manager/NONE_TRANSFORMED_/app/src/main/res/values/colors.xml|line:154
UnusedResources;Lint;/Users/rar9993/repos/research/fdroid_apps/native_apps/Secure-File-Manager/NONE_TRANSFORMED_;/Users/rar9993/repos/research/fdroid_apps/native_apps/Secure-File-Manager/NONE_TRANSFORMED_/app/src/main/res/values/colors.xml;file:/Users/rar9993/repos/research/fdroid_apps/native_apps/Secure-File-Manager/NONE_TRANSFORMED_/app/src/main/res/values/colors.xml|line:226
UnusedResources;Lint;/Users/rar9993/repos/research/fdroid_apps/native_apps/Secure-File-Manager/NONE_TRANSFORMED_;/Users/rar9993/repos/research/fdroid_apps/native_apps/Secure-File-Manager/NONE_TRANSFORMED_/app/src/main/res/values/colors.xml;file:/Users/rar9993/repos/research/fdroid_apps/native_apps/Secure-File-Manager/NONE_TRANSFORMED_/app/src/main/res/values/colors.xml|line:237
UnusedResources;Lint;/Users/rar9993/repos/research/fdroid_apps/native_apps/Secure-File-Manager/NONE_TRANSFORMED_;/Users/rar9993/repos/research/fdroid_apps/native_apps/Secure-File-Manager/NONE_TRANSFORMED_/app/src/main/res/values/colors.xml;file:/Users/rar9993/repos/research/fdroid_apps/native_apps/Secure-File-Manager/NONE_TRANSFORMED_/app/src/main/res/values/colors.xml|line:239
UnusedResources;Lint;/Users/rar9993/repos/research/fdroid_apps/native_apps/Secure-File-Manager/NONE_TRANSFORMED_;/Users/rar9993/repos/research/fdroid_apps/native_apps/Secure-File-Manager/NONE_TRANSFORMED_/app/src/main/res/values/colors.xml;file:/Users/rar9993/repos/research/fdroid_apps/native_apps/Secure-File-Manager/NONE_TRANSFORMED_/app/src/main/res/values/colors.xml|line:371
UnusedResources;Lint;/Users/rar9993/repos/research/fdroid_apps/native_apps/Secure-File-Manager/NONE_TRANSFORMED_;/Users/rar9993/repos/research/fdroid_apps/native_apps/Secure-File-Manager/NONE_TRANSFORMED_/app/src/main/res/values/strings.xml;file:/Users/rar9993/repos/research/fdroid_apps/native_apps/Secure-File-Manager/NONE_TRANSFORMED_/app/src/main/res/values/strings.xml|line:297
UnusedResources;Lint;/Users/rar9993/repos/research/fdroid_apps/native_apps/Secure-File-Manager/NONE_TRANSFORMED_;/Users/rar9993/repos/research/fdroid_apps/native_apps/Secure-File-Manager/NONE_TRANSFORMED_/app/src/main/res/values/colors.xml;file:/Users/rar9993/repos/research/fdroid_apps/native_apps/Secure-File-Manager/NONE_TRANSFORMED_/app/src/main/res/values/colors.xml|line:214
UnusedResources;Lint;/Users/rar9993/repos/research/fdroid_apps/native_apps/Secure-File-Manager/NONE_TRANSFORMED_;/Users/rar9993/repos/research/fdroid_apps/native_apps/Secure-File-Manager/NONE_TRANSFORMED_/app/src/main/res/values/colors.xml;file:/Users/rar9993/repos/research/fdroid_apps/native_apps/Secure-File-Manager/NONE_TRANSFORMED_/app/src/main/res/values/colors.xml|line:42
UnusedResources;Lint;/Users/rar9993/repos/research/fdroid_apps/native_apps/Secure-File-Manager/NONE_TRANSFORMED_;/Users/rar9993/repos/research/fdroid_apps/native_apps/Secure-File-Manager/NONE_TRANSFORMED_/app/src/main/res/values/colors.xml;file:/Users/rar9993/repos/research/fdroid_apps/native_apps/Secure-File-Manager/NONE_TRANSFORMED_/app/src/main/res/values/colors.xml|line:220
UnusedResources;Lint;/Users/rar9993/repos/research/fdroid_apps/native_apps/Secure-File-Manager/NONE_TRANSFORMED_;/Users/rar9993/repos/research/fdroid_apps/native_apps/Secure-File-Manager/NONE_TRANSFORMED_/app/src/main/res/values/strings.xml;file:/Users/rar9993/repos/research/fdroid_apps/native_apps/Secure-File-Manager/NONE_TRANSFORMED_/app/src/main/res/values/strings.xml|line:126
UnusedIds;Lint;/Users/rar9993/repos/research/fdroid_apps/native_apps/Secure-File-Manager/NONE_TRANSFORMED_;/Users/rar9993/repos/research/fdroid_apps/native_apps/Secure-File-Manager/NONE_TRANSFORMED_/app/src/main/res/layout/dialog_filepicker.xml;file:/Users/rar9993/repos/research/fdroid_apps/native_apps/Secure-File-Manager/NONE_TRANSFORMED_/app/src/main/res/layout/dialog_filepicker.xml|line:67
UnusedResources;Lint;/Users/rar9993/repos/research/fdroid_apps/native_apps/Secure-File-Manager/NONE_TRANSFORMED_;/Users/rar9993/repos/research/fdroid_apps/native_apps/Secure-File-Manager/NONE_TRANSFORMED_/app/src/main/res/values/strings.xml;file:/Users/rar9993/repos/research/fdroid_apps/native_apps/Secure-File-Manager/NONE_TRANSFORMED_/app/src/main/res/values/strings.xml|line:160
UnusedResources;Lint;/Users/rar9993/repos/research/fdroid_apps/native_apps/Secure-File-Manager/NONE_TRANSFORMED_;/Users/rar9993/repos/research/fdroid_apps/native_apps/Secure-File-Manager/NONE_TRANSFORMED_/app/src/main/res/values/colors.xml;file:/Users/rar9993/repos/research/fdroid_apps/native_apps/Secure-File-Manager/NONE_TRANSFORMED_/app/src/main/res/values/colors.xml|line:84
UnusedResources;Lint;/Users/rar9993/repos/research/fdroid_apps/native_apps/Secure-File-Manager/NONE_TRANSFORMED_;/Users/rar9993/repos/research/fdroid_apps/native_apps/Secure-File-Manager/NONE_TRANSFORMED_/app/src/main/res/values/colors.xml;file:/Users/rar9993/repos/research/fdroid_apps/native_apps/Secure-File-Manager/NONE_TRANSFORMED_/app/src/main/res/values/colors.xml|line:34
UnusedResources;Lint;/Users/rar9993/repos/research/fdroid_apps/native_apps/Secure-File-Manager/NONE_TRANSFORMED_;/Users/rar9993/repos/research/fdroid_apps/native_apps/Secure-File-Manager/NONE_TRANSFORMED_/app/src/main/res/values/colors.xml;file:/Users/rar9993/repos/research/fdroid_apps/native_apps/Secure-File-Manager/NONE_TRANSFORMED_/app/src/main/res/values/colors.xml|line:238
UnusedIds;Lint;/Users/rar9993/repos/research/fdroid_apps/native_apps/Secure-File-Manager/NONE_TRANSFORMED_;/Users/rar9993/repos/research/fdroid_apps/native_apps/Secure-File-Manager/NONE_TRANSFORMED_/app/src/main/res/layout/fragment_about.xml;file:/Users/rar9993/repos/research/fdroid_apps/native_apps/Secure-File-Manager/NONE_TRANSFORMED_/app/src/main/res/layout/fragment_about.xml|line:4
UnusedIds;Lint;/Users/rar9993/repos/research/fdroid_apps/native_apps/Secure-File-Manager/NONE_TRANSFORMED_;/Users/rar9993/repos/research/fdroid_apps/native_apps/Secure-File-Manager/NONE_TRANSFORMED_/app/src/main/res/layout/filepicker_list_item.xml;file:/Users/rar9993/repos/research/fdroid_apps/native_apps/Secure-File-Manager/NONE_TRANSFORMED_/app/src/main/res/layout/filepicker_list_item.xml|line:24
UnusedResources;Lint;/Users/rar9993/repos/research/fdroid_apps/native_apps/Secure-File-Manager/NONE_TRANSFORMED_;/Users/rar9993/repos/research/fdroid_apps/native_apps/Secure-File-Manager/NONE_TRANSFORMED_/app/src/main/res/values/colors.xml;file:/Users/rar9993/repos/research/fdroid_apps/native_apps/Secure-File-Manager/NONE_TRANSFORMED_/app/src/main/res/values/colors.xml|line:258
UnusedIds;Lint;/Users/rar9993/repos/research/fdroid_apps/native_apps/Secure-File-Manager/NONE_TRANSFORMED_;/Users/rar9993/repos/research/fdroid_apps/native_apps/Secure-File-Manager/NONE_TRANSFORMED_/app/src/main/res/layout/dialog_beta_warning.xml;file:/Users/rar9993/repos/research/fdroid_apps/native_apps/Secure-File-Manager/NONE_TRANSFORMED_/app/src/main/res/layout/dialog_beta_warning.xml|line:3
UnusedResources;Lint;/Users/rar9993/repos/research/fdroid_apps/native_apps/Secure-File-Manager/NONE_TRANSFORMED_;/Users/rar9993/repos/research/fdroid_apps/native_apps/Secure-File-Manager/NONE_TRANSFORMED_/app/src/main/res/values/colors.xml;file:/Users/rar9993/repos/research/fdroid_apps/native_apps/Secure-File-Manager/NONE_TRANSFORMED_/app/src/main/res/values/colors.xml|line:208
Overdraw;Lint;/Users/rar9993/repos/research/fdroid_apps/native_apps/Secure-File-Manager/NONE_TRANSFORMED_;/Users/rar9993/repos/research/fdroid_apps/native_apps/Secure-File-Manager/NONE_TRANSFORMED_/app/src/main/res/layout/filepicker_favorite.xml;file:/Users/rar9993/repos/research/fdroid_apps/native_apps/Secure-File-Manager/NONE_TRANSFORMED_/app/src/main/res/layout/filepicker_favorite.xml|line:7
UnusedResources;Lint;/Users/rar9993/repos/research/fdroid_apps/native_apps/Secure-File-Manager/NONE_TRANSFORMED_;/Users/rar9993/repos/research/fdroid_apps/native_apps/Secure-File-Manager/NONE_TRANSFORMED_/app/src/main/res/values/colors.xml;file:/Users/rar9993/repos/research/fdroid_apps/native_apps/Secure-File-Manager/NONE_TRANSFORMED_/app/src/main/res/values/colors.xml|line:327
UnusedResources;Lint;/Users/rar9993/repos/research/fdroid_apps/native_apps/Secure-File-Manager/NONE_TRANSFORMED_;/Users/rar9993/repos/research/fdroid_apps/native_apps/Secure-File-Manager/NONE_TRANSFORMED_/app/src/main/res/values/colors.xml;file:/Users/rar9993/repos/research/fdroid_apps/native_apps/Secure-File-Manager/NONE_TRANSFORMED_/app/src/main/res/values/colors.xml|line:200
UnusedResources;Lint;/Users/rar9993/repos/research/fdroid_apps/native_apps/Secure-File-Manager/NONE_TRANSFORMED_;/Users/rar9993/repos/research/fdroid_apps/native_apps/Secure-File-Manager/NONE_TRANSFORMED_/app/src/main/res/values/colors.xml;file:/Users/rar9993/repos/research/fdroid_apps/native_apps/Secure-File-Manager/NONE_TRANSFORMED_/app/src/main/res/values/colors.xml|line:122
UnusedResources;Lint;/Users/rar9993/repos/research/fdroid_apps/native_apps/Secure-File-Manager/NONE_TRANSFORMED_;/Users/rar9993/repos/research/fdroid_apps/native_apps/Secure-File-Manager/NONE_TRANSFORMED_/app/src/main/res/values/strings.xml;file:/Users/rar9993/repos/research/fdroid_apps/native_apps/Secure-File-Manager/NONE_TRANSFORMED_/app/src/main/res/values/strings.xml|line:141
UnusedResources;Lint;/Users/rar9993/repos/research/fdroid_apps/native_apps/Secure-File-Manager/NONE_TRANSFORMED_;/Users/rar9993/repos/research/fdroid_apps/native_apps/Secure-File-Manager/NONE_TRANSFORMED_/app/src/main/res/values/colors.xml;file:/Users/rar9993/repos/research/fdroid_apps/native_apps/Secure-File-Manager/NONE_TRANSFORMED_/app/src/main/res/values/colors.xml|line:221
UnusedResources;Lint;/Users/rar9993/repos/research/fdroid_apps/native_apps/Secure-File-Manager/NONE_TRANSFORMED_;/Users/rar9993/repos/research/fdroid_apps/native_apps/Secure-File-Manager/NONE_TRANSFORMED_/app/src/main/res/values/colors.xml;file:/Users/rar9993/repos/research/fdroid_apps/native_apps/Secure-File-Manager/NONE_TRANSFORMED_/app/src/main/res/values/colors.xml|line:341
UnusedResources;Lint;/Users/rar9993/repos/research/fdroid_apps/native_apps/Secure-File-Manager/NONE_TRANSFORMED_;/Users/rar9993/repos/research/fdroid_apps/native_apps/Secure-File-Manager/NONE_TRANSFORMED_/app/src/main/res/values/colors.xml;file:/Users/rar9993/repos/research/fdroid_apps/native_apps/Secure-File-Manager/NONE_TRANSFORMED_/app/src/main/res/values/colors.xml|line:99
UnusedResources;Lint;/Users/rar9993/repos/research/fdroid_apps/native_apps/Secure-File-Manager/NONE_TRANSFORMED_;/Users/rar9993/repos/research/fdroid_apps/native_apps/Secure-File-Manager/NONE_TRANSFORMED_/app/src/main/res/values/colors.xml;file:/Users/rar9993/repos/research/fdroid_apps/native_apps/Secure-File-Manager/NONE_TRANSFORMED_/app/src/main/res/values/colors.xml|line:304
UnusedResources;Lint;/Users/rar9993/repos/research/fdroid_apps/native_apps/Secure-File-Manager/NONE_TRANSFORMED_;/Users/rar9993/repos/research/fdroid_apps/native_apps/Secure-File-Manager/NONE_TRANSFORMED_/app/src/main/res/values/colors.xml;file:/Users/rar9993/repos/research/fdroid_apps/native_apps/Secure-File-Manager/NONE_TRANSFORMED_/app/src/main/res/values/colors.xml|line:162
UnusedResources;Lint;/Users/rar9993/repos/research/fdroid_apps/native_apps/Secure-File-Manager/NONE_TRANSFORMED_;/Users/rar9993/repos/research/fdroid_apps/native_apps/Secure-File-Manager/NONE_TRANSFORMED_/app/src/main/res/values/colors.xml;file:/Users/rar9993/repos/research/fdroid_apps/native_apps/Secure-File-Manager/NONE_TRANSFORMED_/app/src/main/res/values/colors.xml|line:120
UnusedResources;Lint;/Users/rar9993/repos/research/fdroid_apps/native_apps/Secure-File-Manager/NONE_TRANSFORMED_;/Users/rar9993/repos/research/fdroid_apps/native_apps/Secure-File-Manager/NONE_TRANSFORMED_/app/src/main/res/values/colors.xml;file:/Users/rar9993/repos/research/fdroid_apps/native_apps/Secure-File-Manager/NONE_TRANSFORMED_/app/src/main/res/values/colors.xml|line:142
UnusedResources;Lint;/Users/rar9993/repos/research/fdroid_apps/native_apps/Secure-File-Manager/NONE_TRANSFORMED_;/Users/rar9993/repos/research/fdroid_apps/native_apps/Secure-File-Manager/NONE_TRANSFORMED_/app/src/main/res/drawable/ic_file_vector.xml;file:/Users/rar9993/repos/research/fdroid_apps/native_apps/Secure-File-Manager/NONE_TRANSFORMED_/app/src/main/res/drawable/ic_file_vector.xml|line:1
UnusedResources;Lint;/Users/rar9993/repos/research/fdroid_apps/native_apps/Secure-File-Manager/NONE_TRANSFORMED_;/Users/rar9993/repos/research/fdroid_apps/native_apps/Secure-File-Manager/NONE_TRANSFORMED_/app/src/main/res/values/colors.xml;file:/Users/rar9993/repos/research/fdroid_apps/native_apps/Secure-File-Manager/NONE_TRANSFORMED_/app/src/main/res/values/colors.xml|line:62
UnusedResources;Lint;/Users/rar9993/repos/research/fdroid_apps/native_apps/Secure-File-Manager/NONE_TRANSFORMED_;/Users/rar9993/repos/research/fdroid_apps/native_apps/Secure-File-Manager/NONE_TRANSFORMED_/app/src/main/res/values/strings.xml;file:/Users/rar9993/repos/research/fdroid_apps/native_apps/Secure-File-Manager/NONE_TRANSFORMED_/app/src/main/res/values/strings.xml|line:246
UnusedResources;Lint;/Users/rar9993/repos/research/fdroid_apps/native_apps/Secure-File-Manager/NONE_TRANSFORMED_;/Users/rar9993/repos/research/fdroid_apps/native_apps/Secure-File-Manager/NONE_TRANSFORMED_/app/src/main/res/values/colors.xml;file:/Users/rar9993/repos/research/fdroid_apps/native_apps/Secure-File-Manager/NONE_TRANSFORMED_/app/src/main/res/values/colors.xml|line:271
UnusedResources;Lint;/Users/rar9993/repos/research/fdroid_apps/native_apps/Secure-File-Manager/NONE_TRANSFORMED_;/Users/rar9993/repos/research/fdroid_apps/native_apps/Secure-File-Manager/NONE_TRANSFORMED_/app/src/main/res/values/colors.xml;file:/Users/rar9993/repos/research/fdroid_apps/native_apps/Secure-File-Manager/NONE_TRANSFORMED_/app/src/main/res/values/colors.xml|line:67
UnusedResources;Lint;/Users/rar9993/repos/research/fdroid_apps/native_apps/Secure-File-Manager/NONE_TRANSFORMED_;/Users/rar9993/repos/research/fdroid_apps/native_apps/Secure-File-Manager/NONE_TRANSFORMED_/app/src/main/res/values/colors.xml;file:/Users/rar9993/repos/research/fdroid_apps/native_apps/Secure-File-Manager/NONE_TRANSFORMED_/app/src/main/res/values/colors.xml|line:129
UnusedResources;Lint;/Users/rar9993/repos/research/fdroid_apps/native_apps/Secure-File-Manager/NONE_TRANSFORMED_;/Users/rar9993/repos/research/fdroid_apps/native_apps/Secure-File-Manager/NONE_TRANSFORMED_/app/src/main/res/values/colors.xml;file:/Users/rar9993/repos/research/fdroid_apps/native_apps/Secure-File-Manager/NONE_TRANSFORMED_/app/src/main/res/values/colors.xml|line:75
UnusedResources;Lint;/Users/rar9993/repos/research/fdroid_apps/native_apps/Secure-File-Manager/NONE_TRANSFORMED_;/Users/rar9993/repos/research/fdroid_apps/native_apps/Secure-File-Manager/NONE_TRANSFORMED_/app/src/main/res/values/colors.xml;file:/Users/rar9993/repos/research/fdroid_apps/native_apps/Secure-File-Manager/NONE_TRANSFORMED_/app/src/main/res/values/colors.xml|line:102
UnusedResources;Lint;/Users/rar9993/repos/research/fdroid_apps/native_apps/Secure-File-Manager/NONE_TRANSFORMED_;/Users/rar9993/repos/research/fdroid_apps/native_apps/Secure-File-Manager/NONE_TRANSFORMED_/app/src/main/res/values/colors.xml;file:/Users/rar9993/repos/research/fdroid_apps/native_apps/Secure-File-Manager/NONE_TRANSFORMED_/app/src/main/res/values/colors.xml|line:158
UnusedResources;Lint;/Users/rar9993/repos/research/fdroid_apps/native_apps/Secure-File-Manager/NONE_TRANSFORMED_;/Users/rar9993/repos/research/fdroid_apps/native_apps/Secure-File-Manager/NONE_TRANSFORMED_/app/src/main/res/values/colors.xml;file:/Users/rar9993/repos/research/fdroid_apps/native_apps/Secure-File-Manager/NONE_TRANSFORMED_/app/src/main/res/values/colors.xml|line:312
UnusedResources;Lint;/Users/rar9993/repos/research/fdroid_apps/native_apps/Secure-File-Manager/NONE_TRANSFORMED_;/Users/rar9993/repos/research/fdroid_apps/native_apps/Secure-File-Manager/NONE_TRANSFORMED_/app/src/main/res/values/colors.xml;file:/Users/rar9993/repos/research/fdroid_apps/native_apps/Secure-File-Manager/NONE_TRANSFORMED_/app/src/main/res/values/colors.xml|line:255
UnusedResources;Lint;/Users/rar9993/repos/research/fdroid_apps/native_apps/Secure-File-Manager/NONE_TRANSFORMED_;/Users/rar9993/repos/research/fdroid_apps/native_apps/Secure-File-Manager/NONE_TRANSFORMED_/app/src/main/res/values/colors.xml;file:/Users/rar9993/repos/research/fdroid_apps/native_apps/Secure-File-Manager/NONE_TRANSFORMED_/app/src/main/res/values/colors.xml|line:29
UnusedResources;Lint;/Users/rar9993/repos/research/fdroid_apps/native_apps/Secure-File-Manager/NONE_TRANSFORMED_;/Users/rar9993/repos/research/fdroid_apps/native_apps/Secure-File-Manager/NONE_TRANSFORMED_/app/src/main/res/values/colors.xml;file:/Users/rar9993/repos/research/fdroid_apps/native_apps/Secure-File-Manager/NONE_TRANSFORMED_/app/src/main/res/values/colors.xml|line:188
UnusedResources;Lint;/Users/rar9993/repos/research/fdroid_apps/native_apps/Secure-File-Manager/NONE_TRANSFORMED_;/Users/rar9993/repos/research/fdroid_apps/native_apps/Secure-File-Manager/NONE_TRANSFORMED_/app/src/main/res/values/colors.xml;file:/Users/rar9993/repos/research/fdroid_apps/native_apps/Secure-File-Manager/NONE_TRANSFORMED_/app/src/main/res/values/colors.xml|line:195
UnusedIds;Lint;/Users/rar9993/repos/research/fdroid_apps/native_apps/Secure-File-Manager/NONE_TRANSFORMED_;/Users/rar9993/repos/research/fdroid_apps/native_apps/Secure-File-Manager/NONE_TRANSFORMED_/app/src/main/res/layout/dialog_rename_item.xml;file:/Users/rar9993/repos/research/fdroid_apps/native_apps/Secure-File-Manager/NONE_TRANSFORMED_/app/src/main/res/layout/dialog_rename_item.xml|line:3
UnusedResources;Lint;/Users/rar9993/repos/research/fdroid_apps/native_apps/Secure-File-Manager/NONE_TRANSFORMED_;/Users/rar9993/repos/research/fdroid_apps/native_apps/Secure-File-Manager/NONE_TRANSFORMED_/app/src/main/res/values/colors.xml;file:/Users/rar9993/repos/research/fdroid_apps/native_apps/Secure-File-Manager/NONE_TRANSFORMED_/app/src/main/res/values/colors.xml|line:28
UnusedResources;Lint;/Users/rar9993/repos/research/fdroid_apps/native_apps/Secure-File-Manager/NONE_TRANSFORMED_;/Users/rar9993/repos/research/fdroid_apps/native_apps/Secure-File-Manager/NONE_TRANSFORMED_/app/src/main/res/values/colors.xml;file:/Users/rar9993/repos/research/fdroid_apps/native_apps/Secure-File-Manager/NONE_TRANSFORMED_/app/src/main/res/values/colors.xml|line:90
UnusedResources;Lint;/Users/rar9993/repos/research/fdroid_apps/native_apps/Secure-File-Manager/NONE_TRANSFORMED_;/Users/rar9993/repos/research/fdroid_apps/native_apps/Secure-File-Manager/NONE_TRANSFORMED_/app/src/main/res/values/colors.xml;file:/Users/rar9993/repos/research/fdroid_apps/native_apps/Secure-File-Manager/NONE_TRANSFORMED_/app/src/main/res/values/colors.xml|line:386
UnusedResources;Lint;/Users/rar9993/repos/research/fdroid_apps/native_apps/Secure-File-Manager/NONE_TRANSFORMED_;/Users/rar9993/repos/research/fdroid_apps/native_apps/Secure-File-Manager/NONE_TRANSFORMED_/app/src/main/res/values/colors.xml;file:/Users/rar9993/repos/research/fdroid_apps/native_apps/Secure-File-Manager/NONE_TRANSFORMED_/app/src/main/res/values/colors.xml|line:396
UnusedResources;Lint;/Users/rar9993/repos/research/fdroid_apps/native_apps/Secure-File-Manager/NONE_TRANSFORMED_;/Users/rar9993/repos/research/fdroid_apps/native_apps/Secure-File-Manager/NONE_TRANSFORMED_/app/src/main/res/values/colors.xml;file:/Users/rar9993/repos/research/fdroid_apps/native_apps/Secure-File-Manager/NONE_TRANSFORMED_/app/src/main/res/values/colors.xml|line:37
UnusedIds;Lint;/Users/rar9993/repos/research/fdroid_apps/native_apps/Secure-File-Manager/NONE_TRANSFORMED_;/Users/rar9993/repos/research/fdroid_apps/native_apps/Secure-File-Manager/NONE_TRANSFORMED_/app/src/main/res/layout/dialog_write_permission.xml;file:/Users/rar9993/repos/research/fdroid_apps/native_apps/Secure-File-Manager/NONE_TRANSFORMED_/app/src/main/res/layout/dialog_write_permission.xml|line:17
MergeRootFrame;Lint;/Users/rar9993/repos/research/fdroid_apps/native_apps/Secure-File-Manager/NONE_TRANSFORMED_;/Users/rar9993/repos/research/fdroid_apps/native_apps/Secure-File-Manager/NONE_TRANSFORMED_/app/src/main/res/layout/activity_settings.xml;file:/Users/rar9993/repos/research/fdroid_apps/native_apps/Secure-File-Manager/NONE_TRANSFORMED_/app/src/main/res/layout/activity_settings.xml|line:2
UnusedResources;Lint;/Users/rar9993/repos/research/fdroid_apps/native_apps/Secure-File-Manager/NONE_TRANSFORMED_;/Users/rar9993/repos/research/fdroid_apps/native_apps/Secure-File-Manager/NONE_TRANSFORMED_/app/src/main/res/values/colors.xml;file:/Users/rar9993/repos/research/fdroid_apps/native_apps/Secure-File-Manager/NONE_TRANSFORMED_/app/src/main/res/values/colors.xml|line:408
UnusedResources;Lint;/Users/rar9993/repos/research/fdroid_apps/native_apps/Secure-File-Manager/NONE_TRANSFORMED_;/Users/rar9993/repos/research/fdroid_apps/native_apps/Secure-File-Manager/NONE_TRANSFORMED_/app/src/main/res/values/colors.xml;file:/Users/rar9993/repos/research/fdroid_apps/native_apps/Secure-File-Manager/NONE_TRANSFORMED_/app/src/main/res/values/colors.xml|line:400
UnusedResources;Lint;/Users/rar9993/repos/research/fdroid_apps/native_apps/Secure-File-Manager/NONE_TRANSFORMED_;/Users/rar9993/repos/research/fdroid_apps/native_apps/Secure-File-Manager/NONE_TRANSFORMED_/app/src/main/res/values/colors.xml;file:/Users/rar9993/repos/research/fdroid_apps/native_apps/Secure-File-Manager/NONE_TRANSFORMED_/app/src/main/res/values/colors.xml|line:134
UnusedResources;Lint;/Users/rar9993/repos/research/fdroid_apps/native_apps/Secure-File-Manager/NONE_TRANSFORMED_;/Users/rar9993/repos/research/fdroid_apps/native_apps/Secure-File-Manager/NONE_TRANSFORMED_/app/src/main/res/values/colors.xml;file:/Users/rar9993/repos/research/fdroid_apps/native_apps/Secure-File-Manager/NONE_TRANSFORMED_/app/src/main/res/values/colors.xml|line:236
UnusedResources;Lint;/Users/rar9993/repos/research/fdroid_apps/native_apps/Secure-File-Manager/NONE_TRANSFORMED_;/Users/rar9993/repos/research/fdroid_apps/native_apps/Secure-File-Manager/NONE_TRANSFORMED_/app/src/main/res/values/colors.xml;file:/Users/rar9993/repos/research/fdroid_apps/native_apps/Secure-File-Manager/NONE_TRANSFORMED_/app/src/main/res/values/colors.xml|line:260
UnusedResources;Lint;/Users/rar9993/repos/research/fdroid_apps/native_apps/Secure-File-Manager/NONE_TRANSFORMED_;/Users/rar9993/repos/research/fdroid_apps/native_apps/Secure-File-Manager/NONE_TRANSFORMED_/app/src/main/res/values/colors.xml;file:/Users/rar9993/repos/research/fdroid_apps/native_apps/Secure-File-Manager/NONE_TRANSFORMED_/app/src/main/res/values/colors.xml|line:290
UnusedResources;Lint;/Users/rar9993/repos/research/fdroid_apps/native_apps/Secure-File-Manager/NONE_TRANSFORMED_;/Users/rar9993/repos/research/fdroid_apps/native_apps/Secure-File-Manager/NONE_TRANSFORMED_/app/src/main/res/values/colors.xml;file:/Users/rar9993/repos/research/fdroid_apps/native_apps/Secure-File-Manager/NONE_TRANSFORMED_/app/src/main/res/values/colors.xml|line:126
SyntheticAccessor;Lint;/Users/rar9993/repos/research/fdroid_apps/native_apps/Secure-File-Manager/NONE_TRANSFORMED_;/Users/rar9993/repos/research/fdroid_apps/native_apps/Secure-File-Manager/NONE_TRANSFORMED_/app/src/main/kotlin/com/securefilemanager/app/views/FastScroller.kt;file:/Users/rar9993/repos/research/fdroid_apps/native_apps/Secure-File-Manager/NONE_TRANSFORMED_/app/src/main/kotlin/com/securefilemanager/app/views/FastScroller.kt|line:85
UnusedResources;Lint;/Users/rar9993/repos/research/fdroid_apps/native_apps/Secure-File-Manager/NONE_TRANSFORMED_;/Users/rar9993/repos/research/fdroid_apps/native_apps/Secure-File-Manager/NONE_TRANSFORMED_/app/src/main/res/values/colors.xml;file:/Users/rar9993/repos/research/fdroid_apps/native_apps/Secure-File-Manager/NONE_TRANSFORMED_/app/src/main/res/values/colors.xml|line:136
UnusedResources;Lint;/Users/rar9993/repos/research/fdroid_apps/native_apps/Secure-File-Manager/NONE_TRANSFORMED_;/Users/rar9993/repos/research/fdroid_apps/native_apps/Secure-File-Manager/NONE_TRANSFORMED_/app/src/main/res/values/colors.xml;file:/Users/rar9993/repos/research/fdroid_apps/native_apps/Secure-File-Manager/NONE_TRANSFORMED_/app/src/main/res/values/colors.xml|line:160
UnusedResources;Lint;/Users/rar9993/repos/research/fdroid_apps/native_apps/Secure-File-Manager/NONE_TRANSFORMED_;/Users/rar9993/repos/research/fdroid_apps/native_apps/Secure-File-Manager/NONE_TRANSFORMED_/app/src/main/res/values/colors.xml;file:/Users/rar9993/repos/research/fdroid_apps/native_apps/Secure-File-Manager/NONE_TRANSFORMED_/app/src/main/res/values/colors.xml|line:256
UnusedResources;Lint;/Users/rar9993/repos/research/fdroid_apps/native_apps/Secure-File-Manager/NONE_TRANSFORMED_;/Users/rar9993/repos/research/fdroid_apps/native_apps/Secure-File-Manager/NONE_TRANSFORMED_/app/src/main/res/values/colors.xml;file:/Users/rar9993/repos/research/fdroid_apps/native_apps/Secure-File-Manager/NONE_TRANSFORMED_/app/src/main/res/values/colors.xml|line:246
UnusedResources;Lint;/Users/rar9993/repos/research/fdroid_apps/native_apps/Secure-File-Manager/NONE_TRANSFORMED_;/Users/rar9993/repos/research/fdroid_apps/native_apps/Secure-File-Manager/NONE_TRANSFORMED_/app/src/main/res/values/colors.xml;file:/Users/rar9993/repos/research/fdroid_apps/native_apps/Secure-File-Manager/NONE_TRANSFORMED_/app/src/main/res/values/colors.xml|line:157
UnusedResources;Lint;/Users/rar9993/repos/research/fdroid_apps/native_apps/Secure-File-Manager/NONE_TRANSFORMED_;/Users/rar9993/repos/research/fdroid_apps/native_apps/Secure-File-Manager/NONE_TRANSFORMED_/app/src/main/res/values/colors.xml;file:/Users/rar9993/repos/research/fdroid_apps/native_apps/Secure-File-Manager/NONE_TRANSFORMED_/app/src/main/res/values/colors.xml|line:58
UnusedResources;Lint;/Users/rar9993/repos/research/fdroid_apps/native_apps/Secure-File-Manager/NONE_TRANSFORMED_;/Users/rar9993/repos/research/fdroid_apps/native_apps/Secure-File-Manager/NONE_TRANSFORMED_/app/src/main/res/values/colors.xml;file:/Users/rar9993/repos/research/fdroid_apps/native_apps/Secure-File-Manager/NONE_TRANSFORMED_/app/src/main/res/values/colors.xml|line:324
UnusedResources;Lint;/Users/rar9993/repos/research/fdroid_apps/native_apps/Secure-File-Manager/NONE_TRANSFORMED_;/Users/rar9993/repos/research/fdroid_apps/native_apps/Secure-File-Manager/NONE_TRANSFORMED_/app/src/main/res/values/strings.xml;file:/Users/rar9993/repos/research/fdroid_apps/native_apps/Secure-File-Manager/NONE_TRANSFORMED_/app/src/main/res/values/strings.xml|line:298
UnusedResources;Lint;/Users/rar9993/repos/research/fdroid_apps/native_apps/Secure-File-Manager/NONE_TRANSFORMED_;/Users/rar9993/repos/research/fdroid_apps/native_apps/Secure-File-Manager/NONE_TRANSFORMED_/app/src/main/res/values/colors.xml;file:/Users/rar9993/repos/research/fdroid_apps/native_apps/Secure-File-Manager/NONE_TRANSFORMED_/app/src/main/res/values/colors.xml|line:342
UnusedResources;Lint;/Users/rar9993/repos/research/fdroid_apps/native_apps/Secure-File-Manager/NONE_TRANSFORMED_;/Users/rar9993/repos/research/fdroid_apps/native_apps/Secure-File-Manager/NONE_TRANSFORMED_/app/src/main/res/values/colors.xml;file:/Users/rar9993/repos/research/fdroid_apps/native_apps/Secure-File-Manager/NONE_TRANSFORMED_/app/src/main/res/values/colors.xml|line:111
UnusedResources;Lint;/Users/rar9993/repos/research/fdroid_apps/native_apps/Secure-File-Manager/NONE_TRANSFORMED_;/Users/rar9993/repos/research/fdroid_apps/native_apps/Secure-File-Manager/NONE_TRANSFORMED_/app/src/main/res/values/colors.xml;file:/Users/rar9993/repos/research/fdroid_apps/native_apps/Secure-File-Manager/NONE_TRANSFORMED_/app/src/main/res/values/colors.xml|line:192
UnusedResources;Lint;/Users/rar9993/repos/research/fdroid_apps/native_apps/Secure-File-Manager/NONE_TRANSFORMED_;/Users/rar9993/repos/research/fdroid_apps/native_apps/Secure-File-Manager/NONE_TRANSFORMED_/app/src/main/res/values/colors.xml;file:/Users/rar9993/repos/research/fdroid_apps/native_apps/Secure-File-Manager/NONE_TRANSFORMED_/app/src/main/res/values/colors.xml|line:275
UnusedResources;Lint;/Users/rar9993/repos/research/fdroid_apps/native_apps/Secure-File-Manager/NONE_TRANSFORMED_;/Users/rar9993/repos/research/fdroid_apps/native_apps/Secure-File-Manager/NONE_TRANSFORMED_/app/src/main/res/values/colors.xml;file:/Users/rar9993/repos/research/fdroid_apps/native_apps/Secure-File-Manager/NONE_TRANSFORMED_/app/src/main/res/values/colors.xml|line:326
UnusedResources;Lint;/Users/rar9993/repos/research/fdroid_apps/native_apps/Secure-File-Manager/NONE_TRANSFORMED_;/Users/rar9993/repos/research/fdroid_apps/native_apps/Secure-File-Manager/NONE_TRANSFORMED_/app/src/main/res/values/colors.xml;file:/Users/rar9993/repos/research/fdroid_apps/native_apps/Secure-File-Manager/NONE_TRANSFORMED_/app/src/main/res/values/colors.xml|line:265
UnusedResources;Lint;/Users/rar9993/repos/research/fdroid_apps/native_apps/Secure-File-Manager/NONE_TRANSFORMED_;/Users/rar9993/repos/research/fdroid_apps/native_apps/Secure-File-Manager/NONE_TRANSFORMED_/app/src/main/res/drawable/ic_file_png.xml;file:/Users/rar9993/repos/research/fdroid_apps/native_apps/Secure-File-Manager/NONE_TRANSFORMED_/app/src/main/res/drawable/ic_file_png.xml|line:1
UnusedResources;Lint;/Users/rar9993/repos/research/fdroid_apps/native_apps/Secure-File-Manager/NONE_TRANSFORMED_;/Users/rar9993/repos/research/fdroid_apps/native_apps/Secure-File-Manager/NONE_TRANSFORMED_/app/src/main/res/values/colors.xml;file:/Users/rar9993/repos/research/fdroid_apps/native_apps/Secure-File-Manager/NONE_TRANSFORMED_/app/src/main/res/values/colors.xml|line:367
UnusedResources;Lint;/Users/rar9993/repos/research/fdroid_apps/native_apps/Secure-File-Manager/NONE_TRANSFORMED_;/Users/rar9993/repos/research/fdroid_apps/native_apps/Secure-File-Manager/NONE_TRANSFORMED_/app/src/main/res/values/colors.xml;file:/Users/rar9993/repos/research/fdroid_apps/native_apps/Secure-File-Manager/NONE_TRANSFORMED_/app/src/main/res/values/colors.xml|line:269
UnusedResources;Lint;/Users/rar9993/repos/research/fdroid_apps/native_apps/Secure-File-Manager/NONE_TRANSFORMED_;/Users/rar9993/repos/research/fdroid_apps/native_apps/Secure-File-Manager/NONE_TRANSFORMED_/app/src/main/res/values/colors.xml;file:/Users/rar9993/repos/research/fdroid_apps/native_apps/Secure-File-Manager/NONE_TRANSFORMED_/app/src/main/res/values/colors.xml|line:339
UnusedResources;Lint;/Users/rar9993/repos/research/fdroid_apps/native_apps/Secure-File-Manager/NONE_TRANSFORMED_;/Users/rar9993/repos/research/fdroid_apps/native_apps/Secure-File-Manager/NONE_TRANSFORMED_/app/src/main/res/values/colors.xml;file:/Users/rar9993/repos/research/fdroid_apps/native_apps/Secure-File-Manager/NONE_TRANSFORMED_/app/src/main/res/values/colors.xml|line:147
UnusedResources;Lint;/Users/rar9993/repos/research/fdroid_apps/native_apps/Secure-File-Manager/NONE_TRANSFORMED_;/Users/rar9993/repos/research/fdroid_apps/native_apps/Secure-File-Manager/NONE_TRANSFORMED_/app/src/main/res/values/colors.xml;file:/Users/rar9993/repos/research/fdroid_apps/native_apps/Secure-File-Manager/NONE_TRANSFORMED_/app/src/main/res/values/colors.xml|line:398
UnusedResources;Lint;/Users/rar9993/repos/research/fdroid_apps/native_apps/Secure-File-Manager/NONE_TRANSFORMED_;/Users/rar9993/repos/research/fdroid_apps/native_apps/Secure-File-Manager/NONE_TRANSFORMED_/app/src/main/res/values/colors.xml;file:/Users/rar9993/repos/research/fdroid_apps/native_apps/Secure-File-Manager/NONE_TRANSFORMED_/app/src/main/res/values/colors.xml|line:101
UnusedIds;Lint;/Users/rar9993/repos/research/fdroid_apps/native_apps/Secure-File-Manager/NONE_TRANSFORMED_;/Users/rar9993/repos/research/fdroid_apps/native_apps/Secure-File-Manager/NONE_TRANSFORMED_/app/src/main/res/layout/fastscroller_handle_vertical.xml;file:/Users/rar9993/repos/research/fdroid_apps/native_apps/Secure-File-Manager/NONE_TRANSFORMED_/app/src/main/res/layout/fastscroller_handle_vertical.xml|line:14
UnusedResources;Lint;/Users/rar9993/repos/research/fdroid_apps/native_apps/Secure-File-Manager/NONE_TRANSFORMED_;/Users/rar9993/repos/research/fdroid_apps/native_apps/Secure-File-Manager/NONE_TRANSFORMED_/app/src/main/res/values/colors.xml;file:/Users/rar9993/repos/research/fdroid_apps/native_apps/Secure-File-Manager/NONE_TRANSFORMED_/app/src/main/res/values/colors.xml|line:78
UnusedResources;Lint;/Users/rar9993/repos/research/fdroid_apps/native_apps/Secure-File-Manager/NONE_TRANSFORMED_;/Users/rar9993/repos/research/fdroid_apps/native_apps/Secure-File-Manager/NONE_TRANSFORMED_/app/src/main/res/values/colors.xml;file:/Users/rar9993/repos/research/fdroid_apps/native_apps/Secure-File-Manager/NONE_TRANSFORMED_/app/src/main/res/values/colors.xml|line:317
UnusedResources;Lint;/Users/rar9993/repos/research/fdroid_apps/native_apps/Secure-File-Manager/NONE_TRANSFORMED_;/Users/rar9993/repos/research/fdroid_apps/native_apps/Secure-File-Manager/NONE_TRANSFORMED_/app/src/main/res/values/colors.xml;file:/Users/rar9993/repos/research/fdroid_apps/native_apps/Secure-File-Manager/NONE_TRANSFORMED_/app/src/main/res/values/colors.xml|line:119
UnusedIds;Lint;/Users/rar9993/repos/research/fdroid_apps/native_apps/Secure-File-Manager/NONE_TRANSFORMED_;/Users/rar9993/repos/research/fdroid_apps/native_apps/Secure-File-Manager/NONE_TRANSFORMED_/app/src/main/res/layout/item_decompression_list_file_dir.xml;file:/Users/rar9993/repos/research/fdroid_apps/native_apps/Secure-File-Manager/NONE_TRANSFORMED_/app/src/main/res/layout/item_decompression_list_file_dir.xml|line:4
UnusedResources;Lint;/Users/rar9993/repos/research/fdroid_apps/native_apps/Secure-File-Manager/NONE_TRANSFORMED_;/Users/rar9993/repos/research/fdroid_apps/native_apps/Secure-File-Manager/NONE_TRANSFORMED_/app/src/main/res/values/colors.xml;file:/Users/rar9993/repos/research/fdroid_apps/native_apps/Secure-File-Manager/NONE_TRANSFORMED_/app/src/main/res/values/colors.xml|line:88
UnusedResources;Lint;/Users/rar9993/repos/research/fdroid_apps/native_apps/Secure-File-Manager/NONE_TRANSFORMED_;/Users/rar9993/repos/research/fdroid_apps/native_apps/Secure-File-Manager/NONE_TRANSFORMED_/app/src/main/res/values/colors.xml;file:/Users/rar9993/repos/research/fdroid_apps/native_apps/Secure-File-Manager/NONE_TRANSFORMED_/app/src/main/res/values/colors.xml|line:149
UnusedIds;Lint;/Users/rar9993/repos/research/fdroid_apps/native_apps/Secure-File-Manager/NONE_TRANSFORMED_;/Users/rar9993/repos/research/fdroid_apps/native_apps/Secure-File-Manager/NONE_TRANSFORMED_/app/src/main/res/layout/dialog_change_sorting.xml;file:/Users/rar9993/repos/research/fdroid_apps/native_apps/Secure-File-Manager/NONE_TRANSFORMED_/app/src/main/res/layout/dialog_change_sorting.xml|line:59
UnusedResources;Lint;/Users/rar9993/repos/research/fdroid_apps/native_apps/Secure-File-Manager/NONE_TRANSFORMED_;/Users/rar9993/repos/research/fdroid_apps/native_apps/Secure-File-Manager/NONE_TRANSFORMED_/app/src/main/res/values/colors.xml;file:/Users/rar9993/repos/research/fdroid_apps/native_apps/Secure-File-Manager/NONE_TRANSFORMED_/app/src/main/res/values/colors.xml|line:94
UnusedResources;Lint;/Users/rar9993/repos/research/fdroid_apps/native_apps/Secure-File-Manager/NONE_TRANSFORMED_;/Users/rar9993/repos/research/fdroid_apps/native_apps/Secure-File-Manager/NONE_TRANSFORMED_/app/src/main/res/values/colors.xml;file:/Users/rar9993/repos/research/fdroid_apps/native_apps/Secure-File-Manager/NONE_TRANSFORMED_/app/src/main/res/values/colors.xml|line:369
UnusedIds;Lint;/Users/rar9993/repos/research/fdroid_apps/native_apps/Secure-File-Manager/NONE_TRANSFORMED_;/Users/rar9993/repos/research/fdroid_apps/native_apps/Secure-File-Manager/NONE_TRANSFORMED_/app/src/main/res/layout/dialog_filepicker.xml;file:/Users/rar9993/repos/research/fdroid_apps/native_apps/Secure-File-Manager/NONE_TRANSFORMED_/app/src/main/res/layout/dialog_filepicker.xml|line:4
UnusedResources;Lint;/Users/rar9993/repos/research/fdroid_apps/native_apps/Secure-File-Manager/NONE_TRANSFORMED_;/Users/rar9993/repos/research/fdroid_apps/native_apps/Secure-File-Manager/NONE_TRANSFORMED_/app/src/main/res/values/colors.xml;file:/Users/rar9993/repos/research/fdroid_apps/native_apps/Secure-File-Manager/NONE_TRANSFORMED_/app/src/main/res/values/colors.xml|line:407
UnusedResources;Lint;/Users/rar9993/repos/research/fdroid_apps/native_apps/Secure-File-Manager/NONE_TRANSFORMED_;/Users/rar9993/repos/research/fdroid_apps/native_apps/Secure-File-Manager/NONE_TRANSFORMED_/app/src/main/res/values/colors.xml;file:/Users/rar9993/repos/research/fdroid_apps/native_apps/Secure-File-Manager/NONE_TRANSFORMED_/app/src/main/res/values/colors.xml|line:114
UnusedResources;Lint;/Users/rar9993/repos/research/fdroid_apps/native_apps/Secure-File-Manager/NONE_TRANSFORMED_;/Users/rar9993/repos/research/fdroid_apps/native_apps/Secure-File-Manager/NONE_TRANSFORMED_/app/src/main/res/values/colors.xml;file:/Users/rar9993/repos/research/fdroid_apps/native_apps/Secure-File-Manager/NONE_TRANSFORMED_/app/src/main/res/values/colors.xml|line:97
UnusedResources;Lint;/Users/rar9993/repos/research/fdroid_apps/native_apps/Secure-File-Manager/NONE_TRANSFORMED_;/Users/rar9993/repos/research/fdroid_apps/native_apps/Secure-File-Manager/NONE_TRANSFORMED_/app/src/main/res/values/colors.xml;file:/Users/rar9993/repos/research/fdroid_apps/native_apps/Secure-File-Manager/NONE_TRANSFORMED_/app/src/main/res/values/colors.xml|line:132
UnusedResources;Lint;/Users/rar9993/repos/research/fdroid_apps/native_apps/Secure-File-Manager/NONE_TRANSFORMED_;/Users/rar9993/repos/research/fdroid_apps/native_apps/Secure-File-Manager/NONE_TRANSFORMED_/app/src/main/res/values/colors.xml;file:/Users/rar9993/repos/research/fdroid_apps/native_apps/Secure-File-Manager/NONE_TRANSFORMED_/app/src/main/res/values/colors.xml|line:395
UnusedIds;Lint;/Users/rar9993/repos/research/fdroid_apps/native_apps/Secure-File-Manager/NONE_TRANSFORMED_;/Users/rar9993/repos/research/fdroid_apps/native_apps/Secure-File-Manager/NONE_TRANSFORMED_/app/src/main/res/layout/fragment_items.xml;file:/Users/rar9993/repos/research/fdroid_apps/native_apps/Secure-File-Manager/NONE_TRANSFORMED_/app/src/main/res/layout/fragment_items.xml|line:14
UnusedResources;Lint;/Users/rar9993/repos/research/fdroid_apps/native_apps/Secure-File-Manager/NONE_TRANSFORMED_;/Users/rar9993/repos/research/fdroid_apps/native_apps/Secure-File-Manager/NONE_TRANSFORMED_/app/src/main/res/values/colors.xml;file:/Users/rar9993/repos/research/fdroid_apps/native_apps/Secure-File-Manager/NONE_TRANSFORMED_/app/src/main/res/values/colors.xml|line:244
UnusedResources;Lint;/Users/rar9993/repos/research/fdroid_apps/native_apps/Secure-File-Manager/NONE_TRANSFORMED_;/Users/rar9993/repos/research/fdroid_apps/native_apps/Secure-File-Manager/NONE_TRANSFORMED_/app/src/main/res/values/colors.xml;file:/Users/rar9993/repos/research/fdroid_apps/native_apps/Secure-File-Manager/NONE_TRANSFORMED_/app/src/main/res/values/colors.xml|line:110
UnusedResources;Lint;/Users/rar9993/repos/research/fdroid_apps/native_apps/Secure-File-Manager/NONE_TRANSFORMED_;/Users/rar9993/repos/research/fdroid_apps/native_apps/Secure-File-Manager/NONE_TRANSFORMED_/app/src/main/res/values/colors.xml;file:/Users/rar9993/repos/research/fdroid_apps/native_apps/Secure-File-Manager/NONE_TRANSFORMED_/app/src/main/res/values/colors.xml|line:106
UnusedResources;Lint;/Users/rar9993/repos/research/fdroid_apps/native_apps/Secure-File-Manager/NONE_TRANSFORMED_;/Users/rar9993/repos/research/fdroid_apps/native_apps/Secure-File-Manager/NONE_TRANSFORMED_/app/src/main/res/values/colors.xml;file:/Users/rar9993/repos/research/fdroid_apps/native_apps/Secure-File-Manager/NONE_TRANSFORMED_/app/src/main/res/values/colors.xml|line:146
UnusedResources;Lint;/Users/rar9993/repos/research/fdroid_apps/native_apps/Secure-File-Manager/NONE_TRANSFORMED_;/Users/rar9993/repos/research/fdroid_apps/native_apps/Secure-File-Manager/NONE_TRANSFORMED_/app/src/main/res/values/colors.xml;file:/Users/rar9993/repos/research/fdroid_apps/native_apps/Secure-File-Manager/NONE_TRANSFORMED_/app/src/main/res/values/colors.xml|line:71
UnusedResources;Lint;/Users/rar9993/repos/research/fdroid_apps/native_apps/Secure-File-Manager/NONE_TRANSFORMED_;/Users/rar9993/repos/research/fdroid_apps/native_apps/Secure-File-Manager/NONE_TRANSFORMED_/app/src/main/res/values/dimens.xml;file:/Users/rar9993/repos/research/fdroid_apps/native_apps/Secure-File-Manager/NONE_TRANSFORMED_/app/src/main/res/values/dimens.xml|line:33
Overdraw;Lint;/Users/rar9993/repos/research/fdroid_apps/native_apps/Secure-File-Manager/NONE_TRANSFORMED_;/Users/rar9993/repos/research/fdroid_apps/native_apps/Secure-File-Manager/NONE_TRANSFORMED_/app/src/main/res/layout/actionbar_title.xml;file:/Users/rar9993/repos/research/fdroid_apps/native_apps/Secure-File-Manager/NONE_TRANSFORMED_/app/src/main/res/layout/actionbar_title.xml|line:6
UnusedResources;Lint;/Users/rar9993/repos/research/fdroid_apps/native_apps/Secure-File-Manager/NONE_TRANSFORMED_;/Users/rar9993/repos/research/fdroid_apps/native_apps/Secure-File-Manager/NONE_TRANSFORMED_/app/src/main/res/values/colors.xml;file:/Users/rar9993/repos/research/fdroid_apps/native_apps/Secure-File-Manager/NONE_TRANSFORMED_/app/src/main/res/values/colors.xml|line:38
UnusedResources;Lint;/Users/rar9993/repos/research/fdroid_apps/native_apps/Secure-File-Manager/NONE_TRANSFORMED_;/Users/rar9993/repos/research/fdroid_apps/native_apps/Secure-File-Manager/NONE_TRANSFORMED_/app/src/main/res/values/colors.xml;file:/Users/rar9993/repos/research/fdroid_apps/native_apps/Secure-File-Manager/NONE_TRANSFORMED_/app/src/main/res/values/colors.xml|line:348
UnusedResources;Lint;/Users/rar9993/repos/research/fdroid_apps/native_apps/Secure-File-Manager/NONE_TRANSFORMED_;/Users/rar9993/repos/research/fdroid_apps/native_apps/Secure-File-Manager/NONE_TRANSFORMED_/app/src/main/res/values/colors.xml;file:/Users/rar9993/repos/research/fdroid_apps/native_apps/Secure-File-Manager/NONE_TRANSFORMED_/app/src/main/res/values/colors.xml|line:391
UnusedResources;Lint;/Users/rar9993/repos/research/fdroid_apps/native_apps/Secure-File-Manager/NONE_TRANSFORMED_;/Users/rar9993/repos/research/fdroid_apps/native_apps/Secure-File-Manager/NONE_TRANSFORMED_/app/src/main/res/values/colors.xml;file:/Users/rar9993/repos/research/fdroid_apps/native_apps/Secure-File-Manager/NONE_TRANSFORMED_/app/src/main/res/values/colors.xml|line:155
UnusedIds;Lint;/Users/rar9993/repos/research/fdroid_apps/native_apps/Secure-File-Manager/NONE_TRANSFORMED_;/Users/rar9993/repos/research/fdroid_apps/native_apps/Secure-File-Manager/NONE_TRANSFORMED_/app/src/main/res/layout/filepicker_list_item.xml;file:/Users/rar9993/repos/research/fdroid_apps/native_apps/Secure-File-Manager/NONE_TRANSFORMED_/app/src/main/res/layout/filepicker_list_item.xml|line:4
UnusedResources;Lint;/Users/rar9993/repos/research/fdroid_apps/native_apps/Secure-File-Manager/NONE_TRANSFORMED_;/Users/rar9993/repos/research/fdroid_apps/native_apps/Secure-File-Manager/NONE_TRANSFORMED_/app/src/main/res/values/colors.xml;file:/Users/rar9993/repos/research/fdroid_apps/native_apps/Secure-File-Manager/NONE_TRANSFORMED_/app/src/main/res/values/colors.xml|line:259
UnusedResources;Lint;/Users/rar9993/repos/research/fdroid_apps/native_apps/Secure-File-Manager/NONE_TRANSFORMED_;/Users/rar9993/repos/research/fdroid_apps/native_apps/Secure-File-Manager/NONE_TRANSFORMED_/app/src/main/res/values/colors.xml;file:/Users/rar9993/repos/research/fdroid_apps/native_apps/Secure-File-Manager/NONE_TRANSFORMED_/app/src/main/res/values/colors.xml|line:18
UnusedResources;Lint;/Users/rar9993/repos/research/fdroid_apps/native_apps/Secure-File-Manager/NONE_TRANSFORMED_;/Users/rar9993/repos/research/fdroid_apps/native_apps/Secure-File-Manager/NONE_TRANSFORMED_/app/src/main/res/values/colors.xml;file:/Users/rar9993/repos/research/fdroid_apps/native_apps/Secure-File-Manager/NONE_TRANSFORMED_/app/src/main/res/values/colors.xml|line:107
UnusedResources;Lint;/Users/rar9993/repos/research/fdroid_apps/native_apps/Secure-File-Manager/NONE_TRANSFORMED_;/Users/rar9993/repos/research/fdroid_apps/native_apps/Secure-File-Manager/NONE_TRANSFORMED_/app/src/main/res/values/colors.xml;file:/Users/rar9993/repos/research/fdroid_apps/native_apps/Secure-File-Manager/NONE_TRANSFORMED_/app/src/main/res/values/colors.xml|line:316
UnusedIds;Lint;/Users/rar9993/repos/research/fdroid_apps/native_apps/Secure-File-Manager/NONE_TRANSFORMED_;/Users/rar9993/repos/research/fdroid_apps/native_apps/Secure-File-Manager/NONE_TRANSFORMED_/app/src/main/res/layout/dialog_change_sorting.xml;file:/Users/rar9993/repos/research/fdroid_apps/native_apps/Secure-File-Manager/NONE_TRANSFORMED_/app/src/main/res/layout/dialog_change_sorting.xml|line:87
UnusedResources;Lint;/Users/rar9993/repos/research/fdroid_apps/native_apps/Secure-File-Manager/NONE_TRANSFORMED_;/Users/rar9993/repos/research/fdroid_apps/native_apps/Secure-File-Manager/NONE_TRANSFORMED_/app/src/main/res/values/colors.xml;file:/Users/rar9993/repos/research/fdroid_apps/native_apps/Secure-File-Manager/NONE_TRANSFORMED_/app/src/main/res/values/colors.xml|line:299
UnusedResources;Lint;/Users/rar9993/repos/research/fdroid_apps/native_apps/Secure-File-Manager/NONE_TRANSFORMED_;/Users/rar9993/repos/research/fdroid_apps/native_apps/Secure-File-Manager/NONE_TRANSFORMED_/app/src/main/res/values/colors.xml;file:/Users/rar9993/repos/research/fdroid_apps/native_apps/Secure-File-Manager/NONE_TRANSFORMED_/app/src/main/res/values/colors.xml|line:210
UnusedResources;Lint;/Users/rar9993/repos/research/fdroid_apps/native_apps/Secure-File-Manager/NONE_TRANSFORMED_;/Users/rar9993/repos/research/fdroid_apps/native_apps/Secure-File-Manager/NONE_TRANSFORMED_/app/src/main/res/values/colors.xml;file:/Users/rar9993/repos/research/fdroid_apps/native_apps/Secure-File-Manager/NONE_TRANSFORMED_/app/src/main/res/values/colors.xml|line:279
UnusedResources;Lint;/Users/rar9993/repos/research/fdroid_apps/native_apps/Secure-File-Manager/NONE_TRANSFORMED_;/Users/rar9993/repos/research/fdroid_apps/native_apps/Secure-File-Manager/NONE_TRANSFORMED_/app/src/main/res/values/donottranslate.xml;file:/Users/rar9993/repos/research/fdroid_apps/native_apps/Secure-File-Manager/NONE_TRANSFORMED_/app/src/main/res/values/donottranslate.xml|line:5
UnusedResources;Lint;/Users/rar9993/repos/research/fdroid_apps/native_apps/Secure-File-Manager/NONE_TRANSFORMED_;/Users/rar9993/repos/research/fdroid_apps/native_apps/Secure-File-Manager/NONE_TRANSFORMED_/app/src/main/res/values/dimens.xml;file:/Users/rar9993/repos/research/fdroid_apps/native_apps/Secure-File-Manager/NONE_TRANSFORMED_/app/src/main/res/values/dimens.xml|line:36
UnusedResources;Lint;/Users/rar9993/repos/research/fdroid_apps/native_apps/Secure-File-Manager/NONE_TRANSFORMED_;/Users/rar9993/repos/research/fdroid_apps/native_apps/Secure-File-Manager/NONE_TRANSFORMED_/app/src/main/res/values/colors.xml;file:/Users/rar9993/repos/research/fdroid_apps/native_apps/Secure-File-Manager/NONE_TRANSFORMED_/app/src/main/res/values/colors.xml|line:227
UnusedResources;Lint;/Users/rar9993/repos/research/fdroid_apps/native_apps/Secure-File-Manager/NONE_TRANSFORMED_;/Users/rar9993/repos/research/fdroid_apps/native_apps/Secure-File-Manager/NONE_TRANSFORMED_/app/src/main/res/values/colors.xml;file:/Users/rar9993/repos/research/fdroid_apps/native_apps/Secure-File-Manager/NONE_TRANSFORMED_/app/src/main/res/values/colors.xml|line:268
UnusedResources;Lint;/Users/rar9993/repos/research/fdroid_apps/native_apps/Secure-File-Manager/NONE_TRANSFORMED_;/Users/rar9993/repos/research/fdroid_apps/native_apps/Secure-File-Manager/NONE_TRANSFORMED_/app/src/main/res/values/colors.xml;file:/Users/rar9993/repos/research/fdroid_apps/native_apps/Secure-File-Manager/NONE_TRANSFORMED_/app/src/main/res/values/colors.xml|line:60
UnusedResources;Lint;/Users/rar9993/repos/research/fdroid_apps/native_apps/Secure-File-Manager/NONE_TRANSFORMED_;/Users/rar9993/repos/research/fdroid_apps/native_apps/Secure-File-Manager/NONE_TRANSFORMED_/app/src/main/res/values/colors.xml;file:/Users/rar9993/repos/research/fdroid_apps/native_apps/Secure-File-Manager/NONE_TRANSFORMED_/app/src/main/res/values/colors.xml|line:191
UnusedResources;Lint;/Users/rar9993/repos/research/fdroid_apps/native_apps/Secure-File-Manager/NONE_TRANSFORMED_;/Users/rar9993/repos/research/fdroid_apps/native_apps/Secure-File-Manager/NONE_TRANSFORMED_/app/src/main/res/values/colors.xml;file:/Users/rar9993/repos/research/fdroid_apps/native_apps/Secure-File-Manager/NONE_TRANSFORMED_/app/src/main/res/values/colors.xml|line:169
UnusedResources;Lint;/Users/rar9993/repos/research/fdroid_apps/native_apps/Secure-File-Manager/NONE_TRANSFORMED_;/Users/rar9993/repos/research/fdroid_apps/native_apps/Secure-File-Manager/NONE_TRANSFORMED_/app/src/main/res/values/colors.xml;file:/Users/rar9993/repos/research/fdroid_apps/native_apps/Secure-File-Manager/NONE_TRANSFORMED_/app/src/main/res/values/colors.xml|line:44
SpreadOperator;Detekt;/Users/rar9993/repos/research/fdroid_apps/native_apps/Secure-File-Manager/NONE_TRANSFORMED_;/Users/rar9993/repos/research/fdroid_apps/native_apps/Secure-File-Manager/app/src/main/kotlin/com/securefilemanager/app/extensions/Context-storage.kt;file:/Users/rar9993/repos/research/fdroid_apps/native_apps/Secure-File-Manager/app/src/main/kotlin/com/securefilemanager/app/extensions/Context-storage.kt|line:84
ForEachOnRange;Detekt;/Users/rar9993/repos/research/fdroid_apps/native_apps/Secure-File-Manager/NONE_TRANSFORMED_;/Users/rar9993/repos/research/fdroid_apps/native_apps/Secure-File-Manager/app/src/main/kotlin/com/securefilemanager/app/adapters/RecyclerViewAdapter.kt;file:/Users/rar9993/repos/research/fdroid_apps/native_apps/Secure-File-Manager/app/src/main/kotlin/com/securefilemanager/app/adapters/RecyclerViewAdapter.kt|line:203
ForEachOnRange;Detekt;/Users/rar9993/repos/research/fdroid_apps/native_apps/Secure-File-Manager/NONE_TRANSFORMED_;/Users/rar9993/repos/research/fdroid_apps/native_apps/Secure-File-Manager/app/src/main/kotlin/com/securefilemanager/app/adapters/RecyclerViewAdapter.kt;file:/Users/rar9993/repos/research/fdroid_apps/native_apps/Secure-File-Manager/app/src/main/kotlin/com/securefilemanager/app/adapters/RecyclerViewAdapter.kt|line:213
ForEachOnRange;Detekt;/Users/rar9993/repos/research/fdroid_apps/native_apps/Secure-File-Manager/NONE_TRANSFORMED_;/Users/rar9993/repos/research/fdroid_apps/native_apps/Secure-File-Manager/app/src/main/kotlin/com/securefilemanager/app/adapters/RecyclerViewAdapter.kt;file:/Users/rar9993/repos/research/fdroid_apps/native_apps/Secure-File-Manager/app/src/main/kotlin/com/securefilemanager/app/adapters/RecyclerViewAdapter.kt|line:228
