Issue;Tool;Project;File;Location
NoLowMemoryResolver;aDoctor;/Users/rar9993/repos/research/fdroid_apps/native_apps/g2l-gesture-launcher/NONE_TRANSFORMED_;/Users/rar9993/repos/research/fdroid_apps/native_apps/g2l-gesture-launcher/app/src/main/java/com/easwareapps/g2l/G2L.java;file:/Users/rar9993/repos/research/fdroid_apps/native_apps/g2l-gesture-launcher/app/src/main/java/com/easwareapps/g2l/G2L.java|class:com.easwareapps.g2l.G2L
DataTransmissionWithoutCompression;aDoctor;/Users/rar9993/repos/research/fdroid_apps/native_apps/g2l-gesture-launcher/NONE_TRANSFORMED_;/Users/rar9993/repos/research/fdroid_apps/native_apps/g2l-gesture-launcher/app/src/main/java/com/easwareapps/g2l/GestureLauncher.java;file:/Users/rar9993/repos/research/fdroid_apps/native_apps/g2l-gesture-launcher/app/src/main/java/com/easwareapps/g2l/GestureLauncher.java|class:com.easwareapps.g2l.GestureLauncher
LeakingThread;aDoctor;/Users/rar9993/repos/research/fdroid_apps/native_apps/g2l-gesture-launcher/NONE_TRANSFORMED_;/Users/rar9993/repos/research/fdroid_apps/native_apps/g2l-gesture-launcher/app/src/main/java/com/easwareapps/g2l/GestureLauncher.java;file:/Users/rar9993/repos/research/fdroid_apps/native_apps/g2l-gesture-launcher/app/src/main/java/com/easwareapps/g2l/GestureLauncher.java|class:com.easwareapps.g2l.GestureLauncher
MemberIgnoringMethod;aDoctor;/Users/rar9993/repos/research/fdroid_apps/native_apps/g2l-gesture-launcher/NONE_TRANSFORMED_;/Users/rar9993/repos/research/fdroid_apps/native_apps/g2l-gesture-launcher/app/src/main/java/com/easwareapps/g2l/GestureLauncher.java;file:/Users/rar9993/repos/research/fdroid_apps/native_apps/g2l-gesture-launcher/app/src/main/java/com/easwareapps/g2l/GestureLauncher.java|class:com.easwareapps.g2l.GestureLauncher
NoLowMemoryResolver;aDoctor;/Users/rar9993/repos/research/fdroid_apps/native_apps/g2l-gesture-launcher/NONE_TRANSFORMED_;/Users/rar9993/repos/research/fdroid_apps/native_apps/g2l-gesture-launcher/app/src/main/java/com/easwareapps/g2l/GestureLauncher.java;file:/Users/rar9993/repos/research/fdroid_apps/native_apps/g2l-gesture-launcher/app/src/main/java/com/easwareapps/g2l/GestureLauncher.java|class:com.easwareapps.g2l.GestureLauncher
SlowForLoop;aDoctor;/Users/rar9993/repos/research/fdroid_apps/native_apps/g2l-gesture-launcher/NONE_TRANSFORMED_;/Users/rar9993/repos/research/fdroid_apps/native_apps/g2l-gesture-launcher/app/src/main/java/com/easwareapps/g2l/GestureLauncher.java;file:/Users/rar9993/repos/research/fdroid_apps/native_apps/g2l-gesture-launcher/app/src/main/java/com/easwareapps/g2l/GestureLauncher.java|class:com.easwareapps.g2l.GestureLauncher
LeakingThread;aDoctor;/Users/rar9993/repos/research/fdroid_apps/native_apps/g2l-gesture-launcher/NONE_TRANSFORMED_;/Users/rar9993/repos/research/fdroid_apps/native_apps/g2l-gesture-launcher/app/src/main/java/com/easwareapps/g2l/DonateActivity.java;file:/Users/rar9993/repos/research/fdroid_apps/native_apps/g2l-gesture-launcher/app/src/main/java/com/easwareapps/g2l/DonateActivity.java|class:com.easwareapps.g2l.DonateActivity
MemberIgnoringMethod;aDoctor;/Users/rar9993/repos/research/fdroid_apps/native_apps/g2l-gesture-launcher/NONE_TRANSFORMED_;/Users/rar9993/repos/research/fdroid_apps/native_apps/g2l-gesture-launcher/app/src/main/java/com/easwareapps/g2l/DonateActivity.java;file:/Users/rar9993/repos/research/fdroid_apps/native_apps/g2l-gesture-launcher/app/src/main/java/com/easwareapps/g2l/DonateActivity.java|class:com.easwareapps.g2l.DonateActivity
NoLowMemoryResolver;aDoctor;/Users/rar9993/repos/research/fdroid_apps/native_apps/g2l-gesture-launcher/NONE_TRANSFORMED_;/Users/rar9993/repos/research/fdroid_apps/native_apps/g2l-gesture-launcher/app/src/main/java/com/easwareapps/g2l/DonateActivity.java;file:/Users/rar9993/repos/research/fdroid_apps/native_apps/g2l-gesture-launcher/app/src/main/java/com/easwareapps/g2l/DonateActivity.java|class:com.easwareapps.g2l.DonateActivity
DataTransmissionWithoutCompression;aDoctor;/Users/rar9993/repos/research/fdroid_apps/native_apps/g2l-gesture-launcher/NONE_TRANSFORMED_;/Users/rar9993/repos/research/fdroid_apps/native_apps/g2l-gesture-launcher/app/src/main/java/com/easwareapps/g2l/QLIconChangerActivity.java;file:/Users/rar9993/repos/research/fdroid_apps/native_apps/g2l-gesture-launcher/app/src/main/java/com/easwareapps/g2l/QLIconChangerActivity.java|class:com.easwareapps.g2l.QLIconChangerActivity
MemberIgnoringMethod;aDoctor;/Users/rar9993/repos/research/fdroid_apps/native_apps/g2l-gesture-launcher/NONE_TRANSFORMED_;/Users/rar9993/repos/research/fdroid_apps/native_apps/g2l-gesture-launcher/app/src/main/java/com/easwareapps/g2l/QLIconChangerActivity.java;file:/Users/rar9993/repos/research/fdroid_apps/native_apps/g2l-gesture-launcher/app/src/main/java/com/easwareapps/g2l/QLIconChangerActivity.java|class:com.easwareapps.g2l.QLIconChangerActivity
NoLowMemoryResolver;aDoctor;/Users/rar9993/repos/research/fdroid_apps/native_apps/g2l-gesture-launcher/NONE_TRANSFORMED_;/Users/rar9993/repos/research/fdroid_apps/native_apps/g2l-gesture-launcher/app/src/main/java/com/easwareapps/g2l/QLIconChangerActivity.java;file:/Users/rar9993/repos/research/fdroid_apps/native_apps/g2l-gesture-launcher/app/src/main/java/com/easwareapps/g2l/QLIconChangerActivity.java|class:com.easwareapps.g2l.QLIconChangerActivity
LeakingThread;aDoctor;/Users/rar9993/repos/research/fdroid_apps/native_apps/g2l-gesture-launcher/NONE_TRANSFORMED_;/Users/rar9993/repos/research/fdroid_apps/native_apps/g2l-gesture-launcher/app/src/main/java/com/easwareapps/g2l/NavigationDrawerFragment.java;file:/Users/rar9993/repos/research/fdroid_apps/native_apps/g2l-gesture-launcher/app/src/main/java/com/easwareapps/g2l/NavigationDrawerFragment.java|class:com.easwareapps.g2l.NavigationDrawerFragment
MemberIgnoringMethod;aDoctor;/Users/rar9993/repos/research/fdroid_apps/native_apps/g2l-gesture-launcher/NONE_TRANSFORMED_;/Users/rar9993/repos/research/fdroid_apps/native_apps/g2l-gesture-launcher/app/src/main/java/com/easwareapps/g2l/NavigationDrawerFragment.java;file:/Users/rar9993/repos/research/fdroid_apps/native_apps/g2l-gesture-launcher/app/src/main/java/com/easwareapps/g2l/NavigationDrawerFragment.java|class:com.easwareapps.g2l.NavigationDrawerFragment
NoLowMemoryResolver;aDoctor;/Users/rar9993/repos/research/fdroid_apps/native_apps/g2l-gesture-launcher/NONE_TRANSFORMED_;/Users/rar9993/repos/research/fdroid_apps/native_apps/g2l-gesture-launcher/app/src/main/java/com/easwareapps/g2l/NavigationDrawerFragment.java;file:/Users/rar9993/repos/research/fdroid_apps/native_apps/g2l-gesture-launcher/app/src/main/java/com/easwareapps/g2l/NavigationDrawerFragment.java|class:com.easwareapps.g2l.NavigationDrawerFragment
MemberIgnoringMethod;aDoctor;/Users/rar9993/repos/research/fdroid_apps/native_apps/g2l-gesture-launcher/NONE_TRANSFORMED_;/Users/rar9993/repos/research/fdroid_apps/native_apps/g2l-gesture-launcher/app/src/main/java/com/easwareapps/g2l/SelectActionActivity.java;file:/Users/rar9993/repos/research/fdroid_apps/native_apps/g2l-gesture-launcher/app/src/main/java/com/easwareapps/g2l/SelectActionActivity.java|class:com.easwareapps.g2l.SelectActionActivity
NoLowMemoryResolver;aDoctor;/Users/rar9993/repos/research/fdroid_apps/native_apps/g2l-gesture-launcher/NONE_TRANSFORMED_;/Users/rar9993/repos/research/fdroid_apps/native_apps/g2l-gesture-launcher/app/src/main/java/com/easwareapps/g2l/SelectActionActivity.java;file:/Users/rar9993/repos/research/fdroid_apps/native_apps/g2l-gesture-launcher/app/src/main/java/com/easwareapps/g2l/SelectActionActivity.java|class:com.easwareapps.g2l.SelectActionActivity
NoLowMemoryResolver;aDoctor;/Users/rar9993/repos/research/fdroid_apps/native_apps/g2l-gesture-launcher/NONE_TRANSFORMED_;/Users/rar9993/repos/research/fdroid_apps/native_apps/g2l-gesture-launcher/app/src/main/java/com/easwareapps/g2l/GestureAssist.java;file:/Users/rar9993/repos/research/fdroid_apps/native_apps/g2l-gesture-launcher/app/src/main/java/com/easwareapps/g2l/GestureAssist.java|class:com.easwareapps.g2l.GestureAssist
MemberIgnoringMethod;aDoctor;/Users/rar9993/repos/research/fdroid_apps/native_apps/g2l-gesture-launcher/NONE_TRANSFORMED_;/Users/rar9993/repos/research/fdroid_apps/native_apps/g2l-gesture-launcher/app/src/main/java/com/easwareapps/g2l/DetailedSettings.java;file:/Users/rar9993/repos/research/fdroid_apps/native_apps/g2l-gesture-launcher/app/src/main/java/com/easwareapps/g2l/DetailedSettings.java|class:com.easwareapps.g2l.DetailedSettings
NoLowMemoryResolver;aDoctor;/Users/rar9993/repos/research/fdroid_apps/native_apps/g2l-gesture-launcher/NONE_TRANSFORMED_;/Users/rar9993/repos/research/fdroid_apps/native_apps/g2l-gesture-launcher/app/src/main/java/com/easwareapps/g2l/DetailedSettings.java;file:/Users/rar9993/repos/research/fdroid_apps/native_apps/g2l-gesture-launcher/app/src/main/java/com/easwareapps/g2l/DetailedSettings.java|class:com.easwareapps.g2l.DetailedSettings
UnclosedCloseable;aDoctor;/Users/rar9993/repos/research/fdroid_apps/native_apps/g2l-gesture-launcher/NONE_TRANSFORMED_;/Users/rar9993/repos/research/fdroid_apps/native_apps/g2l-gesture-launcher/app/src/main/java/com/easwareapps/g2l/DetailedSettings.java;file:/Users/rar9993/repos/research/fdroid_apps/native_apps/g2l-gesture-launcher/app/src/main/java/com/easwareapps/g2l/DetailedSettings.java|class:com.easwareapps.g2l.DetailedSettings
DataTransmissionWithoutCompression;aDoctor;/Users/rar9993/repos/research/fdroid_apps/native_apps/g2l-gesture-launcher/NONE_TRANSFORMED_;/Users/rar9993/repos/research/fdroid_apps/native_apps/g2l-gesture-launcher/app/src/main/java/com/easwareapps/g2l/MainActivity.java;file:/Users/rar9993/repos/research/fdroid_apps/native_apps/g2l-gesture-launcher/app/src/main/java/com/easwareapps/g2l/MainActivity.java|class:com.easwareapps.g2l.MainActivity
LeakingInnerClass;aDoctor;/Users/rar9993/repos/research/fdroid_apps/native_apps/g2l-gesture-launcher/NONE_TRANSFORMED_;/Users/rar9993/repos/research/fdroid_apps/native_apps/g2l-gesture-launcher/app/src/main/java/com/easwareapps/g2l/MainActivity.java;file:/Users/rar9993/repos/research/fdroid_apps/native_apps/g2l-gesture-launcher/app/src/main/java/com/easwareapps/g2l/MainActivity.java|class:com.easwareapps.g2l.MainActivity
MemberIgnoringMethod;aDoctor;/Users/rar9993/repos/research/fdroid_apps/native_apps/g2l-gesture-launcher/NONE_TRANSFORMED_;/Users/rar9993/repos/research/fdroid_apps/native_apps/g2l-gesture-launcher/app/src/main/java/com/easwareapps/g2l/MainActivity.java;file:/Users/rar9993/repos/research/fdroid_apps/native_apps/g2l-gesture-launcher/app/src/main/java/com/easwareapps/g2l/MainActivity.java|class:com.easwareapps.g2l.MainActivity
NoLowMemoryResolver;aDoctor;/Users/rar9993/repos/research/fdroid_apps/native_apps/g2l-gesture-launcher/NONE_TRANSFORMED_;/Users/rar9993/repos/research/fdroid_apps/native_apps/g2l-gesture-launcher/app/src/main/java/com/easwareapps/g2l/MainActivity.java;file:/Users/rar9993/repos/research/fdroid_apps/native_apps/g2l-gesture-launcher/app/src/main/java/com/easwareapps/g2l/MainActivity.java|class:com.easwareapps.g2l.MainActivity
MemberIgnoringMethod;aDoctor;/Users/rar9993/repos/research/fdroid_apps/native_apps/g2l-gesture-launcher/NONE_TRANSFORMED_;/Users/rar9993/repos/research/fdroid_apps/native_apps/g2l-gesture-launcher/app/src/main/java/com/easwareapps/g2l/SpecificActionActivity.java;file:/Users/rar9993/repos/research/fdroid_apps/native_apps/g2l-gesture-launcher/app/src/main/java/com/easwareapps/g2l/SpecificActionActivity.java|class:com.easwareapps.g2l.SpecificActionActivity
NoLowMemoryResolver;aDoctor;/Users/rar9993/repos/research/fdroid_apps/native_apps/g2l-gesture-launcher/NONE_TRANSFORMED_;/Users/rar9993/repos/research/fdroid_apps/native_apps/g2l-gesture-launcher/app/src/main/java/com/easwareapps/g2l/SpecificActionActivity.java;file:/Users/rar9993/repos/research/fdroid_apps/native_apps/g2l-gesture-launcher/app/src/main/java/com/easwareapps/g2l/SpecificActionActivity.java|class:com.easwareapps.g2l.SpecificActionActivity
UnclosedCloseable;aDoctor;/Users/rar9993/repos/research/fdroid_apps/native_apps/g2l-gesture-launcher/NONE_TRANSFORMED_;/Users/rar9993/repos/research/fdroid_apps/native_apps/g2l-gesture-launcher/app/src/main/java/com/easwareapps/g2l/SpecificActionActivity.java;file:/Users/rar9993/repos/research/fdroid_apps/native_apps/g2l-gesture-launcher/app/src/main/java/com/easwareapps/g2l/SpecificActionActivity.java|class:com.easwareapps.g2l.SpecificActionActivity
MemberIgnoringMethod;aDoctor;/Users/rar9993/repos/research/fdroid_apps/native_apps/g2l-gesture-launcher/NONE_TRANSFORMED_;/Users/rar9993/repos/research/fdroid_apps/native_apps/g2l-gesture-launcher/app/src/main/java/com/easwareapps/g2l/PermissionRequestActivity.java;file:/Users/rar9993/repos/research/fdroid_apps/native_apps/g2l-gesture-launcher/app/src/main/java/com/easwareapps/g2l/PermissionRequestActivity.java|class:com.easwareapps.g2l.PermissionRequestActivity
NoLowMemoryResolver;aDoctor;/Users/rar9993/repos/research/fdroid_apps/native_apps/g2l-gesture-launcher/NONE_TRANSFORMED_;/Users/rar9993/repos/research/fdroid_apps/native_apps/g2l-gesture-launcher/app/src/main/java/com/easwareapps/g2l/PermissionRequestActivity.java;file:/Users/rar9993/repos/research/fdroid_apps/native_apps/g2l-gesture-launcher/app/src/main/java/com/easwareapps/g2l/PermissionRequestActivity.java|class:com.easwareapps.g2l.PermissionRequestActivity
DataTransmissionWithoutCompression;aDoctor;/Users/rar9993/repos/research/fdroid_apps/native_apps/g2l-gesture-launcher/NONE_TRANSFORMED_;/Users/rar9993/repos/research/fdroid_apps/native_apps/g2l-gesture-launcher/app/src/main/java/com/easwareapps/g2l/AddGestureActivity.java;file:/Users/rar9993/repos/research/fdroid_apps/native_apps/g2l-gesture-launcher/app/src/main/java/com/easwareapps/g2l/AddGestureActivity.java|class:com.easwareapps.g2l.AddGestureActivity
MemberIgnoringMethod;aDoctor;/Users/rar9993/repos/research/fdroid_apps/native_apps/g2l-gesture-launcher/NONE_TRANSFORMED_;/Users/rar9993/repos/research/fdroid_apps/native_apps/g2l-gesture-launcher/app/src/main/java/com/easwareapps/g2l/AddGestureActivity.java;file:/Users/rar9993/repos/research/fdroid_apps/native_apps/g2l-gesture-launcher/app/src/main/java/com/easwareapps/g2l/AddGestureActivity.java|class:com.easwareapps.g2l.AddGestureActivity
NoLowMemoryResolver;aDoctor;/Users/rar9993/repos/research/fdroid_apps/native_apps/g2l-gesture-launcher/NONE_TRANSFORMED_;/Users/rar9993/repos/research/fdroid_apps/native_apps/g2l-gesture-launcher/app/src/main/java/com/easwareapps/g2l/AddGestureActivity.java;file:/Users/rar9993/repos/research/fdroid_apps/native_apps/g2l-gesture-launcher/app/src/main/java/com/easwareapps/g2l/AddGestureActivity.java|class:com.easwareapps.g2l.AddGestureActivity
MemberIgnoringMethod;aDoctor;/Users/rar9993/repos/research/fdroid_apps/native_apps/g2l-gesture-launcher/NONE_TRANSFORMED_;/Users/rar9993/repos/research/fdroid_apps/native_apps/g2l-gesture-launcher/app/src/main/java/com/easwareapps/g2l/SettingsActivity.java;file:/Users/rar9993/repos/research/fdroid_apps/native_apps/g2l-gesture-launcher/app/src/main/java/com/easwareapps/g2l/SettingsActivity.java|class:com.easwareapps.g2l.SettingsActivity
NoLowMemoryResolver;aDoctor;/Users/rar9993/repos/research/fdroid_apps/native_apps/g2l-gesture-launcher/NONE_TRANSFORMED_;/Users/rar9993/repos/research/fdroid_apps/native_apps/g2l-gesture-launcher/app/src/main/java/com/easwareapps/g2l/SettingsActivity.java;file:/Users/rar9993/repos/research/fdroid_apps/native_apps/g2l-gesture-launcher/app/src/main/java/com/easwareapps/g2l/SettingsActivity.java|class:com.easwareapps.g2l.SettingsActivity
DataTransmissionWithoutCompression;aDoctor;/Users/rar9993/repos/research/fdroid_apps/native_apps/g2l-gesture-launcher/NONE_TRANSFORMED_;/Users/rar9993/repos/research/fdroid_apps/native_apps/g2l-gesture-launcher/app/src/main/java/com/easwareapps/g2l/utils/BitmapManager.java;file:/Users/rar9993/repos/research/fdroid_apps/native_apps/g2l-gesture-launcher/app/src/main/java/com/easwareapps/g2l/utils/BitmapManager.java|class:com.easwareapps.g2l.utils.BitmapManager
DataTransmissionWithoutCompression;aDoctor;/Users/rar9993/repos/research/fdroid_apps/native_apps/g2l-gesture-launcher/NONE_TRANSFORMED_;/Users/rar9993/repos/research/fdroid_apps/native_apps/g2l-gesture-launcher/app/src/main/java/com/easwareapps/g2l/utils/DBHelper.java;file:/Users/rar9993/repos/research/fdroid_apps/native_apps/g2l-gesture-launcher/app/src/main/java/com/easwareapps/g2l/utils/DBHelper.java|class:com.easwareapps.g2l.utils.DBHelper
MemberIgnoringMethod;aDoctor;/Users/rar9993/repos/research/fdroid_apps/native_apps/g2l-gesture-launcher/NONE_TRANSFORMED_;/Users/rar9993/repos/research/fdroid_apps/native_apps/g2l-gesture-launcher/app/src/main/java/com/easwareapps/g2l/utils/DBHelper.java;file:/Users/rar9993/repos/research/fdroid_apps/native_apps/g2l-gesture-launcher/app/src/main/java/com/easwareapps/g2l/utils/DBHelper.java|class:com.easwareapps.g2l.utils.DBHelper
LeakingInnerClass;aDoctor;/Users/rar9993/repos/research/fdroid_apps/native_apps/g2l-gesture-launcher/NONE_TRANSFORMED_;/Users/rar9993/repos/research/fdroid_apps/native_apps/g2l-gesture-launcher/app/src/main/java/com/easwareapps/g2l/utils/OnSwipeTouchListener.java;file:/Users/rar9993/repos/research/fdroid_apps/native_apps/g2l-gesture-launcher/app/src/main/java/com/easwareapps/g2l/utils/OnSwipeTouchListener.java|class:com.easwareapps.g2l.utils.OnSwipeTouchListener
MemberIgnoringMethod;aDoctor;/Users/rar9993/repos/research/fdroid_apps/native_apps/g2l-gesture-launcher/NONE_TRANSFORMED_;/Users/rar9993/repos/research/fdroid_apps/native_apps/g2l-gesture-launcher/app/src/main/java/com/easwareapps/g2l/utils/OnSwipeTouchListener.java;file:/Users/rar9993/repos/research/fdroid_apps/native_apps/g2l-gesture-launcher/app/src/main/java/com/easwareapps/g2l/utils/OnSwipeTouchListener.java|class:com.easwareapps.g2l.utils.OnSwipeTouchListener
LeakingInnerClass;aDoctor;/Users/rar9993/repos/research/fdroid_apps/native_apps/g2l-gesture-launcher/NONE_TRANSFORMED_;/Users/rar9993/repos/research/fdroid_apps/native_apps/g2l-gesture-launcher/app/src/main/java/com/easwareapps/g2l/adapter/GestureAdapter.java;file:/Users/rar9993/repos/research/fdroid_apps/native_apps/g2l-gesture-launcher/app/src/main/java/com/easwareapps/g2l/adapter/GestureAdapter.java|class:com.easwareapps.g2l.adapter.GestureAdapter
MemberIgnoringMethod;aDoctor;/Users/rar9993/repos/research/fdroid_apps/native_apps/g2l-gesture-launcher/NONE_TRANSFORMED_;/Users/rar9993/repos/research/fdroid_apps/native_apps/g2l-gesture-launcher/app/src/main/java/com/easwareapps/g2l/adapter/GestureAdapter.java;file:/Users/rar9993/repos/research/fdroid_apps/native_apps/g2l-gesture-launcher/app/src/main/java/com/easwareapps/g2l/adapter/GestureAdapter.java|class:com.easwareapps.g2l.adapter.GestureAdapter
MemberIgnoringMethod;aDoctor;/Users/rar9993/repos/research/fdroid_apps/native_apps/g2l-gesture-launcher/NONE_TRANSFORMED_;/Users/rar9993/repos/research/fdroid_apps/native_apps/g2l-gesture-launcher/app/src/main/java/com/easwareapps/g2l/fragment/AppCompatPreferenceActivity.java;file:/Users/rar9993/repos/research/fdroid_apps/native_apps/g2l-gesture-launcher/app/src/main/java/com/easwareapps/g2l/fragment/AppCompatPreferenceActivity.java|class:com.easwareapps.g2l.fragment.AppCompatPreferenceActivity
NoLowMemoryResolver;aDoctor;/Users/rar9993/repos/research/fdroid_apps/native_apps/g2l-gesture-launcher/NONE_TRANSFORMED_;/Users/rar9993/repos/research/fdroid_apps/native_apps/g2l-gesture-launcher/app/src/main/java/com/easwareapps/g2l/fragment/AppCompatPreferenceActivity.java;file:/Users/rar9993/repos/research/fdroid_apps/native_apps/g2l-gesture-launcher/app/src/main/java/com/easwareapps/g2l/fragment/AppCompatPreferenceActivity.java|class:com.easwareapps.g2l.fragment.AppCompatPreferenceActivity
MemberIgnoringMethod;aDoctor;/Users/rar9993/repos/research/fdroid_apps/native_apps/g2l-gesture-launcher/NONE_TRANSFORMED_;/Users/rar9993/repos/research/fdroid_apps/native_apps/g2l-gesture-launcher/app/src/main/java/com/easwareapps/g2l/fragment/SelectSpecificActionFragment.java;file:/Users/rar9993/repos/research/fdroid_apps/native_apps/g2l-gesture-launcher/app/src/main/java/com/easwareapps/g2l/fragment/SelectSpecificActionFragment.java|class:com.easwareapps.g2l.fragment.SelectSpecificActionFragment
NoLowMemoryResolver;aDoctor;/Users/rar9993/repos/research/fdroid_apps/native_apps/g2l-gesture-launcher/NONE_TRANSFORMED_;/Users/rar9993/repos/research/fdroid_apps/native_apps/g2l-gesture-launcher/app/src/main/java/com/easwareapps/g2l/fragment/SelectSpecificActionFragment.java;file:/Users/rar9993/repos/research/fdroid_apps/native_apps/g2l-gesture-launcher/app/src/main/java/com/easwareapps/g2l/fragment/SelectSpecificActionFragment.java|class:com.easwareapps.g2l.fragment.SelectSpecificActionFragment
MemberIgnoringMethod;aDoctor;/Users/rar9993/repos/research/fdroid_apps/native_apps/g2l-gesture-launcher/NONE_TRANSFORMED_;/Users/rar9993/repos/research/fdroid_apps/native_apps/g2l-gesture-launcher/app/src/main/java/com/easwareapps/g2l/fragment/SettingsFragment.java;file:/Users/rar9993/repos/research/fdroid_apps/native_apps/g2l-gesture-launcher/app/src/main/java/com/easwareapps/g2l/fragment/SettingsFragment.java|class:com.easwareapps.g2l.fragment.SettingsFragment
NoLowMemoryResolver;aDoctor;/Users/rar9993/repos/research/fdroid_apps/native_apps/g2l-gesture-launcher/NONE_TRANSFORMED_;/Users/rar9993/repos/research/fdroid_apps/native_apps/g2l-gesture-launcher/app/src/main/java/com/easwareapps/g2l/fragment/SettingsFragment.java;file:/Users/rar9993/repos/research/fdroid_apps/native_apps/g2l-gesture-launcher/app/src/main/java/com/easwareapps/g2l/fragment/SettingsFragment.java|class:com.easwareapps.g2l.fragment.SettingsFragment
LeakingInnerClass;aDoctor;/Users/rar9993/repos/research/fdroid_apps/native_apps/g2l-gesture-launcher/NONE_TRANSFORMED_;/Users/rar9993/repos/research/fdroid_apps/native_apps/g2l-gesture-launcher/app/src/main/java/com/easwareapps/g2l/fragment/SelectAppFragment.java;file:/Users/rar9993/repos/research/fdroid_apps/native_apps/g2l-gesture-launcher/app/src/main/java/com/easwareapps/g2l/fragment/SelectAppFragment.java|class:com.easwareapps.g2l.fragment.SelectAppFragment
MemberIgnoringMethod;aDoctor;/Users/rar9993/repos/research/fdroid_apps/native_apps/g2l-gesture-launcher/NONE_TRANSFORMED_;/Users/rar9993/repos/research/fdroid_apps/native_apps/g2l-gesture-launcher/app/src/main/java/com/easwareapps/g2l/fragment/SelectAppFragment.java;file:/Users/rar9993/repos/research/fdroid_apps/native_apps/g2l-gesture-launcher/app/src/main/java/com/easwareapps/g2l/fragment/SelectAppFragment.java|class:com.easwareapps.g2l.fragment.SelectAppFragment
NoLowMemoryResolver;aDoctor;/Users/rar9993/repos/research/fdroid_apps/native_apps/g2l-gesture-launcher/NONE_TRANSFORMED_;/Users/rar9993/repos/research/fdroid_apps/native_apps/g2l-gesture-launcher/app/src/main/java/com/easwareapps/g2l/fragment/SelectAppFragment.java;file:/Users/rar9993/repos/research/fdroid_apps/native_apps/g2l-gesture-launcher/app/src/main/java/com/easwareapps/g2l/fragment/SelectAppFragment.java|class:com.easwareapps.g2l.fragment.SelectAppFragment
LeakingInnerClass;aDoctor;/Users/rar9993/repos/research/fdroid_apps/native_apps/g2l-gesture-launcher/NONE_TRANSFORMED_;/Users/rar9993/repos/research/fdroid_apps/native_apps/g2l-gesture-launcher/app/src/main/java/com/easwareapps/g2l/fragment/SelectURLFragment.java;file:/Users/rar9993/repos/research/fdroid_apps/native_apps/g2l-gesture-launcher/app/src/main/java/com/easwareapps/g2l/fragment/SelectURLFragment.java|class:com.easwareapps.g2l.fragment.SelectURLFragment
MemberIgnoringMethod;aDoctor;/Users/rar9993/repos/research/fdroid_apps/native_apps/g2l-gesture-launcher/NONE_TRANSFORMED_;/Users/rar9993/repos/research/fdroid_apps/native_apps/g2l-gesture-launcher/app/src/main/java/com/easwareapps/g2l/fragment/SelectURLFragment.java;file:/Users/rar9993/repos/research/fdroid_apps/native_apps/g2l-gesture-launcher/app/src/main/java/com/easwareapps/g2l/fragment/SelectURLFragment.java|class:com.easwareapps.g2l.fragment.SelectURLFragment
NoLowMemoryResolver;aDoctor;/Users/rar9993/repos/research/fdroid_apps/native_apps/g2l-gesture-launcher/NONE_TRANSFORMED_;/Users/rar9993/repos/research/fdroid_apps/native_apps/g2l-gesture-launcher/app/src/main/java/com/easwareapps/g2l/fragment/SelectURLFragment.java;file:/Users/rar9993/repos/research/fdroid_apps/native_apps/g2l-gesture-launcher/app/src/main/java/com/easwareapps/g2l/fragment/SelectURLFragment.java|class:com.easwareapps.g2l.fragment.SelectURLFragment
MemberIgnoringMethod;aDoctor;/Users/rar9993/repos/research/fdroid_apps/native_apps/g2l-gesture-launcher/NONE_TRANSFORMED_;/Users/rar9993/repos/research/fdroid_apps/native_apps/g2l-gesture-launcher/app/src/main/java/com/easwareapps/g2l/fragment/SwipeLauncherFragment.java;file:/Users/rar9993/repos/research/fdroid_apps/native_apps/g2l-gesture-launcher/app/src/main/java/com/easwareapps/g2l/fragment/SwipeLauncherFragment.java|class:com.easwareapps.g2l.fragment.SwipeLauncherFragment
NoLowMemoryResolver;aDoctor;/Users/rar9993/repos/research/fdroid_apps/native_apps/g2l-gesture-launcher/NONE_TRANSFORMED_;/Users/rar9993/repos/research/fdroid_apps/native_apps/g2l-gesture-launcher/app/src/main/java/com/easwareapps/g2l/fragment/SwipeLauncherFragment.java;file:/Users/rar9993/repos/research/fdroid_apps/native_apps/g2l-gesture-launcher/app/src/main/java/com/easwareapps/g2l/fragment/SwipeLauncherFragment.java|class:com.easwareapps.g2l.fragment.SwipeLauncherFragment
MemberIgnoringMethod;aDoctor;/Users/rar9993/repos/research/fdroid_apps/native_apps/g2l-gesture-launcher/NONE_TRANSFORMED_;/Users/rar9993/repos/research/fdroid_apps/native_apps/g2l-gesture-launcher/app/src/main/java/com/easwareapps/g2l/fragment/OtherSettingsFragment.java;file:/Users/rar9993/repos/research/fdroid_apps/native_apps/g2l-gesture-launcher/app/src/main/java/com/easwareapps/g2l/fragment/OtherSettingsFragment.java|class:com.easwareapps.g2l.fragment.OtherSettingsFragment
NoLowMemoryResolver;aDoctor;/Users/rar9993/repos/research/fdroid_apps/native_apps/g2l-gesture-launcher/NONE_TRANSFORMED_;/Users/rar9993/repos/research/fdroid_apps/native_apps/g2l-gesture-launcher/app/src/main/java/com/easwareapps/g2l/fragment/OtherSettingsFragment.java;file:/Users/rar9993/repos/research/fdroid_apps/native_apps/g2l-gesture-launcher/app/src/main/java/com/easwareapps/g2l/fragment/OtherSettingsFragment.java|class:com.easwareapps.g2l.fragment.OtherSettingsFragment
MemberIgnoringMethod;aDoctor;/Users/rar9993/repos/research/fdroid_apps/native_apps/g2l-gesture-launcher/NONE_TRANSFORMED_;/Users/rar9993/repos/research/fdroid_apps/native_apps/g2l-gesture-launcher/app/src/main/java/com/easwareapps/g2l/fragment/BackupRestoreFragment.java;file:/Users/rar9993/repos/research/fdroid_apps/native_apps/g2l-gesture-launcher/app/src/main/java/com/easwareapps/g2l/fragment/BackupRestoreFragment.java|class:com.easwareapps.g2l.fragment.BackupRestoreFragment
NoLowMemoryResolver;aDoctor;/Users/rar9993/repos/research/fdroid_apps/native_apps/g2l-gesture-launcher/NONE_TRANSFORMED_;/Users/rar9993/repos/research/fdroid_apps/native_apps/g2l-gesture-launcher/app/src/main/java/com/easwareapps/g2l/fragment/BackupRestoreFragment.java;file:/Users/rar9993/repos/research/fdroid_apps/native_apps/g2l-gesture-launcher/app/src/main/java/com/easwareapps/g2l/fragment/BackupRestoreFragment.java|class:com.easwareapps.g2l.fragment.BackupRestoreFragment
LeakingInnerClass;aDoctor;/Users/rar9993/repos/research/fdroid_apps/native_apps/g2l-gesture-launcher/NONE_TRANSFORMED_;/Users/rar9993/repos/research/fdroid_apps/native_apps/g2l-gesture-launcher/app/src/main/java/com/easwareapps/g2l/fragment/SelectContactFragment.java;file:/Users/rar9993/repos/research/fdroid_apps/native_apps/g2l-gesture-launcher/app/src/main/java/com/easwareapps/g2l/fragment/SelectContactFragment.java|class:com.easwareapps.g2l.fragment.SelectContactFragment
MemberIgnoringMethod;aDoctor;/Users/rar9993/repos/research/fdroid_apps/native_apps/g2l-gesture-launcher/NONE_TRANSFORMED_;/Users/rar9993/repos/research/fdroid_apps/native_apps/g2l-gesture-launcher/app/src/main/java/com/easwareapps/g2l/fragment/SelectContactFragment.java;file:/Users/rar9993/repos/research/fdroid_apps/native_apps/g2l-gesture-launcher/app/src/main/java/com/easwareapps/g2l/fragment/SelectContactFragment.java|class:com.easwareapps.g2l.fragment.SelectContactFragment
NoLowMemoryResolver;aDoctor;/Users/rar9993/repos/research/fdroid_apps/native_apps/g2l-gesture-launcher/NONE_TRANSFORMED_;/Users/rar9993/repos/research/fdroid_apps/native_apps/g2l-gesture-launcher/app/src/main/java/com/easwareapps/g2l/fragment/SelectContactFragment.java;file:/Users/rar9993/repos/research/fdroid_apps/native_apps/g2l-gesture-launcher/app/src/main/java/com/easwareapps/g2l/fragment/SelectContactFragment.java|class:com.easwareapps.g2l.fragment.SelectContactFragment
SlowForLoop;aDoctor;/Users/rar9993/repos/research/fdroid_apps/native_apps/g2l-gesture-launcher/NONE_TRANSFORMED_;/Users/rar9993/repos/research/fdroid_apps/native_apps/g2l-gesture-launcher/app/src/main/java/com/easwareapps/g2l/fragment/SelectContactFragment.java;file:/Users/rar9993/repos/research/fdroid_apps/native_apps/g2l-gesture-launcher/app/src/main/java/com/easwareapps/g2l/fragment/SelectContactFragment.java|class:com.easwareapps.g2l.fragment.SelectContactFragment
MemberIgnoringMethod;aDoctor;/Users/rar9993/repos/research/fdroid_apps/native_apps/g2l-gesture-launcher/NONE_TRANSFORMED_;/Users/rar9993/repos/research/fdroid_apps/native_apps/g2l-gesture-launcher/app/src/main/java/com/easwareapps/g2l/fragment/QuickLauncherFragment.java;file:/Users/rar9993/repos/research/fdroid_apps/native_apps/g2l-gesture-launcher/app/src/main/java/com/easwareapps/g2l/fragment/QuickLauncherFragment.java|class:com.easwareapps.g2l.fragment.QuickLauncherFragment
NoLowMemoryResolver;aDoctor;/Users/rar9993/repos/research/fdroid_apps/native_apps/g2l-gesture-launcher/NONE_TRANSFORMED_;/Users/rar9993/repos/research/fdroid_apps/native_apps/g2l-gesture-launcher/app/src/main/java/com/easwareapps/g2l/fragment/QuickLauncherFragment.java;file:/Users/rar9993/repos/research/fdroid_apps/native_apps/g2l-gesture-launcher/app/src/main/java/com/easwareapps/g2l/fragment/QuickLauncherFragment.java|class:com.easwareapps.g2l.fragment.QuickLauncherFragment
MemberIgnoringMethod;aDoctor;/Users/rar9993/repos/research/fdroid_apps/native_apps/g2l-gesture-launcher/NONE_TRANSFORMED_;/Users/rar9993/repos/research/fdroid_apps/native_apps/g2l-gesture-launcher/app/src/main/java/com/easwareapps/g2l/fragment/GestureSettingFragment.java;file:/Users/rar9993/repos/research/fdroid_apps/native_apps/g2l-gesture-launcher/app/src/main/java/com/easwareapps/g2l/fragment/GestureSettingFragment.java|class:com.easwareapps.g2l.fragment.GestureSettingFragment
NoLowMemoryResolver;aDoctor;/Users/rar9993/repos/research/fdroid_apps/native_apps/g2l-gesture-launcher/NONE_TRANSFORMED_;/Users/rar9993/repos/research/fdroid_apps/native_apps/g2l-gesture-launcher/app/src/main/java/com/easwareapps/g2l/fragment/GestureSettingFragment.java;file:/Users/rar9993/repos/research/fdroid_apps/native_apps/g2l-gesture-launcher/app/src/main/java/com/easwareapps/g2l/fragment/GestureSettingFragment.java|class:com.easwareapps.g2l.fragment.GestureSettingFragment
DataTransmissionWithoutCompression;aDoctor;/Users/rar9993/repos/research/fdroid_apps/native_apps/g2l-gesture-launcher/NONE_TRANSFORMED_;/Users/rar9993/repos/research/fdroid_apps/native_apps/g2l-gesture-launcher/app/src/main/java/com/easwareapps/g2l/service/FloatingWidgetService.java;file:/Users/rar9993/repos/research/fdroid_apps/native_apps/g2l-gesture-launcher/app/src/main/java/com/easwareapps/g2l/service/FloatingWidgetService.java|class:com.easwareapps.g2l.service.FloatingWidgetService
LeakingInnerClass;aDoctor;/Users/rar9993/repos/research/fdroid_apps/native_apps/g2l-gesture-launcher/NONE_TRANSFORMED_;/Users/rar9993/repos/research/fdroid_apps/native_apps/g2l-gesture-launcher/app/src/main/java/com/easwareapps/g2l/service/FloatingWidgetService.java;file:/Users/rar9993/repos/research/fdroid_apps/native_apps/g2l-gesture-launcher/app/src/main/java/com/easwareapps/g2l/service/FloatingWidgetService.java|class:com.easwareapps.g2l.service.FloatingWidgetService
LeakingThread;aDoctor;/Users/rar9993/repos/research/fdroid_apps/native_apps/g2l-gesture-launcher/NONE_TRANSFORMED_;/Users/rar9993/repos/research/fdroid_apps/native_apps/g2l-gesture-launcher/app/src/main/java/com/easwareapps/g2l/service/FloatingWidgetService.java;file:/Users/rar9993/repos/research/fdroid_apps/native_apps/g2l-gesture-launcher/app/src/main/java/com/easwareapps/g2l/service/FloatingWidgetService.java|class:com.easwareapps.g2l.service.FloatingWidgetService
MemberIgnoringMethod;aDoctor;/Users/rar9993/repos/research/fdroid_apps/native_apps/g2l-gesture-launcher/NONE_TRANSFORMED_;/Users/rar9993/repos/research/fdroid_apps/native_apps/g2l-gesture-launcher/app/src/main/java/com/easwareapps/g2l/service/FloatingWidgetService.java;file:/Users/rar9993/repos/research/fdroid_apps/native_apps/g2l-gesture-launcher/app/src/main/java/com/easwareapps/g2l/service/FloatingWidgetService.java|class:com.easwareapps.g2l.service.FloatingWidgetService
NoLowMemoryResolver;aDoctor;/Users/rar9993/repos/research/fdroid_apps/native_apps/g2l-gesture-launcher/NONE_TRANSFORMED_;/Users/rar9993/repos/research/fdroid_apps/native_apps/g2l-gesture-launcher/app/src/main/java/com/easwareapps/g2l/service/KeyboardWatcher.java;file:/Users/rar9993/repos/research/fdroid_apps/native_apps/g2l-gesture-launcher/app/src/main/java/com/easwareapps/g2l/service/KeyboardWatcher.java|class:com.easwareapps.g2l.service.KeyboardWatcher
SlowForLoop;aDoctor;/Users/rar9993/repos/research/fdroid_apps/native_apps/g2l-gesture-launcher/NONE_TRANSFORMED_;/Users/rar9993/repos/research/fdroid_apps/native_apps/g2l-gesture-launcher/app/src/main/java/com/easwareapps/libs/EAZipManager.java;file:/Users/rar9993/repos/research/fdroid_apps/native_apps/g2l-gesture-launcher/app/src/main/java/com/easwareapps/libs/EAZipManager.java|class:com.easwareapps.libs.EAZipManager
RedundantFieldInitializer;PMD;/Users/rar9993/repos/research/fdroid_apps/native_apps/g2l-gesture-launcher/NONE_TRANSFORMED_;/Users/rar9993/repos/research/fdroid_apps/native_apps/g2l-gesture-launcher/app/src/main/java/com/easwareapps/g2l/AddGestureActivity.java;file:/Users/rar9993/repos/research/fdroid_apps/native_apps/g2l-gesture-launcher/app/src/main/java/com/easwareapps/g2l/AddGestureActivity.java|line:69
AddEmptyString;PMD;/Users/rar9993/repos/research/fdroid_apps/native_apps/g2l-gesture-launcher/NONE_TRANSFORMED_;/Users/rar9993/repos/research/fdroid_apps/native_apps/g2l-gesture-launcher/app/src/main/java/com/easwareapps/g2l/AddGestureActivity.java;file:/Users/rar9993/repos/research/fdroid_apps/native_apps/g2l-gesture-launcher/app/src/main/java/com/easwareapps/g2l/AddGestureActivity.java|line:197
AddEmptyString;PMD;/Users/rar9993/repos/research/fdroid_apps/native_apps/g2l-gesture-launcher/NONE_TRANSFORMED_;/Users/rar9993/repos/research/fdroid_apps/native_apps/g2l-gesture-launcher/app/src/main/java/com/easwareapps/g2l/AddGestureActivity.java;file:/Users/rar9993/repos/research/fdroid_apps/native_apps/g2l-gesture-launcher/app/src/main/java/com/easwareapps/g2l/AddGestureActivity.java|line:198
AvoidFileStream;PMD;/Users/rar9993/repos/research/fdroid_apps/native_apps/g2l-gesture-launcher/NONE_TRANSFORMED_;/Users/rar9993/repos/research/fdroid_apps/native_apps/g2l-gesture-launcher/app/src/main/java/com/easwareapps/g2l/AddGestureActivity.java;file:/Users/rar9993/repos/research/fdroid_apps/native_apps/g2l-gesture-launcher/app/src/main/java/com/easwareapps/g2l/AddGestureActivity.java|line:210
AddEmptyString;PMD;/Users/rar9993/repos/research/fdroid_apps/native_apps/g2l-gesture-launcher/NONE_TRANSFORMED_;/Users/rar9993/repos/research/fdroid_apps/native_apps/g2l-gesture-launcher/app/src/main/java/com/easwareapps/g2l/AddGestureActivity.java;file:/Users/rar9993/repos/research/fdroid_apps/native_apps/g2l-gesture-launcher/app/src/main/java/com/easwareapps/g2l/AddGestureActivity.java|line:235
RedundantFieldInitializer;PMD;/Users/rar9993/repos/research/fdroid_apps/native_apps/g2l-gesture-launcher/NONE_TRANSFORMED_;/Users/rar9993/repos/research/fdroid_apps/native_apps/g2l-gesture-launcher/app/src/main/java/com/easwareapps/g2l/DetailedSettings.java;file:/Users/rar9993/repos/research/fdroid_apps/native_apps/g2l-gesture-launcher/app/src/main/java/com/easwareapps/g2l/DetailedSettings.java|line:51
RedundantFieldInitializer;PMD;/Users/rar9993/repos/research/fdroid_apps/native_apps/g2l-gesture-launcher/NONE_TRANSFORMED_;/Users/rar9993/repos/research/fdroid_apps/native_apps/g2l-gesture-launcher/app/src/main/java/com/easwareapps/g2l/DetailedSettings.java;file:/Users/rar9993/repos/research/fdroid_apps/native_apps/g2l-gesture-launcher/app/src/main/java/com/easwareapps/g2l/DetailedSettings.java|line:52
RedundantFieldInitializer;PMD;/Users/rar9993/repos/research/fdroid_apps/native_apps/g2l-gesture-launcher/NONE_TRANSFORMED_;/Users/rar9993/repos/research/fdroid_apps/native_apps/g2l-gesture-launcher/app/src/main/java/com/easwareapps/g2l/DetailedSettings.java;file:/Users/rar9993/repos/research/fdroid_apps/native_apps/g2l-gesture-launcher/app/src/main/java/com/easwareapps/g2l/DetailedSettings.java|line:53
RedundantFieldInitializer;PMD;/Users/rar9993/repos/research/fdroid_apps/native_apps/g2l-gesture-launcher/NONE_TRANSFORMED_;/Users/rar9993/repos/research/fdroid_apps/native_apps/g2l-gesture-launcher/app/src/main/java/com/easwareapps/g2l/DetailedSettings.java;file:/Users/rar9993/repos/research/fdroid_apps/native_apps/g2l-gesture-launcher/app/src/main/java/com/easwareapps/g2l/DetailedSettings.java|line:54
RedundantFieldInitializer;PMD;/Users/rar9993/repos/research/fdroid_apps/native_apps/g2l-gesture-launcher/NONE_TRANSFORMED_;/Users/rar9993/repos/research/fdroid_apps/native_apps/g2l-gesture-launcher/app/src/main/java/com/easwareapps/g2l/DetailedSettings.java;file:/Users/rar9993/repos/research/fdroid_apps/native_apps/g2l-gesture-launcher/app/src/main/java/com/easwareapps/g2l/DetailedSettings.java|line:55
RedundantFieldInitializer;PMD;/Users/rar9993/repos/research/fdroid_apps/native_apps/g2l-gesture-launcher/NONE_TRANSFORMED_;/Users/rar9993/repos/research/fdroid_apps/native_apps/g2l-gesture-launcher/app/src/main/java/com/easwareapps/g2l/DonateActivity.java;file:/Users/rar9993/repos/research/fdroid_apps/native_apps/g2l-gesture-launcher/app/src/main/java/com/easwareapps/g2l/DonateActivity.java|line:42
RedundantFieldInitializer;PMD;/Users/rar9993/repos/research/fdroid_apps/native_apps/g2l-gesture-launcher/NONE_TRANSFORMED_;/Users/rar9993/repos/research/fdroid_apps/native_apps/g2l-gesture-launcher/app/src/main/java/com/easwareapps/g2l/DonateActivity.java;file:/Users/rar9993/repos/research/fdroid_apps/native_apps/g2l-gesture-launcher/app/src/main/java/com/easwareapps/g2l/DonateActivity.java|line:43
RedundantFieldInitializer;PMD;/Users/rar9993/repos/research/fdroid_apps/native_apps/g2l-gesture-launcher/NONE_TRANSFORMED_;/Users/rar9993/repos/research/fdroid_apps/native_apps/g2l-gesture-launcher/app/src/main/java/com/easwareapps/g2l/DonateActivity.java;file:/Users/rar9993/repos/research/fdroid_apps/native_apps/g2l-gesture-launcher/app/src/main/java/com/easwareapps/g2l/DonateActivity.java|line:44
RedundantFieldInitializer;PMD;/Users/rar9993/repos/research/fdroid_apps/native_apps/g2l-gesture-launcher/NONE_TRANSFORMED_;/Users/rar9993/repos/research/fdroid_apps/native_apps/g2l-gesture-launcher/app/src/main/java/com/easwareapps/g2l/DonateActivity.java;file:/Users/rar9993/repos/research/fdroid_apps/native_apps/g2l-gesture-launcher/app/src/main/java/com/easwareapps/g2l/DonateActivity.java|line:45
RedundantFieldInitializer;PMD;/Users/rar9993/repos/research/fdroid_apps/native_apps/g2l-gesture-launcher/NONE_TRANSFORMED_;/Users/rar9993/repos/research/fdroid_apps/native_apps/g2l-gesture-launcher/app/src/main/java/com/easwareapps/g2l/DonateActivity.java;file:/Users/rar9993/repos/research/fdroid_apps/native_apps/g2l-gesture-launcher/app/src/main/java/com/easwareapps/g2l/DonateActivity.java|line:46
RedundantFieldInitializer;PMD;/Users/rar9993/repos/research/fdroid_apps/native_apps/g2l-gesture-launcher/NONE_TRANSFORMED_;/Users/rar9993/repos/research/fdroid_apps/native_apps/g2l-gesture-launcher/app/src/main/java/com/easwareapps/g2l/GestureLauncher.java;file:/Users/rar9993/repos/research/fdroid_apps/native_apps/g2l-gesture-launcher/app/src/main/java/com/easwareapps/g2l/GestureLauncher.java|line:91
RedundantFieldInitializer;PMD;/Users/rar9993/repos/research/fdroid_apps/native_apps/g2l-gesture-launcher/NONE_TRANSFORMED_;/Users/rar9993/repos/research/fdroid_apps/native_apps/g2l-gesture-launcher/app/src/main/java/com/easwareapps/g2l/GestureLauncher.java;file:/Users/rar9993/repos/research/fdroid_apps/native_apps/g2l-gesture-launcher/app/src/main/java/com/easwareapps/g2l/GestureLauncher.java|line:92
RedundantFieldInitializer;PMD;/Users/rar9993/repos/research/fdroid_apps/native_apps/g2l-gesture-launcher/NONE_TRANSFORMED_;/Users/rar9993/repos/research/fdroid_apps/native_apps/g2l-gesture-launcher/app/src/main/java/com/easwareapps/g2l/GestureLauncher.java;file:/Users/rar9993/repos/research/fdroid_apps/native_apps/g2l-gesture-launcher/app/src/main/java/com/easwareapps/g2l/GestureLauncher.java|line:94
RedundantFieldInitializer;PMD;/Users/rar9993/repos/research/fdroid_apps/native_apps/g2l-gesture-launcher/NONE_TRANSFORMED_;/Users/rar9993/repos/research/fdroid_apps/native_apps/g2l-gesture-launcher/app/src/main/java/com/easwareapps/g2l/GestureLauncher.java;file:/Users/rar9993/repos/research/fdroid_apps/native_apps/g2l-gesture-launcher/app/src/main/java/com/easwareapps/g2l/GestureLauncher.java|line:95
RedundantFieldInitializer;PMD;/Users/rar9993/repos/research/fdroid_apps/native_apps/g2l-gesture-launcher/NONE_TRANSFORMED_;/Users/rar9993/repos/research/fdroid_apps/native_apps/g2l-gesture-launcher/app/src/main/java/com/easwareapps/g2l/GestureLauncher.java;file:/Users/rar9993/repos/research/fdroid_apps/native_apps/g2l-gesture-launcher/app/src/main/java/com/easwareapps/g2l/GestureLauncher.java|line:100
RedundantFieldInitializer;PMD;/Users/rar9993/repos/research/fdroid_apps/native_apps/g2l-gesture-launcher/NONE_TRANSFORMED_;/Users/rar9993/repos/research/fdroid_apps/native_apps/g2l-gesture-launcher/app/src/main/java/com/easwareapps/g2l/GestureLauncher.java;file:/Users/rar9993/repos/research/fdroid_apps/native_apps/g2l-gesture-launcher/app/src/main/java/com/easwareapps/g2l/GestureLauncher.java|line:104
RedundantFieldInitializer;PMD;/Users/rar9993/repos/research/fdroid_apps/native_apps/g2l-gesture-launcher/NONE_TRANSFORMED_;/Users/rar9993/repos/research/fdroid_apps/native_apps/g2l-gesture-launcher/app/src/main/java/com/easwareapps/g2l/GestureLauncher.java;file:/Users/rar9993/repos/research/fdroid_apps/native_apps/g2l-gesture-launcher/app/src/main/java/com/easwareapps/g2l/GestureLauncher.java|line:105
RedundantFieldInitializer;PMD;/Users/rar9993/repos/research/fdroid_apps/native_apps/g2l-gesture-launcher/NONE_TRANSFORMED_;/Users/rar9993/repos/research/fdroid_apps/native_apps/g2l-gesture-launcher/app/src/main/java/com/easwareapps/g2l/GestureLauncher.java;file:/Users/rar9993/repos/research/fdroid_apps/native_apps/g2l-gesture-launcher/app/src/main/java/com/easwareapps/g2l/GestureLauncher.java|line:106
RedundantFieldInitializer;PMD;/Users/rar9993/repos/research/fdroid_apps/native_apps/g2l-gesture-launcher/NONE_TRANSFORMED_;/Users/rar9993/repos/research/fdroid_apps/native_apps/g2l-gesture-launcher/app/src/main/java/com/easwareapps/g2l/GestureLauncher.java;file:/Users/rar9993/repos/research/fdroid_apps/native_apps/g2l-gesture-launcher/app/src/main/java/com/easwareapps/g2l/GestureLauncher.java|line:107
RedundantFieldInitializer;PMD;/Users/rar9993/repos/research/fdroid_apps/native_apps/g2l-gesture-launcher/NONE_TRANSFORMED_;/Users/rar9993/repos/research/fdroid_apps/native_apps/g2l-gesture-launcher/app/src/main/java/com/easwareapps/g2l/GestureLauncher.java;file:/Users/rar9993/repos/research/fdroid_apps/native_apps/g2l-gesture-launcher/app/src/main/java/com/easwareapps/g2l/GestureLauncher.java|line:108
AvoidInstantiatingObjectsInLoops;PMD;/Users/rar9993/repos/research/fdroid_apps/native_apps/g2l-gesture-launcher/NONE_TRANSFORMED_;/Users/rar9993/repos/research/fdroid_apps/native_apps/g2l-gesture-launcher/app/src/main/java/com/easwareapps/g2l/GestureLauncher.java;file:/Users/rar9993/repos/research/fdroid_apps/native_apps/g2l-gesture-launcher/app/src/main/java/com/easwareapps/g2l/GestureLauncher.java|line:503
AddEmptyString;PMD;/Users/rar9993/repos/research/fdroid_apps/native_apps/g2l-gesture-launcher/NONE_TRANSFORMED_;/Users/rar9993/repos/research/fdroid_apps/native_apps/g2l-gesture-launcher/app/src/main/java/com/easwareapps/g2l/GestureLauncher.java;file:/Users/rar9993/repos/research/fdroid_apps/native_apps/g2l-gesture-launcher/app/src/main/java/com/easwareapps/g2l/GestureLauncher.java|line:762
AddEmptyString;PMD;/Users/rar9993/repos/research/fdroid_apps/native_apps/g2l-gesture-launcher/NONE_TRANSFORMED_;/Users/rar9993/repos/research/fdroid_apps/native_apps/g2l-gesture-launcher/app/src/main/java/com/easwareapps/g2l/GestureLauncher.java;file:/Users/rar9993/repos/research/fdroid_apps/native_apps/g2l-gesture-launcher/app/src/main/java/com/easwareapps/g2l/GestureLauncher.java|line:763
AddEmptyString;PMD;/Users/rar9993/repos/research/fdroid_apps/native_apps/g2l-gesture-launcher/NONE_TRANSFORMED_;/Users/rar9993/repos/research/fdroid_apps/native_apps/g2l-gesture-launcher/app/src/main/java/com/easwareapps/g2l/MainActivity.java;file:/Users/rar9993/repos/research/fdroid_apps/native_apps/g2l-gesture-launcher/app/src/main/java/com/easwareapps/g2l/MainActivity.java|line:135
AddEmptyString;PMD;/Users/rar9993/repos/research/fdroid_apps/native_apps/g2l-gesture-launcher/NONE_TRANSFORMED_;/Users/rar9993/repos/research/fdroid_apps/native_apps/g2l-gesture-launcher/app/src/main/java/com/easwareapps/g2l/MainActivity.java;file:/Users/rar9993/repos/research/fdroid_apps/native_apps/g2l-gesture-launcher/app/src/main/java/com/easwareapps/g2l/MainActivity.java|line:137
RedundantFieldInitializer;PMD;/Users/rar9993/repos/research/fdroid_apps/native_apps/g2l-gesture-launcher/NONE_TRANSFORMED_;/Users/rar9993/repos/research/fdroid_apps/native_apps/g2l-gesture-launcher/app/src/main/java/com/easwareapps/g2l/MainActivity.java;file:/Users/rar9993/repos/research/fdroid_apps/native_apps/g2l-gesture-launcher/app/src/main/java/com/easwareapps/g2l/MainActivity.java|line:143
AddEmptyString;PMD;/Users/rar9993/repos/research/fdroid_apps/native_apps/g2l-gesture-launcher/NONE_TRANSFORMED_;/Users/rar9993/repos/research/fdroid_apps/native_apps/g2l-gesture-launcher/app/src/main/java/com/easwareapps/g2l/MainActivity.java;file:/Users/rar9993/repos/research/fdroid_apps/native_apps/g2l-gesture-launcher/app/src/main/java/com/easwareapps/g2l/MainActivity.java|line:261
AvoidInstantiatingObjectsInLoops;PMD;/Users/rar9993/repos/research/fdroid_apps/native_apps/g2l-gesture-launcher/NONE_TRANSFORMED_;/Users/rar9993/repos/research/fdroid_apps/native_apps/g2l-gesture-launcher/app/src/main/java/com/easwareapps/g2l/MainActivity.java;file:/Users/rar9993/repos/research/fdroid_apps/native_apps/g2l-gesture-launcher/app/src/main/java/com/easwareapps/g2l/MainActivity.java|line:263
RedundantFieldInitializer;PMD;/Users/rar9993/repos/research/fdroid_apps/native_apps/g2l-gesture-launcher/NONE_TRANSFORMED_;/Users/rar9993/repos/research/fdroid_apps/native_apps/g2l-gesture-launcher/app/src/main/java/com/easwareapps/g2l/NavigationDrawerFragment.java;file:/Users/rar9993/repos/research/fdroid_apps/native_apps/g2l-gesture-launcher/app/src/main/java/com/easwareapps/g2l/NavigationDrawerFragment.java|line:77
RedundantFieldInitializer;PMD;/Users/rar9993/repos/research/fdroid_apps/native_apps/g2l-gesture-launcher/NONE_TRANSFORMED_;/Users/rar9993/repos/research/fdroid_apps/native_apps/g2l-gesture-launcher/app/src/main/java/com/easwareapps/g2l/PermissionRequestActivity.java;file:/Users/rar9993/repos/research/fdroid_apps/native_apps/g2l-gesture-launcher/app/src/main/java/com/easwareapps/g2l/PermissionRequestActivity.java|line:26
AvoidFileStream;PMD;/Users/rar9993/repos/research/fdroid_apps/native_apps/g2l-gesture-launcher/NONE_TRANSFORMED_;/Users/rar9993/repos/research/fdroid_apps/native_apps/g2l-gesture-launcher/app/src/main/java/com/easwareapps/g2l/QLIconChangerActivity.java;file:/Users/rar9993/repos/research/fdroid_apps/native_apps/g2l-gesture-launcher/app/src/main/java/com/easwareapps/g2l/QLIconChangerActivity.java|line:316
RedundantFieldInitializer;PMD;/Users/rar9993/repos/research/fdroid_apps/native_apps/g2l-gesture-launcher/NONE_TRANSFORMED_;/Users/rar9993/repos/research/fdroid_apps/native_apps/g2l-gesture-launcher/app/src/main/java/com/easwareapps/g2l/SelectActionActivity.java;file:/Users/rar9993/repos/research/fdroid_apps/native_apps/g2l-gesture-launcher/app/src/main/java/com/easwareapps/g2l/SelectActionActivity.java|line:58
RedundantFieldInitializer;PMD;/Users/rar9993/repos/research/fdroid_apps/native_apps/g2l-gesture-launcher/NONE_TRANSFORMED_;/Users/rar9993/repos/research/fdroid_apps/native_apps/g2l-gesture-launcher/app/src/main/java/com/easwareapps/g2l/SelectActionActivity.java;file:/Users/rar9993/repos/research/fdroid_apps/native_apps/g2l-gesture-launcher/app/src/main/java/com/easwareapps/g2l/SelectActionActivity.java|line:59
RedundantFieldInitializer;PMD;/Users/rar9993/repos/research/fdroid_apps/native_apps/g2l-gesture-launcher/NONE_TRANSFORMED_;/Users/rar9993/repos/research/fdroid_apps/native_apps/g2l-gesture-launcher/app/src/main/java/com/easwareapps/g2l/SelectActionActivity.java;file:/Users/rar9993/repos/research/fdroid_apps/native_apps/g2l-gesture-launcher/app/src/main/java/com/easwareapps/g2l/SelectActionActivity.java|line:60
RedundantFieldInitializer;PMD;/Users/rar9993/repos/research/fdroid_apps/native_apps/g2l-gesture-launcher/NONE_TRANSFORMED_;/Users/rar9993/repos/research/fdroid_apps/native_apps/g2l-gesture-launcher/app/src/main/java/com/easwareapps/g2l/SelectActionActivity.java;file:/Users/rar9993/repos/research/fdroid_apps/native_apps/g2l-gesture-launcher/app/src/main/java/com/easwareapps/g2l/SelectActionActivity.java|line:61
RedundantFieldInitializer;PMD;/Users/rar9993/repos/research/fdroid_apps/native_apps/g2l-gesture-launcher/NONE_TRANSFORMED_;/Users/rar9993/repos/research/fdroid_apps/native_apps/g2l-gesture-launcher/app/src/main/java/com/easwareapps/g2l/SelectActionActivity.java;file:/Users/rar9993/repos/research/fdroid_apps/native_apps/g2l-gesture-launcher/app/src/main/java/com/easwareapps/g2l/SelectActionActivity.java|line:62
RedundantFieldInitializer;PMD;/Users/rar9993/repos/research/fdroid_apps/native_apps/g2l-gesture-launcher/NONE_TRANSFORMED_;/Users/rar9993/repos/research/fdroid_apps/native_apps/g2l-gesture-launcher/app/src/main/java/com/easwareapps/g2l/SelectActionActivity.java;file:/Users/rar9993/repos/research/fdroid_apps/native_apps/g2l-gesture-launcher/app/src/main/java/com/easwareapps/g2l/SelectActionActivity.java|line:64
RedundantFieldInitializer;PMD;/Users/rar9993/repos/research/fdroid_apps/native_apps/g2l-gesture-launcher/NONE_TRANSFORMED_;/Users/rar9993/repos/research/fdroid_apps/native_apps/g2l-gesture-launcher/app/src/main/java/com/easwareapps/g2l/SettingsActivity.java;file:/Users/rar9993/repos/research/fdroid_apps/native_apps/g2l-gesture-launcher/app/src/main/java/com/easwareapps/g2l/SettingsActivity.java|line:55
RedundantFieldInitializer;PMD;/Users/rar9993/repos/research/fdroid_apps/native_apps/g2l-gesture-launcher/NONE_TRANSFORMED_;/Users/rar9993/repos/research/fdroid_apps/native_apps/g2l-gesture-launcher/app/src/main/java/com/easwareapps/g2l/SettingsActivity.java;file:/Users/rar9993/repos/research/fdroid_apps/native_apps/g2l-gesture-launcher/app/src/main/java/com/easwareapps/g2l/SettingsActivity.java|line:58
RedundantFieldInitializer;PMD;/Users/rar9993/repos/research/fdroid_apps/native_apps/g2l-gesture-launcher/NONE_TRANSFORMED_;/Users/rar9993/repos/research/fdroid_apps/native_apps/g2l-gesture-launcher/app/src/main/java/com/easwareapps/g2l/SettingsActivity.java;file:/Users/rar9993/repos/research/fdroid_apps/native_apps/g2l-gesture-launcher/app/src/main/java/com/easwareapps/g2l/SettingsActivity.java|line:59
RedundantFieldInitializer;PMD;/Users/rar9993/repos/research/fdroid_apps/native_apps/g2l-gesture-launcher/NONE_TRANSFORMED_;/Users/rar9993/repos/research/fdroid_apps/native_apps/g2l-gesture-launcher/app/src/main/java/com/easwareapps/g2l/SettingsActivity.java;file:/Users/rar9993/repos/research/fdroid_apps/native_apps/g2l-gesture-launcher/app/src/main/java/com/easwareapps/g2l/SettingsActivity.java|line:60
RedundantFieldInitializer;PMD;/Users/rar9993/repos/research/fdroid_apps/native_apps/g2l-gesture-launcher/NONE_TRANSFORMED_;/Users/rar9993/repos/research/fdroid_apps/native_apps/g2l-gesture-launcher/app/src/main/java/com/easwareapps/g2l/SettingsActivity.java;file:/Users/rar9993/repos/research/fdroid_apps/native_apps/g2l-gesture-launcher/app/src/main/java/com/easwareapps/g2l/SettingsActivity.java|line:61
RedundantFieldInitializer;PMD;/Users/rar9993/repos/research/fdroid_apps/native_apps/g2l-gesture-launcher/NONE_TRANSFORMED_;/Users/rar9993/repos/research/fdroid_apps/native_apps/g2l-gesture-launcher/app/src/main/java/com/easwareapps/g2l/SettingsActivity.java;file:/Users/rar9993/repos/research/fdroid_apps/native_apps/g2l-gesture-launcher/app/src/main/java/com/easwareapps/g2l/SettingsActivity.java|line:62
RedundantFieldInitializer;PMD;/Users/rar9993/repos/research/fdroid_apps/native_apps/g2l-gesture-launcher/NONE_TRANSFORMED_;/Users/rar9993/repos/research/fdroid_apps/native_apps/g2l-gesture-launcher/app/src/main/java/com/easwareapps/g2l/SettingsActivity.java;file:/Users/rar9993/repos/research/fdroid_apps/native_apps/g2l-gesture-launcher/app/src/main/java/com/easwareapps/g2l/SettingsActivity.java|line:64
RedundantFieldInitializer;PMD;/Users/rar9993/repos/research/fdroid_apps/native_apps/g2l-gesture-launcher/NONE_TRANSFORMED_;/Users/rar9993/repos/research/fdroid_apps/native_apps/g2l-gesture-launcher/app/src/main/java/com/easwareapps/g2l/SpecificActionActivity.java;file:/Users/rar9993/repos/research/fdroid_apps/native_apps/g2l-gesture-launcher/app/src/main/java/com/easwareapps/g2l/SpecificActionActivity.java|line:45
RedundantFieldInitializer;PMD;/Users/rar9993/repos/research/fdroid_apps/native_apps/g2l-gesture-launcher/NONE_TRANSFORMED_;/Users/rar9993/repos/research/fdroid_apps/native_apps/g2l-gesture-launcher/app/src/main/java/com/easwareapps/g2l/SpecificActionActivity.java;file:/Users/rar9993/repos/research/fdroid_apps/native_apps/g2l-gesture-launcher/app/src/main/java/com/easwareapps/g2l/SpecificActionActivity.java|line:46
RedundantFieldInitializer;PMD;/Users/rar9993/repos/research/fdroid_apps/native_apps/g2l-gesture-launcher/NONE_TRANSFORMED_;/Users/rar9993/repos/research/fdroid_apps/native_apps/g2l-gesture-launcher/app/src/main/java/com/easwareapps/g2l/SpecificActionActivity.java;file:/Users/rar9993/repos/research/fdroid_apps/native_apps/g2l-gesture-launcher/app/src/main/java/com/easwareapps/g2l/SpecificActionActivity.java|line:47
RedundantFieldInitializer;PMD;/Users/rar9993/repos/research/fdroid_apps/native_apps/g2l-gesture-launcher/NONE_TRANSFORMED_;/Users/rar9993/repos/research/fdroid_apps/native_apps/g2l-gesture-launcher/app/src/main/java/com/easwareapps/g2l/adapter/GestureAdapter.java;file:/Users/rar9993/repos/research/fdroid_apps/native_apps/g2l-gesture-launcher/app/src/main/java/com/easwareapps/g2l/adapter/GestureAdapter.java|line:58
RedundantFieldInitializer;PMD;/Users/rar9993/repos/research/fdroid_apps/native_apps/g2l-gesture-launcher/NONE_TRANSFORMED_;/Users/rar9993/repos/research/fdroid_apps/native_apps/g2l-gesture-launcher/app/src/main/java/com/easwareapps/g2l/adapter/GestureAdapter.java;file:/Users/rar9993/repos/research/fdroid_apps/native_apps/g2l-gesture-launcher/app/src/main/java/com/easwareapps/g2l/adapter/GestureAdapter.java|line:62
RedundantFieldInitializer;PMD;/Users/rar9993/repos/research/fdroid_apps/native_apps/g2l-gesture-launcher/NONE_TRANSFORMED_;/Users/rar9993/repos/research/fdroid_apps/native_apps/g2l-gesture-launcher/app/src/main/java/com/easwareapps/g2l/adapter/GestureAdapter.java;file:/Users/rar9993/repos/research/fdroid_apps/native_apps/g2l-gesture-launcher/app/src/main/java/com/easwareapps/g2l/adapter/GestureAdapter.java|line:137
RedundantFieldInitializer;PMD;/Users/rar9993/repos/research/fdroid_apps/native_apps/g2l-gesture-launcher/NONE_TRANSFORMED_;/Users/rar9993/repos/research/fdroid_apps/native_apps/g2l-gesture-launcher/app/src/main/java/com/easwareapps/g2l/adapter/GestureAdapter.java;file:/Users/rar9993/repos/research/fdroid_apps/native_apps/g2l-gesture-launcher/app/src/main/java/com/easwareapps/g2l/adapter/GestureAdapter.java|line:138
RedundantFieldInitializer;PMD;/Users/rar9993/repos/research/fdroid_apps/native_apps/g2l-gesture-launcher/NONE_TRANSFORMED_;/Users/rar9993/repos/research/fdroid_apps/native_apps/g2l-gesture-launcher/app/src/main/java/com/easwareapps/g2l/fragment/BackupRestoreFragment.java;file:/Users/rar9993/repos/research/fdroid_apps/native_apps/g2l-gesture-launcher/app/src/main/java/com/easwareapps/g2l/fragment/BackupRestoreFragment.java|line:74
RedundantFieldInitializer;PMD;/Users/rar9993/repos/research/fdroid_apps/native_apps/g2l-gesture-launcher/NONE_TRANSFORMED_;/Users/rar9993/repos/research/fdroid_apps/native_apps/g2l-gesture-launcher/app/src/main/java/com/easwareapps/g2l/fragment/BackupRestoreFragment.java;file:/Users/rar9993/repos/research/fdroid_apps/native_apps/g2l-gesture-launcher/app/src/main/java/com/easwareapps/g2l/fragment/BackupRestoreFragment.java|line:75
AvoidFileStream;PMD;/Users/rar9993/repos/research/fdroid_apps/native_apps/g2l-gesture-launcher/NONE_TRANSFORMED_;/Users/rar9993/repos/research/fdroid_apps/native_apps/g2l-gesture-launcher/app/src/main/java/com/easwareapps/g2l/fragment/BackupRestoreFragment.java;file:/Users/rar9993/repos/research/fdroid_apps/native_apps/g2l-gesture-launcher/app/src/main/java/com/easwareapps/g2l/fragment/BackupRestoreFragment.java|line:196
AvoidFileStream;PMD;/Users/rar9993/repos/research/fdroid_apps/native_apps/g2l-gesture-launcher/NONE_TRANSFORMED_;/Users/rar9993/repos/research/fdroid_apps/native_apps/g2l-gesture-launcher/app/src/main/java/com/easwareapps/g2l/fragment/BackupRestoreFragment.java;file:/Users/rar9993/repos/research/fdroid_apps/native_apps/g2l-gesture-launcher/app/src/main/java/com/easwareapps/g2l/fragment/BackupRestoreFragment.java|line:226
AvoidInstantiatingObjectsInLoops;PMD;/Users/rar9993/repos/research/fdroid_apps/native_apps/g2l-gesture-launcher/NONE_TRANSFORMED_;/Users/rar9993/repos/research/fdroid_apps/native_apps/g2l-gesture-launcher/app/src/main/java/com/easwareapps/g2l/fragment/BackupRestoreFragment.java;file:/Users/rar9993/repos/research/fdroid_apps/native_apps/g2l-gesture-launcher/app/src/main/java/com/easwareapps/g2l/fragment/BackupRestoreFragment.java|line:272
AvoidInstantiatingObjectsInLoops;PMD;/Users/rar9993/repos/research/fdroid_apps/native_apps/g2l-gesture-launcher/NONE_TRANSFORMED_;/Users/rar9993/repos/research/fdroid_apps/native_apps/g2l-gesture-launcher/app/src/main/java/com/easwareapps/g2l/fragment/BackupRestoreFragment.java;file:/Users/rar9993/repos/research/fdroid_apps/native_apps/g2l-gesture-launcher/app/src/main/java/com/easwareapps/g2l/fragment/BackupRestoreFragment.java|line:272
AvoidInstantiatingObjectsInLoops;PMD;/Users/rar9993/repos/research/fdroid_apps/native_apps/g2l-gesture-launcher/NONE_TRANSFORMED_;/Users/rar9993/repos/research/fdroid_apps/native_apps/g2l-gesture-launcher/app/src/main/java/com/easwareapps/g2l/fragment/BackupRestoreFragment.java;file:/Users/rar9993/repos/research/fdroid_apps/native_apps/g2l-gesture-launcher/app/src/main/java/com/easwareapps/g2l/fragment/BackupRestoreFragment.java|line:331
AvoidInstantiatingObjectsInLoops;PMD;/Users/rar9993/repos/research/fdroid_apps/native_apps/g2l-gesture-launcher/NONE_TRANSFORMED_;/Users/rar9993/repos/research/fdroid_apps/native_apps/g2l-gesture-launcher/app/src/main/java/com/easwareapps/g2l/fragment/BackupRestoreFragment.java;file:/Users/rar9993/repos/research/fdroid_apps/native_apps/g2l-gesture-launcher/app/src/main/java/com/easwareapps/g2l/fragment/BackupRestoreFragment.java|line:331
AvoidFileStream;PMD;/Users/rar9993/repos/research/fdroid_apps/native_apps/g2l-gesture-launcher/NONE_TRANSFORMED_;/Users/rar9993/repos/research/fdroid_apps/native_apps/g2l-gesture-launcher/app/src/main/java/com/easwareapps/g2l/fragment/BackupRestoreFragment.java;file:/Users/rar9993/repos/research/fdroid_apps/native_apps/g2l-gesture-launcher/app/src/main/java/com/easwareapps/g2l/fragment/BackupRestoreFragment.java|line:345
AvoidFileStream;PMD;/Users/rar9993/repos/research/fdroid_apps/native_apps/g2l-gesture-launcher/NONE_TRANSFORMED_;/Users/rar9993/repos/research/fdroid_apps/native_apps/g2l-gesture-launcher/app/src/main/java/com/easwareapps/g2l/fragment/BackupRestoreFragment.java;file:/Users/rar9993/repos/research/fdroid_apps/native_apps/g2l-gesture-launcher/app/src/main/java/com/easwareapps/g2l/fragment/BackupRestoreFragment.java|line:451
AvoidFileStream;PMD;/Users/rar9993/repos/research/fdroid_apps/native_apps/g2l-gesture-launcher/NONE_TRANSFORMED_;/Users/rar9993/repos/research/fdroid_apps/native_apps/g2l-gesture-launcher/app/src/main/java/com/easwareapps/g2l/fragment/BackupRestoreFragment.java;file:/Users/rar9993/repos/research/fdroid_apps/native_apps/g2l-gesture-launcher/app/src/main/java/com/easwareapps/g2l/fragment/BackupRestoreFragment.java|line:492
AvoidFileStream;PMD;/Users/rar9993/repos/research/fdroid_apps/native_apps/g2l-gesture-launcher/NONE_TRANSFORMED_;/Users/rar9993/repos/research/fdroid_apps/native_apps/g2l-gesture-launcher/app/src/main/java/com/easwareapps/g2l/fragment/BackupRestoreFragment.java;file:/Users/rar9993/repos/research/fdroid_apps/native_apps/g2l-gesture-launcher/app/src/main/java/com/easwareapps/g2l/fragment/BackupRestoreFragment.java|line:493
RedundantFieldInitializer;PMD;/Users/rar9993/repos/research/fdroid_apps/native_apps/g2l-gesture-launcher/NONE_TRANSFORMED_;/Users/rar9993/repos/research/fdroid_apps/native_apps/g2l-gesture-launcher/app/src/main/java/com/easwareapps/g2l/fragment/GestureSettingFragment.java;file:/Users/rar9993/repos/research/fdroid_apps/native_apps/g2l-gesture-launcher/app/src/main/java/com/easwareapps/g2l/fragment/GestureSettingFragment.java|line:48
RedundantFieldInitializer;PMD;/Users/rar9993/repos/research/fdroid_apps/native_apps/g2l-gesture-launcher/NONE_TRANSFORMED_;/Users/rar9993/repos/research/fdroid_apps/native_apps/g2l-gesture-launcher/app/src/main/java/com/easwareapps/g2l/fragment/GestureSettingFragment.java;file:/Users/rar9993/repos/research/fdroid_apps/native_apps/g2l-gesture-launcher/app/src/main/java/com/easwareapps/g2l/fragment/GestureSettingFragment.java|line:49
RedundantFieldInitializer;PMD;/Users/rar9993/repos/research/fdroid_apps/native_apps/g2l-gesture-launcher/NONE_TRANSFORMED_;/Users/rar9993/repos/research/fdroid_apps/native_apps/g2l-gesture-launcher/app/src/main/java/com/easwareapps/g2l/fragment/GestureSettingFragment.java;file:/Users/rar9993/repos/research/fdroid_apps/native_apps/g2l-gesture-launcher/app/src/main/java/com/easwareapps/g2l/fragment/GestureSettingFragment.java|line:50
RedundantFieldInitializer;PMD;/Users/rar9993/repos/research/fdroid_apps/native_apps/g2l-gesture-launcher/NONE_TRANSFORMED_;/Users/rar9993/repos/research/fdroid_apps/native_apps/g2l-gesture-launcher/app/src/main/java/com/easwareapps/g2l/fragment/GestureSettingFragment.java;file:/Users/rar9993/repos/research/fdroid_apps/native_apps/g2l-gesture-launcher/app/src/main/java/com/easwareapps/g2l/fragment/GestureSettingFragment.java|line:51
RedundantFieldInitializer;PMD;/Users/rar9993/repos/research/fdroid_apps/native_apps/g2l-gesture-launcher/NONE_TRANSFORMED_;/Users/rar9993/repos/research/fdroid_apps/native_apps/g2l-gesture-launcher/app/src/main/java/com/easwareapps/g2l/fragment/GestureSettingFragment.java;file:/Users/rar9993/repos/research/fdroid_apps/native_apps/g2l-gesture-launcher/app/src/main/java/com/easwareapps/g2l/fragment/GestureSettingFragment.java|line:52
RedundantFieldInitializer;PMD;/Users/rar9993/repos/research/fdroid_apps/native_apps/g2l-gesture-launcher/NONE_TRANSFORMED_;/Users/rar9993/repos/research/fdroid_apps/native_apps/g2l-gesture-launcher/app/src/main/java/com/easwareapps/g2l/fragment/GestureSettingFragment.java;file:/Users/rar9993/repos/research/fdroid_apps/native_apps/g2l-gesture-launcher/app/src/main/java/com/easwareapps/g2l/fragment/GestureSettingFragment.java|line:53
RedundantFieldInitializer;PMD;/Users/rar9993/repos/research/fdroid_apps/native_apps/g2l-gesture-launcher/NONE_TRANSFORMED_;/Users/rar9993/repos/research/fdroid_apps/native_apps/g2l-gesture-launcher/app/src/main/java/com/easwareapps/g2l/fragment/GestureSettingFragment.java;file:/Users/rar9993/repos/research/fdroid_apps/native_apps/g2l-gesture-launcher/app/src/main/java/com/easwareapps/g2l/fragment/GestureSettingFragment.java|line:54
AddEmptyString;PMD;/Users/rar9993/repos/research/fdroid_apps/native_apps/g2l-gesture-launcher/NONE_TRANSFORMED_;/Users/rar9993/repos/research/fdroid_apps/native_apps/g2l-gesture-launcher/app/src/main/java/com/easwareapps/g2l/fragment/GestureSettingFragment.java;file:/Users/rar9993/repos/research/fdroid_apps/native_apps/g2l-gesture-launcher/app/src/main/java/com/easwareapps/g2l/fragment/GestureSettingFragment.java|line:104
AddEmptyString;PMD;/Users/rar9993/repos/research/fdroid_apps/native_apps/g2l-gesture-launcher/NONE_TRANSFORMED_;/Users/rar9993/repos/research/fdroid_apps/native_apps/g2l-gesture-launcher/app/src/main/java/com/easwareapps/g2l/fragment/GestureSettingFragment.java;file:/Users/rar9993/repos/research/fdroid_apps/native_apps/g2l-gesture-launcher/app/src/main/java/com/easwareapps/g2l/fragment/GestureSettingFragment.java|line:109
AddEmptyString;PMD;/Users/rar9993/repos/research/fdroid_apps/native_apps/g2l-gesture-launcher/NONE_TRANSFORMED_;/Users/rar9993/repos/research/fdroid_apps/native_apps/g2l-gesture-launcher/app/src/main/java/com/easwareapps/g2l/fragment/GestureSettingFragment.java;file:/Users/rar9993/repos/research/fdroid_apps/native_apps/g2l-gesture-launcher/app/src/main/java/com/easwareapps/g2l/fragment/GestureSettingFragment.java|line:117
AddEmptyString;PMD;/Users/rar9993/repos/research/fdroid_apps/native_apps/g2l-gesture-launcher/NONE_TRANSFORMED_;/Users/rar9993/repos/research/fdroid_apps/native_apps/g2l-gesture-launcher/app/src/main/java/com/easwareapps/g2l/fragment/GestureSettingFragment.java;file:/Users/rar9993/repos/research/fdroid_apps/native_apps/g2l-gesture-launcher/app/src/main/java/com/easwareapps/g2l/fragment/GestureSettingFragment.java|line:150
AddEmptyString;PMD;/Users/rar9993/repos/research/fdroid_apps/native_apps/g2l-gesture-launcher/NONE_TRANSFORMED_;/Users/rar9993/repos/research/fdroid_apps/native_apps/g2l-gesture-launcher/app/src/main/java/com/easwareapps/g2l/fragment/GestureSettingFragment.java;file:/Users/rar9993/repos/research/fdroid_apps/native_apps/g2l-gesture-launcher/app/src/main/java/com/easwareapps/g2l/fragment/GestureSettingFragment.java|line:153
RedundantFieldInitializer;PMD;/Users/rar9993/repos/research/fdroid_apps/native_apps/g2l-gesture-launcher/NONE_TRANSFORMED_;/Users/rar9993/repos/research/fdroid_apps/native_apps/g2l-gesture-launcher/app/src/main/java/com/easwareapps/g2l/fragment/OtherSettingsFragment.java;file:/Users/rar9993/repos/research/fdroid_apps/native_apps/g2l-gesture-launcher/app/src/main/java/com/easwareapps/g2l/fragment/OtherSettingsFragment.java|line:52
RedundantFieldInitializer;PMD;/Users/rar9993/repos/research/fdroid_apps/native_apps/g2l-gesture-launcher/NONE_TRANSFORMED_;/Users/rar9993/repos/research/fdroid_apps/native_apps/g2l-gesture-launcher/app/src/main/java/com/easwareapps/g2l/fragment/OtherSettingsFragment.java;file:/Users/rar9993/repos/research/fdroid_apps/native_apps/g2l-gesture-launcher/app/src/main/java/com/easwareapps/g2l/fragment/OtherSettingsFragment.java|line:53
RedundantFieldInitializer;PMD;/Users/rar9993/repos/research/fdroid_apps/native_apps/g2l-gesture-launcher/NONE_TRANSFORMED_;/Users/rar9993/repos/research/fdroid_apps/native_apps/g2l-gesture-launcher/app/src/main/java/com/easwareapps/g2l/fragment/OtherSettingsFragment.java;file:/Users/rar9993/repos/research/fdroid_apps/native_apps/g2l-gesture-launcher/app/src/main/java/com/easwareapps/g2l/fragment/OtherSettingsFragment.java|line:54
AddEmptyString;PMD;/Users/rar9993/repos/research/fdroid_apps/native_apps/g2l-gesture-launcher/NONE_TRANSFORMED_;/Users/rar9993/repos/research/fdroid_apps/native_apps/g2l-gesture-launcher/app/src/main/java/com/easwareapps/g2l/fragment/OtherSettingsFragment.java;file:/Users/rar9993/repos/research/fdroid_apps/native_apps/g2l-gesture-launcher/app/src/main/java/com/easwareapps/g2l/fragment/OtherSettingsFragment.java|line:117
AddEmptyString;PMD;/Users/rar9993/repos/research/fdroid_apps/native_apps/g2l-gesture-launcher/NONE_TRANSFORMED_;/Users/rar9993/repos/research/fdroid_apps/native_apps/g2l-gesture-launcher/app/src/main/java/com/easwareapps/g2l/fragment/OtherSettingsFragment.java;file:/Users/rar9993/repos/research/fdroid_apps/native_apps/g2l-gesture-launcher/app/src/main/java/com/easwareapps/g2l/fragment/OtherSettingsFragment.java|line:184
RedundantFieldInitializer;PMD;/Users/rar9993/repos/research/fdroid_apps/native_apps/g2l-gesture-launcher/NONE_TRANSFORMED_;/Users/rar9993/repos/research/fdroid_apps/native_apps/g2l-gesture-launcher/app/src/main/java/com/easwareapps/g2l/fragment/QuickLauncherFragment.java;file:/Users/rar9993/repos/research/fdroid_apps/native_apps/g2l-gesture-launcher/app/src/main/java/com/easwareapps/g2l/fragment/QuickLauncherFragment.java|line:63
RedundantFieldInitializer;PMD;/Users/rar9993/repos/research/fdroid_apps/native_apps/g2l-gesture-launcher/NONE_TRANSFORMED_;/Users/rar9993/repos/research/fdroid_apps/native_apps/g2l-gesture-launcher/app/src/main/java/com/easwareapps/g2l/fragment/QuickLauncherFragment.java;file:/Users/rar9993/repos/research/fdroid_apps/native_apps/g2l-gesture-launcher/app/src/main/java/com/easwareapps/g2l/fragment/QuickLauncherFragment.java|line:64
RedundantFieldInitializer;PMD;/Users/rar9993/repos/research/fdroid_apps/native_apps/g2l-gesture-launcher/NONE_TRANSFORMED_;/Users/rar9993/repos/research/fdroid_apps/native_apps/g2l-gesture-launcher/app/src/main/java/com/easwareapps/g2l/fragment/QuickLauncherFragment.java;file:/Users/rar9993/repos/research/fdroid_apps/native_apps/g2l-gesture-launcher/app/src/main/java/com/easwareapps/g2l/fragment/QuickLauncherFragment.java|line:65
RedundantFieldInitializer;PMD;/Users/rar9993/repos/research/fdroid_apps/native_apps/g2l-gesture-launcher/NONE_TRANSFORMED_;/Users/rar9993/repos/research/fdroid_apps/native_apps/g2l-gesture-launcher/app/src/main/java/com/easwareapps/g2l/fragment/QuickLauncherFragment.java;file:/Users/rar9993/repos/research/fdroid_apps/native_apps/g2l-gesture-launcher/app/src/main/java/com/easwareapps/g2l/fragment/QuickLauncherFragment.java|line:66
RedundantFieldInitializer;PMD;/Users/rar9993/repos/research/fdroid_apps/native_apps/g2l-gesture-launcher/NONE_TRANSFORMED_;/Users/rar9993/repos/research/fdroid_apps/native_apps/g2l-gesture-launcher/app/src/main/java/com/easwareapps/g2l/fragment/QuickLauncherFragment.java;file:/Users/rar9993/repos/research/fdroid_apps/native_apps/g2l-gesture-launcher/app/src/main/java/com/easwareapps/g2l/fragment/QuickLauncherFragment.java|line:67
RedundantFieldInitializer;PMD;/Users/rar9993/repos/research/fdroid_apps/native_apps/g2l-gesture-launcher/NONE_TRANSFORMED_;/Users/rar9993/repos/research/fdroid_apps/native_apps/g2l-gesture-launcher/app/src/main/java/com/easwareapps/g2l/fragment/QuickLauncherFragment.java;file:/Users/rar9993/repos/research/fdroid_apps/native_apps/g2l-gesture-launcher/app/src/main/java/com/easwareapps/g2l/fragment/QuickLauncherFragment.java|line:68
RedundantFieldInitializer;PMD;/Users/rar9993/repos/research/fdroid_apps/native_apps/g2l-gesture-launcher/NONE_TRANSFORMED_;/Users/rar9993/repos/research/fdroid_apps/native_apps/g2l-gesture-launcher/app/src/main/java/com/easwareapps/g2l/fragment/QuickLauncherFragment.java;file:/Users/rar9993/repos/research/fdroid_apps/native_apps/g2l-gesture-launcher/app/src/main/java/com/easwareapps/g2l/fragment/QuickLauncherFragment.java|line:69
AddEmptyString;PMD;/Users/rar9993/repos/research/fdroid_apps/native_apps/g2l-gesture-launcher/NONE_TRANSFORMED_;/Users/rar9993/repos/research/fdroid_apps/native_apps/g2l-gesture-launcher/app/src/main/java/com/easwareapps/g2l/fragment/QuickLauncherFragment.java;file:/Users/rar9993/repos/research/fdroid_apps/native_apps/g2l-gesture-launcher/app/src/main/java/com/easwareapps/g2l/fragment/QuickLauncherFragment.java|line:255
RedundantFieldInitializer;PMD;/Users/rar9993/repos/research/fdroid_apps/native_apps/g2l-gesture-launcher/NONE_TRANSFORMED_;/Users/rar9993/repos/research/fdroid_apps/native_apps/g2l-gesture-launcher/app/src/main/java/com/easwareapps/g2l/fragment/SelectAppFragment.java;file:/Users/rar9993/repos/research/fdroid_apps/native_apps/g2l-gesture-launcher/app/src/main/java/com/easwareapps/g2l/fragment/SelectAppFragment.java|line:57
RedundantFieldInitializer;PMD;/Users/rar9993/repos/research/fdroid_apps/native_apps/g2l-gesture-launcher/NONE_TRANSFORMED_;/Users/rar9993/repos/research/fdroid_apps/native_apps/g2l-gesture-launcher/app/src/main/java/com/easwareapps/g2l/fragment/SelectAppFragment.java;file:/Users/rar9993/repos/research/fdroid_apps/native_apps/g2l-gesture-launcher/app/src/main/java/com/easwareapps/g2l/fragment/SelectAppFragment.java|line:58
RedundantFieldInitializer;PMD;/Users/rar9993/repos/research/fdroid_apps/native_apps/g2l-gesture-launcher/NONE_TRANSFORMED_;/Users/rar9993/repos/research/fdroid_apps/native_apps/g2l-gesture-launcher/app/src/main/java/com/easwareapps/g2l/fragment/SelectAppFragment.java;file:/Users/rar9993/repos/research/fdroid_apps/native_apps/g2l-gesture-launcher/app/src/main/java/com/easwareapps/g2l/fragment/SelectAppFragment.java|line:59
RedundantFieldInitializer;PMD;/Users/rar9993/repos/research/fdroid_apps/native_apps/g2l-gesture-launcher/NONE_TRANSFORMED_;/Users/rar9993/repos/research/fdroid_apps/native_apps/g2l-gesture-launcher/app/src/main/java/com/easwareapps/g2l/fragment/SelectAppFragment.java;file:/Users/rar9993/repos/research/fdroid_apps/native_apps/g2l-gesture-launcher/app/src/main/java/com/easwareapps/g2l/fragment/SelectAppFragment.java|line:60
StringInstantiation;PMD;/Users/rar9993/repos/research/fdroid_apps/native_apps/g2l-gesture-launcher/NONE_TRANSFORMED_;/Users/rar9993/repos/research/fdroid_apps/native_apps/g2l-gesture-launcher/app/src/main/java/com/easwareapps/g2l/fragment/SelectAppFragment.java;file:/Users/rar9993/repos/research/fdroid_apps/native_apps/g2l-gesture-launcher/app/src/main/java/com/easwareapps/g2l/fragment/SelectAppFragment.java|line:136
RedundantFieldInitializer;PMD;/Users/rar9993/repos/research/fdroid_apps/native_apps/g2l-gesture-launcher/NONE_TRANSFORMED_;/Users/rar9993/repos/research/fdroid_apps/native_apps/g2l-gesture-launcher/app/src/main/java/com/easwareapps/g2l/fragment/SelectAppFragment.java;file:/Users/rar9993/repos/research/fdroid_apps/native_apps/g2l-gesture-launcher/app/src/main/java/com/easwareapps/g2l/fragment/SelectAppFragment.java|line:182
RedundantFieldInitializer;PMD;/Users/rar9993/repos/research/fdroid_apps/native_apps/g2l-gesture-launcher/NONE_TRANSFORMED_;/Users/rar9993/repos/research/fdroid_apps/native_apps/g2l-gesture-launcher/app/src/main/java/com/easwareapps/g2l/fragment/SelectContactFragment.java;file:/Users/rar9993/repos/research/fdroid_apps/native_apps/g2l-gesture-launcher/app/src/main/java/com/easwareapps/g2l/fragment/SelectContactFragment.java|line:69
RedundantFieldInitializer;PMD;/Users/rar9993/repos/research/fdroid_apps/native_apps/g2l-gesture-launcher/NONE_TRANSFORMED_;/Users/rar9993/repos/research/fdroid_apps/native_apps/g2l-gesture-launcher/app/src/main/java/com/easwareapps/g2l/fragment/SelectContactFragment.java;file:/Users/rar9993/repos/research/fdroid_apps/native_apps/g2l-gesture-launcher/app/src/main/java/com/easwareapps/g2l/fragment/SelectContactFragment.java|line:224
StringInstantiation;PMD;/Users/rar9993/repos/research/fdroid_apps/native_apps/g2l-gesture-launcher/NONE_TRANSFORMED_;/Users/rar9993/repos/research/fdroid_apps/native_apps/g2l-gesture-launcher/app/src/main/java/com/easwareapps/g2l/fragment/SelectContactFragment.java;file:/Users/rar9993/repos/research/fdroid_apps/native_apps/g2l-gesture-launcher/app/src/main/java/com/easwareapps/g2l/fragment/SelectContactFragment.java|line:314
StringInstantiation;PMD;/Users/rar9993/repos/research/fdroid_apps/native_apps/g2l-gesture-launcher/NONE_TRANSFORMED_;/Users/rar9993/repos/research/fdroid_apps/native_apps/g2l-gesture-launcher/app/src/main/java/com/easwareapps/g2l/fragment/SelectContactFragment.java;file:/Users/rar9993/repos/research/fdroid_apps/native_apps/g2l-gesture-launcher/app/src/main/java/com/easwareapps/g2l/fragment/SelectContactFragment.java|line:315
AddEmptyString;PMD;/Users/rar9993/repos/research/fdroid_apps/native_apps/g2l-gesture-launcher/NONE_TRANSFORMED_;/Users/rar9993/repos/research/fdroid_apps/native_apps/g2l-gesture-launcher/app/src/main/java/com/easwareapps/g2l/fragment/SelectContactFragment.java;file:/Users/rar9993/repos/research/fdroid_apps/native_apps/g2l-gesture-launcher/app/src/main/java/com/easwareapps/g2l/fragment/SelectContactFragment.java|line:335
StringInstantiation;PMD;/Users/rar9993/repos/research/fdroid_apps/native_apps/g2l-gesture-launcher/NONE_TRANSFORMED_;/Users/rar9993/repos/research/fdroid_apps/native_apps/g2l-gesture-launcher/app/src/main/java/com/easwareapps/g2l/fragment/SelectContactFragment.java;file:/Users/rar9993/repos/research/fdroid_apps/native_apps/g2l-gesture-launcher/app/src/main/java/com/easwareapps/g2l/fragment/SelectContactFragment.java|line:341
StringInstantiation;PMD;/Users/rar9993/repos/research/fdroid_apps/native_apps/g2l-gesture-launcher/NONE_TRANSFORMED_;/Users/rar9993/repos/research/fdroid_apps/native_apps/g2l-gesture-launcher/app/src/main/java/com/easwareapps/g2l/fragment/SelectContactFragment.java;file:/Users/rar9993/repos/research/fdroid_apps/native_apps/g2l-gesture-launcher/app/src/main/java/com/easwareapps/g2l/fragment/SelectContactFragment.java|line:342
RedundantFieldInitializer;PMD;/Users/rar9993/repos/research/fdroid_apps/native_apps/g2l-gesture-launcher/NONE_TRANSFORMED_;/Users/rar9993/repos/research/fdroid_apps/native_apps/g2l-gesture-launcher/app/src/main/java/com/easwareapps/g2l/fragment/SelectSpecificActionFragment.java;file:/Users/rar9993/repos/research/fdroid_apps/native_apps/g2l-gesture-launcher/app/src/main/java/com/easwareapps/g2l/fragment/SelectSpecificActionFragment.java|line:72
RedundantFieldInitializer;PMD;/Users/rar9993/repos/research/fdroid_apps/native_apps/g2l-gesture-launcher/NONE_TRANSFORMED_;/Users/rar9993/repos/research/fdroid_apps/native_apps/g2l-gesture-launcher/app/src/main/java/com/easwareapps/g2l/fragment/SelectSpecificActionFragment.java;file:/Users/rar9993/repos/research/fdroid_apps/native_apps/g2l-gesture-launcher/app/src/main/java/com/easwareapps/g2l/fragment/SelectSpecificActionFragment.java|line:73
AddEmptyString;PMD;/Users/rar9993/repos/research/fdroid_apps/native_apps/g2l-gesture-launcher/NONE_TRANSFORMED_;/Users/rar9993/repos/research/fdroid_apps/native_apps/g2l-gesture-launcher/app/src/main/java/com/easwareapps/g2l/fragment/SelectSpecificActionFragment.java;file:/Users/rar9993/repos/research/fdroid_apps/native_apps/g2l-gesture-launcher/app/src/main/java/com/easwareapps/g2l/fragment/SelectSpecificActionFragment.java|line:158
AddEmptyString;PMD;/Users/rar9993/repos/research/fdroid_apps/native_apps/g2l-gesture-launcher/NONE_TRANSFORMED_;/Users/rar9993/repos/research/fdroid_apps/native_apps/g2l-gesture-launcher/app/src/main/java/com/easwareapps/g2l/fragment/SelectSpecificActionFragment.java;file:/Users/rar9993/repos/research/fdroid_apps/native_apps/g2l-gesture-launcher/app/src/main/java/com/easwareapps/g2l/fragment/SelectSpecificActionFragment.java|line:161
RedundantFieldInitializer;PMD;/Users/rar9993/repos/research/fdroid_apps/native_apps/g2l-gesture-launcher/NONE_TRANSFORMED_;/Users/rar9993/repos/research/fdroid_apps/native_apps/g2l-gesture-launcher/app/src/main/java/com/easwareapps/g2l/fragment/SelectURLFragment.java;file:/Users/rar9993/repos/research/fdroid_apps/native_apps/g2l-gesture-launcher/app/src/main/java/com/easwareapps/g2l/fragment/SelectURLFragment.java|line:52
RedundantFieldInitializer;PMD;/Users/rar9993/repos/research/fdroid_apps/native_apps/g2l-gesture-launcher/NONE_TRANSFORMED_;/Users/rar9993/repos/research/fdroid_apps/native_apps/g2l-gesture-launcher/app/src/main/java/com/easwareapps/g2l/fragment/SelectURLFragment.java;file:/Users/rar9993/repos/research/fdroid_apps/native_apps/g2l-gesture-launcher/app/src/main/java/com/easwareapps/g2l/fragment/SelectURLFragment.java|line:53
RedundantFieldInitializer;PMD;/Users/rar9993/repos/research/fdroid_apps/native_apps/g2l-gesture-launcher/NONE_TRANSFORMED_;/Users/rar9993/repos/research/fdroid_apps/native_apps/g2l-gesture-launcher/app/src/main/java/com/easwareapps/g2l/fragment/SelectURLFragment.java;file:/Users/rar9993/repos/research/fdroid_apps/native_apps/g2l-gesture-launcher/app/src/main/java/com/easwareapps/g2l/fragment/SelectURLFragment.java|line:54
RedundantFieldInitializer;PMD;/Users/rar9993/repos/research/fdroid_apps/native_apps/g2l-gesture-launcher/NONE_TRANSFORMED_;/Users/rar9993/repos/research/fdroid_apps/native_apps/g2l-gesture-launcher/app/src/main/java/com/easwareapps/g2l/fragment/SelectURLFragment.java;file:/Users/rar9993/repos/research/fdroid_apps/native_apps/g2l-gesture-launcher/app/src/main/java/com/easwareapps/g2l/fragment/SelectURLFragment.java|line:55
RedundantFieldInitializer;PMD;/Users/rar9993/repos/research/fdroid_apps/native_apps/g2l-gesture-launcher/NONE_TRANSFORMED_;/Users/rar9993/repos/research/fdroid_apps/native_apps/g2l-gesture-launcher/app/src/main/java/com/easwareapps/g2l/fragment/SelectURLFragment.java;file:/Users/rar9993/repos/research/fdroid_apps/native_apps/g2l-gesture-launcher/app/src/main/java/com/easwareapps/g2l/fragment/SelectURLFragment.java|line:100
RedundantFieldInitializer;PMD;/Users/rar9993/repos/research/fdroid_apps/native_apps/g2l-gesture-launcher/NONE_TRANSFORMED_;/Users/rar9993/repos/research/fdroid_apps/native_apps/g2l-gesture-launcher/app/src/main/java/com/easwareapps/g2l/fragment/SettingsFragment.java;file:/Users/rar9993/repos/research/fdroid_apps/native_apps/g2l-gesture-launcher/app/src/main/java/com/easwareapps/g2l/fragment/SettingsFragment.java|line:39
RedundantFieldInitializer;PMD;/Users/rar9993/repos/research/fdroid_apps/native_apps/g2l-gesture-launcher/NONE_TRANSFORMED_;/Users/rar9993/repos/research/fdroid_apps/native_apps/g2l-gesture-launcher/app/src/main/java/com/easwareapps/g2l/fragment/SettingsFragment.java;file:/Users/rar9993/repos/research/fdroid_apps/native_apps/g2l-gesture-launcher/app/src/main/java/com/easwareapps/g2l/fragment/SettingsFragment.java|line:40
RedundantFieldInitializer;PMD;/Users/rar9993/repos/research/fdroid_apps/native_apps/g2l-gesture-launcher/NONE_TRANSFORMED_;/Users/rar9993/repos/research/fdroid_apps/native_apps/g2l-gesture-launcher/app/src/main/java/com/easwareapps/g2l/fragment/SettingsFragment.java;file:/Users/rar9993/repos/research/fdroid_apps/native_apps/g2l-gesture-launcher/app/src/main/java/com/easwareapps/g2l/fragment/SettingsFragment.java|line:41
RedundantFieldInitializer;PMD;/Users/rar9993/repos/research/fdroid_apps/native_apps/g2l-gesture-launcher/NONE_TRANSFORMED_;/Users/rar9993/repos/research/fdroid_apps/native_apps/g2l-gesture-launcher/app/src/main/java/com/easwareapps/g2l/fragment/SettingsFragment.java;file:/Users/rar9993/repos/research/fdroid_apps/native_apps/g2l-gesture-launcher/app/src/main/java/com/easwareapps/g2l/fragment/SettingsFragment.java|line:42
RedundantFieldInitializer;PMD;/Users/rar9993/repos/research/fdroid_apps/native_apps/g2l-gesture-launcher/NONE_TRANSFORMED_;/Users/rar9993/repos/research/fdroid_apps/native_apps/g2l-gesture-launcher/app/src/main/java/com/easwareapps/g2l/fragment/SettingsFragment.java;file:/Users/rar9993/repos/research/fdroid_apps/native_apps/g2l-gesture-launcher/app/src/main/java/com/easwareapps/g2l/fragment/SettingsFragment.java|line:43
RedundantFieldInitializer;PMD;/Users/rar9993/repos/research/fdroid_apps/native_apps/g2l-gesture-launcher/NONE_TRANSFORMED_;/Users/rar9993/repos/research/fdroid_apps/native_apps/g2l-gesture-launcher/app/src/main/java/com/easwareapps/g2l/fragment/SwipeLauncherFragment.java;file:/Users/rar9993/repos/research/fdroid_apps/native_apps/g2l-gesture-launcher/app/src/main/java/com/easwareapps/g2l/fragment/SwipeLauncherFragment.java|line:58
RedundantFieldInitializer;PMD;/Users/rar9993/repos/research/fdroid_apps/native_apps/g2l-gesture-launcher/NONE_TRANSFORMED_;/Users/rar9993/repos/research/fdroid_apps/native_apps/g2l-gesture-launcher/app/src/main/java/com/easwareapps/g2l/service/FloatingWidgetService.java;file:/Users/rar9993/repos/research/fdroid_apps/native_apps/g2l-gesture-launcher/app/src/main/java/com/easwareapps/g2l/service/FloatingWidgetService.java|line:72
RedundantFieldInitializer;PMD;/Users/rar9993/repos/research/fdroid_apps/native_apps/g2l-gesture-launcher/NONE_TRANSFORMED_;/Users/rar9993/repos/research/fdroid_apps/native_apps/g2l-gesture-launcher/app/src/main/java/com/easwareapps/g2l/service/FloatingWidgetService.java;file:/Users/rar9993/repos/research/fdroid_apps/native_apps/g2l-gesture-launcher/app/src/main/java/com/easwareapps/g2l/service/FloatingWidgetService.java|line:73
RedundantFieldInitializer;PMD;/Users/rar9993/repos/research/fdroid_apps/native_apps/g2l-gesture-launcher/NONE_TRANSFORMED_;/Users/rar9993/repos/research/fdroid_apps/native_apps/g2l-gesture-launcher/app/src/main/java/com/easwareapps/g2l/service/FloatingWidgetService.java;file:/Users/rar9993/repos/research/fdroid_apps/native_apps/g2l-gesture-launcher/app/src/main/java/com/easwareapps/g2l/service/FloatingWidgetService.java|line:74
RedundantFieldInitializer;PMD;/Users/rar9993/repos/research/fdroid_apps/native_apps/g2l-gesture-launcher/NONE_TRANSFORMED_;/Users/rar9993/repos/research/fdroid_apps/native_apps/g2l-gesture-launcher/app/src/main/java/com/easwareapps/g2l/service/FloatingWidgetService.java;file:/Users/rar9993/repos/research/fdroid_apps/native_apps/g2l-gesture-launcher/app/src/main/java/com/easwareapps/g2l/service/FloatingWidgetService.java|line:75
RedundantFieldInitializer;PMD;/Users/rar9993/repos/research/fdroid_apps/native_apps/g2l-gesture-launcher/NONE_TRANSFORMED_;/Users/rar9993/repos/research/fdroid_apps/native_apps/g2l-gesture-launcher/app/src/main/java/com/easwareapps/g2l/service/FloatingWidgetService.java;file:/Users/rar9993/repos/research/fdroid_apps/native_apps/g2l-gesture-launcher/app/src/main/java/com/easwareapps/g2l/service/FloatingWidgetService.java|line:76
RedundantFieldInitializer;PMD;/Users/rar9993/repos/research/fdroid_apps/native_apps/g2l-gesture-launcher/NONE_TRANSFORMED_;/Users/rar9993/repos/research/fdroid_apps/native_apps/g2l-gesture-launcher/app/src/main/java/com/easwareapps/g2l/service/FloatingWidgetService.java;file:/Users/rar9993/repos/research/fdroid_apps/native_apps/g2l-gesture-launcher/app/src/main/java/com/easwareapps/g2l/service/FloatingWidgetService.java|line:77
RedundantFieldInitializer;PMD;/Users/rar9993/repos/research/fdroid_apps/native_apps/g2l-gesture-launcher/NONE_TRANSFORMED_;/Users/rar9993/repos/research/fdroid_apps/native_apps/g2l-gesture-launcher/app/src/main/java/com/easwareapps/g2l/service/FloatingWidgetService.java;file:/Users/rar9993/repos/research/fdroid_apps/native_apps/g2l-gesture-launcher/app/src/main/java/com/easwareapps/g2l/service/FloatingWidgetService.java|line:78
AddEmptyString;PMD;/Users/rar9993/repos/research/fdroid_apps/native_apps/g2l-gesture-launcher/NONE_TRANSFORMED_;/Users/rar9993/repos/research/fdroid_apps/native_apps/g2l-gesture-launcher/app/src/main/java/com/easwareapps/g2l/service/FloatingWidgetService.java;file:/Users/rar9993/repos/research/fdroid_apps/native_apps/g2l-gesture-launcher/app/src/main/java/com/easwareapps/g2l/service/FloatingWidgetService.java|line:136
RedundantFieldInitializer;PMD;/Users/rar9993/repos/research/fdroid_apps/native_apps/g2l-gesture-launcher/NONE_TRANSFORMED_;/Users/rar9993/repos/research/fdroid_apps/native_apps/g2l-gesture-launcher/app/src/main/java/com/easwareapps/g2l/utils/BitmapManager.java;file:/Users/rar9993/repos/research/fdroid_apps/native_apps/g2l-gesture-launcher/app/src/main/java/com/easwareapps/g2l/utils/BitmapManager.java|line:50
RedundantFieldInitializer;PMD;/Users/rar9993/repos/research/fdroid_apps/native_apps/g2l-gesture-launcher/NONE_TRANSFORMED_;/Users/rar9993/repos/research/fdroid_apps/native_apps/g2l-gesture-launcher/app/src/main/java/com/easwareapps/g2l/utils/BitmapManager.java;file:/Users/rar9993/repos/research/fdroid_apps/native_apps/g2l-gesture-launcher/app/src/main/java/com/easwareapps/g2l/utils/BitmapManager.java|line:51
RedundantFieldInitializer;PMD;/Users/rar9993/repos/research/fdroid_apps/native_apps/g2l-gesture-launcher/NONE_TRANSFORMED_;/Users/rar9993/repos/research/fdroid_apps/native_apps/g2l-gesture-launcher/app/src/main/java/com/easwareapps/g2l/utils/BitmapManager.java;file:/Users/rar9993/repos/research/fdroid_apps/native_apps/g2l-gesture-launcher/app/src/main/java/com/easwareapps/g2l/utils/BitmapManager.java|line:52
RedundantFieldInitializer;PMD;/Users/rar9993/repos/research/fdroid_apps/native_apps/g2l-gesture-launcher/NONE_TRANSFORMED_;/Users/rar9993/repos/research/fdroid_apps/native_apps/g2l-gesture-launcher/app/src/main/java/com/easwareapps/g2l/utils/BitmapManager.java;file:/Users/rar9993/repos/research/fdroid_apps/native_apps/g2l-gesture-launcher/app/src/main/java/com/easwareapps/g2l/utils/BitmapManager.java|line:53
RedundantFieldInitializer;PMD;/Users/rar9993/repos/research/fdroid_apps/native_apps/g2l-gesture-launcher/NONE_TRANSFORMED_;/Users/rar9993/repos/research/fdroid_apps/native_apps/g2l-gesture-launcher/app/src/main/java/com/easwareapps/g2l/utils/BitmapManager.java;file:/Users/rar9993/repos/research/fdroid_apps/native_apps/g2l-gesture-launcher/app/src/main/java/com/easwareapps/g2l/utils/BitmapManager.java|line:54
RedundantFieldInitializer;PMD;/Users/rar9993/repos/research/fdroid_apps/native_apps/g2l-gesture-launcher/NONE_TRANSFORMED_;/Users/rar9993/repos/research/fdroid_apps/native_apps/g2l-gesture-launcher/app/src/main/java/com/easwareapps/g2l/utils/BitmapManager.java;file:/Users/rar9993/repos/research/fdroid_apps/native_apps/g2l-gesture-launcher/app/src/main/java/com/easwareapps/g2l/utils/BitmapManager.java|line:61
RedundantFieldInitializer;PMD;/Users/rar9993/repos/research/fdroid_apps/native_apps/g2l-gesture-launcher/NONE_TRANSFORMED_;/Users/rar9993/repos/research/fdroid_apps/native_apps/g2l-gesture-launcher/app/src/main/java/com/easwareapps/g2l/utils/BitmapManager.java;file:/Users/rar9993/repos/research/fdroid_apps/native_apps/g2l-gesture-launcher/app/src/main/java/com/easwareapps/g2l/utils/BitmapManager.java|line:62
RedundantFieldInitializer;PMD;/Users/rar9993/repos/research/fdroid_apps/native_apps/g2l-gesture-launcher/NONE_TRANSFORMED_;/Users/rar9993/repos/research/fdroid_apps/native_apps/g2l-gesture-launcher/app/src/main/java/com/easwareapps/g2l/utils/DBHelper.java;file:/Users/rar9993/repos/research/fdroid_apps/native_apps/g2l-gesture-launcher/app/src/main/java/com/easwareapps/g2l/utils/DBHelper.java|line:42
AvoidFileStream;PMD;/Users/rar9993/repos/research/fdroid_apps/native_apps/g2l-gesture-launcher/NONE_TRANSFORMED_;/Users/rar9993/repos/research/fdroid_apps/native_apps/g2l-gesture-launcher/app/src/main/java/com/easwareapps/g2l/utils/DBHelper.java;file:/Users/rar9993/repos/research/fdroid_apps/native_apps/g2l-gesture-launcher/app/src/main/java/com/easwareapps/g2l/utils/DBHelper.java|line:121
AvoidFileStream;PMD;/Users/rar9993/repos/research/fdroid_apps/native_apps/g2l-gesture-launcher/NONE_TRANSFORMED_;/Users/rar9993/repos/research/fdroid_apps/native_apps/g2l-gesture-launcher/app/src/main/java/com/easwareapps/g2l/utils/DBHelper.java;file:/Users/rar9993/repos/research/fdroid_apps/native_apps/g2l-gesture-launcher/app/src/main/java/com/easwareapps/g2l/utils/DBHelper.java|line:156
AddEmptyString;PMD;/Users/rar9993/repos/research/fdroid_apps/native_apps/g2l-gesture-launcher/NONE_TRANSFORMED_;/Users/rar9993/repos/research/fdroid_apps/native_apps/g2l-gesture-launcher/app/src/main/java/com/easwareapps/g2l/utils/DBHelper.java;file:/Users/rar9993/repos/research/fdroid_apps/native_apps/g2l-gesture-launcher/app/src/main/java/com/easwareapps/g2l/utils/DBHelper.java|line:167
AddEmptyString;PMD;/Users/rar9993/repos/research/fdroid_apps/native_apps/g2l-gesture-launcher/NONE_TRANSFORMED_;/Users/rar9993/repos/research/fdroid_apps/native_apps/g2l-gesture-launcher/app/src/main/java/com/easwareapps/g2l/utils/DBHelper.java;file:/Users/rar9993/repos/research/fdroid_apps/native_apps/g2l-gesture-launcher/app/src/main/java/com/easwareapps/g2l/utils/DBHelper.java|line:169
AvoidFileStream;PMD;/Users/rar9993/repos/research/fdroid_apps/native_apps/g2l-gesture-launcher/NONE_TRANSFORMED_;/Users/rar9993/repos/research/fdroid_apps/native_apps/g2l-gesture-launcher/app/src/main/java/com/easwareapps/g2l/utils/DBHelper.java;file:/Users/rar9993/repos/research/fdroid_apps/native_apps/g2l-gesture-launcher/app/src/main/java/com/easwareapps/g2l/utils/DBHelper.java|line:206
AddEmptyString;PMD;/Users/rar9993/repos/research/fdroid_apps/native_apps/g2l-gesture-launcher/NONE_TRANSFORMED_;/Users/rar9993/repos/research/fdroid_apps/native_apps/g2l-gesture-launcher/app/src/main/java/com/easwareapps/g2l/utils/DBHelper.java;file:/Users/rar9993/repos/research/fdroid_apps/native_apps/g2l-gesture-launcher/app/src/main/java/com/easwareapps/g2l/utils/DBHelper.java|line:232
AddEmptyString;PMD;/Users/rar9993/repos/research/fdroid_apps/native_apps/g2l-gesture-launcher/NONE_TRANSFORMED_;/Users/rar9993/repos/research/fdroid_apps/native_apps/g2l-gesture-launcher/app/src/main/java/com/easwareapps/g2l/utils/DBHelper.java;file:/Users/rar9993/repos/research/fdroid_apps/native_apps/g2l-gesture-launcher/app/src/main/java/com/easwareapps/g2l/utils/DBHelper.java|line:233
AddEmptyString;PMD;/Users/rar9993/repos/research/fdroid_apps/native_apps/g2l-gesture-launcher/NONE_TRANSFORMED_;/Users/rar9993/repos/research/fdroid_apps/native_apps/g2l-gesture-launcher/app/src/main/java/com/easwareapps/g2l/utils/DBHelper.java;file:/Users/rar9993/repos/research/fdroid_apps/native_apps/g2l-gesture-launcher/app/src/main/java/com/easwareapps/g2l/utils/DBHelper.java|line:234
AddEmptyString;PMD;/Users/rar9993/repos/research/fdroid_apps/native_apps/g2l-gesture-launcher/NONE_TRANSFORMED_;/Users/rar9993/repos/research/fdroid_apps/native_apps/g2l-gesture-launcher/app/src/main/java/com/easwareapps/g2l/utils/DBHelper.java;file:/Users/rar9993/repos/research/fdroid_apps/native_apps/g2l-gesture-launcher/app/src/main/java/com/easwareapps/g2l/utils/DBHelper.java|line:235
AddEmptyString;PMD;/Users/rar9993/repos/research/fdroid_apps/native_apps/g2l-gesture-launcher/NONE_TRANSFORMED_;/Users/rar9993/repos/research/fdroid_apps/native_apps/g2l-gesture-launcher/app/src/main/java/com/easwareapps/g2l/utils/DBHelper.java;file:/Users/rar9993/repos/research/fdroid_apps/native_apps/g2l-gesture-launcher/app/src/main/java/com/easwareapps/g2l/utils/DBHelper.java|line:236
AddEmptyString;PMD;/Users/rar9993/repos/research/fdroid_apps/native_apps/g2l-gesture-launcher/NONE_TRANSFORMED_;/Users/rar9993/repos/research/fdroid_apps/native_apps/g2l-gesture-launcher/app/src/main/java/com/easwareapps/g2l/utils/DBHelper.java;file:/Users/rar9993/repos/research/fdroid_apps/native_apps/g2l-gesture-launcher/app/src/main/java/com/easwareapps/g2l/utils/DBHelper.java|line:237
AddEmptyString;PMD;/Users/rar9993/repos/research/fdroid_apps/native_apps/g2l-gesture-launcher/NONE_TRANSFORMED_;/Users/rar9993/repos/research/fdroid_apps/native_apps/g2l-gesture-launcher/app/src/main/java/com/easwareapps/g2l/utils/DBHelper.java;file:/Users/rar9993/repos/research/fdroid_apps/native_apps/g2l-gesture-launcher/app/src/main/java/com/easwareapps/g2l/utils/DBHelper.java|line:241
AddEmptyString;PMD;/Users/rar9993/repos/research/fdroid_apps/native_apps/g2l-gesture-launcher/NONE_TRANSFORMED_;/Users/rar9993/repos/research/fdroid_apps/native_apps/g2l-gesture-launcher/app/src/main/java/com/easwareapps/g2l/utils/DBHelper.java;file:/Users/rar9993/repos/research/fdroid_apps/native_apps/g2l-gesture-launcher/app/src/main/java/com/easwareapps/g2l/utils/DBHelper.java|line:243
AddEmptyString;PMD;/Users/rar9993/repos/research/fdroid_apps/native_apps/g2l-gesture-launcher/NONE_TRANSFORMED_;/Users/rar9993/repos/research/fdroid_apps/native_apps/g2l-gesture-launcher/app/src/main/java/com/easwareapps/g2l/utils/DBHelper.java;file:/Users/rar9993/repos/research/fdroid_apps/native_apps/g2l-gesture-launcher/app/src/main/java/com/easwareapps/g2l/utils/DBHelper.java|line:245
AddEmptyString;PMD;/Users/rar9993/repos/research/fdroid_apps/native_apps/g2l-gesture-launcher/NONE_TRANSFORMED_;/Users/rar9993/repos/research/fdroid_apps/native_apps/g2l-gesture-launcher/app/src/main/java/com/easwareapps/g2l/utils/DBHelper.java;file:/Users/rar9993/repos/research/fdroid_apps/native_apps/g2l-gesture-launcher/app/src/main/java/com/easwareapps/g2l/utils/DBHelper.java|line:247
AddEmptyString;PMD;/Users/rar9993/repos/research/fdroid_apps/native_apps/g2l-gesture-launcher/NONE_TRANSFORMED_;/Users/rar9993/repos/research/fdroid_apps/native_apps/g2l-gesture-launcher/app/src/main/java/com/easwareapps/g2l/utils/DBHelper.java;file:/Users/rar9993/repos/research/fdroid_apps/native_apps/g2l-gesture-launcher/app/src/main/java/com/easwareapps/g2l/utils/DBHelper.java|line:249
AddEmptyString;PMD;/Users/rar9993/repos/research/fdroid_apps/native_apps/g2l-gesture-launcher/NONE_TRANSFORMED_;/Users/rar9993/repos/research/fdroid_apps/native_apps/g2l-gesture-launcher/app/src/main/java/com/easwareapps/g2l/utils/DBHelper.java;file:/Users/rar9993/repos/research/fdroid_apps/native_apps/g2l-gesture-launcher/app/src/main/java/com/easwareapps/g2l/utils/DBHelper.java|line:251
AddEmptyString;PMD;/Users/rar9993/repos/research/fdroid_apps/native_apps/g2l-gesture-launcher/NONE_TRANSFORMED_;/Users/rar9993/repos/research/fdroid_apps/native_apps/g2l-gesture-launcher/app/src/main/java/com/easwareapps/g2l/utils/DBHelper.java;file:/Users/rar9993/repos/research/fdroid_apps/native_apps/g2l-gesture-launcher/app/src/main/java/com/easwareapps/g2l/utils/DBHelper.java|line:253
AddEmptyString;PMD;/Users/rar9993/repos/research/fdroid_apps/native_apps/g2l-gesture-launcher/NONE_TRANSFORMED_;/Users/rar9993/repos/research/fdroid_apps/native_apps/g2l-gesture-launcher/app/src/main/java/com/easwareapps/g2l/utils/DBHelper.java;file:/Users/rar9993/repos/research/fdroid_apps/native_apps/g2l-gesture-launcher/app/src/main/java/com/easwareapps/g2l/utils/DBHelper.java|line:257
AddEmptyString;PMD;/Users/rar9993/repos/research/fdroid_apps/native_apps/g2l-gesture-launcher/NONE_TRANSFORMED_;/Users/rar9993/repos/research/fdroid_apps/native_apps/g2l-gesture-launcher/app/src/main/java/com/easwareapps/g2l/utils/DBHelper.java;file:/Users/rar9993/repos/research/fdroid_apps/native_apps/g2l-gesture-launcher/app/src/main/java/com/easwareapps/g2l/utils/DBHelper.java|line:260
AddEmptyString;PMD;/Users/rar9993/repos/research/fdroid_apps/native_apps/g2l-gesture-launcher/NONE_TRANSFORMED_;/Users/rar9993/repos/research/fdroid_apps/native_apps/g2l-gesture-launcher/app/src/main/java/com/easwareapps/g2l/utils/DBHelper.java;file:/Users/rar9993/repos/research/fdroid_apps/native_apps/g2l-gesture-launcher/app/src/main/java/com/easwareapps/g2l/utils/DBHelper.java|line:263
AddEmptyString;PMD;/Users/rar9993/repos/research/fdroid_apps/native_apps/g2l-gesture-launcher/NONE_TRANSFORMED_;/Users/rar9993/repos/research/fdroid_apps/native_apps/g2l-gesture-launcher/app/src/main/java/com/easwareapps/g2l/utils/DBHelper.java;file:/Users/rar9993/repos/research/fdroid_apps/native_apps/g2l-gesture-launcher/app/src/main/java/com/easwareapps/g2l/utils/DBHelper.java|line:266
AddEmptyString;PMD;/Users/rar9993/repos/research/fdroid_apps/native_apps/g2l-gesture-launcher/NONE_TRANSFORMED_;/Users/rar9993/repos/research/fdroid_apps/native_apps/g2l-gesture-launcher/app/src/main/java/com/easwareapps/g2l/utils/DBHelper.java;file:/Users/rar9993/repos/research/fdroid_apps/native_apps/g2l-gesture-launcher/app/src/main/java/com/easwareapps/g2l/utils/DBHelper.java|line:280
AddEmptyString;PMD;/Users/rar9993/repos/research/fdroid_apps/native_apps/g2l-gesture-launcher/NONE_TRANSFORMED_;/Users/rar9993/repos/research/fdroid_apps/native_apps/g2l-gesture-launcher/app/src/main/java/com/easwareapps/g2l/utils/DBHelper.java;file:/Users/rar9993/repos/research/fdroid_apps/native_apps/g2l-gesture-launcher/app/src/main/java/com/easwareapps/g2l/utils/DBHelper.java|line:299
AvoidFileStream;PMD;/Users/rar9993/repos/research/fdroid_apps/native_apps/g2l-gesture-launcher/NONE_TRANSFORMED_;/Users/rar9993/repos/research/fdroid_apps/native_apps/g2l-gesture-launcher/app/src/main/java/com/easwareapps/g2l/utils/DBHelper.java;file:/Users/rar9993/repos/research/fdroid_apps/native_apps/g2l-gesture-launcher/app/src/main/java/com/easwareapps/g2l/utils/DBHelper.java|line:371
RedundantFieldInitializer;PMD;/Users/rar9993/repos/research/fdroid_apps/native_apps/g2l-gesture-launcher/NONE_TRANSFORMED_;/Users/rar9993/repos/research/fdroid_apps/native_apps/g2l-gesture-launcher/app/src/main/java/com/easwareapps/g2l/utils/FlashSettingns.java;file:/Users/rar9993/repos/research/fdroid_apps/native_apps/g2l-gesture-launcher/app/src/main/java/com/easwareapps/g2l/utils/FlashSettingns.java|line:28
RedundantFieldInitializer;PMD;/Users/rar9993/repos/research/fdroid_apps/native_apps/g2l-gesture-launcher/NONE_TRANSFORMED_;/Users/rar9993/repos/research/fdroid_apps/native_apps/g2l-gesture-launcher/app/src/main/java/com/easwareapps/g2l/utils/FlashSettingns.java;file:/Users/rar9993/repos/research/fdroid_apps/native_apps/g2l-gesture-launcher/app/src/main/java/com/easwareapps/g2l/utils/FlashSettingns.java|line:29
RedundantFieldInitializer;PMD;/Users/rar9993/repos/research/fdroid_apps/native_apps/g2l-gesture-launcher/NONE_TRANSFORMED_;/Users/rar9993/repos/research/fdroid_apps/native_apps/g2l-gesture-launcher/app/src/main/java/com/easwareapps/libs/EAAlertDialog.java;file:/Users/rar9993/repos/research/fdroid_apps/native_apps/g2l-gesture-launcher/app/src/main/java/com/easwareapps/libs/EAAlertDialog.java|line:28
AvoidFileStream;PMD;/Users/rar9993/repos/research/fdroid_apps/native_apps/g2l-gesture-launcher/NONE_TRANSFORMED_;/Users/rar9993/repos/research/fdroid_apps/native_apps/g2l-gesture-launcher/app/src/main/java/com/easwareapps/libs/EAZipManager.java;file:/Users/rar9993/repos/research/fdroid_apps/native_apps/g2l-gesture-launcher/app/src/main/java/com/easwareapps/libs/EAZipManager.java|line:40
AvoidInstantiatingObjectsInLoops;PMD;/Users/rar9993/repos/research/fdroid_apps/native_apps/g2l-gesture-launcher/NONE_TRANSFORMED_;/Users/rar9993/repos/research/fdroid_apps/native_apps/g2l-gesture-launcher/app/src/main/java/com/easwareapps/libs/EAZipManager.java;file:/Users/rar9993/repos/research/fdroid_apps/native_apps/g2l-gesture-launcher/app/src/main/java/com/easwareapps/libs/EAZipManager.java|line:47
AvoidFileStream;PMD;/Users/rar9993/repos/research/fdroid_apps/native_apps/g2l-gesture-launcher/NONE_TRANSFORMED_;/Users/rar9993/repos/research/fdroid_apps/native_apps/g2l-gesture-launcher/app/src/main/java/com/easwareapps/libs/EAZipManager.java;file:/Users/rar9993/repos/research/fdroid_apps/native_apps/g2l-gesture-launcher/app/src/main/java/com/easwareapps/libs/EAZipManager.java|line:47
AvoidInstantiatingObjectsInLoops;PMD;/Users/rar9993/repos/research/fdroid_apps/native_apps/g2l-gesture-launcher/NONE_TRANSFORMED_;/Users/rar9993/repos/research/fdroid_apps/native_apps/g2l-gesture-launcher/app/src/main/java/com/easwareapps/libs/EAZipManager.java;file:/Users/rar9993/repos/research/fdroid_apps/native_apps/g2l-gesture-launcher/app/src/main/java/com/easwareapps/libs/EAZipManager.java|line:48
AvoidInstantiatingObjectsInLoops;PMD;/Users/rar9993/repos/research/fdroid_apps/native_apps/g2l-gesture-launcher/NONE_TRANSFORMED_;/Users/rar9993/repos/research/fdroid_apps/native_apps/g2l-gesture-launcher/app/src/main/java/com/easwareapps/libs/EAZipManager.java;file:/Users/rar9993/repos/research/fdroid_apps/native_apps/g2l-gesture-launcher/app/src/main/java/com/easwareapps/libs/EAZipManager.java|line:50
AvoidFileStream;PMD;/Users/rar9993/repos/research/fdroid_apps/native_apps/g2l-gesture-launcher/NONE_TRANSFORMED_;/Users/rar9993/repos/research/fdroid_apps/native_apps/g2l-gesture-launcher/app/src/main/java/com/easwareapps/libs/EAZipManager.java;file:/Users/rar9993/repos/research/fdroid_apps/native_apps/g2l-gesture-launcher/app/src/main/java/com/easwareapps/libs/EAZipManager.java|line:74
UseStringBufferForStringAppends;PMD;/Users/rar9993/repos/research/fdroid_apps/native_apps/g2l-gesture-launcher/NONE_TRANSFORMED_;/Users/rar9993/repos/research/fdroid_apps/native_apps/g2l-gesture-launcher/app/src/main/java/com/easwareapps/libs/EAZipManager.java;file:/Users/rar9993/repos/research/fdroid_apps/native_apps/g2l-gesture-launcher/app/src/main/java/com/easwareapps/libs/EAZipManager.java|line:88
AvoidInstantiatingObjectsInLoops;PMD;/Users/rar9993/repos/research/fdroid_apps/native_apps/g2l-gesture-launcher/NONE_TRANSFORMED_;/Users/rar9993/repos/research/fdroid_apps/native_apps/g2l-gesture-launcher/app/src/main/java/com/easwareapps/libs/EAZipManager.java;file:/Users/rar9993/repos/research/fdroid_apps/native_apps/g2l-gesture-launcher/app/src/main/java/com/easwareapps/libs/EAZipManager.java|line:93
AvoidFileStream;PMD;/Users/rar9993/repos/research/fdroid_apps/native_apps/g2l-gesture-launcher/NONE_TRANSFORMED_;/Users/rar9993/repos/research/fdroid_apps/native_apps/g2l-gesture-launcher/app/src/main/java/com/easwareapps/libs/EAZipManager.java;file:/Users/rar9993/repos/research/fdroid_apps/native_apps/g2l-gesture-launcher/app/src/main/java/com/easwareapps/libs/EAZipManager.java|line:93
AvoidInstantiatingObjectsInLoops;PMD;/Users/rar9993/repos/research/fdroid_apps/native_apps/g2l-gesture-launcher/NONE_TRANSFORMED_;/Users/rar9993/repos/research/fdroid_apps/native_apps/g2l-gesture-launcher/app/src/main/java/com/easwareapps/libs/EAZipManager.java;file:/Users/rar9993/repos/research/fdroid_apps/native_apps/g2l-gesture-launcher/app/src/main/java/com/easwareapps/libs/EAZipManager.java|line:93
RedundantFieldInitializer;PMD;/Users/rar9993/repos/research/fdroid_apps/native_apps/g2l-gesture-launcher/NONE_TRANSFORMED_;/Users/rar9993/repos/research/fdroid_apps/native_apps/g2l-gesture-launcher/app/src/main/java/com/easwareapps/libs/EaswareAppsSettingsChanger.java;file:/Users/rar9993/repos/research/fdroid_apps/native_apps/g2l-gesture-launcher/app/src/main/java/com/easwareapps/libs/EaswareAppsSettingsChanger.java|line:35
MemberIgnoringMethod;DAAP;/Users/rar9993/repos/research/fdroid_apps/native_apps/g2l-gesture-launcher/NONE_TRANSFORMED_;/src/main/java/com/easwareapps/g2l/G2L.java;file:/src/main/java/com/easwareapps/g2l/G2L.java
MemberIgnoringMethod;DAAP;/Users/rar9993/repos/research/fdroid_apps/native_apps/g2l-gesture-launcher/NONE_TRANSFORMED_;/src/main/java/com/easwareapps/g2l/GestureLauncher.java;file:/src/main/java/com/easwareapps/g2l/GestureLauncher.java
MemberIgnoringMethod;DAAP;/Users/rar9993/repos/research/fdroid_apps/native_apps/g2l-gesture-launcher/NONE_TRANSFORMED_;/src/main/java/com/easwareapps/g2l/DonateActivity.java;file:/src/main/java/com/easwareapps/g2l/DonateActivity.java
MemberIgnoringMethod;DAAP;/Users/rar9993/repos/research/fdroid_apps/native_apps/g2l-gesture-launcher/NONE_TRANSFORMED_;/src/main/java/com/easwareapps/g2l/QLIconChangerActivity.java;file:/src/main/java/com/easwareapps/g2l/QLIconChangerActivity.java
MemberIgnoringMethod;DAAP;/Users/rar9993/repos/research/fdroid_apps/native_apps/g2l-gesture-launcher/NONE_TRANSFORMED_;/src/main/java/com/easwareapps/g2l/NavigationDrawerFragment.java;file:/src/main/java/com/easwareapps/g2l/NavigationDrawerFragment.java
MemberIgnoringMethod;DAAP;/Users/rar9993/repos/research/fdroid_apps/native_apps/g2l-gesture-launcher/NONE_TRANSFORMED_;/src/main/java/com/easwareapps/g2l/SelectActionActivity.java;file:/src/main/java/com/easwareapps/g2l/SelectActionActivity.java
MemberIgnoringMethod;DAAP;/Users/rar9993/repos/research/fdroid_apps/native_apps/g2l-gesture-launcher/NONE_TRANSFORMED_;/src/main/java/com/easwareapps/g2l/GestureAssist.java;file:/src/main/java/com/easwareapps/g2l/GestureAssist.java
MemberIgnoringMethod;DAAP;/Users/rar9993/repos/research/fdroid_apps/native_apps/g2l-gesture-launcher/NONE_TRANSFORMED_;/src/main/java/com/easwareapps/g2l/DetailedSettings.java;file:/src/main/java/com/easwareapps/g2l/DetailedSettings.java
MemberIgnoringMethod;DAAP;/Users/rar9993/repos/research/fdroid_apps/native_apps/g2l-gesture-launcher/NONE_TRANSFORMED_;/src/main/java/com/easwareapps/g2l/MainActivity.java;file:/src/main/java/com/easwareapps/g2l/MainActivity.java
MemberIgnoringMethod;DAAP;/Users/rar9993/repos/research/fdroid_apps/native_apps/g2l-gesture-launcher/NONE_TRANSFORMED_;/src/main/java/com/easwareapps/g2l/SpecificActionActivity.java;file:/src/main/java/com/easwareapps/g2l/SpecificActionActivity.java
MemberIgnoringMethod;DAAP;/Users/rar9993/repos/research/fdroid_apps/native_apps/g2l-gesture-launcher/NONE_TRANSFORMED_;/src/main/java/com/easwareapps/g2l/utils/OnSwipeTouchListener.java;file:/src/main/java/com/easwareapps/g2l/utils/OnSwipeTouchListener.java
MemberIgnoringMethod;DAAP;/Users/rar9993/repos/research/fdroid_apps/native_apps/g2l-gesture-launcher/NONE_TRANSFORMED_;/src/main/java/com/easwareapps/g2l/adapter/GestureAdapter.java;file:/src/main/java/com/easwareapps/g2l/adapter/GestureAdapter.java
MemberIgnoringMethod;DAAP;/Users/rar9993/repos/research/fdroid_apps/native_apps/g2l-gesture-launcher/NONE_TRANSFORMED_;/src/main/java/com/easwareapps/g2l/PermissionRequestActivity.java;file:/src/main/java/com/easwareapps/g2l/PermissionRequestActivity.java
MemberIgnoringMethod;DAAP;/Users/rar9993/repos/research/fdroid_apps/native_apps/g2l-gesture-launcher/NONE_TRANSFORMED_;/src/main/java/com/easwareapps/g2l/fragment/AppCompatPreferenceActivity.java;file:/src/main/java/com/easwareapps/g2l/fragment/AppCompatPreferenceActivity.java
MemberIgnoringMethod;DAAP;/Users/rar9993/repos/research/fdroid_apps/native_apps/g2l-gesture-launcher/NONE_TRANSFORMED_;/src/main/java/com/easwareapps/g2l/fragment/SelectSpecificActionFragment.java;file:/src/main/java/com/easwareapps/g2l/fragment/SelectSpecificActionFragment.java
MemberIgnoringMethod;DAAP;/Users/rar9993/repos/research/fdroid_apps/native_apps/g2l-gesture-launcher/NONE_TRANSFORMED_;/src/main/java/com/easwareapps/g2l/fragment/SettingsFragment.java;file:/src/main/java/com/easwareapps/g2l/fragment/SettingsFragment.java
MemberIgnoringMethod;DAAP;/Users/rar9993/repos/research/fdroid_apps/native_apps/g2l-gesture-launcher/NONE_TRANSFORMED_;/src/main/java/com/easwareapps/g2l/fragment/SelectAppFragment.java;file:/src/main/java/com/easwareapps/g2l/fragment/SelectAppFragment.java
MemberIgnoringMethod;DAAP;/Users/rar9993/repos/research/fdroid_apps/native_apps/g2l-gesture-launcher/NONE_TRANSFORMED_;/src/main/java/com/easwareapps/g2l/fragment/SelectURLFragment.java;file:/src/main/java/com/easwareapps/g2l/fragment/SelectURLFragment.java
MemberIgnoringMethod;DAAP;/Users/rar9993/repos/research/fdroid_apps/native_apps/g2l-gesture-launcher/NONE_TRANSFORMED_;/src/main/java/com/easwareapps/g2l/fragment/SwipeLauncherFragment.java;file:/src/main/java/com/easwareapps/g2l/fragment/SwipeLauncherFragment.java
MemberIgnoringMethod;DAAP;/Users/rar9993/repos/research/fdroid_apps/native_apps/g2l-gesture-launcher/NONE_TRANSFORMED_;/src/main/java/com/easwareapps/g2l/fragment/OtherSettingsFragment.java;file:/src/main/java/com/easwareapps/g2l/fragment/OtherSettingsFragment.java
MemberIgnoringMethod;DAAP;/Users/rar9993/repos/research/fdroid_apps/native_apps/g2l-gesture-launcher/NONE_TRANSFORMED_;/src/main/java/com/easwareapps/g2l/fragment/BackupRestoreFragment.java;file:/src/main/java/com/easwareapps/g2l/fragment/BackupRestoreFragment.java
MemberIgnoringMethod;DAAP;/Users/rar9993/repos/research/fdroid_apps/native_apps/g2l-gesture-launcher/NONE_TRANSFORMED_;/src/main/java/com/easwareapps/g2l/fragment/SelectContactFragment.java;file:/src/main/java/com/easwareapps/g2l/fragment/SelectContactFragment.java
MemberIgnoringMethod;DAAP;/Users/rar9993/repos/research/fdroid_apps/native_apps/g2l-gesture-launcher/NONE_TRANSFORMED_;/src/main/java/com/easwareapps/g2l/fragment/QuickLauncherFragment.java;file:/src/main/java/com/easwareapps/g2l/fragment/QuickLauncherFragment.java
MemberIgnoringMethod;DAAP;/Users/rar9993/repos/research/fdroid_apps/native_apps/g2l-gesture-launcher/NONE_TRANSFORMED_;/src/main/java/com/easwareapps/g2l/fragment/GestureSettingFragment.java;file:/src/main/java/com/easwareapps/g2l/fragment/GestureSettingFragment.java
MemberIgnoringMethod;DAAP;/Users/rar9993/repos/research/fdroid_apps/native_apps/g2l-gesture-launcher/NONE_TRANSFORMED_;/src/main/java/com/easwareapps/g2l/service/FloatingWidgetService.java;file:/src/main/java/com/easwareapps/g2l/service/FloatingWidgetService.java
MemberIgnoringMethod;DAAP;/Users/rar9993/repos/research/fdroid_apps/native_apps/g2l-gesture-launcher/NONE_TRANSFORMED_;/src/main/java/com/easwareapps/g2l/service/BootReceiver.java;file:/src/main/java/com/easwareapps/g2l/service/BootReceiver.java
MemberIgnoringMethod;DAAP;/Users/rar9993/repos/research/fdroid_apps/native_apps/g2l-gesture-launcher/NONE_TRANSFORMED_;/src/main/java/com/easwareapps/g2l/AddGestureActivity.java;file:/src/main/java/com/easwareapps/g2l/AddGestureActivity.java
MemberIgnoringMethod;DAAP;/Users/rar9993/repos/research/fdroid_apps/native_apps/g2l-gesture-launcher/NONE_TRANSFORMED_;/src/main/java/com/easwareapps/g2l/SettingsActivity.java;file:/src/main/java/com/easwareapps/g2l/SettingsActivity.java
MemberIgnoringMethod;DAAP;/Users/rar9993/repos/research/fdroid_apps/native_apps/g2l-gesture-launcher/NONE_TRANSFORMED_;/src/main/java/com/easwareapps/libs/EAZipManager.java;file:/src/main/java/com/easwareapps/libs/EAZipManager.java
SlowForLoop;DAAP;/Users/rar9993/repos/research/fdroid_apps/native_apps/g2l-gesture-launcher/NONE_TRANSFORMED_;/src/main/java/com/easwareapps/g2l/GestureLauncher.java;file:/src/main/java/com/easwareapps/g2l/GestureLauncher.java
SlowForLoop;DAAP;/Users/rar9993/repos/research/fdroid_apps/native_apps/g2l-gesture-launcher/NONE_TRANSFORMED_;/src/main/java/com/easwareapps/g2l/fragment/SelectContactFragment.java;file:/src/main/java/com/easwareapps/g2l/fragment/SelectContactFragment.java
SlowForLoop;DAAP;/Users/rar9993/repos/research/fdroid_apps/native_apps/g2l-gesture-launcher/NONE_TRANSFORMED_;/src/main/java/com/easwareapps/libs/EAZipManager.java;file:/src/main/java/com/easwareapps/libs/EAZipManager.java
NoLowMemoryResolver;DAAP;/Users/rar9993/repos/research/fdroid_apps/native_apps/g2l-gesture-launcher/NONE_TRANSFORMED_;/src/main/java/com/easwareapps/g2l/GestureLauncher.java;file:/src/main/java/com/easwareapps/g2l/GestureLauncher.java
NoLowMemoryResolver;DAAP;/Users/rar9993/repos/research/fdroid_apps/native_apps/g2l-gesture-launcher/NONE_TRANSFORMED_;/src/main/java/com/easwareapps/g2l/DonateActivity.java;file:/src/main/java/com/easwareapps/g2l/DonateActivity.java
NoLowMemoryResolver;DAAP;/Users/rar9993/repos/research/fdroid_apps/native_apps/g2l-gesture-launcher/NONE_TRANSFORMED_;/src/main/java/com/easwareapps/g2l/QLIconChangerActivity.java;file:/src/main/java/com/easwareapps/g2l/QLIconChangerActivity.java
NoLowMemoryResolver;DAAP;/Users/rar9993/repos/research/fdroid_apps/native_apps/g2l-gesture-launcher/NONE_TRANSFORMED_;/src/main/java/com/easwareapps/g2l/SelectActionActivity.java;file:/src/main/java/com/easwareapps/g2l/SelectActionActivity.java
NoLowMemoryResolver;DAAP;/Users/rar9993/repos/research/fdroid_apps/native_apps/g2l-gesture-launcher/NONE_TRANSFORMED_;/src/main/java/com/easwareapps/g2l/GestureAssist.java;file:/src/main/java/com/easwareapps/g2l/GestureAssist.java
NoLowMemoryResolver;DAAP;/Users/rar9993/repos/research/fdroid_apps/native_apps/g2l-gesture-launcher/NONE_TRANSFORMED_;/src/main/java/com/easwareapps/g2l/DetailedSettings.java;file:/src/main/java/com/easwareapps/g2l/DetailedSettings.java
NoLowMemoryResolver;DAAP;/Users/rar9993/repos/research/fdroid_apps/native_apps/g2l-gesture-launcher/NONE_TRANSFORMED_;/src/main/java/com/easwareapps/g2l/MainActivity.java;file:/src/main/java/com/easwareapps/g2l/MainActivity.java
NoLowMemoryResolver;DAAP;/Users/rar9993/repos/research/fdroid_apps/native_apps/g2l-gesture-launcher/NONE_TRANSFORMED_;/src/main/java/com/easwareapps/g2l/SpecificActionActivity.java;file:/src/main/java/com/easwareapps/g2l/SpecificActionActivity.java
NoLowMemoryResolver;DAAP;/Users/rar9993/repos/research/fdroid_apps/native_apps/g2l-gesture-launcher/NONE_TRANSFORMED_;/src/main/java/com/easwareapps/g2l/PermissionRequestActivity.java;file:/src/main/java/com/easwareapps/g2l/PermissionRequestActivity.java
NoLowMemoryResolver;DAAP;/Users/rar9993/repos/research/fdroid_apps/native_apps/g2l-gesture-launcher/NONE_TRANSFORMED_;/src/main/java/com/easwareapps/g2l/fragment/AppCompatPreferenceActivity.java;file:/src/main/java/com/easwareapps/g2l/fragment/AppCompatPreferenceActivity.java
NoLowMemoryResolver;DAAP;/Users/rar9993/repos/research/fdroid_apps/native_apps/g2l-gesture-launcher/NONE_TRANSFORMED_;/src/main/java/com/easwareapps/g2l/AddGestureActivity.java;file:/src/main/java/com/easwareapps/g2l/AddGestureActivity.java
NoLowMemoryResolver;DAAP;/Users/rar9993/repos/research/fdroid_apps/native_apps/g2l-gesture-launcher/NONE_TRANSFORMED_;/src/main/java/com/easwareapps/g2l/SettingsActivity.java;file:/src/main/java/com/easwareapps/g2l/SettingsActivity.java
StaticView;DAAP;/Users/rar9993/repos/research/fdroid_apps/native_apps/g2l-gesture-launcher/NONE_TRANSFORMED_;/src/main/java/com/easwareapps/g2l/adapter/GestureAdapter.java;file:/src/main/java/com/easwareapps/g2l/adapter/GestureAdapter.java
CollectionOfViews;DAAP;/Users/rar9993/repos/research/fdroid_apps/native_apps/g2l-gesture-launcher/NONE_TRANSFORMED_;/src/main/java/com/easwareapps/g2l/NavigationDrawerFragment.java;file:/src/main/java/com/easwareapps/g2l/NavigationDrawerFragment.java
CollectionOfViews;DAAP;/Users/rar9993/repos/research/fdroid_apps/native_apps/g2l-gesture-launcher/NONE_TRANSFORMED_;/src/main/java/com/easwareapps/g2l/fragment/SelectSpecificActionFragment.java;file:/src/main/java/com/easwareapps/g2l/fragment/SelectSpecificActionFragment.java
CollectionOfViews;DAAP;/Users/rar9993/repos/research/fdroid_apps/native_apps/g2l-gesture-launcher/NONE_TRANSFORMED_;/src/main/java/com/easwareapps/g2l/fragment/SelectAppFragment.java;file:/src/main/java/com/easwareapps/g2l/fragment/SelectAppFragment.java
CollectionOfViews;DAAP;/Users/rar9993/repos/research/fdroid_apps/native_apps/g2l-gesture-launcher/NONE_TRANSFORMED_;/src/main/java/com/easwareapps/g2l/fragment/SelectURLFragment.java;file:/src/main/java/com/easwareapps/g2l/fragment/SelectURLFragment.java
CollectionOfViews;DAAP;/Users/rar9993/repos/research/fdroid_apps/native_apps/g2l-gesture-launcher/NONE_TRANSFORMED_;/src/main/java/com/easwareapps/g2l/fragment/SelectContactFragment.java;file:/src/main/java/com/easwareapps/g2l/fragment/SelectContactFragment.java
DroppedData;DAAP;/Users/rar9993/repos/research/fdroid_apps/native_apps/g2l-gesture-launcher/NONE_TRANSFORMED_;/src/main/java/com/easwareapps/g2l/GestureLauncher.java;file:/src/main/java/com/easwareapps/g2l/GestureLauncher.java
DroppedData;DAAP;/Users/rar9993/repos/research/fdroid_apps/native_apps/g2l-gesture-launcher/NONE_TRANSFORMED_;/src/main/java/com/easwareapps/g2l/DonateActivity.java;file:/src/main/java/com/easwareapps/g2l/DonateActivity.java
DroppedData;DAAP;/Users/rar9993/repos/research/fdroid_apps/native_apps/g2l-gesture-launcher/NONE_TRANSFORMED_;/src/main/java/com/easwareapps/g2l/QLIconChangerActivity.java;file:/src/main/java/com/easwareapps/g2l/QLIconChangerActivity.java
DroppedData;DAAP;/Users/rar9993/repos/research/fdroid_apps/native_apps/g2l-gesture-launcher/NONE_TRANSFORMED_;/src/main/java/com/easwareapps/g2l/SelectActionActivity.java;file:/src/main/java/com/easwareapps/g2l/SelectActionActivity.java
DroppedData;DAAP;/Users/rar9993/repos/research/fdroid_apps/native_apps/g2l-gesture-launcher/NONE_TRANSFORMED_;/src/main/java/com/easwareapps/g2l/GestureAssist.java;file:/src/main/java/com/easwareapps/g2l/GestureAssist.java
DroppedData;DAAP;/Users/rar9993/repos/research/fdroid_apps/native_apps/g2l-gesture-launcher/NONE_TRANSFORMED_;/src/main/java/com/easwareapps/g2l/DetailedSettings.java;file:/src/main/java/com/easwareapps/g2l/DetailedSettings.java
DroppedData;DAAP;/Users/rar9993/repos/research/fdroid_apps/native_apps/g2l-gesture-launcher/NONE_TRANSFORMED_;/src/main/java/com/easwareapps/g2l/MainActivity.java;file:/src/main/java/com/easwareapps/g2l/MainActivity.java
DroppedData;DAAP;/Users/rar9993/repos/research/fdroid_apps/native_apps/g2l-gesture-launcher/NONE_TRANSFORMED_;/src/main/java/com/easwareapps/g2l/SpecificActionActivity.java;file:/src/main/java/com/easwareapps/g2l/SpecificActionActivity.java
DroppedData;DAAP;/Users/rar9993/repos/research/fdroid_apps/native_apps/g2l-gesture-launcher/NONE_TRANSFORMED_;/src/main/java/com/easwareapps/g2l/PermissionRequestActivity.java;file:/src/main/java/com/easwareapps/g2l/PermissionRequestActivity.java
DroppedData;DAAP;/Users/rar9993/repos/research/fdroid_apps/native_apps/g2l-gesture-launcher/NONE_TRANSFORMED_;/src/main/java/com/easwareapps/g2l/fragment/AppCompatPreferenceActivity.java;file:/src/main/java/com/easwareapps/g2l/fragment/AppCompatPreferenceActivity.java
DroppedData;DAAP;/Users/rar9993/repos/research/fdroid_apps/native_apps/g2l-gesture-launcher/NONE_TRANSFORMED_;/src/main/java/com/easwareapps/g2l/fragment/SelectSpecificActionFragment.java;file:/src/main/java/com/easwareapps/g2l/fragment/SelectSpecificActionFragment.java
DroppedData;DAAP;/Users/rar9993/repos/research/fdroid_apps/native_apps/g2l-gesture-launcher/NONE_TRANSFORMED_;/src/main/java/com/easwareapps/g2l/fragment/SettingsFragment.java;file:/src/main/java/com/easwareapps/g2l/fragment/SettingsFragment.java
DroppedData;DAAP;/Users/rar9993/repos/research/fdroid_apps/native_apps/g2l-gesture-launcher/NONE_TRANSFORMED_;/src/main/java/com/easwareapps/g2l/fragment/SelectAppFragment.java;file:/src/main/java/com/easwareapps/g2l/fragment/SelectAppFragment.java
DroppedData;DAAP;/Users/rar9993/repos/research/fdroid_apps/native_apps/g2l-gesture-launcher/NONE_TRANSFORMED_;/src/main/java/com/easwareapps/g2l/fragment/SelectURLFragment.java;file:/src/main/java/com/easwareapps/g2l/fragment/SelectURLFragment.java
DroppedData;DAAP;/Users/rar9993/repos/research/fdroid_apps/native_apps/g2l-gesture-launcher/NONE_TRANSFORMED_;/src/main/java/com/easwareapps/g2l/fragment/SwipeLauncherFragment.java;file:/src/main/java/com/easwareapps/g2l/fragment/SwipeLauncherFragment.java
DroppedData;DAAP;/Users/rar9993/repos/research/fdroid_apps/native_apps/g2l-gesture-launcher/NONE_TRANSFORMED_;/src/main/java/com/easwareapps/g2l/fragment/OtherSettingsFragment.java;file:/src/main/java/com/easwareapps/g2l/fragment/OtherSettingsFragment.java
DroppedData;DAAP;/Users/rar9993/repos/research/fdroid_apps/native_apps/g2l-gesture-launcher/NONE_TRANSFORMED_;/src/main/java/com/easwareapps/g2l/fragment/BackupRestoreFragment.java;file:/src/main/java/com/easwareapps/g2l/fragment/BackupRestoreFragment.java
DroppedData;DAAP;/Users/rar9993/repos/research/fdroid_apps/native_apps/g2l-gesture-launcher/NONE_TRANSFORMED_;/src/main/java/com/easwareapps/g2l/fragment/SelectContactFragment.java;file:/src/main/java/com/easwareapps/g2l/fragment/SelectContactFragment.java
DroppedData;DAAP;/Users/rar9993/repos/research/fdroid_apps/native_apps/g2l-gesture-launcher/NONE_TRANSFORMED_;/src/main/java/com/easwareapps/g2l/fragment/QuickLauncherFragment.java;file:/src/main/java/com/easwareapps/g2l/fragment/QuickLauncherFragment.java
DroppedData;DAAP;/Users/rar9993/repos/research/fdroid_apps/native_apps/g2l-gesture-launcher/NONE_TRANSFORMED_;/src/main/java/com/easwareapps/g2l/fragment/GestureSettingFragment.java;file:/src/main/java/com/easwareapps/g2l/fragment/GestureSettingFragment.java
DroppedData;DAAP;/Users/rar9993/repos/research/fdroid_apps/native_apps/g2l-gesture-launcher/NONE_TRANSFORMED_;/src/main/java/com/easwareapps/g2l/AddGestureActivity.java;file:/src/main/java/com/easwareapps/g2l/AddGestureActivity.java
DroppedData;DAAP;/Users/rar9993/repos/research/fdroid_apps/native_apps/g2l-gesture-launcher/NONE_TRANSFORMED_;/src/main/java/com/easwareapps/g2l/SettingsActivity.java;file:/src/main/java/com/easwareapps/g2l/SettingsActivity.java
