Issue;Tool;Project;File;Location
NoLowMemoryResolver;aDoctor;/Users/rar9993/repos/research/fdroid_apps/native_apps/ics-openconnect/NONE_TRANSFORMED_;/Users/rar9993/repos/research/fdroid_apps/native_apps/ics-openconnect/app/src/main/java/app/openconnect/FragActivity.java;file:/Users/rar9993/repos/research/fdroid_apps/native_apps/ics-openconnect/app/src/main/java/app/openconnect/FragActivity.java|class:app.openconnect.FragActivity
DataTransmissionWithoutCompression;aDoctor;/Users/rar9993/repos/research/fdroid_apps/native_apps/ics-openconnect/NONE_TRANSFORMED_;/Users/rar9993/repos/research/fdroid_apps/native_apps/ics-openconnect/app/src/main/java/app/openconnect/FileSelect.java;file:/Users/rar9993/repos/research/fdroid_apps/native_apps/ics-openconnect/app/src/main/java/app/openconnect/FileSelect.java|class:app.openconnect.FileSelect
LeakingInnerClass;aDoctor;/Users/rar9993/repos/research/fdroid_apps/native_apps/ics-openconnect/NONE_TRANSFORMED_;/Users/rar9993/repos/research/fdroid_apps/native_apps/ics-openconnect/app/src/main/java/app/openconnect/FileSelect.java;file:/Users/rar9993/repos/research/fdroid_apps/native_apps/ics-openconnect/app/src/main/java/app/openconnect/FileSelect.java|class:app.openconnect.FileSelect
MemberIgnoringMethod;aDoctor;/Users/rar9993/repos/research/fdroid_apps/native_apps/ics-openconnect/NONE_TRANSFORMED_;/Users/rar9993/repos/research/fdroid_apps/native_apps/ics-openconnect/app/src/main/java/app/openconnect/FileSelect.java;file:/Users/rar9993/repos/research/fdroid_apps/native_apps/ics-openconnect/app/src/main/java/app/openconnect/FileSelect.java|class:app.openconnect.FileSelect
NoLowMemoryResolver;aDoctor;/Users/rar9993/repos/research/fdroid_apps/native_apps/ics-openconnect/NONE_TRANSFORMED_;/Users/rar9993/repos/research/fdroid_apps/native_apps/ics-openconnect/app/src/main/java/app/openconnect/FileSelect.java;file:/Users/rar9993/repos/research/fdroid_apps/native_apps/ics-openconnect/app/src/main/java/app/openconnect/FileSelect.java|class:app.openconnect.FileSelect
MemberIgnoringMethod;aDoctor;/Users/rar9993/repos/research/fdroid_apps/native_apps/ics-openconnect/NONE_TRANSFORMED_;/Users/rar9993/repos/research/fdroid_apps/native_apps/ics-openconnect/app/src/main/java/app/openconnect/AuthFormHandler.java;file:/Users/rar9993/repos/research/fdroid_apps/native_apps/ics-openconnect/app/src/main/java/app/openconnect/AuthFormHandler.java|class:app.openconnect.AuthFormHandler
SlowForLoop;aDoctor;/Users/rar9993/repos/research/fdroid_apps/native_apps/ics-openconnect/NONE_TRANSFORMED_;/Users/rar9993/repos/research/fdroid_apps/native_apps/ics-openconnect/app/src/main/java/app/openconnect/AuthFormHandler.java;file:/Users/rar9993/repos/research/fdroid_apps/native_apps/ics-openconnect/app/src/main/java/app/openconnect/AuthFormHandler.java|class:app.openconnect.AuthFormHandler
MemberIgnoringMethod;aDoctor;/Users/rar9993/repos/research/fdroid_apps/native_apps/ics-openconnect/NONE_TRANSFORMED_;/Users/rar9993/repos/research/fdroid_apps/native_apps/ics-openconnect/app/src/main/java/app/openconnect/TokenImportActivity.java;file:/Users/rar9993/repos/research/fdroid_apps/native_apps/ics-openconnect/app/src/main/java/app/openconnect/TokenImportActivity.java|class:app.openconnect.TokenImportActivity
NoLowMemoryResolver;aDoctor;/Users/rar9993/repos/research/fdroid_apps/native_apps/ics-openconnect/NONE_TRANSFORMED_;/Users/rar9993/repos/research/fdroid_apps/native_apps/ics-openconnect/app/src/main/java/app/openconnect/TokenImportActivity.java;file:/Users/rar9993/repos/research/fdroid_apps/native_apps/ics-openconnect/app/src/main/java/app/openconnect/TokenImportActivity.java|class:app.openconnect.TokenImportActivity
SlowForLoop;aDoctor;/Users/rar9993/repos/research/fdroid_apps/native_apps/ics-openconnect/NONE_TRANSFORMED_;/Users/rar9993/repos/research/fdroid_apps/native_apps/ics-openconnect/app/src/main/java/app/openconnect/TokenImportActivity.java;file:/Users/rar9993/repos/research/fdroid_apps/native_apps/ics-openconnect/app/src/main/java/app/openconnect/TokenImportActivity.java|class:app.openconnect.TokenImportActivity
LeakingInnerClass;aDoctor;/Users/rar9993/repos/research/fdroid_apps/native_apps/ics-openconnect/NONE_TRANSFORMED_;/Users/rar9993/repos/research/fdroid_apps/native_apps/ics-openconnect/app/src/main/java/app/openconnect/MainActivity.java;file:/Users/rar9993/repos/research/fdroid_apps/native_apps/ics-openconnect/app/src/main/java/app/openconnect/MainActivity.java|class:app.openconnect.MainActivity
MemberIgnoringMethod;aDoctor;/Users/rar9993/repos/research/fdroid_apps/native_apps/ics-openconnect/NONE_TRANSFORMED_;/Users/rar9993/repos/research/fdroid_apps/native_apps/ics-openconnect/app/src/main/java/app/openconnect/MainActivity.java;file:/Users/rar9993/repos/research/fdroid_apps/native_apps/ics-openconnect/app/src/main/java/app/openconnect/MainActivity.java|class:app.openconnect.MainActivity
NoLowMemoryResolver;aDoctor;/Users/rar9993/repos/research/fdroid_apps/native_apps/ics-openconnect/NONE_TRANSFORMED_;/Users/rar9993/repos/research/fdroid_apps/native_apps/ics-openconnect/app/src/main/java/app/openconnect/MainActivity.java;file:/Users/rar9993/repos/research/fdroid_apps/native_apps/ics-openconnect/app/src/main/java/app/openconnect/MainActivity.java|class:app.openconnect.MainActivity
DataTransmissionWithoutCompression;aDoctor;/Users/rar9993/repos/research/fdroid_apps/native_apps/ics-openconnect/NONE_TRANSFORMED_;/Users/rar9993/repos/research/fdroid_apps/native_apps/ics-openconnect/app/src/main/java/app/openconnect/FileProvider.java;file:/Users/rar9993/repos/research/fdroid_apps/native_apps/ics-openconnect/app/src/main/java/app/openconnect/FileProvider.java|class:app.openconnect.FileProvider
NoLowMemoryResolver;aDoctor;/Users/rar9993/repos/research/fdroid_apps/native_apps/ics-openconnect/NONE_TRANSFORMED_;/Users/rar9993/repos/research/fdroid_apps/native_apps/ics-openconnect/app/src/main/java/app/openconnect/FileProvider.java;file:/Users/rar9993/repos/research/fdroid_apps/native_apps/ics-openconnect/app/src/main/java/app/openconnect/FileProvider.java|class:app.openconnect.FileProvider
MemberIgnoringMethod;aDoctor;/Users/rar9993/repos/research/fdroid_apps/native_apps/ics-openconnect/NONE_TRANSFORMED_;/Users/rar9993/repos/research/fdroid_apps/native_apps/ics-openconnect/app/src/main/java/app/openconnect/OnBootReceiver.java;file:/Users/rar9993/repos/research/fdroid_apps/native_apps/ics-openconnect/app/src/main/java/app/openconnect/OnBootReceiver.java|class:app.openconnect.OnBootReceiver
MemberIgnoringMethod;aDoctor;/Users/rar9993/repos/research/fdroid_apps/native_apps/ics-openconnect/NONE_TRANSFORMED_;/Users/rar9993/repos/research/fdroid_apps/native_apps/ics-openconnect/app/src/main/java/app/openconnect/ConnectionEditorActivity.java;file:/Users/rar9993/repos/research/fdroid_apps/native_apps/ics-openconnect/app/src/main/java/app/openconnect/ConnectionEditorActivity.java|class:app.openconnect.ConnectionEditorActivity
NoLowMemoryResolver;aDoctor;/Users/rar9993/repos/research/fdroid_apps/native_apps/ics-openconnect/NONE_TRANSFORMED_;/Users/rar9993/repos/research/fdroid_apps/native_apps/ics-openconnect/app/src/main/java/app/openconnect/ConnectionEditorActivity.java;file:/Users/rar9993/repos/research/fdroid_apps/native_apps/ics-openconnect/app/src/main/java/app/openconnect/ConnectionEditorActivity.java|class:app.openconnect.ConnectionEditorActivity
UnclosedCloseable;aDoctor;/Users/rar9993/repos/research/fdroid_apps/native_apps/ics-openconnect/NONE_TRANSFORMED_;/Users/rar9993/repos/research/fdroid_apps/native_apps/ics-openconnect/app/src/main/java/app/openconnect/ConnectionEditorActivity.java;file:/Users/rar9993/repos/research/fdroid_apps/native_apps/ics-openconnect/app/src/main/java/app/openconnect/ConnectionEditorActivity.java|class:app.openconnect.ConnectionEditorActivity
MemberIgnoringMethod;aDoctor;/Users/rar9993/repos/research/fdroid_apps/native_apps/ics-openconnect/NONE_TRANSFORMED_;/Users/rar9993/repos/research/fdroid_apps/native_apps/ics-openconnect/app/src/main/java/app/openconnect/VpnProfile.java;file:/Users/rar9993/repos/research/fdroid_apps/native_apps/ics-openconnect/app/src/main/java/app/openconnect/VpnProfile.java|class:app.openconnect.VpnProfile
DataTransmissionWithoutCompression;aDoctor;/Users/rar9993/repos/research/fdroid_apps/native_apps/ics-openconnect/NONE_TRANSFORMED_;/Users/rar9993/repos/research/fdroid_apps/native_apps/ics-openconnect/app/src/main/java/app/openconnect/core/OpenConnectManagementThread.java;file:/Users/rar9993/repos/research/fdroid_apps/native_apps/ics-openconnect/app/src/main/java/app/openconnect/core/OpenConnectManagementThread.java|class:app.openconnect.core.OpenConnectManagementThread
LeakingInnerClass;aDoctor;/Users/rar9993/repos/research/fdroid_apps/native_apps/ics-openconnect/NONE_TRANSFORMED_;/Users/rar9993/repos/research/fdroid_apps/native_apps/ics-openconnect/app/src/main/java/app/openconnect/core/OpenConnectManagementThread.java;file:/Users/rar9993/repos/research/fdroid_apps/native_apps/ics-openconnect/app/src/main/java/app/openconnect/core/OpenConnectManagementThread.java|class:app.openconnect.core.OpenConnectManagementThread
LeakingThread;aDoctor;/Users/rar9993/repos/research/fdroid_apps/native_apps/ics-openconnect/NONE_TRANSFORMED_;/Users/rar9993/repos/research/fdroid_apps/native_apps/ics-openconnect/app/src/main/java/app/openconnect/core/OpenConnectManagementThread.java;file:/Users/rar9993/repos/research/fdroid_apps/native_apps/ics-openconnect/app/src/main/java/app/openconnect/core/OpenConnectManagementThread.java|class:app.openconnect.core.OpenConnectManagementThread
MemberIgnoringMethod;aDoctor;/Users/rar9993/repos/research/fdroid_apps/native_apps/ics-openconnect/NONE_TRANSFORMED_;/Users/rar9993/repos/research/fdroid_apps/native_apps/ics-openconnect/app/src/main/java/app/openconnect/core/OpenConnectManagementThread.java;file:/Users/rar9993/repos/research/fdroid_apps/native_apps/ics-openconnect/app/src/main/java/app/openconnect/core/OpenConnectManagementThread.java|class:app.openconnect.core.OpenConnectManagementThread
MemberIgnoringMethod;aDoctor;/Users/rar9993/repos/research/fdroid_apps/native_apps/ics-openconnect/NONE_TRANSFORMED_;/Users/rar9993/repos/research/fdroid_apps/native_apps/ics-openconnect/app/src/main/java/app/openconnect/core/OpenVPNManagement.java;file:/Users/rar9993/repos/research/fdroid_apps/native_apps/ics-openconnect/app/src/main/java/app/openconnect/core/OpenVPNManagement.java|class:app.openconnect.core.OpenVPNManagement
MemberIgnoringMethod;aDoctor;/Users/rar9993/repos/research/fdroid_apps/native_apps/ics-openconnect/NONE_TRANSFORMED_;/Users/rar9993/repos/research/fdroid_apps/native_apps/ics-openconnect/app/src/main/java/app/openconnect/core/CertWarningDialog.java;file:/Users/rar9993/repos/research/fdroid_apps/native_apps/ics-openconnect/app/src/main/java/app/openconnect/core/CertWarningDialog.java|class:app.openconnect.core.CertWarningDialog
LeakingInnerClass;aDoctor;/Users/rar9993/repos/research/fdroid_apps/native_apps/ics-openconnect/NONE_TRANSFORMED_;/Users/rar9993/repos/research/fdroid_apps/native_apps/ics-openconnect/app/src/main/java/app/openconnect/core/OpenVpnService.java;file:/Users/rar9993/repos/research/fdroid_apps/native_apps/ics-openconnect/app/src/main/java/app/openconnect/core/OpenVpnService.java|class:app.openconnect.core.OpenVpnService
LeakingThread;aDoctor;/Users/rar9993/repos/research/fdroid_apps/native_apps/ics-openconnect/NONE_TRANSFORMED_;/Users/rar9993/repos/research/fdroid_apps/native_apps/ics-openconnect/app/src/main/java/app/openconnect/core/OpenVpnService.java;file:/Users/rar9993/repos/research/fdroid_apps/native_apps/ics-openconnect/app/src/main/java/app/openconnect/core/OpenVpnService.java|class:app.openconnect.core.OpenVpnService
MemberIgnoringMethod;aDoctor;/Users/rar9993/repos/research/fdroid_apps/native_apps/ics-openconnect/NONE_TRANSFORMED_;/Users/rar9993/repos/research/fdroid_apps/native_apps/ics-openconnect/app/src/main/java/app/openconnect/core/OpenVpnService.java;file:/Users/rar9993/repos/research/fdroid_apps/native_apps/ics-openconnect/app/src/main/java/app/openconnect/core/OpenVpnService.java|class:app.openconnect.core.OpenVpnService
NoLowMemoryResolver;aDoctor;/Users/rar9993/repos/research/fdroid_apps/native_apps/ics-openconnect/NONE_TRANSFORMED_;/Users/rar9993/repos/research/fdroid_apps/native_apps/ics-openconnect/app/src/main/java/app/openconnect/core/OpenVpnService.java;file:/Users/rar9993/repos/research/fdroid_apps/native_apps/ics-openconnect/app/src/main/java/app/openconnect/core/OpenVpnService.java|class:app.openconnect.core.OpenVpnService
LeakingThread;aDoctor;/Users/rar9993/repos/research/fdroid_apps/native_apps/ics-openconnect/NONE_TRANSFORMED_;/Users/rar9993/repos/research/fdroid_apps/native_apps/ics-openconnect/app/src/main/java/app/openconnect/core/GetRestrictionReceiver.java;file:/Users/rar9993/repos/research/fdroid_apps/native_apps/ics-openconnect/app/src/main/java/app/openconnect/core/GetRestrictionReceiver.java|class:app.openconnect.core.GetRestrictionReceiver
DataTransmissionWithoutCompression;aDoctor;/Users/rar9993/repos/research/fdroid_apps/native_apps/ics-openconnect/NONE_TRANSFORMED_;/Users/rar9993/repos/research/fdroid_apps/native_apps/ics-openconnect/app/src/main/java/app/openconnect/core/AssetExtractor.java;file:/Users/rar9993/repos/research/fdroid_apps/native_apps/ics-openconnect/app/src/main/java/app/openconnect/core/AssetExtractor.java|class:app.openconnect.core.AssetExtractor
SlowForLoop;aDoctor;/Users/rar9993/repos/research/fdroid_apps/native_apps/ics-openconnect/NONE_TRANSFORMED_;/Users/rar9993/repos/research/fdroid_apps/native_apps/ics-openconnect/app/src/main/java/app/openconnect/core/AssetExtractor.java;file:/Users/rar9993/repos/research/fdroid_apps/native_apps/ics-openconnect/app/src/main/java/app/openconnect/core/AssetExtractor.java|class:app.openconnect.core.AssetExtractor
MemberIgnoringMethod;aDoctor;/Users/rar9993/repos/research/fdroid_apps/native_apps/ics-openconnect/NONE_TRANSFORMED_;/Users/rar9993/repos/research/fdroid_apps/native_apps/ics-openconnect/app/src/main/java/app/openconnect/core/ErrorDialog.java;file:/Users/rar9993/repos/research/fdroid_apps/native_apps/ics-openconnect/app/src/main/java/app/openconnect/core/ErrorDialog.java|class:app.openconnect.core.ErrorDialog
DataTransmissionWithoutCompression;aDoctor;/Users/rar9993/repos/research/fdroid_apps/native_apps/ics-openconnect/NONE_TRANSFORMED_;/Users/rar9993/repos/research/fdroid_apps/native_apps/ics-openconnect/app/src/main/java/app/openconnect/core/ProfileManager.java;file:/Users/rar9993/repos/research/fdroid_apps/native_apps/ics-openconnect/app/src/main/java/app/openconnect/core/ProfileManager.java|class:app.openconnect.core.ProfileManager
SlowForLoop;aDoctor;/Users/rar9993/repos/research/fdroid_apps/native_apps/ics-openconnect/NONE_TRANSFORMED_;/Users/rar9993/repos/research/fdroid_apps/native_apps/ics-openconnect/app/src/main/java/app/openconnect/core/ProfileManager.java;file:/Users/rar9993/repos/research/fdroid_apps/native_apps/ics-openconnect/app/src/main/java/app/openconnect/core/ProfileManager.java|class:app.openconnect.core.ProfileManager
MemberIgnoringMethod;aDoctor;/Users/rar9993/repos/research/fdroid_apps/native_apps/ics-openconnect/NONE_TRANSFORMED_;/Users/rar9993/repos/research/fdroid_apps/native_apps/ics-openconnect/app/src/main/java/app/openconnect/core/VPNLogItem.java;file:/Users/rar9993/repos/research/fdroid_apps/native_apps/ics-openconnect/app/src/main/java/app/openconnect/core/VPNLogItem.java|class:app.openconnect.core.VPNLogItem
SlowForLoop;aDoctor;/Users/rar9993/repos/research/fdroid_apps/native_apps/ics-openconnect/NONE_TRANSFORMED_;/Users/rar9993/repos/research/fdroid_apps/native_apps/ics-openconnect/app/src/main/java/app/openconnect/core/X509Utils.java;file:/Users/rar9993/repos/research/fdroid_apps/native_apps/ics-openconnect/app/src/main/java/app/openconnect/core/X509Utils.java|class:app.openconnect.core.X509Utils
LeakingInnerClass;aDoctor;/Users/rar9993/repos/research/fdroid_apps/native_apps/ics-openconnect/NONE_TRANSFORMED_;/Users/rar9993/repos/research/fdroid_apps/native_apps/ics-openconnect/app/src/main/java/app/openconnect/core/UserDialog.java;file:/Users/rar9993/repos/research/fdroid_apps/native_apps/ics-openconnect/app/src/main/java/app/openconnect/core/UserDialog.java|class:app.openconnect.core.UserDialog
WakeLock;aDoctor;/Users/rar9993/repos/research/fdroid_apps/native_apps/ics-openconnect/NONE_TRANSFORMED_;/Users/rar9993/repos/research/fdroid_apps/native_apps/ics-openconnect/app/src/main/java/app/openconnect/core/KeepAlive.java;file:/Users/rar9993/repos/research/fdroid_apps/native_apps/ics-openconnect/app/src/main/java/app/openconnect/core/KeepAlive.java|class:app.openconnect.core.KeepAlive
LeakingThread;aDoctor;/Users/rar9993/repos/research/fdroid_apps/native_apps/ics-openconnect/NONE_TRANSFORMED_;/Users/rar9993/repos/research/fdroid_apps/native_apps/ics-openconnect/app/src/main/java/app/openconnect/core/KeepAlive.java;file:/Users/rar9993/repos/research/fdroid_apps/native_apps/ics-openconnect/app/src/main/java/app/openconnect/core/KeepAlive.java|class:app.openconnect.core.KeepAlive
MemberIgnoringMethod;aDoctor;/Users/rar9993/repos/research/fdroid_apps/native_apps/ics-openconnect/NONE_TRANSFORMED_;/Users/rar9993/repos/research/fdroid_apps/native_apps/ics-openconnect/app/src/main/java/app/openconnect/core/KeepAlive.java;file:/Users/rar9993/repos/research/fdroid_apps/native_apps/ics-openconnect/app/src/main/java/app/openconnect/core/KeepAlive.java|class:app.openconnect.core.KeepAlive
SlowForLoop;aDoctor;/Users/rar9993/repos/research/fdroid_apps/native_apps/ics-openconnect/NONE_TRANSFORMED_;/Users/rar9993/repos/research/fdroid_apps/native_apps/ics-openconnect/app/src/main/java/app/openconnect/core/KeepAlive.java;file:/Users/rar9993/repos/research/fdroid_apps/native_apps/ics-openconnect/app/src/main/java/app/openconnect/core/KeepAlive.java|class:app.openconnect.core.KeepAlive
LeakingInnerClass;aDoctor;/Users/rar9993/repos/research/fdroid_apps/native_apps/ics-openconnect/NONE_TRANSFORMED_;/Users/rar9993/repos/research/fdroid_apps/native_apps/ics-openconnect/app/src/main/java/app/openconnect/core/VPNLog.java;file:/Users/rar9993/repos/research/fdroid_apps/native_apps/ics-openconnect/app/src/main/java/app/openconnect/core/VPNLog.java|class:app.openconnect.core.VPNLog
SlowForLoop;aDoctor;/Users/rar9993/repos/research/fdroid_apps/native_apps/ics-openconnect/NONE_TRANSFORMED_;/Users/rar9993/repos/research/fdroid_apps/native_apps/ics-openconnect/app/src/main/java/app/openconnect/core/VPNLog.java;file:/Users/rar9993/repos/research/fdroid_apps/native_apps/ics-openconnect/app/src/main/java/app/openconnect/core/VPNLog.java|class:app.openconnect.core.VPNLog
MemberIgnoringMethod;aDoctor;/Users/rar9993/repos/research/fdroid_apps/native_apps/ics-openconnect/NONE_TRANSFORMED_;/Users/rar9993/repos/research/fdroid_apps/native_apps/ics-openconnect/app/src/main/java/app/openconnect/fragments/InlineFileTab.java;file:/Users/rar9993/repos/research/fdroid_apps/native_apps/ics-openconnect/app/src/main/java/app/openconnect/fragments/InlineFileTab.java|class:app.openconnect.fragments.InlineFileTab
NoLowMemoryResolver;aDoctor;/Users/rar9993/repos/research/fdroid_apps/native_apps/ics-openconnect/NONE_TRANSFORMED_;/Users/rar9993/repos/research/fdroid_apps/native_apps/ics-openconnect/app/src/main/java/app/openconnect/fragments/InlineFileTab.java;file:/Users/rar9993/repos/research/fdroid_apps/native_apps/ics-openconnect/app/src/main/java/app/openconnect/fragments/InlineFileTab.java|class:app.openconnect.fragments.InlineFileTab
UnclosedCloseable;aDoctor;/Users/rar9993/repos/research/fdroid_apps/native_apps/ics-openconnect/NONE_TRANSFORMED_;/Users/rar9993/repos/research/fdroid_apps/native_apps/ics-openconnect/app/src/main/java/app/openconnect/fragments/InlineFileTab.java;file:/Users/rar9993/repos/research/fdroid_apps/native_apps/ics-openconnect/app/src/main/java/app/openconnect/fragments/InlineFileTab.java|class:app.openconnect.fragments.InlineFileTab
MemberIgnoringMethod;aDoctor;/Users/rar9993/repos/research/fdroid_apps/native_apps/ics-openconnect/NONE_TRANSFORMED_;/Users/rar9993/repos/research/fdroid_apps/native_apps/ics-openconnect/app/src/main/java/app/openconnect/fragments/LogFragment.java;file:/Users/rar9993/repos/research/fdroid_apps/native_apps/ics-openconnect/app/src/main/java/app/openconnect/fragments/LogFragment.java|class:app.openconnect.fragments.LogFragment
NoLowMemoryResolver;aDoctor;/Users/rar9993/repos/research/fdroid_apps/native_apps/ics-openconnect/NONE_TRANSFORMED_;/Users/rar9993/repos/research/fdroid_apps/native_apps/ics-openconnect/app/src/main/java/app/openconnect/fragments/LogFragment.java;file:/Users/rar9993/repos/research/fdroid_apps/native_apps/ics-openconnect/app/src/main/java/app/openconnect/fragments/LogFragment.java|class:app.openconnect.fragments.LogFragment
MemberIgnoringMethod;aDoctor;/Users/rar9993/repos/research/fdroid_apps/native_apps/ics-openconnect/NONE_TRANSFORMED_;/Users/rar9993/repos/research/fdroid_apps/native_apps/ics-openconnect/app/src/main/java/app/openconnect/fragments/CommonMenu.java;file:/Users/rar9993/repos/research/fdroid_apps/native_apps/ics-openconnect/app/src/main/java/app/openconnect/fragments/CommonMenu.java|class:app.openconnect.fragments.CommonMenu
UnclosedCloseable;aDoctor;/Users/rar9993/repos/research/fdroid_apps/native_apps/ics-openconnect/NONE_TRANSFORMED_;/Users/rar9993/repos/research/fdroid_apps/native_apps/ics-openconnect/app/src/main/java/app/openconnect/fragments/CommonMenu.java;file:/Users/rar9993/repos/research/fdroid_apps/native_apps/ics-openconnect/app/src/main/java/app/openconnect/fragments/CommonMenu.java|class:app.openconnect.fragments.CommonMenu
MemberIgnoringMethod;aDoctor;/Users/rar9993/repos/research/fdroid_apps/native_apps/ics-openconnect/NONE_TRANSFORMED_;/Users/rar9993/repos/research/fdroid_apps/native_apps/ics-openconnect/app/src/main/java/app/openconnect/fragments/ConnectionEditorFragment.java;file:/Users/rar9993/repos/research/fdroid_apps/native_apps/ics-openconnect/app/src/main/java/app/openconnect/fragments/ConnectionEditorFragment.java|class:app.openconnect.fragments.ConnectionEditorFragment
NoLowMemoryResolver;aDoctor;/Users/rar9993/repos/research/fdroid_apps/native_apps/ics-openconnect/NONE_TRANSFORMED_;/Users/rar9993/repos/research/fdroid_apps/native_apps/ics-openconnect/app/src/main/java/app/openconnect/fragments/ConnectionEditorFragment.java;file:/Users/rar9993/repos/research/fdroid_apps/native_apps/ics-openconnect/app/src/main/java/app/openconnect/fragments/ConnectionEditorFragment.java|class:app.openconnect.fragments.ConnectionEditorFragment
SlowForLoop;aDoctor;/Users/rar9993/repos/research/fdroid_apps/native_apps/ics-openconnect/NONE_TRANSFORMED_;/Users/rar9993/repos/research/fdroid_apps/native_apps/ics-openconnect/app/src/main/java/app/openconnect/fragments/ConnectionEditorFragment.java;file:/Users/rar9993/repos/research/fdroid_apps/native_apps/ics-openconnect/app/src/main/java/app/openconnect/fragments/ConnectionEditorFragment.java|class:app.openconnect.fragments.ConnectionEditorFragment
DataTransmissionWithoutCompression;aDoctor;/Users/rar9993/repos/research/fdroid_apps/native_apps/ics-openconnect/NONE_TRANSFORMED_;/Users/rar9993/repos/research/fdroid_apps/native_apps/ics-openconnect/app/src/main/java/app/openconnect/fragments/FileSelectionFragment.java;file:/Users/rar9993/repos/research/fdroid_apps/native_apps/ics-openconnect/app/src/main/java/app/openconnect/fragments/FileSelectionFragment.java|class:app.openconnect.fragments.FileSelectionFragment
MemberIgnoringMethod;aDoctor;/Users/rar9993/repos/research/fdroid_apps/native_apps/ics-openconnect/NONE_TRANSFORMED_;/Users/rar9993/repos/research/fdroid_apps/native_apps/ics-openconnect/app/src/main/java/app/openconnect/fragments/FileSelectionFragment.java;file:/Users/rar9993/repos/research/fdroid_apps/native_apps/ics-openconnect/app/src/main/java/app/openconnect/fragments/FileSelectionFragment.java|class:app.openconnect.fragments.FileSelectionFragment
NoLowMemoryResolver;aDoctor;/Users/rar9993/repos/research/fdroid_apps/native_apps/ics-openconnect/NONE_TRANSFORMED_;/Users/rar9993/repos/research/fdroid_apps/native_apps/ics-openconnect/app/src/main/java/app/openconnect/fragments/FileSelectionFragment.java;file:/Users/rar9993/repos/research/fdroid_apps/native_apps/ics-openconnect/app/src/main/java/app/openconnect/fragments/FileSelectionFragment.java|class:app.openconnect.fragments.FileSelectionFragment
SlowForLoop;aDoctor;/Users/rar9993/repos/research/fdroid_apps/native_apps/ics-openconnect/NONE_TRANSFORMED_;/Users/rar9993/repos/research/fdroid_apps/native_apps/ics-openconnect/app/src/main/java/app/openconnect/fragments/FileSelectionFragment.java;file:/Users/rar9993/repos/research/fdroid_apps/native_apps/ics-openconnect/app/src/main/java/app/openconnect/fragments/FileSelectionFragment.java|class:app.openconnect.fragments.FileSelectionFragment
UnclosedCloseable;aDoctor;/Users/rar9993/repos/research/fdroid_apps/native_apps/ics-openconnect/NONE_TRANSFORMED_;/Users/rar9993/repos/research/fdroid_apps/native_apps/ics-openconnect/app/src/main/java/app/openconnect/fragments/FileSelectionFragment.java;file:/Users/rar9993/repos/research/fdroid_apps/native_apps/ics-openconnect/app/src/main/java/app/openconnect/fragments/FileSelectionFragment.java|class:app.openconnect.fragments.FileSelectionFragment
MemberIgnoringMethod;aDoctor;/Users/rar9993/repos/research/fdroid_apps/native_apps/ics-openconnect/NONE_TRANSFORMED_;/Users/rar9993/repos/research/fdroid_apps/native_apps/ics-openconnect/app/src/main/java/app/openconnect/fragments/GeneralSettings.java;file:/Users/rar9993/repos/research/fdroid_apps/native_apps/ics-openconnect/app/src/main/java/app/openconnect/fragments/GeneralSettings.java|class:app.openconnect.fragments.GeneralSettings
NoLowMemoryResolver;aDoctor;/Users/rar9993/repos/research/fdroid_apps/native_apps/ics-openconnect/NONE_TRANSFORMED_;/Users/rar9993/repos/research/fdroid_apps/native_apps/ics-openconnect/app/src/main/java/app/openconnect/fragments/GeneralSettings.java;file:/Users/rar9993/repos/research/fdroid_apps/native_apps/ics-openconnect/app/src/main/java/app/openconnect/fragments/GeneralSettings.java|class:app.openconnect.fragments.GeneralSettings
MemberIgnoringMethod;aDoctor;/Users/rar9993/repos/research/fdroid_apps/native_apps/ics-openconnect/NONE_TRANSFORMED_;/Users/rar9993/repos/research/fdroid_apps/native_apps/ics-openconnect/app/src/main/java/app/openconnect/fragments/FeedbackFragment.java;file:/Users/rar9993/repos/research/fdroid_apps/native_apps/ics-openconnect/app/src/main/java/app/openconnect/fragments/FeedbackFragment.java|class:app.openconnect.fragments.FeedbackFragment
NoLowMemoryResolver;aDoctor;/Users/rar9993/repos/research/fdroid_apps/native_apps/ics-openconnect/NONE_TRANSFORMED_;/Users/rar9993/repos/research/fdroid_apps/native_apps/ics-openconnect/app/src/main/java/app/openconnect/fragments/FeedbackFragment.java;file:/Users/rar9993/repos/research/fdroid_apps/native_apps/ics-openconnect/app/src/main/java/app/openconnect/fragments/FeedbackFragment.java|class:app.openconnect.fragments.FeedbackFragment
MemberIgnoringMethod;aDoctor;/Users/rar9993/repos/research/fdroid_apps/native_apps/ics-openconnect/NONE_TRANSFORMED_;/Users/rar9993/repos/research/fdroid_apps/native_apps/ics-openconnect/app/src/main/java/app/openconnect/fragments/TokenParentFragment.java;file:/Users/rar9993/repos/research/fdroid_apps/native_apps/ics-openconnect/app/src/main/java/app/openconnect/fragments/TokenParentFragment.java|class:app.openconnect.fragments.TokenParentFragment
NoLowMemoryResolver;aDoctor;/Users/rar9993/repos/research/fdroid_apps/native_apps/ics-openconnect/NONE_TRANSFORMED_;/Users/rar9993/repos/research/fdroid_apps/native_apps/ics-openconnect/app/src/main/java/app/openconnect/fragments/TokenParentFragment.java;file:/Users/rar9993/repos/research/fdroid_apps/native_apps/ics-openconnect/app/src/main/java/app/openconnect/fragments/TokenParentFragment.java|class:app.openconnect.fragments.TokenParentFragment
NoLowMemoryResolver;aDoctor;/Users/rar9993/repos/research/fdroid_apps/native_apps/ics-openconnect/NONE_TRANSFORMED_;/Users/rar9993/repos/research/fdroid_apps/native_apps/ics-openconnect/app/src/main/java/app/openconnect/fragments/AboutFragment.java;file:/Users/rar9993/repos/research/fdroid_apps/native_apps/ics-openconnect/app/src/main/java/app/openconnect/fragments/AboutFragment.java|class:app.openconnect.fragments.AboutFragment
LeakingInnerClass;aDoctor;/Users/rar9993/repos/research/fdroid_apps/native_apps/ics-openconnect/NONE_TRANSFORMED_;/Users/rar9993/repos/research/fdroid_apps/native_apps/ics-openconnect/app/src/main/java/app/openconnect/fragments/VPNProfileList.java;file:/Users/rar9993/repos/research/fdroid_apps/native_apps/ics-openconnect/app/src/main/java/app/openconnect/fragments/VPNProfileList.java|class:app.openconnect.fragments.VPNProfileList
MemberIgnoringMethod;aDoctor;/Users/rar9993/repos/research/fdroid_apps/native_apps/ics-openconnect/NONE_TRANSFORMED_;/Users/rar9993/repos/research/fdroid_apps/native_apps/ics-openconnect/app/src/main/java/app/openconnect/fragments/VPNProfileList.java;file:/Users/rar9993/repos/research/fdroid_apps/native_apps/ics-openconnect/app/src/main/java/app/openconnect/fragments/VPNProfileList.java|class:app.openconnect.fragments.VPNProfileList
NoLowMemoryResolver;aDoctor;/Users/rar9993/repos/research/fdroid_apps/native_apps/ics-openconnect/NONE_TRANSFORMED_;/Users/rar9993/repos/research/fdroid_apps/native_apps/ics-openconnect/app/src/main/java/app/openconnect/fragments/VPNProfileList.java;file:/Users/rar9993/repos/research/fdroid_apps/native_apps/ics-openconnect/app/src/main/java/app/openconnect/fragments/VPNProfileList.java|class:app.openconnect.fragments.VPNProfileList
UnclosedCloseable;aDoctor;/Users/rar9993/repos/research/fdroid_apps/native_apps/ics-openconnect/NONE_TRANSFORMED_;/Users/rar9993/repos/research/fdroid_apps/native_apps/ics-openconnect/app/src/main/java/app/openconnect/fragments/VPNProfileList.java;file:/Users/rar9993/repos/research/fdroid_apps/native_apps/ics-openconnect/app/src/main/java/app/openconnect/fragments/VPNProfileList.java|class:app.openconnect.fragments.VPNProfileList
MemberIgnoringMethod;aDoctor;/Users/rar9993/repos/research/fdroid_apps/native_apps/ics-openconnect/NONE_TRANSFORMED_;/Users/rar9993/repos/research/fdroid_apps/native_apps/ics-openconnect/app/src/main/java/app/openconnect/fragments/StatusFragment.java;file:/Users/rar9993/repos/research/fdroid_apps/native_apps/ics-openconnect/app/src/main/java/app/openconnect/fragments/StatusFragment.java|class:app.openconnect.fragments.StatusFragment
NoLowMemoryResolver;aDoctor;/Users/rar9993/repos/research/fdroid_apps/native_apps/ics-openconnect/NONE_TRANSFORMED_;/Users/rar9993/repos/research/fdroid_apps/native_apps/ics-openconnect/app/src/main/java/app/openconnect/fragments/StatusFragment.java;file:/Users/rar9993/repos/research/fdroid_apps/native_apps/ics-openconnect/app/src/main/java/app/openconnect/fragments/StatusFragment.java|class:app.openconnect.fragments.StatusFragment
UnclosedCloseable;aDoctor;/Users/rar9993/repos/research/fdroid_apps/native_apps/ics-openconnect/NONE_TRANSFORMED_;/Users/rar9993/repos/research/fdroid_apps/native_apps/ics-openconnect/app/src/main/java/app/openconnect/fragments/StatusFragment.java;file:/Users/rar9993/repos/research/fdroid_apps/native_apps/ics-openconnect/app/src/main/java/app/openconnect/fragments/StatusFragment.java|class:app.openconnect.fragments.StatusFragment
LeakingThread;aDoctor;/Users/rar9993/repos/research/fdroid_apps/native_apps/ics-openconnect/NONE_TRANSFORMED_;/Users/rar9993/repos/research/fdroid_apps/native_apps/ics-openconnect/app/src/main/java/app/openconnect/fragments/TokenDiagFragment.java;file:/Users/rar9993/repos/research/fdroid_apps/native_apps/ics-openconnect/app/src/main/java/app/openconnect/fragments/TokenDiagFragment.java|class:app.openconnect.fragments.TokenDiagFragment
MemberIgnoringMethod;aDoctor;/Users/rar9993/repos/research/fdroid_apps/native_apps/ics-openconnect/NONE_TRANSFORMED_;/Users/rar9993/repos/research/fdroid_apps/native_apps/ics-openconnect/app/src/main/java/app/openconnect/fragments/TokenDiagFragment.java;file:/Users/rar9993/repos/research/fdroid_apps/native_apps/ics-openconnect/app/src/main/java/app/openconnect/fragments/TokenDiagFragment.java|class:app.openconnect.fragments.TokenDiagFragment
NoLowMemoryResolver;aDoctor;/Users/rar9993/repos/research/fdroid_apps/native_apps/ics-openconnect/NONE_TRANSFORMED_;/Users/rar9993/repos/research/fdroid_apps/native_apps/ics-openconnect/app/src/main/java/app/openconnect/fragments/TokenDiagFragment.java;file:/Users/rar9993/repos/research/fdroid_apps/native_apps/ics-openconnect/app/src/main/java/app/openconnect/fragments/TokenDiagFragment.java|class:app.openconnect.fragments.TokenDiagFragment
NoLowMemoryResolver;aDoctor;/Users/rar9993/repos/research/fdroid_apps/native_apps/ics-openconnect/NONE_TRANSFORMED_;/Users/rar9993/repos/research/fdroid_apps/native_apps/ics-openconnect/app/src/main/java/app/openconnect/fragments/FaqFragment.java;file:/Users/rar9993/repos/research/fdroid_apps/native_apps/ics-openconnect/app/src/main/java/app/openconnect/fragments/FaqFragment.java|class:app.openconnect.fragments.FaqFragment
SlowForLoop;aDoctor;/Users/rar9993/repos/research/fdroid_apps/native_apps/ics-openconnect/NONE_TRANSFORMED_;/Users/rar9993/repos/research/fdroid_apps/native_apps/ics-openconnect/app/src/main/java/app/openconnect/fragments/FaqFragment.java;file:/Users/rar9993/repos/research/fdroid_apps/native_apps/ics-openconnect/app/src/main/java/app/openconnect/fragments/FaqFragment.java|class:app.openconnect.fragments.FaqFragment
DataTransmissionWithoutCompression;aDoctor;/Users/rar9993/repos/research/fdroid_apps/native_apps/ics-openconnect/NONE_TRANSFORMED_;/Users/rar9993/repos/research/fdroid_apps/native_apps/ics-openconnect/app/src/main/java/app/openconnect/fragments/SendDumpFragment.java;file:/Users/rar9993/repos/research/fdroid_apps/native_apps/ics-openconnect/app/src/main/java/app/openconnect/fragments/SendDumpFragment.java|class:app.openconnect.fragments.SendDumpFragment
NoLowMemoryResolver;aDoctor;/Users/rar9993/repos/research/fdroid_apps/native_apps/ics-openconnect/NONE_TRANSFORMED_;/Users/rar9993/repos/research/fdroid_apps/native_apps/ics-openconnect/app/src/main/java/app/openconnect/fragments/SendDumpFragment.java;file:/Users/rar9993/repos/research/fdroid_apps/native_apps/ics-openconnect/app/src/main/java/app/openconnect/fragments/SendDumpFragment.java|class:app.openconnect.fragments.SendDumpFragment
MemberIgnoringMethod;aDoctor;/Users/rar9993/repos/research/fdroid_apps/native_apps/ics-openconnect/NONE_TRANSFORMED_;/Users/rar9993/repos/research/fdroid_apps/native_apps/ics-openconnect/app/src/main/java/app/openconnect/api/ExternalAppDatabase.java;file:/Users/rar9993/repos/research/fdroid_apps/native_apps/ics-openconnect/app/src/main/java/app/openconnect/api/ExternalAppDatabase.java|class:app.openconnect.api.ExternalAppDatabase
LeakingInnerClass;aDoctor;/Users/rar9993/repos/research/fdroid_apps/native_apps/ics-openconnect/NONE_TRANSFORMED_;/Users/rar9993/repos/research/fdroid_apps/native_apps/ics-openconnect/app/src/main/java/app/openconnect/api/ExternalOpenVPNService.java;file:/Users/rar9993/repos/research/fdroid_apps/native_apps/ics-openconnect/app/src/main/java/app/openconnect/api/ExternalOpenVPNService.java|class:app.openconnect.api.ExternalOpenVPNService
MemberIgnoringMethod;aDoctor;/Users/rar9993/repos/research/fdroid_apps/native_apps/ics-openconnect/NONE_TRANSFORMED_;/Users/rar9993/repos/research/fdroid_apps/native_apps/ics-openconnect/app/src/main/java/app/openconnect/api/ExternalOpenVPNService.java;file:/Users/rar9993/repos/research/fdroid_apps/native_apps/ics-openconnect/app/src/main/java/app/openconnect/api/ExternalOpenVPNService.java|class:app.openconnect.api.ExternalOpenVPNService
NoLowMemoryResolver;aDoctor;/Users/rar9993/repos/research/fdroid_apps/native_apps/ics-openconnect/NONE_TRANSFORMED_;/Users/rar9993/repos/research/fdroid_apps/native_apps/ics-openconnect/app/src/main/java/app/openconnect/api/ExternalOpenVPNService.java;file:/Users/rar9993/repos/research/fdroid_apps/native_apps/ics-openconnect/app/src/main/java/app/openconnect/api/ExternalOpenVPNService.java|class:app.openconnect.api.ExternalOpenVPNService
SlowForLoop;aDoctor;/Users/rar9993/repos/research/fdroid_apps/native_apps/ics-openconnect/NONE_TRANSFORMED_;/Users/rar9993/repos/research/fdroid_apps/native_apps/ics-openconnect/app/src/main/java/app/openconnect/api/ExternalOpenVPNService.java;file:/Users/rar9993/repos/research/fdroid_apps/native_apps/ics-openconnect/app/src/main/java/app/openconnect/api/ExternalOpenVPNService.java|class:app.openconnect.api.ExternalOpenVPNService
MemberIgnoringMethod;aDoctor;/Users/rar9993/repos/research/fdroid_apps/native_apps/ics-openconnect/NONE_TRANSFORMED_;/Users/rar9993/repos/research/fdroid_apps/native_apps/ics-openconnect/app/src/main/java/app/openconnect/api/APIVpnProfile.java;file:/Users/rar9993/repos/research/fdroid_apps/native_apps/ics-openconnect/app/src/main/java/app/openconnect/api/APIVpnProfile.java|class:app.openconnect.api.APIVpnProfile
MemberIgnoringMethod;aDoctor;/Users/rar9993/repos/research/fdroid_apps/native_apps/ics-openconnect/NONE_TRANSFORMED_;/Users/rar9993/repos/research/fdroid_apps/native_apps/ics-openconnect/app/src/main/java/app/openconnect/api/GrantPermissionsActivity.java;file:/Users/rar9993/repos/research/fdroid_apps/native_apps/ics-openconnect/app/src/main/java/app/openconnect/api/GrantPermissionsActivity.java|class:app.openconnect.api.GrantPermissionsActivity
NoLowMemoryResolver;aDoctor;/Users/rar9993/repos/research/fdroid_apps/native_apps/ics-openconnect/NONE_TRANSFORMED_;/Users/rar9993/repos/research/fdroid_apps/native_apps/ics-openconnect/app/src/main/java/app/openconnect/api/GrantPermissionsActivity.java;file:/Users/rar9993/repos/research/fdroid_apps/native_apps/ics-openconnect/app/src/main/java/app/openconnect/api/GrantPermissionsActivity.java|class:app.openconnect.api.GrantPermissionsActivity
MemberIgnoringMethod;aDoctor;/Users/rar9993/repos/research/fdroid_apps/native_apps/ics-openconnect/NONE_TRANSFORMED_;/Users/rar9993/repos/research/fdroid_apps/native_apps/ics-openconnect/app/src/main/java/app/openconnect/api/ConfirmDialog.java;file:/Users/rar9993/repos/research/fdroid_apps/native_apps/ics-openconnect/app/src/main/java/app/openconnect/api/ConfirmDialog.java|class:app.openconnect.api.ConfirmDialog
NoLowMemoryResolver;aDoctor;/Users/rar9993/repos/research/fdroid_apps/native_apps/ics-openconnect/NONE_TRANSFORMED_;/Users/rar9993/repos/research/fdroid_apps/native_apps/ics-openconnect/app/src/main/java/app/openconnect/api/ConfirmDialog.java;file:/Users/rar9993/repos/research/fdroid_apps/native_apps/ics-openconnect/app/src/main/java/app/openconnect/api/ConfirmDialog.java|class:app.openconnect.api.ConfirmDialog
MemberIgnoringMethod;aDoctor;/Users/rar9993/repos/research/fdroid_apps/native_apps/ics-openconnect/NONE_TRANSFORMED_;/Users/rar9993/repos/research/fdroid_apps/native_apps/ics-openconnect/app/src/main/java/org/spongycastle/util/io/pem/PemWriter.java;file:/Users/rar9993/repos/research/fdroid_apps/native_apps/ics-openconnect/app/src/main/java/org/spongycastle/util/io/pem/PemWriter.java|class:org.spongycastle.util.io.pem.PemWriter
SlowForLoop;aDoctor;/Users/rar9993/repos/research/fdroid_apps/native_apps/ics-openconnect/NONE_TRANSFORMED_;/Users/rar9993/repos/research/fdroid_apps/native_apps/ics-openconnect/app/src/main/java/org/spongycastle/util/io/pem/PemWriter.java;file:/Users/rar9993/repos/research/fdroid_apps/native_apps/ics-openconnect/app/src/main/java/org/spongycastle/util/io/pem/PemWriter.java|class:org.spongycastle.util.io.pem.PemWriter
MemberIgnoringMethod;aDoctor;/Users/rar9993/repos/research/fdroid_apps/native_apps/ics-openconnect/NONE_TRANSFORMED_;/Users/rar9993/repos/research/fdroid_apps/native_apps/ics-openconnect/app/src/main/java/org/spongycastle/util/io/pem/PemReader.java;file:/Users/rar9993/repos/research/fdroid_apps/native_apps/ics-openconnect/app/src/main/java/org/spongycastle/util/io/pem/PemReader.java|class:org.spongycastle.util.io.pem.PemReader
MemberIgnoringMethod;aDoctor;/Users/rar9993/repos/research/fdroid_apps/native_apps/ics-openconnect/NONE_TRANSFORMED_;/Users/rar9993/repos/research/fdroid_apps/native_apps/ics-openconnect/app/src/main/java/org/spongycastle/util/io/pem/PemObject.java;file:/Users/rar9993/repos/research/fdroid_apps/native_apps/ics-openconnect/app/src/main/java/org/spongycastle/util/io/pem/PemObject.java|class:org.spongycastle.util.io.pem.PemObject
MemberIgnoringMethod;aDoctor;/Users/rar9993/repos/research/fdroid_apps/native_apps/ics-openconnect/NONE_TRANSFORMED_;/Users/rar9993/repos/research/fdroid_apps/native_apps/ics-openconnect/app/src/main/java/org/spongycastle/util/io/pem/PemGenerationException.java;file:/Users/rar9993/repos/research/fdroid_apps/native_apps/ics-openconnect/app/src/main/java/org/spongycastle/util/io/pem/PemGenerationException.java|class:org.spongycastle.util.io.pem.PemGenerationException
MemberIgnoringMethod;aDoctor;/Users/rar9993/repos/research/fdroid_apps/native_apps/ics-openconnect/NONE_TRANSFORMED_;/Users/rar9993/repos/research/fdroid_apps/native_apps/ics-openconnect/app/src/main/java/org/spongycastle/util/io/pem/PemHeader.java;file:/Users/rar9993/repos/research/fdroid_apps/native_apps/ics-openconnect/app/src/main/java/org/spongycastle/util/io/pem/PemHeader.java|class:org.spongycastle.util.io.pem.PemHeader
MemberIgnoringMethod;aDoctor;/Users/rar9993/repos/research/fdroid_apps/native_apps/ics-openconnect/NONE_TRANSFORMED_;/Users/rar9993/repos/research/fdroid_apps/native_apps/ics-openconnect/app/src/main/java/org/spongycastle/util/encoders/Base64Encoder.java;file:/Users/rar9993/repos/research/fdroid_apps/native_apps/ics-openconnect/app/src/main/java/org/spongycastle/util/encoders/Base64Encoder.java|class:org.spongycastle.util.encoders.Base64Encoder
SlowForLoop;aDoctor;/Users/rar9993/repos/research/fdroid_apps/native_apps/ics-openconnect/NONE_TRANSFORMED_;/Users/rar9993/repos/research/fdroid_apps/native_apps/ics-openconnect/app/src/main/java/org/spongycastle/util/encoders/Base64Encoder.java;file:/Users/rar9993/repos/research/fdroid_apps/native_apps/ics-openconnect/app/src/main/java/org/spongycastle/util/encoders/Base64Encoder.java|class:org.spongycastle.util.encoders.Base64Encoder
DataTransmissionWithoutCompression;aDoctor;/Users/rar9993/repos/research/fdroid_apps/native_apps/ics-openconnect/NONE_TRANSFORMED_;/Users/rar9993/repos/research/fdroid_apps/native_apps/ics-openconnect/app/src/main/java/com/stericson/RootTools/internal/Remounter.java;file:/Users/rar9993/repos/research/fdroid_apps/native_apps/ics-openconnect/app/src/main/java/com/stericson/RootTools/internal/Remounter.java|class:com.stericson.RootTools.internal.Remounter
SlowForLoop;aDoctor;/Users/rar9993/repos/research/fdroid_apps/native_apps/ics-openconnect/NONE_TRANSFORMED_;/Users/rar9993/repos/research/fdroid_apps/native_apps/ics-openconnect/app/src/main/java/com/stericson/RootTools/internal/Remounter.java;file:/Users/rar9993/repos/research/fdroid_apps/native_apps/ics-openconnect/app/src/main/java/com/stericson/RootTools/internal/Remounter.java|class:com.stericson.RootTools.internal.Remounter
LeakingThread;aDoctor;/Users/rar9993/repos/research/fdroid_apps/native_apps/ics-openconnect/NONE_TRANSFORMED_;/Users/rar9993/repos/research/fdroid_apps/native_apps/ics-openconnect/app/src/main/java/com/stericson/RootTools/internal/Runner.java;file:/Users/rar9993/repos/research/fdroid_apps/native_apps/ics-openconnect/app/src/main/java/com/stericson/RootTools/internal/Runner.java|class:com.stericson.RootTools.internal.Runner
MemberIgnoringMethod;aDoctor;/Users/rar9993/repos/research/fdroid_apps/native_apps/ics-openconnect/NONE_TRANSFORMED_;/Users/rar9993/repos/research/fdroid_apps/native_apps/ics-openconnect/app/src/main/java/com/stericson/RootTools/internal/Runner.java;file:/Users/rar9993/repos/research/fdroid_apps/native_apps/ics-openconnect/app/src/main/java/com/stericson/RootTools/internal/Runner.java|class:com.stericson.RootTools.internal.Runner
UnclosedCloseable;aDoctor;/Users/rar9993/repos/research/fdroid_apps/native_apps/ics-openconnect/NONE_TRANSFORMED_;/Users/rar9993/repos/research/fdroid_apps/native_apps/ics-openconnect/app/src/main/java/com/stericson/RootTools/internal/Runner.java;file:/Users/rar9993/repos/research/fdroid_apps/native_apps/ics-openconnect/app/src/main/java/com/stericson/RootTools/internal/Runner.java|class:com.stericson.RootTools.internal.Runner
DataTransmissionWithoutCompression;aDoctor;/Users/rar9993/repos/research/fdroid_apps/native_apps/ics-openconnect/NONE_TRANSFORMED_;/Users/rar9993/repos/research/fdroid_apps/native_apps/ics-openconnect/app/src/main/java/com/stericson/RootTools/internal/RootToolsInternalMethods.java;file:/Users/rar9993/repos/research/fdroid_apps/native_apps/ics-openconnect/app/src/main/java/com/stericson/RootTools/internal/RootToolsInternalMethods.java|class:com.stericson.RootTools.internal.RootToolsInternalMethods
SlowForLoop;aDoctor;/Users/rar9993/repos/research/fdroid_apps/native_apps/ics-openconnect/NONE_TRANSFORMED_;/Users/rar9993/repos/research/fdroid_apps/native_apps/ics-openconnect/app/src/main/java/com/stericson/RootTools/internal/RootToolsInternalMethods.java;file:/Users/rar9993/repos/research/fdroid_apps/native_apps/ics-openconnect/app/src/main/java/com/stericson/RootTools/internal/RootToolsInternalMethods.java|class:com.stericson.RootTools.internal.RootToolsInternalMethods
DataTransmissionWithoutCompression;aDoctor;/Users/rar9993/repos/research/fdroid_apps/native_apps/ics-openconnect/NONE_TRANSFORMED_;/Users/rar9993/repos/research/fdroid_apps/native_apps/ics-openconnect/app/src/main/java/com/stericson/RootTools/internal/Installer.java;file:/Users/rar9993/repos/research/fdroid_apps/native_apps/ics-openconnect/app/src/main/java/com/stericson/RootTools/internal/Installer.java|class:com.stericson.RootTools.internal.Installer
MemberIgnoringMethod;aDoctor;/Users/rar9993/repos/research/fdroid_apps/native_apps/ics-openconnect/NONE_TRANSFORMED_;/Users/rar9993/repos/research/fdroid_apps/native_apps/ics-openconnect/app/src/main/java/com/stericson/RootTools/internal/Installer.java;file:/Users/rar9993/repos/research/fdroid_apps/native_apps/ics-openconnect/app/src/main/java/com/stericson/RootTools/internal/Installer.java|class:com.stericson.RootTools.internal.Installer
MemberIgnoringMethod;aDoctor;/Users/rar9993/repos/research/fdroid_apps/native_apps/ics-openconnect/NONE_TRANSFORMED_;/Users/rar9993/repos/research/fdroid_apps/native_apps/ics-openconnect/app/src/main/java/com/stericson/RootTools/exceptions/RootDeniedException.java;file:/Users/rar9993/repos/research/fdroid_apps/native_apps/ics-openconnect/app/src/main/java/com/stericson/RootTools/exceptions/RootDeniedException.java|class:com.stericson.RootTools.exceptions.RootDeniedException
MemberIgnoringMethod;aDoctor;/Users/rar9993/repos/research/fdroid_apps/native_apps/ics-openconnect/NONE_TRANSFORMED_;/Users/rar9993/repos/research/fdroid_apps/native_apps/ics-openconnect/app/src/main/java/com/stericson/RootTools/execution/CommandCapture.java;file:/Users/rar9993/repos/research/fdroid_apps/native_apps/ics-openconnect/app/src/main/java/com/stericson/RootTools/execution/CommandCapture.java|class:com.stericson.RootTools.execution.CommandCapture
LeakingThread;aDoctor;/Users/rar9993/repos/research/fdroid_apps/native_apps/ics-openconnect/NONE_TRANSFORMED_;/Users/rar9993/repos/research/fdroid_apps/native_apps/ics-openconnect/app/src/main/java/com/stericson/RootTools/execution/Shell.java;file:/Users/rar9993/repos/research/fdroid_apps/native_apps/ics-openconnect/app/src/main/java/com/stericson/RootTools/execution/Shell.java|class:com.stericson.RootTools.execution.Shell
SlowForLoop;aDoctor;/Users/rar9993/repos/research/fdroid_apps/native_apps/ics-openconnect/NONE_TRANSFORMED_;/Users/rar9993/repos/research/fdroid_apps/native_apps/ics-openconnect/app/src/main/java/com/stericson/RootTools/execution/Shell.java;file:/Users/rar9993/repos/research/fdroid_apps/native_apps/ics-openconnect/app/src/main/java/com/stericson/RootTools/execution/Shell.java|class:com.stericson.RootTools.execution.Shell
LeakingInnerClass;aDoctor;/Users/rar9993/repos/research/fdroid_apps/native_apps/ics-openconnect/NONE_TRANSFORMED_;/Users/rar9993/repos/research/fdroid_apps/native_apps/ics-openconnect/app/src/main/java/com/stericson/RootTools/execution/Command.java;file:/Users/rar9993/repos/research/fdroid_apps/native_apps/ics-openconnect/app/src/main/java/com/stericson/RootTools/execution/Command.java|class:com.stericson.RootTools.execution.Command
LeakingThread;aDoctor;/Users/rar9993/repos/research/fdroid_apps/native_apps/ics-openconnect/NONE_TRANSFORMED_;/Users/rar9993/repos/research/fdroid_apps/native_apps/ics-openconnect/app/src/main/java/com/stericson/RootTools/execution/Command.java;file:/Users/rar9993/repos/research/fdroid_apps/native_apps/ics-openconnect/app/src/main/java/com/stericson/RootTools/execution/Command.java|class:com.stericson.RootTools.execution.Command
SlowForLoop;aDoctor;/Users/rar9993/repos/research/fdroid_apps/native_apps/ics-openconnect/NONE_TRANSFORMED_;/Users/rar9993/repos/research/fdroid_apps/native_apps/ics-openconnect/app/src/main/java/com/stericson/RootTools/execution/Command.java;file:/Users/rar9993/repos/research/fdroid_apps/native_apps/ics-openconnect/app/src/main/java/com/stericson/RootTools/execution/Command.java|class:com.stericson.RootTools.execution.Command
MemberIgnoringMethod;aDoctor;/Users/rar9993/repos/research/fdroid_apps/native_apps/ics-openconnect/NONE_TRANSFORMED_;/Users/rar9993/repos/research/fdroid_apps/native_apps/ics-openconnect/app/src/main/java/com/stericson/RootTools/execution/JavaCommandCapture.java;file:/Users/rar9993/repos/research/fdroid_apps/native_apps/ics-openconnect/app/src/main/java/com/stericson/RootTools/execution/JavaCommandCapture.java|class:com.stericson.RootTools.execution.JavaCommandCapture
DataTransmissionWithoutCompression;aDoctor;/Users/rar9993/repos/research/fdroid_apps/native_apps/ics-openconnect/NONE_TRANSFORMED_;/Users/rar9993/repos/research/fdroid_apps/native_apps/ics-openconnect/app/src/main/java/com/stericson/RootTools/containers/RootClass.java;file:/Users/rar9993/repos/research/fdroid_apps/native_apps/ics-openconnect/app/src/main/java/com/stericson/RootTools/containers/RootClass.java|class:com.stericson.RootTools.containers.RootClass
LeakingInnerClass;aDoctor;/Users/rar9993/repos/research/fdroid_apps/native_apps/ics-openconnect/NONE_TRANSFORMED_;/Users/rar9993/repos/research/fdroid_apps/native_apps/ics-openconnect/app/src/main/java/com/stericson/RootTools/containers/RootClass.java;file:/Users/rar9993/repos/research/fdroid_apps/native_apps/ics-openconnect/app/src/main/java/com/stericson/RootTools/containers/RootClass.java|class:com.stericson.RootTools.containers.RootClass
MemberIgnoringMethod;aDoctor;/Users/rar9993/repos/research/fdroid_apps/native_apps/ics-openconnect/NONE_TRANSFORMED_;/Users/rar9993/repos/research/fdroid_apps/native_apps/ics-openconnect/app/src/main/java/com/stericson/RootTools/containers/RootClass.java;file:/Users/rar9993/repos/research/fdroid_apps/native_apps/ics-openconnect/app/src/main/java/com/stericson/RootTools/containers/RootClass.java|class:com.stericson.RootTools.containers.RootClass
DataTransmissionWithoutCompression;aDoctor;/Users/rar9993/repos/research/fdroid_apps/native_apps/ics-openconnect/NONE_TRANSFORMED_;/Users/rar9993/repos/research/fdroid_apps/native_apps/ics-openconnect/app/src/main/java/com/stericson/RootTools/containers/Mount.java;file:/Users/rar9993/repos/research/fdroid_apps/native_apps/ics-openconnect/app/src/main/java/com/stericson/RootTools/containers/Mount.java|class:com.stericson.RootTools.containers.Mount
DataTransmissionWithoutCompression;aDoctor;/Users/rar9993/repos/research/fdroid_apps/native_apps/ics-openconnect/NONE_TRANSFORMED_;/Users/rar9993/repos/research/fdroid_apps/native_apps/ics-openconnect/app/src/main/java/com/stericson/RootTools/containers/Symlink.java;file:/Users/rar9993/repos/research/fdroid_apps/native_apps/ics-openconnect/app/src/main/java/com/stericson/RootTools/containers/Symlink.java|class:com.stericson.RootTools.containers.Symlink
MemberIgnoringMethod;aDoctor;/Users/rar9993/repos/research/fdroid_apps/native_apps/ics-openconnect/NONE_TRANSFORMED_;/Users/rar9993/repos/research/fdroid_apps/native_apps/ics-openconnect/external/stoken/java/src/org/stoken/LibStoken.java;file:/Users/rar9993/repos/research/fdroid_apps/native_apps/ics-openconnect/external/stoken/java/src/org/stoken/LibStoken.java|class:org.stoken.LibStoken
MemberIgnoringMethod;aDoctor;/Users/rar9993/repos/research/fdroid_apps/native_apps/ics-openconnect/NONE_TRANSFORMED_;/Users/rar9993/repos/research/fdroid_apps/native_apps/ics-openconnect/external/openconnect/java/src/org/infradead/libopenconnect/LibOpenConnect.java;file:/Users/rar9993/repos/research/fdroid_apps/native_apps/ics-openconnect/external/openconnect/java/src/org/infradead/libopenconnect/LibOpenConnect.java|class:org.infradead.libopenconnect.LibOpenConnect
RedundantFieldInitializer;PMD;/Users/rar9993/repos/research/fdroid_apps/native_apps/ics-openconnect/NONE_TRANSFORMED_;/Users/rar9993/repos/research/fdroid_apps/native_apps/ics-openconnect/app/src/main/java/app/openconnect/AuthFormHandler.java;file:/Users/rar9993/repos/research/fdroid_apps/native_apps/ics-openconnect/app/src/main/java/app/openconnect/AuthFormHandler.java|line:64
RedundantFieldInitializer;PMD;/Users/rar9993/repos/research/fdroid_apps/native_apps/ics-openconnect/NONE_TRANSFORMED_;/Users/rar9993/repos/research/fdroid_apps/native_apps/ics-openconnect/app/src/main/java/app/openconnect/AuthFormHandler.java;file:/Users/rar9993/repos/research/fdroid_apps/native_apps/ics-openconnect/app/src/main/java/app/openconnect/AuthFormHandler.java|line:65
ConsecutiveAppendsShouldReuse;PMD;/Users/rar9993/repos/research/fdroid_apps/native_apps/ics-openconnect/NONE_TRANSFORMED_;/Users/rar9993/repos/research/fdroid_apps/native_apps/ics-openconnect/app/src/main/java/app/openconnect/AuthFormHandler.java;file:/Users/rar9993/repos/research/fdroid_apps/native_apps/ics-openconnect/app/src/main/java/app/openconnect/AuthFormHandler.java|line:153
ConsecutiveAppendsShouldReuse;PMD;/Users/rar9993/repos/research/fdroid_apps/native_apps/ics-openconnect/NONE_TRANSFORMED_;/Users/rar9993/repos/research/fdroid_apps/native_apps/ics-openconnect/app/src/main/java/app/openconnect/AuthFormHandler.java;file:/Users/rar9993/repos/research/fdroid_apps/native_apps/ics-openconnect/app/src/main/java/app/openconnect/AuthFormHandler.java|line:159
InefficientStringBuffering;PMD;/Users/rar9993/repos/research/fdroid_apps/native_apps/ics-openconnect/NONE_TRANSFORMED_;/Users/rar9993/repos/research/fdroid_apps/native_apps/ics-openconnect/app/src/main/java/app/openconnect/AuthFormHandler.java;file:/Users/rar9993/repos/research/fdroid_apps/native_apps/ics-openconnect/app/src/main/java/app/openconnect/AuthFormHandler.java|line:159
ConsecutiveAppendsShouldReuse;PMD;/Users/rar9993/repos/research/fdroid_apps/native_apps/ics-openconnect/NONE_TRANSFORMED_;/Users/rar9993/repos/research/fdroid_apps/native_apps/ics-openconnect/app/src/main/java/app/openconnect/AuthFormHandler.java;file:/Users/rar9993/repos/research/fdroid_apps/native_apps/ics-openconnect/app/src/main/java/app/openconnect/AuthFormHandler.java|line:160
AvoidFileStream;PMD;/Users/rar9993/repos/research/fdroid_apps/native_apps/ics-openconnect/NONE_TRANSFORMED_;/Users/rar9993/repos/research/fdroid_apps/native_apps/ics-openconnect/app/src/main/java/app/openconnect/FileProvider.java;file:/Users/rar9993/repos/research/fdroid_apps/native_apps/ics-openconnect/app/src/main/java/app/openconnect/FileProvider.java|line:116
AvoidFileStream;PMD;/Users/rar9993/repos/research/fdroid_apps/native_apps/ics-openconnect/NONE_TRANSFORMED_;/Users/rar9993/repos/research/fdroid_apps/native_apps/ics-openconnect/app/src/main/java/app/openconnect/FileProvider.java;file:/Users/rar9993/repos/research/fdroid_apps/native_apps/ics-openconnect/app/src/main/java/app/openconnect/FileProvider.java|line:146
RedundantFieldInitializer;PMD;/Users/rar9993/repos/research/fdroid_apps/native_apps/ics-openconnect/NONE_TRANSFORMED_;/Users/rar9993/repos/research/fdroid_apps/native_apps/ics-openconnect/app/src/main/java/app/openconnect/FileSelect.java;file:/Users/rar9993/repos/research/fdroid_apps/native_apps/ics-openconnect/app/src/main/java/app/openconnect/FileSelect.java|line:125
UseStringBufferForStringAppends;PMD;/Users/rar9993/repos/research/fdroid_apps/native_apps/ics-openconnect/NONE_TRANSFORMED_;/Users/rar9993/repos/research/fdroid_apps/native_apps/ics-openconnect/app/src/main/java/app/openconnect/FileSelect.java;file:/Users/rar9993/repos/research/fdroid_apps/native_apps/ics-openconnect/app/src/main/java/app/openconnect/FileSelect.java|line:167
UseStringBufferForStringAppends;PMD;/Users/rar9993/repos/research/fdroid_apps/native_apps/ics-openconnect/NONE_TRANSFORMED_;/Users/rar9993/repos/research/fdroid_apps/native_apps/ics-openconnect/app/src/main/java/app/openconnect/FileSelect.java;file:/Users/rar9993/repos/research/fdroid_apps/native_apps/ics-openconnect/app/src/main/java/app/openconnect/FileSelect.java|line:169
AvoidFileStream;PMD;/Users/rar9993/repos/research/fdroid_apps/native_apps/ics-openconnect/NONE_TRANSFORMED_;/Users/rar9993/repos/research/fdroid_apps/native_apps/ics-openconnect/app/src/main/java/app/openconnect/FileSelect.java;file:/Users/rar9993/repos/research/fdroid_apps/native_apps/ics-openconnect/app/src/main/java/app/openconnect/FileSelect.java|line:194
RedundantFieldInitializer;PMD;/Users/rar9993/repos/research/fdroid_apps/native_apps/ics-openconnect/NONE_TRANSFORMED_;/Users/rar9993/repos/research/fdroid_apps/native_apps/ics-openconnect/app/src/main/java/app/openconnect/api/ExternalOpenVPNService.java;file:/Users/rar9993/repos/research/fdroid_apps/native_apps/ics-openconnect/app/src/main/java/app/openconnect/api/ExternalOpenVPNService.java|line:273
TooFewBranchesForSwitch;PMD;/Users/rar9993/repos/research/fdroid_apps/native_apps/ics-openconnect/NONE_TRANSFORMED_;/Users/rar9993/repos/research/fdroid_apps/native_apps/ics-openconnect/app/src/main/java/app/openconnect/api/ExternalOpenVPNService.java;file:/Users/rar9993/repos/research/fdroid_apps/native_apps/ics-openconnect/app/src/main/java/app/openconnect/api/ExternalOpenVPNService.java|line:283
AvoidFileStream;PMD;/Users/rar9993/repos/research/fdroid_apps/native_apps/ics-openconnect/NONE_TRANSFORMED_;/Users/rar9993/repos/research/fdroid_apps/native_apps/ics-openconnect/app/src/main/java/app/openconnect/core/AssetExtractor.java;file:/Users/rar9993/repos/research/fdroid_apps/native_apps/ics-openconnect/app/src/main/java/app/openconnect/core/AssetExtractor.java|line:58
AvoidFileStream;PMD;/Users/rar9993/repos/research/fdroid_apps/native_apps/ics-openconnect/NONE_TRANSFORMED_;/Users/rar9993/repos/research/fdroid_apps/native_apps/ics-openconnect/app/src/main/java/app/openconnect/core/AssetExtractor.java;file:/Users/rar9993/repos/research/fdroid_apps/native_apps/ics-openconnect/app/src/main/java/app/openconnect/core/AssetExtractor.java|line:75
AvoidInstantiatingObjectsInLoops;PMD;/Users/rar9993/repos/research/fdroid_apps/native_apps/ics-openconnect/NONE_TRANSFORMED_;/Users/rar9993/repos/research/fdroid_apps/native_apps/ics-openconnect/app/src/main/java/app/openconnect/core/AssetExtractor.java;file:/Users/rar9993/repos/research/fdroid_apps/native_apps/ics-openconnect/app/src/main/java/app/openconnect/core/AssetExtractor.java|line:127
AvoidFileStream;PMD;/Users/rar9993/repos/research/fdroid_apps/native_apps/ics-openconnect/NONE_TRANSFORMED_;/Users/rar9993/repos/research/fdroid_apps/native_apps/ics-openconnect/app/src/main/java/app/openconnect/core/AssetExtractor.java;file:/Users/rar9993/repos/research/fdroid_apps/native_apps/ics-openconnect/app/src/main/java/app/openconnect/core/AssetExtractor.java|line:180
AppendCharacterWithChar;PMD;/Users/rar9993/repos/research/fdroid_apps/native_apps/ics-openconnect/NONE_TRANSFORMED_;/Users/rar9993/repos/research/fdroid_apps/native_apps/ics-openconnect/app/src/main/java/app/openconnect/core/FragCache.java;file:/Users/rar9993/repos/research/fdroid_apps/native_apps/ics-openconnect/app/src/main/java/app/openconnect/core/FragCache.java|line:42
RedundantFieldInitializer;PMD;/Users/rar9993/repos/research/fdroid_apps/native_apps/ics-openconnect/NONE_TRANSFORMED_;/Users/rar9993/repos/research/fdroid_apps/native_apps/ics-openconnect/app/src/main/java/app/openconnect/core/OpenConnectManagementThread.java;file:/Users/rar9993/repos/research/fdroid_apps/native_apps/ics-openconnect/app/src/main/java/app/openconnect/core/OpenConnectManagementThread.java|line:81
RedundantFieldInitializer;PMD;/Users/rar9993/repos/research/fdroid_apps/native_apps/ics-openconnect/NONE_TRANSFORMED_;/Users/rar9993/repos/research/fdroid_apps/native_apps/ics-openconnect/app/src/main/java/app/openconnect/core/OpenConnectManagementThread.java;file:/Users/rar9993/repos/research/fdroid_apps/native_apps/ics-openconnect/app/src/main/java/app/openconnect/core/OpenConnectManagementThread.java|line:85
AvoidFileStream;PMD;/Users/rar9993/repos/research/fdroid_apps/native_apps/ics-openconnect/NONE_TRANSFORMED_;/Users/rar9993/repos/research/fdroid_apps/native_apps/ics-openconnect/app/src/main/java/app/openconnect/core/OpenConnectManagementThread.java;file:/Users/rar9993/repos/research/fdroid_apps/native_apps/ics-openconnect/app/src/main/java/app/openconnect/core/OpenConnectManagementThread.java|line:338
AvoidFileStream;PMD;/Users/rar9993/repos/research/fdroid_apps/native_apps/ics-openconnect/NONE_TRANSFORMED_;/Users/rar9993/repos/research/fdroid_apps/native_apps/ics-openconnect/app/src/main/java/app/openconnect/core/OpenConnectManagementThread.java;file:/Users/rar9993/repos/research/fdroid_apps/native_apps/ics-openconnect/app/src/main/java/app/openconnect/core/OpenConnectManagementThread.java|line:360
AvoidInstantiatingObjectsInLoops;PMD;/Users/rar9993/repos/research/fdroid_apps/native_apps/ics-openconnect/NONE_TRANSFORMED_;/Users/rar9993/repos/research/fdroid_apps/native_apps/ics-openconnect/app/src/main/java/app/openconnect/core/OpenConnectManagementThread.java;file:/Users/rar9993/repos/research/fdroid_apps/native_apps/ics-openconnect/app/src/main/java/app/openconnect/core/OpenConnectManagementThread.java|line:565
AvoidInstantiatingObjectsInLoops;PMD;/Users/rar9993/repos/research/fdroid_apps/native_apps/ics-openconnect/NONE_TRANSFORMED_;/Users/rar9993/repos/research/fdroid_apps/native_apps/ics-openconnect/app/src/main/java/app/openconnect/core/OpenConnectManagementThread.java;file:/Users/rar9993/repos/research/fdroid_apps/native_apps/ics-openconnect/app/src/main/java/app/openconnect/core/OpenConnectManagementThread.java|line:567
RedundantFieldInitializer;PMD;/Users/rar9993/repos/research/fdroid_apps/native_apps/ics-openconnect/NONE_TRANSFORMED_;/Users/rar9993/repos/research/fdroid_apps/native_apps/ics-openconnect/app/src/main/java/app/openconnect/core/ProfileManager.java;file:/Users/rar9993/repos/research/fdroid_apps/native_apps/ics-openconnect/app/src/main/java/app/openconnect/core/ProfileManager.java|line:59
AvoidInstantiatingObjectsInLoops;PMD;/Users/rar9993/repos/research/fdroid_apps/native_apps/ics-openconnect/NONE_TRANSFORMED_;/Users/rar9993/repos/research/fdroid_apps/native_apps/ics-openconnect/app/src/main/java/app/openconnect/core/ProfileManager.java;file:/Users/rar9993/repos/research/fdroid_apps/native_apps/ics-openconnect/app/src/main/java/app/openconnect/core/ProfileManager.java|line:72
AvoidInstantiatingObjectsInLoops;PMD;/Users/rar9993/repos/research/fdroid_apps/native_apps/ics-openconnect/NONE_TRANSFORMED_;/Users/rar9993/repos/research/fdroid_apps/native_apps/ics-openconnect/app/src/main/java/app/openconnect/core/ProfileManager.java;file:/Users/rar9993/repos/research/fdroid_apps/native_apps/ics-openconnect/app/src/main/java/app/openconnect/core/ProfileManager.java|line:75
AvoidFileStream;PMD;/Users/rar9993/repos/research/fdroid_apps/native_apps/ics-openconnect/NONE_TRANSFORMED_;/Users/rar9993/repos/research/fdroid_apps/native_apps/ics-openconnect/app/src/main/java/app/openconnect/core/ProfileManager.java;file:/Users/rar9993/repos/research/fdroid_apps/native_apps/ics-openconnect/app/src/main/java/app/openconnect/core/ProfileManager.java|line:217
AvoidFileStream;PMD;/Users/rar9993/repos/research/fdroid_apps/native_apps/ics-openconnect/NONE_TRANSFORMED_;/Users/rar9993/repos/research/fdroid_apps/native_apps/ics-openconnect/app/src/main/java/app/openconnect/core/ProfileManager.java;file:/Users/rar9993/repos/research/fdroid_apps/native_apps/ics-openconnect/app/src/main/java/app/openconnect/core/ProfileManager.java|line:219
RedundantFieldInitializer;PMD;/Users/rar9993/repos/research/fdroid_apps/native_apps/ics-openconnect/NONE_TRANSFORMED_;/Users/rar9993/repos/research/fdroid_apps/native_apps/ics-openconnect/app/src/main/java/app/openconnect/core/VPNConnector.java;file:/Users/rar9993/repos/research/fdroid_apps/native_apps/ics-openconnect/app/src/main/java/app/openconnect/core/VPNConnector.java|line:49
RedundantFieldInitializer;PMD;/Users/rar9993/repos/research/fdroid_apps/native_apps/ics-openconnect/NONE_TRANSFORMED_;/Users/rar9993/repos/research/fdroid_apps/native_apps/ics-openconnect/app/src/main/java/app/openconnect/core/VPNConnector.java;file:/Users/rar9993/repos/research/fdroid_apps/native_apps/ics-openconnect/app/src/main/java/app/openconnect/core/VPNConnector.java|line:58
InefficientStringBuffering;PMD;/Users/rar9993/repos/research/fdroid_apps/native_apps/ics-openconnect/NONE_TRANSFORMED_;/Users/rar9993/repos/research/fdroid_apps/native_apps/ics-openconnect/app/src/main/java/app/openconnect/core/VPNLog.java;file:/Users/rar9993/repos/research/fdroid_apps/native_apps/ics-openconnect/app/src/main/java/app/openconnect/core/VPNLog.java|line:132
AvoidFileStream;PMD;/Users/rar9993/repos/research/fdroid_apps/native_apps/ics-openconnect/NONE_TRANSFORMED_;/Users/rar9993/repos/research/fdroid_apps/native_apps/ics-openconnect/app/src/main/java/app/openconnect/core/VPNLog.java;file:/Users/rar9993/repos/research/fdroid_apps/native_apps/ics-openconnect/app/src/main/java/app/openconnect/core/VPNLog.java|line:151
AvoidFileStream;PMD;/Users/rar9993/repos/research/fdroid_apps/native_apps/ics-openconnect/NONE_TRANSFORMED_;/Users/rar9993/repos/research/fdroid_apps/native_apps/ics-openconnect/app/src/main/java/app/openconnect/core/VPNLog.java;file:/Users/rar9993/repos/research/fdroid_apps/native_apps/ics-openconnect/app/src/main/java/app/openconnect/core/VPNLog.java|line:171
AvoidFileStream;PMD;/Users/rar9993/repos/research/fdroid_apps/native_apps/ics-openconnect/NONE_TRANSFORMED_;/Users/rar9993/repos/research/fdroid_apps/native_apps/ics-openconnect/app/src/main/java/app/openconnect/core/X509Utils.java;file:/Users/rar9993/repos/research/fdroid_apps/native_apps/ics-openconnect/app/src/main/java/app/openconnect/core/X509Utils.java|line:59
AvoidFileStream;PMD;/Users/rar9993/repos/research/fdroid_apps/native_apps/ics-openconnect/NONE_TRANSFORMED_;/Users/rar9993/repos/research/fdroid_apps/native_apps/ics-openconnect/app/src/main/java/app/openconnect/core/X509Utils.java;file:/Users/rar9993/repos/research/fdroid_apps/native_apps/ics-openconnect/app/src/main/java/app/openconnect/core/X509Utils.java|line:73
UseStringBufferForStringAppends;PMD;/Users/rar9993/repos/research/fdroid_apps/native_apps/ics-openconnect/NONE_TRANSFORMED_;/Users/rar9993/repos/research/fdroid_apps/native_apps/ics-openconnect/app/src/main/java/app/openconnect/core/X509Utils.java;file:/Users/rar9993/repos/research/fdroid_apps/native_apps/ics-openconnect/app/src/main/java/app/openconnect/core/X509Utils.java|line:165
UseStringBufferForStringAppends;PMD;/Users/rar9993/repos/research/fdroid_apps/native_apps/ics-openconnect/NONE_TRANSFORMED_;/Users/rar9993/repos/research/fdroid_apps/native_apps/ics-openconnect/app/src/main/java/app/openconnect/core/X509Utils.java;file:/Users/rar9993/repos/research/fdroid_apps/native_apps/ics-openconnect/app/src/main/java/app/openconnect/core/X509Utils.java|line:169
AvoidInstantiatingObjectsInLoops;PMD;/Users/rar9993/repos/research/fdroid_apps/native_apps/ics-openconnect/NONE_TRANSFORMED_;/Users/rar9993/repos/research/fdroid_apps/native_apps/ics-openconnect/app/src/main/java/app/openconnect/fragments/ConnectionEditorFragment.java;file:/Users/rar9993/repos/research/fdroid_apps/native_apps/ics-openconnect/app/src/main/java/app/openconnect/fragments/ConnectionEditorFragment.java|line:178
AvoidInstantiatingObjectsInLoops;PMD;/Users/rar9993/repos/research/fdroid_apps/native_apps/ics-openconnect/NONE_TRANSFORMED_;/Users/rar9993/repos/research/fdroid_apps/native_apps/ics-openconnect/app/src/main/java/app/openconnect/fragments/ConnectionEditorFragment.java;file:/Users/rar9993/repos/research/fdroid_apps/native_apps/ics-openconnect/app/src/main/java/app/openconnect/fragments/ConnectionEditorFragment.java|line:186
ConsecutiveAppendsShouldReuse;PMD;/Users/rar9993/repos/research/fdroid_apps/native_apps/ics-openconnect/NONE_TRANSFORMED_;/Users/rar9993/repos/research/fdroid_apps/native_apps/ics-openconnect/app/src/main/java/app/openconnect/fragments/FaqFragment.java;file:/Users/rar9993/repos/research/fdroid_apps/native_apps/ics-openconnect/app/src/main/java/app/openconnect/fragments/FaqFragment.java|line:59
ConsecutiveAppendsShouldReuse;PMD;/Users/rar9993/repos/research/fdroid_apps/native_apps/ics-openconnect/NONE_TRANSFORMED_;/Users/rar9993/repos/research/fdroid_apps/native_apps/ics-openconnect/app/src/main/java/app/openconnect/fragments/FaqFragment.java;file:/Users/rar9993/repos/research/fdroid_apps/native_apps/ics-openconnect/app/src/main/java/app/openconnect/fragments/FaqFragment.java|line:60
InefficientStringBuffering;PMD;/Users/rar9993/repos/research/fdroid_apps/native_apps/ics-openconnect/NONE_TRANSFORMED_;/Users/rar9993/repos/research/fdroid_apps/native_apps/ics-openconnect/app/src/main/java/app/openconnect/fragments/FaqFragment.java;file:/Users/rar9993/repos/research/fdroid_apps/native_apps/ics-openconnect/app/src/main/java/app/openconnect/fragments/FaqFragment.java|line:60
ConsecutiveAppendsShouldReuse;PMD;/Users/rar9993/repos/research/fdroid_apps/native_apps/ics-openconnect/NONE_TRANSFORMED_;/Users/rar9993/repos/research/fdroid_apps/native_apps/ics-openconnect/app/src/main/java/app/openconnect/fragments/FaqFragment.java;file:/Users/rar9993/repos/research/fdroid_apps/native_apps/ics-openconnect/app/src/main/java/app/openconnect/fragments/FaqFragment.java|line:61
InsufficientStringBufferDeclaration;PMD;/Users/rar9993/repos/research/fdroid_apps/native_apps/ics-openconnect/NONE_TRANSFORMED_;/Users/rar9993/repos/research/fdroid_apps/native_apps/ics-openconnect/app/src/main/java/app/openconnect/fragments/FaqFragment.java;file:/Users/rar9993/repos/research/fdroid_apps/native_apps/ics-openconnect/app/src/main/java/app/openconnect/fragments/FaqFragment.java|line:77
ConsecutiveAppendsShouldReuse;PMD;/Users/rar9993/repos/research/fdroid_apps/native_apps/ics-openconnect/NONE_TRANSFORMED_;/Users/rar9993/repos/research/fdroid_apps/native_apps/ics-openconnect/app/src/main/java/app/openconnect/fragments/FaqFragment.java;file:/Users/rar9993/repos/research/fdroid_apps/native_apps/ics-openconnect/app/src/main/java/app/openconnect/fragments/FaqFragment.java|line:85
InefficientStringBuffering;PMD;/Users/rar9993/repos/research/fdroid_apps/native_apps/ics-openconnect/NONE_TRANSFORMED_;/Users/rar9993/repos/research/fdroid_apps/native_apps/ics-openconnect/app/src/main/java/app/openconnect/fragments/FaqFragment.java;file:/Users/rar9993/repos/research/fdroid_apps/native_apps/ics-openconnect/app/src/main/java/app/openconnect/fragments/FaqFragment.java|line:85
ConsecutiveLiteralAppends;PMD;/Users/rar9993/repos/research/fdroid_apps/native_apps/ics-openconnect/NONE_TRANSFORMED_;/Users/rar9993/repos/research/fdroid_apps/native_apps/ics-openconnect/app/src/main/java/app/openconnect/fragments/FaqFragment.java;file:/Users/rar9993/repos/research/fdroid_apps/native_apps/ics-openconnect/app/src/main/java/app/openconnect/fragments/FaqFragment.java|line:85
InefficientStringBuffering;PMD;/Users/rar9993/repos/research/fdroid_apps/native_apps/ics-openconnect/NONE_TRANSFORMED_;/Users/rar9993/repos/research/fdroid_apps/native_apps/ics-openconnect/app/src/main/java/app/openconnect/fragments/FaqFragment.java;file:/Users/rar9993/repos/research/fdroid_apps/native_apps/ics-openconnect/app/src/main/java/app/openconnect/fragments/FaqFragment.java|line:86
AvoidCalendarDateCreation;PMD;/Users/rar9993/repos/research/fdroid_apps/native_apps/ics-openconnect/NONE_TRANSFORMED_;/Users/rar9993/repos/research/fdroid_apps/native_apps/ics-openconnect/app/src/main/java/app/openconnect/fragments/FeedbackFragment.java;file:/Users/rar9993/repos/research/fdroid_apps/native_apps/ics-openconnect/app/src/main/java/app/openconnect/fragments/FeedbackFragment.java|line:172
RedundantFieldInitializer;PMD;/Users/rar9993/repos/research/fdroid_apps/native_apps/ics-openconnect/NONE_TRANSFORMED_;/Users/rar9993/repos/research/fdroid_apps/native_apps/ics-openconnect/app/src/main/java/app/openconnect/fragments/FileSelectionFragment.java;file:/Users/rar9993/repos/research/fdroid_apps/native_apps/ics-openconnect/app/src/main/java/app/openconnect/fragments/FileSelectionFragment.java|line:57
RedundantFieldInitializer;PMD;/Users/rar9993/repos/research/fdroid_apps/native_apps/ics-openconnect/NONE_TRANSFORMED_;/Users/rar9993/repos/research/fdroid_apps/native_apps/ics-openconnect/app/src/main/java/app/openconnect/fragments/FileSelectionFragment.java;file:/Users/rar9993/repos/research/fdroid_apps/native_apps/ics-openconnect/app/src/main/java/app/openconnect/fragments/FileSelectionFragment.java|line:68
RedundantFieldInitializer;PMD;/Users/rar9993/repos/research/fdroid_apps/native_apps/ics-openconnect/NONE_TRANSFORMED_;/Users/rar9993/repos/research/fdroid_apps/native_apps/ics-openconnect/app/src/main/java/app/openconnect/fragments/FileSelectionFragment.java;file:/Users/rar9993/repos/research/fdroid_apps/native_apps/ics-openconnect/app/src/main/java/app/openconnect/fragments/FileSelectionFragment.java|line:75
RedundantFieldInitializer;PMD;/Users/rar9993/repos/research/fdroid_apps/native_apps/ics-openconnect/NONE_TRANSFORMED_;/Users/rar9993/repos/research/fdroid_apps/native_apps/ics-openconnect/app/src/main/java/app/openconnect/fragments/FileSelectionFragment.java;file:/Users/rar9993/repos/research/fdroid_apps/native_apps/ics-openconnect/app/src/main/java/app/openconnect/fragments/FileSelectionFragment.java|line:76
AvoidInstantiatingObjectsInLoops;PMD;/Users/rar9993/repos/research/fdroid_apps/native_apps/ics-openconnect/NONE_TRANSFORMED_;/Users/rar9993/repos/research/fdroid_apps/native_apps/ics-openconnect/app/src/main/java/app/openconnect/fragments/GeneralSettings.java;file:/Users/rar9993/repos/research/fdroid_apps/native_apps/ics-openconnect/app/src/main/java/app/openconnect/fragments/GeneralSettings.java|line:74
AvoidInstantiatingObjectsInLoops;PMD;/Users/rar9993/repos/research/fdroid_apps/native_apps/ics-openconnect/NONE_TRANSFORMED_;/Users/rar9993/repos/research/fdroid_apps/native_apps/ics-openconnect/app/src/main/java/app/openconnect/fragments/GeneralSettings.java;file:/Users/rar9993/repos/research/fdroid_apps/native_apps/ics-openconnect/app/src/main/java/app/openconnect/fragments/GeneralSettings.java|line:77
UseStringBufferForStringAppends;PMD;/Users/rar9993/repos/research/fdroid_apps/native_apps/ics-openconnect/NONE_TRANSFORMED_;/Users/rar9993/repos/research/fdroid_apps/native_apps/ics-openconnect/app/src/main/java/app/openconnect/fragments/GeneralSettings.java;file:/Users/rar9993/repos/research/fdroid_apps/native_apps/ics-openconnect/app/src/main/java/app/openconnect/fragments/GeneralSettings.java|line:144
UseStringBufferForStringAppends;PMD;/Users/rar9993/repos/research/fdroid_apps/native_apps/ics-openconnect/NONE_TRANSFORMED_;/Users/rar9993/repos/research/fdroid_apps/native_apps/ics-openconnect/app/src/main/java/app/openconnect/fragments/GeneralSettings.java;file:/Users/rar9993/repos/research/fdroid_apps/native_apps/ics-openconnect/app/src/main/java/app/openconnect/fragments/GeneralSettings.java|line:145
RedundantFieldInitializer;PMD;/Users/rar9993/repos/research/fdroid_apps/native_apps/ics-openconnect/NONE_TRANSFORMED_;/Users/rar9993/repos/research/fdroid_apps/native_apps/ics-openconnect/app/src/main/java/app/openconnect/fragments/TokenDiagFragment.java;file:/Users/rar9993/repos/research/fdroid_apps/native_apps/ics-openconnect/app/src/main/java/app/openconnect/fragments/TokenDiagFragment.java|line:77
RedundantFieldInitializer;PMD;/Users/rar9993/repos/research/fdroid_apps/native_apps/ics-openconnect/NONE_TRANSFORMED_;/Users/rar9993/repos/research/fdroid_apps/native_apps/ics-openconnect/app/src/main/java/app/openconnect/fragments/TokenDiagFragment.java;file:/Users/rar9993/repos/research/fdroid_apps/native_apps/ics-openconnect/app/src/main/java/app/openconnect/fragments/TokenDiagFragment.java|line:78
UseStringBufferForStringAppends;PMD;/Users/rar9993/repos/research/fdroid_apps/native_apps/ics-openconnect/NONE_TRANSFORMED_;/Users/rar9993/repos/research/fdroid_apps/native_apps/ics-openconnect/app/src/main/java/app/openconnect/fragments/TokenDiagFragment.java;file:/Users/rar9993/repos/research/fdroid_apps/native_apps/ics-openconnect/app/src/main/java/app/openconnect/fragments/TokenDiagFragment.java|line:136
UseStringBufferForStringAppends;PMD;/Users/rar9993/repos/research/fdroid_apps/native_apps/ics-openconnect/NONE_TRANSFORMED_;/Users/rar9993/repos/research/fdroid_apps/native_apps/ics-openconnect/app/src/main/java/app/openconnect/fragments/TokenDiagFragment.java;file:/Users/rar9993/repos/research/fdroid_apps/native_apps/ics-openconnect/app/src/main/java/app/openconnect/fragments/TokenDiagFragment.java|line:138
AvoidCalendarDateCreation;PMD;/Users/rar9993/repos/research/fdroid_apps/native_apps/ics-openconnect/NONE_TRANSFORMED_;/Users/rar9993/repos/research/fdroid_apps/native_apps/ics-openconnect/app/src/main/java/app/openconnect/fragments/TokenDiagFragment.java;file:/Users/rar9993/repos/research/fdroid_apps/native_apps/ics-openconnect/app/src/main/java/app/openconnect/fragments/TokenDiagFragment.java|line:250
AvoidCalendarDateCreation;PMD;/Users/rar9993/repos/research/fdroid_apps/native_apps/ics-openconnect/NONE_TRANSFORMED_;/Users/rar9993/repos/research/fdroid_apps/native_apps/ics-openconnect/app/src/main/java/app/openconnect/fragments/TokenDiagFragment.java;file:/Users/rar9993/repos/research/fdroid_apps/native_apps/ics-openconnect/app/src/main/java/app/openconnect/fragments/TokenDiagFragment.java|line:259
RedundantFieldInitializer;PMD;/Users/rar9993/repos/research/fdroid_apps/native_apps/ics-openconnect/NONE_TRANSFORMED_;/Users/rar9993/repos/research/fdroid_apps/native_apps/ics-openconnect/app/src/main/java/com/stericson/RootTools/RootTools.java;file:/Users/rar9993/repos/research/fdroid_apps/native_apps/ics-openconnect/app/src/main/java/com/stericson/RootTools/RootTools.java|line:61
RedundantFieldInitializer;PMD;/Users/rar9993/repos/research/fdroid_apps/native_apps/ics-openconnect/NONE_TRANSFORMED_;/Users/rar9993/repos/research/fdroid_apps/native_apps/ics-openconnect/app/src/main/java/com/stericson/RootTools/RootTools.java;file:/Users/rar9993/repos/research/fdroid_apps/native_apps/ics-openconnect/app/src/main/java/com/stericson/RootTools/RootTools.java|line:80
InefficientStringBuffering;PMD;/Users/rar9993/repos/research/fdroid_apps/native_apps/ics-openconnect/NONE_TRANSFORMED_;/Users/rar9993/repos/research/fdroid_apps/native_apps/ics-openconnect/app/src/main/java/com/stericson/RootTools/containers/RootClass.java;file:/Users/rar9993/repos/research/fdroid_apps/native_apps/ics-openconnect/app/src/main/java/com/stericson/RootTools/containers/RootClass.java|line:81
InefficientStringBuffering;PMD;/Users/rar9993/repos/research/fdroid_apps/native_apps/ics-openconnect/NONE_TRANSFORMED_;/Users/rar9993/repos/research/fdroid_apps/native_apps/ics-openconnect/app/src/main/java/com/stericson/RootTools/containers/RootClass.java;file:/Users/rar9993/repos/research/fdroid_apps/native_apps/ics-openconnect/app/src/main/java/com/stericson/RootTools/containers/RootClass.java|line:84
OptimizableToArrayCall;PMD;/Users/rar9993/repos/research/fdroid_apps/native_apps/ics-openconnect/NONE_TRANSFORMED_;/Users/rar9993/repos/research/fdroid_apps/native_apps/ics-openconnect/app/src/main/java/com/stericson/RootTools/containers/RootClass.java;file:/Users/rar9993/repos/research/fdroid_apps/native_apps/ics-openconnect/app/src/main/java/com/stericson/RootTools/containers/RootClass.java|line:103
AvoidFileStream;PMD;/Users/rar9993/repos/research/fdroid_apps/native_apps/ics-openconnect/NONE_TRANSFORMED_;/Users/rar9993/repos/research/fdroid_apps/native_apps/ics-openconnect/app/src/main/java/com/stericson/RootTools/containers/RootClass.java;file:/Users/rar9993/repos/research/fdroid_apps/native_apps/ics-openconnect/app/src/main/java/com/stericson/RootTools/containers/RootClass.java|line:160
RedundantFieldInitializer;PMD;/Users/rar9993/repos/research/fdroid_apps/native_apps/ics-openconnect/NONE_TRANSFORMED_;/Users/rar9993/repos/research/fdroid_apps/native_apps/ics-openconnect/app/src/main/java/com/stericson/RootTools/execution/Command.java;file:/Users/rar9993/repos/research/fdroid_apps/native_apps/ics-openconnect/app/src/main/java/com/stericson/RootTools/execution/Command.java|line:38
RedundantFieldInitializer;PMD;/Users/rar9993/repos/research/fdroid_apps/native_apps/ics-openconnect/NONE_TRANSFORMED_;/Users/rar9993/repos/research/fdroid_apps/native_apps/ics-openconnect/app/src/main/java/com/stericson/RootTools/execution/Command.java;file:/Users/rar9993/repos/research/fdroid_apps/native_apps/ics-openconnect/app/src/main/java/com/stericson/RootTools/execution/Command.java|line:39
RedundantFieldInitializer;PMD;/Users/rar9993/repos/research/fdroid_apps/native_apps/ics-openconnect/NONE_TRANSFORMED_;/Users/rar9993/repos/research/fdroid_apps/native_apps/ics-openconnect/app/src/main/java/com/stericson/RootTools/execution/Command.java;file:/Users/rar9993/repos/research/fdroid_apps/native_apps/ics-openconnect/app/src/main/java/com/stericson/RootTools/execution/Command.java|line:40
RedundantFieldInitializer;PMD;/Users/rar9993/repos/research/fdroid_apps/native_apps/ics-openconnect/NONE_TRANSFORMED_;/Users/rar9993/repos/research/fdroid_apps/native_apps/ics-openconnect/app/src/main/java/com/stericson/RootTools/execution/Command.java;file:/Users/rar9993/repos/research/fdroid_apps/native_apps/ics-openconnect/app/src/main/java/com/stericson/RootTools/execution/Command.java|line:43
RedundantFieldInitializer;PMD;/Users/rar9993/repos/research/fdroid_apps/native_apps/ics-openconnect/NONE_TRANSFORMED_;/Users/rar9993/repos/research/fdroid_apps/native_apps/ics-openconnect/app/src/main/java/com/stericson/RootTools/execution/Command.java;file:/Users/rar9993/repos/research/fdroid_apps/native_apps/ics-openconnect/app/src/main/java/com/stericson/RootTools/execution/Command.java|line:44
RedundantFieldInitializer;PMD;/Users/rar9993/repos/research/fdroid_apps/native_apps/ics-openconnect/NONE_TRANSFORMED_;/Users/rar9993/repos/research/fdroid_apps/native_apps/ics-openconnect/app/src/main/java/com/stericson/RootTools/execution/Command.java;file:/Users/rar9993/repos/research/fdroid_apps/native_apps/ics-openconnect/app/src/main/java/com/stericson/RootTools/execution/Command.java|line:45
RedundantFieldInitializer;PMD;/Users/rar9993/repos/research/fdroid_apps/native_apps/ics-openconnect/NONE_TRANSFORMED_;/Users/rar9993/repos/research/fdroid_apps/native_apps/ics-openconnect/app/src/main/java/com/stericson/RootTools/execution/Command.java;file:/Users/rar9993/repos/research/fdroid_apps/native_apps/ics-openconnect/app/src/main/java/com/stericson/RootTools/execution/Command.java|line:46
RedundantFieldInitializer;PMD;/Users/rar9993/repos/research/fdroid_apps/native_apps/ics-openconnect/NONE_TRANSFORMED_;/Users/rar9993/repos/research/fdroid_apps/native_apps/ics-openconnect/app/src/main/java/com/stericson/RootTools/execution/Command.java;file:/Users/rar9993/repos/research/fdroid_apps/native_apps/ics-openconnect/app/src/main/java/com/stericson/RootTools/execution/Command.java|line:49
InsufficientStringBufferDeclaration;PMD;/Users/rar9993/repos/research/fdroid_apps/native_apps/ics-openconnect/NONE_TRANSFORMED_;/Users/rar9993/repos/research/fdroid_apps/native_apps/ics-openconnect/app/src/main/java/com/stericson/RootTools/execution/Command.java;file:/Users/rar9993/repos/research/fdroid_apps/native_apps/ics-openconnect/app/src/main/java/com/stericson/RootTools/execution/Command.java|line:170
ConsecutiveAppendsShouldReuse;PMD;/Users/rar9993/repos/research/fdroid_apps/native_apps/ics-openconnect/NONE_TRANSFORMED_;/Users/rar9993/repos/research/fdroid_apps/native_apps/ics-openconnect/app/src/main/java/com/stericson/RootTools/execution/Command.java;file:/Users/rar9993/repos/research/fdroid_apps/native_apps/ics-openconnect/app/src/main/java/com/stericson/RootTools/execution/Command.java|line:175
InefficientStringBuffering;PMD;/Users/rar9993/repos/research/fdroid_apps/native_apps/ics-openconnect/NONE_TRANSFORMED_;/Users/rar9993/repos/research/fdroid_apps/native_apps/ics-openconnect/app/src/main/java/com/stericson/RootTools/execution/Command.java;file:/Users/rar9993/repos/research/fdroid_apps/native_apps/ics-openconnect/app/src/main/java/com/stericson/RootTools/execution/Command.java|line:176
ConsecutiveAppendsShouldReuse;PMD;/Users/rar9993/repos/research/fdroid_apps/native_apps/ics-openconnect/NONE_TRANSFORMED_;/Users/rar9993/repos/research/fdroid_apps/native_apps/ics-openconnect/app/src/main/java/com/stericson/RootTools/execution/Command.java;file:/Users/rar9993/repos/research/fdroid_apps/native_apps/ics-openconnect/app/src/main/java/com/stericson/RootTools/execution/Command.java|line:183
RedundantFieldInitializer;PMD;/Users/rar9993/repos/research/fdroid_apps/native_apps/ics-openconnect/NONE_TRANSFORMED_;/Users/rar9993/repos/research/fdroid_apps/native_apps/ics-openconnect/app/src/main/java/com/stericson/RootTools/execution/Shell.java;file:/Users/rar9993/repos/research/fdroid_apps/native_apps/ics-openconnect/app/src/main/java/com/stericson/RootTools/execution/Shell.java|line:41
RedundantFieldInitializer;PMD;/Users/rar9993/repos/research/fdroid_apps/native_apps/ics-openconnect/NONE_TRANSFORMED_;/Users/rar9993/repos/research/fdroid_apps/native_apps/ics-openconnect/app/src/main/java/com/stericson/RootTools/execution/Shell.java;file:/Users/rar9993/repos/research/fdroid_apps/native_apps/ics-openconnect/app/src/main/java/com/stericson/RootTools/execution/Shell.java|line:45
RedundantFieldInitializer;PMD;/Users/rar9993/repos/research/fdroid_apps/native_apps/ics-openconnect/NONE_TRANSFORMED_;/Users/rar9993/repos/research/fdroid_apps/native_apps/ics-openconnect/app/src/main/java/com/stericson/RootTools/execution/Shell.java;file:/Users/rar9993/repos/research/fdroid_apps/native_apps/ics-openconnect/app/src/main/java/com/stericson/RootTools/execution/Shell.java|line:46
RedundantFieldInitializer;PMD;/Users/rar9993/repos/research/fdroid_apps/native_apps/ics-openconnect/NONE_TRANSFORMED_;/Users/rar9993/repos/research/fdroid_apps/native_apps/ics-openconnect/app/src/main/java/com/stericson/RootTools/execution/Shell.java;file:/Users/rar9993/repos/research/fdroid_apps/native_apps/ics-openconnect/app/src/main/java/com/stericson/RootTools/execution/Shell.java|line:47
RedundantFieldInitializer;PMD;/Users/rar9993/repos/research/fdroid_apps/native_apps/ics-openconnect/NONE_TRANSFORMED_;/Users/rar9993/repos/research/fdroid_apps/native_apps/ics-openconnect/app/src/main/java/com/stericson/RootTools/execution/Shell.java;file:/Users/rar9993/repos/research/fdroid_apps/native_apps/ics-openconnect/app/src/main/java/com/stericson/RootTools/execution/Shell.java|line:50
RedundantFieldInitializer;PMD;/Users/rar9993/repos/research/fdroid_apps/native_apps/ics-openconnect/NONE_TRANSFORMED_;/Users/rar9993/repos/research/fdroid_apps/native_apps/ics-openconnect/app/src/main/java/com/stericson/RootTools/execution/Shell.java;file:/Users/rar9993/repos/research/fdroid_apps/native_apps/ics-openconnect/app/src/main/java/com/stericson/RootTools/execution/Shell.java|line:51
RedundantFieldInitializer;PMD;/Users/rar9993/repos/research/fdroid_apps/native_apps/ics-openconnect/NONE_TRANSFORMED_;/Users/rar9993/repos/research/fdroid_apps/native_apps/ics-openconnect/app/src/main/java/com/stericson/RootTools/execution/Shell.java;file:/Users/rar9993/repos/research/fdroid_apps/native_apps/ics-openconnect/app/src/main/java/com/stericson/RootTools/execution/Shell.java|line:54
RedundantFieldInitializer;PMD;/Users/rar9993/repos/research/fdroid_apps/native_apps/ics-openconnect/NONE_TRANSFORMED_;/Users/rar9993/repos/research/fdroid_apps/native_apps/ics-openconnect/app/src/main/java/com/stericson/RootTools/execution/Shell.java;file:/Users/rar9993/repos/research/fdroid_apps/native_apps/ics-openconnect/app/src/main/java/com/stericson/RootTools/execution/Shell.java|line:55
RedundantFieldInitializer;PMD;/Users/rar9993/repos/research/fdroid_apps/native_apps/ics-openconnect/NONE_TRANSFORMED_;/Users/rar9993/repos/research/fdroid_apps/native_apps/ics-openconnect/app/src/main/java/com/stericson/RootTools/execution/Shell.java;file:/Users/rar9993/repos/research/fdroid_apps/native_apps/ics-openconnect/app/src/main/java/com/stericson/RootTools/execution/Shell.java|line:56
RedundantFieldInitializer;PMD;/Users/rar9993/repos/research/fdroid_apps/native_apps/ics-openconnect/NONE_TRANSFORMED_;/Users/rar9993/repos/research/fdroid_apps/native_apps/ics-openconnect/app/src/main/java/com/stericson/RootTools/execution/Shell.java;file:/Users/rar9993/repos/research/fdroid_apps/native_apps/ics-openconnect/app/src/main/java/com/stericson/RootTools/execution/Shell.java|line:57
RedundantFieldInitializer;PMD;/Users/rar9993/repos/research/fdroid_apps/native_apps/ics-openconnect/NONE_TRANSFORMED_;/Users/rar9993/repos/research/fdroid_apps/native_apps/ics-openconnect/app/src/main/java/com/stericson/RootTools/execution/Shell.java;file:/Users/rar9993/repos/research/fdroid_apps/native_apps/ics-openconnect/app/src/main/java/com/stericson/RootTools/execution/Shell.java|line:58
AvoidInstantiatingObjectsInLoops;PMD;/Users/rar9993/repos/research/fdroid_apps/native_apps/ics-openconnect/NONE_TRANSFORMED_;/Users/rar9993/repos/research/fdroid_apps/native_apps/ics-openconnect/app/src/main/java/com/stericson/RootTools/execution/Shell.java;file:/Users/rar9993/repos/research/fdroid_apps/native_apps/ics-openconnect/app/src/main/java/com/stericson/RootTools/execution/Shell.java|line:497
AvoidFileStream;PMD;/Users/rar9993/repos/research/fdroid_apps/native_apps/ics-openconnect/NONE_TRANSFORMED_;/Users/rar9993/repos/research/fdroid_apps/native_apps/ics-openconnect/app/src/main/java/com/stericson/RootTools/internal/Installer.java;file:/Users/rar9993/repos/research/fdroid_apps/native_apps/ics-openconnect/app/src/main/java/com/stericson/RootTools/internal/Installer.java|line:110
RedundantFieldInitializer;PMD;/Users/rar9993/repos/research/fdroid_apps/native_apps/ics-openconnect/NONE_TRANSFORMED_;/Users/rar9993/repos/research/fdroid_apps/native_apps/ics-openconnect/app/src/main/java/com/stericson/RootTools/internal/InternalVariables.java;file:/Users/rar9993/repos/research/fdroid_apps/native_apps/ics-openconnect/app/src/main/java/com/stericson/RootTools/internal/InternalVariables.java|line:41
RedundantFieldInitializer;PMD;/Users/rar9993/repos/research/fdroid_apps/native_apps/ics-openconnect/NONE_TRANSFORMED_;/Users/rar9993/repos/research/fdroid_apps/native_apps/ics-openconnect/app/src/main/java/com/stericson/RootTools/internal/InternalVariables.java;file:/Users/rar9993/repos/research/fdroid_apps/native_apps/ics-openconnect/app/src/main/java/com/stericson/RootTools/internal/InternalVariables.java|line:42
RedundantFieldInitializer;PMD;/Users/rar9993/repos/research/fdroid_apps/native_apps/ics-openconnect/NONE_TRANSFORMED_;/Users/rar9993/repos/research/fdroid_apps/native_apps/ics-openconnect/app/src/main/java/com/stericson/RootTools/internal/InternalVariables.java;file:/Users/rar9993/repos/research/fdroid_apps/native_apps/ics-openconnect/app/src/main/java/com/stericson/RootTools/internal/InternalVariables.java|line:43
RedundantFieldInitializer;PMD;/Users/rar9993/repos/research/fdroid_apps/native_apps/ics-openconnect/NONE_TRANSFORMED_;/Users/rar9993/repos/research/fdroid_apps/native_apps/ics-openconnect/app/src/main/java/com/stericson/RootTools/internal/InternalVariables.java;file:/Users/rar9993/repos/research/fdroid_apps/native_apps/ics-openconnect/app/src/main/java/com/stericson/RootTools/internal/InternalVariables.java|line:44
UseIndexOfChar;PMD;/Users/rar9993/repos/research/fdroid_apps/native_apps/ics-openconnect/NONE_TRANSFORMED_;/Users/rar9993/repos/research/fdroid_apps/native_apps/ics-openconnect/app/src/main/java/com/stericson/RootTools/internal/Remounter.java;file:/Users/rar9993/repos/research/fdroid_apps/native_apps/ics-openconnect/app/src/main/java/com/stericson/RootTools/internal/Remounter.java|line:64
AvoidInstantiatingObjectsInLoops;PMD;/Users/rar9993/repos/research/fdroid_apps/native_apps/ics-openconnect/NONE_TRANSFORMED_;/Users/rar9993/repos/research/fdroid_apps/native_apps/ics-openconnect/app/src/main/java/com/stericson/RootTools/internal/Remounter.java;file:/Users/rar9993/repos/research/fdroid_apps/native_apps/ics-openconnect/app/src/main/java/com/stericson/RootTools/internal/Remounter.java|line:86
AvoidFileStream;PMD;/Users/rar9993/repos/research/fdroid_apps/native_apps/ics-openconnect/NONE_TRANSFORMED_;/Users/rar9993/repos/research/fdroid_apps/native_apps/ics-openconnect/app/src/main/java/com/stericson/RootTools/internal/RootToolsInternalMethods.java;file:/Users/rar9993/repos/research/fdroid_apps/native_apps/ics-openconnect/app/src/main/java/com/stericson/RootTools/internal/RootToolsInternalMethods.java|line:102
UseIndexOfChar;PMD;/Users/rar9993/repos/research/fdroid_apps/native_apps/ics-openconnect/NONE_TRANSFORMED_;/Users/rar9993/repos/research/fdroid_apps/native_apps/ics-openconnect/app/src/main/java/com/stericson/RootTools/internal/RootToolsInternalMethods.java;file:/Users/rar9993/repos/research/fdroid_apps/native_apps/ics-openconnect/app/src/main/java/com/stericson/RootTools/internal/RootToolsInternalMethods.java|line:109
AvoidInstantiatingObjectsInLoops;PMD;/Users/rar9993/repos/research/fdroid_apps/native_apps/ics-openconnect/NONE_TRANSFORMED_;/Users/rar9993/repos/research/fdroid_apps/native_apps/ics-openconnect/app/src/main/java/com/stericson/RootTools/internal/RootToolsInternalMethods.java;file:/Users/rar9993/repos/research/fdroid_apps/native_apps/ics-openconnect/app/src/main/java/com/stericson/RootTools/internal/RootToolsInternalMethods.java|line:110
AvoidFileStream;PMD;/Users/rar9993/repos/research/fdroid_apps/native_apps/ics-openconnect/NONE_TRANSFORMED_;/Users/rar9993/repos/research/fdroid_apps/native_apps/ics-openconnect/app/src/main/java/com/stericson/RootTools/internal/RootToolsInternalMethods.java;file:/Users/rar9993/repos/research/fdroid_apps/native_apps/ics-openconnect/app/src/main/java/com/stericson/RootTools/internal/RootToolsInternalMethods.java|line:140
ConsecutiveAppendsShouldReuse;PMD;/Users/rar9993/repos/research/fdroid_apps/native_apps/ics-openconnect/NONE_TRANSFORMED_;/Users/rar9993/repos/research/fdroid_apps/native_apps/ics-openconnect/app/src/main/java/com/stericson/RootTools/internal/RootToolsInternalMethods.java;file:/Users/rar9993/repos/research/fdroid_apps/native_apps/ics-openconnect/app/src/main/java/com/stericson/RootTools/internal/RootToolsInternalMethods.java|line:199
ConsecutiveAppendsShouldReuse;PMD;/Users/rar9993/repos/research/fdroid_apps/native_apps/ics-openconnect/NONE_TRANSFORMED_;/Users/rar9993/repos/research/fdroid_apps/native_apps/ics-openconnect/app/src/main/java/com/stericson/RootTools/internal/RootToolsInternalMethods.java;file:/Users/rar9993/repos/research/fdroid_apps/native_apps/ics-openconnect/app/src/main/java/com/stericson/RootTools/internal/RootToolsInternalMethods.java|line:200
ConsecutiveAppendsShouldReuse;PMD;/Users/rar9993/repos/research/fdroid_apps/native_apps/ics-openconnect/NONE_TRANSFORMED_;/Users/rar9993/repos/research/fdroid_apps/native_apps/ics-openconnect/app/src/main/java/com/stericson/RootTools/internal/RootToolsInternalMethods.java;file:/Users/rar9993/repos/research/fdroid_apps/native_apps/ics-openconnect/app/src/main/java/com/stericson/RootTools/internal/RootToolsInternalMethods.java|line:201
AvoidInstantiatingObjectsInLoops;PMD;/Users/rar9993/repos/research/fdroid_apps/native_apps/ics-openconnect/NONE_TRANSFORMED_;/Users/rar9993/repos/research/fdroid_apps/native_apps/ics-openconnect/app/src/main/java/com/stericson/RootTools/internal/RootToolsInternalMethods.java;file:/Users/rar9993/repos/research/fdroid_apps/native_apps/ics-openconnect/app/src/main/java/com/stericson/RootTools/internal/RootToolsInternalMethods.java|line:540
AvoidFileStream;PMD;/Users/rar9993/repos/research/fdroid_apps/native_apps/ics-openconnect/NONE_TRANSFORMED_;/Users/rar9993/repos/research/fdroid_apps/native_apps/ics-openconnect/app/src/main/java/com/stericson/RootTools/internal/RootToolsInternalMethods.java;file:/Users/rar9993/repos/research/fdroid_apps/native_apps/ics-openconnect/app/src/main/java/com/stericson/RootTools/internal/RootToolsInternalMethods.java|line:930
AvoidInstantiatingObjectsInLoops;PMD;/Users/rar9993/repos/research/fdroid_apps/native_apps/ics-openconnect/NONE_TRANSFORMED_;/Users/rar9993/repos/research/fdroid_apps/native_apps/ics-openconnect/app/src/main/java/com/stericson/RootTools/internal/RootToolsInternalMethods.java;file:/Users/rar9993/repos/research/fdroid_apps/native_apps/ics-openconnect/app/src/main/java/com/stericson/RootTools/internal/RootToolsInternalMethods.java|line:1515
AvoidInstantiatingObjectsInLoops;PMD;/Users/rar9993/repos/research/fdroid_apps/native_apps/ics-openconnect/NONE_TRANSFORMED_;/Users/rar9993/repos/research/fdroid_apps/native_apps/ics-openconnect/app/src/main/java/com/stericson/RootTools/internal/RootToolsInternalMethods.java;file:/Users/rar9993/repos/research/fdroid_apps/native_apps/ics-openconnect/app/src/main/java/com/stericson/RootTools/internal/RootToolsInternalMethods.java|line:1520
AvoidInstantiatingObjectsInLoops;PMD;/Users/rar9993/repos/research/fdroid_apps/native_apps/ics-openconnect/NONE_TRANSFORMED_;/Users/rar9993/repos/research/fdroid_apps/native_apps/ics-openconnect/app/src/main/java/com/stericson/RootTools/internal/RootToolsInternalMethods.java;file:/Users/rar9993/repos/research/fdroid_apps/native_apps/ics-openconnect/app/src/main/java/com/stericson/RootTools/internal/RootToolsInternalMethods.java|line:1525
UseIndexOfChar;PMD;/Users/rar9993/repos/research/fdroid_apps/native_apps/ics-openconnect/NONE_TRANSFORMED_;/Users/rar9993/repos/research/fdroid_apps/native_apps/ics-openconnect/app/src/main/java/org/spongycastle/util/io/pem/PemReader.java;file:/Users/rar9993/repos/research/fdroid_apps/native_apps/ics-openconnect/app/src/main/java/org/spongycastle/util/io/pem/PemReader.java|line:57
MemberIgnoringMethod;DAAP;/Users/rar9993/repos/research/fdroid_apps/native_apps/ics-openconnect/NONE_TRANSFORMED_;/src/main/java/app/openconnect/FileSelect.java;file:/src/main/java/app/openconnect/FileSelect.java
MemberIgnoringMethod;DAAP;/Users/rar9993/repos/research/fdroid_apps/native_apps/ics-openconnect/NONE_TRANSFORMED_;/src/main/java/app/openconnect/core/OpenConnectManagementThread.java;file:/src/main/java/app/openconnect/core/OpenConnectManagementThread.java
MemberIgnoringMethod;DAAP;/Users/rar9993/repos/research/fdroid_apps/native_apps/ics-openconnect/NONE_TRANSFORMED_;/src/main/java/app/openconnect/core/OpenVPNManagement.java;file:/src/main/java/app/openconnect/core/OpenVPNManagement.java
MemberIgnoringMethod;DAAP;/Users/rar9993/repos/research/fdroid_apps/native_apps/ics-openconnect/NONE_TRANSFORMED_;/src/main/java/app/openconnect/core/CertWarningDialog.java;file:/src/main/java/app/openconnect/core/CertWarningDialog.java
MemberIgnoringMethod;DAAP;/Users/rar9993/repos/research/fdroid_apps/native_apps/ics-openconnect/NONE_TRANSFORMED_;/src/main/java/app/openconnect/core/OpenVpnService.java;file:/src/main/java/app/openconnect/core/OpenVpnService.java
MemberIgnoringMethod;DAAP;/Users/rar9993/repos/research/fdroid_apps/native_apps/ics-openconnect/NONE_TRANSFORMED_;/src/main/java/app/openconnect/core/GetRestrictionReceiver.java;file:/src/main/java/app/openconnect/core/GetRestrictionReceiver.java
MemberIgnoringMethod;DAAP;/Users/rar9993/repos/research/fdroid_apps/native_apps/ics-openconnect/NONE_TRANSFORMED_;/src/main/java/app/openconnect/core/VPNConnector.java;file:/src/main/java/app/openconnect/core/VPNConnector.java
MemberIgnoringMethod;DAAP;/Users/rar9993/repos/research/fdroid_apps/native_apps/ics-openconnect/NONE_TRANSFORMED_;/src/main/java/app/openconnect/core/ErrorDialog.java;file:/src/main/java/app/openconnect/core/ErrorDialog.java
MemberIgnoringMethod;DAAP;/Users/rar9993/repos/research/fdroid_apps/native_apps/ics-openconnect/NONE_TRANSFORMED_;/src/main/java/app/openconnect/core/VPNLogItem.java;file:/src/main/java/app/openconnect/core/VPNLogItem.java
MemberIgnoringMethod;DAAP;/Users/rar9993/repos/research/fdroid_apps/native_apps/ics-openconnect/NONE_TRANSFORMED_;/src/main/java/app/openconnect/core/UserDialog.java;file:/src/main/java/app/openconnect/core/UserDialog.java
MemberIgnoringMethod;DAAP;/Users/rar9993/repos/research/fdroid_apps/native_apps/ics-openconnect/NONE_TRANSFORMED_;/src/main/java/app/openconnect/core/KeepAlive.java;file:/src/main/java/app/openconnect/core/KeepAlive.java
MemberIgnoringMethod;DAAP;/Users/rar9993/repos/research/fdroid_apps/native_apps/ics-openconnect/NONE_TRANSFORMED_;/src/main/java/app/openconnect/core/VPNLog.java;file:/src/main/java/app/openconnect/core/VPNLog.java
MemberIgnoringMethod;DAAP;/Users/rar9993/repos/research/fdroid_apps/native_apps/ics-openconnect/NONE_TRANSFORMED_;/src/main/java/app/openconnect/Application.java;file:/src/main/java/app/openconnect/Application.java
MemberIgnoringMethod;DAAP;/Users/rar9993/repos/research/fdroid_apps/native_apps/ics-openconnect/NONE_TRANSFORMED_;/src/main/java/app/openconnect/fragments/InlineFileTab.java;file:/src/main/java/app/openconnect/fragments/InlineFileTab.java
MemberIgnoringMethod;DAAP;/Users/rar9993/repos/research/fdroid_apps/native_apps/ics-openconnect/NONE_TRANSFORMED_;/src/main/java/app/openconnect/fragments/LogFragment.java;file:/src/main/java/app/openconnect/fragments/LogFragment.java
MemberIgnoringMethod;DAAP;/Users/rar9993/repos/research/fdroid_apps/native_apps/ics-openconnect/NONE_TRANSFORMED_;/src/main/java/app/openconnect/fragments/CommonMenu.java;file:/src/main/java/app/openconnect/fragments/CommonMenu.java
MemberIgnoringMethod;DAAP;/Users/rar9993/repos/research/fdroid_apps/native_apps/ics-openconnect/NONE_TRANSFORMED_;/src/main/java/app/openconnect/fragments/ConnectionEditorFragment.java;file:/src/main/java/app/openconnect/fragments/ConnectionEditorFragment.java
MemberIgnoringMethod;DAAP;/Users/rar9993/repos/research/fdroid_apps/native_apps/ics-openconnect/NONE_TRANSFORMED_;/src/main/java/app/openconnect/fragments/FileSelectionFragment.java;file:/src/main/java/app/openconnect/fragments/FileSelectionFragment.java
MemberIgnoringMethod;DAAP;/Users/rar9993/repos/research/fdroid_apps/native_apps/ics-openconnect/NONE_TRANSFORMED_;/src/main/java/app/openconnect/fragments/GeneralSettings.java;file:/src/main/java/app/openconnect/fragments/GeneralSettings.java
MemberIgnoringMethod;DAAP;/Users/rar9993/repos/research/fdroid_apps/native_apps/ics-openconnect/NONE_TRANSFORMED_;/src/main/java/app/openconnect/fragments/FeedbackFragment.java;file:/src/main/java/app/openconnect/fragments/FeedbackFragment.java
MemberIgnoringMethod;DAAP;/Users/rar9993/repos/research/fdroid_apps/native_apps/ics-openconnect/NONE_TRANSFORMED_;/src/main/java/app/openconnect/fragments/TokenParentFragment.java;file:/src/main/java/app/openconnect/fragments/TokenParentFragment.java
MemberIgnoringMethod;DAAP;/Users/rar9993/repos/research/fdroid_apps/native_apps/ics-openconnect/NONE_TRANSFORMED_;/src/main/java/app/openconnect/fragments/VPNProfileList.java;file:/src/main/java/app/openconnect/fragments/VPNProfileList.java
MemberIgnoringMethod;DAAP;/Users/rar9993/repos/research/fdroid_apps/native_apps/ics-openconnect/NONE_TRANSFORMED_;/src/main/java/app/openconnect/fragments/StatusFragment.java;file:/src/main/java/app/openconnect/fragments/StatusFragment.java
MemberIgnoringMethod;DAAP;/Users/rar9993/repos/research/fdroid_apps/native_apps/ics-openconnect/NONE_TRANSFORMED_;/src/main/java/app/openconnect/fragments/TokenDiagFragment.java;file:/src/main/java/app/openconnect/fragments/TokenDiagFragment.java
MemberIgnoringMethod;DAAP;/Users/rar9993/repos/research/fdroid_apps/native_apps/ics-openconnect/NONE_TRANSFORMED_;/src/main/java/app/openconnect/fragments/FaqFragment.java;file:/src/main/java/app/openconnect/fragments/FaqFragment.java
MemberIgnoringMethod;DAAP;/Users/rar9993/repos/research/fdroid_apps/native_apps/ics-openconnect/NONE_TRANSFORMED_;/src/main/java/app/openconnect/fragments/SendDumpFragment.java;file:/src/main/java/app/openconnect/fragments/SendDumpFragment.java
MemberIgnoringMethod;DAAP;/Users/rar9993/repos/research/fdroid_apps/native_apps/ics-openconnect/NONE_TRANSFORMED_;/src/main/java/app/openconnect/AuthFormHandler.java;file:/src/main/java/app/openconnect/AuthFormHandler.java
MemberIgnoringMethod;DAAP;/Users/rar9993/repos/research/fdroid_apps/native_apps/ics-openconnect/NONE_TRANSFORMED_;/src/main/java/app/openconnect/ClearPasswordPreference.java;file:/src/main/java/app/openconnect/ClearPasswordPreference.java
MemberIgnoringMethod;DAAP;/Users/rar9993/repos/research/fdroid_apps/native_apps/ics-openconnect/NONE_TRANSFORMED_;/src/main/java/app/openconnect/TokenImportActivity.java;file:/src/main/java/app/openconnect/TokenImportActivity.java
MemberIgnoringMethod;DAAP;/Users/rar9993/repos/research/fdroid_apps/native_apps/ics-openconnect/NONE_TRANSFORMED_;/src/main/java/app/openconnect/MainActivity.java;file:/src/main/java/app/openconnect/MainActivity.java
MemberIgnoringMethod;DAAP;/Users/rar9993/repos/research/fdroid_apps/native_apps/ics-openconnect/NONE_TRANSFORMED_;/src/main/java/app/openconnect/ShowTextPreference.java;file:/src/main/java/app/openconnect/ShowTextPreference.java
MemberIgnoringMethod;DAAP;/Users/rar9993/repos/research/fdroid_apps/native_apps/ics-openconnect/NONE_TRANSFORMED_;/src/main/java/app/openconnect/FileProvider.java;file:/src/main/java/app/openconnect/FileProvider.java
MemberIgnoringMethod;DAAP;/Users/rar9993/repos/research/fdroid_apps/native_apps/ics-openconnect/NONE_TRANSFORMED_;/src/main/java/app/openconnect/OnBootReceiver.java;file:/src/main/java/app/openconnect/OnBootReceiver.java
MemberIgnoringMethod;DAAP;/Users/rar9993/repos/research/fdroid_apps/native_apps/ics-openconnect/NONE_TRANSFORMED_;/src/main/java/app/openconnect/api/ExternalAppDatabase.java;file:/src/main/java/app/openconnect/api/ExternalAppDatabase.java
MemberIgnoringMethod;DAAP;/Users/rar9993/repos/research/fdroid_apps/native_apps/ics-openconnect/NONE_TRANSFORMED_;/src/main/java/app/openconnect/api/ExternalOpenVPNService.java;file:/src/main/java/app/openconnect/api/ExternalOpenVPNService.java
MemberIgnoringMethod;DAAP;/Users/rar9993/repos/research/fdroid_apps/native_apps/ics-openconnect/NONE_TRANSFORMED_;/src/main/java/app/openconnect/api/APIVpnProfile.java;file:/src/main/java/app/openconnect/api/APIVpnProfile.java
MemberIgnoringMethod;DAAP;/Users/rar9993/repos/research/fdroid_apps/native_apps/ics-openconnect/NONE_TRANSFORMED_;/src/main/java/app/openconnect/api/GrantPermissionsActivity.java;file:/src/main/java/app/openconnect/api/GrantPermissionsActivity.java
MemberIgnoringMethod;DAAP;/Users/rar9993/repos/research/fdroid_apps/native_apps/ics-openconnect/NONE_TRANSFORMED_;/src/main/java/app/openconnect/api/ConfirmDialog.java;file:/src/main/java/app/openconnect/api/ConfirmDialog.java
MemberIgnoringMethod;DAAP;/Users/rar9993/repos/research/fdroid_apps/native_apps/ics-openconnect/NONE_TRANSFORMED_;/src/main/java/app/openconnect/ConnectionEditorActivity.java;file:/src/main/java/app/openconnect/ConnectionEditorActivity.java
MemberIgnoringMethod;DAAP;/Users/rar9993/repos/research/fdroid_apps/native_apps/ics-openconnect/NONE_TRANSFORMED_;/src/main/java/app/openconnect/VpnProfile.java;file:/src/main/java/app/openconnect/VpnProfile.java
MemberIgnoringMethod;DAAP;/Users/rar9993/repos/research/fdroid_apps/native_apps/ics-openconnect/NONE_TRANSFORMED_;/src/main/java/org/spongycastle/util/io/pem/PemWriter.java;file:/src/main/java/org/spongycastle/util/io/pem/PemWriter.java
MemberIgnoringMethod;DAAP;/Users/rar9993/repos/research/fdroid_apps/native_apps/ics-openconnect/NONE_TRANSFORMED_;/src/main/java/org/spongycastle/util/io/pem/PemObject.java;file:/src/main/java/org/spongycastle/util/io/pem/PemObject.java
MemberIgnoringMethod;DAAP;/Users/rar9993/repos/research/fdroid_apps/native_apps/ics-openconnect/NONE_TRANSFORMED_;/src/main/java/org/spongycastle/util/io/pem/PemObjectGenerator.java;file:/src/main/java/org/spongycastle/util/io/pem/PemObjectGenerator.java
MemberIgnoringMethod;DAAP;/Users/rar9993/repos/research/fdroid_apps/native_apps/ics-openconnect/NONE_TRANSFORMED_;/src/main/java/org/spongycastle/util/io/pem/PemHeader.java;file:/src/main/java/org/spongycastle/util/io/pem/PemHeader.java
MemberIgnoringMethod;DAAP;/Users/rar9993/repos/research/fdroid_apps/native_apps/ics-openconnect/NONE_TRANSFORMED_;/src/main/java/org/spongycastle/util/encoders/Base64Encoder.java;file:/src/main/java/org/spongycastle/util/encoders/Base64Encoder.java
MemberIgnoringMethod;DAAP;/Users/rar9993/repos/research/fdroid_apps/native_apps/ics-openconnect/NONE_TRANSFORMED_;/src/main/java/org/spongycastle/util/encoders/Encoder.java;file:/src/main/java/org/spongycastle/util/encoders/Encoder.java
MemberIgnoringMethod;DAAP;/Users/rar9993/repos/research/fdroid_apps/native_apps/ics-openconnect/NONE_TRANSFORMED_;/src/main/java/com/stericson/RootTools/internal/Remounter.java;file:/src/main/java/com/stericson/RootTools/internal/Remounter.java
MemberIgnoringMethod;DAAP;/Users/rar9993/repos/research/fdroid_apps/native_apps/ics-openconnect/NONE_TRANSFORMED_;/src/main/java/com/stericson/RootTools/internal/Runner.java;file:/src/main/java/com/stericson/RootTools/internal/Runner.java
MemberIgnoringMethod;DAAP;/Users/rar9993/repos/research/fdroid_apps/native_apps/ics-openconnect/NONE_TRANSFORMED_;/src/main/java/com/stericson/RootTools/internal/Installer.java;file:/src/main/java/com/stericson/RootTools/internal/Installer.java
MemberIgnoringMethod;DAAP;/Users/rar9993/repos/research/fdroid_apps/native_apps/ics-openconnect/NONE_TRANSFORMED_;/src/main/java/com/stericson/RootTools/execution/CommandCapture.java;file:/src/main/java/com/stericson/RootTools/execution/CommandCapture.java
MemberIgnoringMethod;DAAP;/Users/rar9993/repos/research/fdroid_apps/native_apps/ics-openconnect/NONE_TRANSFORMED_;/src/main/java/com/stericson/RootTools/execution/Command.java;file:/src/main/java/com/stericson/RootTools/execution/Command.java
MemberIgnoringMethod;DAAP;/Users/rar9993/repos/research/fdroid_apps/native_apps/ics-openconnect/NONE_TRANSFORMED_;/src/main/java/com/stericson/RootTools/execution/JavaCommandCapture.java;file:/src/main/java/com/stericson/RootTools/execution/JavaCommandCapture.java
MemberIgnoringMethod;DAAP;/Users/rar9993/repos/research/fdroid_apps/native_apps/ics-openconnect/NONE_TRANSFORMED_;/src/main/java/com/stericson/RootTools/containers/RootClass.java;file:/src/main/java/com/stericson/RootTools/containers/RootClass.java
LeakingThread;DAAP;/Users/rar9993/repos/research/fdroid_apps/native_apps/ics-openconnect/NONE_TRANSFORMED_;/src/main/java/app/openconnect/core/GetRestrictionReceiver.java;file:/src/main/java/app/openconnect/core/GetRestrictionReceiver.java
HashmapUsage;DAAP;/Users/rar9993/repos/research/fdroid_apps/native_apps/ics-openconnect/NONE_TRANSFORMED_;/src/main/java/app/openconnect/fragments/ConnectionEditorFragment.java;file:/src/main/java/app/openconnect/fragments/ConnectionEditorFragment.java
HashmapUsage;DAAP;/Users/rar9993/repos/research/fdroid_apps/native_apps/ics-openconnect/NONE_TRANSFORMED_;/src/main/java/app/openconnect/fragments/FileSelectionFragment.java;file:/src/main/java/app/openconnect/fragments/FileSelectionFragment.java
SlowForLoop;DAAP;/Users/rar9993/repos/research/fdroid_apps/native_apps/ics-openconnect/NONE_TRANSFORMED_;/src/main/java/app/openconnect/core/AssetExtractor.java;file:/src/main/java/app/openconnect/core/AssetExtractor.java
SlowForLoop;DAAP;/Users/rar9993/repos/research/fdroid_apps/native_apps/ics-openconnect/NONE_TRANSFORMED_;/src/main/java/app/openconnect/core/ProfileManager.java;file:/src/main/java/app/openconnect/core/ProfileManager.java
SlowForLoop;DAAP;/Users/rar9993/repos/research/fdroid_apps/native_apps/ics-openconnect/NONE_TRANSFORMED_;/src/main/java/app/openconnect/core/X509Utils.java;file:/src/main/java/app/openconnect/core/X509Utils.java
SlowForLoop;DAAP;/Users/rar9993/repos/research/fdroid_apps/native_apps/ics-openconnect/NONE_TRANSFORMED_;/src/main/java/app/openconnect/core/KeepAlive.java;file:/src/main/java/app/openconnect/core/KeepAlive.java
SlowForLoop;DAAP;/Users/rar9993/repos/research/fdroid_apps/native_apps/ics-openconnect/NONE_TRANSFORMED_;/src/main/java/app/openconnect/core/VPNLog.java;file:/src/main/java/app/openconnect/core/VPNLog.java
SlowForLoop;DAAP;/Users/rar9993/repos/research/fdroid_apps/native_apps/ics-openconnect/NONE_TRANSFORMED_;/src/main/java/app/openconnect/fragments/ConnectionEditorFragment.java;file:/src/main/java/app/openconnect/fragments/ConnectionEditorFragment.java
SlowForLoop;DAAP;/Users/rar9993/repos/research/fdroid_apps/native_apps/ics-openconnect/NONE_TRANSFORMED_;/src/main/java/app/openconnect/fragments/FileSelectionFragment.java;file:/src/main/java/app/openconnect/fragments/FileSelectionFragment.java
SlowForLoop;DAAP;/Users/rar9993/repos/research/fdroid_apps/native_apps/ics-openconnect/NONE_TRANSFORMED_;/src/main/java/app/openconnect/fragments/FaqFragment.java;file:/src/main/java/app/openconnect/fragments/FaqFragment.java
SlowForLoop;DAAP;/Users/rar9993/repos/research/fdroid_apps/native_apps/ics-openconnect/NONE_TRANSFORMED_;/src/main/java/app/openconnect/AuthFormHandler.java;file:/src/main/java/app/openconnect/AuthFormHandler.java
SlowForLoop;DAAP;/Users/rar9993/repos/research/fdroid_apps/native_apps/ics-openconnect/NONE_TRANSFORMED_;/src/main/java/app/openconnect/TokenImportActivity.java;file:/src/main/java/app/openconnect/TokenImportActivity.java
SlowForLoop;DAAP;/Users/rar9993/repos/research/fdroid_apps/native_apps/ics-openconnect/NONE_TRANSFORMED_;/src/main/java/app/openconnect/api/ExternalOpenVPNService.java;file:/src/main/java/app/openconnect/api/ExternalOpenVPNService.java
SlowForLoop;DAAP;/Users/rar9993/repos/research/fdroid_apps/native_apps/ics-openconnect/NONE_TRANSFORMED_;/src/main/java/org/spongycastle/util/io/pem/PemWriter.java;file:/src/main/java/org/spongycastle/util/io/pem/PemWriter.java
SlowForLoop;DAAP;/Users/rar9993/repos/research/fdroid_apps/native_apps/ics-openconnect/NONE_TRANSFORMED_;/src/main/java/org/spongycastle/util/encoders/Base64Encoder.java;file:/src/main/java/org/spongycastle/util/encoders/Base64Encoder.java
SlowForLoop;DAAP;/Users/rar9993/repos/research/fdroid_apps/native_apps/ics-openconnect/NONE_TRANSFORMED_;/src/main/java/com/stericson/RootTools/internal/Remounter.java;file:/src/main/java/com/stericson/RootTools/internal/Remounter.java
SlowForLoop;DAAP;/Users/rar9993/repos/research/fdroid_apps/native_apps/ics-openconnect/NONE_TRANSFORMED_;/src/main/java/com/stericson/RootTools/internal/RootToolsInternalMethods.java;file:/src/main/java/com/stericson/RootTools/internal/RootToolsInternalMethods.java
SlowForLoop;DAAP;/Users/rar9993/repos/research/fdroid_apps/native_apps/ics-openconnect/NONE_TRANSFORMED_;/src/main/java/com/stericson/RootTools/execution/Shell.java;file:/src/main/java/com/stericson/RootTools/execution/Shell.java
SlowForLoop;DAAP;/Users/rar9993/repos/research/fdroid_apps/native_apps/ics-openconnect/NONE_TRANSFORMED_;/src/main/java/com/stericson/RootTools/execution/Command.java;file:/src/main/java/com/stericson/RootTools/execution/Command.java
NoLowMemoryResolver;DAAP;/Users/rar9993/repos/research/fdroid_apps/native_apps/ics-openconnect/NONE_TRANSFORMED_;/src/main/java/app/openconnect/FragActivity.java;file:/src/main/java/app/openconnect/FragActivity.java
NoLowMemoryResolver;DAAP;/Users/rar9993/repos/research/fdroid_apps/native_apps/ics-openconnect/NONE_TRANSFORMED_;/src/main/java/app/openconnect/FileSelect.java;file:/src/main/java/app/openconnect/FileSelect.java
NoLowMemoryResolver;DAAP;/Users/rar9993/repos/research/fdroid_apps/native_apps/ics-openconnect/NONE_TRANSFORMED_;/src/main/java/app/openconnect/TokenImportActivity.java;file:/src/main/java/app/openconnect/TokenImportActivity.java
NoLowMemoryResolver;DAAP;/Users/rar9993/repos/research/fdroid_apps/native_apps/ics-openconnect/NONE_TRANSFORMED_;/src/main/java/app/openconnect/MainActivity.java;file:/src/main/java/app/openconnect/MainActivity.java
NoLowMemoryResolver;DAAP;/Users/rar9993/repos/research/fdroid_apps/native_apps/ics-openconnect/NONE_TRANSFORMED_;/src/main/java/app/openconnect/api/GrantPermissionsActivity.java;file:/src/main/java/app/openconnect/api/GrantPermissionsActivity.java
NoLowMemoryResolver;DAAP;/Users/rar9993/repos/research/fdroid_apps/native_apps/ics-openconnect/NONE_TRANSFORMED_;/src/main/java/app/openconnect/api/ConfirmDialog.java;file:/src/main/java/app/openconnect/api/ConfirmDialog.java
NoLowMemoryResolver;DAAP;/Users/rar9993/repos/research/fdroid_apps/native_apps/ics-openconnect/NONE_TRANSFORMED_;/src/main/java/app/openconnect/ConnectionEditorActivity.java;file:/src/main/java/app/openconnect/ConnectionEditorActivity.java
StaticContext;DAAP;/Users/rar9993/repos/research/fdroid_apps/native_apps/ics-openconnect/NONE_TRANSFORMED_;/src/main/java/app/openconnect/core/ProfileManager.java;file:/src/main/java/app/openconnect/core/ProfileManager.java
CollectionOfViews;DAAP;/Users/rar9993/repos/research/fdroid_apps/native_apps/ics-openconnect/NONE_TRANSFORMED_;/src/main/java/app/openconnect/fragments/LogFragment.java;file:/src/main/java/app/openconnect/fragments/LogFragment.java
DroppedData;DAAP;/Users/rar9993/repos/research/fdroid_apps/native_apps/ics-openconnect/NONE_TRANSFORMED_;/src/main/java/app/openconnect/FragActivity.java;file:/src/main/java/app/openconnect/FragActivity.java
DroppedData;DAAP;/Users/rar9993/repos/research/fdroid_apps/native_apps/ics-openconnect/NONE_TRANSFORMED_;/src/main/java/app/openconnect/FileSelect.java;file:/src/main/java/app/openconnect/FileSelect.java
DroppedData;DAAP;/Users/rar9993/repos/research/fdroid_apps/native_apps/ics-openconnect/NONE_TRANSFORMED_;/src/main/java/app/openconnect/fragments/InlineFileTab.java;file:/src/main/java/app/openconnect/fragments/InlineFileTab.java
DroppedData;DAAP;/Users/rar9993/repos/research/fdroid_apps/native_apps/ics-openconnect/NONE_TRANSFORMED_;/src/main/java/app/openconnect/fragments/LogFragment.java;file:/src/main/java/app/openconnect/fragments/LogFragment.java
DroppedData;DAAP;/Users/rar9993/repos/research/fdroid_apps/native_apps/ics-openconnect/NONE_TRANSFORMED_;/src/main/java/app/openconnect/fragments/ConnectionEditorFragment.java;file:/src/main/java/app/openconnect/fragments/ConnectionEditorFragment.java
DroppedData;DAAP;/Users/rar9993/repos/research/fdroid_apps/native_apps/ics-openconnect/NONE_TRANSFORMED_;/src/main/java/app/openconnect/fragments/FileSelectionFragment.java;file:/src/main/java/app/openconnect/fragments/FileSelectionFragment.java
DroppedData;DAAP;/Users/rar9993/repos/research/fdroid_apps/native_apps/ics-openconnect/NONE_TRANSFORMED_;/src/main/java/app/openconnect/fragments/GeneralSettings.java;file:/src/main/java/app/openconnect/fragments/GeneralSettings.java
DroppedData;DAAP;/Users/rar9993/repos/research/fdroid_apps/native_apps/ics-openconnect/NONE_TRANSFORMED_;/src/main/java/app/openconnect/fragments/FeedbackFragment.java;file:/src/main/java/app/openconnect/fragments/FeedbackFragment.java
DroppedData;DAAP;/Users/rar9993/repos/research/fdroid_apps/native_apps/ics-openconnect/NONE_TRANSFORMED_;/src/main/java/app/openconnect/fragments/TokenParentFragment.java;file:/src/main/java/app/openconnect/fragments/TokenParentFragment.java
DroppedData;DAAP;/Users/rar9993/repos/research/fdroid_apps/native_apps/ics-openconnect/NONE_TRANSFORMED_;/src/main/java/app/openconnect/fragments/AboutFragment.java;file:/src/main/java/app/openconnect/fragments/AboutFragment.java
DroppedData;DAAP;/Users/rar9993/repos/research/fdroid_apps/native_apps/ics-openconnect/NONE_TRANSFORMED_;/src/main/java/app/openconnect/fragments/VPNProfileList.java;file:/src/main/java/app/openconnect/fragments/VPNProfileList.java
DroppedData;DAAP;/Users/rar9993/repos/research/fdroid_apps/native_apps/ics-openconnect/NONE_TRANSFORMED_;/src/main/java/app/openconnect/fragments/StatusFragment.java;file:/src/main/java/app/openconnect/fragments/StatusFragment.java
DroppedData;DAAP;/Users/rar9993/repos/research/fdroid_apps/native_apps/ics-openconnect/NONE_TRANSFORMED_;/src/main/java/app/openconnect/fragments/TokenDiagFragment.java;file:/src/main/java/app/openconnect/fragments/TokenDiagFragment.java
DroppedData;DAAP;/Users/rar9993/repos/research/fdroid_apps/native_apps/ics-openconnect/NONE_TRANSFORMED_;/src/main/java/app/openconnect/fragments/FaqFragment.java;file:/src/main/java/app/openconnect/fragments/FaqFragment.java
DroppedData;DAAP;/Users/rar9993/repos/research/fdroid_apps/native_apps/ics-openconnect/NONE_TRANSFORMED_;/src/main/java/app/openconnect/fragments/SendDumpFragment.java;file:/src/main/java/app/openconnect/fragments/SendDumpFragment.java
DroppedData;DAAP;/Users/rar9993/repos/research/fdroid_apps/native_apps/ics-openconnect/NONE_TRANSFORMED_;/src/main/java/app/openconnect/api/GrantPermissionsActivity.java;file:/src/main/java/app/openconnect/api/GrantPermissionsActivity.java
DroppedData;DAAP;/Users/rar9993/repos/research/fdroid_apps/native_apps/ics-openconnect/NONE_TRANSFORMED_;/src/main/java/app/openconnect/api/ConfirmDialog.java;file:/src/main/java/app/openconnect/api/ConfirmDialog.java
DroppedData;DAAP;/Users/rar9993/repos/research/fdroid_apps/native_apps/ics-openconnect/NONE_TRANSFORMED_;/src/main/java/app/openconnect/ConnectionEditorActivity.java;file:/src/main/java/app/openconnect/ConnectionEditorActivity.java
