Issue;Tool;Project;File;Location
SlowForLoop;aDoctor;/Users/rar9993/repos/research/fdroid_apps/similar_fdroid_vibe_apps/privacy-friendly-2048;/Users/rar9993/repos/research/fdroid_apps/similar_fdroid_vibe_apps/privacy-friendly-2048/app/src/main/java/org/secuso/privacyfriendly2048/database/DatabaseExporter.java;file:/Users/rar9993/repos/research/fdroid_apps/similar_fdroid_vibe_apps/privacy-friendly-2048/app/src/main/java/org/secuso/privacyfriendly2048/database/DatabaseExporter.java|class:org.secuso.privacyfriendly2048.database.DatabaseExporter
MemberIgnoringMethod;aDoctor;/Users/rar9993/repos/research/fdroid_apps/similar_fdroid_vibe_apps/privacy-friendly-2048;/Users/rar9993/repos/research/fdroid_apps/similar_fdroid_vibe_apps/privacy-friendly-2048/app/src/main/java/org/secuso/privacyfriendly2048/database/PFASampleDataType.java;file:/Users/rar9993/repos/research/fdroid_apps/similar_fdroid_vibe_apps/privacy-friendly-2048/app/src/main/java/org/secuso/privacyfriendly2048/database/PFASampleDataType.java|class:org.secuso.privacyfriendly2048.database.PFASampleDataType
InternalGetterSetter;aDoctor;/Users/rar9993/repos/research/fdroid_apps/similar_fdroid_vibe_apps/privacy-friendly-2048;/Users/rar9993/repos/research/fdroid_apps/similar_fdroid_vibe_apps/privacy-friendly-2048/app/src/main/java/org/secuso/privacyfriendly2048/activities/Element.java;file:/Users/rar9993/repos/research/fdroid_apps/similar_fdroid_vibe_apps/privacy-friendly-2048/app/src/main/java/org/secuso/privacyfriendly2048/activities/Element.java|class:org.secuso.privacyfriendly2048.activities.Element
NoLowMemoryResolver;aDoctor;/Users/rar9993/repos/research/fdroid_apps/similar_fdroid_vibe_apps/privacy-friendly-2048;/Users/rar9993/repos/research/fdroid_apps/similar_fdroid_vibe_apps/privacy-friendly-2048/app/src/main/java/org/secuso/privacyfriendly2048/activities/AboutActivity.java;file:/Users/rar9993/repos/research/fdroid_apps/similar_fdroid_vibe_apps/privacy-friendly-2048/app/src/main/java/org/secuso/privacyfriendly2048/activities/AboutActivity.java|class:org.secuso.privacyfriendly2048.activities.AboutActivity
DataTransmissionWithoutCompression;aDoctor;/Users/rar9993/repos/research/fdroid_apps/similar_fdroid_vibe_apps/privacy-friendly-2048;/Users/rar9993/repos/research/fdroid_apps/similar_fdroid_vibe_apps/privacy-friendly-2048/app/src/main/java/org/secuso/privacyfriendly2048/activities/MainActivity.java;file:/Users/rar9993/repos/research/fdroid_apps/similar_fdroid_vibe_apps/privacy-friendly-2048/app/src/main/java/org/secuso/privacyfriendly2048/activities/MainActivity.java|class:org.secuso.privacyfriendly2048.activities.MainActivity
LeakingInnerClass;aDoctor;/Users/rar9993/repos/research/fdroid_apps/similar_fdroid_vibe_apps/privacy-friendly-2048;/Users/rar9993/repos/research/fdroid_apps/similar_fdroid_vibe_apps/privacy-friendly-2048/app/src/main/java/org/secuso/privacyfriendly2048/activities/MainActivity.java;file:/Users/rar9993/repos/research/fdroid_apps/similar_fdroid_vibe_apps/privacy-friendly-2048/app/src/main/java/org/secuso/privacyfriendly2048/activities/MainActivity.java|class:org.secuso.privacyfriendly2048.activities.MainActivity
MemberIgnoringMethod;aDoctor;/Users/rar9993/repos/research/fdroid_apps/similar_fdroid_vibe_apps/privacy-friendly-2048;/Users/rar9993/repos/research/fdroid_apps/similar_fdroid_vibe_apps/privacy-friendly-2048/app/src/main/java/org/secuso/privacyfriendly2048/activities/MainActivity.java;file:/Users/rar9993/repos/research/fdroid_apps/similar_fdroid_vibe_apps/privacy-friendly-2048/app/src/main/java/org/secuso/privacyfriendly2048/activities/MainActivity.java|class:org.secuso.privacyfriendly2048.activities.MainActivity
SlowForLoop;aDoctor;/Users/rar9993/repos/research/fdroid_apps/similar_fdroid_vibe_apps/privacy-friendly-2048;/Users/rar9993/repos/research/fdroid_apps/similar_fdroid_vibe_apps/privacy-friendly-2048/app/src/main/java/org/secuso/privacyfriendly2048/activities/MainActivity.java;file:/Users/rar9993/repos/research/fdroid_apps/similar_fdroid_vibe_apps/privacy-friendly-2048/app/src/main/java/org/secuso/privacyfriendly2048/activities/MainActivity.java|class:org.secuso.privacyfriendly2048.activities.MainActivity
NoLowMemoryResolver;aDoctor;/Users/rar9993/repos/research/fdroid_apps/similar_fdroid_vibe_apps/privacy-friendly-2048;/Users/rar9993/repos/research/fdroid_apps/similar_fdroid_vibe_apps/privacy-friendly-2048/app/src/main/java/org/secuso/privacyfriendly2048/activities/SplashActivity.java;file:/Users/rar9993/repos/research/fdroid_apps/similar_fdroid_vibe_apps/privacy-friendly-2048/app/src/main/java/org/secuso/privacyfriendly2048/activities/SplashActivity.java|class:org.secuso.privacyfriendly2048.activities.SplashActivity
DataTransmissionWithoutCompression;aDoctor;/Users/rar9993/repos/research/fdroid_apps/similar_fdroid_vibe_apps/privacy-friendly-2048;/Users/rar9993/repos/research/fdroid_apps/similar_fdroid_vibe_apps/privacy-friendly-2048/app/src/main/java/org/secuso/privacyfriendly2048/activities/StatsActivity.java;file:/Users/rar9993/repos/research/fdroid_apps/similar_fdroid_vibe_apps/privacy-friendly-2048/app/src/main/java/org/secuso/privacyfriendly2048/activities/StatsActivity.java|class:org.secuso.privacyfriendly2048.activities.StatsActivity
LeakingInnerClass;aDoctor;/Users/rar9993/repos/research/fdroid_apps/similar_fdroid_vibe_apps/privacy-friendly-2048;/Users/rar9993/repos/research/fdroid_apps/similar_fdroid_vibe_apps/privacy-friendly-2048/app/src/main/java/org/secuso/privacyfriendly2048/activities/StatsActivity.java;file:/Users/rar9993/repos/research/fdroid_apps/similar_fdroid_vibe_apps/privacy-friendly-2048/app/src/main/java/org/secuso/privacyfriendly2048/activities/StatsActivity.java|class:org.secuso.privacyfriendly2048.activities.StatsActivity
MemberIgnoringMethod;aDoctor;/Users/rar9993/repos/research/fdroid_apps/similar_fdroid_vibe_apps/privacy-friendly-2048;/Users/rar9993/repos/research/fdroid_apps/similar_fdroid_vibe_apps/privacy-friendly-2048/app/src/main/java/org/secuso/privacyfriendly2048/activities/StatsActivity.java;file:/Users/rar9993/repos/research/fdroid_apps/similar_fdroid_vibe_apps/privacy-friendly-2048/app/src/main/java/org/secuso/privacyfriendly2048/activities/StatsActivity.java|class:org.secuso.privacyfriendly2048.activities.StatsActivity
SlowForLoop;aDoctor;/Users/rar9993/repos/research/fdroid_apps/similar_fdroid_vibe_apps/privacy-friendly-2048;/Users/rar9993/repos/research/fdroid_apps/similar_fdroid_vibe_apps/privacy-friendly-2048/app/src/main/java/org/secuso/privacyfriendly2048/activities/StatsActivity.java;file:/Users/rar9993/repos/research/fdroid_apps/similar_fdroid_vibe_apps/privacy-friendly-2048/app/src/main/java/org/secuso/privacyfriendly2048/activities/StatsActivity.java|class:org.secuso.privacyfriendly2048.activities.StatsActivity
DataTransmissionWithoutCompression;aDoctor;/Users/rar9993/repos/research/fdroid_apps/similar_fdroid_vibe_apps/privacy-friendly-2048;/Users/rar9993/repos/research/fdroid_apps/similar_fdroid_vibe_apps/privacy-friendly-2048/app/src/main/java/org/secuso/privacyfriendly2048/activities/GameActivity.java;file:/Users/rar9993/repos/research/fdroid_apps/similar_fdroid_vibe_apps/privacy-friendly-2048/app/src/main/java/org/secuso/privacyfriendly2048/activities/GameActivity.java|class:org.secuso.privacyfriendly2048.activities.GameActivity
LeakingInnerClass;aDoctor;/Users/rar9993/repos/research/fdroid_apps/similar_fdroid_vibe_apps/privacy-friendly-2048;/Users/rar9993/repos/research/fdroid_apps/similar_fdroid_vibe_apps/privacy-friendly-2048/app/src/main/java/org/secuso/privacyfriendly2048/activities/GameActivity.java;file:/Users/rar9993/repos/research/fdroid_apps/similar_fdroid_vibe_apps/privacy-friendly-2048/app/src/main/java/org/secuso/privacyfriendly2048/activities/GameActivity.java|class:org.secuso.privacyfriendly2048.activities.GameActivity
MemberIgnoringMethod;aDoctor;/Users/rar9993/repos/research/fdroid_apps/similar_fdroid_vibe_apps/privacy-friendly-2048;/Users/rar9993/repos/research/fdroid_apps/similar_fdroid_vibe_apps/privacy-friendly-2048/app/src/main/java/org/secuso/privacyfriendly2048/activities/GameActivity.java;file:/Users/rar9993/repos/research/fdroid_apps/similar_fdroid_vibe_apps/privacy-friendly-2048/app/src/main/java/org/secuso/privacyfriendly2048/activities/GameActivity.java|class:org.secuso.privacyfriendly2048.activities.GameActivity
SlowForLoop;aDoctor;/Users/rar9993/repos/research/fdroid_apps/similar_fdroid_vibe_apps/privacy-friendly-2048;/Users/rar9993/repos/research/fdroid_apps/similar_fdroid_vibe_apps/privacy-friendly-2048/app/src/main/java/org/secuso/privacyfriendly2048/activities/GameActivity.java;file:/Users/rar9993/repos/research/fdroid_apps/similar_fdroid_vibe_apps/privacy-friendly-2048/app/src/main/java/org/secuso/privacyfriendly2048/activities/GameActivity.java|class:org.secuso.privacyfriendly2048.activities.GameActivity
LeakingInnerClass;aDoctor;/Users/rar9993/repos/research/fdroid_apps/similar_fdroid_vibe_apps/privacy-friendly-2048;/Users/rar9993/repos/research/fdroid_apps/similar_fdroid_vibe_apps/privacy-friendly-2048/app/src/main/java/org/secuso/privacyfriendly2048/activities/TutorialActivity.java;file:/Users/rar9993/repos/research/fdroid_apps/similar_fdroid_vibe_apps/privacy-friendly-2048/app/src/main/java/org/secuso/privacyfriendly2048/activities/TutorialActivity.java|class:org.secuso.privacyfriendly2048.activities.TutorialActivity
MemberIgnoringMethod;aDoctor;/Users/rar9993/repos/research/fdroid_apps/similar_fdroid_vibe_apps/privacy-friendly-2048;/Users/rar9993/repos/research/fdroid_apps/similar_fdroid_vibe_apps/privacy-friendly-2048/app/src/main/java/org/secuso/privacyfriendly2048/activities/TutorialActivity.java;file:/Users/rar9993/repos/research/fdroid_apps/similar_fdroid_vibe_apps/privacy-friendly-2048/app/src/main/java/org/secuso/privacyfriendly2048/activities/TutorialActivity.java|class:org.secuso.privacyfriendly2048.activities.TutorialActivity
NoLowMemoryResolver;aDoctor;/Users/rar9993/repos/research/fdroid_apps/similar_fdroid_vibe_apps/privacy-friendly-2048;/Users/rar9993/repos/research/fdroid_apps/similar_fdroid_vibe_apps/privacy-friendly-2048/app/src/main/java/org/secuso/privacyfriendly2048/activities/TutorialActivity.java;file:/Users/rar9993/repos/research/fdroid_apps/similar_fdroid_vibe_apps/privacy-friendly-2048/app/src/main/java/org/secuso/privacyfriendly2048/activities/TutorialActivity.java|class:org.secuso.privacyfriendly2048.activities.TutorialActivity
SlowForLoop;aDoctor;/Users/rar9993/repos/research/fdroid_apps/similar_fdroid_vibe_apps/privacy-friendly-2048;/Users/rar9993/repos/research/fdroid_apps/similar_fdroid_vibe_apps/privacy-friendly-2048/app/src/main/java/org/secuso/privacyfriendly2048/activities/TutorialActivity.java;file:/Users/rar9993/repos/research/fdroid_apps/similar_fdroid_vibe_apps/privacy-friendly-2048/app/src/main/java/org/secuso/privacyfriendly2048/activities/TutorialActivity.java|class:org.secuso.privacyfriendly2048.activities.TutorialActivity
MemberIgnoringMethod;aDoctor;/Users/rar9993/repos/research/fdroid_apps/similar_fdroid_vibe_apps/privacy-friendly-2048;/Users/rar9993/repos/research/fdroid_apps/similar_fdroid_vibe_apps/privacy-friendly-2048/app/src/main/java/org/secuso/privacyfriendly2048/activities/SettingsActivity.java;file:/Users/rar9993/repos/research/fdroid_apps/similar_fdroid_vibe_apps/privacy-friendly-2048/app/src/main/java/org/secuso/privacyfriendly2048/activities/SettingsActivity.java|class:org.secuso.privacyfriendly2048.activities.SettingsActivity
MemberIgnoringMethod;aDoctor;/Users/rar9993/repos/research/fdroid_apps/similar_fdroid_vibe_apps/privacy-friendly-2048;/Users/rar9993/repos/research/fdroid_apps/similar_fdroid_vibe_apps/privacy-friendly-2048/app/src/main/java/org/secuso/privacyfriendly2048/activities/adapter/HelpExpandableListAdapter.java;file:/Users/rar9993/repos/research/fdroid_apps/similar_fdroid_vibe_apps/privacy-friendly-2048/app/src/main/java/org/secuso/privacyfriendly2048/activities/adapter/HelpExpandableListAdapter.java|class:org.secuso.privacyfriendly2048.activities.adapter.HelpExpandableListAdapter
LeakingInnerClass;aDoctor;/Users/rar9993/repos/research/fdroid_apps/similar_fdroid_vibe_apps/privacy-friendly-2048;/Users/rar9993/repos/research/fdroid_apps/similar_fdroid_vibe_apps/privacy-friendly-2048/app/src/main/java/org/secuso/privacyfriendly2048/activities/helper/Gestures.java;file:/Users/rar9993/repos/research/fdroid_apps/similar_fdroid_vibe_apps/privacy-friendly-2048/app/src/main/java/org/secuso/privacyfriendly2048/activities/helper/Gestures.java|class:org.secuso.privacyfriendly2048.activities.helper.Gestures
MemberIgnoringMethod;aDoctor;/Users/rar9993/repos/research/fdroid_apps/similar_fdroid_vibe_apps/privacy-friendly-2048;/Users/rar9993/repos/research/fdroid_apps/similar_fdroid_vibe_apps/privacy-friendly-2048/app/src/main/java/org/secuso/privacyfriendly2048/activities/helper/Gestures.java;file:/Users/rar9993/repos/research/fdroid_apps/similar_fdroid_vibe_apps/privacy-friendly-2048/app/src/main/java/org/secuso/privacyfriendly2048/activities/helper/Gestures.java|class:org.secuso.privacyfriendly2048.activities.helper.Gestures
MemberIgnoringMethod;aDoctor;/Users/rar9993/repos/research/fdroid_apps/similar_fdroid_vibe_apps/privacy-friendly-2048;/Users/rar9993/repos/research/fdroid_apps/similar_fdroid_vibe_apps/privacy-friendly-2048/app/src/main/java/org/secuso/privacyfriendly2048/activities/helper/AppCompatPreferenceActivity.java;file:/Users/rar9993/repos/research/fdroid_apps/similar_fdroid_vibe_apps/privacy-friendly-2048/app/src/main/java/org/secuso/privacyfriendly2048/activities/helper/AppCompatPreferenceActivity.java|class:org.secuso.privacyfriendly2048.activities.helper.AppCompatPreferenceActivity
NoLowMemoryResolver;aDoctor;/Users/rar9993/repos/research/fdroid_apps/similar_fdroid_vibe_apps/privacy-friendly-2048;/Users/rar9993/repos/research/fdroid_apps/similar_fdroid_vibe_apps/privacy-friendly-2048/app/src/main/java/org/secuso/privacyfriendly2048/activities/helper/AppCompatPreferenceActivity.java;file:/Users/rar9993/repos/research/fdroid_apps/similar_fdroid_vibe_apps/privacy-friendly-2048/app/src/main/java/org/secuso/privacyfriendly2048/activities/helper/AppCompatPreferenceActivity.java|class:org.secuso.privacyfriendly2048.activities.helper.AppCompatPreferenceActivity
MemberIgnoringMethod;aDoctor;/Users/rar9993/repos/research/fdroid_apps/similar_fdroid_vibe_apps/privacy-friendly-2048;/Users/rar9993/repos/research/fdroid_apps/similar_fdroid_vibe_apps/privacy-friendly-2048/app/src/main/java/org/secuso/privacyfriendly2048/activities/helper/BaseActivityWithoutNavBar.java;file:/Users/rar9993/repos/research/fdroid_apps/similar_fdroid_vibe_apps/privacy-friendly-2048/app/src/main/java/org/secuso/privacyfriendly2048/activities/helper/BaseActivityWithoutNavBar.java|class:org.secuso.privacyfriendly2048.activities.helper.BaseActivityWithoutNavBar
NoLowMemoryResolver;aDoctor;/Users/rar9993/repos/research/fdroid_apps/similar_fdroid_vibe_apps/privacy-friendly-2048;/Users/rar9993/repos/research/fdroid_apps/similar_fdroid_vibe_apps/privacy-friendly-2048/app/src/main/java/org/secuso/privacyfriendly2048/activities/helper/BaseActivityWithoutNavBar.java;file:/Users/rar9993/repos/research/fdroid_apps/similar_fdroid_vibe_apps/privacy-friendly-2048/app/src/main/java/org/secuso/privacyfriendly2048/activities/helper/BaseActivityWithoutNavBar.java|class:org.secuso.privacyfriendly2048.activities.helper.BaseActivityWithoutNavBar
LeakingThread;aDoctor;/Users/rar9993/repos/research/fdroid_apps/similar_fdroid_vibe_apps/privacy-friendly-2048;/Users/rar9993/repos/research/fdroid_apps/similar_fdroid_vibe_apps/privacy-friendly-2048/app/src/main/java/org/secuso/privacyfriendly2048/activities/helper/BaseActivity.java;file:/Users/rar9993/repos/research/fdroid_apps/similar_fdroid_vibe_apps/privacy-friendly-2048/app/src/main/java/org/secuso/privacyfriendly2048/activities/helper/BaseActivity.java|class:org.secuso.privacyfriendly2048.activities.helper.BaseActivity
MemberIgnoringMethod;aDoctor;/Users/rar9993/repos/research/fdroid_apps/similar_fdroid_vibe_apps/privacy-friendly-2048;/Users/rar9993/repos/research/fdroid_apps/similar_fdroid_vibe_apps/privacy-friendly-2048/app/src/main/java/org/secuso/privacyfriendly2048/activities/helper/BaseActivity.java;file:/Users/rar9993/repos/research/fdroid_apps/similar_fdroid_vibe_apps/privacy-friendly-2048/app/src/main/java/org/secuso/privacyfriendly2048/activities/helper/BaseActivity.java|class:org.secuso.privacyfriendly2048.activities.helper.BaseActivity
NoLowMemoryResolver;aDoctor;/Users/rar9993/repos/research/fdroid_apps/similar_fdroid_vibe_apps/privacy-friendly-2048;/Users/rar9993/repos/research/fdroid_apps/similar_fdroid_vibe_apps/privacy-friendly-2048/app/src/main/java/org/secuso/privacyfriendly2048/activities/helper/BaseActivity.java;file:/Users/rar9993/repos/research/fdroid_apps/similar_fdroid_vibe_apps/privacy-friendly-2048/app/src/main/java/org/secuso/privacyfriendly2048/activities/helper/BaseActivity.java|class:org.secuso.privacyfriendly2048.activities.helper.BaseActivity
SlowForLoop;aDoctor;/Users/rar9993/repos/research/fdroid_apps/similar_fdroid_vibe_apps/privacy-friendly-2048;/Users/rar9993/repos/research/fdroid_apps/similar_fdroid_vibe_apps/privacy-friendly-2048/app/src/main/java/org/secuso/privacyfriendly2048/activities/helper/BaseActivity.java;file:/Users/rar9993/repos/research/fdroid_apps/similar_fdroid_vibe_apps/privacy-friendly-2048/app/src/main/java/org/secuso/privacyfriendly2048/activities/helper/BaseActivity.java|class:org.secuso.privacyfriendly2048.activities.helper.BaseActivity
SlowForLoop;aDoctor;/Users/rar9993/repos/research/fdroid_apps/similar_fdroid_vibe_apps/privacy-friendly-2048;/Users/rar9993/repos/research/fdroid_apps/similar_fdroid_vibe_apps/privacy-friendly-2048/app/src/main/java/org/secuso/privacyfriendly2048/activities/helper/GameState.java;file:/Users/rar9993/repos/research/fdroid_apps/similar_fdroid_vibe_apps/privacy-friendly-2048/app/src/main/java/org/secuso/privacyfriendly2048/activities/helper/GameState.java|class:org.secuso.privacyfriendly2048.activities.helper.GameState
RedundantFieldInitializer;PMD;/Users/rar9993/repos/research/fdroid_apps/similar_fdroid_vibe_apps/privacy-friendly-2048;/Users/rar9993/repos/research/fdroid_apps/similar_fdroid_vibe_apps/privacy-friendly-2048/app/src/main/java/org/secuso/privacyfriendly2048/activities/Element.java;file:/Users/rar9993/repos/research/fdroid_apps/similar_fdroid_vibe_apps/privacy-friendly-2048/app/src/main/java/org/secuso/privacyfriendly2048/activities/Element.java|line:47
RedundantFieldInitializer;PMD;/Users/rar9993/repos/research/fdroid_apps/similar_fdroid_vibe_apps/privacy-friendly-2048;/Users/rar9993/repos/research/fdroid_apps/similar_fdroid_vibe_apps/privacy-friendly-2048/app/src/main/java/org/secuso/privacyfriendly2048/activities/Element.java;file:/Users/rar9993/repos/research/fdroid_apps/similar_fdroid_vibe_apps/privacy-friendly-2048/app/src/main/java/org/secuso/privacyfriendly2048/activities/Element.java|line:48
RedundantFieldInitializer;PMD;/Users/rar9993/repos/research/fdroid_apps/similar_fdroid_vibe_apps/privacy-friendly-2048;/Users/rar9993/repos/research/fdroid_apps/similar_fdroid_vibe_apps/privacy-friendly-2048/app/src/main/java/org/secuso/privacyfriendly2048/activities/Element.java;file:/Users/rar9993/repos/research/fdroid_apps/similar_fdroid_vibe_apps/privacy-friendly-2048/app/src/main/java/org/secuso/privacyfriendly2048/activities/Element.java|line:49
RedundantFieldInitializer;PMD;/Users/rar9993/repos/research/fdroid_apps/similar_fdroid_vibe_apps/privacy-friendly-2048;/Users/rar9993/repos/research/fdroid_apps/similar_fdroid_vibe_apps/privacy-friendly-2048/app/src/main/java/org/secuso/privacyfriendly2048/activities/Element.java;file:/Users/rar9993/repos/research/fdroid_apps/similar_fdroid_vibe_apps/privacy-friendly-2048/app/src/main/java/org/secuso/privacyfriendly2048/activities/Element.java|line:50
RedundantFieldInitializer;PMD;/Users/rar9993/repos/research/fdroid_apps/similar_fdroid_vibe_apps/privacy-friendly-2048;/Users/rar9993/repos/research/fdroid_apps/similar_fdroid_vibe_apps/privacy-friendly-2048/app/src/main/java/org/secuso/privacyfriendly2048/activities/Element.java;file:/Users/rar9993/repos/research/fdroid_apps/similar_fdroid_vibe_apps/privacy-friendly-2048/app/src/main/java/org/secuso/privacyfriendly2048/activities/Element.java|line:51
RedundantFieldInitializer;PMD;/Users/rar9993/repos/research/fdroid_apps/similar_fdroid_vibe_apps/privacy-friendly-2048;/Users/rar9993/repos/research/fdroid_apps/similar_fdroid_vibe_apps/privacy-friendly-2048/app/src/main/java/org/secuso/privacyfriendly2048/activities/Element.java;file:/Users/rar9993/repos/research/fdroid_apps/similar_fdroid_vibe_apps/privacy-friendly-2048/app/src/main/java/org/secuso/privacyfriendly2048/activities/Element.java|line:52
RedundantFieldInitializer;PMD;/Users/rar9993/repos/research/fdroid_apps/similar_fdroid_vibe_apps/privacy-friendly-2048;/Users/rar9993/repos/research/fdroid_apps/similar_fdroid_vibe_apps/privacy-friendly-2048/app/src/main/java/org/secuso/privacyfriendly2048/activities/Element.java;file:/Users/rar9993/repos/research/fdroid_apps/similar_fdroid_vibe_apps/privacy-friendly-2048/app/src/main/java/org/secuso/privacyfriendly2048/activities/Element.java|line:54
AddEmptyString;PMD;/Users/rar9993/repos/research/fdroid_apps/similar_fdroid_vibe_apps/privacy-friendly-2048;/Users/rar9993/repos/research/fdroid_apps/similar_fdroid_vibe_apps/privacy-friendly-2048/app/src/main/java/org/secuso/privacyfriendly2048/activities/Element.java;file:/Users/rar9993/repos/research/fdroid_apps/similar_fdroid_vibe_apps/privacy-friendly-2048/app/src/main/java/org/secuso/privacyfriendly2048/activities/Element.java|line:80
RedundantFieldInitializer;PMD;/Users/rar9993/repos/research/fdroid_apps/similar_fdroid_vibe_apps/privacy-friendly-2048;/Users/rar9993/repos/research/fdroid_apps/similar_fdroid_vibe_apps/privacy-friendly-2048/app/src/main/java/org/secuso/privacyfriendly2048/activities/GameActivity.java;file:/Users/rar9993/repos/research/fdroid_apps/similar_fdroid_vibe_apps/privacy-friendly-2048/app/src/main/java/org/secuso/privacyfriendly2048/activities/GameActivity.java|line:79
RedundantFieldInitializer;PMD;/Users/rar9993/repos/research/fdroid_apps/similar_fdroid_vibe_apps/privacy-friendly-2048;/Users/rar9993/repos/research/fdroid_apps/similar_fdroid_vibe_apps/privacy-friendly-2048/app/src/main/java/org/secuso/privacyfriendly2048/activities/GameActivity.java;file:/Users/rar9993/repos/research/fdroid_apps/similar_fdroid_vibe_apps/privacy-friendly-2048/app/src/main/java/org/secuso/privacyfriendly2048/activities/GameActivity.java|line:80
RedundantFieldInitializer;PMD;/Users/rar9993/repos/research/fdroid_apps/similar_fdroid_vibe_apps/privacy-friendly-2048;/Users/rar9993/repos/research/fdroid_apps/similar_fdroid_vibe_apps/privacy-friendly-2048/app/src/main/java/org/secuso/privacyfriendly2048/activities/GameActivity.java;file:/Users/rar9993/repos/research/fdroid_apps/similar_fdroid_vibe_apps/privacy-friendly-2048/app/src/main/java/org/secuso/privacyfriendly2048/activities/GameActivity.java|line:81
RedundantFieldInitializer;PMD;/Users/rar9993/repos/research/fdroid_apps/similar_fdroid_vibe_apps/privacy-friendly-2048;/Users/rar9993/repos/research/fdroid_apps/similar_fdroid_vibe_apps/privacy-friendly-2048/app/src/main/java/org/secuso/privacyfriendly2048/activities/GameActivity.java;file:/Users/rar9993/repos/research/fdroid_apps/similar_fdroid_vibe_apps/privacy-friendly-2048/app/src/main/java/org/secuso/privacyfriendly2048/activities/GameActivity.java|line:83
RedundantFieldInitializer;PMD;/Users/rar9993/repos/research/fdroid_apps/similar_fdroid_vibe_apps/privacy-friendly-2048;/Users/rar9993/repos/research/fdroid_apps/similar_fdroid_vibe_apps/privacy-friendly-2048/app/src/main/java/org/secuso/privacyfriendly2048/activities/GameActivity.java;file:/Users/rar9993/repos/research/fdroid_apps/similar_fdroid_vibe_apps/privacy-friendly-2048/app/src/main/java/org/secuso/privacyfriendly2048/activities/GameActivity.java|line:90
RedundantFieldInitializer;PMD;/Users/rar9993/repos/research/fdroid_apps/similar_fdroid_vibe_apps/privacy-friendly-2048;/Users/rar9993/repos/research/fdroid_apps/similar_fdroid_vibe_apps/privacy-friendly-2048/app/src/main/java/org/secuso/privacyfriendly2048/activities/GameActivity.java;file:/Users/rar9993/repos/research/fdroid_apps/similar_fdroid_vibe_apps/privacy-friendly-2048/app/src/main/java/org/secuso/privacyfriendly2048/activities/GameActivity.java|line:91
RedundantFieldInitializer;PMD;/Users/rar9993/repos/research/fdroid_apps/similar_fdroid_vibe_apps/privacy-friendly-2048;/Users/rar9993/repos/research/fdroid_apps/similar_fdroid_vibe_apps/privacy-friendly-2048/app/src/main/java/org/secuso/privacyfriendly2048/activities/GameActivity.java;file:/Users/rar9993/repos/research/fdroid_apps/similar_fdroid_vibe_apps/privacy-friendly-2048/app/src/main/java/org/secuso/privacyfriendly2048/activities/GameActivity.java|line:92
RedundantFieldInitializer;PMD;/Users/rar9993/repos/research/fdroid_apps/similar_fdroid_vibe_apps/privacy-friendly-2048;/Users/rar9993/repos/research/fdroid_apps/similar_fdroid_vibe_apps/privacy-friendly-2048/app/src/main/java/org/secuso/privacyfriendly2048/activities/GameActivity.java;file:/Users/rar9993/repos/research/fdroid_apps/similar_fdroid_vibe_apps/privacy-friendly-2048/app/src/main/java/org/secuso/privacyfriendly2048/activities/GameActivity.java|line:99
RedundantFieldInitializer;PMD;/Users/rar9993/repos/research/fdroid_apps/similar_fdroid_vibe_apps/privacy-friendly-2048;/Users/rar9993/repos/research/fdroid_apps/similar_fdroid_vibe_apps/privacy-friendly-2048/app/src/main/java/org/secuso/privacyfriendly2048/activities/GameActivity.java;file:/Users/rar9993/repos/research/fdroid_apps/similar_fdroid_vibe_apps/privacy-friendly-2048/app/src/main/java/org/secuso/privacyfriendly2048/activities/GameActivity.java|line:102
RedundantFieldInitializer;PMD;/Users/rar9993/repos/research/fdroid_apps/similar_fdroid_vibe_apps/privacy-friendly-2048;/Users/rar9993/repos/research/fdroid_apps/similar_fdroid_vibe_apps/privacy-friendly-2048/app/src/main/java/org/secuso/privacyfriendly2048/activities/GameActivity.java;file:/Users/rar9993/repos/research/fdroid_apps/similar_fdroid_vibe_apps/privacy-friendly-2048/app/src/main/java/org/secuso/privacyfriendly2048/activities/GameActivity.java|line:103
RedundantFieldInitializer;PMD;/Users/rar9993/repos/research/fdroid_apps/similar_fdroid_vibe_apps/privacy-friendly-2048;/Users/rar9993/repos/research/fdroid_apps/similar_fdroid_vibe_apps/privacy-friendly-2048/app/src/main/java/org/secuso/privacyfriendly2048/activities/GameActivity.java;file:/Users/rar9993/repos/research/fdroid_apps/similar_fdroid_vibe_apps/privacy-friendly-2048/app/src/main/java/org/secuso/privacyfriendly2048/activities/GameActivity.java|line:105
AddEmptyString;PMD;/Users/rar9993/repos/research/fdroid_apps/similar_fdroid_vibe_apps/privacy-friendly-2048;/Users/rar9993/repos/research/fdroid_apps/similar_fdroid_vibe_apps/privacy-friendly-2048/app/src/main/java/org/secuso/privacyfriendly2048/activities/GameActivity.java;file:/Users/rar9993/repos/research/fdroid_apps/similar_fdroid_vibe_apps/privacy-friendly-2048/app/src/main/java/org/secuso/privacyfriendly2048/activities/GameActivity.java|line:177
AvoidCalendarDateCreation;PMD;/Users/rar9993/repos/research/fdroid_apps/similar_fdroid_vibe_apps/privacy-friendly-2048;/Users/rar9993/repos/research/fdroid_apps/similar_fdroid_vibe_apps/privacy-friendly-2048/app/src/main/java/org/secuso/privacyfriendly2048/activities/GameActivity.java;file:/Users/rar9993/repos/research/fdroid_apps/similar_fdroid_vibe_apps/privacy-friendly-2048/app/src/main/java/org/secuso/privacyfriendly2048/activities/GameActivity.java|line:222
AvoidCalendarDateCreation;PMD;/Users/rar9993/repos/research/fdroid_apps/similar_fdroid_vibe_apps/privacy-friendly-2048;/Users/rar9993/repos/research/fdroid_apps/similar_fdroid_vibe_apps/privacy-friendly-2048/app/src/main/java/org/secuso/privacyfriendly2048/activities/GameActivity.java;file:/Users/rar9993/repos/research/fdroid_apps/similar_fdroid_vibe_apps/privacy-friendly-2048/app/src/main/java/org/secuso/privacyfriendly2048/activities/GameActivity.java|line:236
AvoidCalendarDateCreation;PMD;/Users/rar9993/repos/research/fdroid_apps/similar_fdroid_vibe_apps/privacy-friendly-2048;/Users/rar9993/repos/research/fdroid_apps/similar_fdroid_vibe_apps/privacy-friendly-2048/app/src/main/java/org/secuso/privacyfriendly2048/activities/GameActivity.java;file:/Users/rar9993/repos/research/fdroid_apps/similar_fdroid_vibe_apps/privacy-friendly-2048/app/src/main/java/org/secuso/privacyfriendly2048/activities/GameActivity.java|line:237
AddEmptyString;PMD;/Users/rar9993/repos/research/fdroid_apps/similar_fdroid_vibe_apps/privacy-friendly-2048;/Users/rar9993/repos/research/fdroid_apps/similar_fdroid_vibe_apps/privacy-friendly-2048/app/src/main/java/org/secuso/privacyfriendly2048/activities/GameActivity.java;file:/Users/rar9993/repos/research/fdroid_apps/similar_fdroid_vibe_apps/privacy-friendly-2048/app/src/main/java/org/secuso/privacyfriendly2048/activities/GameActivity.java|line:342
AddEmptyString;PMD;/Users/rar9993/repos/research/fdroid_apps/similar_fdroid_vibe_apps/privacy-friendly-2048;/Users/rar9993/repos/research/fdroid_apps/similar_fdroid_vibe_apps/privacy-friendly-2048/app/src/main/java/org/secuso/privacyfriendly2048/activities/GameActivity.java;file:/Users/rar9993/repos/research/fdroid_apps/similar_fdroid_vibe_apps/privacy-friendly-2048/app/src/main/java/org/secuso/privacyfriendly2048/activities/GameActivity.java|line:343
AvoidInstantiatingObjectsInLoops;PMD;/Users/rar9993/repos/research/fdroid_apps/similar_fdroid_vibe_apps/privacy-friendly-2048;/Users/rar9993/repos/research/fdroid_apps/similar_fdroid_vibe_apps/privacy-friendly-2048/app/src/main/java/org/secuso/privacyfriendly2048/activities/GameActivity.java;file:/Users/rar9993/repos/research/fdroid_apps/similar_fdroid_vibe_apps/privacy-friendly-2048/app/src/main/java/org/secuso/privacyfriendly2048/activities/GameActivity.java|line:363
UseStringBufferForStringAppends;PMD;/Users/rar9993/repos/research/fdroid_apps/similar_fdroid_vibe_apps/privacy-friendly-2048;/Users/rar9993/repos/research/fdroid_apps/similar_fdroid_vibe_apps/privacy-friendly-2048/app/src/main/java/org/secuso/privacyfriendly2048/activities/GameActivity.java;file:/Users/rar9993/repos/research/fdroid_apps/similar_fdroid_vibe_apps/privacy-friendly-2048/app/src/main/java/org/secuso/privacyfriendly2048/activities/GameActivity.java|line:801
UseStringBufferForStringAppends;PMD;/Users/rar9993/repos/research/fdroid_apps/similar_fdroid_vibe_apps/privacy-friendly-2048;/Users/rar9993/repos/research/fdroid_apps/similar_fdroid_vibe_apps/privacy-friendly-2048/app/src/main/java/org/secuso/privacyfriendly2048/activities/GameActivity.java;file:/Users/rar9993/repos/research/fdroid_apps/similar_fdroid_vibe_apps/privacy-friendly-2048/app/src/main/java/org/secuso/privacyfriendly2048/activities/GameActivity.java|line:802
UseStringBufferForStringAppends;PMD;/Users/rar9993/repos/research/fdroid_apps/similar_fdroid_vibe_apps/privacy-friendly-2048;/Users/rar9993/repos/research/fdroid_apps/similar_fdroid_vibe_apps/privacy-friendly-2048/app/src/main/java/org/secuso/privacyfriendly2048/activities/GameActivity.java;file:/Users/rar9993/repos/research/fdroid_apps/similar_fdroid_vibe_apps/privacy-friendly-2048/app/src/main/java/org/secuso/privacyfriendly2048/activities/GameActivity.java|line:804
UseStringBufferForStringAppends;PMD;/Users/rar9993/repos/research/fdroid_apps/similar_fdroid_vibe_apps/privacy-friendly-2048;/Users/rar9993/repos/research/fdroid_apps/similar_fdroid_vibe_apps/privacy-friendly-2048/app/src/main/java/org/secuso/privacyfriendly2048/activities/GameActivity.java;file:/Users/rar9993/repos/research/fdroid_apps/similar_fdroid_vibe_apps/privacy-friendly-2048/app/src/main/java/org/secuso/privacyfriendly2048/activities/GameActivity.java|line:807
UseStringBufferForStringAppends;PMD;/Users/rar9993/repos/research/fdroid_apps/similar_fdroid_vibe_apps/privacy-friendly-2048;/Users/rar9993/repos/research/fdroid_apps/similar_fdroid_vibe_apps/privacy-friendly-2048/app/src/main/java/org/secuso/privacyfriendly2048/activities/GameActivity.java;file:/Users/rar9993/repos/research/fdroid_apps/similar_fdroid_vibe_apps/privacy-friendly-2048/app/src/main/java/org/secuso/privacyfriendly2048/activities/GameActivity.java|line:808
AvoidInstantiatingObjectsInLoops;PMD;/Users/rar9993/repos/research/fdroid_apps/similar_fdroid_vibe_apps/privacy-friendly-2048;/Users/rar9993/repos/research/fdroid_apps/similar_fdroid_vibe_apps/privacy-friendly-2048/app/src/main/java/org/secuso/privacyfriendly2048/activities/GameActivity.java;file:/Users/rar9993/repos/research/fdroid_apps/similar_fdroid_vibe_apps/privacy-friendly-2048/app/src/main/java/org/secuso/privacyfriendly2048/activities/GameActivity.java|line:832
AvoidInstantiatingObjectsInLoops;PMD;/Users/rar9993/repos/research/fdroid_apps/similar_fdroid_vibe_apps/privacy-friendly-2048;/Users/rar9993/repos/research/fdroid_apps/similar_fdroid_vibe_apps/privacy-friendly-2048/app/src/main/java/org/secuso/privacyfriendly2048/activities/GameActivity.java;file:/Users/rar9993/repos/research/fdroid_apps/similar_fdroid_vibe_apps/privacy-friendly-2048/app/src/main/java/org/secuso/privacyfriendly2048/activities/GameActivity.java|line:835
AvoidInstantiatingObjectsInLoops;PMD;/Users/rar9993/repos/research/fdroid_apps/similar_fdroid_vibe_apps/privacy-friendly-2048;/Users/rar9993/repos/research/fdroid_apps/similar_fdroid_vibe_apps/privacy-friendly-2048/app/src/main/java/org/secuso/privacyfriendly2048/activities/GameActivity.java;file:/Users/rar9993/repos/research/fdroid_apps/similar_fdroid_vibe_apps/privacy-friendly-2048/app/src/main/java/org/secuso/privacyfriendly2048/activities/GameActivity.java|line:842
AvoidInstantiatingObjectsInLoops;PMD;/Users/rar9993/repos/research/fdroid_apps/similar_fdroid_vibe_apps/privacy-friendly-2048;/Users/rar9993/repos/research/fdroid_apps/similar_fdroid_vibe_apps/privacy-friendly-2048/app/src/main/java/org/secuso/privacyfriendly2048/activities/GameActivity.java;file:/Users/rar9993/repos/research/fdroid_apps/similar_fdroid_vibe_apps/privacy-friendly-2048/app/src/main/java/org/secuso/privacyfriendly2048/activities/GameActivity.java|line:873
AvoidInstantiatingObjectsInLoops;PMD;/Users/rar9993/repos/research/fdroid_apps/similar_fdroid_vibe_apps/privacy-friendly-2048;/Users/rar9993/repos/research/fdroid_apps/similar_fdroid_vibe_apps/privacy-friendly-2048/app/src/main/java/org/secuso/privacyfriendly2048/activities/GameActivity.java;file:/Users/rar9993/repos/research/fdroid_apps/similar_fdroid_vibe_apps/privacy-friendly-2048/app/src/main/java/org/secuso/privacyfriendly2048/activities/GameActivity.java|line:873
AvoidInstantiatingObjectsInLoops;PMD;/Users/rar9993/repos/research/fdroid_apps/similar_fdroid_vibe_apps/privacy-friendly-2048;/Users/rar9993/repos/research/fdroid_apps/similar_fdroid_vibe_apps/privacy-friendly-2048/app/src/main/java/org/secuso/privacyfriendly2048/activities/GameActivity.java;file:/Users/rar9993/repos/research/fdroid_apps/similar_fdroid_vibe_apps/privacy-friendly-2048/app/src/main/java/org/secuso/privacyfriendly2048/activities/GameActivity.java|line:875
AvoidInstantiatingObjectsInLoops;PMD;/Users/rar9993/repos/research/fdroid_apps/similar_fdroid_vibe_apps/privacy-friendly-2048;/Users/rar9993/repos/research/fdroid_apps/similar_fdroid_vibe_apps/privacy-friendly-2048/app/src/main/java/org/secuso/privacyfriendly2048/activities/GameActivity.java;file:/Users/rar9993/repos/research/fdroid_apps/similar_fdroid_vibe_apps/privacy-friendly-2048/app/src/main/java/org/secuso/privacyfriendly2048/activities/GameActivity.java|line:875
AvoidInstantiatingObjectsInLoops;PMD;/Users/rar9993/repos/research/fdroid_apps/similar_fdroid_vibe_apps/privacy-friendly-2048;/Users/rar9993/repos/research/fdroid_apps/similar_fdroid_vibe_apps/privacy-friendly-2048/app/src/main/java/org/secuso/privacyfriendly2048/activities/GameActivity.java;file:/Users/rar9993/repos/research/fdroid_apps/similar_fdroid_vibe_apps/privacy-friendly-2048/app/src/main/java/org/secuso/privacyfriendly2048/activities/GameActivity.java|line:884
AvoidInstantiatingObjectsInLoops;PMD;/Users/rar9993/repos/research/fdroid_apps/similar_fdroid_vibe_apps/privacy-friendly-2048;/Users/rar9993/repos/research/fdroid_apps/similar_fdroid_vibe_apps/privacy-friendly-2048/app/src/main/java/org/secuso/privacyfriendly2048/activities/GameActivity.java;file:/Users/rar9993/repos/research/fdroid_apps/similar_fdroid_vibe_apps/privacy-friendly-2048/app/src/main/java/org/secuso/privacyfriendly2048/activities/GameActivity.java|line:884
AvoidInstantiatingObjectsInLoops;PMD;/Users/rar9993/repos/research/fdroid_apps/similar_fdroid_vibe_apps/privacy-friendly-2048;/Users/rar9993/repos/research/fdroid_apps/similar_fdroid_vibe_apps/privacy-friendly-2048/app/src/main/java/org/secuso/privacyfriendly2048/activities/GameActivity.java;file:/Users/rar9993/repos/research/fdroid_apps/similar_fdroid_vibe_apps/privacy-friendly-2048/app/src/main/java/org/secuso/privacyfriendly2048/activities/GameActivity.java|line:892
AvoidInstantiatingObjectsInLoops;PMD;/Users/rar9993/repos/research/fdroid_apps/similar_fdroid_vibe_apps/privacy-friendly-2048;/Users/rar9993/repos/research/fdroid_apps/similar_fdroid_vibe_apps/privacy-friendly-2048/app/src/main/java/org/secuso/privacyfriendly2048/activities/GameActivity.java;file:/Users/rar9993/repos/research/fdroid_apps/similar_fdroid_vibe_apps/privacy-friendly-2048/app/src/main/java/org/secuso/privacyfriendly2048/activities/GameActivity.java|line:892
AvoidInstantiatingObjectsInLoops;PMD;/Users/rar9993/repos/research/fdroid_apps/similar_fdroid_vibe_apps/privacy-friendly-2048;/Users/rar9993/repos/research/fdroid_apps/similar_fdroid_vibe_apps/privacy-friendly-2048/app/src/main/java/org/secuso/privacyfriendly2048/activities/GameActivity.java;file:/Users/rar9993/repos/research/fdroid_apps/similar_fdroid_vibe_apps/privacy-friendly-2048/app/src/main/java/org/secuso/privacyfriendly2048/activities/GameActivity.java|line:894
AvoidInstantiatingObjectsInLoops;PMD;/Users/rar9993/repos/research/fdroid_apps/similar_fdroid_vibe_apps/privacy-friendly-2048;/Users/rar9993/repos/research/fdroid_apps/similar_fdroid_vibe_apps/privacy-friendly-2048/app/src/main/java/org/secuso/privacyfriendly2048/activities/GameActivity.java;file:/Users/rar9993/repos/research/fdroid_apps/similar_fdroid_vibe_apps/privacy-friendly-2048/app/src/main/java/org/secuso/privacyfriendly2048/activities/GameActivity.java|line:894
AvoidInstantiatingObjectsInLoops;PMD;/Users/rar9993/repos/research/fdroid_apps/similar_fdroid_vibe_apps/privacy-friendly-2048;/Users/rar9993/repos/research/fdroid_apps/similar_fdroid_vibe_apps/privacy-friendly-2048/app/src/main/java/org/secuso/privacyfriendly2048/activities/GameActivity.java;file:/Users/rar9993/repos/research/fdroid_apps/similar_fdroid_vibe_apps/privacy-friendly-2048/app/src/main/java/org/secuso/privacyfriendly2048/activities/GameActivity.java|line:903
AvoidInstantiatingObjectsInLoops;PMD;/Users/rar9993/repos/research/fdroid_apps/similar_fdroid_vibe_apps/privacy-friendly-2048;/Users/rar9993/repos/research/fdroid_apps/similar_fdroid_vibe_apps/privacy-friendly-2048/app/src/main/java/org/secuso/privacyfriendly2048/activities/GameActivity.java;file:/Users/rar9993/repos/research/fdroid_apps/similar_fdroid_vibe_apps/privacy-friendly-2048/app/src/main/java/org/secuso/privacyfriendly2048/activities/GameActivity.java|line:903
RedundantFieldInitializer;PMD;/Users/rar9993/repos/research/fdroid_apps/similar_fdroid_vibe_apps/privacy-friendly-2048;/Users/rar9993/repos/research/fdroid_apps/similar_fdroid_vibe_apps/privacy-friendly-2048/app/src/main/java/org/secuso/privacyfriendly2048/activities/GameActivity.java;file:/Users/rar9993/repos/research/fdroid_apps/similar_fdroid_vibe_apps/privacy-friendly-2048/app/src/main/java/org/secuso/privacyfriendly2048/activities/GameActivity.java|line:914
RedundantFieldInitializer;PMD;/Users/rar9993/repos/research/fdroid_apps/similar_fdroid_vibe_apps/privacy-friendly-2048;/Users/rar9993/repos/research/fdroid_apps/similar_fdroid_vibe_apps/privacy-friendly-2048/app/src/main/java/org/secuso/privacyfriendly2048/activities/GameActivity.java;file:/Users/rar9993/repos/research/fdroid_apps/similar_fdroid_vibe_apps/privacy-friendly-2048/app/src/main/java/org/secuso/privacyfriendly2048/activities/GameActivity.java|line:917
RedundantFieldInitializer;PMD;/Users/rar9993/repos/research/fdroid_apps/similar_fdroid_vibe_apps/privacy-friendly-2048;/Users/rar9993/repos/research/fdroid_apps/similar_fdroid_vibe_apps/privacy-friendly-2048/app/src/main/java/org/secuso/privacyfriendly2048/activities/GameActivity.java;file:/Users/rar9993/repos/research/fdroid_apps/similar_fdroid_vibe_apps/privacy-friendly-2048/app/src/main/java/org/secuso/privacyfriendly2048/activities/GameActivity.java|line:953
AddEmptyString;PMD;/Users/rar9993/repos/research/fdroid_apps/similar_fdroid_vibe_apps/privacy-friendly-2048;/Users/rar9993/repos/research/fdroid_apps/similar_fdroid_vibe_apps/privacy-friendly-2048/app/src/main/java/org/secuso/privacyfriendly2048/activities/GameActivity.java;file:/Users/rar9993/repos/research/fdroid_apps/similar_fdroid_vibe_apps/privacy-friendly-2048/app/src/main/java/org/secuso/privacyfriendly2048/activities/GameActivity.java|line:995
AddEmptyString;PMD;/Users/rar9993/repos/research/fdroid_apps/similar_fdroid_vibe_apps/privacy-friendly-2048;/Users/rar9993/repos/research/fdroid_apps/similar_fdroid_vibe_apps/privacy-friendly-2048/app/src/main/java/org/secuso/privacyfriendly2048/activities/GameActivity.java;file:/Users/rar9993/repos/research/fdroid_apps/similar_fdroid_vibe_apps/privacy-friendly-2048/app/src/main/java/org/secuso/privacyfriendly2048/activities/GameActivity.java|line:1000
AddEmptyString;PMD;/Users/rar9993/repos/research/fdroid_apps/similar_fdroid_vibe_apps/privacy-friendly-2048;/Users/rar9993/repos/research/fdroid_apps/similar_fdroid_vibe_apps/privacy-friendly-2048/app/src/main/java/org/secuso/privacyfriendly2048/activities/GameActivity.java;file:/Users/rar9993/repos/research/fdroid_apps/similar_fdroid_vibe_apps/privacy-friendly-2048/app/src/main/java/org/secuso/privacyfriendly2048/activities/GameActivity.java|line:1039
AddEmptyString;PMD;/Users/rar9993/repos/research/fdroid_apps/similar_fdroid_vibe_apps/privacy-friendly-2048;/Users/rar9993/repos/research/fdroid_apps/similar_fdroid_vibe_apps/privacy-friendly-2048/app/src/main/java/org/secuso/privacyfriendly2048/activities/GameActivity.java;file:/Users/rar9993/repos/research/fdroid_apps/similar_fdroid_vibe_apps/privacy-friendly-2048/app/src/main/java/org/secuso/privacyfriendly2048/activities/GameActivity.java|line:1043
AvoidFileStream;PMD;/Users/rar9993/repos/research/fdroid_apps/similar_fdroid_vibe_apps/privacy-friendly-2048;/Users/rar9993/repos/research/fdroid_apps/similar_fdroid_vibe_apps/privacy-friendly-2048/app/src/main/java/org/secuso/privacyfriendly2048/activities/GameActivity.java;file:/Users/rar9993/repos/research/fdroid_apps/similar_fdroid_vibe_apps/privacy-friendly-2048/app/src/main/java/org/secuso/privacyfriendly2048/activities/GameActivity.java|line:1119
AvoidFileStream;PMD;/Users/rar9993/repos/research/fdroid_apps/similar_fdroid_vibe_apps/privacy-friendly-2048;/Users/rar9993/repos/research/fdroid_apps/similar_fdroid_vibe_apps/privacy-friendly-2048/app/src/main/java/org/secuso/privacyfriendly2048/activities/GameActivity.java;file:/Users/rar9993/repos/research/fdroid_apps/similar_fdroid_vibe_apps/privacy-friendly-2048/app/src/main/java/org/secuso/privacyfriendly2048/activities/GameActivity.java|line:1147
AvoidFileStream;PMD;/Users/rar9993/repos/research/fdroid_apps/similar_fdroid_vibe_apps/privacy-friendly-2048;/Users/rar9993/repos/research/fdroid_apps/similar_fdroid_vibe_apps/privacy-friendly-2048/app/src/main/java/org/secuso/privacyfriendly2048/activities/GameActivity.java;file:/Users/rar9993/repos/research/fdroid_apps/similar_fdroid_vibe_apps/privacy-friendly-2048/app/src/main/java/org/secuso/privacyfriendly2048/activities/GameActivity.java|line:1174
AvoidFileStream;PMD;/Users/rar9993/repos/research/fdroid_apps/similar_fdroid_vibe_apps/privacy-friendly-2048;/Users/rar9993/repos/research/fdroid_apps/similar_fdroid_vibe_apps/privacy-friendly-2048/app/src/main/java/org/secuso/privacyfriendly2048/activities/GameActivity.java;file:/Users/rar9993/repos/research/fdroid_apps/similar_fdroid_vibe_apps/privacy-friendly-2048/app/src/main/java/org/secuso/privacyfriendly2048/activities/GameActivity.java|line:1188
RedundantFieldInitializer;PMD;/Users/rar9993/repos/research/fdroid_apps/similar_fdroid_vibe_apps/privacy-friendly-2048;/Users/rar9993/repos/research/fdroid_apps/similar_fdroid_vibe_apps/privacy-friendly-2048/app/src/main/java/org/secuso/privacyfriendly2048/activities/MainActivity.java;file:/Users/rar9993/repos/research/fdroid_apps/similar_fdroid_vibe_apps/privacy-friendly-2048/app/src/main/java/org/secuso/privacyfriendly2048/activities/MainActivity.java|line:71
TooFewBranchesForSwitch;PMD;/Users/rar9993/repos/research/fdroid_apps/similar_fdroid_vibe_apps/privacy-friendly-2048;/Users/rar9993/repos/research/fdroid_apps/similar_fdroid_vibe_apps/privacy-friendly-2048/app/src/main/java/org/secuso/privacyfriendly2048/activities/StatsActivity.java;file:/Users/rar9993/repos/research/fdroid_apps/similar_fdroid_vibe_apps/privacy-friendly-2048/app/src/main/java/org/secuso/privacyfriendly2048/activities/StatsActivity.java|line:137
AvoidInstantiatingObjectsInLoops;PMD;/Users/rar9993/repos/research/fdroid_apps/similar_fdroid_vibe_apps/privacy-friendly-2048;/Users/rar9993/repos/research/fdroid_apps/similar_fdroid_vibe_apps/privacy-friendly-2048/app/src/main/java/org/secuso/privacyfriendly2048/activities/StatsActivity.java;file:/Users/rar9993/repos/research/fdroid_apps/similar_fdroid_vibe_apps/privacy-friendly-2048/app/src/main/java/org/secuso/privacyfriendly2048/activities/StatsActivity.java|line:155
AddEmptyString;PMD;/Users/rar9993/repos/research/fdroid_apps/similar_fdroid_vibe_apps/privacy-friendly-2048;/Users/rar9993/repos/research/fdroid_apps/similar_fdroid_vibe_apps/privacy-friendly-2048/app/src/main/java/org/secuso/privacyfriendly2048/activities/StatsActivity.java;file:/Users/rar9993/repos/research/fdroid_apps/similar_fdroid_vibe_apps/privacy-friendly-2048/app/src/main/java/org/secuso/privacyfriendly2048/activities/StatsActivity.java|line:264
AddEmptyString;PMD;/Users/rar9993/repos/research/fdroid_apps/similar_fdroid_vibe_apps/privacy-friendly-2048;/Users/rar9993/repos/research/fdroid_apps/similar_fdroid_vibe_apps/privacy-friendly-2048/app/src/main/java/org/secuso/privacyfriendly2048/activities/StatsActivity.java;file:/Users/rar9993/repos/research/fdroid_apps/similar_fdroid_vibe_apps/privacy-friendly-2048/app/src/main/java/org/secuso/privacyfriendly2048/activities/StatsActivity.java|line:266
AddEmptyString;PMD;/Users/rar9993/repos/research/fdroid_apps/similar_fdroid_vibe_apps/privacy-friendly-2048;/Users/rar9993/repos/research/fdroid_apps/similar_fdroid_vibe_apps/privacy-friendly-2048/app/src/main/java/org/secuso/privacyfriendly2048/activities/StatsActivity.java;file:/Users/rar9993/repos/research/fdroid_apps/similar_fdroid_vibe_apps/privacy-friendly-2048/app/src/main/java/org/secuso/privacyfriendly2048/activities/StatsActivity.java|line:267
AddEmptyString;PMD;/Users/rar9993/repos/research/fdroid_apps/similar_fdroid_vibe_apps/privacy-friendly-2048;/Users/rar9993/repos/research/fdroid_apps/similar_fdroid_vibe_apps/privacy-friendly-2048/app/src/main/java/org/secuso/privacyfriendly2048/activities/StatsActivity.java;file:/Users/rar9993/repos/research/fdroid_apps/similar_fdroid_vibe_apps/privacy-friendly-2048/app/src/main/java/org/secuso/privacyfriendly2048/activities/StatsActivity.java|line:268
AddEmptyString;PMD;/Users/rar9993/repos/research/fdroid_apps/similar_fdroid_vibe_apps/privacy-friendly-2048;/Users/rar9993/repos/research/fdroid_apps/similar_fdroid_vibe_apps/privacy-friendly-2048/app/src/main/java/org/secuso/privacyfriendly2048/activities/StatsActivity.java;file:/Users/rar9993/repos/research/fdroid_apps/similar_fdroid_vibe_apps/privacy-friendly-2048/app/src/main/java/org/secuso/privacyfriendly2048/activities/StatsActivity.java|line:269
AddEmptyString;PMD;/Users/rar9993/repos/research/fdroid_apps/similar_fdroid_vibe_apps/privacy-friendly-2048;/Users/rar9993/repos/research/fdroid_apps/similar_fdroid_vibe_apps/privacy-friendly-2048/app/src/main/java/org/secuso/privacyfriendly2048/activities/StatsActivity.java;file:/Users/rar9993/repos/research/fdroid_apps/similar_fdroid_vibe_apps/privacy-friendly-2048/app/src/main/java/org/secuso/privacyfriendly2048/activities/StatsActivity.java|line:270
AddEmptyString;PMD;/Users/rar9993/repos/research/fdroid_apps/similar_fdroid_vibe_apps/privacy-friendly-2048;/Users/rar9993/repos/research/fdroid_apps/similar_fdroid_vibe_apps/privacy-friendly-2048/app/src/main/java/org/secuso/privacyfriendly2048/activities/StatsActivity.java;file:/Users/rar9993/repos/research/fdroid_apps/similar_fdroid_vibe_apps/privacy-friendly-2048/app/src/main/java/org/secuso/privacyfriendly2048/activities/StatsActivity.java|line:271
AddEmptyString;PMD;/Users/rar9993/repos/research/fdroid_apps/similar_fdroid_vibe_apps/privacy-friendly-2048;/Users/rar9993/repos/research/fdroid_apps/similar_fdroid_vibe_apps/privacy-friendly-2048/app/src/main/java/org/secuso/privacyfriendly2048/activities/StatsActivity.java;file:/Users/rar9993/repos/research/fdroid_apps/similar_fdroid_vibe_apps/privacy-friendly-2048/app/src/main/java/org/secuso/privacyfriendly2048/activities/StatsActivity.java|line:273
AddEmptyString;PMD;/Users/rar9993/repos/research/fdroid_apps/similar_fdroid_vibe_apps/privacy-friendly-2048;/Users/rar9993/repos/research/fdroid_apps/similar_fdroid_vibe_apps/privacy-friendly-2048/app/src/main/java/org/secuso/privacyfriendly2048/activities/StatsActivity.java;file:/Users/rar9993/repos/research/fdroid_apps/similar_fdroid_vibe_apps/privacy-friendly-2048/app/src/main/java/org/secuso/privacyfriendly2048/activities/StatsActivity.java|line:276
ConsecutiveAppendsShouldReuse;PMD;/Users/rar9993/repos/research/fdroid_apps/similar_fdroid_vibe_apps/privacy-friendly-2048;/Users/rar9993/repos/research/fdroid_apps/similar_fdroid_vibe_apps/privacy-friendly-2048/app/src/main/java/org/secuso/privacyfriendly2048/activities/StatsActivity.java;file:/Users/rar9993/repos/research/fdroid_apps/similar_fdroid_vibe_apps/privacy-friendly-2048/app/src/main/java/org/secuso/privacyfriendly2048/activities/StatsActivity.java|line:293
ConsecutiveAppendsShouldReuse;PMD;/Users/rar9993/repos/research/fdroid_apps/similar_fdroid_vibe_apps/privacy-friendly-2048;/Users/rar9993/repos/research/fdroid_apps/similar_fdroid_vibe_apps/privacy-friendly-2048/app/src/main/java/org/secuso/privacyfriendly2048/activities/StatsActivity.java;file:/Users/rar9993/repos/research/fdroid_apps/similar_fdroid_vibe_apps/privacy-friendly-2048/app/src/main/java/org/secuso/privacyfriendly2048/activities/StatsActivity.java|line:294
ConsecutiveAppendsShouldReuse;PMD;/Users/rar9993/repos/research/fdroid_apps/similar_fdroid_vibe_apps/privacy-friendly-2048;/Users/rar9993/repos/research/fdroid_apps/similar_fdroid_vibe_apps/privacy-friendly-2048/app/src/main/java/org/secuso/privacyfriendly2048/activities/StatsActivity.java;file:/Users/rar9993/repos/research/fdroid_apps/similar_fdroid_vibe_apps/privacy-friendly-2048/app/src/main/java/org/secuso/privacyfriendly2048/activities/StatsActivity.java|line:310
ConsecutiveAppendsShouldReuse;PMD;/Users/rar9993/repos/research/fdroid_apps/similar_fdroid_vibe_apps/privacy-friendly-2048;/Users/rar9993/repos/research/fdroid_apps/similar_fdroid_vibe_apps/privacy-friendly-2048/app/src/main/java/org/secuso/privacyfriendly2048/activities/StatsActivity.java;file:/Users/rar9993/repos/research/fdroid_apps/similar_fdroid_vibe_apps/privacy-friendly-2048/app/src/main/java/org/secuso/privacyfriendly2048/activities/StatsActivity.java|line:311
AvoidFileStream;PMD;/Users/rar9993/repos/research/fdroid_apps/similar_fdroid_vibe_apps/privacy-friendly-2048;/Users/rar9993/repos/research/fdroid_apps/similar_fdroid_vibe_apps/privacy-friendly-2048/app/src/main/java/org/secuso/privacyfriendly2048/activities/StatsActivity.java;file:/Users/rar9993/repos/research/fdroid_apps/similar_fdroid_vibe_apps/privacy-friendly-2048/app/src/main/java/org/secuso/privacyfriendly2048/activities/StatsActivity.java|line:337
RedundantFieldInitializer;PMD;/Users/rar9993/repos/research/fdroid_apps/similar_fdroid_vibe_apps/privacy-friendly-2048;/Users/rar9993/repos/research/fdroid_apps/similar_fdroid_vibe_apps/privacy-friendly-2048/app/src/main/java/org/secuso/privacyfriendly2048/activities/helper/GameState.java;file:/Users/rar9993/repos/research/fdroid_apps/similar_fdroid_vibe_apps/privacy-friendly-2048/app/src/main/java/org/secuso/privacyfriendly2048/activities/helper/GameState.java|line:35
RedundantFieldInitializer;PMD;/Users/rar9993/repos/research/fdroid_apps/similar_fdroid_vibe_apps/privacy-friendly-2048;/Users/rar9993/repos/research/fdroid_apps/similar_fdroid_vibe_apps/privacy-friendly-2048/app/src/main/java/org/secuso/privacyfriendly2048/activities/helper/GameState.java;file:/Users/rar9993/repos/research/fdroid_apps/similar_fdroid_vibe_apps/privacy-friendly-2048/app/src/main/java/org/secuso/privacyfriendly2048/activities/helper/GameState.java|line:36
RedundantFieldInitializer;PMD;/Users/rar9993/repos/research/fdroid_apps/similar_fdroid_vibe_apps/privacy-friendly-2048;/Users/rar9993/repos/research/fdroid_apps/similar_fdroid_vibe_apps/privacy-friendly-2048/app/src/main/java/org/secuso/privacyfriendly2048/activities/helper/GameState.java;file:/Users/rar9993/repos/research/fdroid_apps/similar_fdroid_vibe_apps/privacy-friendly-2048/app/src/main/java/org/secuso/privacyfriendly2048/activities/helper/GameState.java|line:37
UseStringBufferForStringAppends;PMD;/Users/rar9993/repos/research/fdroid_apps/similar_fdroid_vibe_apps/privacy-friendly-2048;/Users/rar9993/repos/research/fdroid_apps/similar_fdroid_vibe_apps/privacy-friendly-2048/app/src/main/java/org/secuso/privacyfriendly2048/activities/helper/GameState.java;file:/Users/rar9993/repos/research/fdroid_apps/similar_fdroid_vibe_apps/privacy-friendly-2048/app/src/main/java/org/secuso/privacyfriendly2048/activities/helper/GameState.java|line:117
UseStringBufferForStringAppends;PMD;/Users/rar9993/repos/research/fdroid_apps/similar_fdroid_vibe_apps/privacy-friendly-2048;/Users/rar9993/repos/research/fdroid_apps/similar_fdroid_vibe_apps/privacy-friendly-2048/app/src/main/java/org/secuso/privacyfriendly2048/activities/helper/GameState.java;file:/Users/rar9993/repos/research/fdroid_apps/similar_fdroid_vibe_apps/privacy-friendly-2048/app/src/main/java/org/secuso/privacyfriendly2048/activities/helper/GameState.java|line:119
UseStringBufferForStringAppends;PMD;/Users/rar9993/repos/research/fdroid_apps/similar_fdroid_vibe_apps/privacy-friendly-2048;/Users/rar9993/repos/research/fdroid_apps/similar_fdroid_vibe_apps/privacy-friendly-2048/app/src/main/java/org/secuso/privacyfriendly2048/activities/helper/GameState.java;file:/Users/rar9993/repos/research/fdroid_apps/similar_fdroid_vibe_apps/privacy-friendly-2048/app/src/main/java/org/secuso/privacyfriendly2048/activities/helper/GameState.java|line:120
UseStringBufferForStringAppends;PMD;/Users/rar9993/repos/research/fdroid_apps/similar_fdroid_vibe_apps/privacy-friendly-2048;/Users/rar9993/repos/research/fdroid_apps/similar_fdroid_vibe_apps/privacy-friendly-2048/app/src/main/java/org/secuso/privacyfriendly2048/activities/helper/GameState.java;file:/Users/rar9993/repos/research/fdroid_apps/similar_fdroid_vibe_apps/privacy-friendly-2048/app/src/main/java/org/secuso/privacyfriendly2048/activities/helper/GameState.java|line:121
RedundantFieldInitializer;PMD;/Users/rar9993/repos/research/fdroid_apps/similar_fdroid_vibe_apps/privacy-friendly-2048;/Users/rar9993/repos/research/fdroid_apps/similar_fdroid_vibe_apps/privacy-friendly-2048/app/src/main/java/org/secuso/privacyfriendly2048/activities/helper/GameStatistics.java;file:/Users/rar9993/repos/research/fdroid_apps/similar_fdroid_vibe_apps/privacy-friendly-2048/app/src/main/java/org/secuso/privacyfriendly2048/activities/helper/GameStatistics.java|line:33
RedundantFieldInitializer;PMD;/Users/rar9993/repos/research/fdroid_apps/similar_fdroid_vibe_apps/privacy-friendly-2048;/Users/rar9993/repos/research/fdroid_apps/similar_fdroid_vibe_apps/privacy-friendly-2048/app/src/main/java/org/secuso/privacyfriendly2048/activities/helper/GameStatistics.java;file:/Users/rar9993/repos/research/fdroid_apps/similar_fdroid_vibe_apps/privacy-friendly-2048/app/src/main/java/org/secuso/privacyfriendly2048/activities/helper/GameStatistics.java|line:34
RedundantFieldInitializer;PMD;/Users/rar9993/repos/research/fdroid_apps/similar_fdroid_vibe_apps/privacy-friendly-2048;/Users/rar9993/repos/research/fdroid_apps/similar_fdroid_vibe_apps/privacy-friendly-2048/app/src/main/java/org/secuso/privacyfriendly2048/activities/helper/GameStatistics.java;file:/Users/rar9993/repos/research/fdroid_apps/similar_fdroid_vibe_apps/privacy-friendly-2048/app/src/main/java/org/secuso/privacyfriendly2048/activities/helper/GameStatistics.java|line:38
RedundantFieldInitializer;PMD;/Users/rar9993/repos/research/fdroid_apps/similar_fdroid_vibe_apps/privacy-friendly-2048;/Users/rar9993/repos/research/fdroid_apps/similar_fdroid_vibe_apps/privacy-friendly-2048/app/src/main/java/org/secuso/privacyfriendly2048/activities/helper/GameStatistics.java;file:/Users/rar9993/repos/research/fdroid_apps/similar_fdroid_vibe_apps/privacy-friendly-2048/app/src/main/java/org/secuso/privacyfriendly2048/activities/helper/GameStatistics.java|line:39
RedundantFieldInitializer;PMD;/Users/rar9993/repos/research/fdroid_apps/similar_fdroid_vibe_apps/privacy-friendly-2048;/Users/rar9993/repos/research/fdroid_apps/similar_fdroid_vibe_apps/privacy-friendly-2048/app/src/main/java/org/secuso/privacyfriendly2048/activities/helper/GameStatistics.java;file:/Users/rar9993/repos/research/fdroid_apps/similar_fdroid_vibe_apps/privacy-friendly-2048/app/src/main/java/org/secuso/privacyfriendly2048/activities/helper/GameStatistics.java|line:40
RedundantFieldInitializer;PMD;/Users/rar9993/repos/research/fdroid_apps/similar_fdroid_vibe_apps/privacy-friendly-2048;/Users/rar9993/repos/research/fdroid_apps/similar_fdroid_vibe_apps/privacy-friendly-2048/app/src/main/java/org/secuso/privacyfriendly2048/activities/helper/GameStatistics.java;file:/Users/rar9993/repos/research/fdroid_apps/similar_fdroid_vibe_apps/privacy-friendly-2048/app/src/main/java/org/secuso/privacyfriendly2048/activities/helper/GameStatistics.java|line:41
RedundantFieldInitializer;PMD;/Users/rar9993/repos/research/fdroid_apps/similar_fdroid_vibe_apps/privacy-friendly-2048;/Users/rar9993/repos/research/fdroid_apps/similar_fdroid_vibe_apps/privacy-friendly-2048/app/src/main/java/org/secuso/privacyfriendly2048/activities/helper/GameStatistics.java;file:/Users/rar9993/repos/research/fdroid_apps/similar_fdroid_vibe_apps/privacy-friendly-2048/app/src/main/java/org/secuso/privacyfriendly2048/activities/helper/GameStatistics.java|line:42
RedundantFieldInitializer;PMD;/Users/rar9993/repos/research/fdroid_apps/similar_fdroid_vibe_apps/privacy-friendly-2048;/Users/rar9993/repos/research/fdroid_apps/similar_fdroid_vibe_apps/privacy-friendly-2048/app/src/main/java/org/secuso/privacyfriendly2048/activities/helper/GameStatistics.java;file:/Users/rar9993/repos/research/fdroid_apps/similar_fdroid_vibe_apps/privacy-friendly-2048/app/src/main/java/org/secuso/privacyfriendly2048/activities/helper/GameStatistics.java|line:43
RedundantFieldInitializer;PMD;/Users/rar9993/repos/research/fdroid_apps/similar_fdroid_vibe_apps/privacy-friendly-2048;/Users/rar9993/repos/research/fdroid_apps/similar_fdroid_vibe_apps/privacy-friendly-2048/app/src/main/java/org/secuso/privacyfriendly2048/activities/helper/Gestures.java;file:/Users/rar9993/repos/research/fdroid_apps/similar_fdroid_vibe_apps/privacy-friendly-2048/app/src/main/java/org/secuso/privacyfriendly2048/activities/helper/Gestures.java|line:35
RedundantFieldInitializer;PMD;/Users/rar9993/repos/research/fdroid_apps/similar_fdroid_vibe_apps/privacy-friendly-2048;/Users/rar9993/repos/research/fdroid_apps/similar_fdroid_vibe_apps/privacy-friendly-2048/app/src/main/java/org/secuso/privacyfriendly2048/activities/helper/Gestures.java;file:/Users/rar9993/repos/research/fdroid_apps/similar_fdroid_vibe_apps/privacy-friendly-2048/app/src/main/java/org/secuso/privacyfriendly2048/activities/helper/Gestures.java|line:36
AvoidInstantiatingObjectsInLoops;PMD;/Users/rar9993/repos/research/fdroid_apps/similar_fdroid_vibe_apps/privacy-friendly-2048;/Users/rar9993/repos/research/fdroid_apps/similar_fdroid_vibe_apps/privacy-friendly-2048/app/src/main/java/org/secuso/privacyfriendly2048/database/DatabaseExporter.java;file:/Users/rar9993/repos/research/fdroid_apps/similar_fdroid_vibe_apps/privacy-friendly-2048/app/src/main/java/org/secuso/privacyfriendly2048/database/DatabaseExporter.java|line:71
AvoidInstantiatingObjectsInLoops;PMD;/Users/rar9993/repos/research/fdroid_apps/similar_fdroid_vibe_apps/privacy-friendly-2048;/Users/rar9993/repos/research/fdroid_apps/similar_fdroid_vibe_apps/privacy-friendly-2048/app/src/main/java/org/secuso/privacyfriendly2048/database/PFASQLiteHelper.java;file:/Users/rar9993/repos/research/fdroid_apps/similar_fdroid_vibe_apps/privacy-friendly-2048/app/src/main/java/org/secuso/privacyfriendly2048/database/PFASQLiteHelper.java|line:185
RedundantFieldInitializer;PMD;/Users/rar9993/repos/research/fdroid_apps/similar_fdroid_vibe_apps/privacy-friendly-2048;/Users/rar9993/repos/research/fdroid_apps/similar_fdroid_vibe_apps/privacy-friendly-2048/app/src/main/java/org/secuso/privacyfriendly2048/helpers/FirstLaunchManager.java;file:/Users/rar9993/repos/research/fdroid_apps/similar_fdroid_vibe_apps/privacy-friendly-2048/app/src/main/java/org/secuso/privacyfriendly2048/helpers/FirstLaunchManager.java|line:37
MemberIgnoringMethod;DAAP;/Users/rar9993/repos/research/fdroid_apps/similar_fdroid_vibe_apps/privacy-friendly-2048;/src/main/java/org/secuso/privacyfriendly2048/activities/HelpActivity.java;file:/src/main/java/org/secuso/privacyfriendly2048/activities/HelpActivity.java
MemberIgnoringMethod;DAAP;/Users/rar9993/repos/research/fdroid_apps/similar_fdroid_vibe_apps/privacy-friendly-2048;/src/main/java/org/secuso/privacyfriendly2048/activities/AboutActivity.java;file:/src/main/java/org/secuso/privacyfriendly2048/activities/AboutActivity.java
MemberIgnoringMethod;DAAP;/Users/rar9993/repos/research/fdroid_apps/similar_fdroid_vibe_apps/privacy-friendly-2048;/src/main/java/org/secuso/privacyfriendly2048/activities/MainActivity.java;file:/src/main/java/org/secuso/privacyfriendly2048/activities/MainActivity.java
MemberIgnoringMethod;DAAP;/Users/rar9993/repos/research/fdroid_apps/similar_fdroid_vibe_apps/privacy-friendly-2048;/src/main/java/org/secuso/privacyfriendly2048/activities/adapter/HelpExpandableListAdapter.java;file:/src/main/java/org/secuso/privacyfriendly2048/activities/adapter/HelpExpandableListAdapter.java
MemberIgnoringMethod;DAAP;/Users/rar9993/repos/research/fdroid_apps/similar_fdroid_vibe_apps/privacy-friendly-2048;/src/main/java/org/secuso/privacyfriendly2048/activities/SplashActivity.java;file:/src/main/java/org/secuso/privacyfriendly2048/activities/SplashActivity.java
MemberIgnoringMethod;DAAP;/Users/rar9993/repos/research/fdroid_apps/similar_fdroid_vibe_apps/privacy-friendly-2048;/src/main/java/org/secuso/privacyfriendly2048/activities/StatsActivity.java;file:/src/main/java/org/secuso/privacyfriendly2048/activities/StatsActivity.java
MemberIgnoringMethod;DAAP;/Users/rar9993/repos/research/fdroid_apps/similar_fdroid_vibe_apps/privacy-friendly-2048;/src/main/java/org/secuso/privacyfriendly2048/activities/GameActivity.java;file:/src/main/java/org/secuso/privacyfriendly2048/activities/GameActivity.java
MemberIgnoringMethod;DAAP;/Users/rar9993/repos/research/fdroid_apps/similar_fdroid_vibe_apps/privacy-friendly-2048;/src/main/java/org/secuso/privacyfriendly2048/activities/TutorialActivity.java;file:/src/main/java/org/secuso/privacyfriendly2048/activities/TutorialActivity.java
MemberIgnoringMethod;DAAP;/Users/rar9993/repos/research/fdroid_apps/similar_fdroid_vibe_apps/privacy-friendly-2048;/src/main/java/org/secuso/privacyfriendly2048/activities/helper/Gestures.java;file:/src/main/java/org/secuso/privacyfriendly2048/activities/helper/Gestures.java
MemberIgnoringMethod;DAAP;/Users/rar9993/repos/research/fdroid_apps/similar_fdroid_vibe_apps/privacy-friendly-2048;/src/main/java/org/secuso/privacyfriendly2048/activities/helper/AppCompatPreferenceActivity.java;file:/src/main/java/org/secuso/privacyfriendly2048/activities/helper/AppCompatPreferenceActivity.java
MemberIgnoringMethod;DAAP;/Users/rar9993/repos/research/fdroid_apps/similar_fdroid_vibe_apps/privacy-friendly-2048;/src/main/java/org/secuso/privacyfriendly2048/activities/helper/BaseActivityWithoutNavBar.java;file:/src/main/java/org/secuso/privacyfriendly2048/activities/helper/BaseActivityWithoutNavBar.java
MemberIgnoringMethod;DAAP;/Users/rar9993/repos/research/fdroid_apps/similar_fdroid_vibe_apps/privacy-friendly-2048;/src/main/java/org/secuso/privacyfriendly2048/activities/helper/BaseActivity.java;file:/src/main/java/org/secuso/privacyfriendly2048/activities/helper/BaseActivity.java
MemberIgnoringMethod;DAAP;/Users/rar9993/repos/research/fdroid_apps/similar_fdroid_vibe_apps/privacy-friendly-2048;/src/main/java/org/secuso/privacyfriendly2048/activities/SettingsActivity.java;file:/src/main/java/org/secuso/privacyfriendly2048/activities/SettingsActivity.java
InternalGetterSetter;DAAP;/Users/rar9993/repos/research/fdroid_apps/similar_fdroid_vibe_apps/privacy-friendly-2048;/src/main/java/org/secuso/privacyfriendly2048/activities/Element.java;file:/src/main/java/org/secuso/privacyfriendly2048/activities/Element.java
SlowForLoop;DAAP;/Users/rar9993/repos/research/fdroid_apps/similar_fdroid_vibe_apps/privacy-friendly-2048;/src/main/java/org/secuso/privacyfriendly2048/database/DatabaseExporter.java;file:/src/main/java/org/secuso/privacyfriendly2048/database/DatabaseExporter.java
SlowForLoop;DAAP;/Users/rar9993/repos/research/fdroid_apps/similar_fdroid_vibe_apps/privacy-friendly-2048;/src/main/java/org/secuso/privacyfriendly2048/activities/MainActivity.java;file:/src/main/java/org/secuso/privacyfriendly2048/activities/MainActivity.java
SlowForLoop;DAAP;/Users/rar9993/repos/research/fdroid_apps/similar_fdroid_vibe_apps/privacy-friendly-2048;/src/main/java/org/secuso/privacyfriendly2048/activities/StatsActivity.java;file:/src/main/java/org/secuso/privacyfriendly2048/activities/StatsActivity.java
SlowForLoop;DAAP;/Users/rar9993/repos/research/fdroid_apps/similar_fdroid_vibe_apps/privacy-friendly-2048;/src/main/java/org/secuso/privacyfriendly2048/activities/GameActivity.java;file:/src/main/java/org/secuso/privacyfriendly2048/activities/GameActivity.java
SlowForLoop;DAAP;/Users/rar9993/repos/research/fdroid_apps/similar_fdroid_vibe_apps/privacy-friendly-2048;/src/main/java/org/secuso/privacyfriendly2048/activities/TutorialActivity.java;file:/src/main/java/org/secuso/privacyfriendly2048/activities/TutorialActivity.java
SlowForLoop;DAAP;/Users/rar9993/repos/research/fdroid_apps/similar_fdroid_vibe_apps/privacy-friendly-2048;/src/main/java/org/secuso/privacyfriendly2048/activities/helper/BaseActivity.java;file:/src/main/java/org/secuso/privacyfriendly2048/activities/helper/BaseActivity.java
SlowForLoop;DAAP;/Users/rar9993/repos/research/fdroid_apps/similar_fdroid_vibe_apps/privacy-friendly-2048;/src/main/java/org/secuso/privacyfriendly2048/activities/helper/GameState.java;file:/src/main/java/org/secuso/privacyfriendly2048/activities/helper/GameState.java
NoLowMemoryResolver;DAAP;/Users/rar9993/repos/research/fdroid_apps/similar_fdroid_vibe_apps/privacy-friendly-2048;/src/main/java/org/secuso/privacyfriendly2048/activities/HelpActivity.java;file:/src/main/java/org/secuso/privacyfriendly2048/activities/HelpActivity.java
NoLowMemoryResolver;DAAP;/Users/rar9993/repos/research/fdroid_apps/similar_fdroid_vibe_apps/privacy-friendly-2048;/src/main/java/org/secuso/privacyfriendly2048/activities/AboutActivity.java;file:/src/main/java/org/secuso/privacyfriendly2048/activities/AboutActivity.java
NoLowMemoryResolver;DAAP;/Users/rar9993/repos/research/fdroid_apps/similar_fdroid_vibe_apps/privacy-friendly-2048;/src/main/java/org/secuso/privacyfriendly2048/activities/MainActivity.java;file:/src/main/java/org/secuso/privacyfriendly2048/activities/MainActivity.java
NoLowMemoryResolver;DAAP;/Users/rar9993/repos/research/fdroid_apps/similar_fdroid_vibe_apps/privacy-friendly-2048;/src/main/java/org/secuso/privacyfriendly2048/activities/SplashActivity.java;file:/src/main/java/org/secuso/privacyfriendly2048/activities/SplashActivity.java
NoLowMemoryResolver;DAAP;/Users/rar9993/repos/research/fdroid_apps/similar_fdroid_vibe_apps/privacy-friendly-2048;/src/main/java/org/secuso/privacyfriendly2048/activities/StatsActivity.java;file:/src/main/java/org/secuso/privacyfriendly2048/activities/StatsActivity.java
NoLowMemoryResolver;DAAP;/Users/rar9993/repos/research/fdroid_apps/similar_fdroid_vibe_apps/privacy-friendly-2048;/src/main/java/org/secuso/privacyfriendly2048/activities/GameActivity.java;file:/src/main/java/org/secuso/privacyfriendly2048/activities/GameActivity.java
NoLowMemoryResolver;DAAP;/Users/rar9993/repos/research/fdroid_apps/similar_fdroid_vibe_apps/privacy-friendly-2048;/src/main/java/org/secuso/privacyfriendly2048/activities/TutorialActivity.java;file:/src/main/java/org/secuso/privacyfriendly2048/activities/TutorialActivity.java
NoLowMemoryResolver;DAAP;/Users/rar9993/repos/research/fdroid_apps/similar_fdroid_vibe_apps/privacy-friendly-2048;/src/main/java/org/secuso/privacyfriendly2048/activities/helper/AppCompatPreferenceActivity.java;file:/src/main/java/org/secuso/privacyfriendly2048/activities/helper/AppCompatPreferenceActivity.java
NoLowMemoryResolver;DAAP;/Users/rar9993/repos/research/fdroid_apps/similar_fdroid_vibe_apps/privacy-friendly-2048;/src/main/java/org/secuso/privacyfriendly2048/activities/helper/BaseActivityWithoutNavBar.java;file:/src/main/java/org/secuso/privacyfriendly2048/activities/helper/BaseActivityWithoutNavBar.java
NoLowMemoryResolver;DAAP;/Users/rar9993/repos/research/fdroid_apps/similar_fdroid_vibe_apps/privacy-friendly-2048;/src/main/java/org/secuso/privacyfriendly2048/activities/helper/BaseActivity.java;file:/src/main/java/org/secuso/privacyfriendly2048/activities/helper/BaseActivity.java
NoLowMemoryResolver;DAAP;/Users/rar9993/repos/research/fdroid_apps/similar_fdroid_vibe_apps/privacy-friendly-2048;/src/main/java/org/secuso/privacyfriendly2048/activities/SettingsActivity.java;file:/src/main/java/org/secuso/privacyfriendly2048/activities/SettingsActivity.java
CollectionOfViews;DAAP;/Users/rar9993/repos/research/fdroid_apps/similar_fdroid_vibe_apps/privacy-friendly-2048;/src/main/java/org/secuso/privacyfriendly2048/activities/MainActivity.java;file:/src/main/java/org/secuso/privacyfriendly2048/activities/MainActivity.java
CollectionOfViews;DAAP;/Users/rar9993/repos/research/fdroid_apps/similar_fdroid_vibe_apps/privacy-friendly-2048;/src/main/java/org/secuso/privacyfriendly2048/activities/TutorialActivity.java;file:/src/main/java/org/secuso/privacyfriendly2048/activities/TutorialActivity.java
DroppedData;DAAP;/Users/rar9993/repos/research/fdroid_apps/similar_fdroid_vibe_apps/privacy-friendly-2048;/src/main/java/org/secuso/privacyfriendly2048/activities/HelpActivity.java;file:/src/main/java/org/secuso/privacyfriendly2048/activities/HelpActivity.java
DroppedData;DAAP;/Users/rar9993/repos/research/fdroid_apps/similar_fdroid_vibe_apps/privacy-friendly-2048;/src/main/java/org/secuso/privacyfriendly2048/activities/AboutActivity.java;file:/src/main/java/org/secuso/privacyfriendly2048/activities/AboutActivity.java
DroppedData;DAAP;/Users/rar9993/repos/research/fdroid_apps/similar_fdroid_vibe_apps/privacy-friendly-2048;/src/main/java/org/secuso/privacyfriendly2048/activities/MainActivity.java;file:/src/main/java/org/secuso/privacyfriendly2048/activities/MainActivity.java
DroppedData;DAAP;/Users/rar9993/repos/research/fdroid_apps/similar_fdroid_vibe_apps/privacy-friendly-2048;/src/main/java/org/secuso/privacyfriendly2048/activities/SplashActivity.java;file:/src/main/java/org/secuso/privacyfriendly2048/activities/SplashActivity.java
DroppedData;DAAP;/Users/rar9993/repos/research/fdroid_apps/similar_fdroid_vibe_apps/privacy-friendly-2048;/src/main/java/org/secuso/privacyfriendly2048/activities/StatsActivity.java;file:/src/main/java/org/secuso/privacyfriendly2048/activities/StatsActivity.java
DroppedData;DAAP;/Users/rar9993/repos/research/fdroid_apps/similar_fdroid_vibe_apps/privacy-friendly-2048;/src/main/java/org/secuso/privacyfriendly2048/activities/TutorialActivity.java;file:/src/main/java/org/secuso/privacyfriendly2048/activities/TutorialActivity.java
DroppedData;DAAP;/Users/rar9993/repos/research/fdroid_apps/similar_fdroid_vibe_apps/privacy-friendly-2048;/src/main/java/org/secuso/privacyfriendly2048/activities/helper/AppCompatPreferenceActivity.java;file:/src/main/java/org/secuso/privacyfriendly2048/activities/helper/AppCompatPreferenceActivity.java
DroppedData;DAAP;/Users/rar9993/repos/research/fdroid_apps/similar_fdroid_vibe_apps/privacy-friendly-2048;/src/main/java/org/secuso/privacyfriendly2048/activities/helper/BaseActivityWithoutNavBar.java;file:/src/main/java/org/secuso/privacyfriendly2048/activities/helper/BaseActivityWithoutNavBar.java
DroppedData;DAAP;/Users/rar9993/repos/research/fdroid_apps/similar_fdroid_vibe_apps/privacy-friendly-2048;/src/main/java/org/secuso/privacyfriendly2048/activities/helper/BaseActivity.java;file:/src/main/java/org/secuso/privacyfriendly2048/activities/helper/BaseActivity.java
DroppedData;DAAP;/Users/rar9993/repos/research/fdroid_apps/similar_fdroid_vibe_apps/privacy-friendly-2048;/src/main/java/org/secuso/privacyfriendly2048/activities/SettingsActivity.java;file:/src/main/java/org/secuso/privacyfriendly2048/activities/SettingsActivity.java
WakeLock;EcoAndroid_RL;/Users/rar9993/repos/research/fdroid_apps/similar_fdroid_vibe_apps/privacy-friendly-2048;;class:androidx.work.impl.Processor
ObsoleteLayoutParam;Lint;/Users/rar9993/repos/research/fdroid_apps/similar_fdroid_vibe_apps/privacy-friendly-2048;/Users/rar9993/repos/research/fdroid_apps/similar_fdroid_vibe_apps/privacy-friendly-2048/NONE_TRANSFORMED_/app/src/main/res/layout-land/activity_main.xml;file:/Users/rar9993/repos/research/fdroid_apps/similar_fdroid_vibe_apps/privacy-friendly-2048/NONE_TRANSFORMED_/app/src/main/res/layout-land/activity_main.xml|line:61
UselessLeaf;Lint;/Users/rar9993/repos/research/fdroid_apps/similar_fdroid_vibe_apps/privacy-friendly-2048;/Users/rar9993/repos/research/fdroid_apps/similar_fdroid_vibe_apps/privacy-friendly-2048/NONE_TRANSFORMED_/app/src/main/res/layout-land/fragment_stats1.xml;file:/Users/rar9993/repos/research/fdroid_apps/similar_fdroid_vibe_apps/privacy-friendly-2048/NONE_TRANSFORMED_/app/src/main/res/layout-land/fragment_stats1.xml|line:232
ObsoleteLayoutParam;Lint;/Users/rar9993/repos/research/fdroid_apps/similar_fdroid_vibe_apps/privacy-friendly-2048;/Users/rar9993/repos/research/fdroid_apps/similar_fdroid_vibe_apps/privacy-friendly-2048/NONE_TRANSFORMED_/app/src/main/res/layout/fragment_stats2.xml;file:/Users/rar9993/repos/research/fdroid_apps/similar_fdroid_vibe_apps/privacy-friendly-2048/NONE_TRANSFORMED_/app/src/main/res/layout/fragment_stats2.xml|line:127
ObsoleteLayoutParam;Lint;/Users/rar9993/repos/research/fdroid_apps/similar_fdroid_vibe_apps/privacy-friendly-2048;/Users/rar9993/repos/research/fdroid_apps/similar_fdroid_vibe_apps/privacy-friendly-2048/NONE_TRANSFORMED_/app/src/main/res/layout-land/fragment_stats2.xml;file:/Users/rar9993/repos/research/fdroid_apps/similar_fdroid_vibe_apps/privacy-friendly-2048/NONE_TRANSFORMED_/app/src/main/res/layout-land/fragment_stats2.xml|line:157
UnusedResources;Lint;/Users/rar9993/repos/research/fdroid_apps/similar_fdroid_vibe_apps/privacy-friendly-2048;/Users/rar9993/repos/research/fdroid_apps/similar_fdroid_vibe_apps/privacy-friendly-2048/NONE_TRANSFORMED_/app/src/main/res/drawable/secuso_logo_blau_blau.png;file:/Users/rar9993/repos/research/fdroid_apps/similar_fdroid_vibe_apps/privacy-friendly-2048/NONE_TRANSFORMED_/app/src/main/res/drawable/secuso_logo_blau_blau.png
SyntheticAccessor;Lint;/Users/rar9993/repos/research/fdroid_apps/similar_fdroid_vibe_apps/privacy-friendly-2048;/Users/rar9993/repos/research/fdroid_apps/similar_fdroid_vibe_apps/privacy-friendly-2048/NONE_TRANSFORMED_/app/src/main/java/org/secuso/privacyfriendly2048/activities/GameActivity.java;file:/Users/rar9993/repos/research/fdroid_apps/similar_fdroid_vibe_apps/privacy-friendly-2048/NONE_TRANSFORMED_/app/src/main/java/org/secuso/privacyfriendly2048/activities/GameActivity.java|line:217
UselessParent;Lint;/Users/rar9993/repos/research/fdroid_apps/similar_fdroid_vibe_apps/privacy-friendly-2048;/Users/rar9993/repos/research/fdroid_apps/similar_fdroid_vibe_apps/privacy-friendly-2048/NONE_TRANSFORMED_/app/src/main/res/layout/tutorial_slide3.xml;file:/Users/rar9993/repos/research/fdroid_apps/similar_fdroid_vibe_apps/privacy-friendly-2048/NONE_TRANSFORMED_/app/src/main/res/layout/tutorial_slide3.xml|line:7
DisableBaselineAlignment;Lint;/Users/rar9993/repos/research/fdroid_apps/similar_fdroid_vibe_apps/privacy-friendly-2048;/Users/rar9993/repos/research/fdroid_apps/similar_fdroid_vibe_apps/privacy-friendly-2048/NONE_TRANSFORMED_/app/src/main/res/layout-land/fragment_stats2.xml;file:/Users/rar9993/repos/research/fdroid_apps/similar_fdroid_vibe_apps/privacy-friendly-2048/NONE_TRANSFORMED_/app/src/main/res/layout-land/fragment_stats2.xml|line:319
InefficientWeight;Lint;/Users/rar9993/repos/research/fdroid_apps/similar_fdroid_vibe_apps/privacy-friendly-2048;/Users/rar9993/repos/research/fdroid_apps/similar_fdroid_vibe_apps/privacy-friendly-2048/NONE_TRANSFORMED_/app/src/main/res/layout/fragment_stats3.xml;file:/Users/rar9993/repos/research/fdroid_apps/similar_fdroid_vibe_apps/privacy-friendly-2048/NONE_TRANSFORMED_/app/src/main/res/layout/fragment_stats3.xml|line:394
ObsoleteSdkInt;Lint;/Users/rar9993/repos/research/fdroid_apps/similar_fdroid_vibe_apps/privacy-friendly-2048;/Users/rar9993/repos/research/fdroid_apps/similar_fdroid_vibe_apps/privacy-friendly-2048/NONE_TRANSFORMED_/app/src/main/java/org/secuso/privacyfriendly2048/activities/TutorialActivity.java;file:/Users/rar9993/repos/research/fdroid_apps/similar_fdroid_vibe_apps/privacy-friendly-2048/NONE_TRANSFORMED_/app/src/main/java/org/secuso/privacyfriendly2048/activities/TutorialActivity.java|line:202
InefficientWeight;Lint;/Users/rar9993/repos/research/fdroid_apps/similar_fdroid_vibe_apps/privacy-friendly-2048;/Users/rar9993/repos/research/fdroid_apps/similar_fdroid_vibe_apps/privacy-friendly-2048/NONE_TRANSFORMED_/app/src/main/res/layout-land/fragment_stats2.xml;file:/Users/rar9993/repos/research/fdroid_apps/similar_fdroid_vibe_apps/privacy-friendly-2048/NONE_TRANSFORMED_/app/src/main/res/layout-land/fragment_stats2.xml|line:373
Overdraw;Lint;/Users/rar9993/repos/research/fdroid_apps/similar_fdroid_vibe_apps/privacy-friendly-2048;/Users/rar9993/repos/research/fdroid_apps/similar_fdroid_vibe_apps/privacy-friendly-2048/NONE_TRANSFORMED_/app/src/main/res/layout-land/tutorial_slide4.xml;file:/Users/rar9993/repos/research/fdroid_apps/similar_fdroid_vibe_apps/privacy-friendly-2048/NONE_TRANSFORMED_/app/src/main/res/layout-land/tutorial_slide4.xml|line:5
ObsoleteSdkInt;Lint;/Users/rar9993/repos/research/fdroid_apps/similar_fdroid_vibe_apps/privacy-friendly-2048;/Users/rar9993/repos/research/fdroid_apps/similar_fdroid_vibe_apps/privacy-friendly-2048/NONE_TRANSFORMED_/app/src/main/java/org/secuso/privacyfriendly2048/activities/MainActivity.java;file:/Users/rar9993/repos/research/fdroid_apps/similar_fdroid_vibe_apps/privacy-friendly-2048/NONE_TRANSFORMED_/app/src/main/java/org/secuso/privacyfriendly2048/activities/MainActivity.java|line:109
ObsoleteLayoutParam;Lint;/Users/rar9993/repos/research/fdroid_apps/similar_fdroid_vibe_apps/privacy-friendly-2048;/Users/rar9993/repos/research/fdroid_apps/similar_fdroid_vibe_apps/privacy-friendly-2048/NONE_TRANSFORMED_/app/src/main/res/layout-land/activity_main.xml;file:/Users/rar9993/repos/research/fdroid_apps/similar_fdroid_vibe_apps/privacy-friendly-2048/NONE_TRANSFORMED_/app/src/main/res/layout-land/activity_main.xml|line:75
UselessParent;Lint;/Users/rar9993/repos/research/fdroid_apps/similar_fdroid_vibe_apps/privacy-friendly-2048;/Users/rar9993/repos/research/fdroid_apps/similar_fdroid_vibe_apps/privacy-friendly-2048/NONE_TRANSFORMED_/app/src/main/res/layout/tutorial_slide2.xml;file:/Users/rar9993/repos/research/fdroid_apps/similar_fdroid_vibe_apps/privacy-friendly-2048/NONE_TRANSFORMED_/app/src/main/res/layout/tutorial_slide2.xml|line:7
UnusedIds;Lint;/Users/rar9993/repos/research/fdroid_apps/similar_fdroid_vibe_apps/privacy-friendly-2048;/Users/rar9993/repos/research/fdroid_apps/similar_fdroid_vibe_apps/privacy-friendly-2048/NONE_TRANSFORMED_/app/src/main/res/menu/main_drawer.xml;file:/Users/rar9993/repos/research/fdroid_apps/similar_fdroid_vibe_apps/privacy-friendly-2048/NONE_TRANSFORMED_/app/src/main/res/menu/main_drawer.xml|line:5
UselessParent;Lint;/Users/rar9993/repos/research/fdroid_apps/similar_fdroid_vibe_apps/privacy-friendly-2048;/Users/rar9993/repos/research/fdroid_apps/similar_fdroid_vibe_apps/privacy-friendly-2048/NONE_TRANSFORMED_/app/src/main/res/layout-land/activity_game.xml;file:/Users/rar9993/repos/research/fdroid_apps/similar_fdroid_vibe_apps/privacy-friendly-2048/NONE_TRANSFORMED_/app/src/main/res/layout-land/activity_game.xml|line:24
SyntheticAccessor;Lint;/Users/rar9993/repos/research/fdroid_apps/similar_fdroid_vibe_apps/privacy-friendly-2048;/Users/rar9993/repos/research/fdroid_apps/similar_fdroid_vibe_apps/privacy-friendly-2048/NONE_TRANSFORMED_/app/src/main/java/org/secuso/privacyfriendly2048/activities/TutorialActivity.java;file:/Users/rar9993/repos/research/fdroid_apps/similar_fdroid_vibe_apps/privacy-friendly-2048/NONE_TRANSFORMED_/app/src/main/java/org/secuso/privacyfriendly2048/activities/TutorialActivity.java|line:180
InefficientWeight;Lint;/Users/rar9993/repos/research/fdroid_apps/similar_fdroid_vibe_apps/privacy-friendly-2048;/Users/rar9993/repos/research/fdroid_apps/similar_fdroid_vibe_apps/privacy-friendly-2048/NONE_TRANSFORMED_/app/src/main/res/layout-land/fragment_stats4.xml;file:/Users/rar9993/repos/research/fdroid_apps/similar_fdroid_vibe_apps/privacy-friendly-2048/NONE_TRANSFORMED_/app/src/main/res/layout-land/fragment_stats4.xml|line:286
RedundantNamespace;Lint;/Users/rar9993/repos/research/fdroid_apps/similar_fdroid_vibe_apps/privacy-friendly-2048;/Users/rar9993/repos/research/fdroid_apps/similar_fdroid_vibe_apps/privacy-friendly-2048/NONE_TRANSFORMED_/app/src/main/res/layout/activity_main.xml;file:/Users/rar9993/repos/research/fdroid_apps/similar_fdroid_vibe_apps/privacy-friendly-2048/NONE_TRANSFORMED_/app/src/main/res/layout/activity_main.xml|line:83
ObsoleteLayoutParam;Lint;/Users/rar9993/repos/research/fdroid_apps/similar_fdroid_vibe_apps/privacy-friendly-2048;/Users/rar9993/repos/research/fdroid_apps/similar_fdroid_vibe_apps/privacy-friendly-2048/NONE_TRANSFORMED_/app/src/main/res/layout-land/fragment_stats1.xml;file:/Users/rar9993/repos/research/fdroid_apps/similar_fdroid_vibe_apps/privacy-friendly-2048/NONE_TRANSFORMED_/app/src/main/res/layout-land/fragment_stats1.xml|line:157
SyntheticAccessor;Lint;/Users/rar9993/repos/research/fdroid_apps/similar_fdroid_vibe_apps/privacy-friendly-2048;/Users/rar9993/repos/research/fdroid_apps/similar_fdroid_vibe_apps/privacy-friendly-2048/NONE_TRANSFORMED_/app/src/main/java/org/secuso/privacyfriendly2048/activities/MainActivity.java;file:/Users/rar9993/repos/research/fdroid_apps/similar_fdroid_vibe_apps/privacy-friendly-2048/NONE_TRANSFORMED_/app/src/main/java/org/secuso/privacyfriendly2048/activities/MainActivity.java|line:162
SyntheticAccessor;Lint;/Users/rar9993/repos/research/fdroid_apps/similar_fdroid_vibe_apps/privacy-friendly-2048;/Users/rar9993/repos/research/fdroid_apps/similar_fdroid_vibe_apps/privacy-friendly-2048/NONE_TRANSFORMED_/app/src/main/java/org/secuso/privacyfriendly2048/activities/MainActivity.java;file:/Users/rar9993/repos/research/fdroid_apps/similar_fdroid_vibe_apps/privacy-friendly-2048/NONE_TRANSFORMED_/app/src/main/java/org/secuso/privacyfriendly2048/activities/MainActivity.java|line:163
InefficientWeight;Lint;/Users/rar9993/repos/research/fdroid_apps/similar_fdroid_vibe_apps/privacy-friendly-2048;/Users/rar9993/repos/research/fdroid_apps/similar_fdroid_vibe_apps/privacy-friendly-2048/NONE_TRANSFORMED_/app/src/main/res/layout/fragment_stats2.xml;file:/Users/rar9993/repos/research/fdroid_apps/similar_fdroid_vibe_apps/privacy-friendly-2048/NONE_TRANSFORMED_/app/src/main/res/layout/fragment_stats2.xml|line:254
Recycle;Lint;/Users/rar9993/repos/research/fdroid_apps/similar_fdroid_vibe_apps/privacy-friendly-2048;/Users/rar9993/repos/research/fdroid_apps/similar_fdroid_vibe_apps/privacy-friendly-2048/NONE_TRANSFORMED_/app/src/main/java/org/secuso/privacyfriendly2048/database/DatabaseExporter.java;file:/Users/rar9993/repos/research/fdroid_apps/similar_fdroid_vibe_apps/privacy-friendly-2048/NONE_TRANSFORMED_/app/src/main/java/org/secuso/privacyfriendly2048/database/DatabaseExporter.java|line:115
VectorPath;Lint;/Users/rar9993/repos/research/fdroid_apps/similar_fdroid_vibe_apps/privacy-friendly-2048;/Users/rar9993/repos/research/fdroid_apps/similar_fdroid_vibe_apps/privacy-friendly-2048/NONE_TRANSFORMED_/app/src/main/res/drawable/secuso_logo_white.xml;file:/Users/rar9993/repos/research/fdroid_apps/similar_fdroid_vibe_apps/privacy-friendly-2048/NONE_TRANSFORMED_/app/src/main/res/drawable/secuso_logo_white.xml|line:197
InefficientWeight;Lint;/Users/rar9993/repos/research/fdroid_apps/similar_fdroid_vibe_apps/privacy-friendly-2048;/Users/rar9993/repos/research/fdroid_apps/similar_fdroid_vibe_apps/privacy-friendly-2048/NONE_TRANSFORMED_/app/src/main/res/layout/fragment_stats3.xml;file:/Users/rar9993/repos/research/fdroid_apps/similar_fdroid_vibe_apps/privacy-friendly-2048/NONE_TRANSFORMED_/app/src/main/res/layout/fragment_stats3.xml|line:254
SyntheticAccessor;Lint;/Users/rar9993/repos/research/fdroid_apps/similar_fdroid_vibe_apps/privacy-friendly-2048;/Users/rar9993/repos/research/fdroid_apps/similar_fdroid_vibe_apps/privacy-friendly-2048/NONE_TRANSFORMED_/app/src/main/java/org/secuso/privacyfriendly2048/activities/TutorialActivity.java;file:/Users/rar9993/repos/research/fdroid_apps/similar_fdroid_vibe_apps/privacy-friendly-2048/NONE_TRANSFORMED_/app/src/main/java/org/secuso/privacyfriendly2048/activities/TutorialActivity.java|line:114
InefficientWeight;Lint;/Users/rar9993/repos/research/fdroid_apps/similar_fdroid_vibe_apps/privacy-friendly-2048;/Users/rar9993/repos/research/fdroid_apps/similar_fdroid_vibe_apps/privacy-friendly-2048/NONE_TRANSFORMED_/app/src/main/res/layout-land/fragment_stats1.xml;file:/Users/rar9993/repos/research/fdroid_apps/similar_fdroid_vibe_apps/privacy-friendly-2048/NONE_TRANSFORMED_/app/src/main/res/layout-land/fragment_stats1.xml|line:286
SyntheticAccessor;Lint;/Users/rar9993/repos/research/fdroid_apps/similar_fdroid_vibe_apps/privacy-friendly-2048;/Users/rar9993/repos/research/fdroid_apps/similar_fdroid_vibe_apps/privacy-friendly-2048/NONE_TRANSFORMED_/app/src/main/java/org/secuso/privacyfriendly2048/activities/MainActivity.java;file:/Users/rar9993/repos/research/fdroid_apps/similar_fdroid_vibe_apps/privacy-friendly-2048/NONE_TRANSFORMED_/app/src/main/java/org/secuso/privacyfriendly2048/activities/MainActivity.java|line:165
UseCompoundDrawables;Lint;/Users/rar9993/repos/research/fdroid_apps/similar_fdroid_vibe_apps/privacy-friendly-2048;/Users/rar9993/repos/research/fdroid_apps/similar_fdroid_vibe_apps/privacy-friendly-2048/NONE_TRANSFORMED_/app/src/main/res/layout-land/tutorial_slide1.xml;file:/Users/rar9993/repos/research/fdroid_apps/similar_fdroid_vibe_apps/privacy-friendly-2048/NONE_TRANSFORMED_/app/src/main/res/layout-land/tutorial_slide1.xml|line:20
UselessParent;Lint;/Users/rar9993/repos/research/fdroid_apps/similar_fdroid_vibe_apps/privacy-friendly-2048;/Users/rar9993/repos/research/fdroid_apps/similar_fdroid_vibe_apps/privacy-friendly-2048/NONE_TRANSFORMED_/app/src/main/res/layout-land/fragment_stats4.xml;file:/Users/rar9993/repos/research/fdroid_apps/similar_fdroid_vibe_apps/privacy-friendly-2048/NONE_TRANSFORMED_/app/src/main/res/layout-land/fragment_stats4.xml|line:330
UselessParent;Lint;/Users/rar9993/repos/research/fdroid_apps/similar_fdroid_vibe_apps/privacy-friendly-2048;/Users/rar9993/repos/research/fdroid_apps/similar_fdroid_vibe_apps/privacy-friendly-2048/NONE_TRANSFORMED_/app/src/main/res/layout/activity_game.xml;file:/Users/rar9993/repos/research/fdroid_apps/similar_fdroid_vibe_apps/privacy-friendly-2048/NONE_TRANSFORMED_/app/src/main/res/layout/activity_game.xml|line:24
SyntheticAccessor;Lint;/Users/rar9993/repos/research/fdroid_apps/similar_fdroid_vibe_apps/privacy-friendly-2048;/Users/rar9993/repos/research/fdroid_apps/similar_fdroid_vibe_apps/privacy-friendly-2048/NONE_TRANSFORMED_/app/src/main/java/org/secuso/privacyfriendly2048/activities/MainActivity.java;file:/Users/rar9993/repos/research/fdroid_apps/similar_fdroid_vibe_apps/privacy-friendly-2048/NONE_TRANSFORMED_/app/src/main/java/org/secuso/privacyfriendly2048/activities/MainActivity.java|line:183
UseCompoundDrawables;Lint;/Users/rar9993/repos/research/fdroid_apps/similar_fdroid_vibe_apps/privacy-friendly-2048;/Users/rar9993/repos/research/fdroid_apps/similar_fdroid_vibe_apps/privacy-friendly-2048/NONE_TRANSFORMED_/app/src/main/res/layout-land/tutorial_slide3.xml;file:/Users/rar9993/repos/research/fdroid_apps/similar_fdroid_vibe_apps/privacy-friendly-2048/NONE_TRANSFORMED_/app/src/main/res/layout-land/tutorial_slide3.xml|line:20
InefficientWeight;Lint;/Users/rar9993/repos/research/fdroid_apps/similar_fdroid_vibe_apps/privacy-friendly-2048;/Users/rar9993/repos/research/fdroid_apps/similar_fdroid_vibe_apps/privacy-friendly-2048/NONE_TRANSFORMED_/app/src/main/res/layout/fragment_stats1.xml;file:/Users/rar9993/repos/research/fdroid_apps/similar_fdroid_vibe_apps/privacy-friendly-2048/NONE_TRANSFORMED_/app/src/main/res/layout/fragment_stats1.xml|line:254
InefficientWeight;Lint;/Users/rar9993/repos/research/fdroid_apps/similar_fdroid_vibe_apps/privacy-friendly-2048;/Users/rar9993/repos/research/fdroid_apps/similar_fdroid_vibe_apps/privacy-friendly-2048/NONE_TRANSFORMED_/app/src/main/res/layout-land/fragment_stats2.xml;file:/Users/rar9993/repos/research/fdroid_apps/similar_fdroid_vibe_apps/privacy-friendly-2048/NONE_TRANSFORMED_/app/src/main/res/layout-land/fragment_stats2.xml|line:332
SyntheticAccessor;Lint;/Users/rar9993/repos/research/fdroid_apps/similar_fdroid_vibe_apps/privacy-friendly-2048;/Users/rar9993/repos/research/fdroid_apps/similar_fdroid_vibe_apps/privacy-friendly-2048/NONE_TRANSFORMED_/app/src/main/java/org/secuso/privacyfriendly2048/activities/GameActivity.java;file:/Users/rar9993/repos/research/fdroid_apps/similar_fdroid_vibe_apps/privacy-friendly-2048/NONE_TRANSFORMED_/app/src/main/java/org/secuso/privacyfriendly2048/activities/GameActivity.java|line:771
UselessParent;Lint;/Users/rar9993/repos/research/fdroid_apps/similar_fdroid_vibe_apps/privacy-friendly-2048;/Users/rar9993/repos/research/fdroid_apps/similar_fdroid_vibe_apps/privacy-friendly-2048/NONE_TRANSFORMED_/app/src/main/res/layout-land/activity_game.xml;file:/Users/rar9993/repos/research/fdroid_apps/similar_fdroid_vibe_apps/privacy-friendly-2048/NONE_TRANSFORMED_/app/src/main/res/layout-land/activity_game.xml|line:29
InefficientWeight;Lint;/Users/rar9993/repos/research/fdroid_apps/similar_fdroid_vibe_apps/privacy-friendly-2048;/Users/rar9993/repos/research/fdroid_apps/similar_fdroid_vibe_apps/privacy-friendly-2048/NONE_TRANSFORMED_/app/src/main/res/layout-land/fragment_stats1.xml;file:/Users/rar9993/repos/research/fdroid_apps/similar_fdroid_vibe_apps/privacy-friendly-2048/NONE_TRANSFORMED_/app/src/main/res/layout-land/fragment_stats1.xml|line:332
DisableBaselineAlignment;Lint;/Users/rar9993/repos/research/fdroid_apps/similar_fdroid_vibe_apps/privacy-friendly-2048;/Users/rar9993/repos/research/fdroid_apps/similar_fdroid_vibe_apps/privacy-friendly-2048/NONE_TRANSFORMED_/app/src/main/res/layout/fragment_stats4.xml;file:/Users/rar9993/repos/research/fdroid_apps/similar_fdroid_vibe_apps/privacy-friendly-2048/NONE_TRANSFORMED_/app/src/main/res/layout/fragment_stats4.xml|line:140
UselessParent;Lint;/Users/rar9993/repos/research/fdroid_apps/similar_fdroid_vibe_apps/privacy-friendly-2048;/Users/rar9993/repos/research/fdroid_apps/similar_fdroid_vibe_apps/privacy-friendly-2048/NONE_TRANSFORMED_/app/src/main/res/layout-land/fragment_stats3.xml;file:/Users/rar9993/repos/research/fdroid_apps/similar_fdroid_vibe_apps/privacy-friendly-2048/NONE_TRANSFORMED_/app/src/main/res/layout-land/fragment_stats3.xml|line:52
DisableBaselineAlignment;Lint;/Users/rar9993/repos/research/fdroid_apps/similar_fdroid_vibe_apps/privacy-friendly-2048;/Users/rar9993/repos/research/fdroid_apps/similar_fdroid_vibe_apps/privacy-friendly-2048/NONE_TRANSFORMED_/app/src/main/res/layout-land/fragment_stats4.xml;file:/Users/rar9993/repos/research/fdroid_apps/similar_fdroid_vibe_apps/privacy-friendly-2048/NONE_TRANSFORMED_/app/src/main/res/layout-land/fragment_stats4.xml|line:52
InefficientWeight;Lint;/Users/rar9993/repos/research/fdroid_apps/similar_fdroid_vibe_apps/privacy-friendly-2048;/Users/rar9993/repos/research/fdroid_apps/similar_fdroid_vibe_apps/privacy-friendly-2048/NONE_TRANSFORMED_/app/src/main/res/layout/fragment_stats2.xml;file:/Users/rar9993/repos/research/fdroid_apps/similar_fdroid_vibe_apps/privacy-friendly-2048/NONE_TRANSFORMED_/app/src/main/res/layout/fragment_stats2.xml|line:297
DisableBaselineAlignment;Lint;/Users/rar9993/repos/research/fdroid_apps/similar_fdroid_vibe_apps/privacy-friendly-2048;/Users/rar9993/repos/research/fdroid_apps/similar_fdroid_vibe_apps/privacy-friendly-2048/NONE_TRANSFORMED_/app/src/main/res/layout/fragment_stats4.xml;file:/Users/rar9993/repos/research/fdroid_apps/similar_fdroid_vibe_apps/privacy-friendly-2048/NONE_TRANSFORMED_/app/src/main/res/layout/fragment_stats4.xml|line:173
SyntheticAccessor;Lint;/Users/rar9993/repos/research/fdroid_apps/similar_fdroid_vibe_apps/privacy-friendly-2048;/Users/rar9993/repos/research/fdroid_apps/similar_fdroid_vibe_apps/privacy-friendly-2048/NONE_TRANSFORMED_/app/src/main/java/org/secuso/privacyfriendly2048/activities/TutorialActivity.java;file:/Users/rar9993/repos/research/fdroid_apps/similar_fdroid_vibe_apps/privacy-friendly-2048/NONE_TRANSFORMED_/app/src/main/java/org/secuso/privacyfriendly2048/activities/TutorialActivity.java|line:126
InefficientWeight;Lint;/Users/rar9993/repos/research/fdroid_apps/similar_fdroid_vibe_apps/privacy-friendly-2048;/Users/rar9993/repos/research/fdroid_apps/similar_fdroid_vibe_apps/privacy-friendly-2048/NONE_TRANSFORMED_/app/src/main/res/layout/fragment_stats1.xml;file:/Users/rar9993/repos/research/fdroid_apps/similar_fdroid_vibe_apps/privacy-friendly-2048/NONE_TRANSFORMED_/app/src/main/res/layout/fragment_stats1.xml|line:349
DisableBaselineAlignment;Lint;/Users/rar9993/repos/research/fdroid_apps/similar_fdroid_vibe_apps/privacy-friendly-2048;/Users/rar9993/repos/research/fdroid_apps/similar_fdroid_vibe_apps/privacy-friendly-2048/NONE_TRANSFORMED_/app/src/main/res/layout-land/fragment_stats3.xml;file:/Users/rar9993/repos/research/fdroid_apps/similar_fdroid_vibe_apps/privacy-friendly-2048/NONE_TRANSFORMED_/app/src/main/res/layout-land/fragment_stats3.xml|line:319
UselessLeaf;Lint;/Users/rar9993/repos/research/fdroid_apps/similar_fdroid_vibe_apps/privacy-friendly-2048;/Users/rar9993/repos/research/fdroid_apps/similar_fdroid_vibe_apps/privacy-friendly-2048/NONE_TRANSFORMED_/app/src/main/res/layout-land/fragment_stats2.xml;file:/Users/rar9993/repos/research/fdroid_apps/similar_fdroid_vibe_apps/privacy-friendly-2048/NONE_TRANSFORMED_/app/src/main/res/layout-land/fragment_stats2.xml|line:232
DisableBaselineAlignment;Lint;/Users/rar9993/repos/research/fdroid_apps/similar_fdroid_vibe_apps/privacy-friendly-2048;/Users/rar9993/repos/research/fdroid_apps/similar_fdroid_vibe_apps/privacy-friendly-2048/NONE_TRANSFORMED_/app/src/main/res/layout/fragment_stats4.xml;file:/Users/rar9993/repos/research/fdroid_apps/similar_fdroid_vibe_apps/privacy-friendly-2048/NONE_TRANSFORMED_/app/src/main/res/layout/fragment_stats4.xml|line:214
UselessParent;Lint;/Users/rar9993/repos/research/fdroid_apps/similar_fdroid_vibe_apps/privacy-friendly-2048;/Users/rar9993/repos/research/fdroid_apps/similar_fdroid_vibe_apps/privacy-friendly-2048/NONE_TRANSFORMED_/app/src/main/res/layout-land/fragment_stats3.xml;file:/Users/rar9993/repos/research/fdroid_apps/similar_fdroid_vibe_apps/privacy-friendly-2048/NONE_TRANSFORMED_/app/src/main/res/layout-land/fragment_stats3.xml|line:284
ObsoleteLayoutParam;Lint;/Users/rar9993/repos/research/fdroid_apps/similar_fdroid_vibe_apps/privacy-friendly-2048;/Users/rar9993/repos/research/fdroid_apps/similar_fdroid_vibe_apps/privacy-friendly-2048/NONE_TRANSFORMED_/app/src/main/res/layout-land/fragment_stats4.xml;file:/Users/rar9993/repos/research/fdroid_apps/similar_fdroid_vibe_apps/privacy-friendly-2048/NONE_TRANSFORMED_/app/src/main/res/layout-land/fragment_stats4.xml|line:157
Overdraw;Lint;/Users/rar9993/repos/research/fdroid_apps/similar_fdroid_vibe_apps/privacy-friendly-2048;/Users/rar9993/repos/research/fdroid_apps/similar_fdroid_vibe_apps/privacy-friendly-2048/NONE_TRANSFORMED_/app/src/main/res/layout/nav_header_main.xml;file:/Users/rar9993/repos/research/fdroid_apps/similar_fdroid_vibe_apps/privacy-friendly-2048/NONE_TRANSFORMED_/app/src/main/res/layout/nav_header_main.xml|line:5
SyntheticAccessor;Lint;/Users/rar9993/repos/research/fdroid_apps/similar_fdroid_vibe_apps/privacy-friendly-2048;/Users/rar9993/repos/research/fdroid_apps/similar_fdroid_vibe_apps/privacy-friendly-2048/NONE_TRANSFORMED_/app/src/main/java/org/secuso/privacyfriendly2048/activities/TutorialActivity.java;file:/Users/rar9993/repos/research/fdroid_apps/similar_fdroid_vibe_apps/privacy-friendly-2048/NONE_TRANSFORMED_/app/src/main/java/org/secuso/privacyfriendly2048/activities/TutorialActivity.java|line:257
SyntheticAccessor;Lint;/Users/rar9993/repos/research/fdroid_apps/similar_fdroid_vibe_apps/privacy-friendly-2048;/Users/rar9993/repos/research/fdroid_apps/similar_fdroid_vibe_apps/privacy-friendly-2048/NONE_TRANSFORMED_/app/src/main/java/org/secuso/privacyfriendly2048/activities/GameActivity.java;file:/Users/rar9993/repos/research/fdroid_apps/similar_fdroid_vibe_apps/privacy-friendly-2048/NONE_TRANSFORMED_/app/src/main/java/org/secuso/privacyfriendly2048/activities/GameActivity.java|line:775
DisableBaselineAlignment;Lint;/Users/rar9993/repos/research/fdroid_apps/similar_fdroid_vibe_apps/privacy-friendly-2048;/Users/rar9993/repos/research/fdroid_apps/similar_fdroid_vibe_apps/privacy-friendly-2048/NONE_TRANSFORMED_/app/src/main/res/layout-land/fragment_stats2.xml;file:/Users/rar9993/repos/research/fdroid_apps/similar_fdroid_vibe_apps/privacy-friendly-2048/NONE_TRANSFORMED_/app/src/main/res/layout-land/fragment_stats2.xml|line:170
ObsoleteSdkInt;Lint;/Users/rar9993/repos/research/fdroid_apps/similar_fdroid_vibe_apps/privacy-friendly-2048;/Users/rar9993/repos/research/fdroid_apps/similar_fdroid_vibe_apps/privacy-friendly-2048/NONE_TRANSFORMED_/app/src/main/java/org/secuso/privacyfriendly2048/activities/TutorialActivity.java;file:/Users/rar9993/repos/research/fdroid_apps/similar_fdroid_vibe_apps/privacy-friendly-2048/NONE_TRANSFORMED_/app/src/main/java/org/secuso/privacyfriendly2048/activities/TutorialActivity.java|line:81
DisableBaselineAlignment;Lint;/Users/rar9993/repos/research/fdroid_apps/similar_fdroid_vibe_apps/privacy-friendly-2048;/Users/rar9993/repos/research/fdroid_apps/similar_fdroid_vibe_apps/privacy-friendly-2048/NONE_TRANSFORMED_/app/src/main/res/layout-land/fragment_stats4.xml;file:/Users/rar9993/repos/research/fdroid_apps/similar_fdroid_vibe_apps/privacy-friendly-2048/NONE_TRANSFORMED_/app/src/main/res/layout-land/fragment_stats4.xml|line:241
DisableBaselineAlignment;Lint;/Users/rar9993/repos/research/fdroid_apps/similar_fdroid_vibe_apps/privacy-friendly-2048;/Users/rar9993/repos/research/fdroid_apps/similar_fdroid_vibe_apps/privacy-friendly-2048/NONE_TRANSFORMED_/app/src/main/res/layout/fragment_stats3.xml;file:/Users/rar9993/repos/research/fdroid_apps/similar_fdroid_vibe_apps/privacy-friendly-2048/NONE_TRANSFORMED_/app/src/main/res/layout/fragment_stats3.xml|line:214
Overdraw;Lint;/Users/rar9993/repos/research/fdroid_apps/similar_fdroid_vibe_apps/privacy-friendly-2048;/Users/rar9993/repos/research/fdroid_apps/similar_fdroid_vibe_apps/privacy-friendly-2048/NONE_TRANSFORMED_/app/src/main/res/drawable/ic_menu_stat.xml;file:/Users/rar9993/repos/research/fdroid_apps/similar_fdroid_vibe_apps/privacy-friendly-2048/NONE_TRANSFORMED_/app/src/main/res/drawable/ic_menu_stat.xml|line:6
Recycle;Lint;/Users/rar9993/repos/research/fdroid_apps/similar_fdroid_vibe_apps/privacy-friendly-2048;/Users/rar9993/repos/research/fdroid_apps/similar_fdroid_vibe_apps/privacy-friendly-2048/NONE_TRANSFORMED_/app/src/main/java/org/secuso/privacyfriendly2048/database/PFASQLiteHelper.java;file:/Users/rar9993/repos/research/fdroid_apps/similar_fdroid_vibe_apps/privacy-friendly-2048/NONE_TRANSFORMED_/app/src/main/java/org/secuso/privacyfriendly2048/database/PFASQLiteHelper.java|line:177
VectorPath;Lint;/Users/rar9993/repos/research/fdroid_apps/similar_fdroid_vibe_apps/privacy-friendly-2048;/Users/rar9993/repos/research/fdroid_apps/similar_fdroid_vibe_apps/privacy-friendly-2048/NONE_TRANSFORMED_/app/src/main/res/drawable/secuso_logo_white.xml;file:/Users/rar9993/repos/research/fdroid_apps/similar_fdroid_vibe_apps/privacy-friendly-2048/NONE_TRANSFORMED_/app/src/main/res/drawable/secuso_logo_white.xml|line:237
UselessLeaf;Lint;/Users/rar9993/repos/research/fdroid_apps/similar_fdroid_vibe_apps/privacy-friendly-2048;/Users/rar9993/repos/research/fdroid_apps/similar_fdroid_vibe_apps/privacy-friendly-2048/NONE_TRANSFORMED_/app/src/main/res/layout-land/fragment_stats3.xml;file:/Users/rar9993/repos/research/fdroid_apps/similar_fdroid_vibe_apps/privacy-friendly-2048/NONE_TRANSFORMED_/app/src/main/res/layout-land/fragment_stats3.xml|line:232
RedundantNamespace;Lint;/Users/rar9993/repos/research/fdroid_apps/similar_fdroid_vibe_apps/privacy-friendly-2048;/Users/rar9993/repos/research/fdroid_apps/similar_fdroid_vibe_apps/privacy-friendly-2048/NONE_TRANSFORMED_/app/src/main/res/layout/activity_help.xml;file:/Users/rar9993/repos/research/fdroid_apps/similar_fdroid_vibe_apps/privacy-friendly-2048/NONE_TRANSFORMED_/app/src/main/res/layout/activity_help.xml|line:12
VectorPath;Lint;/Users/rar9993/repos/research/fdroid_apps/similar_fdroid_vibe_apps/privacy-friendly-2048;/Users/rar9993/repos/research/fdroid_apps/similar_fdroid_vibe_apps/privacy-friendly-2048/NONE_TRANSFORMED_/app/src/main/res/drawable/secuso_logo_black.xml;file:/Users/rar9993/repos/research/fdroid_apps/similar_fdroid_vibe_apps/privacy-friendly-2048/NONE_TRANSFORMED_/app/src/main/res/drawable/secuso_logo_black.xml|line:230
InefficientWeight;Lint;/Users/rar9993/repos/research/fdroid_apps/similar_fdroid_vibe_apps/privacy-friendly-2048;/Users/rar9993/repos/research/fdroid_apps/similar_fdroid_vibe_apps/privacy-friendly-2048/NONE_TRANSFORMED_/app/src/main/res/layout/activity_about.xml;file:/Users/rar9993/repos/research/fdroid_apps/similar_fdroid_vibe_apps/privacy-friendly-2048/NONE_TRANSFORMED_/app/src/main/res/layout/activity_about.xml|line:25
LogConditional;Lint;/Users/rar9993/repos/research/fdroid_apps/similar_fdroid_vibe_apps/privacy-friendly-2048;/Users/rar9993/repos/research/fdroid_apps/similar_fdroid_vibe_apps/privacy-friendly-2048/NONE_TRANSFORMED_/app/src/main/java/org/secuso/privacyfriendly2048/database/PFASQLiteHelper.java;file:/Users/rar9993/repos/research/fdroid_apps/similar_fdroid_vibe_apps/privacy-friendly-2048/NONE_TRANSFORMED_/app/src/main/java/org/secuso/privacyfriendly2048/database/PFASQLiteHelper.java|line:142
DisableBaselineAlignment;Lint;/Users/rar9993/repos/research/fdroid_apps/similar_fdroid_vibe_apps/privacy-friendly-2048;/Users/rar9993/repos/research/fdroid_apps/similar_fdroid_vibe_apps/privacy-friendly-2048/NONE_TRANSFORMED_/app/src/main/res/layout-land/fragment_stats1.xml;file:/Users/rar9993/repos/research/fdroid_apps/similar_fdroid_vibe_apps/privacy-friendly-2048/NONE_TRANSFORMED_/app/src/main/res/layout-land/fragment_stats1.xml|line:319
VectorPath;Lint;/Users/rar9993/repos/research/fdroid_apps/similar_fdroid_vibe_apps/privacy-friendly-2048;/Users/rar9993/repos/research/fdroid_apps/similar_fdroid_vibe_apps/privacy-friendly-2048/NONE_TRANSFORMED_/app/src/main/res/drawable/secuso_logo_white.xml;file:/Users/rar9993/repos/research/fdroid_apps/similar_fdroid_vibe_apps/privacy-friendly-2048/NONE_TRANSFORMED_/app/src/main/res/drawable/secuso_logo_white.xml|line:227
InefficientWeight;Lint;/Users/rar9993/repos/research/fdroid_apps/similar_fdroid_vibe_apps/privacy-friendly-2048;/Users/rar9993/repos/research/fdroid_apps/similar_fdroid_vibe_apps/privacy-friendly-2048/NONE_TRANSFORMED_/app/src/main/res/layout/fragment_stats1.xml;file:/Users/rar9993/repos/research/fdroid_apps/similar_fdroid_vibe_apps/privacy-friendly-2048/NONE_TRANSFORMED_/app/src/main/res/layout/fragment_stats1.xml|line:297
DisableBaselineAlignment;Lint;/Users/rar9993/repos/research/fdroid_apps/similar_fdroid_vibe_apps/privacy-friendly-2048;/Users/rar9993/repos/research/fdroid_apps/similar_fdroid_vibe_apps/privacy-friendly-2048/NONE_TRANSFORMED_/app/src/main/res/layout-land/fragment_stats3.xml;file:/Users/rar9993/repos/research/fdroid_apps/similar_fdroid_vibe_apps/privacy-friendly-2048/NONE_TRANSFORMED_/app/src/main/res/layout-land/fragment_stats3.xml|line:170
UselessParent;Lint;/Users/rar9993/repos/research/fdroid_apps/similar_fdroid_vibe_apps/privacy-friendly-2048;/Users/rar9993/repos/research/fdroid_apps/similar_fdroid_vibe_apps/privacy-friendly-2048/NONE_TRANSFORMED_/app/src/main/res/layout-land/fragment_stats4.xml;file:/Users/rar9993/repos/research/fdroid_apps/similar_fdroid_vibe_apps/privacy-friendly-2048/NONE_TRANSFORMED_/app/src/main/res/layout-land/fragment_stats4.xml|line:284
VectorPath;Lint;/Users/rar9993/repos/research/fdroid_apps/similar_fdroid_vibe_apps/privacy-friendly-2048;/Users/rar9993/repos/research/fdroid_apps/similar_fdroid_vibe_apps/privacy-friendly-2048/NONE_TRANSFORMED_/app/src/main/res/drawable/ic_menu_settings.xml;file:/Users/rar9993/repos/research/fdroid_apps/similar_fdroid_vibe_apps/privacy-friendly-2048/NONE_TRANSFORMED_/app/src/main/res/drawable/ic_menu_settings.xml|line:9
InefficientWeight;Lint;/Users/rar9993/repos/research/fdroid_apps/similar_fdroid_vibe_apps/privacy-friendly-2048;/Users/rar9993/repos/research/fdroid_apps/similar_fdroid_vibe_apps/privacy-friendly-2048/NONE_TRANSFORMED_/app/src/main/res/layout/fragment_stats4.xml;file:/Users/rar9993/repos/research/fdroid_apps/similar_fdroid_vibe_apps/privacy-friendly-2048/NONE_TRANSFORMED_/app/src/main/res/layout/fragment_stats4.xml|line:349
ObsoleteLayoutParam;Lint;/Users/rar9993/repos/research/fdroid_apps/similar_fdroid_vibe_apps/privacy-friendly-2048;/Users/rar9993/repos/research/fdroid_apps/similar_fdroid_vibe_apps/privacy-friendly-2048/NONE_TRANSFORMED_/app/src/main/res/layout/activity_main.xml;file:/Users/rar9993/repos/research/fdroid_apps/similar_fdroid_vibe_apps/privacy-friendly-2048/NONE_TRANSFORMED_/app/src/main/res/layout/activity_main.xml|line:47
UseCompoundDrawables;Lint;/Users/rar9993/repos/research/fdroid_apps/similar_fdroid_vibe_apps/privacy-friendly-2048;/Users/rar9993/repos/research/fdroid_apps/similar_fdroid_vibe_apps/privacy-friendly-2048/NONE_TRANSFORMED_/app/src/main/res/layout-land/tutorial_slide4.xml;file:/Users/rar9993/repos/research/fdroid_apps/similar_fdroid_vibe_apps/privacy-friendly-2048/NONE_TRANSFORMED_/app/src/main/res/layout-land/tutorial_slide4.xml|line:20
LogConditional;Lint;/Users/rar9993/repos/research/fdroid_apps/similar_fdroid_vibe_apps/privacy-friendly-2048;/Users/rar9993/repos/research/fdroid_apps/similar_fdroid_vibe_apps/privacy-friendly-2048/NONE_TRANSFORMED_/app/src/main/java/org/secuso/privacyfriendly2048/activities/MainActivity.java;file:/Users/rar9993/repos/research/fdroid_apps/similar_fdroid_vibe_apps/privacy-friendly-2048/NONE_TRANSFORMED_/app/src/main/java/org/secuso/privacyfriendly2048/activities/MainActivity.java|line:126
ObsoleteLayoutParam;Lint;/Users/rar9993/repos/research/fdroid_apps/similar_fdroid_vibe_apps/privacy-friendly-2048;/Users/rar9993/repos/research/fdroid_apps/similar_fdroid_vibe_apps/privacy-friendly-2048/NONE_TRANSFORMED_/app/src/main/res/layout-land/fragment_stats3.xml;file:/Users/rar9993/repos/research/fdroid_apps/similar_fdroid_vibe_apps/privacy-friendly-2048/NONE_TRANSFORMED_/app/src/main/res/layout-land/fragment_stats3.xml|line:157
Overdraw;Lint;/Users/rar9993/repos/research/fdroid_apps/similar_fdroid_vibe_apps/privacy-friendly-2048;/Users/rar9993/repos/research/fdroid_apps/similar_fdroid_vibe_apps/privacy-friendly-2048/NONE_TRANSFORMED_/app/src/main/res/layout-land/tutorial_slide1.xml;file:/Users/rar9993/repos/research/fdroid_apps/similar_fdroid_vibe_apps/privacy-friendly-2048/NONE_TRANSFORMED_/app/src/main/res/layout-land/tutorial_slide1.xml|line:5
DisableBaselineAlignment;Lint;/Users/rar9993/repos/research/fdroid_apps/similar_fdroid_vibe_apps/privacy-friendly-2048;/Users/rar9993/repos/research/fdroid_apps/similar_fdroid_vibe_apps/privacy-friendly-2048/NONE_TRANSFORMED_/app/src/main/res/layout/fragment_stats3.xml;file:/Users/rar9993/repos/research/fdroid_apps/similar_fdroid_vibe_apps/privacy-friendly-2048/NONE_TRANSFORMED_/app/src/main/res/layout/fragment_stats3.xml|line:307
InefficientWeight;Lint;/Users/rar9993/repos/research/fdroid_apps/similar_fdroid_vibe_apps/privacy-friendly-2048;/Users/rar9993/repos/research/fdroid_apps/similar_fdroid_vibe_apps/privacy-friendly-2048/NONE_TRANSFORMED_/app/src/main/res/layout/fragment_stats4.xml;file:/Users/rar9993/repos/research/fdroid_apps/similar_fdroid_vibe_apps/privacy-friendly-2048/NONE_TRANSFORMED_/app/src/main/res/layout/fragment_stats4.xml|line:297
RedundantNamespace;Lint;/Users/rar9993/repos/research/fdroid_apps/similar_fdroid_vibe_apps/privacy-friendly-2048;/Users/rar9993/repos/research/fdroid_apps/similar_fdroid_vibe_apps/privacy-friendly-2048/NONE_TRANSFORMED_/app/src/main/res/layout-land/activity_game.xml;file:/Users/rar9993/repos/research/fdroid_apps/similar_fdroid_vibe_apps/privacy-friendly-2048/NONE_TRANSFORMED_/app/src/main/res/layout-land/activity_game.xml|line:12
RedundantNamespace;Lint;/Users/rar9993/repos/research/fdroid_apps/similar_fdroid_vibe_apps/privacy-friendly-2048;/Users/rar9993/repos/research/fdroid_apps/similar_fdroid_vibe_apps/privacy-friendly-2048/NONE_TRANSFORMED_/app/src/main/res/layout/activity_help.xml;file:/Users/rar9993/repos/research/fdroid_apps/similar_fdroid_vibe_apps/privacy-friendly-2048/NONE_TRANSFORMED_/app/src/main/res/layout/activity_help.xml|line:11
DisableBaselineAlignment;Lint;/Users/rar9993/repos/research/fdroid_apps/similar_fdroid_vibe_apps/privacy-friendly-2048;/Users/rar9993/repos/research/fdroid_apps/similar_fdroid_vibe_apps/privacy-friendly-2048/NONE_TRANSFORMED_/app/src/main/res/layout-land/fragment_stats3.xml;file:/Users/rar9993/repos/research/fdroid_apps/similar_fdroid_vibe_apps/privacy-friendly-2048/NONE_TRANSFORMED_/app/src/main/res/layout-land/fragment_stats3.xml|line:52
ObsoleteLayoutParam;Lint;/Users/rar9993/repos/research/fdroid_apps/similar_fdroid_vibe_apps/privacy-friendly-2048;/Users/rar9993/repos/research/fdroid_apps/similar_fdroid_vibe_apps/privacy-friendly-2048/NONE_TRANSFORMED_/app/src/main/res/layout/activity_main.xml;file:/Users/rar9993/repos/research/fdroid_apps/similar_fdroid_vibe_apps/privacy-friendly-2048/NONE_TRANSFORMED_/app/src/main/res/layout/activity_main.xml|line:103
SyntheticAccessor;Lint;/Users/rar9993/repos/research/fdroid_apps/similar_fdroid_vibe_apps/privacy-friendly-2048;/Users/rar9993/repos/research/fdroid_apps/similar_fdroid_vibe_apps/privacy-friendly-2048/NONE_TRANSFORMED_/app/src/main/java/org/secuso/privacyfriendly2048/activities/StatsActivity.java;file:/Users/rar9993/repos/research/fdroid_apps/similar_fdroid_vibe_apps/privacy-friendly-2048/NONE_TRANSFORMED_/app/src/main/java/org/secuso/privacyfriendly2048/activities/StatsActivity.java|line:180
InefficientWeight;Lint;/Users/rar9993/repos/research/fdroid_apps/similar_fdroid_vibe_apps/privacy-friendly-2048;/Users/rar9993/repos/research/fdroid_apps/similar_fdroid_vibe_apps/privacy-friendly-2048/NONE_TRANSFORMED_/app/src/main/res/layout/fragment_stats3.xml;file:/Users/rar9993/repos/research/fdroid_apps/similar_fdroid_vibe_apps/privacy-friendly-2048/NONE_TRANSFORMED_/app/src/main/res/layout/fragment_stats3.xml|line:349
SyntheticAccessor;Lint;/Users/rar9993/repos/research/fdroid_apps/similar_fdroid_vibe_apps/privacy-friendly-2048;/Users/rar9993/repos/research/fdroid_apps/similar_fdroid_vibe_apps/privacy-friendly-2048/NONE_TRANSFORMED_/app/src/main/java/org/secuso/privacyfriendly2048/activities/MainActivity.java;file:/Users/rar9993/repos/research/fdroid_apps/similar_fdroid_vibe_apps/privacy-friendly-2048/NONE_TRANSFORMED_/app/src/main/java/org/secuso/privacyfriendly2048/activities/MainActivity.java|line:240
SyntheticAccessor;Lint;/Users/rar9993/repos/research/fdroid_apps/similar_fdroid_vibe_apps/privacy-friendly-2048;/Users/rar9993/repos/research/fdroid_apps/similar_fdroid_vibe_apps/privacy-friendly-2048/NONE_TRANSFORMED_/app/src/main/java/org/secuso/privacyfriendly2048/activities/MainActivity.java;file:/Users/rar9993/repos/research/fdroid_apps/similar_fdroid_vibe_apps/privacy-friendly-2048/NONE_TRANSFORMED_/app/src/main/java/org/secuso/privacyfriendly2048/activities/MainActivity.java|line:240
VectorPath;Lint;/Users/rar9993/repos/research/fdroid_apps/similar_fdroid_vibe_apps/privacy-friendly-2048;/Users/rar9993/repos/research/fdroid_apps/similar_fdroid_vibe_apps/privacy-friendly-2048/NONE_TRANSFORMED_/app/src/main/res/drawable/secuso_logo_black.xml;file:/Users/rar9993/repos/research/fdroid_apps/similar_fdroid_vibe_apps/privacy-friendly-2048/NONE_TRANSFORMED_/app/src/main/res/drawable/secuso_logo_black.xml|line:205
InefficientWeight;Lint;/Users/rar9993/repos/research/fdroid_apps/similar_fdroid_vibe_apps/privacy-friendly-2048;/Users/rar9993/repos/research/fdroid_apps/similar_fdroid_vibe_apps/privacy-friendly-2048/NONE_TRANSFORMED_/app/src/main/res/layout-land/fragment_stats1.xml;file:/Users/rar9993/repos/research/fdroid_apps/similar_fdroid_vibe_apps/privacy-friendly-2048/NONE_TRANSFORMED_/app/src/main/res/layout-land/fragment_stats1.xml|line:373
InefficientWeight;Lint;/Users/rar9993/repos/research/fdroid_apps/similar_fdroid_vibe_apps/privacy-friendly-2048;/Users/rar9993/repos/research/fdroid_apps/similar_fdroid_vibe_apps/privacy-friendly-2048/NONE_TRANSFORMED_/app/src/main/res/layout-land/fragment_stats3.xml;file:/Users/rar9993/repos/research/fdroid_apps/similar_fdroid_vibe_apps/privacy-friendly-2048/NONE_TRANSFORMED_/app/src/main/res/layout-land/fragment_stats3.xml|line:54
SyntheticAccessor;Lint;/Users/rar9993/repos/research/fdroid_apps/similar_fdroid_vibe_apps/privacy-friendly-2048;/Users/rar9993/repos/research/fdroid_apps/similar_fdroid_vibe_apps/privacy-friendly-2048/NONE_TRANSFORMED_/app/src/main/java/org/secuso/privacyfriendly2048/activities/MainActivity.java;file:/Users/rar9993/repos/research/fdroid_apps/similar_fdroid_vibe_apps/privacy-friendly-2048/NONE_TRANSFORMED_/app/src/main/java/org/secuso/privacyfriendly2048/activities/MainActivity.java|line:352
InefficientWeight;Lint;/Users/rar9993/repos/research/fdroid_apps/similar_fdroid_vibe_apps/privacy-friendly-2048;/Users/rar9993/repos/research/fdroid_apps/similar_fdroid_vibe_apps/privacy-friendly-2048/NONE_TRANSFORMED_/app/src/main/res/layout-land/fragment_stats3.xml;file:/Users/rar9993/repos/research/fdroid_apps/similar_fdroid_vibe_apps/privacy-friendly-2048/NONE_TRANSFORMED_/app/src/main/res/layout-land/fragment_stats3.xml|line:373
ObsoleteLayoutParam;Lint;/Users/rar9993/repos/research/fdroid_apps/similar_fdroid_vibe_apps/privacy-friendly-2048;/Users/rar9993/repos/research/fdroid_apps/similar_fdroid_vibe_apps/privacy-friendly-2048/NONE_TRANSFORMED_/app/src/main/res/layout/fragment_stats4.xml;file:/Users/rar9993/repos/research/fdroid_apps/similar_fdroid_vibe_apps/privacy-friendly-2048/NONE_TRANSFORMED_/app/src/main/res/layout/fragment_stats4.xml|line:126
SyntheticAccessor;Lint;/Users/rar9993/repos/research/fdroid_apps/similar_fdroid_vibe_apps/privacy-friendly-2048;/Users/rar9993/repos/research/fdroid_apps/similar_fdroid_vibe_apps/privacy-friendly-2048/NONE_TRANSFORMED_/app/src/main/java/org/secuso/privacyfriendly2048/activities/TutorialActivity.java;file:/Users/rar9993/repos/research/fdroid_apps/similar_fdroid_vibe_apps/privacy-friendly-2048/NONE_TRANSFORMED_/app/src/main/java/org/secuso/privacyfriendly2048/activities/TutorialActivity.java|line:177
UselessParent;Lint;/Users/rar9993/repos/research/fdroid_apps/similar_fdroid_vibe_apps/privacy-friendly-2048;/Users/rar9993/repos/research/fdroid_apps/similar_fdroid_vibe_apps/privacy-friendly-2048/NONE_TRANSFORMED_/app/src/main/res/layout-land/fragment_stats1.xml;file:/Users/rar9993/repos/research/fdroid_apps/similar_fdroid_vibe_apps/privacy-friendly-2048/NONE_TRANSFORMED_/app/src/main/res/layout-land/fragment_stats1.xml|line:330
InefficientWeight;Lint;/Users/rar9993/repos/research/fdroid_apps/similar_fdroid_vibe_apps/privacy-friendly-2048;/Users/rar9993/repos/research/fdroid_apps/similar_fdroid_vibe_apps/privacy-friendly-2048/NONE_TRANSFORMED_/app/src/main/res/layout/fragment_stats4.xml;file:/Users/rar9993/repos/research/fdroid_apps/similar_fdroid_vibe_apps/privacy-friendly-2048/NONE_TRANSFORMED_/app/src/main/res/layout/fragment_stats4.xml|line:254
UseValueOf;Lint;/Users/rar9993/repos/research/fdroid_apps/similar_fdroid_vibe_apps/privacy-friendly-2048;/Users/rar9993/repos/research/fdroid_apps/similar_fdroid_vibe_apps/privacy-friendly-2048/NONE_TRANSFORMED_/app/src/main/java/org/secuso/privacyfriendly2048/activities/StatsActivity.java;file:/Users/rar9993/repos/research/fdroid_apps/similar_fdroid_vibe_apps/privacy-friendly-2048/NONE_TRANSFORMED_/app/src/main/java/org/secuso/privacyfriendly2048/activities/StatsActivity.java|line:288
RedundantNamespace;Lint;/Users/rar9993/repos/research/fdroid_apps/similar_fdroid_vibe_apps/privacy-friendly-2048;/Users/rar9993/repos/research/fdroid_apps/similar_fdroid_vibe_apps/privacy-friendly-2048/NONE_TRANSFORMED_/app/src/main/res/layout/activity_about.xml;file:/Users/rar9993/repos/research/fdroid_apps/similar_fdroid_vibe_apps/privacy-friendly-2048/NONE_TRANSFORMED_/app/src/main/res/layout/activity_about.xml|line:11
DisableBaselineAlignment;Lint;/Users/rar9993/repos/research/fdroid_apps/similar_fdroid_vibe_apps/privacy-friendly-2048;/Users/rar9993/repos/research/fdroid_apps/similar_fdroid_vibe_apps/privacy-friendly-2048/NONE_TRANSFORMED_/app/src/main/res/layout-land/fragment_stats2.xml;file:/Users/rar9993/repos/research/fdroid_apps/similar_fdroid_vibe_apps/privacy-friendly-2048/NONE_TRANSFORMED_/app/src/main/res/layout-land/fragment_stats2.xml|line:52
SyntheticAccessor;Lint;/Users/rar9993/repos/research/fdroid_apps/similar_fdroid_vibe_apps/privacy-friendly-2048;/Users/rar9993/repos/research/fdroid_apps/similar_fdroid_vibe_apps/privacy-friendly-2048/NONE_TRANSFORMED_/app/src/main/java/org/secuso/privacyfriendly2048/activities/TutorialActivity.java;file:/Users/rar9993/repos/research/fdroid_apps/similar_fdroid_vibe_apps/privacy-friendly-2048/NONE_TRANSFORMED_/app/src/main/java/org/secuso/privacyfriendly2048/activities/TutorialActivity.java|line:183
InefficientWeight;Lint;/Users/rar9993/repos/research/fdroid_apps/similar_fdroid_vibe_apps/privacy-friendly-2048;/Users/rar9993/repos/research/fdroid_apps/similar_fdroid_vibe_apps/privacy-friendly-2048/NONE_TRANSFORMED_/app/src/main/res/layout/fragment_stats3.xml;file:/Users/rar9993/repos/research/fdroid_apps/similar_fdroid_vibe_apps/privacy-friendly-2048/NONE_TRANSFORMED_/app/src/main/res/layout/fragment_stats3.xml|line:297
VectorPath;Lint;/Users/rar9993/repos/research/fdroid_apps/similar_fdroid_vibe_apps/privacy-friendly-2048;/Users/rar9993/repos/research/fdroid_apps/similar_fdroid_vibe_apps/privacy-friendly-2048/NONE_TRANSFORMED_/app/src/main/res/drawable/secuso_logo_white.xml;file:/Users/rar9993/repos/research/fdroid_apps/similar_fdroid_vibe_apps/privacy-friendly-2048/NONE_TRANSFORMED_/app/src/main/res/drawable/secuso_logo_white.xml|line:202
DisableBaselineAlignment;Lint;/Users/rar9993/repos/research/fdroid_apps/similar_fdroid_vibe_apps/privacy-friendly-2048;/Users/rar9993/repos/research/fdroid_apps/similar_fdroid_vibe_apps/privacy-friendly-2048/NONE_TRANSFORMED_/app/src/main/res/layout/fragment_stats2.xml;file:/Users/rar9993/repos/research/fdroid_apps/similar_fdroid_vibe_apps/privacy-friendly-2048/NONE_TRANSFORMED_/app/src/main/res/layout/fragment_stats2.xml|line:173
SyntheticAccessor;Lint;/Users/rar9993/repos/research/fdroid_apps/similar_fdroid_vibe_apps/privacy-friendly-2048;/Users/rar9993/repos/research/fdroid_apps/similar_fdroid_vibe_apps/privacy-friendly-2048/NONE_TRANSFORMED_/app/src/main/java/org/secuso/privacyfriendly2048/activities/TutorialActivity.java;file:/Users/rar9993/repos/research/fdroid_apps/similar_fdroid_vibe_apps/privacy-friendly-2048/NONE_TRANSFORMED_/app/src/main/java/org/secuso/privacyfriendly2048/activities/TutorialActivity.java|line:222
UselessParent;Lint;/Users/rar9993/repos/research/fdroid_apps/similar_fdroid_vibe_apps/privacy-friendly-2048;/Users/rar9993/repos/research/fdroid_apps/similar_fdroid_vibe_apps/privacy-friendly-2048/NONE_TRANSFORMED_/app/src/main/res/layout-land/fragment_stats2.xml;file:/Users/rar9993/repos/research/fdroid_apps/similar_fdroid_vibe_apps/privacy-friendly-2048/NONE_TRANSFORMED_/app/src/main/res/layout-land/fragment_stats2.xml|line:52
ObsoleteSdkInt;Lint;/Users/rar9993/repos/research/fdroid_apps/similar_fdroid_vibe_apps/privacy-friendly-2048;/Users/rar9993/repos/research/fdroid_apps/similar_fdroid_vibe_apps/privacy-friendly-2048/NONE_TRANSFORMED_/app/src/main/res/values-v21;file:/Users/rar9993/repos/research/fdroid_apps/similar_fdroid_vibe_apps/privacy-friendly-2048/NONE_TRANSFORMED_/app/src/main/res/values-v21
VectorPath;Lint;/Users/rar9993/repos/research/fdroid_apps/similar_fdroid_vibe_apps/privacy-friendly-2048;/Users/rar9993/repos/research/fdroid_apps/similar_fdroid_vibe_apps/privacy-friendly-2048/NONE_TRANSFORMED_/app/src/main/res/drawable/secuso_logo_white.xml;file:/Users/rar9993/repos/research/fdroid_apps/similar_fdroid_vibe_apps/privacy-friendly-2048/NONE_TRANSFORMED_/app/src/main/res/drawable/secuso_logo_white.xml|line:247
UseValueOf;Lint;/Users/rar9993/repos/research/fdroid_apps/similar_fdroid_vibe_apps/privacy-friendly-2048;/Users/rar9993/repos/research/fdroid_apps/similar_fdroid_vibe_apps/privacy-friendly-2048/NONE_TRANSFORMED_/app/src/main/java/org/secuso/privacyfriendly2048/activities/StatsActivity.java;file:/Users/rar9993/repos/research/fdroid_apps/similar_fdroid_vibe_apps/privacy-friendly-2048/NONE_TRANSFORMED_/app/src/main/java/org/secuso/privacyfriendly2048/activities/StatsActivity.java|line:305
SyntheticAccessor;Lint;/Users/rar9993/repos/research/fdroid_apps/similar_fdroid_vibe_apps/privacy-friendly-2048;/Users/rar9993/repos/research/fdroid_apps/similar_fdroid_vibe_apps/privacy-friendly-2048/NONE_TRANSFORMED_/app/src/main/java/org/secuso/privacyfriendly2048/activities/helper/BaseActivity.java;file:/Users/rar9993/repos/research/fdroid_apps/similar_fdroid_vibe_apps/privacy-friendly-2048/NONE_TRANSFORMED_/app/src/main/java/org/secuso/privacyfriendly2048/activities/helper/BaseActivity.java|line:121
SyntheticAccessor;Lint;/Users/rar9993/repos/research/fdroid_apps/similar_fdroid_vibe_apps/privacy-friendly-2048;/Users/rar9993/repos/research/fdroid_apps/similar_fdroid_vibe_apps/privacy-friendly-2048/NONE_TRANSFORMED_/app/src/main/java/org/secuso/privacyfriendly2048/activities/MainActivity.java;file:/Users/rar9993/repos/research/fdroid_apps/similar_fdroid_vibe_apps/privacy-friendly-2048/NONE_TRANSFORMED_/app/src/main/java/org/secuso/privacyfriendly2048/activities/MainActivity.java|line:238
UselessParent;Lint;/Users/rar9993/repos/research/fdroid_apps/similar_fdroid_vibe_apps/privacy-friendly-2048;/Users/rar9993/repos/research/fdroid_apps/similar_fdroid_vibe_apps/privacy-friendly-2048/NONE_TRANSFORMED_/app/src/main/res/layout-land/fragment_stats4.xml;file:/Users/rar9993/repos/research/fdroid_apps/similar_fdroid_vibe_apps/privacy-friendly-2048/NONE_TRANSFORMED_/app/src/main/res/layout-land/fragment_stats4.xml|line:371
UnusedIds;Lint;/Users/rar9993/repos/research/fdroid_apps/similar_fdroid_vibe_apps/privacy-friendly-2048;/Users/rar9993/repos/research/fdroid_apps/similar_fdroid_vibe_apps/privacy-friendly-2048/NONE_TRANSFORMED_/app/src/main/res/menu/main_drawer.xml;file:/Users/rar9993/repos/research/fdroid_apps/similar_fdroid_vibe_apps/privacy-friendly-2048/NONE_TRANSFORMED_/app/src/main/res/menu/main_drawer.xml|line:22
DisableBaselineAlignment;Lint;/Users/rar9993/repos/research/fdroid_apps/similar_fdroid_vibe_apps/privacy-friendly-2048;/Users/rar9993/repos/research/fdroid_apps/similar_fdroid_vibe_apps/privacy-friendly-2048/NONE_TRANSFORMED_/app/src/main/res/layout/fragment_stats2.xml;file:/Users/rar9993/repos/research/fdroid_apps/similar_fdroid_vibe_apps/privacy-friendly-2048/NONE_TRANSFORMED_/app/src/main/res/layout/fragment_stats2.xml|line:140
UselessLeaf;Lint;/Users/rar9993/repos/research/fdroid_apps/similar_fdroid_vibe_apps/privacy-friendly-2048;/Users/rar9993/repos/research/fdroid_apps/similar_fdroid_vibe_apps/privacy-friendly-2048/NONE_TRANSFORMED_/app/src/main/res/layout-land/fragment_stats4.xml;file:/Users/rar9993/repos/research/fdroid_apps/similar_fdroid_vibe_apps/privacy-friendly-2048/NONE_TRANSFORMED_/app/src/main/res/layout-land/fragment_stats4.xml|line:232
Overdraw;Lint;/Users/rar9993/repos/research/fdroid_apps/similar_fdroid_vibe_apps/privacy-friendly-2048;/Users/rar9993/repos/research/fdroid_apps/similar_fdroid_vibe_apps/privacy-friendly-2048/NONE_TRANSFORMED_/app/src/main/res/layout-land/tutorial_slide2.xml;file:/Users/rar9993/repos/research/fdroid_apps/similar_fdroid_vibe_apps/privacy-friendly-2048/NONE_TRANSFORMED_/app/src/main/res/layout-land/tutorial_slide2.xml|line:5
LogConditional;Lint;/Users/rar9993/repos/research/fdroid_apps/similar_fdroid_vibe_apps/privacy-friendly-2048;/Users/rar9993/repos/research/fdroid_apps/similar_fdroid_vibe_apps/privacy-friendly-2048/NONE_TRANSFORMED_/app/src/main/java/org/secuso/privacyfriendly2048/activities/GameActivity.java;file:/Users/rar9993/repos/research/fdroid_apps/similar_fdroid_vibe_apps/privacy-friendly-2048/NONE_TRANSFORMED_/app/src/main/java/org/secuso/privacyfriendly2048/activities/GameActivity.java|line:1039
DisableBaselineAlignment;Lint;/Users/rar9993/repos/research/fdroid_apps/similar_fdroid_vibe_apps/privacy-friendly-2048;/Users/rar9993/repos/research/fdroid_apps/similar_fdroid_vibe_apps/privacy-friendly-2048/NONE_TRANSFORMED_/app/src/main/res/layout-land/fragment_stats2.xml;file:/Users/rar9993/repos/research/fdroid_apps/similar_fdroid_vibe_apps/privacy-friendly-2048/NONE_TRANSFORMED_/app/src/main/res/layout-land/fragment_stats2.xml|line:241
DisableBaselineAlignment;Lint;/Users/rar9993/repos/research/fdroid_apps/similar_fdroid_vibe_apps/privacy-friendly-2048;/Users/rar9993/repos/research/fdroid_apps/similar_fdroid_vibe_apps/privacy-friendly-2048/NONE_TRANSFORMED_/app/src/main/res/layout-land/fragment_stats4.xml;file:/Users/rar9993/repos/research/fdroid_apps/similar_fdroid_vibe_apps/privacy-friendly-2048/NONE_TRANSFORMED_/app/src/main/res/layout-land/fragment_stats4.xml|line:170
DisableBaselineAlignment;Lint;/Users/rar9993/repos/research/fdroid_apps/similar_fdroid_vibe_apps/privacy-friendly-2048;/Users/rar9993/repos/research/fdroid_apps/similar_fdroid_vibe_apps/privacy-friendly-2048/NONE_TRANSFORMED_/app/src/main/res/layout-land/fragment_stats3.xml;file:/Users/rar9993/repos/research/fdroid_apps/similar_fdroid_vibe_apps/privacy-friendly-2048/NONE_TRANSFORMED_/app/src/main/res/layout-land/fragment_stats3.xml|line:241
RedundantNamespace;Lint;/Users/rar9993/repos/research/fdroid_apps/similar_fdroid_vibe_apps/privacy-friendly-2048;/Users/rar9993/repos/research/fdroid_apps/similar_fdroid_vibe_apps/privacy-friendly-2048/NONE_TRANSFORMED_/app/src/main/res/layout/activity_help.xml;file:/Users/rar9993/repos/research/fdroid_apps/similar_fdroid_vibe_apps/privacy-friendly-2048/NONE_TRANSFORMED_/app/src/main/res/layout/activity_help.xml|line:21
InefficientWeight;Lint;/Users/rar9993/repos/research/fdroid_apps/similar_fdroid_vibe_apps/privacy-friendly-2048;/Users/rar9993/repos/research/fdroid_apps/similar_fdroid_vibe_apps/privacy-friendly-2048/NONE_TRANSFORMED_/app/src/main/res/layout/fragment_stats2.xml;file:/Users/rar9993/repos/research/fdroid_apps/similar_fdroid_vibe_apps/privacy-friendly-2048/NONE_TRANSFORMED_/app/src/main/res/layout/fragment_stats2.xml|line:394
SyntheticAccessor;Lint;/Users/rar9993/repos/research/fdroid_apps/similar_fdroid_vibe_apps/privacy-friendly-2048;/Users/rar9993/repos/research/fdroid_apps/similar_fdroid_vibe_apps/privacy-friendly-2048/NONE_TRANSFORMED_/app/src/main/java/org/secuso/privacyfriendly2048/activities/TutorialActivity.java;file:/Users/rar9993/repos/research/fdroid_apps/similar_fdroid_vibe_apps/privacy-friendly-2048/NONE_TRANSFORMED_/app/src/main/java/org/secuso/privacyfriendly2048/activities/TutorialActivity.java|line:124
InefficientWeight;Lint;/Users/rar9993/repos/research/fdroid_apps/similar_fdroid_vibe_apps/privacy-friendly-2048;/Users/rar9993/repos/research/fdroid_apps/similar_fdroid_vibe_apps/privacy-friendly-2048/NONE_TRANSFORMED_/app/src/main/res/layout/fragment_stats2.xml;file:/Users/rar9993/repos/research/fdroid_apps/similar_fdroid_vibe_apps/privacy-friendly-2048/NONE_TRANSFORMED_/app/src/main/res/layout/fragment_stats2.xml|line:349
ObsoleteLayoutParam;Lint;/Users/rar9993/repos/research/fdroid_apps/similar_fdroid_vibe_apps/privacy-friendly-2048;/Users/rar9993/repos/research/fdroid_apps/similar_fdroid_vibe_apps/privacy-friendly-2048/NONE_TRANSFORMED_/app/src/main/res/layout/activity_main.xml;file:/Users/rar9993/repos/research/fdroid_apps/similar_fdroid_vibe_apps/privacy-friendly-2048/NONE_TRANSFORMED_/app/src/main/res/layout/activity_main.xml|line:76
SyntheticAccessor;Lint;/Users/rar9993/repos/research/fdroid_apps/similar_fdroid_vibe_apps/privacy-friendly-2048;/Users/rar9993/repos/research/fdroid_apps/similar_fdroid_vibe_apps/privacy-friendly-2048/NONE_TRANSFORMED_/app/src/main/java/org/secuso/privacyfriendly2048/activities/TutorialActivity.java;file:/Users/rar9993/repos/research/fdroid_apps/similar_fdroid_vibe_apps/privacy-friendly-2048/NONE_TRANSFORMED_/app/src/main/java/org/secuso/privacyfriendly2048/activities/TutorialActivity.java|line:184
SyntheticAccessor;Lint;/Users/rar9993/repos/research/fdroid_apps/similar_fdroid_vibe_apps/privacy-friendly-2048;/Users/rar9993/repos/research/fdroid_apps/similar_fdroid_vibe_apps/privacy-friendly-2048/NONE_TRANSFORMED_/app/src/main/java/org/secuso/privacyfriendly2048/activities/MainActivity.java;file:/Users/rar9993/repos/research/fdroid_apps/similar_fdroid_vibe_apps/privacy-friendly-2048/NONE_TRANSFORMED_/app/src/main/java/org/secuso/privacyfriendly2048/activities/MainActivity.java|line:194
DisableBaselineAlignment;Lint;/Users/rar9993/repos/research/fdroid_apps/similar_fdroid_vibe_apps/privacy-friendly-2048;/Users/rar9993/repos/research/fdroid_apps/similar_fdroid_vibe_apps/privacy-friendly-2048/NONE_TRANSFORMED_/app/src/main/res/layout/fragment_stats2.xml;file:/Users/rar9993/repos/research/fdroid_apps/similar_fdroid_vibe_apps/privacy-friendly-2048/NONE_TRANSFORMED_/app/src/main/res/layout/fragment_stats2.xml|line:307
SyntheticAccessor;Lint;/Users/rar9993/repos/research/fdroid_apps/similar_fdroid_vibe_apps/privacy-friendly-2048;/Users/rar9993/repos/research/fdroid_apps/similar_fdroid_vibe_apps/privacy-friendly-2048/NONE_TRANSFORMED_/app/src/main/java/org/secuso/privacyfriendly2048/activities/helper/Gestures.java;file:/Users/rar9993/repos/research/fdroid_apps/similar_fdroid_vibe_apps/privacy-friendly-2048/NONE_TRANSFORMED_/app/src/main/java/org/secuso/privacyfriendly2048/activities/helper/Gestures.java|line:39
DisableBaselineAlignment;Lint;/Users/rar9993/repos/research/fdroid_apps/similar_fdroid_vibe_apps/privacy-friendly-2048;/Users/rar9993/repos/research/fdroid_apps/similar_fdroid_vibe_apps/privacy-friendly-2048/NONE_TRANSFORMED_/app/src/main/res/layout-land/fragment_stats4.xml;file:/Users/rar9993/repos/research/fdroid_apps/similar_fdroid_vibe_apps/privacy-friendly-2048/NONE_TRANSFORMED_/app/src/main/res/layout-land/fragment_stats4.xml|line:319
DisableBaselineAlignment;Lint;/Users/rar9993/repos/research/fdroid_apps/similar_fdroid_vibe_apps/privacy-friendly-2048;/Users/rar9993/repos/research/fdroid_apps/similar_fdroid_vibe_apps/privacy-friendly-2048/NONE_TRANSFORMED_/app/src/main/res/layout-land/fragment_stats1.xml;file:/Users/rar9993/repos/research/fdroid_apps/similar_fdroid_vibe_apps/privacy-friendly-2048/NONE_TRANSFORMED_/app/src/main/res/layout-land/fragment_stats1.xml|line:52
InefficientWeight;Lint;/Users/rar9993/repos/research/fdroid_apps/similar_fdroid_vibe_apps/privacy-friendly-2048;/Users/rar9993/repos/research/fdroid_apps/similar_fdroid_vibe_apps/privacy-friendly-2048/NONE_TRANSFORMED_/app/src/main/res/layout-land/fragment_stats3.xml;file:/Users/rar9993/repos/research/fdroid_apps/similar_fdroid_vibe_apps/privacy-friendly-2048/NONE_TRANSFORMED_/app/src/main/res/layout-land/fragment_stats3.xml|line:332
ObsoleteLayoutParam;Lint;/Users/rar9993/repos/research/fdroid_apps/similar_fdroid_vibe_apps/privacy-friendly-2048;/Users/rar9993/repos/research/fdroid_apps/similar_fdroid_vibe_apps/privacy-friendly-2048/NONE_TRANSFORMED_/app/src/main/res/layout-land/fragment_stats3.xml;file:/Users/rar9993/repos/research/fdroid_apps/similar_fdroid_vibe_apps/privacy-friendly-2048/NONE_TRANSFORMED_/app/src/main/res/layout-land/fragment_stats3.xml|line:156
SyntheticAccessor;Lint;/Users/rar9993/repos/research/fdroid_apps/similar_fdroid_vibe_apps/privacy-friendly-2048;/Users/rar9993/repos/research/fdroid_apps/similar_fdroid_vibe_apps/privacy-friendly-2048/NONE_TRANSFORMED_/app/src/main/java/org/secuso/privacyfriendly2048/activities/GameActivity.java;file:/Users/rar9993/repos/research/fdroid_apps/similar_fdroid_vibe_apps/privacy-friendly-2048/NONE_TRANSFORMED_/app/src/main/java/org/secuso/privacyfriendly2048/activities/GameActivity.java|line:779
LogConditional;Lint;/Users/rar9993/repos/research/fdroid_apps/similar_fdroid_vibe_apps/privacy-friendly-2048;/Users/rar9993/repos/research/fdroid_apps/similar_fdroid_vibe_apps/privacy-friendly-2048/NONE_TRANSFORMED_/app/src/main/java/org/secuso/privacyfriendly2048/activities/GameActivity.java;file:/Users/rar9993/repos/research/fdroid_apps/similar_fdroid_vibe_apps/privacy-friendly-2048/NONE_TRANSFORMED_/app/src/main/java/org/secuso/privacyfriendly2048/activities/GameActivity.java|line:1043
DisableBaselineAlignment;Lint;/Users/rar9993/repos/research/fdroid_apps/similar_fdroid_vibe_apps/privacy-friendly-2048;/Users/rar9993/repos/research/fdroid_apps/similar_fdroid_vibe_apps/privacy-friendly-2048/NONE_TRANSFORMED_/app/src/main/res/layout/fragment_stats4.xml;file:/Users/rar9993/repos/research/fdroid_apps/similar_fdroid_vibe_apps/privacy-friendly-2048/NONE_TRANSFORMED_/app/src/main/res/layout/fragment_stats4.xml|line:307
UselessLeaf;Lint;/Users/rar9993/repos/research/fdroid_apps/similar_fdroid_vibe_apps/privacy-friendly-2048;/Users/rar9993/repos/research/fdroid_apps/similar_fdroid_vibe_apps/privacy-friendly-2048/NONE_TRANSFORMED_/app/src/main/res/layout/fragment_stats1.xml;file:/Users/rar9993/repos/research/fdroid_apps/similar_fdroid_vibe_apps/privacy-friendly-2048/NONE_TRANSFORMED_/app/src/main/res/layout/fragment_stats1.xml|line:205
UnusedIds;Lint;/Users/rar9993/repos/research/fdroid_apps/similar_fdroid_vibe_apps/privacy-friendly-2048;/Users/rar9993/repos/research/fdroid_apps/similar_fdroid_vibe_apps/privacy-friendly-2048/NONE_TRANSFORMED_/app/src/main/res/layout/activity_about.xml;file:/Users/rar9993/repos/research/fdroid_apps/similar_fdroid_vibe_apps/privacy-friendly-2048/NONE_TRANSFORMED_/app/src/main/res/layout/activity_about.xml|line:83
ObsoleteLayoutParam;Lint;/Users/rar9993/repos/research/fdroid_apps/similar_fdroid_vibe_apps/privacy-friendly-2048;/Users/rar9993/repos/research/fdroid_apps/similar_fdroid_vibe_apps/privacy-friendly-2048/NONE_TRANSFORMED_/app/src/main/res/layout-land/fragment_stats2.xml;file:/Users/rar9993/repos/research/fdroid_apps/similar_fdroid_vibe_apps/privacy-friendly-2048/NONE_TRANSFORMED_/app/src/main/res/layout-land/fragment_stats2.xml|line:156
DisableBaselineAlignment;Lint;/Users/rar9993/repos/research/fdroid_apps/similar_fdroid_vibe_apps/privacy-friendly-2048;/Users/rar9993/repos/research/fdroid_apps/similar_fdroid_vibe_apps/privacy-friendly-2048/NONE_TRANSFORMED_/app/src/main/res/layout/fragment_stats1.xml;file:/Users/rar9993/repos/research/fdroid_apps/similar_fdroid_vibe_apps/privacy-friendly-2048/NONE_TRANSFORMED_/app/src/main/res/layout/fragment_stats1.xml|line:173
UselessParent;Lint;/Users/rar9993/repos/research/fdroid_apps/similar_fdroid_vibe_apps/privacy-friendly-2048;/Users/rar9993/repos/research/fdroid_apps/similar_fdroid_vibe_apps/privacy-friendly-2048/NONE_TRANSFORMED_/app/src/main/res/layout/tutorial_slide4.xml;file:/Users/rar9993/repos/research/fdroid_apps/similar_fdroid_vibe_apps/privacy-friendly-2048/NONE_TRANSFORMED_/app/src/main/res/layout/tutorial_slide4.xml|line:7
SyntheticAccessor;Lint;/Users/rar9993/repos/research/fdroid_apps/similar_fdroid_vibe_apps/privacy-friendly-2048;/Users/rar9993/repos/research/fdroid_apps/similar_fdroid_vibe_apps/privacy-friendly-2048/NONE_TRANSFORMED_/app/src/main/java/org/secuso/privacyfriendly2048/activities/MainActivity.java;file:/Users/rar9993/repos/research/fdroid_apps/similar_fdroid_vibe_apps/privacy-friendly-2048/NONE_TRANSFORMED_/app/src/main/java/org/secuso/privacyfriendly2048/activities/MainActivity.java|line:239
UselessParent;Lint;/Users/rar9993/repos/research/fdroid_apps/similar_fdroid_vibe_apps/privacy-friendly-2048;/Users/rar9993/repos/research/fdroid_apps/similar_fdroid_vibe_apps/privacy-friendly-2048/NONE_TRANSFORMED_/app/src/main/res/layout-land/fragment_stats3.xml;file:/Users/rar9993/repos/research/fdroid_apps/similar_fdroid_vibe_apps/privacy-friendly-2048/NONE_TRANSFORMED_/app/src/main/res/layout-land/fragment_stats3.xml|line:371
ObsoleteLayoutParam;Lint;/Users/rar9993/repos/research/fdroid_apps/similar_fdroid_vibe_apps/privacy-friendly-2048;/Users/rar9993/repos/research/fdroid_apps/similar_fdroid_vibe_apps/privacy-friendly-2048/NONE_TRANSFORMED_/app/src/main/res/layout-land/fragment_stats1.xml;file:/Users/rar9993/repos/research/fdroid_apps/similar_fdroid_vibe_apps/privacy-friendly-2048/NONE_TRANSFORMED_/app/src/main/res/layout-land/fragment_stats1.xml|line:156
DisableBaselineAlignment;Lint;/Users/rar9993/repos/research/fdroid_apps/similar_fdroid_vibe_apps/privacy-friendly-2048;/Users/rar9993/repos/research/fdroid_apps/similar_fdroid_vibe_apps/privacy-friendly-2048/NONE_TRANSFORMED_/app/src/main/res/layout-land/fragment_stats1.xml;file:/Users/rar9993/repos/research/fdroid_apps/similar_fdroid_vibe_apps/privacy-friendly-2048/NONE_TRANSFORMED_/app/src/main/res/layout-land/fragment_stats1.xml|line:170
SyntheticAccessor;Lint;/Users/rar9993/repos/research/fdroid_apps/similar_fdroid_vibe_apps/privacy-friendly-2048;/Users/rar9993/repos/research/fdroid_apps/similar_fdroid_vibe_apps/privacy-friendly-2048/NONE_TRANSFORMED_/app/src/main/java/org/secuso/privacyfriendly2048/activities/MainActivity.java;file:/Users/rar9993/repos/research/fdroid_apps/similar_fdroid_vibe_apps/privacy-friendly-2048/NONE_TRANSFORMED_/app/src/main/java/org/secuso/privacyfriendly2048/activities/MainActivity.java|line:314
SyntheticAccessor;Lint;/Users/rar9993/repos/research/fdroid_apps/similar_fdroid_vibe_apps/privacy-friendly-2048;/Users/rar9993/repos/research/fdroid_apps/similar_fdroid_vibe_apps/privacy-friendly-2048/NONE_TRANSFORMED_/app/src/main/java/org/secuso/privacyfriendly2048/activities/StatsActivity.java;file:/Users/rar9993/repos/research/fdroid_apps/similar_fdroid_vibe_apps/privacy-friendly-2048/NONE_TRANSFORMED_/app/src/main/java/org/secuso/privacyfriendly2048/activities/StatsActivity.java|line:318
UselessLeaf;Lint;/Users/rar9993/repos/research/fdroid_apps/similar_fdroid_vibe_apps/privacy-friendly-2048;/Users/rar9993/repos/research/fdroid_apps/similar_fdroid_vibe_apps/privacy-friendly-2048/NONE_TRANSFORMED_/app/src/main/res/layout/fragment_stats3.xml;file:/Users/rar9993/repos/research/fdroid_apps/similar_fdroid_vibe_apps/privacy-friendly-2048/NONE_TRANSFORMED_/app/src/main/res/layout/fragment_stats3.xml|line:205
SyntheticAccessor;Lint;/Users/rar9993/repos/research/fdroid_apps/similar_fdroid_vibe_apps/privacy-friendly-2048;/Users/rar9993/repos/research/fdroid_apps/similar_fdroid_vibe_apps/privacy-friendly-2048/NONE_TRANSFORMED_/app/src/main/java/org/secuso/privacyfriendly2048/activities/TutorialActivity.java;file:/Users/rar9993/repos/research/fdroid_apps/similar_fdroid_vibe_apps/privacy-friendly-2048/NONE_TRANSFORMED_/app/src/main/java/org/secuso/privacyfriendly2048/activities/TutorialActivity.java|line:174
UselessParent;Lint;/Users/rar9993/repos/research/fdroid_apps/similar_fdroid_vibe_apps/privacy-friendly-2048;/Users/rar9993/repos/research/fdroid_apps/similar_fdroid_vibe_apps/privacy-friendly-2048/NONE_TRANSFORMED_/app/src/main/res/layout-land/fragment_stats1.xml;file:/Users/rar9993/repos/research/fdroid_apps/similar_fdroid_vibe_apps/privacy-friendly-2048/NONE_TRANSFORMED_/app/src/main/res/layout-land/fragment_stats1.xml|line:52
RedundantNamespace;Lint;/Users/rar9993/repos/research/fdroid_apps/similar_fdroid_vibe_apps/privacy-friendly-2048;/Users/rar9993/repos/research/fdroid_apps/similar_fdroid_vibe_apps/privacy-friendly-2048/NONE_TRANSFORMED_/app/src/main/res/layout/activity_help.xml;file:/Users/rar9993/repos/research/fdroid_apps/similar_fdroid_vibe_apps/privacy-friendly-2048/NONE_TRANSFORMED_/app/src/main/res/layout/activity_help.xml|line:26
DisableBaselineAlignment;Lint;/Users/rar9993/repos/research/fdroid_apps/similar_fdroid_vibe_apps/privacy-friendly-2048;/Users/rar9993/repos/research/fdroid_apps/similar_fdroid_vibe_apps/privacy-friendly-2048/NONE_TRANSFORMED_/app/src/main/res/layout/fragment_stats1.xml;file:/Users/rar9993/repos/research/fdroid_apps/similar_fdroid_vibe_apps/privacy-friendly-2048/NONE_TRANSFORMED_/app/src/main/res/layout/fragment_stats1.xml|line:214
ObsoleteLayoutParam;Lint;/Users/rar9993/repos/research/fdroid_apps/similar_fdroid_vibe_apps/privacy-friendly-2048;/Users/rar9993/repos/research/fdroid_apps/similar_fdroid_vibe_apps/privacy-friendly-2048/NONE_TRANSFORMED_/app/src/main/res/layout-land/fragment_stats4.xml;file:/Users/rar9993/repos/research/fdroid_apps/similar_fdroid_vibe_apps/privacy-friendly-2048/NONE_TRANSFORMED_/app/src/main/res/layout-land/fragment_stats4.xml|line:156
DisableBaselineAlignment;Lint;/Users/rar9993/repos/research/fdroid_apps/similar_fdroid_vibe_apps/privacy-friendly-2048;/Users/rar9993/repos/research/fdroid_apps/similar_fdroid_vibe_apps/privacy-friendly-2048/NONE_TRANSFORMED_/app/src/main/res/layout/fragment_stats2.xml;file:/Users/rar9993/repos/research/fdroid_apps/similar_fdroid_vibe_apps/privacy-friendly-2048/NONE_TRANSFORMED_/app/src/main/res/layout/fragment_stats2.xml|line:214
UseCompoundDrawables;Lint;/Users/rar9993/repos/research/fdroid_apps/similar_fdroid_vibe_apps/privacy-friendly-2048;/Users/rar9993/repos/research/fdroid_apps/similar_fdroid_vibe_apps/privacy-friendly-2048/NONE_TRANSFORMED_/app/src/main/res/layout-land/tutorial_slide2.xml;file:/Users/rar9993/repos/research/fdroid_apps/similar_fdroid_vibe_apps/privacy-friendly-2048/NONE_TRANSFORMED_/app/src/main/res/layout-land/tutorial_slide2.xml|line:20
VectorPath;Lint;/Users/rar9993/repos/research/fdroid_apps/similar_fdroid_vibe_apps/privacy-friendly-2048;/Users/rar9993/repos/research/fdroid_apps/similar_fdroid_vibe_apps/privacy-friendly-2048/NONE_TRANSFORMED_/app/src/main/res/drawable/secuso_logo_white.xml;file:/Users/rar9993/repos/research/fdroid_apps/similar_fdroid_vibe_apps/privacy-friendly-2048/NONE_TRANSFORMED_/app/src/main/res/drawable/secuso_logo_white.xml|line:252
Overdraw;Lint;/Users/rar9993/repos/research/fdroid_apps/similar_fdroid_vibe_apps/privacy-friendly-2048;/Users/rar9993/repos/research/fdroid_apps/similar_fdroid_vibe_apps/privacy-friendly-2048/NONE_TRANSFORMED_/app/src/main/res/layout-land/tutorial_slide3.xml;file:/Users/rar9993/repos/research/fdroid_apps/similar_fdroid_vibe_apps/privacy-friendly-2048/NONE_TRANSFORMED_/app/src/main/res/layout-land/tutorial_slide3.xml|line:5
UselessParent;Lint;/Users/rar9993/repos/research/fdroid_apps/similar_fdroid_vibe_apps/privacy-friendly-2048;/Users/rar9993/repos/research/fdroid_apps/similar_fdroid_vibe_apps/privacy-friendly-2048/NONE_TRANSFORMED_/app/src/main/res/layout-land/fragment_stats1.xml;file:/Users/rar9993/repos/research/fdroid_apps/similar_fdroid_vibe_apps/privacy-friendly-2048/NONE_TRANSFORMED_/app/src/main/res/layout-land/fragment_stats1.xml|line:371
UselessLeaf;Lint;/Users/rar9993/repos/research/fdroid_apps/similar_fdroid_vibe_apps/privacy-friendly-2048;/Users/rar9993/repos/research/fdroid_apps/similar_fdroid_vibe_apps/privacy-friendly-2048/NONE_TRANSFORMED_/app/src/main/res/layout/fragment_stats4.xml;file:/Users/rar9993/repos/research/fdroid_apps/similar_fdroid_vibe_apps/privacy-friendly-2048/NONE_TRANSFORMED_/app/src/main/res/layout/fragment_stats4.xml|line:205
SyntheticAccessor;Lint;/Users/rar9993/repos/research/fdroid_apps/similar_fdroid_vibe_apps/privacy-friendly-2048;/Users/rar9993/repos/research/fdroid_apps/similar_fdroid_vibe_apps/privacy-friendly-2048/NONE_TRANSFORMED_/app/src/main/java/org/secuso/privacyfriendly2048/activities/MainActivity.java;file:/Users/rar9993/repos/research/fdroid_apps/similar_fdroid_vibe_apps/privacy-friendly-2048/NONE_TRANSFORMED_/app/src/main/java/org/secuso/privacyfriendly2048/activities/MainActivity.java|line:148
SyntheticAccessor;Lint;/Users/rar9993/repos/research/fdroid_apps/similar_fdroid_vibe_apps/privacy-friendly-2048;/Users/rar9993/repos/research/fdroid_apps/similar_fdroid_vibe_apps/privacy-friendly-2048/NONE_TRANSFORMED_/app/src/main/java/org/secuso/privacyfriendly2048/activities/GameActivity.java;file:/Users/rar9993/repos/research/fdroid_apps/similar_fdroid_vibe_apps/privacy-friendly-2048/NONE_TRANSFORMED_/app/src/main/java/org/secuso/privacyfriendly2048/activities/GameActivity.java|line:767
ObsoleteLayoutParam;Lint;/Users/rar9993/repos/research/fdroid_apps/similar_fdroid_vibe_apps/privacy-friendly-2048;/Users/rar9993/repos/research/fdroid_apps/similar_fdroid_vibe_apps/privacy-friendly-2048/NONE_TRANSFORMED_/app/src/main/res/layout/fragment_stats1.xml;file:/Users/rar9993/repos/research/fdroid_apps/similar_fdroid_vibe_apps/privacy-friendly-2048/NONE_TRANSFORMED_/app/src/main/res/layout/fragment_stats1.xml|line:127
InefficientWeight;Lint;/Users/rar9993/repos/research/fdroid_apps/similar_fdroid_vibe_apps/privacy-friendly-2048;/Users/rar9993/repos/research/fdroid_apps/similar_fdroid_vibe_apps/privacy-friendly-2048/NONE_TRANSFORMED_/app/src/main/res/layout/fragment_stats4.xml;file:/Users/rar9993/repos/research/fdroid_apps/similar_fdroid_vibe_apps/privacy-friendly-2048/NONE_TRANSFORMED_/app/src/main/res/layout/fragment_stats4.xml|line:394
RedundantNamespace;Lint;/Users/rar9993/repos/research/fdroid_apps/similar_fdroid_vibe_apps/privacy-friendly-2048;/Users/rar9993/repos/research/fdroid_apps/similar_fdroid_vibe_apps/privacy-friendly-2048/NONE_TRANSFORMED_/app/src/main/res/layout-land/activity_main.xml;file:/Users/rar9993/repos/research/fdroid_apps/similar_fdroid_vibe_apps/privacy-friendly-2048/NONE_TRANSFORMED_/app/src/main/res/layout-land/activity_main.xml|line:82
LogConditional;Lint;/Users/rar9993/repos/research/fdroid_apps/similar_fdroid_vibe_apps/privacy-friendly-2048;/Users/rar9993/repos/research/fdroid_apps/similar_fdroid_vibe_apps/privacy-friendly-2048/NONE_TRANSFORMED_/app/src/main/java/org/secuso/privacyfriendly2048/database/DatabaseExporter.java;file:/Users/rar9993/repos/research/fdroid_apps/similar_fdroid_vibe_apps/privacy-friendly-2048/NONE_TRANSFORMED_/app/src/main/java/org/secuso/privacyfriendly2048/database/DatabaseExporter.java|line:141
ObsoleteSdkInt;Lint;/Users/rar9993/repos/research/fdroid_apps/similar_fdroid_vibe_apps/privacy-friendly-2048;/Users/rar9993/repos/research/fdroid_apps/similar_fdroid_vibe_apps/privacy-friendly-2048/NONE_TRANSFORMED_/app/src/main/java/org/secuso/privacyfriendly2048/activities/helper/BaseActivity.java;file:/Users/rar9993/repos/research/fdroid_apps/similar_fdroid_vibe_apps/privacy-friendly-2048/NONE_TRANSFORMED_/app/src/main/java/org/secuso/privacyfriendly2048/activities/helper/BaseActivity.java|line:152
UselessLeaf;Lint;/Users/rar9993/repos/research/fdroid_apps/similar_fdroid_vibe_apps/privacy-friendly-2048;/Users/rar9993/repos/research/fdroid_apps/similar_fdroid_vibe_apps/privacy-friendly-2048/NONE_TRANSFORMED_/app/src/main/res/layout/fragment_stats2.xml;file:/Users/rar9993/repos/research/fdroid_apps/similar_fdroid_vibe_apps/privacy-friendly-2048/NONE_TRANSFORMED_/app/src/main/res/layout/fragment_stats2.xml|line:205
RedundantNamespace;Lint;/Users/rar9993/repos/research/fdroid_apps/similar_fdroid_vibe_apps/privacy-friendly-2048;/Users/rar9993/repos/research/fdroid_apps/similar_fdroid_vibe_apps/privacy-friendly-2048/NONE_TRANSFORMED_/app/src/main/res/layout/activity_help.xml;file:/Users/rar9993/repos/research/fdroid_apps/similar_fdroid_vibe_apps/privacy-friendly-2048/NONE_TRANSFORMED_/app/src/main/res/layout/activity_help.xml|line:25
ObsoleteLayoutParam;Lint;/Users/rar9993/repos/research/fdroid_apps/similar_fdroid_vibe_apps/privacy-friendly-2048;/Users/rar9993/repos/research/fdroid_apps/similar_fdroid_vibe_apps/privacy-friendly-2048/NONE_TRANSFORMED_/app/src/main/res/layout/fragment_stats1.xml;file:/Users/rar9993/repos/research/fdroid_apps/similar_fdroid_vibe_apps/privacy-friendly-2048/NONE_TRANSFORMED_/app/src/main/res/layout/fragment_stats1.xml|line:126
UselessParent;Lint;/Users/rar9993/repos/research/fdroid_apps/similar_fdroid_vibe_apps/privacy-friendly-2048;/Users/rar9993/repos/research/fdroid_apps/similar_fdroid_vibe_apps/privacy-friendly-2048/NONE_TRANSFORMED_/app/src/main/res/layout-land/fragment_stats2.xml;file:/Users/rar9993/repos/research/fdroid_apps/similar_fdroid_vibe_apps/privacy-friendly-2048/NONE_TRANSFORMED_/app/src/main/res/layout-land/fragment_stats2.xml|line:284
ObsoleteSdkInt;Lint;/Users/rar9993/repos/research/fdroid_apps/similar_fdroid_vibe_apps/privacy-friendly-2048;/Users/rar9993/repos/research/fdroid_apps/similar_fdroid_vibe_apps/privacy-friendly-2048/NONE_TRANSFORMED_/app/src/main/java/org/secuso/privacyfriendly2048/activities/MainActivity.java;file:/Users/rar9993/repos/research/fdroid_apps/similar_fdroid_vibe_apps/privacy-friendly-2048/NONE_TRANSFORMED_/app/src/main/java/org/secuso/privacyfriendly2048/activities/MainActivity.java|line:200
DisableBaselineAlignment;Lint;/Users/rar9993/repos/research/fdroid_apps/similar_fdroid_vibe_apps/privacy-friendly-2048;/Users/rar9993/repos/research/fdroid_apps/similar_fdroid_vibe_apps/privacy-friendly-2048/NONE_TRANSFORMED_/app/src/main/res/layout/fragment_stats3.xml;file:/Users/rar9993/repos/research/fdroid_apps/similar_fdroid_vibe_apps/privacy-friendly-2048/NONE_TRANSFORMED_/app/src/main/res/layout/fragment_stats3.xml|line:173
UselessParent;Lint;/Users/rar9993/repos/research/fdroid_apps/similar_fdroid_vibe_apps/privacy-friendly-2048;/Users/rar9993/repos/research/fdroid_apps/similar_fdroid_vibe_apps/privacy-friendly-2048/NONE_TRANSFORMED_/app/src/main/res/layout-land/fragment_stats2.xml;file:/Users/rar9993/repos/research/fdroid_apps/similar_fdroid_vibe_apps/privacy-friendly-2048/NONE_TRANSFORMED_/app/src/main/res/layout-land/fragment_stats2.xml|line:330
VectorPath;Lint;/Users/rar9993/repos/research/fdroid_apps/similar_fdroid_vibe_apps/privacy-friendly-2048;/Users/rar9993/repos/research/fdroid_apps/similar_fdroid_vibe_apps/privacy-friendly-2048/NONE_TRANSFORMED_/app/src/main/res/drawable/secuso_logo_black.xml;file:/Users/rar9993/repos/research/fdroid_apps/similar_fdroid_vibe_apps/privacy-friendly-2048/NONE_TRANSFORMED_/app/src/main/res/drawable/secuso_logo_black.xml|line:244
VectorPath;Lint;/Users/rar9993/repos/research/fdroid_apps/similar_fdroid_vibe_apps/privacy-friendly-2048;/Users/rar9993/repos/research/fdroid_apps/similar_fdroid_vibe_apps/privacy-friendly-2048/NONE_TRANSFORMED_/app/src/main/res/drawable/secuso_logo_black.xml;file:/Users/rar9993/repos/research/fdroid_apps/similar_fdroid_vibe_apps/privacy-friendly-2048/NONE_TRANSFORMED_/app/src/main/res/drawable/secuso_logo_black.xml|line:254
ObsoleteLayoutParam;Lint;/Users/rar9993/repos/research/fdroid_apps/similar_fdroid_vibe_apps/privacy-friendly-2048;/Users/rar9993/repos/research/fdroid_apps/similar_fdroid_vibe_apps/privacy-friendly-2048/NONE_TRANSFORMED_/app/src/main/res/layout-land/activity_main.xml;file:/Users/rar9993/repos/research/fdroid_apps/similar_fdroid_vibe_apps/privacy-friendly-2048/NONE_TRANSFORMED_/app/src/main/res/layout-land/activity_main.xml|line:49
DisableBaselineAlignment;Lint;/Users/rar9993/repos/research/fdroid_apps/similar_fdroid_vibe_apps/privacy-friendly-2048;/Users/rar9993/repos/research/fdroid_apps/similar_fdroid_vibe_apps/privacy-friendly-2048/NONE_TRANSFORMED_/app/src/main/res/layout/fragment_stats1.xml;file:/Users/rar9993/repos/research/fdroid_apps/similar_fdroid_vibe_apps/privacy-friendly-2048/NONE_TRANSFORMED_/app/src/main/res/layout/fragment_stats1.xml|line:140
UselessParent;Lint;/Users/rar9993/repos/research/fdroid_apps/similar_fdroid_vibe_apps/privacy-friendly-2048;/Users/rar9993/repos/research/fdroid_apps/similar_fdroid_vibe_apps/privacy-friendly-2048/NONE_TRANSFORMED_/app/src/main/res/layout/tutorial_slide1.xml;file:/Users/rar9993/repos/research/fdroid_apps/similar_fdroid_vibe_apps/privacy-friendly-2048/NONE_TRANSFORMED_/app/src/main/res/layout/tutorial_slide1.xml|line:7
SyntheticAccessor;Lint;/Users/rar9993/repos/research/fdroid_apps/similar_fdroid_vibe_apps/privacy-friendly-2048;/Users/rar9993/repos/research/fdroid_apps/similar_fdroid_vibe_apps/privacy-friendly-2048/NONE_TRANSFORMED_/app/src/main/java/org/secuso/privacyfriendly2048/activities/TutorialActivity.java;file:/Users/rar9993/repos/research/fdroid_apps/similar_fdroid_vibe_apps/privacy-friendly-2048/NONE_TRANSFORMED_/app/src/main/java/org/secuso/privacyfriendly2048/activities/TutorialActivity.java|line:179
UselessParent;Lint;/Users/rar9993/repos/research/fdroid_apps/similar_fdroid_vibe_apps/privacy-friendly-2048;/Users/rar9993/repos/research/fdroid_apps/similar_fdroid_vibe_apps/privacy-friendly-2048/NONE_TRANSFORMED_/app/src/main/res/layout-land/fragment_stats2.xml;file:/Users/rar9993/repos/research/fdroid_apps/similar_fdroid_vibe_apps/privacy-friendly-2048/NONE_TRANSFORMED_/app/src/main/res/layout-land/fragment_stats2.xml|line:371
RedundantNamespace;Lint;/Users/rar9993/repos/research/fdroid_apps/similar_fdroid_vibe_apps/privacy-friendly-2048;/Users/rar9993/repos/research/fdroid_apps/similar_fdroid_vibe_apps/privacy-friendly-2048/NONE_TRANSFORMED_/app/src/main/res/layout-land/activity_game.xml;file:/Users/rar9993/repos/research/fdroid_apps/similar_fdroid_vibe_apps/privacy-friendly-2048/NONE_TRANSFORMED_/app/src/main/res/layout-land/activity_game.xml|line:11
RedundantNamespace;Lint;/Users/rar9993/repos/research/fdroid_apps/similar_fdroid_vibe_apps/privacy-friendly-2048;/Users/rar9993/repos/research/fdroid_apps/similar_fdroid_vibe_apps/privacy-friendly-2048/NONE_TRANSFORMED_/app/src/main/res/drawable/splash_screen.xml;file:/Users/rar9993/repos/research/fdroid_apps/similar_fdroid_vibe_apps/privacy-friendly-2048/NONE_TRANSFORMED_/app/src/main/res/drawable/splash_screen.xml|line:6
InefficientWeight;Lint;/Users/rar9993/repos/research/fdroid_apps/similar_fdroid_vibe_apps/privacy-friendly-2048;/Users/rar9993/repos/research/fdroid_apps/similar_fdroid_vibe_apps/privacy-friendly-2048/NONE_TRANSFORMED_/app/src/main/res/layout-land/fragment_stats1.xml;file:/Users/rar9993/repos/research/fdroid_apps/similar_fdroid_vibe_apps/privacy-friendly-2048/NONE_TRANSFORMED_/app/src/main/res/layout-land/fragment_stats1.xml|line:54
DisableBaselineAlignment;Lint;/Users/rar9993/repos/research/fdroid_apps/similar_fdroid_vibe_apps/privacy-friendly-2048;/Users/rar9993/repos/research/fdroid_apps/similar_fdroid_vibe_apps/privacy-friendly-2048/NONE_TRANSFORMED_/app/src/main/res/layout-land/activity_game.xml;file:/Users/rar9993/repos/research/fdroid_apps/similar_fdroid_vibe_apps/privacy-friendly-2048/NONE_TRANSFORMED_/app/src/main/res/layout-land/activity_game.xml|line:29
InefficientWeight;Lint;/Users/rar9993/repos/research/fdroid_apps/similar_fdroid_vibe_apps/privacy-friendly-2048;/Users/rar9993/repos/research/fdroid_apps/similar_fdroid_vibe_apps/privacy-friendly-2048/NONE_TRANSFORMED_/app/src/main/res/layout-land/fragment_stats2.xml;file:/Users/rar9993/repos/research/fdroid_apps/similar_fdroid_vibe_apps/privacy-friendly-2048/NONE_TRANSFORMED_/app/src/main/res/layout-land/fragment_stats2.xml|line:54
UselessParent;Lint;/Users/rar9993/repos/research/fdroid_apps/similar_fdroid_vibe_apps/privacy-friendly-2048;/Users/rar9993/repos/research/fdroid_apps/similar_fdroid_vibe_apps/privacy-friendly-2048/NONE_TRANSFORMED_/app/src/main/res/layout-land/fragment_stats1.xml;file:/Users/rar9993/repos/research/fdroid_apps/similar_fdroid_vibe_apps/privacy-friendly-2048/NONE_TRANSFORMED_/app/src/main/res/layout-land/fragment_stats1.xml|line:284
RedundantNamespace;Lint;/Users/rar9993/repos/research/fdroid_apps/similar_fdroid_vibe_apps/privacy-friendly-2048;/Users/rar9993/repos/research/fdroid_apps/similar_fdroid_vibe_apps/privacy-friendly-2048/NONE_TRANSFORMED_/app/src/main/res/layout/activity_help.xml;file:/Users/rar9993/repos/research/fdroid_apps/similar_fdroid_vibe_apps/privacy-friendly-2048/NONE_TRANSFORMED_/app/src/main/res/layout/activity_help.xml|line:13
ObsoleteLayoutParam;Lint;/Users/rar9993/repos/research/fdroid_apps/similar_fdroid_vibe_apps/privacy-friendly-2048;/Users/rar9993/repos/research/fdroid_apps/similar_fdroid_vibe_apps/privacy-friendly-2048/NONE_TRANSFORMED_/app/src/main/res/layout-land/activity_main.xml;file:/Users/rar9993/repos/research/fdroid_apps/similar_fdroid_vibe_apps/privacy-friendly-2048/NONE_TRANSFORMED_/app/src/main/res/layout-land/activity_main.xml|line:102
RedundantNamespace;Lint;/Users/rar9993/repos/research/fdroid_apps/similar_fdroid_vibe_apps/privacy-friendly-2048;/Users/rar9993/repos/research/fdroid_apps/similar_fdroid_vibe_apps/privacy-friendly-2048/NONE_TRANSFORMED_/app/src/main/res/layout-land/activity_main.xml;file:/Users/rar9993/repos/research/fdroid_apps/similar_fdroid_vibe_apps/privacy-friendly-2048/NONE_TRANSFORMED_/app/src/main/res/layout-land/activity_main.xml|line:81
InefficientWeight;Lint;/Users/rar9993/repos/research/fdroid_apps/similar_fdroid_vibe_apps/privacy-friendly-2048;/Users/rar9993/repos/research/fdroid_apps/similar_fdroid_vibe_apps/privacy-friendly-2048/NONE_TRANSFORMED_/app/src/main/res/layout-land/fragment_stats3.xml;file:/Users/rar9993/repos/research/fdroid_apps/similar_fdroid_vibe_apps/privacy-friendly-2048/NONE_TRANSFORMED_/app/src/main/res/layout-land/fragment_stats3.xml|line:286
SyntheticAccessor;Lint;/Users/rar9993/repos/research/fdroid_apps/similar_fdroid_vibe_apps/privacy-friendly-2048;/Users/rar9993/repos/research/fdroid_apps/similar_fdroid_vibe_apps/privacy-friendly-2048/NONE_TRANSFORMED_/app/src/main/java/org/secuso/privacyfriendly2048/activities/TutorialActivity.java;file:/Users/rar9993/repos/research/fdroid_apps/similar_fdroid_vibe_apps/privacy-friendly-2048/NONE_TRANSFORMED_/app/src/main/java/org/secuso/privacyfriendly2048/activities/TutorialActivity.java|line:128
ObsoleteLayoutParam;Lint;/Users/rar9993/repos/research/fdroid_apps/similar_fdroid_vibe_apps/privacy-friendly-2048;/Users/rar9993/repos/research/fdroid_apps/similar_fdroid_vibe_apps/privacy-friendly-2048/NONE_TRANSFORMED_/app/src/main/res/layout/fragment_stats2.xml;file:/Users/rar9993/repos/research/fdroid_apps/similar_fdroid_vibe_apps/privacy-friendly-2048/NONE_TRANSFORMED_/app/src/main/res/layout/fragment_stats2.xml|line:126
VectorPath;Lint;/Users/rar9993/repos/research/fdroid_apps/similar_fdroid_vibe_apps/privacy-friendly-2048;/Users/rar9993/repos/research/fdroid_apps/similar_fdroid_vibe_apps/privacy-friendly-2048/NONE_TRANSFORMED_/app/src/main/res/drawable/secuso_logo_black.xml;file:/Users/rar9993/repos/research/fdroid_apps/similar_fdroid_vibe_apps/privacy-friendly-2048/NONE_TRANSFORMED_/app/src/main/res/drawable/secuso_logo_black.xml|line:200
RedundantNamespace;Lint;/Users/rar9993/repos/research/fdroid_apps/similar_fdroid_vibe_apps/privacy-friendly-2048;/Users/rar9993/repos/research/fdroid_apps/similar_fdroid_vibe_apps/privacy-friendly-2048/NONE_TRANSFORMED_/app/src/main/res/layout-land/activity_game.xml;file:/Users/rar9993/repos/research/fdroid_apps/similar_fdroid_vibe_apps/privacy-friendly-2048/NONE_TRANSFORMED_/app/src/main/res/layout-land/activity_game.xml|line:13
SyntheticAccessor;Lint;/Users/rar9993/repos/research/fdroid_apps/similar_fdroid_vibe_apps/privacy-friendly-2048;/Users/rar9993/repos/research/fdroid_apps/similar_fdroid_vibe_apps/privacy-friendly-2048/NONE_TRANSFORMED_/app/src/main/java/org/secuso/privacyfriendly2048/activities/TutorialActivity.java;file:/Users/rar9993/repos/research/fdroid_apps/similar_fdroid_vibe_apps/privacy-friendly-2048/NONE_TRANSFORMED_/app/src/main/java/org/secuso/privacyfriendly2048/activities/TutorialActivity.java|line:123
ObsoleteLayoutParam;Lint;/Users/rar9993/repos/research/fdroid_apps/similar_fdroid_vibe_apps/privacy-friendly-2048;/Users/rar9993/repos/research/fdroid_apps/similar_fdroid_vibe_apps/privacy-friendly-2048/NONE_TRANSFORMED_/app/src/main/res/layout-land/activity_main.xml;file:/Users/rar9993/repos/research/fdroid_apps/similar_fdroid_vibe_apps/privacy-friendly-2048/NONE_TRANSFORMED_/app/src/main/res/layout-land/activity_main.xml|line:101
SyntheticAccessor;Lint;/Users/rar9993/repos/research/fdroid_apps/similar_fdroid_vibe_apps/privacy-friendly-2048;/Users/rar9993/repos/research/fdroid_apps/similar_fdroid_vibe_apps/privacy-friendly-2048/NONE_TRANSFORMED_/app/src/main/java/org/secuso/privacyfriendly2048/activities/MainActivity.java;file:/Users/rar9993/repos/research/fdroid_apps/similar_fdroid_vibe_apps/privacy-friendly-2048/NONE_TRANSFORMED_/app/src/main/java/org/secuso/privacyfriendly2048/activities/MainActivity.java|line:151
InefficientWeight;Lint;/Users/rar9993/repos/research/fdroid_apps/similar_fdroid_vibe_apps/privacy-friendly-2048;/Users/rar9993/repos/research/fdroid_apps/similar_fdroid_vibe_apps/privacy-friendly-2048/NONE_TRANSFORMED_/app/src/main/res/layout-land/fragment_stats4.xml;file:/Users/rar9993/repos/research/fdroid_apps/similar_fdroid_vibe_apps/privacy-friendly-2048/NONE_TRANSFORMED_/app/src/main/res/layout-land/fragment_stats4.xml|line:332
RedundantNamespace;Lint;/Users/rar9993/repos/research/fdroid_apps/similar_fdroid_vibe_apps/privacy-friendly-2048;/Users/rar9993/repos/research/fdroid_apps/similar_fdroid_vibe_apps/privacy-friendly-2048/NONE_TRANSFORMED_/app/src/main/res/layout/activity_about.xml;file:/Users/rar9993/repos/research/fdroid_apps/similar_fdroid_vibe_apps/privacy-friendly-2048/NONE_TRANSFORMED_/app/src/main/res/layout/activity_about.xml|line:10
InefficientWeight;Lint;/Users/rar9993/repos/research/fdroid_apps/similar_fdroid_vibe_apps/privacy-friendly-2048;/Users/rar9993/repos/research/fdroid_apps/similar_fdroid_vibe_apps/privacy-friendly-2048/NONE_TRANSFORMED_/app/src/main/res/layout-land/fragment_stats2.xml;file:/Users/rar9993/repos/research/fdroid_apps/similar_fdroid_vibe_apps/privacy-friendly-2048/NONE_TRANSFORMED_/app/src/main/res/layout-land/fragment_stats2.xml|line:286
UselessParent;Lint;/Users/rar9993/repos/research/fdroid_apps/similar_fdroid_vibe_apps/privacy-friendly-2048;/Users/rar9993/repos/research/fdroid_apps/similar_fdroid_vibe_apps/privacy-friendly-2048/NONE_TRANSFORMED_/app/src/main/res/layout-land/fragment_stats3.xml;file:/Users/rar9993/repos/research/fdroid_apps/similar_fdroid_vibe_apps/privacy-friendly-2048/NONE_TRANSFORMED_/app/src/main/res/layout-land/fragment_stats3.xml|line:330
InefficientWeight;Lint;/Users/rar9993/repos/research/fdroid_apps/similar_fdroid_vibe_apps/privacy-friendly-2048;/Users/rar9993/repos/research/fdroid_apps/similar_fdroid_vibe_apps/privacy-friendly-2048/NONE_TRANSFORMED_/app/src/main/res/layout-land/fragment_stats4.xml;file:/Users/rar9993/repos/research/fdroid_apps/similar_fdroid_vibe_apps/privacy-friendly-2048/NONE_TRANSFORMED_/app/src/main/res/layout-land/fragment_stats4.xml|line:54
ObsoleteLayoutParam;Lint;/Users/rar9993/repos/research/fdroid_apps/similar_fdroid_vibe_apps/privacy-friendly-2048;/Users/rar9993/repos/research/fdroid_apps/similar_fdroid_vibe_apps/privacy-friendly-2048/NONE_TRANSFORMED_/app/src/main/res/layout/fragment_stats3.xml;file:/Users/rar9993/repos/research/fdroid_apps/similar_fdroid_vibe_apps/privacy-friendly-2048/NONE_TRANSFORMED_/app/src/main/res/layout/fragment_stats3.xml|line:127
ObsoleteSdkInt;Lint;/Users/rar9993/repos/research/fdroid_apps/similar_fdroid_vibe_apps/privacy-friendly-2048;/Users/rar9993/repos/research/fdroid_apps/similar_fdroid_vibe_apps/privacy-friendly-2048/NONE_TRANSFORMED_/app/src/main/java/org/secuso/privacyfriendly2048/activities/MainActivity.java;file:/Users/rar9993/repos/research/fdroid_apps/similar_fdroid_vibe_apps/privacy-friendly-2048/NONE_TRANSFORMED_/app/src/main/java/org/secuso/privacyfriendly2048/activities/MainActivity.java|line:295
DisableBaselineAlignment;Lint;/Users/rar9993/repos/research/fdroid_apps/similar_fdroid_vibe_apps/privacy-friendly-2048;/Users/rar9993/repos/research/fdroid_apps/similar_fdroid_vibe_apps/privacy-friendly-2048/NONE_TRANSFORMED_/app/src/main/res/layout/fragment_stats3.xml;file:/Users/rar9993/repos/research/fdroid_apps/similar_fdroid_vibe_apps/privacy-friendly-2048/NONE_TRANSFORMED_/app/src/main/res/layout/fragment_stats3.xml|line:140
InefficientWeight;Lint;/Users/rar9993/repos/research/fdroid_apps/similar_fdroid_vibe_apps/privacy-friendly-2048;/Users/rar9993/repos/research/fdroid_apps/similar_fdroid_vibe_apps/privacy-friendly-2048/NONE_TRANSFORMED_/app/src/main/res/layout/fragment_stats1.xml;file:/Users/rar9993/repos/research/fdroid_apps/similar_fdroid_vibe_apps/privacy-friendly-2048/NONE_TRANSFORMED_/app/src/main/res/layout/fragment_stats1.xml|line:394
VectorPath;Lint;/Users/rar9993/repos/research/fdroid_apps/similar_fdroid_vibe_apps/privacy-friendly-2048;/Users/rar9993/repos/research/fdroid_apps/similar_fdroid_vibe_apps/privacy-friendly-2048/NONE_TRANSFORMED_/app/src/main/res/drawable/secuso_logo_black.xml;file:/Users/rar9993/repos/research/fdroid_apps/similar_fdroid_vibe_apps/privacy-friendly-2048/NONE_TRANSFORMED_/app/src/main/res/drawable/secuso_logo_black.xml|line:259
DisableBaselineAlignment;Lint;/Users/rar9993/repos/research/fdroid_apps/similar_fdroid_vibe_apps/privacy-friendly-2048;/Users/rar9993/repos/research/fdroid_apps/similar_fdroid_vibe_apps/privacy-friendly-2048/NONE_TRANSFORMED_/app/src/main/res/layout-land/fragment_stats1.xml;file:/Users/rar9993/repos/research/fdroid_apps/similar_fdroid_vibe_apps/privacy-friendly-2048/NONE_TRANSFORMED_/app/src/main/res/layout-land/fragment_stats1.xml|line:241
UselessParent;Lint;/Users/rar9993/repos/research/fdroid_apps/similar_fdroid_vibe_apps/privacy-friendly-2048;/Users/rar9993/repos/research/fdroid_apps/similar_fdroid_vibe_apps/privacy-friendly-2048/NONE_TRANSFORMED_/app/src/main/res/layout-land/fragment_stats4.xml;file:/Users/rar9993/repos/research/fdroid_apps/similar_fdroid_vibe_apps/privacy-friendly-2048/NONE_TRANSFORMED_/app/src/main/res/layout-land/fragment_stats4.xml|line:52
InefficientWeight;Lint;/Users/rar9993/repos/research/fdroid_apps/similar_fdroid_vibe_apps/privacy-friendly-2048;/Users/rar9993/repos/research/fdroid_apps/similar_fdroid_vibe_apps/privacy-friendly-2048/NONE_TRANSFORMED_/app/src/main/res/layout-land/fragment_stats4.xml;file:/Users/rar9993/repos/research/fdroid_apps/similar_fdroid_vibe_apps/privacy-friendly-2048/NONE_TRANSFORMED_/app/src/main/res/layout-land/fragment_stats4.xml|line:373
SyntheticAccessor;Lint;/Users/rar9993/repos/research/fdroid_apps/similar_fdroid_vibe_apps/privacy-friendly-2048;/Users/rar9993/repos/research/fdroid_apps/similar_fdroid_vibe_apps/privacy-friendly-2048/NONE_TRANSFORMED_/app/src/main/java/org/secuso/privacyfriendly2048/activities/MainActivity.java;file:/Users/rar9993/repos/research/fdroid_apps/similar_fdroid_vibe_apps/privacy-friendly-2048/NONE_TRANSFORMED_/app/src/main/java/org/secuso/privacyfriendly2048/activities/MainActivity.java|line:241
ObsoleteLayoutParam;Lint;/Users/rar9993/repos/research/fdroid_apps/similar_fdroid_vibe_apps/privacy-friendly-2048;/Users/rar9993/repos/research/fdroid_apps/similar_fdroid_vibe_apps/privacy-friendly-2048/NONE_TRANSFORMED_/app/src/main/res/layout/fragment_stats4.xml;file:/Users/rar9993/repos/research/fdroid_apps/similar_fdroid_vibe_apps/privacy-friendly-2048/NONE_TRANSFORMED_/app/src/main/res/layout/fragment_stats4.xml|line:127
DisableBaselineAlignment;Lint;/Users/rar9993/repos/research/fdroid_apps/similar_fdroid_vibe_apps/privacy-friendly-2048;/Users/rar9993/repos/research/fdroid_apps/similar_fdroid_vibe_apps/privacy-friendly-2048/NONE_TRANSFORMED_/app/src/main/res/layout/fragment_stats1.xml;file:/Users/rar9993/repos/research/fdroid_apps/similar_fdroid_vibe_apps/privacy-friendly-2048/NONE_TRANSFORMED_/app/src/main/res/layout/fragment_stats1.xml|line:307
ObsoleteLayoutParam;Lint;/Users/rar9993/repos/research/fdroid_apps/similar_fdroid_vibe_apps/privacy-friendly-2048;/Users/rar9993/repos/research/fdroid_apps/similar_fdroid_vibe_apps/privacy-friendly-2048/NONE_TRANSFORMED_/app/src/main/res/layout/fragment_stats3.xml;file:/Users/rar9993/repos/research/fdroid_apps/similar_fdroid_vibe_apps/privacy-friendly-2048/NONE_TRANSFORMED_/app/src/main/res/layout/fragment_stats3.xml|line:126
ObsoleteSdkInt;Lint;/Users/rar9993/repos/research/fdroid_apps/similar_fdroid_vibe_apps/privacy-friendly-2048;/Users/rar9993/repos/research/fdroid_apps/similar_fdroid_vibe_apps/privacy-friendly-2048/NONE_TRANSFORMED_/app/src/main/java/org/secuso/privacyfriendly2048/activities/SettingsActivity.java;file:/Users/rar9993/repos/research/fdroid_apps/similar_fdroid_vibe_apps/privacy-friendly-2048/NONE_TRANSFORMED_/app/src/main/java/org/secuso/privacyfriendly2048/activities/SettingsActivity.java|line:202
NextIntViaNextDouble;SpotBugs;/Users/rar9993/repos/research/fdroid_apps/similar_fdroid_vibe_apps/privacy-friendly-2048;org/secuso/privacyfriendly2048/activities/GameActivity.java;file:org/secuso/privacyfriendly2048/activities/GameActivity.java|line:1011
StringBufferConcatenation;SpotBugs;/Users/rar9993/repos/research/fdroid_apps/similar_fdroid_vibe_apps/privacy-friendly-2048;org/secuso/privacyfriendly2048/activities/GameActivity.java;file:org/secuso/privacyfriendly2048/activities/GameActivity.java|line:801
FieldShouldBeStatic;SpotBugs;/Users/rar9993/repos/research/fdroid_apps/similar_fdroid_vibe_apps/privacy-friendly-2048;org/secuso/privacyfriendly2048/activities/GameActivity.java;file:org/secuso/privacyfriendly2048/activities/GameActivity.java|line:110
FieldShouldBeStatic;SpotBugs;/Users/rar9993/repos/research/fdroid_apps/similar_fdroid_vibe_apps/privacy-friendly-2048;org/secuso/privacyfriendly2048/activities/GameActivity.java;file:org/secuso/privacyfriendly2048/activities/GameActivity.java|line:109
LeakingInnerClass;SpotBugs;/Users/rar9993/repos/research/fdroid_apps/similar_fdroid_vibe_apps/privacy-friendly-2048;org/secuso/privacyfriendly2048/activities/GameActivity.java;file:org/secuso/privacyfriendly2048/activities/GameActivity.java|line:953
StringBufferConcatenation;SpotBugs;/Users/rar9993/repos/research/fdroid_apps/similar_fdroid_vibe_apps/privacy-friendly-2048;org/secuso/privacyfriendly2048/activities/helper/GameState.java;file:org/secuso/privacyfriendly2048/activities/helper/GameState.java|line:117
UnreadField;SpotBugs;/Users/rar9993/repos/research/fdroid_apps/similar_fdroid_vibe_apps/privacy-friendly-2048;org/secuso/privacyfriendly2048/activities/helper/Gestures.java;file:org/secuso/privacyfriendly2048/activities/helper/Gestures.java|line:36
FieldShouldBeStatic;SpotBugs;/Users/rar9993/repos/research/fdroid_apps/similar_fdroid_vibe_apps/privacy-friendly-2048;org/secuso/privacyfriendly2048/database/DatabaseExporter.java;file:org/secuso/privacyfriendly2048/database/DatabaseExporter.java|line:42
UnreadField;SpotBugs;/Users/rar9993/repos/research/fdroid_apps/similar_fdroid_vibe_apps/privacy-friendly-2048;org/secuso/privacyfriendly2048/helpers/FirstLaunchManager.java;file:org/secuso/privacyfriendly2048/helpers/FirstLaunchManager.java|line:46
