Issue;Tool;Project;File;Location
UnclosedCloseable;aDoctor;/Users/rar9993/repos/research/fdroid_apps/native_apps/RaumBaller/NONE_TRANSFORMED_;/Users/rar9993/repos/research/fdroid_apps/native_apps/RaumBaller/app/src/main/java/jgame/impl/ImageMap.java;file:/Users/rar9993/repos/research/fdroid_apps/native_apps/RaumBaller/app/src/main/java/jgame/impl/ImageMap.java|class:jgame.impl.ImageMap
MemberIgnoringMethod;aDoctor;/Users/rar9993/repos/research/fdroid_apps/native_apps/RaumBaller/NONE_TRANSFORMED_;/Users/rar9993/repos/research/fdroid_apps/native_apps/RaumBaller/app/src/main/java/jgame/impl/JGEngineInterface.java;file:/Users/rar9993/repos/research/fdroid_apps/native_apps/RaumBaller/app/src/main/java/jgame/impl/JGEngineInterface.java|class:jgame.impl.JGEngineInterface
MemberIgnoringMethod;aDoctor;/Users/rar9993/repos/research/fdroid_apps/native_apps/RaumBaller/NONE_TRANSFORMED_;/Users/rar9993/repos/research/fdroid_apps/native_apps/RaumBaller/app/src/main/java/jgame/impl/SortedArray.java;file:/Users/rar9993/repos/research/fdroid_apps/native_apps/RaumBaller/app/src/main/java/jgame/impl/SortedArray.java|class:jgame.impl.SortedArray
SlowForLoop;aDoctor;/Users/rar9993/repos/research/fdroid_apps/native_apps/RaumBaller/NONE_TRANSFORMED_;/Users/rar9993/repos/research/fdroid_apps/native_apps/RaumBaller/app/src/main/java/jgame/impl/SortedArray.java;file:/Users/rar9993/repos/research/fdroid_apps/native_apps/RaumBaller/app/src/main/java/jgame/impl/SortedArray.java|class:jgame.impl.SortedArray
LeakingInnerClass;aDoctor;/Users/rar9993/repos/research/fdroid_apps/native_apps/RaumBaller/NONE_TRANSFORMED_;/Users/rar9993/repos/research/fdroid_apps/native_apps/RaumBaller/app/src/main/java/jgame/impl/EngineLogic.java;file:/Users/rar9993/repos/research/fdroid_apps/native_apps/RaumBaller/app/src/main/java/jgame/impl/EngineLogic.java|class:jgame.impl.EngineLogic
MemberIgnoringMethod;aDoctor;/Users/rar9993/repos/research/fdroid_apps/native_apps/RaumBaller/NONE_TRANSFORMED_;/Users/rar9993/repos/research/fdroid_apps/native_apps/RaumBaller/app/src/main/java/jgame/impl/EngineLogic.java;file:/Users/rar9993/repos/research/fdroid_apps/native_apps/RaumBaller/app/src/main/java/jgame/impl/EngineLogic.java|class:jgame.impl.EngineLogic
SlowForLoop;aDoctor;/Users/rar9993/repos/research/fdroid_apps/native_apps/RaumBaller/NONE_TRANSFORMED_;/Users/rar9993/repos/research/fdroid_apps/native_apps/RaumBaller/app/src/main/java/jgame/impl/EngineLogic.java;file:/Users/rar9993/repos/research/fdroid_apps/native_apps/RaumBaller/app/src/main/java/jgame/impl/EngineLogic.java|class:jgame.impl.EngineLogic
UnclosedCloseable;aDoctor;/Users/rar9993/repos/research/fdroid_apps/native_apps/RaumBaller/NONE_TRANSFORMED_;/Users/rar9993/repos/research/fdroid_apps/native_apps/RaumBaller/app/src/main/java/jgame/impl/EngineLogic.java;file:/Users/rar9993/repos/research/fdroid_apps/native_apps/RaumBaller/app/src/main/java/jgame/impl/EngineLogic.java|class:jgame.impl.EngineLogic
MemberIgnoringMethod;aDoctor;/Users/rar9993/repos/research/fdroid_apps/native_apps/RaumBaller/NONE_TRANSFORMED_;/Users/rar9993/repos/research/fdroid_apps/native_apps/RaumBaller/app/src/main/java/jgame/JGRectangle.java;file:/Users/rar9993/repos/research/fdroid_apps/native_apps/RaumBaller/app/src/main/java/jgame/JGRectangle.java|class:jgame.JGRectangle
MemberIgnoringMethod;aDoctor;/Users/rar9993/repos/research/fdroid_apps/native_apps/RaumBaller/NONE_TRANSFORMED_;/Users/rar9993/repos/research/fdroid_apps/native_apps/RaumBaller/app/src/main/java/jgame/JGPoint.java;file:/Users/rar9993/repos/research/fdroid_apps/native_apps/RaumBaller/app/src/main/java/jgame/JGPoint.java|class:jgame.JGPoint
InternalGetterSetter;aDoctor;/Users/rar9993/repos/research/fdroid_apps/native_apps/RaumBaller/NONE_TRANSFORMED_;/Users/rar9993/repos/research/fdroid_apps/native_apps/RaumBaller/app/src/main/java/jgame/JGObject.java;file:/Users/rar9993/repos/research/fdroid_apps/native_apps/RaumBaller/app/src/main/java/jgame/JGObject.java|class:jgame.JGObject
MemberIgnoringMethod;aDoctor;/Users/rar9993/repos/research/fdroid_apps/native_apps/RaumBaller/NONE_TRANSFORMED_;/Users/rar9993/repos/research/fdroid_apps/native_apps/RaumBaller/app/src/main/java/jgame/JGObject.java;file:/Users/rar9993/repos/research/fdroid_apps/native_apps/RaumBaller/app/src/main/java/jgame/JGObject.java|class:jgame.JGObject
UnclosedCloseable;aDoctor;/Users/rar9993/repos/research/fdroid_apps/native_apps/RaumBaller/NONE_TRANSFORMED_;/Users/rar9993/repos/research/fdroid_apps/native_apps/RaumBaller/app/src/main/java/jgame/JGObject.java;file:/Users/rar9993/repos/research/fdroid_apps/native_apps/RaumBaller/app/src/main/java/jgame/JGObject.java|class:jgame.JGObject
UnclosedCloseable;aDoctor;/Users/rar9993/repos/research/fdroid_apps/native_apps/RaumBaller/NONE_TRANSFORMED_;/Users/rar9993/repos/research/fdroid_apps/native_apps/RaumBaller/app/src/main/java/jgame/JGImage.java;file:/Users/rar9993/repos/research/fdroid_apps/native_apps/RaumBaller/app/src/main/java/jgame/JGImage.java|class:jgame.JGImage
SlowForLoop;aDoctor;/Users/rar9993/repos/research/fdroid_apps/native_apps/RaumBaller/NONE_TRANSFORMED_;/Users/rar9993/repos/research/fdroid_apps/native_apps/RaumBaller/app/src/main/java/jgame/Highscore.java;file:/Users/rar9993/repos/research/fdroid_apps/native_apps/RaumBaller/app/src/main/java/jgame/Highscore.java|class:jgame.Highscore
MemberIgnoringMethod;aDoctor;/Users/rar9993/repos/research/fdroid_apps/native_apps/RaumBaller/NONE_TRANSFORMED_;/Users/rar9993/repos/research/fdroid_apps/native_apps/RaumBaller/app/src/main/java/jgame/JGTimer.java;file:/Users/rar9993/repos/research/fdroid_apps/native_apps/RaumBaller/app/src/main/java/jgame/JGTimer.java|class:jgame.JGTimer
LeakingInnerClass;aDoctor;/Users/rar9993/repos/research/fdroid_apps/native_apps/RaumBaller/NONE_TRANSFORMED_;/Users/rar9993/repos/research/fdroid_apps/native_apps/RaumBaller/app/src/main/java/jgame/platform/JGActivity.java;file:/Users/rar9993/repos/research/fdroid_apps/native_apps/RaumBaller/app/src/main/java/jgame/platform/JGActivity.java|class:jgame.platform.JGActivity
NoLowMemoryResolver;aDoctor;/Users/rar9993/repos/research/fdroid_apps/native_apps/RaumBaller/NONE_TRANSFORMED_;/Users/rar9993/repos/research/fdroid_apps/native_apps/RaumBaller/app/src/main/java/jgame/platform/JGActivity.java;file:/Users/rar9993/repos/research/fdroid_apps/native_apps/RaumBaller/app/src/main/java/jgame/platform/JGActivity.java|class:jgame.platform.JGActivity
UnclosedCloseable;aDoctor;/Users/rar9993/repos/research/fdroid_apps/native_apps/RaumBaller/NONE_TRANSFORMED_;/Users/rar9993/repos/research/fdroid_apps/native_apps/RaumBaller/app/src/main/java/jgame/platform/JGActivity.java;file:/Users/rar9993/repos/research/fdroid_apps/native_apps/RaumBaller/app/src/main/java/jgame/platform/JGActivity.java|class:jgame.platform.JGActivity
MemberIgnoringMethod;aDoctor;/Users/rar9993/repos/research/fdroid_apps/native_apps/RaumBaller/NONE_TRANSFORMED_;/Users/rar9993/repos/research/fdroid_apps/native_apps/RaumBaller/app/src/main/java/jgame/platform/SeekBarPreference.java;file:/Users/rar9993/repos/research/fdroid_apps/native_apps/RaumBaller/app/src/main/java/jgame/platform/SeekBarPreference.java|class:jgame.platform.SeekBarPreference
InternalGetterSetter;aDoctor;/Users/rar9993/repos/research/fdroid_apps/native_apps/RaumBaller/NONE_TRANSFORMED_;/Users/rar9993/repos/research/fdroid_apps/native_apps/RaumBaller/app/src/main/java/jgame/platform/AndroidImage.java;file:/Users/rar9993/repos/research/fdroid_apps/native_apps/RaumBaller/app/src/main/java/jgame/platform/AndroidImage.java|class:jgame.platform.AndroidImage
MemberIgnoringMethod;aDoctor;/Users/rar9993/repos/research/fdroid_apps/native_apps/RaumBaller/NONE_TRANSFORMED_;/Users/rar9993/repos/research/fdroid_apps/native_apps/RaumBaller/app/src/main/java/jgame/platform/AndroidImage.java;file:/Users/rar9993/repos/research/fdroid_apps/native_apps/RaumBaller/app/src/main/java/jgame/platform/AndroidImage.java|class:jgame.platform.AndroidImage
SlowForLoop;aDoctor;/Users/rar9993/repos/research/fdroid_apps/native_apps/RaumBaller/NONE_TRANSFORMED_;/Users/rar9993/repos/research/fdroid_apps/native_apps/RaumBaller/app/src/main/java/jgame/platform/AndroidImage.java;file:/Users/rar9993/repos/research/fdroid_apps/native_apps/RaumBaller/app/src/main/java/jgame/platform/AndroidImage.java|class:jgame.platform.AndroidImage
LeakingInnerClass;aDoctor;/Users/rar9993/repos/research/fdroid_apps/native_apps/RaumBaller/NONE_TRANSFORMED_;/Users/rar9993/repos/research/fdroid_apps/native_apps/RaumBaller/app/src/main/java/jgame/platform/JGEngine.java;file:/Users/rar9993/repos/research/fdroid_apps/native_apps/RaumBaller/app/src/main/java/jgame/platform/JGEngine.java|class:jgame.platform.JGEngine
MemberIgnoringMethod;aDoctor;/Users/rar9993/repos/research/fdroid_apps/native_apps/RaumBaller/NONE_TRANSFORMED_;/Users/rar9993/repos/research/fdroid_apps/native_apps/RaumBaller/app/src/main/java/jgame/platform/JGEngine.java;file:/Users/rar9993/repos/research/fdroid_apps/native_apps/RaumBaller/app/src/main/java/jgame/platform/JGEngine.java|class:jgame.platform.JGEngine
NoLowMemoryResolver;aDoctor;/Users/rar9993/repos/research/fdroid_apps/native_apps/RaumBaller/NONE_TRANSFORMED_;/Users/rar9993/repos/research/fdroid_apps/native_apps/RaumBaller/app/src/main/java/jgame/platform/JGEngine.java;file:/Users/rar9993/repos/research/fdroid_apps/native_apps/RaumBaller/app/src/main/java/jgame/platform/JGEngine.java|class:jgame.platform.JGEngine
SlowForLoop;aDoctor;/Users/rar9993/repos/research/fdroid_apps/native_apps/RaumBaller/NONE_TRANSFORMED_;/Users/rar9993/repos/research/fdroid_apps/native_apps/RaumBaller/app/src/main/java/jgame/platform/JGEngine.java;file:/Users/rar9993/repos/research/fdroid_apps/native_apps/RaumBaller/app/src/main/java/jgame/platform/JGEngine.java|class:jgame.platform.JGEngine
UnclosedCloseable;aDoctor;/Users/rar9993/repos/research/fdroid_apps/native_apps/RaumBaller/NONE_TRANSFORMED_;/Users/rar9993/repos/research/fdroid_apps/native_apps/RaumBaller/app/src/main/java/jgame/platform/JGEngine.java;file:/Users/rar9993/repos/research/fdroid_apps/native_apps/RaumBaller/app/src/main/java/jgame/platform/JGEngine.java|class:jgame.platform.JGEngine
LeakingInnerClass;aDoctor;/Users/rar9993/repos/research/fdroid_apps/native_apps/RaumBaller/NONE_TRANSFORMED_;/Users/rar9993/repos/research/fdroid_apps/native_apps/RaumBaller/app/src/main/java/jgame/platform/StdGame.java;file:/Users/rar9993/repos/research/fdroid_apps/native_apps/RaumBaller/app/src/main/java/jgame/platform/StdGame.java|class:jgame.platform.StdGame
MemberIgnoringMethod;aDoctor;/Users/rar9993/repos/research/fdroid_apps/native_apps/RaumBaller/NONE_TRANSFORMED_;/Users/rar9993/repos/research/fdroid_apps/native_apps/RaumBaller/app/src/main/java/jgame/platform/StdGame.java;file:/Users/rar9993/repos/research/fdroid_apps/native_apps/RaumBaller/app/src/main/java/jgame/platform/StdGame.java|class:jgame.platform.StdGame
SlowForLoop;aDoctor;/Users/rar9993/repos/research/fdroid_apps/native_apps/RaumBaller/NONE_TRANSFORMED_;/Users/rar9993/repos/research/fdroid_apps/native_apps/RaumBaller/app/src/main/java/jgame/platform/StdGame.java;file:/Users/rar9993/repos/research/fdroid_apps/native_apps/RaumBaller/app/src/main/java/jgame/platform/StdGame.java|class:jgame.platform.StdGame
MemberIgnoringMethod;aDoctor;/Users/rar9993/repos/research/fdroid_apps/native_apps/RaumBaller/NONE_TRANSFORMED_;/Users/rar9993/repos/research/fdroid_apps/native_apps/RaumBaller/app/src/main/java/jgame/platform/JGPreferences.java;file:/Users/rar9993/repos/research/fdroid_apps/native_apps/RaumBaller/app/src/main/java/jgame/platform/JGPreferences.java|class:jgame.platform.JGPreferences
NoLowMemoryResolver;aDoctor;/Users/rar9993/repos/research/fdroid_apps/native_apps/RaumBaller/NONE_TRANSFORMED_;/Users/rar9993/repos/research/fdroid_apps/native_apps/RaumBaller/app/src/main/java/jgame/platform/JGPreferences.java;file:/Users/rar9993/repos/research/fdroid_apps/native_apps/RaumBaller/app/src/main/java/jgame/platform/JGPreferences.java|class:jgame.platform.JGPreferences
SlowForLoop;aDoctor;/Users/rar9993/repos/research/fdroid_apps/native_apps/RaumBaller/NONE_TRANSFORMED_;/Users/rar9993/repos/research/fdroid_apps/native_apps/RaumBaller/app/src/main/java/jgame/platform/JGPreferences.java;file:/Users/rar9993/repos/research/fdroid_apps/native_apps/RaumBaller/app/src/main/java/jgame/platform/JGPreferences.java|class:jgame.platform.JGPreferences
SlowForLoop;aDoctor;/Users/rar9993/repos/research/fdroid_apps/native_apps/RaumBaller/NONE_TRANSFORMED_;/Users/rar9993/repos/research/fdroid_apps/native_apps/RaumBaller/app/src/main/java/com/kaeruct/raumballer/background/BGImage.java;file:/Users/rar9993/repos/research/fdroid_apps/native_apps/RaumBaller/app/src/main/java/com/kaeruct/raumballer/background/BGImage.java|class:com.kaeruct.raumballer.background.BGImage
UnclosedCloseable;aDoctor;/Users/rar9993/repos/research/fdroid_apps/native_apps/RaumBaller/NONE_TRANSFORMED_;/Users/rar9993/repos/research/fdroid_apps/native_apps/RaumBaller/app/src/main/java/com/kaeruct/raumballer/background/BGImage.java;file:/Users/rar9993/repos/research/fdroid_apps/native_apps/RaumBaller/app/src/main/java/com/kaeruct/raumballer/background/BGImage.java|class:com.kaeruct.raumballer.background.BGImage
MemberIgnoringMethod;aDoctor;/Users/rar9993/repos/research/fdroid_apps/native_apps/RaumBaller/NONE_TRANSFORMED_;/Users/rar9993/repos/research/fdroid_apps/native_apps/RaumBaller/app/src/main/java/com/kaeruct/raumballer/AndroidGame.java;file:/Users/rar9993/repos/research/fdroid_apps/native_apps/RaumBaller/app/src/main/java/com/kaeruct/raumballer/AndroidGame.java|class:com.kaeruct.raumballer.AndroidGame
SlowForLoop;aDoctor;/Users/rar9993/repos/research/fdroid_apps/native_apps/RaumBaller/NONE_TRANSFORMED_;/Users/rar9993/repos/research/fdroid_apps/native_apps/RaumBaller/app/src/main/java/com/kaeruct/raumballer/AndroidGame.java;file:/Users/rar9993/repos/research/fdroid_apps/native_apps/RaumBaller/app/src/main/java/com/kaeruct/raumballer/AndroidGame.java|class:com.kaeruct.raumballer.AndroidGame
MemberIgnoringMethod;aDoctor;/Users/rar9993/repos/research/fdroid_apps/native_apps/RaumBaller/NONE_TRANSFORMED_;/Users/rar9993/repos/research/fdroid_apps/native_apps/RaumBaller/app/src/main/java/com/kaeruct/raumballer/LevelReader.java;file:/Users/rar9993/repos/research/fdroid_apps/native_apps/RaumBaller/app/src/main/java/com/kaeruct/raumballer/LevelReader.java|class:com.kaeruct.raumballer.LevelReader
SlowForLoop;aDoctor;/Users/rar9993/repos/research/fdroid_apps/native_apps/RaumBaller/NONE_TRANSFORMED_;/Users/rar9993/repos/research/fdroid_apps/native_apps/RaumBaller/app/src/main/java/com/kaeruct/raumballer/LevelReader.java;file:/Users/rar9993/repos/research/fdroid_apps/native_apps/RaumBaller/app/src/main/java/com/kaeruct/raumballer/LevelReader.java|class:com.kaeruct.raumballer.LevelReader
MemberIgnoringMethod;aDoctor;/Users/rar9993/repos/research/fdroid_apps/native_apps/RaumBaller/NONE_TRANSFORMED_;/Users/rar9993/repos/research/fdroid_apps/native_apps/RaumBaller/app/src/main/java/com/kaeruct/raumballer/bullet/Bullet.java;file:/Users/rar9993/repos/research/fdroid_apps/native_apps/RaumBaller/app/src/main/java/com/kaeruct/raumballer/bullet/Bullet.java|class:com.kaeruct.raumballer.bullet.Bullet
SlowForLoop;aDoctor;/Users/rar9993/repos/research/fdroid_apps/native_apps/RaumBaller/NONE_TRANSFORMED_;/Users/rar9993/repos/research/fdroid_apps/native_apps/RaumBaller/app/src/main/java/com/kaeruct/raumballer/cannon/CombinedCannon.java;file:/Users/rar9993/repos/research/fdroid_apps/native_apps/RaumBaller/app/src/main/java/com/kaeruct/raumballer/cannon/CombinedCannon.java|class:com.kaeruct.raumballer.cannon.CombinedCannon
MemberIgnoringMethod;aDoctor;/Users/rar9993/repos/research/fdroid_apps/native_apps/RaumBaller/NONE_TRANSFORMED_;/Users/rar9993/repos/research/fdroid_apps/native_apps/RaumBaller/app/src/main/java/com/kaeruct/raumballer/cannon/Cannon.java;file:/Users/rar9993/repos/research/fdroid_apps/native_apps/RaumBaller/app/src/main/java/com/kaeruct/raumballer/cannon/Cannon.java|class:com.kaeruct.raumballer.cannon.Cannon
SlowForLoop;aDoctor;/Users/rar9993/repos/research/fdroid_apps/native_apps/RaumBaller/NONE_TRANSFORMED_;/Users/rar9993/repos/research/fdroid_apps/native_apps/RaumBaller/app/src/main/java/com/kaeruct/raumballer/wave/SparkEyeWave.java;file:/Users/rar9993/repos/research/fdroid_apps/native_apps/RaumBaller/app/src/main/java/com/kaeruct/raumballer/wave/SparkEyeWave.java|class:com.kaeruct.raumballer.wave.SparkEyeWave
InternalGetterSetter;aDoctor;/Users/rar9993/repos/research/fdroid_apps/native_apps/RaumBaller/NONE_TRANSFORMED_;/Users/rar9993/repos/research/fdroid_apps/native_apps/RaumBaller/app/src/main/java/com/kaeruct/raumballer/wave/Wave.java;file:/Users/rar9993/repos/research/fdroid_apps/native_apps/RaumBaller/app/src/main/java/com/kaeruct/raumballer/wave/Wave.java|class:com.kaeruct.raumballer.wave.Wave
MemberIgnoringMethod;aDoctor;/Users/rar9993/repos/research/fdroid_apps/native_apps/RaumBaller/NONE_TRANSFORMED_;/Users/rar9993/repos/research/fdroid_apps/native_apps/RaumBaller/app/src/main/java/com/kaeruct/raumballer/wave/Wave.java;file:/Users/rar9993/repos/research/fdroid_apps/native_apps/RaumBaller/app/src/main/java/com/kaeruct/raumballer/wave/Wave.java|class:com.kaeruct.raumballer.wave.Wave
SlowForLoop;aDoctor;/Users/rar9993/repos/research/fdroid_apps/native_apps/RaumBaller/NONE_TRANSFORMED_;/Users/rar9993/repos/research/fdroid_apps/native_apps/RaumBaller/app/src/main/java/com/kaeruct/raumballer/wave/BobbaWave.java;file:/Users/rar9993/repos/research/fdroid_apps/native_apps/RaumBaller/app/src/main/java/com/kaeruct/raumballer/wave/BobbaWave.java|class:com.kaeruct.raumballer.wave.BobbaWave
InternalGetterSetter;aDoctor;/Users/rar9993/repos/research/fdroid_apps/native_apps/RaumBaller/NONE_TRANSFORMED_;/Users/rar9993/repos/research/fdroid_apps/native_apps/RaumBaller/app/src/main/java/com/kaeruct/raumballer/ship/Ship.java;file:/Users/rar9993/repos/research/fdroid_apps/native_apps/RaumBaller/app/src/main/java/com/kaeruct/raumballer/ship/Ship.java|class:com.kaeruct.raumballer.ship.Ship
MemberIgnoringMethod;aDoctor;/Users/rar9993/repos/research/fdroid_apps/native_apps/RaumBaller/NONE_TRANSFORMED_;/Users/rar9993/repos/research/fdroid_apps/native_apps/RaumBaller/app/src/main/java/com/kaeruct/raumballer/ship/Ship.java;file:/Users/rar9993/repos/research/fdroid_apps/native_apps/RaumBaller/app/src/main/java/com/kaeruct/raumballer/ship/Ship.java|class:com.kaeruct.raumballer.ship.Ship
SlowForLoop;aDoctor;/Users/rar9993/repos/research/fdroid_apps/native_apps/RaumBaller/NONE_TRANSFORMED_;/Users/rar9993/repos/research/fdroid_apps/native_apps/RaumBaller/app/src/main/java/com/kaeruct/raumballer/ship/Ship.java;file:/Users/rar9993/repos/research/fdroid_apps/native_apps/RaumBaller/app/src/main/java/com/kaeruct/raumballer/ship/Ship.java|class:com.kaeruct.raumballer.ship.Ship
MemberIgnoringMethod;aDoctor;/Users/rar9993/repos/research/fdroid_apps/native_apps/RaumBaller/NONE_TRANSFORMED_;/Users/rar9993/repos/research/fdroid_apps/native_apps/RaumBaller/app/src/main/java/com/kaeruct/raumballer/gamestates/ShooterGameOver.java;file:/Users/rar9993/repos/research/fdroid_apps/native_apps/RaumBaller/app/src/main/java/com/kaeruct/raumballer/gamestates/ShooterGameOver.java|class:com.kaeruct.raumballer.gamestates.ShooterGameOver
SlowForLoop;aDoctor;/Users/rar9993/repos/research/fdroid_apps/native_apps/RaumBaller/NONE_TRANSFORMED_;/Users/rar9993/repos/research/fdroid_apps/native_apps/RaumBaller/app/src/main/java/com/kaeruct/raumballer/gamestates/ShooterTitle.java;file:/Users/rar9993/repos/research/fdroid_apps/native_apps/RaumBaller/app/src/main/java/com/kaeruct/raumballer/gamestates/ShooterTitle.java|class:com.kaeruct.raumballer.gamestates.ShooterTitle
MemberIgnoringMethod;aDoctor;/Users/rar9993/repos/research/fdroid_apps/native_apps/RaumBaller/NONE_TRANSFORMED_;/Users/rar9993/repos/research/fdroid_apps/native_apps/RaumBaller/app/src/main/java/com/kaeruct/raumballer/gamestates/GameState.java;file:/Users/rar9993/repos/research/fdroid_apps/native_apps/RaumBaller/app/src/main/java/com/kaeruct/raumballer/gamestates/GameState.java|class:com.kaeruct.raumballer.gamestates.GameState
RedundantFieldInitializer;PMD;/Users/rar9993/repos/research/fdroid_apps/native_apps/RaumBaller/NONE_TRANSFORMED_;/Users/rar9993/repos/research/fdroid_apps/native_apps/RaumBaller/app/src/main/java/com/kaeruct/raumballer/AndroidGame.java;file:/Users/rar9993/repos/research/fdroid_apps/native_apps/RaumBaller/app/src/main/java/com/kaeruct/raumballer/AndroidGame.java|line:30
RedundantFieldInitializer;PMD;/Users/rar9993/repos/research/fdroid_apps/native_apps/RaumBaller/NONE_TRANSFORMED_;/Users/rar9993/repos/research/fdroid_apps/native_apps/RaumBaller/app/src/main/java/com/kaeruct/raumballer/AndroidGame.java;file:/Users/rar9993/repos/research/fdroid_apps/native_apps/RaumBaller/app/src/main/java/com/kaeruct/raumballer/AndroidGame.java|line:41
RedundantFieldInitializer;PMD;/Users/rar9993/repos/research/fdroid_apps/native_apps/RaumBaller/NONE_TRANSFORMED_;/Users/rar9993/repos/research/fdroid_apps/native_apps/RaumBaller/app/src/main/java/com/kaeruct/raumballer/AndroidGame.java;file:/Users/rar9993/repos/research/fdroid_apps/native_apps/RaumBaller/app/src/main/java/com/kaeruct/raumballer/AndroidGame.java|line:50
AvoidInstantiatingObjectsInLoops;PMD;/Users/rar9993/repos/research/fdroid_apps/native_apps/RaumBaller/NONE_TRANSFORMED_;/Users/rar9993/repos/research/fdroid_apps/native_apps/RaumBaller/app/src/main/java/com/kaeruct/raumballer/AndroidGame.java;file:/Users/rar9993/repos/research/fdroid_apps/native_apps/RaumBaller/app/src/main/java/com/kaeruct/raumballer/AndroidGame.java|line:152
AvoidInstantiatingObjectsInLoops;PMD;/Users/rar9993/repos/research/fdroid_apps/native_apps/RaumBaller/NONE_TRANSFORMED_;/Users/rar9993/repos/research/fdroid_apps/native_apps/RaumBaller/app/src/main/java/com/kaeruct/raumballer/background/BGImage.java;file:/Users/rar9993/repos/research/fdroid_apps/native_apps/RaumBaller/app/src/main/java/com/kaeruct/raumballer/background/BGImage.java|line:41
AvoidInstantiatingObjectsInLoops;PMD;/Users/rar9993/repos/research/fdroid_apps/native_apps/RaumBaller/NONE_TRANSFORMED_;/Users/rar9993/repos/research/fdroid_apps/native_apps/RaumBaller/app/src/main/java/com/kaeruct/raumballer/ship/Ship.java;file:/Users/rar9993/repos/research/fdroid_apps/native_apps/RaumBaller/app/src/main/java/com/kaeruct/raumballer/ship/Ship.java|line:114
AvoidInstantiatingObjectsInLoops;PMD;/Users/rar9993/repos/research/fdroid_apps/native_apps/RaumBaller/NONE_TRANSFORMED_;/Users/rar9993/repos/research/fdroid_apps/native_apps/RaumBaller/app/src/main/java/com/kaeruct/raumballer/ship/Ship.java;file:/Users/rar9993/repos/research/fdroid_apps/native_apps/RaumBaller/app/src/main/java/com/kaeruct/raumballer/ship/Ship.java|line:116
AvoidInstantiatingObjectsInLoops;PMD;/Users/rar9993/repos/research/fdroid_apps/native_apps/RaumBaller/NONE_TRANSFORMED_;/Users/rar9993/repos/research/fdroid_apps/native_apps/RaumBaller/app/src/main/java/com/kaeruct/raumballer/ship/Ship.java;file:/Users/rar9993/repos/research/fdroid_apps/native_apps/RaumBaller/app/src/main/java/com/kaeruct/raumballer/ship/Ship.java|line:117
AvoidInstantiatingObjectsInLoops;PMD;/Users/rar9993/repos/research/fdroid_apps/native_apps/RaumBaller/NONE_TRANSFORMED_;/Users/rar9993/repos/research/fdroid_apps/native_apps/RaumBaller/app/src/main/java/com/kaeruct/raumballer/ship/Ship.java;file:/Users/rar9993/repos/research/fdroid_apps/native_apps/RaumBaller/app/src/main/java/com/kaeruct/raumballer/ship/Ship.java|line:118
RedundantFieldInitializer;PMD;/Users/rar9993/repos/research/fdroid_apps/native_apps/RaumBaller/NONE_TRANSFORMED_;/Users/rar9993/repos/research/fdroid_apps/native_apps/RaumBaller/app/src/main/java/com/kaeruct/raumballer/ship/enemy/Asterisk.java;file:/Users/rar9993/repos/research/fdroid_apps/native_apps/RaumBaller/app/src/main/java/com/kaeruct/raumballer/ship/enemy/Asterisk.java|line:13
RedundantFieldInitializer;PMD;/Users/rar9993/repos/research/fdroid_apps/native_apps/RaumBaller/NONE_TRANSFORMED_;/Users/rar9993/repos/research/fdroid_apps/native_apps/RaumBaller/app/src/main/java/com/kaeruct/raumballer/ship/enemy/Asterisk.java;file:/Users/rar9993/repos/research/fdroid_apps/native_apps/RaumBaller/app/src/main/java/com/kaeruct/raumballer/ship/enemy/Asterisk.java|line:14
RedundantFieldInitializer;PMD;/Users/rar9993/repos/research/fdroid_apps/native_apps/RaumBaller/NONE_TRANSFORMED_;/Users/rar9993/repos/research/fdroid_apps/native_apps/RaumBaller/app/src/main/java/jgame/Highscore.java;file:/Users/rar9993/repos/research/fdroid_apps/native_apps/RaumBaller/app/src/main/java/jgame/Highscore.java|line:18
UseArrayListInsteadOfVector;PMD;/Users/rar9993/repos/research/fdroid_apps/native_apps/RaumBaller/NONE_TRANSFORMED_;/Users/rar9993/repos/research/fdroid_apps/native_apps/RaumBaller/app/src/main/java/jgame/Highscore.java;file:/Users/rar9993/repos/research/fdroid_apps/native_apps/RaumBaller/app/src/main/java/jgame/Highscore.java|line:109
AvoidInstantiatingObjectsInLoops;PMD;/Users/rar9993/repos/research/fdroid_apps/native_apps/RaumBaller/NONE_TRANSFORMED_;/Users/rar9993/repos/research/fdroid_apps/native_apps/RaumBaller/app/src/main/java/jgame/Highscore.java;file:/Users/rar9993/repos/research/fdroid_apps/native_apps/RaumBaller/app/src/main/java/jgame/Highscore.java|line:113
UseArrayListInsteadOfVector;PMD;/Users/rar9993/repos/research/fdroid_apps/native_apps/RaumBaller/NONE_TRANSFORMED_;/Users/rar9993/repos/research/fdroid_apps/native_apps/RaumBaller/app/src/main/java/jgame/Highscore.java;file:/Users/rar9993/repos/research/fdroid_apps/native_apps/RaumBaller/app/src/main/java/jgame/Highscore.java|line:113
AvoidInstantiatingObjectsInLoops;PMD;/Users/rar9993/repos/research/fdroid_apps/native_apps/RaumBaller/NONE_TRANSFORMED_;/Users/rar9993/repos/research/fdroid_apps/native_apps/RaumBaller/app/src/main/java/jgame/Highscore.java;file:/Users/rar9993/repos/research/fdroid_apps/native_apps/RaumBaller/app/src/main/java/jgame/Highscore.java|line:126
AvoidInstantiatingObjectsInLoops;PMD;/Users/rar9993/repos/research/fdroid_apps/native_apps/RaumBaller/NONE_TRANSFORMED_;/Users/rar9993/repos/research/fdroid_apps/native_apps/RaumBaller/app/src/main/java/jgame/Highscore.java;file:/Users/rar9993/repos/research/fdroid_apps/native_apps/RaumBaller/app/src/main/java/jgame/Highscore.java|line:129
AvoidInstantiatingObjectsInLoops;PMD;/Users/rar9993/repos/research/fdroid_apps/native_apps/RaumBaller/NONE_TRANSFORMED_;/Users/rar9993/repos/research/fdroid_apps/native_apps/RaumBaller/app/src/main/java/jgame/Highscore.java;file:/Users/rar9993/repos/research/fdroid_apps/native_apps/RaumBaller/app/src/main/java/jgame/Highscore.java|line:133
RedundantFieldInitializer;PMD;/Users/rar9993/repos/research/fdroid_apps/native_apps/RaumBaller/NONE_TRANSFORMED_;/Users/rar9993/repos/research/fdroid_apps/native_apps/RaumBaller/app/src/main/java/jgame/JGFont.java;file:/Users/rar9993/repos/research/fdroid_apps/native_apps/RaumBaller/app/src/main/java/jgame/JGFont.java|line:39
RedundantFieldInitializer;PMD;/Users/rar9993/repos/research/fdroid_apps/native_apps/RaumBaller/NONE_TRANSFORMED_;/Users/rar9993/repos/research/fdroid_apps/native_apps/RaumBaller/app/src/main/java/jgame/JGObject.java;file:/Users/rar9993/repos/research/fdroid_apps/native_apps/RaumBaller/app/src/main/java/jgame/JGObject.java|line:106
RedundantFieldInitializer;PMD;/Users/rar9993/repos/research/fdroid_apps/native_apps/RaumBaller/NONE_TRANSFORMED_;/Users/rar9993/repos/research/fdroid_apps/native_apps/RaumBaller/app/src/main/java/jgame/JGObject.java;file:/Users/rar9993/repos/research/fdroid_apps/native_apps/RaumBaller/app/src/main/java/jgame/JGObject.java|line:110
RedundantFieldInitializer;PMD;/Users/rar9993/repos/research/fdroid_apps/native_apps/RaumBaller/NONE_TRANSFORMED_;/Users/rar9993/repos/research/fdroid_apps/native_apps/RaumBaller/app/src/main/java/jgame/JGObject.java;file:/Users/rar9993/repos/research/fdroid_apps/native_apps/RaumBaller/app/src/main/java/jgame/JGObject.java|line:114
RedundantFieldInitializer;PMD;/Users/rar9993/repos/research/fdroid_apps/native_apps/RaumBaller/NONE_TRANSFORMED_;/Users/rar9993/repos/research/fdroid_apps/native_apps/RaumBaller/app/src/main/java/jgame/JGObject.java;file:/Users/rar9993/repos/research/fdroid_apps/native_apps/RaumBaller/app/src/main/java/jgame/JGObject.java|line:114
RedundantFieldInitializer;PMD;/Users/rar9993/repos/research/fdroid_apps/native_apps/RaumBaller/NONE_TRANSFORMED_;/Users/rar9993/repos/research/fdroid_apps/native_apps/RaumBaller/app/src/main/java/jgame/JGObject.java;file:/Users/rar9993/repos/research/fdroid_apps/native_apps/RaumBaller/app/src/main/java/jgame/JGObject.java|line:118
RedundantFieldInitializer;PMD;/Users/rar9993/repos/research/fdroid_apps/native_apps/RaumBaller/NONE_TRANSFORMED_;/Users/rar9993/repos/research/fdroid_apps/native_apps/RaumBaller/app/src/main/java/jgame/JGObject.java;file:/Users/rar9993/repos/research/fdroid_apps/native_apps/RaumBaller/app/src/main/java/jgame/JGObject.java|line:118
RedundantFieldInitializer;PMD;/Users/rar9993/repos/research/fdroid_apps/native_apps/RaumBaller/NONE_TRANSFORMED_;/Users/rar9993/repos/research/fdroid_apps/native_apps/RaumBaller/app/src/main/java/jgame/JGObject.java;file:/Users/rar9993/repos/research/fdroid_apps/native_apps/RaumBaller/app/src/main/java/jgame/JGObject.java|line:143
RedundantFieldInitializer;PMD;/Users/rar9993/repos/research/fdroid_apps/native_apps/RaumBaller/NONE_TRANSFORMED_;/Users/rar9993/repos/research/fdroid_apps/native_apps/RaumBaller/app/src/main/java/jgame/JGObject.java;file:/Users/rar9993/repos/research/fdroid_apps/native_apps/RaumBaller/app/src/main/java/jgame/JGObject.java|line:154
RedundantFieldInitializer;PMD;/Users/rar9993/repos/research/fdroid_apps/native_apps/RaumBaller/NONE_TRANSFORMED_;/Users/rar9993/repos/research/fdroid_apps/native_apps/RaumBaller/app/src/main/java/jgame/JGObject.java;file:/Users/rar9993/repos/research/fdroid_apps/native_apps/RaumBaller/app/src/main/java/jgame/JGObject.java|line:155
RedundantFieldInitializer;PMD;/Users/rar9993/repos/research/fdroid_apps/native_apps/RaumBaller/NONE_TRANSFORMED_;/Users/rar9993/repos/research/fdroid_apps/native_apps/RaumBaller/app/src/main/java/jgame/JGObject.java;file:/Users/rar9993/repos/research/fdroid_apps/native_apps/RaumBaller/app/src/main/java/jgame/JGObject.java|line:156
RedundantFieldInitializer;PMD;/Users/rar9993/repos/research/fdroid_apps/native_apps/RaumBaller/NONE_TRANSFORMED_;/Users/rar9993/repos/research/fdroid_apps/native_apps/RaumBaller/app/src/main/java/jgame/JGObject.java;file:/Users/rar9993/repos/research/fdroid_apps/native_apps/RaumBaller/app/src/main/java/jgame/JGObject.java|line:161
RedundantFieldInitializer;PMD;/Users/rar9993/repos/research/fdroid_apps/native_apps/RaumBaller/NONE_TRANSFORMED_;/Users/rar9993/repos/research/fdroid_apps/native_apps/RaumBaller/app/src/main/java/jgame/JGObject.java;file:/Users/rar9993/repos/research/fdroid_apps/native_apps/RaumBaller/app/src/main/java/jgame/JGObject.java|line:167
RedundantFieldInitializer;PMD;/Users/rar9993/repos/research/fdroid_apps/native_apps/RaumBaller/NONE_TRANSFORMED_;/Users/rar9993/repos/research/fdroid_apps/native_apps/RaumBaller/app/src/main/java/jgame/JGObject.java;file:/Users/rar9993/repos/research/fdroid_apps/native_apps/RaumBaller/app/src/main/java/jgame/JGObject.java|line:171
RedundantFieldInitializer;PMD;/Users/rar9993/repos/research/fdroid_apps/native_apps/RaumBaller/NONE_TRANSFORMED_;/Users/rar9993/repos/research/fdroid_apps/native_apps/RaumBaller/app/src/main/java/jgame/JGObject.java;file:/Users/rar9993/repos/research/fdroid_apps/native_apps/RaumBaller/app/src/main/java/jgame/JGObject.java|line:173
RedundantFieldInitializer;PMD;/Users/rar9993/repos/research/fdroid_apps/native_apps/RaumBaller/NONE_TRANSFORMED_;/Users/rar9993/repos/research/fdroid_apps/native_apps/RaumBaller/app/src/main/java/jgame/JGObject.java;file:/Users/rar9993/repos/research/fdroid_apps/native_apps/RaumBaller/app/src/main/java/jgame/JGObject.java|line:173
RedundantFieldInitializer;PMD;/Users/rar9993/repos/research/fdroid_apps/native_apps/RaumBaller/NONE_TRANSFORMED_;/Users/rar9993/repos/research/fdroid_apps/native_apps/RaumBaller/app/src/main/java/jgame/JGObject.java;file:/Users/rar9993/repos/research/fdroid_apps/native_apps/RaumBaller/app/src/main/java/jgame/JGObject.java|line:179
RedundantFieldInitializer;PMD;/Users/rar9993/repos/research/fdroid_apps/native_apps/RaumBaller/NONE_TRANSFORMED_;/Users/rar9993/repos/research/fdroid_apps/native_apps/RaumBaller/app/src/main/java/jgame/JGObject.java;file:/Users/rar9993/repos/research/fdroid_apps/native_apps/RaumBaller/app/src/main/java/jgame/JGObject.java|line:180
RedundantFieldInitializer;PMD;/Users/rar9993/repos/research/fdroid_apps/native_apps/RaumBaller/NONE_TRANSFORMED_;/Users/rar9993/repos/research/fdroid_apps/native_apps/RaumBaller/app/src/main/java/jgame/JGObject.java;file:/Users/rar9993/repos/research/fdroid_apps/native_apps/RaumBaller/app/src/main/java/jgame/JGObject.java|line:184
RedundantFieldInitializer;PMD;/Users/rar9993/repos/research/fdroid_apps/native_apps/RaumBaller/NONE_TRANSFORMED_;/Users/rar9993/repos/research/fdroid_apps/native_apps/RaumBaller/app/src/main/java/jgame/JGObject.java;file:/Users/rar9993/repos/research/fdroid_apps/native_apps/RaumBaller/app/src/main/java/jgame/JGObject.java|line:185
RedundantFieldInitializer;PMD;/Users/rar9993/repos/research/fdroid_apps/native_apps/RaumBaller/NONE_TRANSFORMED_;/Users/rar9993/repos/research/fdroid_apps/native_apps/RaumBaller/app/src/main/java/jgame/JGObject.java;file:/Users/rar9993/repos/research/fdroid_apps/native_apps/RaumBaller/app/src/main/java/jgame/JGObject.java|line:187
RedundantFieldInitializer;PMD;/Users/rar9993/repos/research/fdroid_apps/native_apps/RaumBaller/NONE_TRANSFORMED_;/Users/rar9993/repos/research/fdroid_apps/native_apps/RaumBaller/app/src/main/java/jgame/JGObject.java;file:/Users/rar9993/repos/research/fdroid_apps/native_apps/RaumBaller/app/src/main/java/jgame/JGObject.java|line:188
RedundantFieldInitializer;PMD;/Users/rar9993/repos/research/fdroid_apps/native_apps/RaumBaller/NONE_TRANSFORMED_;/Users/rar9993/repos/research/fdroid_apps/native_apps/RaumBaller/app/src/main/java/jgame/JGObject.java;file:/Users/rar9993/repos/research/fdroid_apps/native_apps/RaumBaller/app/src/main/java/jgame/JGObject.java|line:189
AddEmptyString;PMD;/Users/rar9993/repos/research/fdroid_apps/native_apps/RaumBaller/NONE_TRANSFORMED_;/Users/rar9993/repos/research/fdroid_apps/native_apps/RaumBaller/app/src/main/java/jgame/JGObject.java;file:/Users/rar9993/repos/research/fdroid_apps/native_apps/RaumBaller/app/src/main/java/jgame/JGObject.java|line:201
AddEmptyString;PMD;/Users/rar9993/repos/research/fdroid_apps/native_apps/RaumBaller/NONE_TRANSFORMED_;/Users/rar9993/repos/research/fdroid_apps/native_apps/RaumBaller/app/src/main/java/jgame/JGObject.java;file:/Users/rar9993/repos/research/fdroid_apps/native_apps/RaumBaller/app/src/main/java/jgame/JGObject.java|line:215
AddEmptyString;PMD;/Users/rar9993/repos/research/fdroid_apps/native_apps/RaumBaller/NONE_TRANSFORMED_;/Users/rar9993/repos/research/fdroid_apps/native_apps/RaumBaller/app/src/main/java/jgame/JGObject.java;file:/Users/rar9993/repos/research/fdroid_apps/native_apps/RaumBaller/app/src/main/java/jgame/JGObject.java|line:233
AddEmptyString;PMD;/Users/rar9993/repos/research/fdroid_apps/native_apps/RaumBaller/NONE_TRANSFORMED_;/Users/rar9993/repos/research/fdroid_apps/native_apps/RaumBaller/app/src/main/java/jgame/JGObject.java;file:/Users/rar9993/repos/research/fdroid_apps/native_apps/RaumBaller/app/src/main/java/jgame/JGObject.java|line:263
AddEmptyString;PMD;/Users/rar9993/repos/research/fdroid_apps/native_apps/RaumBaller/NONE_TRANSFORMED_;/Users/rar9993/repos/research/fdroid_apps/native_apps/RaumBaller/app/src/main/java/jgame/JGObject.java;file:/Users/rar9993/repos/research/fdroid_apps/native_apps/RaumBaller/app/src/main/java/jgame/JGObject.java|line:282
AddEmptyString;PMD;/Users/rar9993/repos/research/fdroid_apps/native_apps/RaumBaller/NONE_TRANSFORMED_;/Users/rar9993/repos/research/fdroid_apps/native_apps/RaumBaller/app/src/main/java/jgame/JGObject.java;file:/Users/rar9993/repos/research/fdroid_apps/native_apps/RaumBaller/app/src/main/java/jgame/JGObject.java|line:300
AddEmptyString;PMD;/Users/rar9993/repos/research/fdroid_apps/native_apps/RaumBaller/NONE_TRANSFORMED_;/Users/rar9993/repos/research/fdroid_apps/native_apps/RaumBaller/app/src/main/java/jgame/JGObject.java;file:/Users/rar9993/repos/research/fdroid_apps/native_apps/RaumBaller/app/src/main/java/jgame/JGObject.java|line:320
AddEmptyString;PMD;/Users/rar9993/repos/research/fdroid_apps/native_apps/RaumBaller/NONE_TRANSFORMED_;/Users/rar9993/repos/research/fdroid_apps/native_apps/RaumBaller/app/src/main/java/jgame/JGObject.java;file:/Users/rar9993/repos/research/fdroid_apps/native_apps/RaumBaller/app/src/main/java/jgame/JGObject.java|line:340
AddEmptyString;PMD;/Users/rar9993/repos/research/fdroid_apps/native_apps/RaumBaller/NONE_TRANSFORMED_;/Users/rar9993/repos/research/fdroid_apps/native_apps/RaumBaller/app/src/main/java/jgame/JGObject.java;file:/Users/rar9993/repos/research/fdroid_apps/native_apps/RaumBaller/app/src/main/java/jgame/JGObject.java|line:360
AddEmptyString;PMD;/Users/rar9993/repos/research/fdroid_apps/native_apps/RaumBaller/NONE_TRANSFORMED_;/Users/rar9993/repos/research/fdroid_apps/native_apps/RaumBaller/app/src/main/java/jgame/JGObject.java;file:/Users/rar9993/repos/research/fdroid_apps/native_apps/RaumBaller/app/src/main/java/jgame/JGObject.java|line:381
AddEmptyString;PMD;/Users/rar9993/repos/research/fdroid_apps/native_apps/RaumBaller/NONE_TRANSFORMED_;/Users/rar9993/repos/research/fdroid_apps/native_apps/RaumBaller/app/src/main/java/jgame/JGObject.java;file:/Users/rar9993/repos/research/fdroid_apps/native_apps/RaumBaller/app/src/main/java/jgame/JGObject.java|line:401
AddEmptyString;PMD;/Users/rar9993/repos/research/fdroid_apps/native_apps/RaumBaller/NONE_TRANSFORMED_;/Users/rar9993/repos/research/fdroid_apps/native_apps/RaumBaller/app/src/main/java/jgame/JGObject.java;file:/Users/rar9993/repos/research/fdroid_apps/native_apps/RaumBaller/app/src/main/java/jgame/JGObject.java|line:422
AddEmptyString;PMD;/Users/rar9993/repos/research/fdroid_apps/native_apps/RaumBaller/NONE_TRANSFORMED_;/Users/rar9993/repos/research/fdroid_apps/native_apps/RaumBaller/app/src/main/java/jgame/JGObject.java;file:/Users/rar9993/repos/research/fdroid_apps/native_apps/RaumBaller/app/src/main/java/jgame/JGObject.java|line:443
RedundantFieldInitializer;PMD;/Users/rar9993/repos/research/fdroid_apps/native_apps/RaumBaller/NONE_TRANSFORMED_;/Users/rar9993/repos/research/fdroid_apps/native_apps/RaumBaller/app/src/main/java/jgame/JGPoint.java;file:/Users/rar9993/repos/research/fdroid_apps/native_apps/RaumBaller/app/src/main/java/jgame/JGPoint.java|line:8
RedundantFieldInitializer;PMD;/Users/rar9993/repos/research/fdroid_apps/native_apps/RaumBaller/NONE_TRANSFORMED_;/Users/rar9993/repos/research/fdroid_apps/native_apps/RaumBaller/app/src/main/java/jgame/JGPoint.java;file:/Users/rar9993/repos/research/fdroid_apps/native_apps/RaumBaller/app/src/main/java/jgame/JGPoint.java|line:8
RedundantFieldInitializer;PMD;/Users/rar9993/repos/research/fdroid_apps/native_apps/RaumBaller/NONE_TRANSFORMED_;/Users/rar9993/repos/research/fdroid_apps/native_apps/RaumBaller/app/src/main/java/jgame/JGRectangle.java;file:/Users/rar9993/repos/research/fdroid_apps/native_apps/RaumBaller/app/src/main/java/jgame/JGRectangle.java|line:8
RedundantFieldInitializer;PMD;/Users/rar9993/repos/research/fdroid_apps/native_apps/RaumBaller/NONE_TRANSFORMED_;/Users/rar9993/repos/research/fdroid_apps/native_apps/RaumBaller/app/src/main/java/jgame/JGRectangle.java;file:/Users/rar9993/repos/research/fdroid_apps/native_apps/RaumBaller/app/src/main/java/jgame/JGRectangle.java|line:8
RedundantFieldInitializer;PMD;/Users/rar9993/repos/research/fdroid_apps/native_apps/RaumBaller/NONE_TRANSFORMED_;/Users/rar9993/repos/research/fdroid_apps/native_apps/RaumBaller/app/src/main/java/jgame/JGRectangle.java;file:/Users/rar9993/repos/research/fdroid_apps/native_apps/RaumBaller/app/src/main/java/jgame/JGRectangle.java|line:8
RedundantFieldInitializer;PMD;/Users/rar9993/repos/research/fdroid_apps/native_apps/RaumBaller/NONE_TRANSFORMED_;/Users/rar9993/repos/research/fdroid_apps/native_apps/RaumBaller/app/src/main/java/jgame/JGRectangle.java;file:/Users/rar9993/repos/research/fdroid_apps/native_apps/RaumBaller/app/src/main/java/jgame/JGRectangle.java|line:8
RedundantFieldInitializer;PMD;/Users/rar9993/repos/research/fdroid_apps/native_apps/RaumBaller/NONE_TRANSFORMED_;/Users/rar9993/repos/research/fdroid_apps/native_apps/RaumBaller/app/src/main/java/jgame/JGTimer.java;file:/Users/rar9993/repos/research/fdroid_apps/native_apps/RaumBaller/app/src/main/java/jgame/JGTimer.java|line:21
RedundantFieldInitializer;PMD;/Users/rar9993/repos/research/fdroid_apps/native_apps/RaumBaller/NONE_TRANSFORMED_;/Users/rar9993/repos/research/fdroid_apps/native_apps/RaumBaller/app/src/main/java/jgame/JGTimer.java;file:/Users/rar9993/repos/research/fdroid_apps/native_apps/RaumBaller/app/src/main/java/jgame/JGTimer.java|line:22
RedundantFieldInitializer;PMD;/Users/rar9993/repos/research/fdroid_apps/native_apps/RaumBaller/NONE_TRANSFORMED_;/Users/rar9993/repos/research/fdroid_apps/native_apps/RaumBaller/app/src/main/java/jgame/JGTimer.java;file:/Users/rar9993/repos/research/fdroid_apps/native_apps/RaumBaller/app/src/main/java/jgame/JGTimer.java|line:23
RedundantFieldInitializer;PMD;/Users/rar9993/repos/research/fdroid_apps/native_apps/RaumBaller/NONE_TRANSFORMED_;/Users/rar9993/repos/research/fdroid_apps/native_apps/RaumBaller/app/src/main/java/jgame/JGTimer.java;file:/Users/rar9993/repos/research/fdroid_apps/native_apps/RaumBaller/app/src/main/java/jgame/JGTimer.java|line:24
RedundantFieldInitializer;PMD;/Users/rar9993/repos/research/fdroid_apps/native_apps/RaumBaller/NONE_TRANSFORMED_;/Users/rar9993/repos/research/fdroid_apps/native_apps/RaumBaller/app/src/main/java/jgame/impl/Animation.java;file:/Users/rar9993/repos/research/fdroid_apps/native_apps/RaumBaller/app/src/main/java/jgame/impl/Animation.java|line:6
RedundantFieldInitializer;PMD;/Users/rar9993/repos/research/fdroid_apps/native_apps/RaumBaller/NONE_TRANSFORMED_;/Users/rar9993/repos/research/fdroid_apps/native_apps/RaumBaller/app/src/main/java/jgame/impl/Animation.java;file:/Users/rar9993/repos/research/fdroid_apps/native_apps/RaumBaller/app/src/main/java/jgame/impl/Animation.java|line:10
RedundantFieldInitializer;PMD;/Users/rar9993/repos/research/fdroid_apps/native_apps/RaumBaller/NONE_TRANSFORMED_;/Users/rar9993/repos/research/fdroid_apps/native_apps/RaumBaller/app/src/main/java/jgame/impl/Animation.java;file:/Users/rar9993/repos/research/fdroid_apps/native_apps/RaumBaller/app/src/main/java/jgame/impl/Animation.java|line:11
UseArrayListInsteadOfVector;PMD;/Users/rar9993/repos/research/fdroid_apps/native_apps/RaumBaller/NONE_TRANSFORMED_;/Users/rar9993/repos/research/fdroid_apps/native_apps/RaumBaller/app/src/main/java/jgame/impl/EngineLogic.java;file:/Users/rar9993/repos/research/fdroid_apps/native_apps/RaumBaller/app/src/main/java/jgame/impl/EngineLogic.java|line:24
RedundantFieldInitializer;PMD;/Users/rar9993/repos/research/fdroid_apps/native_apps/RaumBaller/NONE_TRANSFORMED_;/Users/rar9993/repos/research/fdroid_apps/native_apps/RaumBaller/app/src/main/java/jgame/impl/EngineLogic.java;file:/Users/rar9993/repos/research/fdroid_apps/native_apps/RaumBaller/app/src/main/java/jgame/impl/EngineLogic.java|line:35
RedundantFieldInitializer;PMD;/Users/rar9993/repos/research/fdroid_apps/native_apps/RaumBaller/NONE_TRANSFORMED_;/Users/rar9993/repos/research/fdroid_apps/native_apps/RaumBaller/app/src/main/java/jgame/impl/EngineLogic.java;file:/Users/rar9993/repos/research/fdroid_apps/native_apps/RaumBaller/app/src/main/java/jgame/impl/EngineLogic.java|line:38
RedundantFieldInitializer;PMD;/Users/rar9993/repos/research/fdroid_apps/native_apps/RaumBaller/NONE_TRANSFORMED_;/Users/rar9993/repos/research/fdroid_apps/native_apps/RaumBaller/app/src/main/java/jgame/impl/EngineLogic.java;file:/Users/rar9993/repos/research/fdroid_apps/native_apps/RaumBaller/app/src/main/java/jgame/impl/EngineLogic.java|line:39
UseArrayListInsteadOfVector;PMD;/Users/rar9993/repos/research/fdroid_apps/native_apps/RaumBaller/NONE_TRANSFORMED_;/Users/rar9993/repos/research/fdroid_apps/native_apps/RaumBaller/app/src/main/java/jgame/impl/EngineLogic.java;file:/Users/rar9993/repos/research/fdroid_apps/native_apps/RaumBaller/app/src/main/java/jgame/impl/EngineLogic.java|line:47
UseArrayListInsteadOfVector;PMD;/Users/rar9993/repos/research/fdroid_apps/native_apps/RaumBaller/NONE_TRANSFORMED_;/Users/rar9993/repos/research/fdroid_apps/native_apps/RaumBaller/app/src/main/java/jgame/impl/EngineLogic.java;file:/Users/rar9993/repos/research/fdroid_apps/native_apps/RaumBaller/app/src/main/java/jgame/impl/EngineLogic.java|line:51
UseArrayListInsteadOfVector;PMD;/Users/rar9993/repos/research/fdroid_apps/native_apps/RaumBaller/NONE_TRANSFORMED_;/Users/rar9993/repos/research/fdroid_apps/native_apps/RaumBaller/app/src/main/java/jgame/impl/EngineLogic.java;file:/Users/rar9993/repos/research/fdroid_apps/native_apps/RaumBaller/app/src/main/java/jgame/impl/EngineLogic.java|line:56
RedundantFieldInitializer;PMD;/Users/rar9993/repos/research/fdroid_apps/native_apps/RaumBaller/NONE_TRANSFORMED_;/Users/rar9993/repos/research/fdroid_apps/native_apps/RaumBaller/app/src/main/java/jgame/impl/EngineLogic.java;file:/Users/rar9993/repos/research/fdroid_apps/native_apps/RaumBaller/app/src/main/java/jgame/impl/EngineLogic.java|line:63
RedundantFieldInitializer;PMD;/Users/rar9993/repos/research/fdroid_apps/native_apps/RaumBaller/NONE_TRANSFORMED_;/Users/rar9993/repos/research/fdroid_apps/native_apps/RaumBaller/app/src/main/java/jgame/impl/EngineLogic.java;file:/Users/rar9993/repos/research/fdroid_apps/native_apps/RaumBaller/app/src/main/java/jgame/impl/EngineLogic.java|line:67
RedundantFieldInitializer;PMD;/Users/rar9993/repos/research/fdroid_apps/native_apps/RaumBaller/NONE_TRANSFORMED_;/Users/rar9993/repos/research/fdroid_apps/native_apps/RaumBaller/app/src/main/java/jgame/impl/EngineLogic.java;file:/Users/rar9993/repos/research/fdroid_apps/native_apps/RaumBaller/app/src/main/java/jgame/impl/EngineLogic.java|line:102
RedundantFieldInitializer;PMD;/Users/rar9993/repos/research/fdroid_apps/native_apps/RaumBaller/NONE_TRANSFORMED_;/Users/rar9993/repos/research/fdroid_apps/native_apps/RaumBaller/app/src/main/java/jgame/impl/EngineLogic.java;file:/Users/rar9993/repos/research/fdroid_apps/native_apps/RaumBaller/app/src/main/java/jgame/impl/EngineLogic.java|line:124
RedundantFieldInitializer;PMD;/Users/rar9993/repos/research/fdroid_apps/native_apps/RaumBaller/NONE_TRANSFORMED_;/Users/rar9993/repos/research/fdroid_apps/native_apps/RaumBaller/app/src/main/java/jgame/impl/EngineLogic.java;file:/Users/rar9993/repos/research/fdroid_apps/native_apps/RaumBaller/app/src/main/java/jgame/impl/EngineLogic.java|line:124
RedundantFieldInitializer;PMD;/Users/rar9993/repos/research/fdroid_apps/native_apps/RaumBaller/NONE_TRANSFORMED_;/Users/rar9993/repos/research/fdroid_apps/native_apps/RaumBaller/app/src/main/java/jgame/impl/EngineLogic.java;file:/Users/rar9993/repos/research/fdroid_apps/native_apps/RaumBaller/app/src/main/java/jgame/impl/EngineLogic.java|line:124
RedundantFieldInitializer;PMD;/Users/rar9993/repos/research/fdroid_apps/native_apps/RaumBaller/NONE_TRANSFORMED_;/Users/rar9993/repos/research/fdroid_apps/native_apps/RaumBaller/app/src/main/java/jgame/impl/EngineLogic.java;file:/Users/rar9993/repos/research/fdroid_apps/native_apps/RaumBaller/app/src/main/java/jgame/impl/EngineLogic.java|line:124
RedundantFieldInitializer;PMD;/Users/rar9993/repos/research/fdroid_apps/native_apps/RaumBaller/NONE_TRANSFORMED_;/Users/rar9993/repos/research/fdroid_apps/native_apps/RaumBaller/app/src/main/java/jgame/impl/EngineLogic.java;file:/Users/rar9993/repos/research/fdroid_apps/native_apps/RaumBaller/app/src/main/java/jgame/impl/EngineLogic.java|line:150
RedundantFieldInitializer;PMD;/Users/rar9993/repos/research/fdroid_apps/native_apps/RaumBaller/NONE_TRANSFORMED_;/Users/rar9993/repos/research/fdroid_apps/native_apps/RaumBaller/app/src/main/java/jgame/impl/EngineLogic.java;file:/Users/rar9993/repos/research/fdroid_apps/native_apps/RaumBaller/app/src/main/java/jgame/impl/EngineLogic.java|line:150
RedundantFieldInitializer;PMD;/Users/rar9993/repos/research/fdroid_apps/native_apps/RaumBaller/NONE_TRANSFORMED_;/Users/rar9993/repos/research/fdroid_apps/native_apps/RaumBaller/app/src/main/java/jgame/impl/EngineLogic.java;file:/Users/rar9993/repos/research/fdroid_apps/native_apps/RaumBaller/app/src/main/java/jgame/impl/EngineLogic.java|line:159
RedundantFieldInitializer;PMD;/Users/rar9993/repos/research/fdroid_apps/native_apps/RaumBaller/NONE_TRANSFORMED_;/Users/rar9993/repos/research/fdroid_apps/native_apps/RaumBaller/app/src/main/java/jgame/impl/EngineLogic.java;file:/Users/rar9993/repos/research/fdroid_apps/native_apps/RaumBaller/app/src/main/java/jgame/impl/EngineLogic.java|line:159
RedundantFieldInitializer;PMD;/Users/rar9993/repos/research/fdroid_apps/native_apps/RaumBaller/NONE_TRANSFORMED_;/Users/rar9993/repos/research/fdroid_apps/native_apps/RaumBaller/app/src/main/java/jgame/impl/EngineLogic.java;file:/Users/rar9993/repos/research/fdroid_apps/native_apps/RaumBaller/app/src/main/java/jgame/impl/EngineLogic.java|line:165
RedundantFieldInitializer;PMD;/Users/rar9993/repos/research/fdroid_apps/native_apps/RaumBaller/NONE_TRANSFORMED_;/Users/rar9993/repos/research/fdroid_apps/native_apps/RaumBaller/app/src/main/java/jgame/impl/EngineLogic.java;file:/Users/rar9993/repos/research/fdroid_apps/native_apps/RaumBaller/app/src/main/java/jgame/impl/EngineLogic.java|line:165
RedundantFieldInitializer;PMD;/Users/rar9993/repos/research/fdroid_apps/native_apps/RaumBaller/NONE_TRANSFORMED_;/Users/rar9993/repos/research/fdroid_apps/native_apps/RaumBaller/app/src/main/java/jgame/impl/EngineLogic.java;file:/Users/rar9993/repos/research/fdroid_apps/native_apps/RaumBaller/app/src/main/java/jgame/impl/EngineLogic.java|line:174
RedundantFieldInitializer;PMD;/Users/rar9993/repos/research/fdroid_apps/native_apps/RaumBaller/NONE_TRANSFORMED_;/Users/rar9993/repos/research/fdroid_apps/native_apps/RaumBaller/app/src/main/java/jgame/impl/EngineLogic.java;file:/Users/rar9993/repos/research/fdroid_apps/native_apps/RaumBaller/app/src/main/java/jgame/impl/EngineLogic.java|line:174
RedundantFieldInitializer;PMD;/Users/rar9993/repos/research/fdroid_apps/native_apps/RaumBaller/NONE_TRANSFORMED_;/Users/rar9993/repos/research/fdroid_apps/native_apps/RaumBaller/app/src/main/java/jgame/impl/EngineLogic.java;file:/Users/rar9993/repos/research/fdroid_apps/native_apps/RaumBaller/app/src/main/java/jgame/impl/EngineLogic.java|line:191
RedundantFieldInitializer;PMD;/Users/rar9993/repos/research/fdroid_apps/native_apps/RaumBaller/NONE_TRANSFORMED_;/Users/rar9993/repos/research/fdroid_apps/native_apps/RaumBaller/app/src/main/java/jgame/impl/EngineLogic.java;file:/Users/rar9993/repos/research/fdroid_apps/native_apps/RaumBaller/app/src/main/java/jgame/impl/EngineLogic.java|line:191
RedundantFieldInitializer;PMD;/Users/rar9993/repos/research/fdroid_apps/native_apps/RaumBaller/NONE_TRANSFORMED_;/Users/rar9993/repos/research/fdroid_apps/native_apps/RaumBaller/app/src/main/java/jgame/impl/EngineLogic.java;file:/Users/rar9993/repos/research/fdroid_apps/native_apps/RaumBaller/app/src/main/java/jgame/impl/EngineLogic.java|line:192
RedundantFieldInitializer;PMD;/Users/rar9993/repos/research/fdroid_apps/native_apps/RaumBaller/NONE_TRANSFORMED_;/Users/rar9993/repos/research/fdroid_apps/native_apps/RaumBaller/app/src/main/java/jgame/impl/EngineLogic.java;file:/Users/rar9993/repos/research/fdroid_apps/native_apps/RaumBaller/app/src/main/java/jgame/impl/EngineLogic.java|line:193
RedundantFieldInitializer;PMD;/Users/rar9993/repos/research/fdroid_apps/native_apps/RaumBaller/NONE_TRANSFORMED_;/Users/rar9993/repos/research/fdroid_apps/native_apps/RaumBaller/app/src/main/java/jgame/impl/EngineLogic.java;file:/Users/rar9993/repos/research/fdroid_apps/native_apps/RaumBaller/app/src/main/java/jgame/impl/EngineLogic.java|line:197
RedundantFieldInitializer;PMD;/Users/rar9993/repos/research/fdroid_apps/native_apps/RaumBaller/NONE_TRANSFORMED_;/Users/rar9993/repos/research/fdroid_apps/native_apps/RaumBaller/app/src/main/java/jgame/impl/EngineLogic.java;file:/Users/rar9993/repos/research/fdroid_apps/native_apps/RaumBaller/app/src/main/java/jgame/impl/EngineLogic.java|line:197
RedundantFieldInitializer;PMD;/Users/rar9993/repos/research/fdroid_apps/native_apps/RaumBaller/NONE_TRANSFORMED_;/Users/rar9993/repos/research/fdroid_apps/native_apps/RaumBaller/app/src/main/java/jgame/impl/EngineLogic.java;file:/Users/rar9993/repos/research/fdroid_apps/native_apps/RaumBaller/app/src/main/java/jgame/impl/EngineLogic.java|line:198
RedundantFieldInitializer;PMD;/Users/rar9993/repos/research/fdroid_apps/native_apps/RaumBaller/NONE_TRANSFORMED_;/Users/rar9993/repos/research/fdroid_apps/native_apps/RaumBaller/app/src/main/java/jgame/impl/EngineLogic.java;file:/Users/rar9993/repos/research/fdroid_apps/native_apps/RaumBaller/app/src/main/java/jgame/impl/EngineLogic.java|line:198
UseArrayListInsteadOfVector;PMD;/Users/rar9993/repos/research/fdroid_apps/native_apps/RaumBaller/NONE_TRANSFORMED_;/Users/rar9993/repos/research/fdroid_apps/native_apps/RaumBaller/app/src/main/java/jgame/impl/EngineLogic.java;file:/Users/rar9993/repos/research/fdroid_apps/native_apps/RaumBaller/app/src/main/java/jgame/impl/EngineLogic.java|line:203
RedundantFieldInitializer;PMD;/Users/rar9993/repos/research/fdroid_apps/native_apps/RaumBaller/NONE_TRANSFORMED_;/Users/rar9993/repos/research/fdroid_apps/native_apps/RaumBaller/app/src/main/java/jgame/impl/EngineLogic.java;file:/Users/rar9993/repos/research/fdroid_apps/native_apps/RaumBaller/app/src/main/java/jgame/impl/EngineLogic.java|line:209
RedundantFieldInitializer;PMD;/Users/rar9993/repos/research/fdroid_apps/native_apps/RaumBaller/NONE_TRANSFORMED_;/Users/rar9993/repos/research/fdroid_apps/native_apps/RaumBaller/app/src/main/java/jgame/impl/EngineLogic.java;file:/Users/rar9993/repos/research/fdroid_apps/native_apps/RaumBaller/app/src/main/java/jgame/impl/EngineLogic.java|line:243
UseArrayListInsteadOfVector;PMD;/Users/rar9993/repos/research/fdroid_apps/native_apps/RaumBaller/NONE_TRANSFORMED_;/Users/rar9993/repos/research/fdroid_apps/native_apps/RaumBaller/app/src/main/java/jgame/impl/EngineLogic.java;file:/Users/rar9993/repos/research/fdroid_apps/native_apps/RaumBaller/app/src/main/java/jgame/impl/EngineLogic.java|line:246
RedundantFieldInitializer;PMD;/Users/rar9993/repos/research/fdroid_apps/native_apps/RaumBaller/NONE_TRANSFORMED_;/Users/rar9993/repos/research/fdroid_apps/native_apps/RaumBaller/app/src/main/java/jgame/impl/EngineLogic.java;file:/Users/rar9993/repos/research/fdroid_apps/native_apps/RaumBaller/app/src/main/java/jgame/impl/EngineLogic.java|line:252
RedundantFieldInitializer;PMD;/Users/rar9993/repos/research/fdroid_apps/native_apps/RaumBaller/NONE_TRANSFORMED_;/Users/rar9993/repos/research/fdroid_apps/native_apps/RaumBaller/app/src/main/java/jgame/impl/EngineLogic.java;file:/Users/rar9993/repos/research/fdroid_apps/native_apps/RaumBaller/app/src/main/java/jgame/impl/EngineLogic.java|line:253
UseArrayListInsteadOfVector;PMD;/Users/rar9993/repos/research/fdroid_apps/native_apps/RaumBaller/NONE_TRANSFORMED_;/Users/rar9993/repos/research/fdroid_apps/native_apps/RaumBaller/app/src/main/java/jgame/impl/EngineLogic.java;file:/Users/rar9993/repos/research/fdroid_apps/native_apps/RaumBaller/app/src/main/java/jgame/impl/EngineLogic.java|line:275
AvoidInstantiatingObjectsInLoops;PMD;/Users/rar9993/repos/research/fdroid_apps/native_apps/RaumBaller/NONE_TRANSFORMED_;/Users/rar9993/repos/research/fdroid_apps/native_apps/RaumBaller/app/src/main/java/jgame/impl/EngineLogic.java;file:/Users/rar9993/repos/research/fdroid_apps/native_apps/RaumBaller/app/src/main/java/jgame/impl/EngineLogic.java|line:303
UseIndexOfChar;PMD;/Users/rar9993/repos/research/fdroid_apps/native_apps/RaumBaller/NONE_TRANSFORMED_;/Users/rar9993/repos/research/fdroid_apps/native_apps/RaumBaller/app/src/main/java/jgame/impl/EngineLogic.java;file:/Users/rar9993/repos/research/fdroid_apps/native_apps/RaumBaller/app/src/main/java/jgame/impl/EngineLogic.java|line:355
UseStringBufferForStringAppends;PMD;/Users/rar9993/repos/research/fdroid_apps/native_apps/RaumBaller/NONE_TRANSFORMED_;/Users/rar9993/repos/research/fdroid_apps/native_apps/RaumBaller/app/src/main/java/jgame/impl/EngineLogic.java;file:/Users/rar9993/repos/research/fdroid_apps/native_apps/RaumBaller/app/src/main/java/jgame/impl/EngineLogic.java|line:371
UseIndexOfChar;PMD;/Users/rar9993/repos/research/fdroid_apps/native_apps/RaumBaller/NONE_TRANSFORMED_;/Users/rar9993/repos/research/fdroid_apps/native_apps/RaumBaller/app/src/main/java/jgame/impl/EngineLogic.java;file:/Users/rar9993/repos/research/fdroid_apps/native_apps/RaumBaller/app/src/main/java/jgame/impl/EngineLogic.java|line:617
UseIndexOfChar;PMD;/Users/rar9993/repos/research/fdroid_apps/native_apps/RaumBaller/NONE_TRANSFORMED_;/Users/rar9993/repos/research/fdroid_apps/native_apps/RaumBaller/app/src/main/java/jgame/impl/EngineLogic.java;file:/Users/rar9993/repos/research/fdroid_apps/native_apps/RaumBaller/app/src/main/java/jgame/impl/EngineLogic.java|line:618
UseIndexOfChar;PMD;/Users/rar9993/repos/research/fdroid_apps/native_apps/RaumBaller/NONE_TRANSFORMED_;/Users/rar9993/repos/research/fdroid_apps/native_apps/RaumBaller/app/src/main/java/jgame/impl/EngineLogic.java;file:/Users/rar9993/repos/research/fdroid_apps/native_apps/RaumBaller/app/src/main/java/jgame/impl/EngineLogic.java|line:619
UseIndexOfChar;PMD;/Users/rar9993/repos/research/fdroid_apps/native_apps/RaumBaller/NONE_TRANSFORMED_;/Users/rar9993/repos/research/fdroid_apps/native_apps/RaumBaller/app/src/main/java/jgame/impl/EngineLogic.java;file:/Users/rar9993/repos/research/fdroid_apps/native_apps/RaumBaller/app/src/main/java/jgame/impl/EngineLogic.java|line:620
UseIndexOfChar;PMD;/Users/rar9993/repos/research/fdroid_apps/native_apps/RaumBaller/NONE_TRANSFORMED_;/Users/rar9993/repos/research/fdroid_apps/native_apps/RaumBaller/app/src/main/java/jgame/impl/EngineLogic.java;file:/Users/rar9993/repos/research/fdroid_apps/native_apps/RaumBaller/app/src/main/java/jgame/impl/EngineLogic.java|line:621
UseArrayListInsteadOfVector;PMD;/Users/rar9993/repos/research/fdroid_apps/native_apps/RaumBaller/NONE_TRANSFORMED_;/Users/rar9993/repos/research/fdroid_apps/native_apps/RaumBaller/app/src/main/java/jgame/impl/EngineLogic.java;file:/Users/rar9993/repos/research/fdroid_apps/native_apps/RaumBaller/app/src/main/java/jgame/impl/EngineLogic.java|line:1168
InefficientStringBuffering;PMD;/Users/rar9993/repos/research/fdroid_apps/native_apps/RaumBaller/NONE_TRANSFORMED_;/Users/rar9993/repos/research/fdroid_apps/native_apps/RaumBaller/app/src/main/java/jgame/impl/EngineLogic.java;file:/Users/rar9993/repos/research/fdroid_apps/native_apps/RaumBaller/app/src/main/java/jgame/impl/EngineLogic.java|line:1664
AddEmptyString;PMD;/Users/rar9993/repos/research/fdroid_apps/native_apps/RaumBaller/NONE_TRANSFORMED_;/Users/rar9993/repos/research/fdroid_apps/native_apps/RaumBaller/app/src/main/java/jgame/impl/EngineLogic.java;file:/Users/rar9993/repos/research/fdroid_apps/native_apps/RaumBaller/app/src/main/java/jgame/impl/EngineLogic.java|line:1664
InefficientStringBuffering;PMD;/Users/rar9993/repos/research/fdroid_apps/native_apps/RaumBaller/NONE_TRANSFORMED_;/Users/rar9993/repos/research/fdroid_apps/native_apps/RaumBaller/app/src/main/java/jgame/impl/EngineLogic.java;file:/Users/rar9993/repos/research/fdroid_apps/native_apps/RaumBaller/app/src/main/java/jgame/impl/EngineLogic.java|line:1791
RedundantFieldInitializer;PMD;/Users/rar9993/repos/research/fdroid_apps/native_apps/RaumBaller/NONE_TRANSFORMED_;/Users/rar9993/repos/research/fdroid_apps/native_apps/RaumBaller/app/src/main/java/jgame/impl/EngineLogic.java;file:/Users/rar9993/repos/research/fdroid_apps/native_apps/RaumBaller/app/src/main/java/jgame/impl/EngineLogic.java|line:2281
RedundantFieldInitializer;PMD;/Users/rar9993/repos/research/fdroid_apps/native_apps/RaumBaller/NONE_TRANSFORMED_;/Users/rar9993/repos/research/fdroid_apps/native_apps/RaumBaller/app/src/main/java/jgame/impl/EngineLogic.java;file:/Users/rar9993/repos/research/fdroid_apps/native_apps/RaumBaller/app/src/main/java/jgame/impl/EngineLogic.java|line:2281
RedundantFieldInitializer;PMD;/Users/rar9993/repos/research/fdroid_apps/native_apps/RaumBaller/NONE_TRANSFORMED_;/Users/rar9993/repos/research/fdroid_apps/native_apps/RaumBaller/app/src/main/java/jgame/impl/JGameError.java;file:/Users/rar9993/repos/research/fdroid_apps/native_apps/RaumBaller/app/src/main/java/jgame/impl/JGameError.java|line:8
RedundantFieldInitializer;PMD;/Users/rar9993/repos/research/fdroid_apps/native_apps/RaumBaller/NONE_TRANSFORMED_;/Users/rar9993/repos/research/fdroid_apps/native_apps/RaumBaller/app/src/main/java/jgame/impl/SortedArray.java;file:/Users/rar9993/repos/research/fdroid_apps/native_apps/RaumBaller/app/src/main/java/jgame/impl/SortedArray.java|line:25
AvoidInstantiatingObjectsInLoops;PMD;/Users/rar9993/repos/research/fdroid_apps/native_apps/RaumBaller/NONE_TRANSFORMED_;/Users/rar9993/repos/research/fdroid_apps/native_apps/RaumBaller/app/src/main/java/jgame/impl/SortedArray.java;file:/Users/rar9993/repos/research/fdroid_apps/native_apps/RaumBaller/app/src/main/java/jgame/impl/SortedArray.java|line:48
AvoidInstantiatingObjectsInLoops;PMD;/Users/rar9993/repos/research/fdroid_apps/native_apps/RaumBaller/NONE_TRANSFORMED_;/Users/rar9993/repos/research/fdroid_apps/native_apps/RaumBaller/app/src/main/java/jgame/impl/SortedArray.java;file:/Users/rar9993/repos/research/fdroid_apps/native_apps/RaumBaller/app/src/main/java/jgame/impl/SortedArray.java|line:49
AvoidInstantiatingObjectsInLoops;PMD;/Users/rar9993/repos/research/fdroid_apps/native_apps/RaumBaller/NONE_TRANSFORMED_;/Users/rar9993/repos/research/fdroid_apps/native_apps/RaumBaller/app/src/main/java/jgame/impl/SortedArray.java;file:/Users/rar9993/repos/research/fdroid_apps/native_apps/RaumBaller/app/src/main/java/jgame/impl/SortedArray.java|line:64
AvoidArrayLoops;PMD;/Users/rar9993/repos/research/fdroid_apps/native_apps/RaumBaller/NONE_TRANSFORMED_;/Users/rar9993/repos/research/fdroid_apps/native_apps/RaumBaller/app/src/main/java/jgame/impl/SortedArray.java;file:/Users/rar9993/repos/research/fdroid_apps/native_apps/RaumBaller/app/src/main/java/jgame/impl/SortedArray.java|line:124
UseStringBufferForStringAppends;PMD;/Users/rar9993/repos/research/fdroid_apps/native_apps/RaumBaller/NONE_TRANSFORMED_;/Users/rar9993/repos/research/fdroid_apps/native_apps/RaumBaller/app/src/main/java/jgame/impl/SortedArray.java;file:/Users/rar9993/repos/research/fdroid_apps/native_apps/RaumBaller/app/src/main/java/jgame/impl/SortedArray.java|line:259
RedundantFieldInitializer;PMD;/Users/rar9993/repos/research/fdroid_apps/native_apps/RaumBaller/NONE_TRANSFORMED_;/Users/rar9993/repos/research/fdroid_apps/native_apps/RaumBaller/app/src/main/java/jgame/platform/AndroidImage.java;file:/Users/rar9993/repos/research/fdroid_apps/native_apps/RaumBaller/app/src/main/java/jgame/platform/AndroidImage.java|line:27
RedundantFieldInitializer;PMD;/Users/rar9993/repos/research/fdroid_apps/native_apps/RaumBaller/NONE_TRANSFORMED_;/Users/rar9993/repos/research/fdroid_apps/native_apps/RaumBaller/app/src/main/java/jgame/platform/AndroidImage.java;file:/Users/rar9993/repos/research/fdroid_apps/native_apps/RaumBaller/app/src/main/java/jgame/platform/AndroidImage.java|line:30
RedundantFieldInitializer;PMD;/Users/rar9993/repos/research/fdroid_apps/native_apps/RaumBaller/NONE_TRANSFORMED_;/Users/rar9993/repos/research/fdroid_apps/native_apps/RaumBaller/app/src/main/java/jgame/platform/AndroidImage.java;file:/Users/rar9993/repos/research/fdroid_apps/native_apps/RaumBaller/app/src/main/java/jgame/platform/AndroidImage.java|line:31
AvoidArrayLoops;PMD;/Users/rar9993/repos/research/fdroid_apps/native_apps/RaumBaller/NONE_TRANSFORMED_;/Users/rar9993/repos/research/fdroid_apps/native_apps/RaumBaller/app/src/main/java/jgame/platform/AndroidImage.java;file:/Users/rar9993/repos/research/fdroid_apps/native_apps/RaumBaller/app/src/main/java/jgame/platform/AndroidImage.java|line:121
AvoidArrayLoops;PMD;/Users/rar9993/repos/research/fdroid_apps/native_apps/RaumBaller/NONE_TRANSFORMED_;/Users/rar9993/repos/research/fdroid_apps/native_apps/RaumBaller/app/src/main/java/jgame/platform/AndroidImage.java;file:/Users/rar9993/repos/research/fdroid_apps/native_apps/RaumBaller/app/src/main/java/jgame/platform/AndroidImage.java|line:122
AvoidArrayLoops;PMD;/Users/rar9993/repos/research/fdroid_apps/native_apps/RaumBaller/NONE_TRANSFORMED_;/Users/rar9993/repos/research/fdroid_apps/native_apps/RaumBaller/app/src/main/java/jgame/platform/AndroidImage.java;file:/Users/rar9993/repos/research/fdroid_apps/native_apps/RaumBaller/app/src/main/java/jgame/platform/AndroidImage.java|line:136
AvoidArrayLoops;PMD;/Users/rar9993/repos/research/fdroid_apps/native_apps/RaumBaller/NONE_TRANSFORMED_;/Users/rar9993/repos/research/fdroid_apps/native_apps/RaumBaller/app/src/main/java/jgame/platform/AndroidImage.java;file:/Users/rar9993/repos/research/fdroid_apps/native_apps/RaumBaller/app/src/main/java/jgame/platform/AndroidImage.java|line:137
AvoidArrayLoops;PMD;/Users/rar9993/repos/research/fdroid_apps/native_apps/RaumBaller/NONE_TRANSFORMED_;/Users/rar9993/repos/research/fdroid_apps/native_apps/RaumBaller/app/src/main/java/jgame/platform/AndroidImage.java;file:/Users/rar9993/repos/research/fdroid_apps/native_apps/RaumBaller/app/src/main/java/jgame/platform/AndroidImage.java|line:150
AvoidArrayLoops;PMD;/Users/rar9993/repos/research/fdroid_apps/native_apps/RaumBaller/NONE_TRANSFORMED_;/Users/rar9993/repos/research/fdroid_apps/native_apps/RaumBaller/app/src/main/java/jgame/platform/AndroidImage.java;file:/Users/rar9993/repos/research/fdroid_apps/native_apps/RaumBaller/app/src/main/java/jgame/platform/AndroidImage.java|line:151
AvoidArrayLoops;PMD;/Users/rar9993/repos/research/fdroid_apps/native_apps/RaumBaller/NONE_TRANSFORMED_;/Users/rar9993/repos/research/fdroid_apps/native_apps/RaumBaller/app/src/main/java/jgame/platform/AndroidImage.java;file:/Users/rar9993/repos/research/fdroid_apps/native_apps/RaumBaller/app/src/main/java/jgame/platform/AndroidImage.java|line:169
AvoidArrayLoops;PMD;/Users/rar9993/repos/research/fdroid_apps/native_apps/RaumBaller/NONE_TRANSFORMED_;/Users/rar9993/repos/research/fdroid_apps/native_apps/RaumBaller/app/src/main/java/jgame/platform/AndroidImage.java;file:/Users/rar9993/repos/research/fdroid_apps/native_apps/RaumBaller/app/src/main/java/jgame/platform/AndroidImage.java|line:170
AvoidArrayLoops;PMD;/Users/rar9993/repos/research/fdroid_apps/native_apps/RaumBaller/NONE_TRANSFORMED_;/Users/rar9993/repos/research/fdroid_apps/native_apps/RaumBaller/app/src/main/java/jgame/platform/AndroidImage.java;file:/Users/rar9993/repos/research/fdroid_apps/native_apps/RaumBaller/app/src/main/java/jgame/platform/AndroidImage.java|line:176
AvoidArrayLoops;PMD;/Users/rar9993/repos/research/fdroid_apps/native_apps/RaumBaller/NONE_TRANSFORMED_;/Users/rar9993/repos/research/fdroid_apps/native_apps/RaumBaller/app/src/main/java/jgame/platform/AndroidImage.java;file:/Users/rar9993/repos/research/fdroid_apps/native_apps/RaumBaller/app/src/main/java/jgame/platform/AndroidImage.java|line:177
AvoidArrayLoops;PMD;/Users/rar9993/repos/research/fdroid_apps/native_apps/RaumBaller/NONE_TRANSFORMED_;/Users/rar9993/repos/research/fdroid_apps/native_apps/RaumBaller/app/src/main/java/jgame/platform/AndroidImage.java;file:/Users/rar9993/repos/research/fdroid_apps/native_apps/RaumBaller/app/src/main/java/jgame/platform/AndroidImage.java|line:183
AvoidArrayLoops;PMD;/Users/rar9993/repos/research/fdroid_apps/native_apps/RaumBaller/NONE_TRANSFORMED_;/Users/rar9993/repos/research/fdroid_apps/native_apps/RaumBaller/app/src/main/java/jgame/platform/AndroidImage.java;file:/Users/rar9993/repos/research/fdroid_apps/native_apps/RaumBaller/app/src/main/java/jgame/platform/AndroidImage.java|line:184
RedundantFieldInitializer;PMD;/Users/rar9993/repos/research/fdroid_apps/native_apps/RaumBaller/NONE_TRANSFORMED_;/Users/rar9993/repos/research/fdroid_apps/native_apps/RaumBaller/app/src/main/java/jgame/platform/JGEngine.java;file:/Users/rar9993/repos/research/fdroid_apps/native_apps/RaumBaller/app/src/main/java/jgame/platform/JGEngine.java|line:70
RedundantFieldInitializer;PMD;/Users/rar9993/repos/research/fdroid_apps/native_apps/RaumBaller/NONE_TRANSFORMED_;/Users/rar9993/repos/research/fdroid_apps/native_apps/RaumBaller/app/src/main/java/jgame/platform/JGEngine.java;file:/Users/rar9993/repos/research/fdroid_apps/native_apps/RaumBaller/app/src/main/java/jgame/platform/JGEngine.java|line:78
RedundantFieldInitializer;PMD;/Users/rar9993/repos/research/fdroid_apps/native_apps/RaumBaller/NONE_TRANSFORMED_;/Users/rar9993/repos/research/fdroid_apps/native_apps/RaumBaller/app/src/main/java/jgame/platform/JGEngine.java;file:/Users/rar9993/repos/research/fdroid_apps/native_apps/RaumBaller/app/src/main/java/jgame/platform/JGEngine.java|line:81
RedundantFieldInitializer;PMD;/Users/rar9993/repos/research/fdroid_apps/native_apps/RaumBaller/NONE_TRANSFORMED_;/Users/rar9993/repos/research/fdroid_apps/native_apps/RaumBaller/app/src/main/java/jgame/platform/JGEngine.java;file:/Users/rar9993/repos/research/fdroid_apps/native_apps/RaumBaller/app/src/main/java/jgame/platform/JGEngine.java|line:89
RedundantFieldInitializer;PMD;/Users/rar9993/repos/research/fdroid_apps/native_apps/RaumBaller/NONE_TRANSFORMED_;/Users/rar9993/repos/research/fdroid_apps/native_apps/RaumBaller/app/src/main/java/jgame/platform/JGEngine.java;file:/Users/rar9993/repos/research/fdroid_apps/native_apps/RaumBaller/app/src/main/java/jgame/platform/JGEngine.java|line:93
RedundantFieldInitializer;PMD;/Users/rar9993/repos/research/fdroid_apps/native_apps/RaumBaller/NONE_TRANSFORMED_;/Users/rar9993/repos/research/fdroid_apps/native_apps/RaumBaller/app/src/main/java/jgame/platform/JGEngine.java;file:/Users/rar9993/repos/research/fdroid_apps/native_apps/RaumBaller/app/src/main/java/jgame/platform/JGEngine.java|line:94
RedundantFieldInitializer;PMD;/Users/rar9993/repos/research/fdroid_apps/native_apps/RaumBaller/NONE_TRANSFORMED_;/Users/rar9993/repos/research/fdroid_apps/native_apps/RaumBaller/app/src/main/java/jgame/platform/JGEngine.java;file:/Users/rar9993/repos/research/fdroid_apps/native_apps/RaumBaller/app/src/main/java/jgame/platform/JGEngine.java|line:100
RedundantFieldInitializer;PMD;/Users/rar9993/repos/research/fdroid_apps/native_apps/RaumBaller/NONE_TRANSFORMED_;/Users/rar9993/repos/research/fdroid_apps/native_apps/RaumBaller/app/src/main/java/jgame/platform/JGEngine.java;file:/Users/rar9993/repos/research/fdroid_apps/native_apps/RaumBaller/app/src/main/java/jgame/platform/JGEngine.java|line:108
RedundantFieldInitializer;PMD;/Users/rar9993/repos/research/fdroid_apps/native_apps/RaumBaller/NONE_TRANSFORMED_;/Users/rar9993/repos/research/fdroid_apps/native_apps/RaumBaller/app/src/main/java/jgame/platform/JGEngine.java;file:/Users/rar9993/repos/research/fdroid_apps/native_apps/RaumBaller/app/src/main/java/jgame/platform/JGEngine.java|line:113
RedundantFieldInitializer;PMD;/Users/rar9993/repos/research/fdroid_apps/native_apps/RaumBaller/NONE_TRANSFORMED_;/Users/rar9993/repos/research/fdroid_apps/native_apps/RaumBaller/app/src/main/java/jgame/platform/JGEngine.java;file:/Users/rar9993/repos/research/fdroid_apps/native_apps/RaumBaller/app/src/main/java/jgame/platform/JGEngine.java|line:120
RedundantFieldInitializer;PMD;/Users/rar9993/repos/research/fdroid_apps/native_apps/RaumBaller/NONE_TRANSFORMED_;/Users/rar9993/repos/research/fdroid_apps/native_apps/RaumBaller/app/src/main/java/jgame/platform/JGEngine.java;file:/Users/rar9993/repos/research/fdroid_apps/native_apps/RaumBaller/app/src/main/java/jgame/platform/JGEngine.java|line:121
RedundantFieldInitializer;PMD;/Users/rar9993/repos/research/fdroid_apps/native_apps/RaumBaller/NONE_TRANSFORMED_;/Users/rar9993/repos/research/fdroid_apps/native_apps/RaumBaller/app/src/main/java/jgame/platform/JGEngine.java;file:/Users/rar9993/repos/research/fdroid_apps/native_apps/RaumBaller/app/src/main/java/jgame/platform/JGEngine.java|line:122
RedundantFieldInitializer;PMD;/Users/rar9993/repos/research/fdroid_apps/native_apps/RaumBaller/NONE_TRANSFORMED_;/Users/rar9993/repos/research/fdroid_apps/native_apps/RaumBaller/app/src/main/java/jgame/platform/JGEngine.java;file:/Users/rar9993/repos/research/fdroid_apps/native_apps/RaumBaller/app/src/main/java/jgame/platform/JGEngine.java|line:123
RedundantFieldInitializer;PMD;/Users/rar9993/repos/research/fdroid_apps/native_apps/RaumBaller/NONE_TRANSFORMED_;/Users/rar9993/repos/research/fdroid_apps/native_apps/RaumBaller/app/src/main/java/jgame/platform/JGEngine.java;file:/Users/rar9993/repos/research/fdroid_apps/native_apps/RaumBaller/app/src/main/java/jgame/platform/JGEngine.java|line:153
RedundantFieldInitializer;PMD;/Users/rar9993/repos/research/fdroid_apps/native_apps/RaumBaller/NONE_TRANSFORMED_;/Users/rar9993/repos/research/fdroid_apps/native_apps/RaumBaller/app/src/main/java/jgame/platform/JGEngine.java;file:/Users/rar9993/repos/research/fdroid_apps/native_apps/RaumBaller/app/src/main/java/jgame/platform/JGEngine.java|line:153
RedundantFieldInitializer;PMD;/Users/rar9993/repos/research/fdroid_apps/native_apps/RaumBaller/NONE_TRANSFORMED_;/Users/rar9993/repos/research/fdroid_apps/native_apps/RaumBaller/app/src/main/java/jgame/platform/JGEngine.java;file:/Users/rar9993/repos/research/fdroid_apps/native_apps/RaumBaller/app/src/main/java/jgame/platform/JGEngine.java|line:155
RedundantFieldInitializer;PMD;/Users/rar9993/repos/research/fdroid_apps/native_apps/RaumBaller/NONE_TRANSFORMED_;/Users/rar9993/repos/research/fdroid_apps/native_apps/RaumBaller/app/src/main/java/jgame/platform/JGEngine.java;file:/Users/rar9993/repos/research/fdroid_apps/native_apps/RaumBaller/app/src/main/java/jgame/platform/JGEngine.java|line:159
UseArrayListInsteadOfVector;PMD;/Users/rar9993/repos/research/fdroid_apps/native_apps/RaumBaller/NONE_TRANSFORMED_;/Users/rar9993/repos/research/fdroid_apps/native_apps/RaumBaller/app/src/main/java/jgame/platform/JGEngine.java;file:/Users/rar9993/repos/research/fdroid_apps/native_apps/RaumBaller/app/src/main/java/jgame/platform/JGEngine.java|line:168
AddEmptyString;PMD;/Users/rar9993/repos/research/fdroid_apps/native_apps/RaumBaller/NONE_TRANSFORMED_;/Users/rar9993/repos/research/fdroid_apps/native_apps/RaumBaller/app/src/main/java/jgame/platform/JGEngine.java;file:/Users/rar9993/repos/research/fdroid_apps/native_apps/RaumBaller/app/src/main/java/jgame/platform/JGEngine.java|line:2505
AddEmptyString;PMD;/Users/rar9993/repos/research/fdroid_apps/native_apps/RaumBaller/NONE_TRANSFORMED_;/Users/rar9993/repos/research/fdroid_apps/native_apps/RaumBaller/app/src/main/java/jgame/platform/JGEngine.java;file:/Users/rar9993/repos/research/fdroid_apps/native_apps/RaumBaller/app/src/main/java/jgame/platform/JGEngine.java|line:2507
AddEmptyString;PMD;/Users/rar9993/repos/research/fdroid_apps/native_apps/RaumBaller/NONE_TRANSFORMED_;/Users/rar9993/repos/research/fdroid_apps/native_apps/RaumBaller/app/src/main/java/jgame/platform/JGEngine.java;file:/Users/rar9993/repos/research/fdroid_apps/native_apps/RaumBaller/app/src/main/java/jgame/platform/JGEngine.java|line:2549
UseArrayListInsteadOfVector;PMD;/Users/rar9993/repos/research/fdroid_apps/native_apps/RaumBaller/NONE_TRANSFORMED_;/Users/rar9993/repos/research/fdroid_apps/native_apps/RaumBaller/app/src/main/java/jgame/platform/JGEngine.java;file:/Users/rar9993/repos/research/fdroid_apps/native_apps/RaumBaller/app/src/main/java/jgame/platform/JGEngine.java|line:2569
RedundantFieldInitializer;PMD;/Users/rar9993/repos/research/fdroid_apps/native_apps/RaumBaller/NONE_TRANSFORMED_;/Users/rar9993/repos/research/fdroid_apps/native_apps/RaumBaller/app/src/main/java/jgame/platform/JGEngine.java;file:/Users/rar9993/repos/research/fdroid_apps/native_apps/RaumBaller/app/src/main/java/jgame/platform/JGEngine.java|line:2901
RedundantFieldInitializer;PMD;/Users/rar9993/repos/research/fdroid_apps/native_apps/RaumBaller/NONE_TRANSFORMED_;/Users/rar9993/repos/research/fdroid_apps/native_apps/RaumBaller/app/src/main/java/jgame/platform/JGEngine.java;file:/Users/rar9993/repos/research/fdroid_apps/native_apps/RaumBaller/app/src/main/java/jgame/platform/JGEngine.java|line:2902
RedundantFieldInitializer;PMD;/Users/rar9993/repos/research/fdroid_apps/native_apps/RaumBaller/NONE_TRANSFORMED_;/Users/rar9993/repos/research/fdroid_apps/native_apps/RaumBaller/app/src/main/java/jgame/platform/JGEngine.java;file:/Users/rar9993/repos/research/fdroid_apps/native_apps/RaumBaller/app/src/main/java/jgame/platform/JGEngine.java|line:2996
AddEmptyString;PMD;/Users/rar9993/repos/research/fdroid_apps/native_apps/RaumBaller/NONE_TRANSFORMED_;/Users/rar9993/repos/research/fdroid_apps/native_apps/RaumBaller/app/src/main/java/jgame/platform/JGEngine.java;file:/Users/rar9993/repos/research/fdroid_apps/native_apps/RaumBaller/app/src/main/java/jgame/platform/JGEngine.java|line:3075
AvoidInstantiatingObjectsInLoops;PMD;/Users/rar9993/repos/research/fdroid_apps/native_apps/RaumBaller/NONE_TRANSFORMED_;/Users/rar9993/repos/research/fdroid_apps/native_apps/RaumBaller/app/src/main/java/jgame/platform/JGPreferences.java;file:/Users/rar9993/repos/research/fdroid_apps/native_apps/RaumBaller/app/src/main/java/jgame/platform/JGPreferences.java|line:32
AddEmptyString;PMD;/Users/rar9993/repos/research/fdroid_apps/native_apps/RaumBaller/NONE_TRANSFORMED_;/Users/rar9993/repos/research/fdroid_apps/native_apps/RaumBaller/app/src/main/java/jgame/platform/SeekBarPreference.java;file:/Users/rar9993/repos/research/fdroid_apps/native_apps/RaumBaller/app/src/main/java/jgame/platform/SeekBarPreference.java|line:112
RedundantFieldInitializer;PMD;/Users/rar9993/repos/research/fdroid_apps/native_apps/RaumBaller/NONE_TRANSFORMED_;/Users/rar9993/repos/research/fdroid_apps/native_apps/RaumBaller/app/src/main/java/jgame/platform/StdGame.java;file:/Users/rar9993/repos/research/fdroid_apps/native_apps/RaumBaller/app/src/main/java/jgame/platform/StdGame.java|line:84
RedundantFieldInitializer;PMD;/Users/rar9993/repos/research/fdroid_apps/native_apps/RaumBaller/NONE_TRANSFORMED_;/Users/rar9993/repos/research/fdroid_apps/native_apps/RaumBaller/app/src/main/java/jgame/platform/StdGame.java;file:/Users/rar9993/repos/research/fdroid_apps/native_apps/RaumBaller/app/src/main/java/jgame/platform/StdGame.java|line:95
RedundantFieldInitializer;PMD;/Users/rar9993/repos/research/fdroid_apps/native_apps/RaumBaller/NONE_TRANSFORMED_;/Users/rar9993/repos/research/fdroid_apps/native_apps/RaumBaller/app/src/main/java/jgame/platform/StdGame.java;file:/Users/rar9993/repos/research/fdroid_apps/native_apps/RaumBaller/app/src/main/java/jgame/platform/StdGame.java|line:155
RedundantFieldInitializer;PMD;/Users/rar9993/repos/research/fdroid_apps/native_apps/RaumBaller/NONE_TRANSFORMED_;/Users/rar9993/repos/research/fdroid_apps/native_apps/RaumBaller/app/src/main/java/jgame/platform/StdGame.java;file:/Users/rar9993/repos/research/fdroid_apps/native_apps/RaumBaller/app/src/main/java/jgame/platform/StdGame.java|line:162
RedundantFieldInitializer;PMD;/Users/rar9993/repos/research/fdroid_apps/native_apps/RaumBaller/NONE_TRANSFORMED_;/Users/rar9993/repos/research/fdroid_apps/native_apps/RaumBaller/app/src/main/java/jgame/platform/StdGame.java;file:/Users/rar9993/repos/research/fdroid_apps/native_apps/RaumBaller/app/src/main/java/jgame/platform/StdGame.java|line:167
RedundantFieldInitializer;PMD;/Users/rar9993/repos/research/fdroid_apps/native_apps/RaumBaller/NONE_TRANSFORMED_;/Users/rar9993/repos/research/fdroid_apps/native_apps/RaumBaller/app/src/main/java/jgame/platform/StdGame.java;file:/Users/rar9993/repos/research/fdroid_apps/native_apps/RaumBaller/app/src/main/java/jgame/platform/StdGame.java|line:171
RedundantFieldInitializer;PMD;/Users/rar9993/repos/research/fdroid_apps/native_apps/RaumBaller/NONE_TRANSFORMED_;/Users/rar9993/repos/research/fdroid_apps/native_apps/RaumBaller/app/src/main/java/jgame/platform/StdGame.java;file:/Users/rar9993/repos/research/fdroid_apps/native_apps/RaumBaller/app/src/main/java/jgame/platform/StdGame.java|line:177
RedundantFieldInitializer;PMD;/Users/rar9993/repos/research/fdroid_apps/native_apps/RaumBaller/NONE_TRANSFORMED_;/Users/rar9993/repos/research/fdroid_apps/native_apps/RaumBaller/app/src/main/java/jgame/platform/StdGame.java;file:/Users/rar9993/repos/research/fdroid_apps/native_apps/RaumBaller/app/src/main/java/jgame/platform/StdGame.java|line:183
RedundantFieldInitializer;PMD;/Users/rar9993/repos/research/fdroid_apps/native_apps/RaumBaller/NONE_TRANSFORMED_;/Users/rar9993/repos/research/fdroid_apps/native_apps/RaumBaller/app/src/main/java/jgame/platform/StdGame.java;file:/Users/rar9993/repos/research/fdroid_apps/native_apps/RaumBaller/app/src/main/java/jgame/platform/StdGame.java|line:187
RedundantFieldInitializer;PMD;/Users/rar9993/repos/research/fdroid_apps/native_apps/RaumBaller/NONE_TRANSFORMED_;/Users/rar9993/repos/research/fdroid_apps/native_apps/RaumBaller/app/src/main/java/jgame/platform/StdGame.java;file:/Users/rar9993/repos/research/fdroid_apps/native_apps/RaumBaller/app/src/main/java/jgame/platform/StdGame.java|line:214
RedundantFieldInitializer;PMD;/Users/rar9993/repos/research/fdroid_apps/native_apps/RaumBaller/NONE_TRANSFORMED_;/Users/rar9993/repos/research/fdroid_apps/native_apps/RaumBaller/app/src/main/java/jgame/platform/StdGame.java;file:/Users/rar9993/repos/research/fdroid_apps/native_apps/RaumBaller/app/src/main/java/jgame/platform/StdGame.java|line:214
RedundantFieldInitializer;PMD;/Users/rar9993/repos/research/fdroid_apps/native_apps/RaumBaller/NONE_TRANSFORMED_;/Users/rar9993/repos/research/fdroid_apps/native_apps/RaumBaller/app/src/main/java/jgame/platform/StdGame.java;file:/Users/rar9993/repos/research/fdroid_apps/native_apps/RaumBaller/app/src/main/java/jgame/platform/StdGame.java|line:215
RedundantFieldInitializer;PMD;/Users/rar9993/repos/research/fdroid_apps/native_apps/RaumBaller/NONE_TRANSFORMED_;/Users/rar9993/repos/research/fdroid_apps/native_apps/RaumBaller/app/src/main/java/jgame/platform/StdGame.java;file:/Users/rar9993/repos/research/fdroid_apps/native_apps/RaumBaller/app/src/main/java/jgame/platform/StdGame.java|line:215
RedundantFieldInitializer;PMD;/Users/rar9993/repos/research/fdroid_apps/native_apps/RaumBaller/NONE_TRANSFORMED_;/Users/rar9993/repos/research/fdroid_apps/native_apps/RaumBaller/app/src/main/java/jgame/platform/StdGame.java;file:/Users/rar9993/repos/research/fdroid_apps/native_apps/RaumBaller/app/src/main/java/jgame/platform/StdGame.java|line:233
RedundantFieldInitializer;PMD;/Users/rar9993/repos/research/fdroid_apps/native_apps/RaumBaller/NONE_TRANSFORMED_;/Users/rar9993/repos/research/fdroid_apps/native_apps/RaumBaller/app/src/main/java/jgame/platform/StdGame.java;file:/Users/rar9993/repos/research/fdroid_apps/native_apps/RaumBaller/app/src/main/java/jgame/platform/StdGame.java|line:252
AddEmptyString;PMD;/Users/rar9993/repos/research/fdroid_apps/native_apps/RaumBaller/NONE_TRANSFORMED_;/Users/rar9993/repos/research/fdroid_apps/native_apps/RaumBaller/app/src/main/java/jgame/platform/StdGame.java;file:/Users/rar9993/repos/research/fdroid_apps/native_apps/RaumBaller/app/src/main/java/jgame/platform/StdGame.java|line:1031
AddEmptyString;PMD;/Users/rar9993/repos/research/fdroid_apps/native_apps/RaumBaller/NONE_TRANSFORMED_;/Users/rar9993/repos/research/fdroid_apps/native_apps/RaumBaller/app/src/main/java/jgame/platform/StdGame.java;file:/Users/rar9993/repos/research/fdroid_apps/native_apps/RaumBaller/app/src/main/java/jgame/platform/StdGame.java|line:1047
MemberIgnoringMethod;DAAP;/Users/rar9993/repos/research/fdroid_apps/native_apps/RaumBaller/NONE_TRANSFORMED_;/src/main/java/jgame/impl/JGEngineInterface.java;file:/src/main/java/jgame/impl/JGEngineInterface.java
MemberIgnoringMethod;DAAP;/Users/rar9993/repos/research/fdroid_apps/native_apps/RaumBaller/NONE_TRANSFORMED_;/src/main/java/jgame/platform/SeekBarPreference.java;file:/src/main/java/jgame/platform/SeekBarPreference.java
MemberIgnoringMethod;DAAP;/Users/rar9993/repos/research/fdroid_apps/native_apps/RaumBaller/NONE_TRANSFORMED_;/src/main/java/jgame/platform/JGEngine.java;file:/src/main/java/jgame/platform/JGEngine.java
MemberIgnoringMethod;DAAP;/Users/rar9993/repos/research/fdroid_apps/native_apps/RaumBaller/NONE_TRANSFORMED_;/src/main/java/jgame/platform/JGPreferences.java;file:/src/main/java/jgame/platform/JGPreferences.java
MemberIgnoringMethod;DAAP;/Users/rar9993/repos/research/fdroid_apps/native_apps/RaumBaller/NONE_TRANSFORMED_;/src/main/java/jgame/JGImage.java;file:/src/main/java/jgame/JGImage.java
MemberIgnoringMethod;DAAP;/Users/rar9993/repos/research/fdroid_apps/native_apps/RaumBaller/NONE_TRANSFORMED_;/src/main/java/jgame/JGTimer.java;file:/src/main/java/jgame/JGTimer.java
MemberIgnoringMethod;DAAP;/Users/rar9993/repos/research/fdroid_apps/native_apps/RaumBaller/NONE_TRANSFORMED_;/src/main/java/com/kaeruct/raumballer/bullet/Bullet.java;file:/src/main/java/com/kaeruct/raumballer/bullet/Bullet.java
MemberIgnoringMethod;DAAP;/Users/rar9993/repos/research/fdroid_apps/native_apps/RaumBaller/NONE_TRANSFORMED_;/src/main/java/com/kaeruct/raumballer/cannon/NanoCannon.java;file:/src/main/java/com/kaeruct/raumballer/cannon/NanoCannon.java
MemberIgnoringMethod;DAAP;/Users/rar9993/repos/research/fdroid_apps/native_apps/RaumBaller/NONE_TRANSFORMED_;/src/main/java/com/kaeruct/raumballer/cannon/FireCannon.java;file:/src/main/java/com/kaeruct/raumballer/cannon/FireCannon.java
MemberIgnoringMethod;DAAP;/Users/rar9993/repos/research/fdroid_apps/native_apps/RaumBaller/NONE_TRANSFORMED_;/src/main/java/com/kaeruct/raumballer/cannon/TripleFireCannon.java;file:/src/main/java/com/kaeruct/raumballer/cannon/TripleFireCannon.java
MemberIgnoringMethod;DAAP;/Users/rar9993/repos/research/fdroid_apps/native_apps/RaumBaller/NONE_TRANSFORMED_;/src/main/java/com/kaeruct/raumballer/cannon/Cannon.java;file:/src/main/java/com/kaeruct/raumballer/cannon/Cannon.java
MemberIgnoringMethod;DAAP;/Users/rar9993/repos/research/fdroid_apps/native_apps/RaumBaller/NONE_TRANSFORMED_;/src/main/java/com/kaeruct/raumballer/cannon/DiscCannon.java;file:/src/main/java/com/kaeruct/raumballer/cannon/DiscCannon.java
MemberIgnoringMethod;DAAP;/Users/rar9993/repos/research/fdroid_apps/native_apps/RaumBaller/NONE_TRANSFORMED_;/src/main/java/com/kaeruct/raumballer/cannon/SoloPlasmaCannon.java;file:/src/main/java/com/kaeruct/raumballer/cannon/SoloPlasmaCannon.java
MemberIgnoringMethod;DAAP;/Users/rar9993/repos/research/fdroid_apps/native_apps/RaumBaller/NONE_TRANSFORMED_;/src/main/java/com/kaeruct/raumballer/cannon/SparkCannon.java;file:/src/main/java/com/kaeruct/raumballer/cannon/SparkCannon.java
MemberIgnoringMethod;DAAP;/Users/rar9993/repos/research/fdroid_apps/native_apps/RaumBaller/NONE_TRANSFORMED_;/src/main/java/com/kaeruct/raumballer/cannon/BitWaveCannon.java;file:/src/main/java/com/kaeruct/raumballer/cannon/BitWaveCannon.java
MemberIgnoringMethod;DAAP;/Users/rar9993/repos/research/fdroid_apps/native_apps/RaumBaller/NONE_TRANSFORMED_;/src/main/java/com/kaeruct/raumballer/cannon/PlasmaCannon.java;file:/src/main/java/com/kaeruct/raumballer/cannon/PlasmaCannon.java
MemberIgnoringMethod;DAAP;/Users/rar9993/repos/research/fdroid_apps/native_apps/RaumBaller/NONE_TRANSFORMED_;/src/main/java/com/kaeruct/raumballer/wave/SparkEyeWave.java;file:/src/main/java/com/kaeruct/raumballer/wave/SparkEyeWave.java
MemberIgnoringMethod;DAAP;/Users/rar9993/repos/research/fdroid_apps/native_apps/RaumBaller/NONE_TRANSFORMED_;/src/main/java/com/kaeruct/raumballer/wave/SparkWave.java;file:/src/main/java/com/kaeruct/raumballer/wave/SparkWave.java
MemberIgnoringMethod;DAAP;/Users/rar9993/repos/research/fdroid_apps/native_apps/RaumBaller/NONE_TRANSFORMED_;/src/main/java/com/kaeruct/raumballer/wave/Wave.java;file:/src/main/java/com/kaeruct/raumballer/wave/Wave.java
MemberIgnoringMethod;DAAP;/Users/rar9993/repos/research/fdroid_apps/native_apps/RaumBaller/NONE_TRANSFORMED_;/src/main/java/com/kaeruct/raumballer/wave/SpaceBallWave.java;file:/src/main/java/com/kaeruct/raumballer/wave/SpaceBallWave.java
MemberIgnoringMethod;DAAP;/Users/rar9993/repos/research/fdroid_apps/native_apps/RaumBaller/NONE_TRANSFORMED_;/src/main/java/com/kaeruct/raumballer/wave/CibumWave.java;file:/src/main/java/com/kaeruct/raumballer/wave/CibumWave.java
MemberIgnoringMethod;DAAP;/Users/rar9993/repos/research/fdroid_apps/native_apps/RaumBaller/NONE_TRANSFORMED_;/src/main/java/com/kaeruct/raumballer/wave/BobbaWave.java;file:/src/main/java/com/kaeruct/raumballer/wave/BobbaWave.java
MemberIgnoringMethod;DAAP;/Users/rar9993/repos/research/fdroid_apps/native_apps/RaumBaller/NONE_TRANSFORMED_;/src/main/java/com/kaeruct/raumballer/wave/FireFormationWave.java;file:/src/main/java/com/kaeruct/raumballer/wave/FireFormationWave.java
MemberIgnoringMethod;DAAP;/Users/rar9993/repos/research/fdroid_apps/native_apps/RaumBaller/NONE_TRANSFORMED_;/src/main/java/com/kaeruct/raumballer/ship/Ship.java;file:/src/main/java/com/kaeruct/raumballer/ship/Ship.java
MemberIgnoringMethod;DAAP;/Users/rar9993/repos/research/fdroid_apps/native_apps/RaumBaller/NONE_TRANSFORMED_;/src/main/java/com/kaeruct/raumballer/ship/enemy/BobbaDestroyer.java;file:/src/main/java/com/kaeruct/raumballer/ship/enemy/BobbaDestroyer.java
MemberIgnoringMethod;DAAP;/Users/rar9993/repos/research/fdroid_apps/native_apps/RaumBaller/NONE_TRANSFORMED_;/src/main/java/com/kaeruct/raumballer/ship/enemy/SparkEye.java;file:/src/main/java/com/kaeruct/raumballer/ship/enemy/SparkEye.java
MemberIgnoringMethod;DAAP;/Users/rar9993/repos/research/fdroid_apps/native_apps/RaumBaller/NONE_TRANSFORMED_;/src/main/java/com/kaeruct/raumballer/ship/enemy/FireStriker.java;file:/src/main/java/com/kaeruct/raumballer/ship/enemy/FireStriker.java
MemberIgnoringMethod;DAAP;/Users/rar9993/repos/research/fdroid_apps/native_apps/RaumBaller/NONE_TRANSFORMED_;/src/main/java/com/kaeruct/raumballer/ship/enemy/CibumDestroyer.java;file:/src/main/java/com/kaeruct/raumballer/ship/enemy/CibumDestroyer.java
MemberIgnoringMethod;DAAP;/Users/rar9993/repos/research/fdroid_apps/native_apps/RaumBaller/NONE_TRANSFORMED_;/src/main/java/com/kaeruct/raumballer/ship/enemy/SparkDefender.java;file:/src/main/java/com/kaeruct/raumballer/ship/enemy/SparkDefender.java
MemberIgnoringMethod;DAAP;/Users/rar9993/repos/research/fdroid_apps/native_apps/RaumBaller/NONE_TRANSFORMED_;/src/main/java/com/kaeruct/raumballer/LevelReader.java;file:/src/main/java/com/kaeruct/raumballer/LevelReader.java
MemberIgnoringMethod;DAAP;/Users/rar9993/repos/research/fdroid_apps/native_apps/RaumBaller/NONE_TRANSFORMED_;/src/main/java/com/kaeruct/raumballer/gamestates/ShooterGameOver.java;file:/src/main/java/com/kaeruct/raumballer/gamestates/ShooterGameOver.java
MemberIgnoringMethod;DAAP;/Users/rar9993/repos/research/fdroid_apps/native_apps/RaumBaller/NONE_TRANSFORMED_;/src/main/java/com/kaeruct/raumballer/gamestates/ShooterLevelDone.java;file:/src/main/java/com/kaeruct/raumballer/gamestates/ShooterLevelDone.java
MemberIgnoringMethod;DAAP;/Users/rar9993/repos/research/fdroid_apps/native_apps/RaumBaller/NONE_TRANSFORMED_;/src/main/java/com/kaeruct/raumballer/gamestates/GameState.java;file:/src/main/java/com/kaeruct/raumballer/gamestates/GameState.java
MemberIgnoringMethod;DAAP;/Users/rar9993/repos/research/fdroid_apps/native_apps/RaumBaller/NONE_TRANSFORMED_;/src/main/java/com/kaeruct/raumballer/gamestates/ShooterInGame.java;file:/src/main/java/com/kaeruct/raumballer/gamestates/ShooterInGame.java
MemberIgnoringMethod;DAAP;/Users/rar9993/repos/research/fdroid_apps/native_apps/RaumBaller/NONE_TRANSFORMED_;/src/main/java/com/kaeruct/raumballer/gamestates/ShooterEnterHighScore.java;file:/src/main/java/com/kaeruct/raumballer/gamestates/ShooterEnterHighScore.java
InternalGetterSetter;DAAP;/Users/rar9993/repos/research/fdroid_apps/native_apps/RaumBaller/NONE_TRANSFORMED_;/src/main/java/jgame/platform/AndroidImage.java;file:/src/main/java/jgame/platform/AndroidImage.java
InternalGetterSetter;DAAP;/Users/rar9993/repos/research/fdroid_apps/native_apps/RaumBaller/NONE_TRANSFORMED_;/src/main/java/jgame/JGObject.java;file:/src/main/java/jgame/JGObject.java
InternalGetterSetter;DAAP;/Users/rar9993/repos/research/fdroid_apps/native_apps/RaumBaller/NONE_TRANSFORMED_;/src/main/java/com/kaeruct/raumballer/wave/Wave.java;file:/src/main/java/com/kaeruct/raumballer/wave/Wave.java
InternalGetterSetter;DAAP;/Users/rar9993/repos/research/fdroid_apps/native_apps/RaumBaller/NONE_TRANSFORMED_;/src/main/java/com/kaeruct/raumballer/ship/Ship.java;file:/src/main/java/com/kaeruct/raumballer/ship/Ship.java
SlowForLoop;DAAP;/Users/rar9993/repos/research/fdroid_apps/native_apps/RaumBaller/NONE_TRANSFORMED_;/src/main/java/jgame/impl/SortedArray.java;file:/src/main/java/jgame/impl/SortedArray.java
SlowForLoop;DAAP;/Users/rar9993/repos/research/fdroid_apps/native_apps/RaumBaller/NONE_TRANSFORMED_;/src/main/java/jgame/impl/EngineLogic.java;file:/src/main/java/jgame/impl/EngineLogic.java
SlowForLoop;DAAP;/Users/rar9993/repos/research/fdroid_apps/native_apps/RaumBaller/NONE_TRANSFORMED_;/src/main/java/jgame/platform/AndroidImage.java;file:/src/main/java/jgame/platform/AndroidImage.java
SlowForLoop;DAAP;/Users/rar9993/repos/research/fdroid_apps/native_apps/RaumBaller/NONE_TRANSFORMED_;/src/main/java/jgame/platform/JGEngine.java;file:/src/main/java/jgame/platform/JGEngine.java
SlowForLoop;DAAP;/Users/rar9993/repos/research/fdroid_apps/native_apps/RaumBaller/NONE_TRANSFORMED_;/src/main/java/jgame/platform/StdGame.java;file:/src/main/java/jgame/platform/StdGame.java
SlowForLoop;DAAP;/Users/rar9993/repos/research/fdroid_apps/native_apps/RaumBaller/NONE_TRANSFORMED_;/src/main/java/jgame/platform/JGPreferences.java;file:/src/main/java/jgame/platform/JGPreferences.java
SlowForLoop;DAAP;/Users/rar9993/repos/research/fdroid_apps/native_apps/RaumBaller/NONE_TRANSFORMED_;/src/main/java/jgame/Highscore.java;file:/src/main/java/jgame/Highscore.java
SlowForLoop;DAAP;/Users/rar9993/repos/research/fdroid_apps/native_apps/RaumBaller/NONE_TRANSFORMED_;/src/main/java/com/kaeruct/raumballer/background/BGImage.java;file:/src/main/java/com/kaeruct/raumballer/background/BGImage.java
SlowForLoop;DAAP;/Users/rar9993/repos/research/fdroid_apps/native_apps/RaumBaller/NONE_TRANSFORMED_;/src/main/java/com/kaeruct/raumballer/AndroidGame.java;file:/src/main/java/com/kaeruct/raumballer/AndroidGame.java
SlowForLoop;DAAP;/Users/rar9993/repos/research/fdroid_apps/native_apps/RaumBaller/NONE_TRANSFORMED_;/src/main/java/com/kaeruct/raumballer/cannon/CombinedCannon.java;file:/src/main/java/com/kaeruct/raumballer/cannon/CombinedCannon.java
SlowForLoop;DAAP;/Users/rar9993/repos/research/fdroid_apps/native_apps/RaumBaller/NONE_TRANSFORMED_;/src/main/java/com/kaeruct/raumballer/wave/SparkEyeWave.java;file:/src/main/java/com/kaeruct/raumballer/wave/SparkEyeWave.java
SlowForLoop;DAAP;/Users/rar9993/repos/research/fdroid_apps/native_apps/RaumBaller/NONE_TRANSFORMED_;/src/main/java/com/kaeruct/raumballer/wave/BobbaWave.java;file:/src/main/java/com/kaeruct/raumballer/wave/BobbaWave.java
SlowForLoop;DAAP;/Users/rar9993/repos/research/fdroid_apps/native_apps/RaumBaller/NONE_TRANSFORMED_;/src/main/java/com/kaeruct/raumballer/ship/Ship.java;file:/src/main/java/com/kaeruct/raumballer/ship/Ship.java
SlowForLoop;DAAP;/Users/rar9993/repos/research/fdroid_apps/native_apps/RaumBaller/NONE_TRANSFORMED_;/src/main/java/com/kaeruct/raumballer/LevelReader.java;file:/src/main/java/com/kaeruct/raumballer/LevelReader.java
SlowForLoop;DAAP;/Users/rar9993/repos/research/fdroid_apps/native_apps/RaumBaller/NONE_TRANSFORMED_;/src/main/java/com/kaeruct/raumballer/gamestates/ShooterTitle.java;file:/src/main/java/com/kaeruct/raumballer/gamestates/ShooterTitle.java
NoLowMemoryResolver;DAAP;/Users/rar9993/repos/research/fdroid_apps/native_apps/RaumBaller/NONE_TRANSFORMED_;/src/main/java/jgame/platform/JGActivity.java;file:/src/main/java/jgame/platform/JGActivity.java
NoLowMemoryResolver;DAAP;/Users/rar9993/repos/research/fdroid_apps/native_apps/RaumBaller/NONE_TRANSFORMED_;/src/main/java/jgame/platform/JGPreferences.java;file:/src/main/java/jgame/platform/JGPreferences.java
DroppedData;DAAP;/Users/rar9993/repos/research/fdroid_apps/native_apps/RaumBaller/NONE_TRANSFORMED_;/src/main/java/jgame/platform/JGActivity.java;file:/src/main/java/jgame/platform/JGActivity.java
DroppedData;DAAP;/Users/rar9993/repos/research/fdroid_apps/native_apps/RaumBaller/NONE_TRANSFORMED_;/src/main/java/jgame/platform/JGPreferences.java;file:/src/main/java/jgame/platform/JGPreferences.java
UseValueOf;Lint;/Users/rar9993/repos/research/fdroid_apps/native_apps/RaumBaller/NONE_TRANSFORMED_;/Users/rar9993/repos/research/fdroid_apps/native_apps/RaumBaller/NONE_TRANSFORMED_/app/src/main/java/jgame/platform/JGEngine.java;file:/Users/rar9993/repos/research/fdroid_apps/native_apps/RaumBaller/NONE_TRANSFORMED_/app/src/main/java/jgame/platform/JGEngine.java|line:2342
SyntheticAccessor;Lint;/Users/rar9993/repos/research/fdroid_apps/native_apps/RaumBaller/NONE_TRANSFORMED_;/Users/rar9993/repos/research/fdroid_apps/native_apps/RaumBaller/NONE_TRANSFORMED_/app/src/main/java/jgame/platform/StdGame.java;file:/Users/rar9993/repos/research/fdroid_apps/native_apps/RaumBaller/NONE_TRANSFORMED_/app/src/main/java/jgame/platform/StdGame.java|line:691
UseValueOf;Lint;/Users/rar9993/repos/research/fdroid_apps/native_apps/RaumBaller/NONE_TRANSFORMED_;/Users/rar9993/repos/research/fdroid_apps/native_apps/RaumBaller/NONE_TRANSFORMED_/app/src/main/java/jgame/platform/JGEngine.java;file:/Users/rar9993/repos/research/fdroid_apps/native_apps/RaumBaller/NONE_TRANSFORMED_/app/src/main/java/jgame/platform/JGEngine.java|line:2556
UseValueOf;Lint;/Users/rar9993/repos/research/fdroid_apps/native_apps/RaumBaller/NONE_TRANSFORMED_;/Users/rar9993/repos/research/fdroid_apps/native_apps/RaumBaller/NONE_TRANSFORMED_/app/src/main/java/jgame/platform/JGEngine.java;file:/Users/rar9993/repos/research/fdroid_apps/native_apps/RaumBaller/NONE_TRANSFORMED_/app/src/main/java/jgame/platform/JGEngine.java|line:2373
UseValueOf;Lint;/Users/rar9993/repos/research/fdroid_apps/native_apps/RaumBaller/NONE_TRANSFORMED_;/Users/rar9993/repos/research/fdroid_apps/native_apps/RaumBaller/NONE_TRANSFORMED_/app/src/main/java/jgame/impl/EngineLogic.java;file:/Users/rar9993/repos/research/fdroid_apps/native_apps/RaumBaller/NONE_TRANSFORMED_/app/src/main/java/jgame/impl/EngineLogic.java|line:635
UseValueOf;Lint;/Users/rar9993/repos/research/fdroid_apps/native_apps/RaumBaller/NONE_TRANSFORMED_;/Users/rar9993/repos/research/fdroid_apps/native_apps/RaumBaller/NONE_TRANSFORMED_/app/src/main/java/jgame/platform/JGEngine.java;file:/Users/rar9993/repos/research/fdroid_apps/native_apps/RaumBaller/NONE_TRANSFORMED_/app/src/main/java/jgame/platform/JGEngine.java|line:2543
UseValueOf;Lint;/Users/rar9993/repos/research/fdroid_apps/native_apps/RaumBaller/NONE_TRANSFORMED_;/Users/rar9993/repos/research/fdroid_apps/native_apps/RaumBaller/NONE_TRANSFORMED_/app/src/main/java/jgame/platform/SeekBarPreference.java;file:/Users/rar9993/repos/research/fdroid_apps/native_apps/RaumBaller/NONE_TRANSFORMED_/app/src/main/java/jgame/platform/SeekBarPreference.java|line:113
UseValueOf;Lint;/Users/rar9993/repos/research/fdroid_apps/native_apps/RaumBaller/NONE_TRANSFORMED_;/Users/rar9993/repos/research/fdroid_apps/native_apps/RaumBaller/NONE_TRANSFORMED_/app/src/main/java/jgame/impl/EngineLogic.java;file:/Users/rar9993/repos/research/fdroid_apps/native_apps/RaumBaller/NONE_TRANSFORMED_/app/src/main/java/jgame/impl/EngineLogic.java|line:639
SyntheticAccessor;Lint;/Users/rar9993/repos/research/fdroid_apps/native_apps/RaumBaller/NONE_TRANSFORMED_;/Users/rar9993/repos/research/fdroid_apps/native_apps/RaumBaller/NONE_TRANSFORMED_/app/src/main/java/jgame/platform/JGEngine.java;file:/Users/rar9993/repos/research/fdroid_apps/native_apps/RaumBaller/NONE_TRANSFORMED_/app/src/main/java/jgame/platform/JGEngine.java|line:2932
UseValueOf;Lint;/Users/rar9993/repos/research/fdroid_apps/native_apps/RaumBaller/NONE_TRANSFORMED_;/Users/rar9993/repos/research/fdroid_apps/native_apps/RaumBaller/NONE_TRANSFORMED_/app/src/main/java/jgame/impl/EngineLogic.java;file:/Users/rar9993/repos/research/fdroid_apps/native_apps/RaumBaller/NONE_TRANSFORMED_/app/src/main/java/jgame/impl/EngineLogic.java|line:844
SyntheticAccessor;Lint;/Users/rar9993/repos/research/fdroid_apps/native_apps/RaumBaller/NONE_TRANSFORMED_;/Users/rar9993/repos/research/fdroid_apps/native_apps/RaumBaller/NONE_TRANSFORMED_/app/src/main/java/jgame/platform/StdGame.java;file:/Users/rar9993/repos/research/fdroid_apps/native_apps/RaumBaller/NONE_TRANSFORMED_/app/src/main/java/jgame/platform/StdGame.java|line:637
UseValueOf;Lint;/Users/rar9993/repos/research/fdroid_apps/native_apps/RaumBaller/NONE_TRANSFORMED_;/Users/rar9993/repos/research/fdroid_apps/native_apps/RaumBaller/NONE_TRANSFORMED_/app/src/main/java/jgame/platform/JGEngine.java;file:/Users/rar9993/repos/research/fdroid_apps/native_apps/RaumBaller/NONE_TRANSFORMED_/app/src/main/java/jgame/platform/JGEngine.java|line:2550
SyntheticAccessor;Lint;/Users/rar9993/repos/research/fdroid_apps/native_apps/RaumBaller/NONE_TRANSFORMED_;/Users/rar9993/repos/research/fdroid_apps/native_apps/RaumBaller/NONE_TRANSFORMED_/app/src/main/java/jgame/platform/JGEngine.java;file:/Users/rar9993/repos/research/fdroid_apps/native_apps/RaumBaller/NONE_TRANSFORMED_/app/src/main/java/jgame/platform/JGEngine.java|line:2962
SyntheticAccessor;Lint;/Users/rar9993/repos/research/fdroid_apps/native_apps/RaumBaller/NONE_TRANSFORMED_;/Users/rar9993/repos/research/fdroid_apps/native_apps/RaumBaller/NONE_TRANSFORMED_/app/src/main/java/jgame/platform/StdGame.java;file:/Users/rar9993/repos/research/fdroid_apps/native_apps/RaumBaller/NONE_TRANSFORMED_/app/src/main/java/jgame/platform/StdGame.java|line:583
UseValueOf;Lint;/Users/rar9993/repos/research/fdroid_apps/native_apps/RaumBaller/NONE_TRANSFORMED_;/Users/rar9993/repos/research/fdroid_apps/native_apps/RaumBaller/NONE_TRANSFORMED_/app/src/main/java/jgame/impl/EngineLogic.java;file:/Users/rar9993/repos/research/fdroid_apps/native_apps/RaumBaller/NONE_TRANSFORMED_/app/src/main/java/jgame/impl/EngineLogic.java|line:1595
UseValueOf;Lint;/Users/rar9993/repos/research/fdroid_apps/native_apps/RaumBaller/NONE_TRANSFORMED_;/Users/rar9993/repos/research/fdroid_apps/native_apps/RaumBaller/NONE_TRANSFORMED_/app/src/main/java/jgame/platform/JGEngine.java;file:/Users/rar9993/repos/research/fdroid_apps/native_apps/RaumBaller/NONE_TRANSFORMED_/app/src/main/java/jgame/platform/JGEngine.java|line:2536
UseValueOf;Lint;/Users/rar9993/repos/research/fdroid_apps/native_apps/RaumBaller/NONE_TRANSFORMED_;/Users/rar9993/repos/research/fdroid_apps/native_apps/RaumBaller/NONE_TRANSFORMED_/app/src/main/java/jgame/platform/JGEngine.java;file:/Users/rar9993/repos/research/fdroid_apps/native_apps/RaumBaller/NONE_TRANSFORMED_/app/src/main/java/jgame/platform/JGEngine.java|line:807
UseValueOf;Lint;/Users/rar9993/repos/research/fdroid_apps/native_apps/RaumBaller/NONE_TRANSFORMED_;/Users/rar9993/repos/research/fdroid_apps/native_apps/RaumBaller/NONE_TRANSFORMED_/app/src/main/java/jgame/impl/EngineLogic.java;file:/Users/rar9993/repos/research/fdroid_apps/native_apps/RaumBaller/NONE_TRANSFORMED_/app/src/main/java/jgame/impl/EngineLogic.java|line:843
UseValueOf;Lint;/Users/rar9993/repos/research/fdroid_apps/native_apps/RaumBaller/NONE_TRANSFORMED_;/Users/rar9993/repos/research/fdroid_apps/native_apps/RaumBaller/NONE_TRANSFORMED_/app/src/main/java/jgame/impl/EngineLogic.java;file:/Users/rar9993/repos/research/fdroid_apps/native_apps/RaumBaller/NONE_TRANSFORMED_/app/src/main/java/jgame/impl/EngineLogic.java|line:1608
UnusedResources;Lint;/Users/rar9993/repos/research/fdroid_apps/native_apps/RaumBaller/NONE_TRANSFORMED_;/Users/rar9993/repos/research/fdroid_apps/native_apps/RaumBaller/NONE_TRANSFORMED_/app/src/main/res/drawable-v24/ic_launcher_foreground.xml;file:/Users/rar9993/repos/research/fdroid_apps/native_apps/RaumBaller/NONE_TRANSFORMED_/app/src/main/res/drawable-v24/ic_launcher_foreground.xml|line:1
UnusedResources;Lint;/Users/rar9993/repos/research/fdroid_apps/native_apps/RaumBaller/NONE_TRANSFORMED_;/Users/rar9993/repos/research/fdroid_apps/native_apps/RaumBaller/NONE_TRANSFORMED_/app/src/main/res/drawable/ic_launcher_background.xml;file:/Users/rar9993/repos/research/fdroid_apps/native_apps/RaumBaller/NONE_TRANSFORMED_/app/src/main/res/drawable/ic_launcher_background.xml|line:2
UseValueOf;Lint;/Users/rar9993/repos/research/fdroid_apps/native_apps/RaumBaller/NONE_TRANSFORMED_;/Users/rar9993/repos/research/fdroid_apps/native_apps/RaumBaller/NONE_TRANSFORMED_/app/src/main/java/jgame/platform/JGEngine.java;file:/Users/rar9993/repos/research/fdroid_apps/native_apps/RaumBaller/NONE_TRANSFORMED_/app/src/main/java/jgame/platform/JGEngine.java|line:2563
FieldShouldBeStatic;SpotBugs;/Users/rar9993/repos/research/fdroid_apps/native_apps/RaumBaller/NONE_TRANSFORMED_;com/kaeruct/raumballer/AndroidGame.java;file:com/kaeruct/raumballer/AndroidGame.java|line:28
FieldShouldBeStatic;SpotBugs;/Users/rar9993/repos/research/fdroid_apps/native_apps/RaumBaller/NONE_TRANSFORMED_;com/kaeruct/raumballer/AndroidGame.java;file:com/kaeruct/raumballer/AndroidGame.java|line:27
FieldShouldBeStatic;SpotBugs;/Users/rar9993/repos/research/fdroid_apps/native_apps/RaumBaller/NONE_TRANSFORMED_;com/kaeruct/raumballer/AndroidGame.java;file:com/kaeruct/raumballer/AndroidGame.java|line:29
UnreadField;SpotBugs;/Users/rar9993/repos/research/fdroid_apps/native_apps/RaumBaller/NONE_TRANSFORMED_;jgame/JGObject.java;file:jgame/JGObject.java|line:187
UnreadField;SpotBugs;/Users/rar9993/repos/research/fdroid_apps/native_apps/RaumBaller/NONE_TRANSFORMED_;jgame/JGObject.java;file:jgame/JGObject.java|line:185
UnreadField;SpotBugs;/Users/rar9993/repos/research/fdroid_apps/native_apps/RaumBaller/NONE_TRANSFORMED_;jgame/JGObject.java;file:jgame/JGObject.java|line:179
UnreadField;SpotBugs;/Users/rar9993/repos/research/fdroid_apps/native_apps/RaumBaller/NONE_TRANSFORMED_;jgame/JGObject.java;file:jgame/JGObject.java|line:175
UnreadField;SpotBugs;/Users/rar9993/repos/research/fdroid_apps/native_apps/RaumBaller/NONE_TRANSFORMED_;jgame/JGObject.java;file:jgame/JGObject.java|line:180
UnreadField;SpotBugs;/Users/rar9993/repos/research/fdroid_apps/native_apps/RaumBaller/NONE_TRANSFORMED_;jgame/JGObject.java;file:jgame/JGObject.java|line:176
UseValueOf;SpotBugs;/Users/rar9993/repos/research/fdroid_apps/native_apps/RaumBaller/NONE_TRANSFORMED_;jgame/impl/EngineLogic.java;file:jgame/impl/EngineLogic.java|line:844
UseValueOf;SpotBugs;/Users/rar9993/repos/research/fdroid_apps/native_apps/RaumBaller/NONE_TRANSFORMED_;jgame/impl/EngineLogic.java;file:jgame/impl/EngineLogic.java|line:635
UseValueOf;SpotBugs;/Users/rar9993/repos/research/fdroid_apps/native_apps/RaumBaller/NONE_TRANSFORMED_;jgame/impl/EngineLogic.java;file:jgame/impl/EngineLogic.java|line:843
UseValueOf;SpotBugs;/Users/rar9993/repos/research/fdroid_apps/native_apps/RaumBaller/NONE_TRANSFORMED_;jgame/impl/EngineLogic.java;file:jgame/impl/EngineLogic.java|line:1607
UseValueOf;SpotBugs;/Users/rar9993/repos/research/fdroid_apps/native_apps/RaumBaller/NONE_TRANSFORMED_;jgame/impl/EngineLogic.java;file:jgame/impl/EngineLogic.java|line:1595
StringBufferConcatenation;SpotBugs;/Users/rar9993/repos/research/fdroid_apps/native_apps/RaumBaller/NONE_TRANSFORMED_;jgame/impl/EngineLogic.java;file:jgame/impl/EngineLogic.java|line:371
UnreadField;SpotBugs;/Users/rar9993/repos/research/fdroid_apps/native_apps/RaumBaller/NONE_TRANSFORMED_;jgame/impl/ImageMap.java;file:jgame/impl/ImageMap.java|line:17
StringBufferConcatenation;SpotBugs;/Users/rar9993/repos/research/fdroid_apps/native_apps/RaumBaller/NONE_TRANSFORMED_;jgame/impl/SortedArray.java;file:jgame/impl/SortedArray.java|line:259
UseValueOf;SpotBugs;/Users/rar9993/repos/research/fdroid_apps/native_apps/RaumBaller/NONE_TRANSFORMED_;jgame/platform/JGEngine.java;file:jgame/platform/JGEngine.java|line:2342
UseValueOf;SpotBugs;/Users/rar9993/repos/research/fdroid_apps/native_apps/RaumBaller/NONE_TRANSFORMED_;jgame/platform/JGEngine.java;file:jgame/platform/JGEngine.java|line:807
UseValueOf;SpotBugs;/Users/rar9993/repos/research/fdroid_apps/native_apps/RaumBaller/NONE_TRANSFORMED_;jgame/platform/JGEngine.java;file:jgame/platform/JGEngine.java|line:2543
UseValueOf;SpotBugs;/Users/rar9993/repos/research/fdroid_apps/native_apps/RaumBaller/NONE_TRANSFORMED_;jgame/platform/JGEngine.java;file:jgame/platform/JGEngine.java|line:2550
UseValueOf;SpotBugs;/Users/rar9993/repos/research/fdroid_apps/native_apps/RaumBaller/NONE_TRANSFORMED_;jgame/platform/JGEngine.java;file:jgame/platform/JGEngine.java|line:2556
UseValueOf;SpotBugs;/Users/rar9993/repos/research/fdroid_apps/native_apps/RaumBaller/NONE_TRANSFORMED_;jgame/platform/JGEngine.java;file:jgame/platform/JGEngine.java|line:2536
UseValueOf;SpotBugs;/Users/rar9993/repos/research/fdroid_apps/native_apps/RaumBaller/NONE_TRANSFORMED_;jgame/platform/JGEngine.java;file:jgame/platform/JGEngine.java|line:2563
UseValueOf;SpotBugs;/Users/rar9993/repos/research/fdroid_apps/native_apps/RaumBaller/NONE_TRANSFORMED_;jgame/platform/JGEngine.java;file:jgame/platform/JGEngine.java|line:2373
UnreadField;SpotBugs;/Users/rar9993/repos/research/fdroid_apps/native_apps/RaumBaller/NONE_TRANSFORMED_;jgame/platform/JGEngine.java;file:jgame/platform/JGEngine.java|line:160
UnreadField;SpotBugs;/Users/rar9993/repos/research/fdroid_apps/native_apps/RaumBaller/NONE_TRANSFORMED_;jgame/platform/JGEngine.java;file:jgame/platform/JGEngine.java|line:123
FieldShouldBeStatic;SpotBugs;/Users/rar9993/repos/research/fdroid_apps/native_apps/RaumBaller/NONE_TRANSFORMED_;jgame/platform/SeekBarPreference.java;file:jgame/platform/SeekBarPreference.java|line:18
FieldShouldBeStatic;SpotBugs;/Users/rar9993/repos/research/fdroid_apps/native_apps/RaumBaller/NONE_TRANSFORMED_;jgame/platform/SeekBarPreference.java;file:jgame/platform/SeekBarPreference.java|line:17
UnreadField;SpotBugs;/Users/rar9993/repos/research/fdroid_apps/native_apps/RaumBaller/NONE_TRANSFORMED_;jgame/platform/SeekBarPreference.java;file:jgame/platform/SeekBarPreference.java|line:38
UnusedField;SpotBugs;/Users/rar9993/repos/research/fdroid_apps/native_apps/RaumBaller/NONE_TRANSFORMED_;jgame/platform/StdGame.java;file:jgame/platform/StdGame.java
LeakingInnerClass;SpotBugs;/Users/rar9993/repos/research/fdroid_apps/native_apps/RaumBaller/NONE_TRANSFORMED_;jgame/platform/StdGame.java;file:jgame/platform/StdGame.java|line:1150
