Issue;Tool;Project;File;Location
LeakingInnerClass;aDoctor;/Users/rar9993/repos/research/fdroid_apps/native_apps/BaldPhone/NONE_TRANSFORMED_;/Users/rar9993/repos/research/fdroid_apps/native_apps/BaldPhone/app/src/main/java/com/bald/uriah/baldphone/activities/AppsActivity.java;file:/Users/rar9993/repos/research/fdroid_apps/native_apps/BaldPhone/app/src/main/java/com/bald/uriah/baldphone/activities/AppsActivity.java|class:com.bald.uriah.baldphone.activities.AppsActivity
MemberIgnoringMethod;aDoctor;/Users/rar9993/repos/research/fdroid_apps/native_apps/BaldPhone/NONE_TRANSFORMED_;/Users/rar9993/repos/research/fdroid_apps/native_apps/BaldPhone/app/src/main/java/com/bald/uriah/baldphone/activities/AppsActivity.java;file:/Users/rar9993/repos/research/fdroid_apps/native_apps/BaldPhone/app/src/main/java/com/bald/uriah/baldphone/activities/AppsActivity.java|class:com.bald.uriah.baldphone.activities.AppsActivity
NoLowMemoryResolver;aDoctor;/Users/rar9993/repos/research/fdroid_apps/native_apps/BaldPhone/NONE_TRANSFORMED_;/Users/rar9993/repos/research/fdroid_apps/native_apps/BaldPhone/app/src/main/java/com/bald/uriah/baldphone/activities/FakeLauncherActivity.java;file:/Users/rar9993/repos/research/fdroid_apps/native_apps/BaldPhone/app/src/main/java/com/bald/uriah/baldphone/activities/FakeLauncherActivity.java|class:com.bald.uriah.baldphone.activities.FakeLauncherActivity
MemberIgnoringMethod;aDoctor;/Users/rar9993/repos/research/fdroid_apps/native_apps/BaldPhone/NONE_TRANSFORMED_;/Users/rar9993/repos/research/fdroid_apps/native_apps/BaldPhone/app/src/main/java/com/bald/uriah/baldphone/activities/Page1EditorActivity.java;file:/Users/rar9993/repos/research/fdroid_apps/native_apps/BaldPhone/app/src/main/java/com/bald/uriah/baldphone/activities/Page1EditorActivity.java|class:com.bald.uriah.baldphone.activities.Page1EditorActivity
MemberIgnoringMethod;aDoctor;/Users/rar9993/repos/research/fdroid_apps/native_apps/BaldPhone/NONE_TRANSFORMED_;/Users/rar9993/repos/research/fdroid_apps/native_apps/BaldPhone/app/src/main/java/com/bald/uriah/baldphone/activities/SOSActivity.java;file:/Users/rar9993/repos/research/fdroid_apps/native_apps/BaldPhone/app/src/main/java/com/bald/uriah/baldphone/activities/SOSActivity.java|class:com.bald.uriah.baldphone.activities.SOSActivity
SlowForLoop;aDoctor;/Users/rar9993/repos/research/fdroid_apps/native_apps/BaldPhone/NONE_TRANSFORMED_;/Users/rar9993/repos/research/fdroid_apps/native_apps/BaldPhone/app/src/main/java/com/bald/uriah/baldphone/activities/SOSActivity.java;file:/Users/rar9993/repos/research/fdroid_apps/native_apps/BaldPhone/app/src/main/java/com/bald/uriah/baldphone/activities/SOSActivity.java|class:com.bald.uriah.baldphone.activities.SOSActivity
LeakingThread;aDoctor;/Users/rar9993/repos/research/fdroid_apps/native_apps/BaldPhone/NONE_TRANSFORMED_;/Users/rar9993/repos/research/fdroid_apps/native_apps/BaldPhone/app/src/main/java/com/bald/uriah/baldphone/activities/HomeScreenActivity.java;file:/Users/rar9993/repos/research/fdroid_apps/native_apps/BaldPhone/app/src/main/java/com/bald/uriah/baldphone/activities/HomeScreenActivity.java|class:com.bald.uriah.baldphone.activities.HomeScreenActivity
MemberIgnoringMethod;aDoctor;/Users/rar9993/repos/research/fdroid_apps/native_apps/BaldPhone/NONE_TRANSFORMED_;/Users/rar9993/repos/research/fdroid_apps/native_apps/BaldPhone/app/src/main/java/com/bald/uriah/baldphone/activities/HomeScreenActivity.java;file:/Users/rar9993/repos/research/fdroid_apps/native_apps/BaldPhone/app/src/main/java/com/bald/uriah/baldphone/activities/HomeScreenActivity.java|class:com.bald.uriah.baldphone.activities.HomeScreenActivity
SlowForLoop;aDoctor;/Users/rar9993/repos/research/fdroid_apps/native_apps/BaldPhone/NONE_TRANSFORMED_;/Users/rar9993/repos/research/fdroid_apps/native_apps/BaldPhone/app/src/main/java/com/bald/uriah/baldphone/activities/HomeScreenActivity.java;file:/Users/rar9993/repos/research/fdroid_apps/native_apps/BaldPhone/app/src/main/java/com/bald/uriah/baldphone/activities/HomeScreenActivity.java|class:com.bald.uriah.baldphone.activities.HomeScreenActivity
MemberIgnoringMethod;aDoctor;/Users/rar9993/repos/research/fdroid_apps/native_apps/BaldPhone/NONE_TRANSFORMED_;/Users/rar9993/repos/research/fdroid_apps/native_apps/BaldPhone/app/src/main/java/com/bald/uriah/baldphone/activities/RecentActivity.java;file:/Users/rar9993/repos/research/fdroid_apps/native_apps/BaldPhone/app/src/main/java/com/bald/uriah/baldphone/activities/RecentActivity.java|class:com.bald.uriah.baldphone.activities.RecentActivity
MemberIgnoringMethod;aDoctor;/Users/rar9993/repos/research/fdroid_apps/native_apps/BaldPhone/NONE_TRANSFORMED_;/Users/rar9993/repos/research/fdroid_apps/native_apps/BaldPhone/app/src/main/java/com/bald/uriah/baldphone/activities/FontChangerActivity.java;file:/Users/rar9993/repos/research/fdroid_apps/native_apps/BaldPhone/app/src/main/java/com/bald/uriah/baldphone/activities/FontChangerActivity.java|class:com.bald.uriah.baldphone.activities.FontChangerActivity
SlowForLoop;aDoctor;/Users/rar9993/repos/research/fdroid_apps/native_apps/BaldPhone/NONE_TRANSFORMED_;/Users/rar9993/repos/research/fdroid_apps/native_apps/BaldPhone/app/src/main/java/com/bald/uriah/baldphone/activities/FontChangerActivity.java;file:/Users/rar9993/repos/research/fdroid_apps/native_apps/BaldPhone/app/src/main/java/com/bald/uriah/baldphone/activities/FontChangerActivity.java|class:com.bald.uriah.baldphone.activities.FontChangerActivity
InternalGetterSetter;aDoctor;/Users/rar9993/repos/research/fdroid_apps/native_apps/BaldPhone/NONE_TRANSFORMED_;/Users/rar9993/repos/research/fdroid_apps/native_apps/BaldPhone/app/src/main/java/com/bald/uriah/baldphone/activities/DialerActivity.java;file:/Users/rar9993/repos/research/fdroid_apps/native_apps/BaldPhone/app/src/main/java/com/bald/uriah/baldphone/activities/DialerActivity.java|class:com.bald.uriah.baldphone.activities.DialerActivity
LeakingInnerClass;aDoctor;/Users/rar9993/repos/research/fdroid_apps/native_apps/BaldPhone/NONE_TRANSFORMED_;/Users/rar9993/repos/research/fdroid_apps/native_apps/BaldPhone/app/src/main/java/com/bald/uriah/baldphone/activities/DialerActivity.java;file:/Users/rar9993/repos/research/fdroid_apps/native_apps/BaldPhone/app/src/main/java/com/bald/uriah/baldphone/activities/DialerActivity.java|class:com.bald.uriah.baldphone.activities.DialerActivity
MemberIgnoringMethod;aDoctor;/Users/rar9993/repos/research/fdroid_apps/native_apps/BaldPhone/NONE_TRANSFORMED_;/Users/rar9993/repos/research/fdroid_apps/native_apps/BaldPhone/app/src/main/java/com/bald/uriah/baldphone/activities/DialerActivity.java;file:/Users/rar9993/repos/research/fdroid_apps/native_apps/BaldPhone/app/src/main/java/com/bald/uriah/baldphone/activities/DialerActivity.java|class:com.bald.uriah.baldphone.activities.DialerActivity
SlowForLoop;aDoctor;/Users/rar9993/repos/research/fdroid_apps/native_apps/BaldPhone/NONE_TRANSFORMED_;/Users/rar9993/repos/research/fdroid_apps/native_apps/BaldPhone/app/src/main/java/com/bald/uriah/baldphone/activities/DialerActivity.java;file:/Users/rar9993/repos/research/fdroid_apps/native_apps/BaldPhone/app/src/main/java/com/bald/uriah/baldphone/activities/DialerActivity.java|class:com.bald.uriah.baldphone.activities.DialerActivity
UnclosedCloseable;aDoctor;/Users/rar9993/repos/research/fdroid_apps/native_apps/BaldPhone/NONE_TRANSFORMED_;/Users/rar9993/repos/research/fdroid_apps/native_apps/BaldPhone/app/src/main/java/com/bald/uriah/baldphone/activities/DialerActivity.java;file:/Users/rar9993/repos/research/fdroid_apps/native_apps/BaldPhone/app/src/main/java/com/bald/uriah/baldphone/activities/DialerActivity.java|class:com.bald.uriah.baldphone.activities.DialerActivity
LeakingInnerClass;aDoctor;/Users/rar9993/repos/research/fdroid_apps/native_apps/BaldPhone/NONE_TRANSFORMED_;/Users/rar9993/repos/research/fdroid_apps/native_apps/BaldPhone/app/src/main/java/com/bald/uriah/baldphone/activities/CreditsActivity.java;file:/Users/rar9993/repos/research/fdroid_apps/native_apps/BaldPhone/app/src/main/java/com/bald/uriah/baldphone/activities/CreditsActivity.java|class:com.bald.uriah.baldphone.activities.CreditsActivity
MemberIgnoringMethod;aDoctor;/Users/rar9993/repos/research/fdroid_apps/native_apps/BaldPhone/NONE_TRANSFORMED_;/Users/rar9993/repos/research/fdroid_apps/native_apps/BaldPhone/app/src/main/java/com/bald/uriah/baldphone/activities/CreditsActivity.java;file:/Users/rar9993/repos/research/fdroid_apps/native_apps/BaldPhone/app/src/main/java/com/bald/uriah/baldphone/activities/CreditsActivity.java|class:com.bald.uriah.baldphone.activities.CreditsActivity
MemberIgnoringMethod;aDoctor;/Users/rar9993/repos/research/fdroid_apps/native_apps/BaldPhone/NONE_TRANSFORMED_;/Users/rar9993/repos/research/fdroid_apps/native_apps/BaldPhone/app/src/main/java/com/bald/uriah/baldphone/activities/NotificationsActivity.java;file:/Users/rar9993/repos/research/fdroid_apps/native_apps/BaldPhone/app/src/main/java/com/bald/uriah/baldphone/activities/NotificationsActivity.java|class:com.bald.uriah.baldphone.activities.NotificationsActivity
DataTransmissionWithoutCompression;aDoctor;/Users/rar9993/repos/research/fdroid_apps/native_apps/BaldPhone/NONE_TRANSFORMED_;/Users/rar9993/repos/research/fdroid_apps/native_apps/BaldPhone/app/src/main/java/com/bald/uriah/baldphone/activities/UpdatesActivity.java;file:/Users/rar9993/repos/research/fdroid_apps/native_apps/BaldPhone/app/src/main/java/com/bald/uriah/baldphone/activities/UpdatesActivity.java|class:com.bald.uriah.baldphone.activities.UpdatesActivity
LeakingThread;aDoctor;/Users/rar9993/repos/research/fdroid_apps/native_apps/BaldPhone/NONE_TRANSFORMED_;/Users/rar9993/repos/research/fdroid_apps/native_apps/BaldPhone/app/src/main/java/com/bald/uriah/baldphone/activities/UpdatesActivity.java;file:/Users/rar9993/repos/research/fdroid_apps/native_apps/BaldPhone/app/src/main/java/com/bald/uriah/baldphone/activities/UpdatesActivity.java|class:com.bald.uriah.baldphone.activities.UpdatesActivity
MemberIgnoringMethod;aDoctor;/Users/rar9993/repos/research/fdroid_apps/native_apps/BaldPhone/NONE_TRANSFORMED_;/Users/rar9993/repos/research/fdroid_apps/native_apps/BaldPhone/app/src/main/java/com/bald/uriah/baldphone/activities/UpdatesActivity.java;file:/Users/rar9993/repos/research/fdroid_apps/native_apps/BaldPhone/app/src/main/java/com/bald/uriah/baldphone/activities/UpdatesActivity.java|class:com.bald.uriah.baldphone.activities.UpdatesActivity
MemberIgnoringMethod;aDoctor;/Users/rar9993/repos/research/fdroid_apps/native_apps/BaldPhone/NONE_TRANSFORMED_;/Users/rar9993/repos/research/fdroid_apps/native_apps/BaldPhone/app/src/main/java/com/bald/uriah/baldphone/activities/YoutubeActivity.java;file:/Users/rar9993/repos/research/fdroid_apps/native_apps/BaldPhone/app/src/main/java/com/bald/uriah/baldphone/activities/YoutubeActivity.java|class:com.bald.uriah.baldphone.activities.YoutubeActivity
SlowForLoop;aDoctor;/Users/rar9993/repos/research/fdroid_apps/native_apps/BaldPhone/NONE_TRANSFORMED_;/Users/rar9993/repos/research/fdroid_apps/native_apps/BaldPhone/app/src/main/java/com/bald/uriah/baldphone/activities/YoutubeActivity.java;file:/Users/rar9993/repos/research/fdroid_apps/native_apps/BaldPhone/app/src/main/java/com/bald/uriah/baldphone/activities/YoutubeActivity.java|class:com.bald.uriah.baldphone.activities.YoutubeActivity
LeakingInnerClass;aDoctor;/Users/rar9993/repos/research/fdroid_apps/native_apps/BaldPhone/NONE_TRANSFORMED_;/Users/rar9993/repos/research/fdroid_apps/native_apps/BaldPhone/app/src/main/java/com/bald/uriah/baldphone/activities/PermissionActivity.java;file:/Users/rar9993/repos/research/fdroid_apps/native_apps/BaldPhone/app/src/main/java/com/bald/uriah/baldphone/activities/PermissionActivity.java|class:com.bald.uriah.baldphone.activities.PermissionActivity
MemberIgnoringMethod;aDoctor;/Users/rar9993/repos/research/fdroid_apps/native_apps/BaldPhone/NONE_TRANSFORMED_;/Users/rar9993/repos/research/fdroid_apps/native_apps/BaldPhone/app/src/main/java/com/bald/uriah/baldphone/activities/PermissionActivity.java;file:/Users/rar9993/repos/research/fdroid_apps/native_apps/BaldPhone/app/src/main/java/com/bald/uriah/baldphone/activities/PermissionActivity.java|class:com.bald.uriah.baldphone.activities.PermissionActivity
MemberIgnoringMethod;aDoctor;/Users/rar9993/repos/research/fdroid_apps/native_apps/BaldPhone/NONE_TRANSFORMED_;/Users/rar9993/repos/research/fdroid_apps/native_apps/BaldPhone/app/src/main/java/com/bald/uriah/baldphone/activities/BaldActivity.java;file:/Users/rar9993/repos/research/fdroid_apps/native_apps/BaldPhone/app/src/main/java/com/bald/uriah/baldphone/activities/BaldActivity.java|class:com.bald.uriah.baldphone.activities.BaldActivity
NoLowMemoryResolver;aDoctor;/Users/rar9993/repos/research/fdroid_apps/native_apps/BaldPhone/NONE_TRANSFORMED_;/Users/rar9993/repos/research/fdroid_apps/native_apps/BaldPhone/app/src/main/java/com/bald/uriah/baldphone/activities/BaldActivity.java;file:/Users/rar9993/repos/research/fdroid_apps/native_apps/BaldPhone/app/src/main/java/com/bald/uriah/baldphone/activities/BaldActivity.java|class:com.bald.uriah.baldphone.activities.BaldActivity
DataTransmissionWithoutCompression;aDoctor;/Users/rar9993/repos/research/fdroid_apps/native_apps/BaldPhone/NONE_TRANSFORMED_;/Users/rar9993/repos/research/fdroid_apps/native_apps/BaldPhone/app/src/main/java/com/bald/uriah/baldphone/activities/TechnicalInfoActivity.java;file:/Users/rar9993/repos/research/fdroid_apps/native_apps/BaldPhone/app/src/main/java/com/bald/uriah/baldphone/activities/TechnicalInfoActivity.java|class:com.bald.uriah.baldphone.activities.TechnicalInfoActivity
SlowForLoop;aDoctor;/Users/rar9993/repos/research/fdroid_apps/native_apps/BaldPhone/NONE_TRANSFORMED_;/Users/rar9993/repos/research/fdroid_apps/native_apps/BaldPhone/app/src/main/java/com/bald/uriah/baldphone/activities/TechnicalInfoActivity.java;file:/Users/rar9993/repos/research/fdroid_apps/native_apps/BaldPhone/app/src/main/java/com/bald/uriah/baldphone/activities/TechnicalInfoActivity.java|class:com.bald.uriah.baldphone.activities.TechnicalInfoActivity
LeakingInnerClass;aDoctor;/Users/rar9993/repos/research/fdroid_apps/native_apps/BaldPhone/NONE_TRANSFORMED_;/Users/rar9993/repos/research/fdroid_apps/native_apps/BaldPhone/app/src/main/java/com/bald/uriah/baldphone/activities/SettingsActivity.java;file:/Users/rar9993/repos/research/fdroid_apps/native_apps/BaldPhone/app/src/main/java/com/bald/uriah/baldphone/activities/SettingsActivity.java|class:com.bald.uriah.baldphone.activities.SettingsActivity
MemberIgnoringMethod;aDoctor;/Users/rar9993/repos/research/fdroid_apps/native_apps/BaldPhone/NONE_TRANSFORMED_;/Users/rar9993/repos/research/fdroid_apps/native_apps/BaldPhone/app/src/main/java/com/bald/uriah/baldphone/activities/SettingsActivity.java;file:/Users/rar9993/repos/research/fdroid_apps/native_apps/BaldPhone/app/src/main/java/com/bald/uriah/baldphone/activities/SettingsActivity.java|class:com.bald.uriah.baldphone.activities.SettingsActivity
MemberIgnoringMethod;aDoctor;/Users/rar9993/repos/research/fdroid_apps/native_apps/BaldPhone/NONE_TRANSFORMED_;/Users/rar9993/repos/research/fdroid_apps/native_apps/BaldPhone/app/src/main/java/com/bald/uriah/baldphone/BaldPhone.java;file:/Users/rar9993/repos/research/fdroid_apps/native_apps/BaldPhone/app/src/main/java/com/bald/uriah/baldphone/BaldPhone.java|class:com.bald.uriah.baldphone.BaldPhone
NoLowMemoryResolver;aDoctor;/Users/rar9993/repos/research/fdroid_apps/native_apps/BaldPhone/NONE_TRANSFORMED_;/Users/rar9993/repos/research/fdroid_apps/native_apps/BaldPhone/app/src/main/java/com/bald/uriah/baldphone/BaldPhone.java;file:/Users/rar9993/repos/research/fdroid_apps/native_apps/BaldPhone/app/src/main/java/com/bald/uriah/baldphone/BaldPhone.java|class:com.bald.uriah.baldphone.BaldPhone
UnclosedCloseable;aDoctor;/Users/rar9993/repos/research/fdroid_apps/native_apps/BaldPhone/NONE_TRANSFORMED_;/Users/rar9993/repos/research/fdroid_apps/native_apps/BaldPhone/app/src/main/java/com/bald/uriah/baldphone/databases/calls/CallLogsHelper.java;file:/Users/rar9993/repos/research/fdroid_apps/native_apps/BaldPhone/app/src/main/java/com/bald/uriah/baldphone/databases/calls/CallLogsHelper.java|class:com.bald.uriah.baldphone.databases.calls.CallLogsHelper
MemberIgnoringMethod;aDoctor;/Users/rar9993/repos/research/fdroid_apps/native_apps/BaldPhone/NONE_TRANSFORMED_;/Users/rar9993/repos/research/fdroid_apps/native_apps/BaldPhone/app/src/main/java/com/bald/uriah/baldphone/databases/calls/Call.java;file:/Users/rar9993/repos/research/fdroid_apps/native_apps/BaldPhone/app/src/main/java/com/bald/uriah/baldphone/databases/calls/Call.java|class:com.bald.uriah.baldphone.databases.calls.Call
MemberIgnoringMethod;aDoctor;/Users/rar9993/repos/research/fdroid_apps/native_apps/BaldPhone/NONE_TRANSFORMED_;/Users/rar9993/repos/research/fdroid_apps/native_apps/BaldPhone/app/src/main/java/com/bald/uriah/baldphone/databases/alarms/AlarmsDatabase.java;file:/Users/rar9993/repos/research/fdroid_apps/native_apps/BaldPhone/app/src/main/java/com/bald/uriah/baldphone/databases/alarms/AlarmsDatabase.java|class:com.bald.uriah.baldphone.databases.alarms.AlarmsDatabase
MemberIgnoringMethod;aDoctor;/Users/rar9993/repos/research/fdroid_apps/native_apps/BaldPhone/NONE_TRANSFORMED_;/Users/rar9993/repos/research/fdroid_apps/native_apps/BaldPhone/app/src/main/java/com/bald/uriah/baldphone/databases/alarms/AlarmScheduler.java;file:/Users/rar9993/repos/research/fdroid_apps/native_apps/BaldPhone/app/src/main/java/com/bald/uriah/baldphone/databases/alarms/AlarmScheduler.java|class:com.bald.uriah.baldphone.databases.alarms.AlarmScheduler
SlowForLoop;aDoctor;/Users/rar9993/repos/research/fdroid_apps/native_apps/BaldPhone/NONE_TRANSFORMED_;/Users/rar9993/repos/research/fdroid_apps/native_apps/BaldPhone/app/src/main/java/com/bald/uriah/baldphone/databases/alarms/AlarmScheduler.java;file:/Users/rar9993/repos/research/fdroid_apps/native_apps/BaldPhone/app/src/main/java/com/bald/uriah/baldphone/databases/alarms/AlarmScheduler.java|class:com.bald.uriah.baldphone.databases.alarms.AlarmScheduler
MemberIgnoringMethod;aDoctor;/Users/rar9993/repos/research/fdroid_apps/native_apps/BaldPhone/NONE_TRANSFORMED_;/Users/rar9993/repos/research/fdroid_apps/native_apps/BaldPhone/app/src/main/java/com/bald/uriah/baldphone/databases/alarms/Alarm.java;file:/Users/rar9993/repos/research/fdroid_apps/native_apps/BaldPhone/app/src/main/java/com/bald/uriah/baldphone/databases/alarms/Alarm.java|class:com.bald.uriah.baldphone.databases.alarms.Alarm
InternalGetterSetter;aDoctor;/Users/rar9993/repos/research/fdroid_apps/native_apps/BaldPhone/NONE_TRANSFORMED_;/Users/rar9993/repos/research/fdroid_apps/native_apps/BaldPhone/app/src/main/java/com/bald/uriah/baldphone/databases/contacts/Contact.java;file:/Users/rar9993/repos/research/fdroid_apps/native_apps/BaldPhone/app/src/main/java/com/bald/uriah/baldphone/databases/contacts/Contact.java|class:com.bald.uriah.baldphone.databases.contacts.Contact
MemberIgnoringMethod;aDoctor;/Users/rar9993/repos/research/fdroid_apps/native_apps/BaldPhone/NONE_TRANSFORMED_;/Users/rar9993/repos/research/fdroid_apps/native_apps/BaldPhone/app/src/main/java/com/bald/uriah/baldphone/databases/contacts/Contact.java;file:/Users/rar9993/repos/research/fdroid_apps/native_apps/BaldPhone/app/src/main/java/com/bald/uriah/baldphone/databases/contacts/Contact.java|class:com.bald.uriah.baldphone.databases.contacts.Contact
UnclosedCloseable;aDoctor;/Users/rar9993/repos/research/fdroid_apps/native_apps/BaldPhone/NONE_TRANSFORMED_;/Users/rar9993/repos/research/fdroid_apps/native_apps/BaldPhone/app/src/main/java/com/bald/uriah/baldphone/databases/contacts/Contact.java;file:/Users/rar9993/repos/research/fdroid_apps/native_apps/BaldPhone/app/src/main/java/com/bald/uriah/baldphone/databases/contacts/Contact.java|class:com.bald.uriah.baldphone.databases.contacts.Contact
LeakingInnerClass;aDoctor;/Users/rar9993/repos/research/fdroid_apps/native_apps/BaldPhone/NONE_TRANSFORMED_;/Users/rar9993/repos/research/fdroid_apps/native_apps/BaldPhone/app/src/main/java/com/bald/uriah/baldphone/databases/home_screen_pins/HomeScreenPinHelper.java;file:/Users/rar9993/repos/research/fdroid_apps/native_apps/BaldPhone/app/src/main/java/com/bald/uriah/baldphone/databases/home_screen_pins/HomeScreenPinHelper.java|class:com.bald.uriah.baldphone.databases.home_screen_pins.HomeScreenPinHelper
UnclosedCloseable;aDoctor;/Users/rar9993/repos/research/fdroid_apps/native_apps/BaldPhone/NONE_TRANSFORMED_;/Users/rar9993/repos/research/fdroid_apps/native_apps/BaldPhone/app/src/main/java/com/bald/uriah/baldphone/databases/home_screen_pins/HomeScreenPinHelper.java;file:/Users/rar9993/repos/research/fdroid_apps/native_apps/BaldPhone/app/src/main/java/com/bald/uriah/baldphone/databases/home_screen_pins/HomeScreenPinHelper.java|class:com.bald.uriah.baldphone.databases.home_screen_pins.HomeScreenPinHelper
MemberIgnoringMethod;aDoctor;/Users/rar9993/repos/research/fdroid_apps/native_apps/BaldPhone/NONE_TRANSFORMED_;/Users/rar9993/repos/research/fdroid_apps/native_apps/BaldPhone/app/src/main/java/com/bald/uriah/baldphone/databases/apps/AppsDatabase.java;file:/Users/rar9993/repos/research/fdroid_apps/native_apps/BaldPhone/app/src/main/java/com/bald/uriah/baldphone/databases/apps/AppsDatabase.java|class:com.bald.uriah.baldphone.databases.apps.AppsDatabase
SlowForLoop;aDoctor;/Users/rar9993/repos/research/fdroid_apps/native_apps/BaldPhone/NONE_TRANSFORMED_;/Users/rar9993/repos/research/fdroid_apps/native_apps/BaldPhone/app/src/main/java/com/bald/uriah/baldphone/databases/apps/AppsDatabaseHelper.java;file:/Users/rar9993/repos/research/fdroid_apps/native_apps/BaldPhone/app/src/main/java/com/bald/uriah/baldphone/databases/apps/AppsDatabaseHelper.java|class:com.bald.uriah.baldphone.databases.apps.AppsDatabaseHelper
InternalGetterSetter;aDoctor;/Users/rar9993/repos/research/fdroid_apps/native_apps/BaldPhone/NONE_TRANSFORMED_;/Users/rar9993/repos/research/fdroid_apps/native_apps/BaldPhone/app/src/main/java/com/bald/uriah/baldphone/databases/apps/App.java;file:/Users/rar9993/repos/research/fdroid_apps/native_apps/BaldPhone/app/src/main/java/com/bald/uriah/baldphone/databases/apps/App.java|class:com.bald.uriah.baldphone.databases.apps.App
MemberIgnoringMethod;aDoctor;/Users/rar9993/repos/research/fdroid_apps/native_apps/BaldPhone/NONE_TRANSFORMED_;/Users/rar9993/repos/research/fdroid_apps/native_apps/BaldPhone/app/src/main/java/com/bald/uriah/baldphone/databases/apps/App.java;file:/Users/rar9993/repos/research/fdroid_apps/native_apps/BaldPhone/app/src/main/java/com/bald/uriah/baldphone/databases/apps/App.java|class:com.bald.uriah.baldphone.databases.apps.App
MemberIgnoringMethod;aDoctor;/Users/rar9993/repos/research/fdroid_apps/native_apps/BaldPhone/NONE_TRANSFORMED_;/Users/rar9993/repos/research/fdroid_apps/native_apps/BaldPhone/app/src/main/java/com/bald/uriah/baldphone/databases/reminders/Reminder.java;file:/Users/rar9993/repos/research/fdroid_apps/native_apps/BaldPhone/app/src/main/java/com/bald/uriah/baldphone/databases/reminders/Reminder.java|class:com.bald.uriah.baldphone.databases.reminders.Reminder
MemberIgnoringMethod;aDoctor;/Users/rar9993/repos/research/fdroid_apps/native_apps/BaldPhone/NONE_TRANSFORMED_;/Users/rar9993/repos/research/fdroid_apps/native_apps/BaldPhone/app/src/main/java/com/bald/uriah/baldphone/databases/reminders/ReminderScheduler.java;file:/Users/rar9993/repos/research/fdroid_apps/native_apps/BaldPhone/app/src/main/java/com/bald/uriah/baldphone/databases/reminders/ReminderScheduler.java|class:com.bald.uriah.baldphone.databases.reminders.ReminderScheduler
SlowForLoop;aDoctor;/Users/rar9993/repos/research/fdroid_apps/native_apps/BaldPhone/NONE_TRANSFORMED_;/Users/rar9993/repos/research/fdroid_apps/native_apps/BaldPhone/app/src/main/java/com/bald/uriah/baldphone/databases/reminders/ReminderScheduler.java;file:/Users/rar9993/repos/research/fdroid_apps/native_apps/BaldPhone/app/src/main/java/com/bald/uriah/baldphone/databases/reminders/ReminderScheduler.java|class:com.bald.uriah.baldphone.databases.reminders.ReminderScheduler
MemberIgnoringMethod;aDoctor;/Users/rar9993/repos/research/fdroid_apps/native_apps/BaldPhone/NONE_TRANSFORMED_;/Users/rar9993/repos/research/fdroid_apps/native_apps/BaldPhone/app/src/main/java/com/bald/uriah/baldphone/databases/reminders/RemindersDatabase.java;file:/Users/rar9993/repos/research/fdroid_apps/native_apps/BaldPhone/app/src/main/java/com/bald/uriah/baldphone/databases/reminders/RemindersDatabase.java|class:com.bald.uriah.baldphone.databases.reminders.RemindersDatabase
LeakingThread;aDoctor;/Users/rar9993/repos/research/fdroid_apps/native_apps/BaldPhone/NONE_TRANSFORMED_;/Users/rar9993/repos/research/fdroid_apps/native_apps/BaldPhone/app/src/main/java/com/bald/uriah/baldphone/fragments_and_dialogs/tutorial_fragments/TutorialFragment1.java;file:/Users/rar9993/repos/research/fdroid_apps/native_apps/BaldPhone/app/src/main/java/com/bald/uriah/baldphone/fragments_and_dialogs/tutorial_fragments/TutorialFragment1.java|class:com.bald.uriah.baldphone.fragments_and_dialogs.tutorial_fragments.TutorialFragment1
MemberIgnoringMethod;aDoctor;/Users/rar9993/repos/research/fdroid_apps/native_apps/BaldPhone/NONE_TRANSFORMED_;/Users/rar9993/repos/research/fdroid_apps/native_apps/BaldPhone/app/src/main/java/com/bald/uriah/baldphone/fragments_and_dialogs/tutorial_fragments/TutorialFragment1.java;file:/Users/rar9993/repos/research/fdroid_apps/native_apps/BaldPhone/app/src/main/java/com/bald/uriah/baldphone/fragments_and_dialogs/tutorial_fragments/TutorialFragment1.java|class:com.bald.uriah.baldphone.fragments_and_dialogs.tutorial_fragments.TutorialFragment1
MemberIgnoringMethod;aDoctor;/Users/rar9993/repos/research/fdroid_apps/native_apps/BaldPhone/NONE_TRANSFORMED_;/Users/rar9993/repos/research/fdroid_apps/native_apps/BaldPhone/app/src/main/java/com/bald/uriah/baldphone/fragments_and_dialogs/tutorial_fragments/TutorialFragment.java;file:/Users/rar9993/repos/research/fdroid_apps/native_apps/BaldPhone/app/src/main/java/com/bald/uriah/baldphone/fragments_and_dialogs/tutorial_fragments/TutorialFragment.java|class:com.bald.uriah.baldphone.fragments_and_dialogs.tutorial_fragments.TutorialFragment
NoLowMemoryResolver;aDoctor;/Users/rar9993/repos/research/fdroid_apps/native_apps/BaldPhone/NONE_TRANSFORMED_;/Users/rar9993/repos/research/fdroid_apps/native_apps/BaldPhone/app/src/main/java/com/bald/uriah/baldphone/fragments_and_dialogs/tutorial_fragments/TutorialFragment.java;file:/Users/rar9993/repos/research/fdroid_apps/native_apps/BaldPhone/app/src/main/java/com/bald/uriah/baldphone/fragments_and_dialogs/tutorial_fragments/TutorialFragment.java|class:com.bald.uriah.baldphone.fragments_and_dialogs.tutorial_fragments.TutorialFragment
MemberIgnoringMethod;aDoctor;/Users/rar9993/repos/research/fdroid_apps/native_apps/BaldPhone/NONE_TRANSFORMED_;/Users/rar9993/repos/research/fdroid_apps/native_apps/BaldPhone/app/src/main/java/com/bald/uriah/baldphone/fragments_and_dialogs/tutorial_fragments/TutorialFragment4.java;file:/Users/rar9993/repos/research/fdroid_apps/native_apps/BaldPhone/app/src/main/java/com/bald/uriah/baldphone/fragments_and_dialogs/tutorial_fragments/TutorialFragment4.java|class:com.bald.uriah.baldphone.fragments_and_dialogs.tutorial_fragments.TutorialFragment4
MemberIgnoringMethod;aDoctor;/Users/rar9993/repos/research/fdroid_apps/native_apps/BaldPhone/NONE_TRANSFORMED_;/Users/rar9993/repos/research/fdroid_apps/native_apps/BaldPhone/app/src/main/java/com/bald/uriah/baldphone/fragments_and_dialogs/tutorial_fragments/TutorialFragment3.java;file:/Users/rar9993/repos/research/fdroid_apps/native_apps/BaldPhone/app/src/main/java/com/bald/uriah/baldphone/fragments_and_dialogs/tutorial_fragments/TutorialFragment3.java|class:com.bald.uriah.baldphone.fragments_and_dialogs.tutorial_fragments.TutorialFragment3
MemberIgnoringMethod;aDoctor;/Users/rar9993/repos/research/fdroid_apps/native_apps/BaldPhone/NONE_TRANSFORMED_;/Users/rar9993/repos/research/fdroid_apps/native_apps/BaldPhone/app/src/main/java/com/bald/uriah/baldphone/fragments_and_dialogs/tutorial_fragments/TutorialFragment2.java;file:/Users/rar9993/repos/research/fdroid_apps/native_apps/BaldPhone/app/src/main/java/com/bald/uriah/baldphone/fragments_and_dialogs/tutorial_fragments/TutorialFragment2.java|class:com.bald.uriah.baldphone.fragments_and_dialogs.tutorial_fragments.TutorialFragment2
SlowForLoop;aDoctor;/Users/rar9993/repos/research/fdroid_apps/native_apps/BaldPhone/NONE_TRANSFORMED_;/Users/rar9993/repos/research/fdroid_apps/native_apps/BaldPhone/app/src/main/java/com/bald/uriah/baldphone/fragments_and_dialogs/tutorial_fragments/TutorialFragment2.java;file:/Users/rar9993/repos/research/fdroid_apps/native_apps/BaldPhone/app/src/main/java/com/bald/uriah/baldphone/fragments_and_dialogs/tutorial_fragments/TutorialFragment2.java|class:com.bald.uriah.baldphone.fragments_and_dialogs.tutorial_fragments.TutorialFragment2
LeakingInnerClass;aDoctor;/Users/rar9993/repos/research/fdroid_apps/native_apps/BaldPhone/NONE_TRANSFORMED_;/Users/rar9993/repos/research/fdroid_apps/native_apps/BaldPhone/app/src/main/java/com/bald/uriah/baldphone/fragments_and_dialogs/LetterChooserDialog.java;file:/Users/rar9993/repos/research/fdroid_apps/native_apps/BaldPhone/app/src/main/java/com/bald/uriah/baldphone/fragments_and_dialogs/LetterChooserDialog.java|class:com.bald.uriah.baldphone.fragments_and_dialogs.LetterChooserDialog
NoLowMemoryResolver;aDoctor;/Users/rar9993/repos/research/fdroid_apps/native_apps/BaldPhone/NONE_TRANSFORMED_;/Users/rar9993/repos/research/fdroid_apps/native_apps/BaldPhone/app/src/main/java/com/bald/uriah/baldphone/content_providers/BaldFileProvider.java;file:/Users/rar9993/repos/research/fdroid_apps/native_apps/BaldPhone/app/src/main/java/com/bald/uriah/baldphone/content_providers/BaldFileProvider.java|class:com.bald.uriah.baldphone.content_providers.BaldFileProvider
SlowForLoop;aDoctor;/Users/rar9993/repos/research/fdroid_apps/native_apps/BaldPhone/NONE_TRANSFORMED_;/Users/rar9993/repos/research/fdroid_apps/native_apps/BaldPhone/app/src/main/java/com/bald/uriah/baldphone/utils/BaldGridItemDecoration.java;file:/Users/rar9993/repos/research/fdroid_apps/native_apps/BaldPhone/app/src/main/java/com/bald/uriah/baldphone/utils/BaldGridItemDecoration.java|class:com.bald.uriah.baldphone.utils.BaldGridItemDecoration
MemberIgnoringMethod;aDoctor;/Users/rar9993/repos/research/fdroid_apps/native_apps/BaldPhone/NONE_TRANSFORMED_;/Users/rar9993/repos/research/fdroid_apps/native_apps/BaldPhone/app/src/main/java/com/bald/uriah/baldphone/utils/BaldPrefsUtils.java;file:/Users/rar9993/repos/research/fdroid_apps/native_apps/BaldPhone/app/src/main/java/com/bald/uriah/baldphone/utils/BaldPrefsUtils.java|class:com.bald.uriah.baldphone.utils.BaldPrefsUtils
LeakingInnerClass;aDoctor;/Users/rar9993/repos/research/fdroid_apps/native_apps/BaldPhone/NONE_TRANSFORMED_;/Users/rar9993/repos/research/fdroid_apps/native_apps/BaldPhone/app/src/main/java/com/bald/uriah/baldphone/utils/DropDownRecyclerViewAdapter.java;file:/Users/rar9993/repos/research/fdroid_apps/native_apps/BaldPhone/app/src/main/java/com/bald/uriah/baldphone/utils/DropDownRecyclerViewAdapter.java|class:com.bald.uriah.baldphone.utils.DropDownRecyclerViewAdapter
DataTransmissionWithoutCompression;aDoctor;/Users/rar9993/repos/research/fdroid_apps/native_apps/BaldPhone/NONE_TRANSFORMED_;/Users/rar9993/repos/research/fdroid_apps/native_apps/BaldPhone/app/src/main/java/com/bald/uriah/baldphone/utils/UpdatingUtil.java;file:/Users/rar9993/repos/research/fdroid_apps/native_apps/BaldPhone/app/src/main/java/com/bald/uriah/baldphone/utils/UpdatingUtil.java|class:com.bald.uriah.baldphone.utils.UpdatingUtil
MemberIgnoringMethod;aDoctor;/Users/rar9993/repos/research/fdroid_apps/native_apps/BaldPhone/NONE_TRANSFORMED_;/Users/rar9993/repos/research/fdroid_apps/native_apps/BaldPhone/app/src/main/java/com/bald/uriah/baldphone/utils/D.java;file:/Users/rar9993/repos/research/fdroid_apps/native_apps/BaldPhone/app/src/main/java/com/bald/uriah/baldphone/utils/D.java|class:com.bald.uriah.baldphone.utils.D
DataTransmissionWithoutCompression;aDoctor;/Users/rar9993/repos/research/fdroid_apps/native_apps/BaldPhone/NONE_TRANSFORMED_;/Users/rar9993/repos/research/fdroid_apps/native_apps/BaldPhone/app/src/main/java/com/bald/uriah/baldphone/utils/S.java;file:/Users/rar9993/repos/research/fdroid_apps/native_apps/BaldPhone/app/src/main/java/com/bald/uriah/baldphone/utils/S.java|class:com.bald.uriah.baldphone.utils.S
MemberIgnoringMethod;aDoctor;/Users/rar9993/repos/research/fdroid_apps/native_apps/BaldPhone/NONE_TRANSFORMED_;/Users/rar9993/repos/research/fdroid_apps/native_apps/BaldPhone/app/src/main/java/com/bald/uriah/baldphone/utils/S.java;file:/Users/rar9993/repos/research/fdroid_apps/native_apps/BaldPhone/app/src/main/java/com/bald/uriah/baldphone/utils/S.java|class:com.bald.uriah.baldphone.utils.S
SlowForLoop;aDoctor;/Users/rar9993/repos/research/fdroid_apps/native_apps/BaldPhone/NONE_TRANSFORMED_;/Users/rar9993/repos/research/fdroid_apps/native_apps/BaldPhone/app/src/main/java/com/bald/uriah/baldphone/utils/S.java;file:/Users/rar9993/repos/research/fdroid_apps/native_apps/BaldPhone/app/src/main/java/com/bald/uriah/baldphone/utils/S.java|class:com.bald.uriah.baldphone.utils.S
InternalGetterSetter;aDoctor;/Users/rar9993/repos/research/fdroid_apps/native_apps/BaldPhone/NONE_TRANSFORMED_;/Users/rar9993/repos/research/fdroid_apps/native_apps/BaldPhone/app/src/main/java/com/bald/uriah/baldphone/utils/BDB.java;file:/Users/rar9993/repos/research/fdroid_apps/native_apps/BaldPhone/app/src/main/java/com/bald/uriah/baldphone/utils/BDB.java|class:com.bald.uriah.baldphone.utils.BDB
MemberIgnoringMethod;aDoctor;/Users/rar9993/repos/research/fdroid_apps/native_apps/BaldPhone/NONE_TRANSFORMED_;/Users/rar9993/repos/research/fdroid_apps/native_apps/BaldPhone/app/src/main/java/com/bald/uriah/baldphone/utils/BDB.java;file:/Users/rar9993/repos/research/fdroid_apps/native_apps/BaldPhone/app/src/main/java/com/bald/uriah/baldphone/utils/BDB.java|class:com.bald.uriah.baldphone.utils.BDB
SlowForLoop;aDoctor;/Users/rar9993/repos/research/fdroid_apps/native_apps/BaldPhone/NONE_TRANSFORMED_;/Users/rar9993/repos/research/fdroid_apps/native_apps/BaldPhone/app/src/main/java/com/bald/uriah/baldphone/utils/BDB.java;file:/Users/rar9993/repos/research/fdroid_apps/native_apps/BaldPhone/app/src/main/java/com/bald/uriah/baldphone/utils/BDB.java|class:com.bald.uriah.baldphone.utils.BDB
InternalGetterSetter;aDoctor;/Users/rar9993/repos/research/fdroid_apps/native_apps/BaldPhone/NONE_TRANSFORMED_;/Users/rar9993/repos/research/fdroid_apps/native_apps/BaldPhone/app/src/main/java/com/bald/uriah/baldphone/utils/BaldToast.java;file:/Users/rar9993/repos/research/fdroid_apps/native_apps/BaldPhone/app/src/main/java/com/bald/uriah/baldphone/utils/BaldToast.java|class:com.bald.uriah.baldphone.utils.BaldToast
LeakingThread;aDoctor;/Users/rar9993/repos/research/fdroid_apps/native_apps/BaldPhone/NONE_TRANSFORMED_;/Users/rar9993/repos/research/fdroid_apps/native_apps/BaldPhone/app/src/main/java/com/bald/uriah/baldphone/utils/Animations.java;file:/Users/rar9993/repos/research/fdroid_apps/native_apps/BaldPhone/app/src/main/java/com/bald/uriah/baldphone/utils/Animations.java|class:com.bald.uriah.baldphone.utils.Animations
LeakingInnerClass;aDoctor;/Users/rar9993/repos/research/fdroid_apps/native_apps/BaldPhone/NONE_TRANSFORMED_;/Users/rar9993/repos/research/fdroid_apps/native_apps/BaldPhone/app/src/main/java/com/bald/uriah/baldphone/utils/Toggeler.java;file:/Users/rar9993/repos/research/fdroid_apps/native_apps/BaldPhone/app/src/main/java/com/bald/uriah/baldphone/utils/Toggeler.java|class:com.bald.uriah.baldphone.utils.Toggeler
LeakingInnerClass;aDoctor;/Users/rar9993/repos/research/fdroid_apps/native_apps/BaldPhone/NONE_TRANSFORMED_;/Users/rar9993/repos/research/fdroid_apps/native_apps/BaldPhone/app/src/main/java/com/bald/uriah/baldphone/utils/BaldHomeWatcher.java;file:/Users/rar9993/repos/research/fdroid_apps/native_apps/BaldPhone/app/src/main/java/com/bald/uriah/baldphone/utils/BaldHomeWatcher.java|class:com.bald.uriah.baldphone.utils.BaldHomeWatcher
LeakingInnerClass;aDoctor;/Users/rar9993/repos/research/fdroid_apps/native_apps/BaldPhone/NONE_TRANSFORMED_;/Users/rar9993/repos/research/fdroid_apps/native_apps/BaldPhone/app/src/main/java/com/bald/uriah/baldphone/utils/BDialog.java;file:/Users/rar9993/repos/research/fdroid_apps/native_apps/BaldPhone/app/src/main/java/com/bald/uriah/baldphone/utils/BDialog.java|class:com.bald.uriah.baldphone.utils.BDialog
LeakingInnerClass;aDoctor;/Users/rar9993/repos/research/fdroid_apps/native_apps/BaldPhone/NONE_TRANSFORMED_;/Users/rar9993/repos/research/fdroid_apps/native_apps/BaldPhone/app/src/main/java/com/bald/uriah/baldphone/utils/Constants.java;file:/Users/rar9993/repos/research/fdroid_apps/native_apps/BaldPhone/app/src/main/java/com/bald/uriah/baldphone/utils/Constants.java|class:com.bald.uriah.baldphone.utils.Constants
LeakingInnerClass;aDoctor;/Users/rar9993/repos/research/fdroid_apps/native_apps/BaldPhone/NONE_TRANSFORMED_;/Users/rar9993/repos/research/fdroid_apps/native_apps/BaldPhone/app/src/main/java/com/bald/uriah/baldphone/adapters/CallsRecyclerViewAdapter.java;file:/Users/rar9993/repos/research/fdroid_apps/native_apps/BaldPhone/app/src/main/java/com/bald/uriah/baldphone/adapters/CallsRecyclerViewAdapter.java|class:com.bald.uriah.baldphone.adapters.CallsRecyclerViewAdapter
MemberIgnoringMethod;aDoctor;/Users/rar9993/repos/research/fdroid_apps/native_apps/BaldPhone/NONE_TRANSFORMED_;/Users/rar9993/repos/research/fdroid_apps/native_apps/BaldPhone/app/src/main/java/com/bald/uriah/baldphone/adapters/CallsRecyclerViewAdapter.java;file:/Users/rar9993/repos/research/fdroid_apps/native_apps/BaldPhone/app/src/main/java/com/bald/uriah/baldphone/adapters/CallsRecyclerViewAdapter.java|class:com.bald.uriah.baldphone.adapters.CallsRecyclerViewAdapter
LeakingInnerClass;aDoctor;/Users/rar9993/repos/research/fdroid_apps/native_apps/BaldPhone/NONE_TRANSFORMED_;/Users/rar9993/repos/research/fdroid_apps/native_apps/BaldPhone/app/src/main/java/com/bald/uriah/baldphone/adapters/AppsRecyclerViewAdapter.java;file:/Users/rar9993/repos/research/fdroid_apps/native_apps/BaldPhone/app/src/main/java/com/bald/uriah/baldphone/adapters/AppsRecyclerViewAdapter.java|class:com.bald.uriah.baldphone.adapters.AppsRecyclerViewAdapter
SlowForLoop;aDoctor;/Users/rar9993/repos/research/fdroid_apps/native_apps/BaldPhone/NONE_TRANSFORMED_;/Users/rar9993/repos/research/fdroid_apps/native_apps/BaldPhone/app/src/main/java/com/bald/uriah/baldphone/adapters/AppsRecyclerViewAdapter.java;file:/Users/rar9993/repos/research/fdroid_apps/native_apps/BaldPhone/app/src/main/java/com/bald/uriah/baldphone/adapters/AppsRecyclerViewAdapter.java|class:com.bald.uriah.baldphone.adapters.AppsRecyclerViewAdapter
LeakingInnerClass;aDoctor;/Users/rar9993/repos/research/fdroid_apps/native_apps/BaldPhone/NONE_TRANSFORMED_;/Users/rar9993/repos/research/fdroid_apps/native_apps/BaldPhone/app/src/main/java/com/bald/uriah/baldphone/adapters/NotificationRecyclerViewAdapter.java;file:/Users/rar9993/repos/research/fdroid_apps/native_apps/BaldPhone/app/src/main/java/com/bald/uriah/baldphone/adapters/NotificationRecyclerViewAdapter.java|class:com.bald.uriah.baldphone.adapters.NotificationRecyclerViewAdapter
MemberIgnoringMethod;aDoctor;/Users/rar9993/repos/research/fdroid_apps/native_apps/BaldPhone/NONE_TRANSFORMED_;/Users/rar9993/repos/research/fdroid_apps/native_apps/BaldPhone/app/src/main/java/com/bald/uriah/baldphone/adapters/NotificationRecyclerViewAdapter.java;file:/Users/rar9993/repos/research/fdroid_apps/native_apps/BaldPhone/app/src/main/java/com/bald/uriah/baldphone/adapters/NotificationRecyclerViewAdapter.java|class:com.bald.uriah.baldphone.adapters.NotificationRecyclerViewAdapter
SlowForLoop;aDoctor;/Users/rar9993/repos/research/fdroid_apps/native_apps/BaldPhone/NONE_TRANSFORMED_;/Users/rar9993/repos/research/fdroid_apps/native_apps/BaldPhone/app/src/main/java/com/bald/uriah/baldphone/adapters/NotificationRecyclerViewAdapter.java;file:/Users/rar9993/repos/research/fdroid_apps/native_apps/BaldPhone/app/src/main/java/com/bald/uriah/baldphone/adapters/NotificationRecyclerViewAdapter.java|class:com.bald.uriah.baldphone.adapters.NotificationRecyclerViewAdapter
LeakingInnerClass;aDoctor;/Users/rar9993/repos/research/fdroid_apps/native_apps/BaldPhone/NONE_TRANSFORMED_;/Users/rar9993/repos/research/fdroid_apps/native_apps/BaldPhone/app/src/main/java/com/bald/uriah/baldphone/adapters/ContactRecyclerViewAdapter.java;file:/Users/rar9993/repos/research/fdroid_apps/native_apps/BaldPhone/app/src/main/java/com/bald/uriah/baldphone/adapters/ContactRecyclerViewAdapter.java|class:com.bald.uriah.baldphone.adapters.ContactRecyclerViewAdapter
MemberIgnoringMethod;aDoctor;/Users/rar9993/repos/research/fdroid_apps/native_apps/BaldPhone/NONE_TRANSFORMED_;/Users/rar9993/repos/research/fdroid_apps/native_apps/BaldPhone/app/src/main/java/com/bald/uriah/baldphone/adapters/ContactRecyclerViewAdapter.java;file:/Users/rar9993/repos/research/fdroid_apps/native_apps/BaldPhone/app/src/main/java/com/bald/uriah/baldphone/adapters/ContactRecyclerViewAdapter.java|class:com.bald.uriah.baldphone.adapters.ContactRecyclerViewAdapter
SlowForLoop;aDoctor;/Users/rar9993/repos/research/fdroid_apps/native_apps/BaldPhone/NONE_TRANSFORMED_;/Users/rar9993/repos/research/fdroid_apps/native_apps/BaldPhone/app/src/main/java/com/bald/uriah/baldphone/adapters/ContactRecyclerViewAdapter.java;file:/Users/rar9993/repos/research/fdroid_apps/native_apps/BaldPhone/app/src/main/java/com/bald/uriah/baldphone/adapters/ContactRecyclerViewAdapter.java|class:com.bald.uriah.baldphone.adapters.ContactRecyclerViewAdapter
UnclosedCloseable;aDoctor;/Users/rar9993/repos/research/fdroid_apps/native_apps/BaldPhone/NONE_TRANSFORMED_;/Users/rar9993/repos/research/fdroid_apps/native_apps/BaldPhone/app/src/main/java/com/bald/uriah/baldphone/adapters/ContactRecyclerViewAdapter.java;file:/Users/rar9993/repos/research/fdroid_apps/native_apps/BaldPhone/app/src/main/java/com/bald/uriah/baldphone/adapters/ContactRecyclerViewAdapter.java|class:com.bald.uriah.baldphone.adapters.ContactRecyclerViewAdapter
LeakingInnerClass;aDoctor;/Users/rar9993/repos/research/fdroid_apps/native_apps/BaldPhone/NONE_TRANSFORMED_;/Users/rar9993/repos/research/fdroid_apps/native_apps/BaldPhone/app/src/main/java/com/bald/uriah/baldphone/adapters/IntentAdapter.java;file:/Users/rar9993/repos/research/fdroid_apps/native_apps/BaldPhone/app/src/main/java/com/bald/uriah/baldphone/adapters/IntentAdapter.java|class:com.bald.uriah.baldphone.adapters.IntentAdapter
MemberIgnoringMethod;aDoctor;/Users/rar9993/repos/research/fdroid_apps/native_apps/BaldPhone/NONE_TRANSFORMED_;/Users/rar9993/repos/research/fdroid_apps/native_apps/BaldPhone/app/src/main/java/com/bald/uriah/baldphone/adapters/IntentAdapter.java;file:/Users/rar9993/repos/research/fdroid_apps/native_apps/BaldPhone/app/src/main/java/com/bald/uriah/baldphone/adapters/IntentAdapter.java|class:com.bald.uriah.baldphone.adapters.IntentAdapter
WakeLock;aDoctor;/Users/rar9993/repos/research/fdroid_apps/native_apps/BaldPhone/NONE_TRANSFORMED_;/Users/rar9993/repos/research/fdroid_apps/native_apps/BaldPhone/app/src/main/java/com/bald/uriah/baldphone/adapters/BaldPagerAdapter.java;file:/Users/rar9993/repos/research/fdroid_apps/native_apps/BaldPhone/app/src/main/java/com/bald/uriah/baldphone/adapters/BaldPagerAdapter.java|class:com.bald.uriah.baldphone.adapters.BaldPagerAdapter
MemberIgnoringMethod;aDoctor;/Users/rar9993/repos/research/fdroid_apps/native_apps/BaldPhone/NONE_TRANSFORMED_;/Users/rar9993/repos/research/fdroid_apps/native_apps/BaldPhone/app/src/main/java/com/bald/uriah/baldphone/adapters/BaldPagerAdapter.java;file:/Users/rar9993/repos/research/fdroid_apps/native_apps/BaldPhone/app/src/main/java/com/bald/uriah/baldphone/adapters/BaldPagerAdapter.java|class:com.bald.uriah.baldphone.adapters.BaldPagerAdapter
MemberIgnoringMethod;aDoctor;/Users/rar9993/repos/research/fdroid_apps/native_apps/BaldPhone/NONE_TRANSFORMED_;/Users/rar9993/repos/research/fdroid_apps/native_apps/BaldPhone/app/src/main/java/com/bald/uriah/baldphone/activities/alarms/AddTimerActivity.java;file:/Users/rar9993/repos/research/fdroid_apps/native_apps/BaldPhone/app/src/main/java/com/bald/uriah/baldphone/activities/alarms/AddTimerActivity.java|class:com.bald.uriah.baldphone.activities.alarms.AddTimerActivity
MemberIgnoringMethod;aDoctor;/Users/rar9993/repos/research/fdroid_apps/native_apps/BaldPhone/NONE_TRANSFORMED_;/Users/rar9993/repos/research/fdroid_apps/native_apps/BaldPhone/app/src/main/java/com/bald/uriah/baldphone/activities/alarms/AddAlarmActivity.java;file:/Users/rar9993/repos/research/fdroid_apps/native_apps/BaldPhone/app/src/main/java/com/bald/uriah/baldphone/activities/alarms/AddAlarmActivity.java|class:com.bald.uriah.baldphone.activities.alarms.AddAlarmActivity
SlowForLoop;aDoctor;/Users/rar9993/repos/research/fdroid_apps/native_apps/BaldPhone/NONE_TRANSFORMED_;/Users/rar9993/repos/research/fdroid_apps/native_apps/BaldPhone/app/src/main/java/com/bald/uriah/baldphone/activities/alarms/AddAlarmActivity.java;file:/Users/rar9993/repos/research/fdroid_apps/native_apps/BaldPhone/app/src/main/java/com/bald/uriah/baldphone/activities/alarms/AddAlarmActivity.java|class:com.bald.uriah.baldphone.activities.alarms.AddAlarmActivity
LeakingInnerClass;aDoctor;/Users/rar9993/repos/research/fdroid_apps/native_apps/BaldPhone/NONE_TRANSFORMED_;/Users/rar9993/repos/research/fdroid_apps/native_apps/BaldPhone/app/src/main/java/com/bald/uriah/baldphone/activities/alarms/AlarmsActivity.java;file:/Users/rar9993/repos/research/fdroid_apps/native_apps/BaldPhone/app/src/main/java/com/bald/uriah/baldphone/activities/alarms/AlarmsActivity.java|class:com.bald.uriah.baldphone.activities.alarms.AlarmsActivity
MemberIgnoringMethod;aDoctor;/Users/rar9993/repos/research/fdroid_apps/native_apps/BaldPhone/NONE_TRANSFORMED_;/Users/rar9993/repos/research/fdroid_apps/native_apps/BaldPhone/app/src/main/java/com/bald/uriah/baldphone/activities/alarms/AlarmsActivity.java;file:/Users/rar9993/repos/research/fdroid_apps/native_apps/BaldPhone/app/src/main/java/com/bald/uriah/baldphone/activities/alarms/AlarmsActivity.java|class:com.bald.uriah.baldphone.activities.alarms.AlarmsActivity
InternalGetterSetter;aDoctor;/Users/rar9993/repos/research/fdroid_apps/native_apps/BaldPhone/NONE_TRANSFORMED_;/Users/rar9993/repos/research/fdroid_apps/native_apps/BaldPhone/app/src/main/java/com/bald/uriah/baldphone/activities/alarms/AlarmScreenActivity.java;file:/Users/rar9993/repos/research/fdroid_apps/native_apps/BaldPhone/app/src/main/java/com/bald/uriah/baldphone/activities/alarms/AlarmScreenActivity.java|class:com.bald.uriah.baldphone.activities.alarms.AlarmScreenActivity
MemberIgnoringMethod;aDoctor;/Users/rar9993/repos/research/fdroid_apps/native_apps/BaldPhone/NONE_TRANSFORMED_;/Users/rar9993/repos/research/fdroid_apps/native_apps/BaldPhone/app/src/main/java/com/bald/uriah/baldphone/activities/alarms/AlarmScreenActivity.java;file:/Users/rar9993/repos/research/fdroid_apps/native_apps/BaldPhone/app/src/main/java/com/bald/uriah/baldphone/activities/alarms/AlarmScreenActivity.java|class:com.bald.uriah.baldphone.activities.alarms.AlarmScreenActivity
MemberIgnoringMethod;aDoctor;/Users/rar9993/repos/research/fdroid_apps/native_apps/BaldPhone/NONE_TRANSFORMED_;/Users/rar9993/repos/research/fdroid_apps/native_apps/BaldPhone/app/src/main/java/com/bald/uriah/baldphone/activities/contacts/AddContactActivity.java;file:/Users/rar9993/repos/research/fdroid_apps/native_apps/BaldPhone/app/src/main/java/com/bald/uriah/baldphone/activities/contacts/AddContactActivity.java|class:com.bald.uriah.baldphone.activities.contacts.AddContactActivity
MemberIgnoringMethod;aDoctor;/Users/rar9993/repos/research/fdroid_apps/native_apps/BaldPhone/NONE_TRANSFORMED_;/Users/rar9993/repos/research/fdroid_apps/native_apps/BaldPhone/app/src/main/java/com/bald/uriah/baldphone/activities/contacts/SingleContactActivity.java;file:/Users/rar9993/repos/research/fdroid_apps/native_apps/BaldPhone/app/src/main/java/com/bald/uriah/baldphone/activities/contacts/SingleContactActivity.java|class:com.bald.uriah.baldphone.activities.contacts.SingleContactActivity
SlowForLoop;aDoctor;/Users/rar9993/repos/research/fdroid_apps/native_apps/BaldPhone/NONE_TRANSFORMED_;/Users/rar9993/repos/research/fdroid_apps/native_apps/BaldPhone/app/src/main/java/com/bald/uriah/baldphone/activities/contacts/SingleContactActivity.java;file:/Users/rar9993/repos/research/fdroid_apps/native_apps/BaldPhone/app/src/main/java/com/bald/uriah/baldphone/activities/contacts/SingleContactActivity.java|class:com.bald.uriah.baldphone.activities.contacts.SingleContactActivity
MemberIgnoringMethod;aDoctor;/Users/rar9993/repos/research/fdroid_apps/native_apps/BaldPhone/NONE_TRANSFORMED_;/Users/rar9993/repos/research/fdroid_apps/native_apps/BaldPhone/app/src/main/java/com/bald/uriah/baldphone/activities/contacts/BaseContactsActivity.java;file:/Users/rar9993/repos/research/fdroid_apps/native_apps/BaldPhone/app/src/main/java/com/bald/uriah/baldphone/activities/contacts/BaseContactsActivity.java|class:com.bald.uriah.baldphone.activities.contacts.BaseContactsActivity
UnclosedCloseable;aDoctor;/Users/rar9993/repos/research/fdroid_apps/native_apps/BaldPhone/NONE_TRANSFORMED_;/Users/rar9993/repos/research/fdroid_apps/native_apps/BaldPhone/app/src/main/java/com/bald/uriah/baldphone/activities/contacts/BaseContactsActivity.java;file:/Users/rar9993/repos/research/fdroid_apps/native_apps/BaldPhone/app/src/main/java/com/bald/uriah/baldphone/activities/contacts/BaseContactsActivity.java|class:com.bald.uriah.baldphone.activities.contacts.BaseContactsActivity
MemberIgnoringMethod;aDoctor;/Users/rar9993/repos/research/fdroid_apps/native_apps/BaldPhone/NONE_TRANSFORMED_;/Users/rar9993/repos/research/fdroid_apps/native_apps/BaldPhone/app/src/main/java/com/bald/uriah/baldphone/activities/contacts/ShareActivity.java;file:/Users/rar9993/repos/research/fdroid_apps/native_apps/BaldPhone/app/src/main/java/com/bald/uriah/baldphone/activities/contacts/ShareActivity.java|class:com.bald.uriah.baldphone.activities.contacts.ShareActivity
UnclosedCloseable;aDoctor;/Users/rar9993/repos/research/fdroid_apps/native_apps/BaldPhone/NONE_TRANSFORMED_;/Users/rar9993/repos/research/fdroid_apps/native_apps/BaldPhone/app/src/main/java/com/bald/uriah/baldphone/activities/contacts/ShareActivity.java;file:/Users/rar9993/repos/research/fdroid_apps/native_apps/BaldPhone/app/src/main/java/com/bald/uriah/baldphone/activities/contacts/ShareActivity.java|class:com.bald.uriah.baldphone.activities.contacts.ShareActivity
MemberIgnoringMethod;aDoctor;/Users/rar9993/repos/research/fdroid_apps/native_apps/BaldPhone/NONE_TRANSFORMED_;/Users/rar9993/repos/research/fdroid_apps/native_apps/BaldPhone/app/src/main/java/com/bald/uriah/baldphone/activities/contacts/ContactsActivity.java;file:/Users/rar9993/repos/research/fdroid_apps/native_apps/BaldPhone/app/src/main/java/com/bald/uriah/baldphone/activities/contacts/ContactsActivity.java|class:com.bald.uriah.baldphone.activities.contacts.ContactsActivity
UnclosedCloseable;aDoctor;/Users/rar9993/repos/research/fdroid_apps/native_apps/BaldPhone/NONE_TRANSFORMED_;/Users/rar9993/repos/research/fdroid_apps/native_apps/BaldPhone/app/src/main/java/com/bald/uriah/baldphone/activities/contacts/ContactsActivity.java;file:/Users/rar9993/repos/research/fdroid_apps/native_apps/BaldPhone/app/src/main/java/com/bald/uriah/baldphone/activities/contacts/ContactsActivity.java|class:com.bald.uriah.baldphone.activities.contacts.ContactsActivity
MemberIgnoringMethod;aDoctor;/Users/rar9993/repos/research/fdroid_apps/native_apps/BaldPhone/NONE_TRANSFORMED_;/Users/rar9993/repos/research/fdroid_apps/native_apps/BaldPhone/app/src/main/java/com/bald/uriah/baldphone/activities/pills/AddPillActivity.java;file:/Users/rar9993/repos/research/fdroid_apps/native_apps/BaldPhone/app/src/main/java/com/bald/uriah/baldphone/activities/pills/AddPillActivity.java|class:com.bald.uriah.baldphone.activities.pills.AddPillActivity
SlowForLoop;aDoctor;/Users/rar9993/repos/research/fdroid_apps/native_apps/BaldPhone/NONE_TRANSFORMED_;/Users/rar9993/repos/research/fdroid_apps/native_apps/BaldPhone/app/src/main/java/com/bald/uriah/baldphone/activities/pills/AddPillActivity.java;file:/Users/rar9993/repos/research/fdroid_apps/native_apps/BaldPhone/app/src/main/java/com/bald/uriah/baldphone/activities/pills/AddPillActivity.java|class:com.bald.uriah.baldphone.activities.pills.AddPillActivity
MemberIgnoringMethod;aDoctor;/Users/rar9993/repos/research/fdroid_apps/native_apps/BaldPhone/NONE_TRANSFORMED_;/Users/rar9993/repos/research/fdroid_apps/native_apps/BaldPhone/app/src/main/java/com/bald/uriah/baldphone/activities/pills/PillTimeSetterActivity.java;file:/Users/rar9993/repos/research/fdroid_apps/native_apps/BaldPhone/app/src/main/java/com/bald/uriah/baldphone/activities/pills/PillTimeSetterActivity.java|class:com.bald.uriah.baldphone.activities.pills.PillTimeSetterActivity
LeakingInnerClass;aDoctor;/Users/rar9993/repos/research/fdroid_apps/native_apps/BaldPhone/NONE_TRANSFORMED_;/Users/rar9993/repos/research/fdroid_apps/native_apps/BaldPhone/app/src/main/java/com/bald/uriah/baldphone/activities/pills/PillsActivity.java;file:/Users/rar9993/repos/research/fdroid_apps/native_apps/BaldPhone/app/src/main/java/com/bald/uriah/baldphone/activities/pills/PillsActivity.java|class:com.bald.uriah.baldphone.activities.pills.PillsActivity
MemberIgnoringMethod;aDoctor;/Users/rar9993/repos/research/fdroid_apps/native_apps/BaldPhone/NONE_TRANSFORMED_;/Users/rar9993/repos/research/fdroid_apps/native_apps/BaldPhone/app/src/main/java/com/bald/uriah/baldphone/activities/pills/PillsActivity.java;file:/Users/rar9993/repos/research/fdroid_apps/native_apps/BaldPhone/app/src/main/java/com/bald/uriah/baldphone/activities/pills/PillsActivity.java|class:com.bald.uriah.baldphone.activities.pills.PillsActivity
MemberIgnoringMethod;aDoctor;/Users/rar9993/repos/research/fdroid_apps/native_apps/BaldPhone/NONE_TRANSFORMED_;/Users/rar9993/repos/research/fdroid_apps/native_apps/BaldPhone/app/src/main/java/com/bald/uriah/baldphone/activities/pills/PillScreenActivity.java;file:/Users/rar9993/repos/research/fdroid_apps/native_apps/BaldPhone/app/src/main/java/com/bald/uriah/baldphone/activities/pills/PillScreenActivity.java|class:com.bald.uriah.baldphone.activities.pills.PillScreenActivity
MemberIgnoringMethod;aDoctor;/Users/rar9993/repos/research/fdroid_apps/native_apps/BaldPhone/NONE_TRANSFORMED_;/Users/rar9993/repos/research/fdroid_apps/native_apps/BaldPhone/app/src/main/java/com/bald/uriah/baldphone/activities/media/PhotosActivity.java;file:/Users/rar9993/repos/research/fdroid_apps/native_apps/BaldPhone/app/src/main/java/com/bald/uriah/baldphone/activities/media/PhotosActivity.java|class:com.bald.uriah.baldphone.activities.media.PhotosActivity
MemberIgnoringMethod;aDoctor;/Users/rar9993/repos/research/fdroid_apps/native_apps/BaldPhone/NONE_TRANSFORMED_;/Users/rar9993/repos/research/fdroid_apps/native_apps/BaldPhone/app/src/main/java/com/bald/uriah/baldphone/activities/media/VideosActivity.java;file:/Users/rar9993/repos/research/fdroid_apps/native_apps/BaldPhone/app/src/main/java/com/bald/uriah/baldphone/activities/media/VideosActivity.java|class:com.bald.uriah.baldphone.activities.media.VideosActivity
UnclosedCloseable;aDoctor;/Users/rar9993/repos/research/fdroid_apps/native_apps/BaldPhone/NONE_TRANSFORMED_;/Users/rar9993/repos/research/fdroid_apps/native_apps/BaldPhone/app/src/main/java/com/bald/uriah/baldphone/activities/media/VideosActivity.java;file:/Users/rar9993/repos/research/fdroid_apps/native_apps/BaldPhone/app/src/main/java/com/bald/uriah/baldphone/activities/media/VideosActivity.java|class:com.bald.uriah.baldphone.activities.media.VideosActivity
MemberIgnoringMethod;aDoctor;/Users/rar9993/repos/research/fdroid_apps/native_apps/BaldPhone/NONE_TRANSFORMED_;/Users/rar9993/repos/research/fdroid_apps/native_apps/BaldPhone/app/src/main/java/com/bald/uriah/baldphone/activities/media/SinglePhotoActivity.java;file:/Users/rar9993/repos/research/fdroid_apps/native_apps/BaldPhone/app/src/main/java/com/bald/uriah/baldphone/activities/media/SinglePhotoActivity.java|class:com.bald.uriah.baldphone.activities.media.SinglePhotoActivity
MemberIgnoringMethod;aDoctor;/Users/rar9993/repos/research/fdroid_apps/native_apps/BaldPhone/NONE_TRANSFORMED_;/Users/rar9993/repos/research/fdroid_apps/native_apps/BaldPhone/app/src/main/java/com/bald/uriah/baldphone/activities/media/SingleMediaActivity.java;file:/Users/rar9993/repos/research/fdroid_apps/native_apps/BaldPhone/app/src/main/java/com/bald/uriah/baldphone/activities/media/SingleMediaActivity.java|class:com.bald.uriah.baldphone.activities.media.SingleMediaActivity
LeakingInnerClass;aDoctor;/Users/rar9993/repos/research/fdroid_apps/native_apps/BaldPhone/NONE_TRANSFORMED_;/Users/rar9993/repos/research/fdroid_apps/native_apps/BaldPhone/app/src/main/java/com/bald/uriah/baldphone/activities/media/MediaScrollingActivity.java;file:/Users/rar9993/repos/research/fdroid_apps/native_apps/BaldPhone/app/src/main/java/com/bald/uriah/baldphone/activities/media/MediaScrollingActivity.java|class:com.bald.uriah.baldphone.activities.media.MediaScrollingActivity
MemberIgnoringMethod;aDoctor;/Users/rar9993/repos/research/fdroid_apps/native_apps/BaldPhone/NONE_TRANSFORMED_;/Users/rar9993/repos/research/fdroid_apps/native_apps/BaldPhone/app/src/main/java/com/bald/uriah/baldphone/activities/media/MediaScrollingActivity.java;file:/Users/rar9993/repos/research/fdroid_apps/native_apps/BaldPhone/app/src/main/java/com/bald/uriah/baldphone/activities/media/MediaScrollingActivity.java|class:com.bald.uriah.baldphone.activities.media.MediaScrollingActivity
UnclosedCloseable;aDoctor;/Users/rar9993/repos/research/fdroid_apps/native_apps/BaldPhone/NONE_TRANSFORMED_;/Users/rar9993/repos/research/fdroid_apps/native_apps/BaldPhone/app/src/main/java/com/bald/uriah/baldphone/activities/media/MediaScrollingActivity.java;file:/Users/rar9993/repos/research/fdroid_apps/native_apps/BaldPhone/app/src/main/java/com/bald/uriah/baldphone/activities/media/MediaScrollingActivity.java|class:com.bald.uriah.baldphone.activities.media.MediaScrollingActivity
LeakingInnerClass;aDoctor;/Users/rar9993/repos/research/fdroid_apps/native_apps/BaldPhone/NONE_TRANSFORMED_;/Users/rar9993/repos/research/fdroid_apps/native_apps/BaldPhone/app/src/main/java/com/bald/uriah/baldphone/activities/media/SingleVideoActivity.java;file:/Users/rar9993/repos/research/fdroid_apps/native_apps/BaldPhone/app/src/main/java/com/bald/uriah/baldphone/activities/media/SingleVideoActivity.java|class:com.bald.uriah.baldphone.activities.media.SingleVideoActivity
MemberIgnoringMethod;aDoctor;/Users/rar9993/repos/research/fdroid_apps/native_apps/BaldPhone/NONE_TRANSFORMED_;/Users/rar9993/repos/research/fdroid_apps/native_apps/BaldPhone/app/src/main/java/com/bald/uriah/baldphone/activities/media/SingleVideoActivity.java;file:/Users/rar9993/repos/research/fdroid_apps/native_apps/BaldPhone/app/src/main/java/com/bald/uriah/baldphone/activities/media/SingleVideoActivity.java|class:com.bald.uriah.baldphone.activities.media.SingleVideoActivity
SlowForLoop;aDoctor;/Users/rar9993/repos/research/fdroid_apps/native_apps/BaldPhone/NONE_TRANSFORMED_;/Users/rar9993/repos/research/fdroid_apps/native_apps/BaldPhone/app/src/main/java/com/bald/uriah/baldphone/activities/media/SingleVideoActivity.java;file:/Users/rar9993/repos/research/fdroid_apps/native_apps/BaldPhone/app/src/main/java/com/bald/uriah/baldphone/activities/media/SingleVideoActivity.java|class:com.bald.uriah.baldphone.activities.media.SingleVideoActivity
LeakingInnerClass;aDoctor;/Users/rar9993/repos/research/fdroid_apps/native_apps/BaldPhone/NONE_TRANSFORMED_;/Users/rar9993/repos/research/fdroid_apps/native_apps/BaldPhone/app/src/main/java/com/bald/uriah/baldphone/views/BaldButtonInterface.java;file:/Users/rar9993/repos/research/fdroid_apps/native_apps/BaldPhone/app/src/main/java/com/bald/uriah/baldphone/views/BaldButtonInterface.java|class:com.bald.uriah.baldphone.views.BaldButtonInterface
LeakingThread;aDoctor;/Users/rar9993/repos/research/fdroid_apps/native_apps/BaldPhone/NONE_TRANSFORMED_;/Users/rar9993/repos/research/fdroid_apps/native_apps/BaldPhone/app/src/main/java/com/bald/uriah/baldphone/views/BaldButtonInterface.java;file:/Users/rar9993/repos/research/fdroid_apps/native_apps/BaldPhone/app/src/main/java/com/bald/uriah/baldphone/views/BaldButtonInterface.java|class:com.bald.uriah.baldphone.views.BaldButtonInterface
MemberIgnoringMethod;aDoctor;/Users/rar9993/repos/research/fdroid_apps/native_apps/BaldPhone/NONE_TRANSFORMED_;/Users/rar9993/repos/research/fdroid_apps/native_apps/BaldPhone/app/src/main/java/com/bald/uriah/baldphone/views/BaldButtonInterface.java;file:/Users/rar9993/repos/research/fdroid_apps/native_apps/BaldPhone/app/src/main/java/com/bald/uriah/baldphone/views/BaldButtonInterface.java|class:com.bald.uriah.baldphone.views.BaldButtonInterface
LeakingInnerClass;aDoctor;/Users/rar9993/repos/research/fdroid_apps/native_apps/BaldPhone/NONE_TRANSFORMED_;/Users/rar9993/repos/research/fdroid_apps/native_apps/BaldPhone/app/src/main/java/com/bald/uriah/baldphone/views/BaldKeyboardView.java;file:/Users/rar9993/repos/research/fdroid_apps/native_apps/BaldPhone/app/src/main/java/com/bald/uriah/baldphone/views/BaldKeyboardView.java|class:com.bald.uriah.baldphone.views.BaldKeyboardView
MemberIgnoringMethod;aDoctor;/Users/rar9993/repos/research/fdroid_apps/native_apps/BaldPhone/NONE_TRANSFORMED_;/Users/rar9993/repos/research/fdroid_apps/native_apps/BaldPhone/app/src/main/java/com/bald/uriah/baldphone/views/BaldKeyboardView.java;file:/Users/rar9993/repos/research/fdroid_apps/native_apps/BaldPhone/app/src/main/java/com/bald/uriah/baldphone/views/BaldKeyboardView.java|class:com.bald.uriah.baldphone.views.BaldKeyboardView
MemberIgnoringMethod;aDoctor;/Users/rar9993/repos/research/fdroid_apps/native_apps/BaldPhone/NONE_TRANSFORMED_;/Users/rar9993/repos/research/fdroid_apps/native_apps/BaldPhone/app/src/main/java/com/bald/uriah/baldphone/views/BaldButton.java;file:/Users/rar9993/repos/research/fdroid_apps/native_apps/BaldPhone/app/src/main/java/com/bald/uriah/baldphone/views/BaldButton.java|class:com.bald.uriah.baldphone.views.BaldButton
LeakingInnerClass;aDoctor;/Users/rar9993/repos/research/fdroid_apps/native_apps/BaldPhone/NONE_TRANSFORMED_;/Users/rar9993/repos/research/fdroid_apps/native_apps/BaldPhone/app/src/main/java/com/bald/uriah/baldphone/views/BaldMultipleSelection.java;file:/Users/rar9993/repos/research/fdroid_apps/native_apps/BaldPhone/app/src/main/java/com/bald/uriah/baldphone/views/BaldMultipleSelection.java|class:com.bald.uriah.baldphone.views.BaldMultipleSelection
MemberIgnoringMethod;aDoctor;/Users/rar9993/repos/research/fdroid_apps/native_apps/BaldPhone/NONE_TRANSFORMED_;/Users/rar9993/repos/research/fdroid_apps/native_apps/BaldPhone/app/src/main/java/com/bald/uriah/baldphone/views/BaldMultipleSelection.java;file:/Users/rar9993/repos/research/fdroid_apps/native_apps/BaldPhone/app/src/main/java/com/bald/uriah/baldphone/views/BaldMultipleSelection.java|class:com.bald.uriah.baldphone.views.BaldMultipleSelection
MemberIgnoringMethod;aDoctor;/Users/rar9993/repos/research/fdroid_apps/native_apps/BaldPhone/NONE_TRANSFORMED_;/Users/rar9993/repos/research/fdroid_apps/native_apps/BaldPhone/app/src/main/java/com/bald/uriah/baldphone/views/BaldConstraintLayoutButton.java;file:/Users/rar9993/repos/research/fdroid_apps/native_apps/BaldPhone/app/src/main/java/com/bald/uriah/baldphone/views/BaldConstraintLayoutButton.java|class:com.bald.uriah.baldphone.views.BaldConstraintLayoutButton
MemberIgnoringMethod;aDoctor;/Users/rar9993/repos/research/fdroid_apps/native_apps/BaldPhone/NONE_TRANSFORMED_;/Users/rar9993/repos/research/fdroid_apps/native_apps/BaldPhone/app/src/main/java/com/bald/uriah/baldphone/views/BaldNumberChooser.java;file:/Users/rar9993/repos/research/fdroid_apps/native_apps/BaldPhone/app/src/main/java/com/bald/uriah/baldphone/views/BaldNumberChooser.java|class:com.bald.uriah.baldphone.views.BaldNumberChooser
MemberIgnoringMethod;aDoctor;/Users/rar9993/repos/research/fdroid_apps/native_apps/BaldPhone/NONE_TRANSFORMED_;/Users/rar9993/repos/research/fdroid_apps/native_apps/BaldPhone/app/src/main/java/com/bald/uriah/baldphone/views/BaldImageButton.java;file:/Users/rar9993/repos/research/fdroid_apps/native_apps/BaldPhone/app/src/main/java/com/bald/uriah/baldphone/views/BaldImageButton.java|class:com.bald.uriah.baldphone.views.BaldImageButton
MemberIgnoringMethod;aDoctor;/Users/rar9993/repos/research/fdroid_apps/native_apps/BaldPhone/NONE_TRANSFORMED_;/Users/rar9993/repos/research/fdroid_apps/native_apps/BaldPhone/app/src/main/java/com/bald/uriah/baldphone/views/BatteryView.java;file:/Users/rar9993/repos/research/fdroid_apps/native_apps/BaldPhone/app/src/main/java/com/bald/uriah/baldphone/views/BatteryView.java|class:com.bald.uriah.baldphone.views.BatteryView
MemberIgnoringMethod;aDoctor;/Users/rar9993/repos/research/fdroid_apps/native_apps/BaldPhone/NONE_TRANSFORMED_;/Users/rar9993/repos/research/fdroid_apps/native_apps/BaldPhone/app/src/main/java/com/bald/uriah/baldphone/views/BaldFrameLayoutButton.java;file:/Users/rar9993/repos/research/fdroid_apps/native_apps/BaldPhone/app/src/main/java/com/bald/uriah/baldphone/views/BaldFrameLayoutButton.java|class:com.bald.uriah.baldphone.views.BaldFrameLayoutButton
MemberIgnoringMethod;aDoctor;/Users/rar9993/repos/research/fdroid_apps/native_apps/BaldPhone/NONE_TRANSFORMED_;/Users/rar9993/repos/research/fdroid_apps/native_apps/BaldPhone/app/src/main/java/com/bald/uriah/baldphone/views/ViewPagerHolder.java;file:/Users/rar9993/repos/research/fdroid_apps/native_apps/BaldPhone/app/src/main/java/com/bald/uriah/baldphone/views/ViewPagerHolder.java|class:com.bald.uriah.baldphone.views.ViewPagerHolder
MemberIgnoringMethod;aDoctor;/Users/rar9993/repos/research/fdroid_apps/native_apps/BaldPhone/NONE_TRANSFORMED_;/Users/rar9993/repos/research/fdroid_apps/native_apps/BaldPhone/app/src/main/java/com/bald/uriah/baldphone/views/BaldTitleBar.java;file:/Users/rar9993/repos/research/fdroid_apps/native_apps/BaldPhone/app/src/main/java/com/bald/uriah/baldphone/views/BaldTitleBar.java|class:com.bald.uriah.baldphone.views.BaldTitleBar
InternalGetterSetter;aDoctor;/Users/rar9993/repos/research/fdroid_apps/native_apps/BaldPhone/NONE_TRANSFORMED_;/Users/rar9993/repos/research/fdroid_apps/native_apps/BaldPhone/app/src/main/java/com/bald/uriah/baldphone/views/BaldSwitch.java;file:/Users/rar9993/repos/research/fdroid_apps/native_apps/BaldPhone/app/src/main/java/com/bald/uriah/baldphone/views/BaldSwitch.java|class:com.bald.uriah.baldphone.views.BaldSwitch
LeakingInnerClass;aDoctor;/Users/rar9993/repos/research/fdroid_apps/native_apps/BaldPhone/NONE_TRANSFORMED_;/Users/rar9993/repos/research/fdroid_apps/native_apps/BaldPhone/app/src/main/java/com/bald/uriah/baldphone/views/BaldSwitch.java;file:/Users/rar9993/repos/research/fdroid_apps/native_apps/BaldPhone/app/src/main/java/com/bald/uriah/baldphone/views/BaldSwitch.java|class:com.bald.uriah.baldphone.views.BaldSwitch
MemberIgnoringMethod;aDoctor;/Users/rar9993/repos/research/fdroid_apps/native_apps/BaldPhone/NONE_TRANSFORMED_;/Users/rar9993/repos/research/fdroid_apps/native_apps/BaldPhone/app/src/main/java/com/bald/uriah/baldphone/views/BaldSwitch.java;file:/Users/rar9993/repos/research/fdroid_apps/native_apps/BaldPhone/app/src/main/java/com/bald/uriah/baldphone/views/BaldSwitch.java|class:com.bald.uriah.baldphone.views.BaldSwitch
MemberIgnoringMethod;aDoctor;/Users/rar9993/repos/research/fdroid_apps/native_apps/BaldPhone/NONE_TRANSFORMED_;/Users/rar9993/repos/research/fdroid_apps/native_apps/BaldPhone/app/src/main/java/com/bald/uriah/baldphone/views/ModularRecyclerView.java;file:/Users/rar9993/repos/research/fdroid_apps/native_apps/BaldPhone/app/src/main/java/com/bald/uriah/baldphone/views/ModularRecyclerView.java|class:com.bald.uriah.baldphone.views.ModularRecyclerView
MemberIgnoringMethod;aDoctor;/Users/rar9993/repos/research/fdroid_apps/native_apps/BaldPhone/NONE_TRANSFORMED_;/Users/rar9993/repos/research/fdroid_apps/native_apps/BaldPhone/app/src/main/java/com/bald/uriah/baldphone/views/BaldLinearLayoutButton.java;file:/Users/rar9993/repos/research/fdroid_apps/native_apps/BaldPhone/app/src/main/java/com/bald/uriah/baldphone/views/BaldLinearLayoutButton.java|class:com.bald.uriah.baldphone.views.BaldLinearLayoutButton
MemberIgnoringMethod;aDoctor;/Users/rar9993/repos/research/fdroid_apps/native_apps/BaldPhone/NONE_TRANSFORMED_;/Users/rar9993/repos/research/fdroid_apps/native_apps/BaldPhone/app/src/main/java/com/bald/uriah/baldphone/views/home/NotesView.java;file:/Users/rar9993/repos/research/fdroid_apps/native_apps/BaldPhone/app/src/main/java/com/bald/uriah/baldphone/views/home/NotesView.java|class:com.bald.uriah.baldphone.views.home.NotesView
MemberIgnoringMethod;aDoctor;/Users/rar9993/repos/research/fdroid_apps/native_apps/BaldPhone/NONE_TRANSFORMED_;/Users/rar9993/repos/research/fdroid_apps/native_apps/BaldPhone/app/src/main/java/com/bald/uriah/baldphone/views/home/HomeViewFactory.java;file:/Users/rar9993/repos/research/fdroid_apps/native_apps/BaldPhone/app/src/main/java/com/bald/uriah/baldphone/views/home/HomeViewFactory.java|class:com.bald.uriah.baldphone.views.home.HomeViewFactory
SlowForLoop;aDoctor;/Users/rar9993/repos/research/fdroid_apps/native_apps/BaldPhone/NONE_TRANSFORMED_;/Users/rar9993/repos/research/fdroid_apps/native_apps/BaldPhone/app/src/main/java/com/bald/uriah/baldphone/views/home/HomeViewFactory.java;file:/Users/rar9993/repos/research/fdroid_apps/native_apps/BaldPhone/app/src/main/java/com/bald/uriah/baldphone/views/home/HomeViewFactory.java|class:com.bald.uriah.baldphone.views.home.HomeViewFactory
MemberIgnoringMethod;aDoctor;/Users/rar9993/repos/research/fdroid_apps/native_apps/BaldPhone/NONE_TRANSFORMED_;/Users/rar9993/repos/research/fdroid_apps/native_apps/BaldPhone/app/src/main/java/com/bald/uriah/baldphone/views/home/HomePage1.java;file:/Users/rar9993/repos/research/fdroid_apps/native_apps/BaldPhone/app/src/main/java/com/bald/uriah/baldphone/views/home/HomePage1.java|class:com.bald.uriah.baldphone.views.home.HomePage1
MemberIgnoringMethod;aDoctor;/Users/rar9993/repos/research/fdroid_apps/native_apps/BaldPhone/NONE_TRANSFORMED_;/Users/rar9993/repos/research/fdroid_apps/native_apps/BaldPhone/app/src/main/java/com/bald/uriah/baldphone/views/home/HomePage2.java;file:/Users/rar9993/repos/research/fdroid_apps/native_apps/BaldPhone/app/src/main/java/com/bald/uriah/baldphone/views/home/HomePage2.java|class:com.bald.uriah.baldphone.views.home.HomePage2
MemberIgnoringMethod;aDoctor;/Users/rar9993/repos/research/fdroid_apps/native_apps/BaldPhone/NONE_TRANSFORMED_;/Users/rar9993/repos/research/fdroid_apps/native_apps/BaldPhone/app/src/main/java/com/bald/uriah/baldphone/views/home/HomeView.java;file:/Users/rar9993/repos/research/fdroid_apps/native_apps/BaldPhone/app/src/main/java/com/bald/uriah/baldphone/views/home/HomeView.java|class:com.bald.uriah.baldphone.views.home.HomeView
MemberIgnoringMethod;aDoctor;/Users/rar9993/repos/research/fdroid_apps/native_apps/BaldPhone/NONE_TRANSFORMED_;/Users/rar9993/repos/research/fdroid_apps/native_apps/BaldPhone/app/src/main/java/com/bald/uriah/baldphone/services/NotificationListenerService.java;file:/Users/rar9993/repos/research/fdroid_apps/native_apps/BaldPhone/app/src/main/java/com/bald/uriah/baldphone/services/NotificationListenerService.java|class:com.bald.uriah.baldphone.services.NotificationListenerService
SlowForLoop;aDoctor;/Users/rar9993/repos/research/fdroid_apps/native_apps/BaldPhone/NONE_TRANSFORMED_;/Users/rar9993/repos/research/fdroid_apps/native_apps/BaldPhone/app/src/main/java/com/bald/uriah/baldphone/services/NotificationListenerService.java;file:/Users/rar9993/repos/research/fdroid_apps/native_apps/BaldPhone/app/src/main/java/com/bald/uriah/baldphone/services/NotificationListenerService.java|class:com.bald.uriah.baldphone.services.NotificationListenerService
MemberIgnoringMethod;aDoctor;/Users/rar9993/repos/research/fdroid_apps/native_apps/BaldPhone/NONE_TRANSFORMED_;/Users/rar9993/repos/research/fdroid_apps/native_apps/BaldPhone/app/src/main/java/com/bald/uriah/baldphone/keyboard/NumberKeyboard.java;file:/Users/rar9993/repos/research/fdroid_apps/native_apps/BaldPhone/app/src/main/java/com/bald/uriah/baldphone/keyboard/NumberKeyboard.java|class:com.bald.uriah.baldphone.keyboard.NumberKeyboard
MemberIgnoringMethod;aDoctor;/Users/rar9993/repos/research/fdroid_apps/native_apps/BaldPhone/NONE_TRANSFORMED_;/Users/rar9993/repos/research/fdroid_apps/native_apps/BaldPhone/app/src/main/java/com/bald/uriah/baldphone/keyboard/HebrewKeyboard.java;file:/Users/rar9993/repos/research/fdroid_apps/native_apps/BaldPhone/app/src/main/java/com/bald/uriah/baldphone/keyboard/HebrewKeyboard.java|class:com.bald.uriah.baldphone.keyboard.HebrewKeyboard
LeakingInnerClass;aDoctor;/Users/rar9993/repos/research/fdroid_apps/native_apps/BaldPhone/NONE_TRANSFORMED_;/Users/rar9993/repos/research/fdroid_apps/native_apps/BaldPhone/app/src/main/java/com/bald/uriah/baldphone/keyboard/BaldKeyboard.java;file:/Users/rar9993/repos/research/fdroid_apps/native_apps/BaldPhone/app/src/main/java/com/bald/uriah/baldphone/keyboard/BaldKeyboard.java|class:com.bald.uriah.baldphone.keyboard.BaldKeyboard
LeakingThread;aDoctor;/Users/rar9993/repos/research/fdroid_apps/native_apps/BaldPhone/NONE_TRANSFORMED_;/Users/rar9993/repos/research/fdroid_apps/native_apps/BaldPhone/app/src/main/java/com/bald/uriah/baldphone/keyboard/BaldKeyboard.java;file:/Users/rar9993/repos/research/fdroid_apps/native_apps/BaldPhone/app/src/main/java/com/bald/uriah/baldphone/keyboard/BaldKeyboard.java|class:com.bald.uriah.baldphone.keyboard.BaldKeyboard
MemberIgnoringMethod;aDoctor;/Users/rar9993/repos/research/fdroid_apps/native_apps/BaldPhone/NONE_TRANSFORMED_;/Users/rar9993/repos/research/fdroid_apps/native_apps/BaldPhone/app/src/main/java/com/bald/uriah/baldphone/keyboard/BaldKeyboard.java;file:/Users/rar9993/repos/research/fdroid_apps/native_apps/BaldPhone/app/src/main/java/com/bald/uriah/baldphone/keyboard/BaldKeyboard.java|class:com.bald.uriah.baldphone.keyboard.BaldKeyboard
SlowForLoop;aDoctor;/Users/rar9993/repos/research/fdroid_apps/native_apps/BaldPhone/NONE_TRANSFORMED_;/Users/rar9993/repos/research/fdroid_apps/native_apps/BaldPhone/app/src/main/java/com/bald/uriah/baldphone/keyboard/BaldKeyboard.java;file:/Users/rar9993/repos/research/fdroid_apps/native_apps/BaldPhone/app/src/main/java/com/bald/uriah/baldphone/keyboard/BaldKeyboard.java|class:com.bald.uriah.baldphone.keyboard.BaldKeyboard
MemberIgnoringMethod;aDoctor;/Users/rar9993/repos/research/fdroid_apps/native_apps/BaldPhone/NONE_TRANSFORMED_;/Users/rar9993/repos/research/fdroid_apps/native_apps/BaldPhone/app/src/main/java/com/bald/uriah/baldphone/keyboard/KeyboardPicker.java;file:/Users/rar9993/repos/research/fdroid_apps/native_apps/BaldPhone/app/src/main/java/com/bald/uriah/baldphone/keyboard/KeyboardPicker.java|class:com.bald.uriah.baldphone.keyboard.KeyboardPicker
MemberIgnoringMethod;aDoctor;/Users/rar9993/repos/research/fdroid_apps/native_apps/BaldPhone/NONE_TRANSFORMED_;/Users/rar9993/repos/research/fdroid_apps/native_apps/BaldPhone/app/src/main/java/com/bald/uriah/baldphone/keyboard/EnglishKeyboard.java;file:/Users/rar9993/repos/research/fdroid_apps/native_apps/BaldPhone/app/src/main/java/com/bald/uriah/baldphone/keyboard/EnglishKeyboard.java|class:com.bald.uriah.baldphone.keyboard.EnglishKeyboard
SlowForLoop;aDoctor;/Users/rar9993/repos/research/fdroid_apps/native_apps/BaldPhone/NONE_TRANSFORMED_;/Users/rar9993/repos/research/fdroid_apps/native_apps/BaldPhone/app/src/main/java/com/bald/uriah/baldphone/keyboard/EnglishKeyboard.java;file:/Users/rar9993/repos/research/fdroid_apps/native_apps/BaldPhone/app/src/main/java/com/bald/uriah/baldphone/keyboard/EnglishKeyboard.java|class:com.bald.uriah.baldphone.keyboard.EnglishKeyboard
MemberIgnoringMethod;aDoctor;/Users/rar9993/repos/research/fdroid_apps/native_apps/BaldPhone/NONE_TRANSFORMED_;/Users/rar9993/repos/research/fdroid_apps/native_apps/BaldPhone/app/src/main/java/com/bald/uriah/baldphone/keyboard/BaldInputMethodService.java;file:/Users/rar9993/repos/research/fdroid_apps/native_apps/BaldPhone/app/src/main/java/com/bald/uriah/baldphone/keyboard/BaldInputMethodService.java|class:com.bald.uriah.baldphone.keyboard.BaldInputMethodService
NoLowMemoryResolver;aDoctor;/Users/rar9993/repos/research/fdroid_apps/native_apps/BaldPhone/NONE_TRANSFORMED_;/Users/rar9993/repos/research/fdroid_apps/native_apps/BaldPhone/app/src/main/java/com/bald/uriah/baldphone/keyboard/BaldInputMethodService.java;file:/Users/rar9993/repos/research/fdroid_apps/native_apps/BaldPhone/app/src/main/java/com/bald/uriah/baldphone/keyboard/BaldInputMethodService.java|class:com.bald.uriah.baldphone.keyboard.BaldInputMethodService
RedundantFieldInitializer;PMD;/Users/rar9993/repos/research/fdroid_apps/native_apps/BaldPhone/NONE_TRANSFORMED_;/Users/rar9993/repos/research/fdroid_apps/native_apps/BaldPhone/app/src/main/java/com/bald/uriah/baldphone/activities/BaldActivity.java;file:/Users/rar9993/repos/research/fdroid_apps/native_apps/BaldPhone/app/src/main/java/com/bald/uriah/baldphone/activities/BaldActivity.java|line:88
AvoidInstantiatingObjectsInLoops;PMD;/Users/rar9993/repos/research/fdroid_apps/native_apps/BaldPhone/NONE_TRANSFORMED_;/Users/rar9993/repos/research/fdroid_apps/native_apps/BaldPhone/app/src/main/java/com/bald/uriah/baldphone/activities/DialerActivity.java;file:/Users/rar9993/repos/research/fdroid_apps/native_apps/BaldPhone/app/src/main/java/com/bald/uriah/baldphone/activities/DialerActivity.java|line:90
AvoidInstantiatingObjectsInLoops;PMD;/Users/rar9993/repos/research/fdroid_apps/native_apps/BaldPhone/NONE_TRANSFORMED_;/Users/rar9993/repos/research/fdroid_apps/native_apps/BaldPhone/app/src/main/java/com/bald/uriah/baldphone/activities/DialerActivity.java;file:/Users/rar9993/repos/research/fdroid_apps/native_apps/BaldPhone/app/src/main/java/com/bald/uriah/baldphone/activities/DialerActivity.java|line:214
RedundantFieldInitializer;PMD;/Users/rar9993/repos/research/fdroid_apps/native_apps/BaldPhone/NONE_TRANSFORMED_;/Users/rar9993/repos/research/fdroid_apps/native_apps/BaldPhone/app/src/main/java/com/bald/uriah/baldphone/activities/HomeScreenActivity.java;file:/Users/rar9993/repos/research/fdroid_apps/native_apps/BaldPhone/app/src/main/java/com/bald/uriah/baldphone/activities/HomeScreenActivity.java|line:102
RedundantFieldInitializer;PMD;/Users/rar9993/repos/research/fdroid_apps/native_apps/BaldPhone/NONE_TRANSFORMED_;/Users/rar9993/repos/research/fdroid_apps/native_apps/BaldPhone/app/src/main/java/com/bald/uriah/baldphone/activities/HomeScreenActivity.java;file:/Users/rar9993/repos/research/fdroid_apps/native_apps/BaldPhone/app/src/main/java/com/bald/uriah/baldphone/activities/HomeScreenActivity.java|line:136
AvoidInstantiatingObjectsInLoops;PMD;/Users/rar9993/repos/research/fdroid_apps/native_apps/BaldPhone/NONE_TRANSFORMED_;/Users/rar9993/repos/research/fdroid_apps/native_apps/BaldPhone/app/src/main/java/com/bald/uriah/baldphone/activities/SOSActivity.java;file:/Users/rar9993/repos/research/fdroid_apps/native_apps/BaldPhone/app/src/main/java/com/bald/uriah/baldphone/activities/SOSActivity.java|line:154
AvoidInstantiatingObjectsInLoops;PMD;/Users/rar9993/repos/research/fdroid_apps/native_apps/BaldPhone/NONE_TRANSFORMED_;/Users/rar9993/repos/research/fdroid_apps/native_apps/BaldPhone/app/src/main/java/com/bald/uriah/baldphone/activities/TechnicalInfoActivity.java;file:/Users/rar9993/repos/research/fdroid_apps/native_apps/BaldPhone/app/src/main/java/com/bald/uriah/baldphone/activities/TechnicalInfoActivity.java|line:52
RedundantFieldInitializer;PMD;/Users/rar9993/repos/research/fdroid_apps/native_apps/BaldPhone/NONE_TRANSFORMED_;/Users/rar9993/repos/research/fdroid_apps/native_apps/BaldPhone/app/src/main/java/com/bald/uriah/baldphone/activities/UpdatesActivity.java;file:/Users/rar9993/repos/research/fdroid_apps/native_apps/BaldPhone/app/src/main/java/com/bald/uriah/baldphone/activities/UpdatesActivity.java|line:63
AvoidInstantiatingObjectsInLoops;PMD;/Users/rar9993/repos/research/fdroid_apps/native_apps/BaldPhone/NONE_TRANSFORMED_;/Users/rar9993/repos/research/fdroid_apps/native_apps/BaldPhone/app/src/main/java/com/bald/uriah/baldphone/activities/YoutubeActivity.java;file:/Users/rar9993/repos/research/fdroid_apps/native_apps/BaldPhone/app/src/main/java/com/bald/uriah/baldphone/activities/YoutubeActivity.java|line:86
RedundantFieldInitializer;PMD;/Users/rar9993/repos/research/fdroid_apps/native_apps/BaldPhone/NONE_TRANSFORMED_;/Users/rar9993/repos/research/fdroid_apps/native_apps/BaldPhone/app/src/main/java/com/bald/uriah/baldphone/activities/contacts/BaseContactsActivity.java;file:/Users/rar9993/repos/research/fdroid_apps/native_apps/BaldPhone/app/src/main/java/com/bald/uriah/baldphone/activities/contacts/BaseContactsActivity.java|line:72
RedundantFieldInitializer;PMD;/Users/rar9993/repos/research/fdroid_apps/native_apps/BaldPhone/NONE_TRANSFORMED_;/Users/rar9993/repos/research/fdroid_apps/native_apps/BaldPhone/app/src/main/java/com/bald/uriah/baldphone/activities/contacts/SingleContactActivity.java;file:/Users/rar9993/repos/research/fdroid_apps/native_apps/BaldPhone/app/src/main/java/com/bald/uriah/baldphone/activities/contacts/SingleContactActivity.java|line:79
RedundantFieldInitializer;PMD;/Users/rar9993/repos/research/fdroid_apps/native_apps/BaldPhone/NONE_TRANSFORMED_;/Users/rar9993/repos/research/fdroid_apps/native_apps/BaldPhone/app/src/main/java/com/bald/uriah/baldphone/activities/contacts/SingleContactActivity.java;file:/Users/rar9993/repos/research/fdroid_apps/native_apps/BaldPhone/app/src/main/java/com/bald/uriah/baldphone/activities/contacts/SingleContactActivity.java|line:80
AvoidInstantiatingObjectsInLoops;PMD;/Users/rar9993/repos/research/fdroid_apps/native_apps/BaldPhone/NONE_TRANSFORMED_;/Users/rar9993/repos/research/fdroid_apps/native_apps/BaldPhone/app/src/main/java/com/bald/uriah/baldphone/activities/contacts/SingleContactActivity.java;file:/Users/rar9993/repos/research/fdroid_apps/native_apps/BaldPhone/app/src/main/java/com/bald/uriah/baldphone/activities/contacts/SingleContactActivity.java|line:241
AvoidInstantiatingObjectsInLoops;PMD;/Users/rar9993/repos/research/fdroid_apps/native_apps/BaldPhone/NONE_TRANSFORMED_;/Users/rar9993/repos/research/fdroid_apps/native_apps/BaldPhone/app/src/main/java/com/bald/uriah/baldphone/activities/contacts/SingleContactActivity.java;file:/Users/rar9993/repos/research/fdroid_apps/native_apps/BaldPhone/app/src/main/java/com/bald/uriah/baldphone/activities/contacts/SingleContactActivity.java|line:242
AvoidInstantiatingObjectsInLoops;PMD;/Users/rar9993/repos/research/fdroid_apps/native_apps/BaldPhone/NONE_TRANSFORMED_;/Users/rar9993/repos/research/fdroid_apps/native_apps/BaldPhone/app/src/main/java/com/bald/uriah/baldphone/activities/contacts/SingleContactActivity.java;file:/Users/rar9993/repos/research/fdroid_apps/native_apps/BaldPhone/app/src/main/java/com/bald/uriah/baldphone/activities/contacts/SingleContactActivity.java|line:273
AvoidInstantiatingObjectsInLoops;PMD;/Users/rar9993/repos/research/fdroid_apps/native_apps/BaldPhone/NONE_TRANSFORMED_;/Users/rar9993/repos/research/fdroid_apps/native_apps/BaldPhone/app/src/main/java/com/bald/uriah/baldphone/activities/contacts/SingleContactActivity.java;file:/Users/rar9993/repos/research/fdroid_apps/native_apps/BaldPhone/app/src/main/java/com/bald/uriah/baldphone/activities/contacts/SingleContactActivity.java|line:378
AppendCharacterWithChar;PMD;/Users/rar9993/repos/research/fdroid_apps/native_apps/BaldPhone/NONE_TRANSFORMED_;/Users/rar9993/repos/research/fdroid_apps/native_apps/BaldPhone/app/src/main/java/com/bald/uriah/baldphone/activities/contacts/SingleContactActivity.java;file:/Users/rar9993/repos/research/fdroid_apps/native_apps/BaldPhone/app/src/main/java/com/bald/uriah/baldphone/activities/contacts/SingleContactActivity.java|line:383
AvoidInstantiatingObjectsInLoops;PMD;/Users/rar9993/repos/research/fdroid_apps/native_apps/BaldPhone/NONE_TRANSFORMED_;/Users/rar9993/repos/research/fdroid_apps/native_apps/BaldPhone/app/src/main/java/com/bald/uriah/baldphone/activities/contacts/SingleContactActivity.java;file:/Users/rar9993/repos/research/fdroid_apps/native_apps/BaldPhone/app/src/main/java/com/bald/uriah/baldphone/activities/contacts/SingleContactActivity.java|line:387
RedundantFieldInitializer;PMD;/Users/rar9993/repos/research/fdroid_apps/native_apps/BaldPhone/NONE_TRANSFORMED_;/Users/rar9993/repos/research/fdroid_apps/native_apps/BaldPhone/app/src/main/java/com/bald/uriah/baldphone/activities/pills/AddPillActivity.java;file:/Users/rar9993/repos/research/fdroid_apps/native_apps/BaldPhone/app/src/main/java/com/bald/uriah/baldphone/activities/pills/AddPillActivity.java|line:65
AvoidInstantiatingObjectsInLoops;PMD;/Users/rar9993/repos/research/fdroid_apps/native_apps/BaldPhone/NONE_TRANSFORMED_;/Users/rar9993/repos/research/fdroid_apps/native_apps/BaldPhone/app/src/main/java/com/bald/uriah/baldphone/adapters/NotificationRecyclerViewAdapter.java;file:/Users/rar9993/repos/research/fdroid_apps/native_apps/BaldPhone/app/src/main/java/com/bald/uriah/baldphone/adapters/NotificationRecyclerViewAdapter.java|line:100
RedundantFieldInitializer;PMD;/Users/rar9993/repos/research/fdroid_apps/native_apps/BaldPhone/NONE_TRANSFORMED_;/Users/rar9993/repos/research/fdroid_apps/native_apps/BaldPhone/app/src/main/java/com/bald/uriah/baldphone/adapters/NotificationRecyclerViewAdapter.java;file:/Users/rar9993/repos/research/fdroid_apps/native_apps/BaldPhone/app/src/main/java/com/bald/uriah/baldphone/adapters/NotificationRecyclerViewAdapter.java|line:117
RedundantFieldInitializer;PMD;/Users/rar9993/repos/research/fdroid_apps/native_apps/BaldPhone/NONE_TRANSFORMED_;/Users/rar9993/repos/research/fdroid_apps/native_apps/BaldPhone/app/src/main/java/com/bald/uriah/baldphone/databases/alarms/AlarmsDatabase.java;file:/Users/rar9993/repos/research/fdroid_apps/native_apps/BaldPhone/app/src/main/java/com/bald/uriah/baldphone/databases/alarms/AlarmsDatabase.java|line:29
RedundantFieldInitializer;PMD;/Users/rar9993/repos/research/fdroid_apps/native_apps/BaldPhone/NONE_TRANSFORMED_;/Users/rar9993/repos/research/fdroid_apps/native_apps/BaldPhone/app/src/main/java/com/bald/uriah/baldphone/databases/apps/AppsDatabase.java;file:/Users/rar9993/repos/research/fdroid_apps/native_apps/BaldPhone/app/src/main/java/com/bald/uriah/baldphone/databases/apps/AppsDatabase.java|line:28
AvoidInstantiatingObjectsInLoops;PMD;/Users/rar9993/repos/research/fdroid_apps/native_apps/BaldPhone/NONE_TRANSFORMED_;/Users/rar9993/repos/research/fdroid_apps/native_apps/BaldPhone/app/src/main/java/com/bald/uriah/baldphone/databases/apps/AppsDatabaseHelper.java;file:/Users/rar9993/repos/research/fdroid_apps/native_apps/BaldPhone/app/src/main/java/com/bald/uriah/baldphone/databases/apps/AppsDatabaseHelper.java|line:84
AvoidInstantiatingObjectsInLoops;PMD;/Users/rar9993/repos/research/fdroid_apps/native_apps/BaldPhone/NONE_TRANSFORMED_;/Users/rar9993/repos/research/fdroid_apps/native_apps/BaldPhone/app/src/main/java/com/bald/uriah/baldphone/databases/apps/AppsDatabaseHelper.java;file:/Users/rar9993/repos/research/fdroid_apps/native_apps/BaldPhone/app/src/main/java/com/bald/uriah/baldphone/databases/apps/AppsDatabaseHelper.java|line:119
AvoidInstantiatingObjectsInLoops;PMD;/Users/rar9993/repos/research/fdroid_apps/native_apps/BaldPhone/NONE_TRANSFORMED_;/Users/rar9993/repos/research/fdroid_apps/native_apps/BaldPhone/app/src/main/java/com/bald/uriah/baldphone/databases/apps/AppsDatabaseHelper.java;file:/Users/rar9993/repos/research/fdroid_apps/native_apps/BaldPhone/app/src/main/java/com/bald/uriah/baldphone/databases/apps/AppsDatabaseHelper.java|line:134
AvoidInstantiatingObjectsInLoops;PMD;/Users/rar9993/repos/research/fdroid_apps/native_apps/BaldPhone/NONE_TRANSFORMED_;/Users/rar9993/repos/research/fdroid_apps/native_apps/BaldPhone/app/src/main/java/com/bald/uriah/baldphone/databases/contacts/Contact.java;file:/Users/rar9993/repos/research/fdroid_apps/native_apps/BaldPhone/app/src/main/java/com/bald/uriah/baldphone/databases/contacts/Contact.java|line:175
AvoidInstantiatingObjectsInLoops;PMD;/Users/rar9993/repos/research/fdroid_apps/native_apps/BaldPhone/NONE_TRANSFORMED_;/Users/rar9993/repos/research/fdroid_apps/native_apps/BaldPhone/app/src/main/java/com/bald/uriah/baldphone/databases/contacts/Contact.java;file:/Users/rar9993/repos/research/fdroid_apps/native_apps/BaldPhone/app/src/main/java/com/bald/uriah/baldphone/databases/contacts/Contact.java|line:175
AvoidInstantiatingObjectsInLoops;PMD;/Users/rar9993/repos/research/fdroid_apps/native_apps/BaldPhone/NONE_TRANSFORMED_;/Users/rar9993/repos/research/fdroid_apps/native_apps/BaldPhone/app/src/main/java/com/bald/uriah/baldphone/databases/contacts/Contact.java;file:/Users/rar9993/repos/research/fdroid_apps/native_apps/BaldPhone/app/src/main/java/com/bald/uriah/baldphone/databases/contacts/Contact.java|line:198
AvoidInstantiatingObjectsInLoops;PMD;/Users/rar9993/repos/research/fdroid_apps/native_apps/BaldPhone/NONE_TRANSFORMED_;/Users/rar9993/repos/research/fdroid_apps/native_apps/BaldPhone/app/src/main/java/com/bald/uriah/baldphone/databases/home_screen_pins/HomeScreenPinHelper.java;file:/Users/rar9993/repos/research/fdroid_apps/native_apps/BaldPhone/app/src/main/java/com/bald/uriah/baldphone/databases/home_screen_pins/HomeScreenPinHelper.java|line:57
RedundantFieldInitializer;PMD;/Users/rar9993/repos/research/fdroid_apps/native_apps/BaldPhone/NONE_TRANSFORMED_;/Users/rar9993/repos/research/fdroid_apps/native_apps/BaldPhone/app/src/main/java/com/bald/uriah/baldphone/databases/reminders/RemindersDatabase.java;file:/Users/rar9993/repos/research/fdroid_apps/native_apps/BaldPhone/app/src/main/java/com/bald/uriah/baldphone/databases/reminders/RemindersDatabase.java|line:28
RedundantFieldInitializer;PMD;/Users/rar9993/repos/research/fdroid_apps/native_apps/BaldPhone/NONE_TRANSFORMED_;/Users/rar9993/repos/research/fdroid_apps/native_apps/BaldPhone/app/src/main/java/com/bald/uriah/baldphone/fragments_and_dialogs/tutorial_fragments/TutorialFragment3.java;file:/Users/rar9993/repos/research/fdroid_apps/native_apps/BaldPhone/app/src/main/java/com/bald/uriah/baldphone/fragments_and_dialogs/tutorial_fragments/TutorialFragment3.java|line:120
RedundantFieldInitializer;PMD;/Users/rar9993/repos/research/fdroid_apps/native_apps/BaldPhone/NONE_TRANSFORMED_;/Users/rar9993/repos/research/fdroid_apps/native_apps/BaldPhone/app/src/main/java/com/bald/uriah/baldphone/keyboard/BaldInputMethodService.java;file:/Users/rar9993/repos/research/fdroid_apps/native_apps/BaldPhone/app/src/main/java/com/bald/uriah/baldphone/keyboard/BaldInputMethodService.java|line:45
RedundantFieldInitializer;PMD;/Users/rar9993/repos/research/fdroid_apps/native_apps/BaldPhone/NONE_TRANSFORMED_;/Users/rar9993/repos/research/fdroid_apps/native_apps/BaldPhone/app/src/main/java/com/bald/uriah/baldphone/keyboard/BaldKeyboard.java;file:/Users/rar9993/repos/research/fdroid_apps/native_apps/BaldPhone/app/src/main/java/com/bald/uriah/baldphone/keyboard/BaldKeyboard.java|line:154
AvoidInstantiatingObjectsInLoops;PMD;/Users/rar9993/repos/research/fdroid_apps/native_apps/BaldPhone/NONE_TRANSFORMED_;/Users/rar9993/repos/research/fdroid_apps/native_apps/BaldPhone/app/src/main/java/com/bald/uriah/baldphone/keyboard/EnglishKeyboard.java;file:/Users/rar9993/repos/research/fdroid_apps/native_apps/BaldPhone/app/src/main/java/com/bald/uriah/baldphone/keyboard/EnglishKeyboard.java|line:53
RedundantFieldInitializer;PMD;/Users/rar9993/repos/research/fdroid_apps/native_apps/BaldPhone/NONE_TRANSFORMED_;/Users/rar9993/repos/research/fdroid_apps/native_apps/BaldPhone/app/src/main/java/com/bald/uriah/baldphone/services/NotificationListenerService.java;file:/Users/rar9993/repos/research/fdroid_apps/native_apps/BaldPhone/app/src/main/java/com/bald/uriah/baldphone/services/NotificationListenerService.java|line:66
TooFewBranchesForSwitch;PMD;/Users/rar9993/repos/research/fdroid_apps/native_apps/BaldPhone/NONE_TRANSFORMED_;/Users/rar9993/repos/research/fdroid_apps/native_apps/BaldPhone/app/src/main/java/com/bald/uriah/baldphone/services/NotificationListenerService.java;file:/Users/rar9993/repos/research/fdroid_apps/native_apps/BaldPhone/app/src/main/java/com/bald/uriah/baldphone/services/NotificationListenerService.java|line:112
RedundantFieldInitializer;PMD;/Users/rar9993/repos/research/fdroid_apps/native_apps/BaldPhone/NONE_TRANSFORMED_;/Users/rar9993/repos/research/fdroid_apps/native_apps/BaldPhone/app/src/main/java/com/bald/uriah/baldphone/utils/BaldGridItemDecoration.java;file:/Users/rar9993/repos/research/fdroid_apps/native_apps/BaldPhone/app/src/main/java/com/bald/uriah/baldphone/utils/BaldGridItemDecoration.java|line:32
RedundantFieldInitializer;PMD;/Users/rar9993/repos/research/fdroid_apps/native_apps/BaldPhone/NONE_TRANSFORMED_;/Users/rar9993/repos/research/fdroid_apps/native_apps/BaldPhone/app/src/main/java/com/bald/uriah/baldphone/utils/BaldToast.java;file:/Users/rar9993/repos/research/fdroid_apps/native_apps/BaldPhone/app/src/main/java/com/bald/uriah/baldphone/utils/BaldToast.java|line:73
RedundantFieldInitializer;PMD;/Users/rar9993/repos/research/fdroid_apps/native_apps/BaldPhone/NONE_TRANSFORMED_;/Users/rar9993/repos/research/fdroid_apps/native_apps/BaldPhone/app/src/main/java/com/bald/uriah/baldphone/utils/SoftInputAssist.java;file:/Users/rar9993/repos/research/fdroid_apps/native_apps/BaldPhone/app/src/main/java/com/bald/uriah/baldphone/utils/SoftInputAssist.java|line:36
RedundantFieldInitializer;PMD;/Users/rar9993/repos/research/fdroid_apps/native_apps/BaldPhone/NONE_TRANSFORMED_;/Users/rar9993/repos/research/fdroid_apps/native_apps/BaldPhone/app/src/main/java/com/bald/uriah/baldphone/views/BaldButtonInterface.java;file:/Users/rar9993/repos/research/fdroid_apps/native_apps/BaldPhone/app/src/main/java/com/bald/uriah/baldphone/views/BaldButtonInterface.java|line:44
RedundantFieldInitializer;PMD;/Users/rar9993/repos/research/fdroid_apps/native_apps/BaldPhone/NONE_TRANSFORMED_;/Users/rar9993/repos/research/fdroid_apps/native_apps/BaldPhone/app/src/main/java/com/bald/uriah/baldphone/views/BaldButtonInterface.java;file:/Users/rar9993/repos/research/fdroid_apps/native_apps/BaldPhone/app/src/main/java/com/bald/uriah/baldphone/views/BaldButtonInterface.java|line:45
RedundantFieldInitializer;PMD;/Users/rar9993/repos/research/fdroid_apps/native_apps/BaldPhone/NONE_TRANSFORMED_;/Users/rar9993/repos/research/fdroid_apps/native_apps/BaldPhone/app/src/main/java/com/bald/uriah/baldphone/views/BaldMultipleSelection.java;file:/Users/rar9993/repos/research/fdroid_apps/native_apps/BaldPhone/app/src/main/java/com/bald/uriah/baldphone/views/BaldMultipleSelection.java|line:53
AvoidInstantiatingObjectsInLoops;PMD;/Users/rar9993/repos/research/fdroid_apps/native_apps/BaldPhone/NONE_TRANSFORMED_;/Users/rar9993/repos/research/fdroid_apps/native_apps/BaldPhone/app/src/main/java/com/bald/uriah/baldphone/views/BaldMultipleSelection.java;file:/Users/rar9993/repos/research/fdroid_apps/native_apps/BaldPhone/app/src/main/java/com/bald/uriah/baldphone/views/BaldMultipleSelection.java|line:116
RedundantFieldInitializer;PMD;/Users/rar9993/repos/research/fdroid_apps/native_apps/BaldPhone/NONE_TRANSFORMED_;/Users/rar9993/repos/research/fdroid_apps/native_apps/BaldPhone/app/src/main/java/com/bald/uriah/baldphone/views/ScrollingHelper.java;file:/Users/rar9993/repos/research/fdroid_apps/native_apps/BaldPhone/app/src/main/java/com/bald/uriah/baldphone/views/ScrollingHelper.java|line:74
RedundantFieldInitializer;PMD;/Users/rar9993/repos/research/fdroid_apps/native_apps/BaldPhone/NONE_TRANSFORMED_;/Users/rar9993/repos/research/fdroid_apps/native_apps/BaldPhone/app/src/main/java/com/bald/uriah/baldphone/views/ScrollingHelper.java;file:/Users/rar9993/repos/research/fdroid_apps/native_apps/BaldPhone/app/src/main/java/com/bald/uriah/baldphone/views/ScrollingHelper.java|line:75
RedundantFieldInitializer;PMD;/Users/rar9993/repos/research/fdroid_apps/native_apps/BaldPhone/NONE_TRANSFORMED_;/Users/rar9993/repos/research/fdroid_apps/native_apps/BaldPhone/app/src/main/java/com/bald/uriah/baldphone/views/ScrollingHelper.java;file:/Users/rar9993/repos/research/fdroid_apps/native_apps/BaldPhone/app/src/main/java/com/bald/uriah/baldphone/views/ScrollingHelper.java|line:77
RedundantFieldInitializer;PMD;/Users/rar9993/repos/research/fdroid_apps/native_apps/BaldPhone/NONE_TRANSFORMED_;/Users/rar9993/repos/research/fdroid_apps/native_apps/BaldPhone/app/src/main/java/com/bald/uriah/baldphone/views/ViewPagerHolder.java;file:/Users/rar9993/repos/research/fdroid_apps/native_apps/BaldPhone/app/src/main/java/com/bald/uriah/baldphone/views/ViewPagerHolder.java|line:58
RedundantFieldInitializer;PMD;/Users/rar9993/repos/research/fdroid_apps/native_apps/BaldPhone/NONE_TRANSFORMED_;/Users/rar9993/repos/research/fdroid_apps/native_apps/BaldPhone/app/src/main/java/com/bald/uriah/baldphone/views/ViewPagerHolder.java;file:/Users/rar9993/repos/research/fdroid_apps/native_apps/BaldPhone/app/src/main/java/com/bald/uriah/baldphone/views/ViewPagerHolder.java|line:59
RedundantFieldInitializer;PMD;/Users/rar9993/repos/research/fdroid_apps/native_apps/BaldPhone/NONE_TRANSFORMED_;/Users/rar9993/repos/research/fdroid_apps/native_apps/BaldPhone/app/src/main/java/com/bald/uriah/baldphone/views/ViewPagerHolder.java;file:/Users/rar9993/repos/research/fdroid_apps/native_apps/BaldPhone/app/src/main/java/com/bald/uriah/baldphone/views/ViewPagerHolder.java|line:60
RedundantFieldInitializer;PMD;/Users/rar9993/repos/research/fdroid_apps/native_apps/BaldPhone/NONE_TRANSFORMED_;/Users/rar9993/repos/research/fdroid_apps/native_apps/BaldPhone/app/src/main/java/com/bald/uriah/baldphone/views/home/HomePage1.java;file:/Users/rar9993/repos/research/fdroid_apps/native_apps/BaldPhone/app/src/main/java/com/bald/uriah/baldphone/views/home/HomePage1.java|line:107
AvoidInstantiatingObjectsInLoops;PMD;/Users/rar9993/repos/research/fdroid_apps/native_apps/BaldPhone/NONE_TRANSFORMED_;/Users/rar9993/repos/research/fdroid_apps/native_apps/BaldPhone/app/src/main/java/com/bald/uriah/baldphone/views/home/HomeViewFactory.java;file:/Users/rar9993/repos/research/fdroid_apps/native_apps/BaldPhone/app/src/main/java/com/bald/uriah/baldphone/views/home/HomeViewFactory.java|line:59
LeakingInnerClass;DAAP;/Users/rar9993/repos/research/fdroid_apps/native_apps/BaldPhone/NONE_TRANSFORMED_;/src/main/java/com/bald/uriah/baldphone/fragments_and_dialogs/LetterChooserDialog.java;file:/src/main/java/com/bald/uriah/baldphone/fragments_and_dialogs/LetterChooserDialog.java
LeakingInnerClass;DAAP;/Users/rar9993/repos/research/fdroid_apps/native_apps/BaldPhone/NONE_TRANSFORMED_;/src/main/java/com/bald/uriah/baldphone/views/BaldButtonInterface.java;file:/src/main/java/com/bald/uriah/baldphone/views/BaldButtonInterface.java
MemberIgnoringMethod;DAAP;/Users/rar9993/repos/research/fdroid_apps/native_apps/BaldPhone/NONE_TRANSFORMED_;/src/main/java/com/bald/uriah/baldphone/BaldPhone.java;file:/src/main/java/com/bald/uriah/baldphone/BaldPhone.java
MemberIgnoringMethod;DAAP;/Users/rar9993/repos/research/fdroid_apps/native_apps/BaldPhone/NONE_TRANSFORMED_;/src/main/java/com/bald/uriah/baldphone/databases/alarms/AlarmsDatabaseDao.java;file:/src/main/java/com/bald/uriah/baldphone/databases/alarms/AlarmsDatabaseDao.java
MemberIgnoringMethod;DAAP;/Users/rar9993/repos/research/fdroid_apps/native_apps/BaldPhone/NONE_TRANSFORMED_;/src/main/java/com/bald/uriah/baldphone/databases/alarms/Alarm.java;file:/src/main/java/com/bald/uriah/baldphone/databases/alarms/Alarm.java
MemberIgnoringMethod;DAAP;/Users/rar9993/repos/research/fdroid_apps/native_apps/BaldPhone/NONE_TRANSFORMED_;/src/main/java/com/bald/uriah/baldphone/databases/home_screen_pins/HomeScreenPinHelper.java;file:/src/main/java/com/bald/uriah/baldphone/databases/home_screen_pins/HomeScreenPinHelper.java
MemberIgnoringMethod;DAAP;/Users/rar9993/repos/research/fdroid_apps/native_apps/BaldPhone/NONE_TRANSFORMED_;/src/main/java/com/bald/uriah/baldphone/databases/apps/AppsDatabaseDao.java;file:/src/main/java/com/bald/uriah/baldphone/databases/apps/AppsDatabaseDao.java
MemberIgnoringMethod;DAAP;/Users/rar9993/repos/research/fdroid_apps/native_apps/BaldPhone/NONE_TRANSFORMED_;/src/main/java/com/bald/uriah/baldphone/databases/apps/App.java;file:/src/main/java/com/bald/uriah/baldphone/databases/apps/App.java
MemberIgnoringMethod;DAAP;/Users/rar9993/repos/research/fdroid_apps/native_apps/BaldPhone/NONE_TRANSFORMED_;/src/main/java/com/bald/uriah/baldphone/databases/reminders/RemindersDatabaseDao.java;file:/src/main/java/com/bald/uriah/baldphone/databases/reminders/RemindersDatabaseDao.java
MemberIgnoringMethod;DAAP;/Users/rar9993/repos/research/fdroid_apps/native_apps/BaldPhone/NONE_TRANSFORMED_;/src/main/java/com/bald/uriah/baldphone/fragments_and_dialogs/tutorial_fragments/TutorialFragment1.java;file:/src/main/java/com/bald/uriah/baldphone/fragments_and_dialogs/tutorial_fragments/TutorialFragment1.java
MemberIgnoringMethod;DAAP;/Users/rar9993/repos/research/fdroid_apps/native_apps/BaldPhone/NONE_TRANSFORMED_;/src/main/java/com/bald/uriah/baldphone/fragments_and_dialogs/tutorial_fragments/TutorialFragment.java;file:/src/main/java/com/bald/uriah/baldphone/fragments_and_dialogs/tutorial_fragments/TutorialFragment.java
MemberIgnoringMethod;DAAP;/Users/rar9993/repos/research/fdroid_apps/native_apps/BaldPhone/NONE_TRANSFORMED_;/src/main/java/com/bald/uriah/baldphone/fragments_and_dialogs/tutorial_fragments/TutorialFragment4.java;file:/src/main/java/com/bald/uriah/baldphone/fragments_and_dialogs/tutorial_fragments/TutorialFragment4.java
MemberIgnoringMethod;DAAP;/Users/rar9993/repos/research/fdroid_apps/native_apps/BaldPhone/NONE_TRANSFORMED_;/src/main/java/com/bald/uriah/baldphone/fragments_and_dialogs/tutorial_fragments/TutorialFragment3.java;file:/src/main/java/com/bald/uriah/baldphone/fragments_and_dialogs/tutorial_fragments/TutorialFragment3.java
MemberIgnoringMethod;DAAP;/Users/rar9993/repos/research/fdroid_apps/native_apps/BaldPhone/NONE_TRANSFORMED_;/src/main/java/com/bald/uriah/baldphone/fragments_and_dialogs/tutorial_fragments/TutorialFragment2.java;file:/src/main/java/com/bald/uriah/baldphone/fragments_and_dialogs/tutorial_fragments/TutorialFragment2.java
MemberIgnoringMethod;DAAP;/Users/rar9993/repos/research/fdroid_apps/native_apps/BaldPhone/NONE_TRANSFORMED_;/src/main/java/com/bald/uriah/baldphone/fragments_and_dialogs/LetterChooserDialog.java;file:/src/main/java/com/bald/uriah/baldphone/fragments_and_dialogs/LetterChooserDialog.java
MemberIgnoringMethod;DAAP;/Users/rar9993/repos/research/fdroid_apps/native_apps/BaldPhone/NONE_TRANSFORMED_;/src/main/java/com/bald/uriah/baldphone/utils/DropDownRecyclerViewAdapter.java;file:/src/main/java/com/bald/uriah/baldphone/utils/DropDownRecyclerViewAdapter.java
MemberIgnoringMethod;DAAP;/Users/rar9993/repos/research/fdroid_apps/native_apps/BaldPhone/NONE_TRANSFORMED_;/src/main/java/com/bald/uriah/baldphone/utils/UpdatingUtil.java;file:/src/main/java/com/bald/uriah/baldphone/utils/UpdatingUtil.java
MemberIgnoringMethod;DAAP;/Users/rar9993/repos/research/fdroid_apps/native_apps/BaldPhone/NONE_TRANSFORMED_;/src/main/java/com/bald/uriah/baldphone/utils/Animations.java;file:/src/main/java/com/bald/uriah/baldphone/utils/Animations.java
MemberIgnoringMethod;DAAP;/Users/rar9993/repos/research/fdroid_apps/native_apps/BaldPhone/NONE_TRANSFORMED_;/src/main/java/com/bald/uriah/baldphone/utils/Toggeler.java;file:/src/main/java/com/bald/uriah/baldphone/utils/Toggeler.java
MemberIgnoringMethod;DAAP;/Users/rar9993/repos/research/fdroid_apps/native_apps/BaldPhone/NONE_TRANSFORMED_;/src/main/java/com/bald/uriah/baldphone/utils/BaldHomeWatcher.java;file:/src/main/java/com/bald/uriah/baldphone/utils/BaldHomeWatcher.java
MemberIgnoringMethod;DAAP;/Users/rar9993/repos/research/fdroid_apps/native_apps/BaldPhone/NONE_TRANSFORMED_;/src/main/java/com/bald/uriah/baldphone/utils/BDialog.java;file:/src/main/java/com/bald/uriah/baldphone/utils/BDialog.java
MemberIgnoringMethod;DAAP;/Users/rar9993/repos/research/fdroid_apps/native_apps/BaldPhone/NONE_TRANSFORMED_;/src/main/java/com/bald/uriah/baldphone/adapters/CallsRecyclerViewAdapter.java;file:/src/main/java/com/bald/uriah/baldphone/adapters/CallsRecyclerViewAdapter.java
MemberIgnoringMethod;DAAP;/Users/rar9993/repos/research/fdroid_apps/native_apps/BaldPhone/NONE_TRANSFORMED_;/src/main/java/com/bald/uriah/baldphone/adapters/AppsRecyclerViewAdapter.java;file:/src/main/java/com/bald/uriah/baldphone/adapters/AppsRecyclerViewAdapter.java
MemberIgnoringMethod;DAAP;/Users/rar9993/repos/research/fdroid_apps/native_apps/BaldPhone/NONE_TRANSFORMED_;/src/main/java/com/bald/uriah/baldphone/adapters/NotificationRecyclerViewAdapter.java;file:/src/main/java/com/bald/uriah/baldphone/adapters/NotificationRecyclerViewAdapter.java
MemberIgnoringMethod;DAAP;/Users/rar9993/repos/research/fdroid_apps/native_apps/BaldPhone/NONE_TRANSFORMED_;/src/main/java/com/bald/uriah/baldphone/adapters/ContactRecyclerViewAdapter.java;file:/src/main/java/com/bald/uriah/baldphone/adapters/ContactRecyclerViewAdapter.java
MemberIgnoringMethod;DAAP;/Users/rar9993/repos/research/fdroid_apps/native_apps/BaldPhone/NONE_TRANSFORMED_;/src/main/java/com/bald/uriah/baldphone/adapters/IntentAdapter.java;file:/src/main/java/com/bald/uriah/baldphone/adapters/IntentAdapter.java
MemberIgnoringMethod;DAAP;/Users/rar9993/repos/research/fdroid_apps/native_apps/BaldPhone/NONE_TRANSFORMED_;/src/main/java/com/bald/uriah/baldphone/adapters/BaldViewAdapter.java;file:/src/main/java/com/bald/uriah/baldphone/adapters/BaldViewAdapter.java
MemberIgnoringMethod;DAAP;/Users/rar9993/repos/research/fdroid_apps/native_apps/BaldPhone/NONE_TRANSFORMED_;/src/main/java/com/bald/uriah/baldphone/adapters/BaldPagerAdapter.java;file:/src/main/java/com/bald/uriah/baldphone/adapters/BaldPagerAdapter.java
MemberIgnoringMethod;DAAP;/Users/rar9993/repos/research/fdroid_apps/native_apps/BaldPhone/NONE_TRANSFORMED_;/src/main/java/com/bald/uriah/baldphone/broadcast_receivers/LocalChangedReceiver.java;file:/src/main/java/com/bald/uriah/baldphone/broadcast_receivers/LocalChangedReceiver.java
MemberIgnoringMethod;DAAP;/Users/rar9993/repos/research/fdroid_apps/native_apps/BaldPhone/NONE_TRANSFORMED_;/src/main/java/com/bald/uriah/baldphone/broadcast_receivers/BootUpBroadcastReceiver.java;file:/src/main/java/com/bald/uriah/baldphone/broadcast_receivers/BootUpBroadcastReceiver.java
MemberIgnoringMethod;DAAP;/Users/rar9993/repos/research/fdroid_apps/native_apps/BaldPhone/NONE_TRANSFORMED_;/src/main/java/com/bald/uriah/baldphone/activities/AppsActivity.java;file:/src/main/java/com/bald/uriah/baldphone/activities/AppsActivity.java
MemberIgnoringMethod;DAAP;/Users/rar9993/repos/research/fdroid_apps/native_apps/BaldPhone/NONE_TRANSFORMED_;/src/main/java/com/bald/uriah/baldphone/activities/PhoneActivity.java;file:/src/main/java/com/bald/uriah/baldphone/activities/PhoneActivity.java
MemberIgnoringMethod;DAAP;/Users/rar9993/repos/research/fdroid_apps/native_apps/BaldPhone/NONE_TRANSFORMED_;/src/main/java/com/bald/uriah/baldphone/activities/Page1EditorActivity.java;file:/src/main/java/com/bald/uriah/baldphone/activities/Page1EditorActivity.java
MemberIgnoringMethod;DAAP;/Users/rar9993/repos/research/fdroid_apps/native_apps/BaldPhone/NONE_TRANSFORMED_;/src/main/java/com/bald/uriah/baldphone/activities/CrashActivity.java;file:/src/main/java/com/bald/uriah/baldphone/activities/CrashActivity.java
MemberIgnoringMethod;DAAP;/Users/rar9993/repos/research/fdroid_apps/native_apps/BaldPhone/NONE_TRANSFORMED_;/src/main/java/com/bald/uriah/baldphone/activities/HomeScreenActivity.java;file:/src/main/java/com/bald/uriah/baldphone/activities/HomeScreenActivity.java
MemberIgnoringMethod;DAAP;/Users/rar9993/repos/research/fdroid_apps/native_apps/BaldPhone/NONE_TRANSFORMED_;/src/main/java/com/bald/uriah/baldphone/activities/RecentActivity.java;file:/src/main/java/com/bald/uriah/baldphone/activities/RecentActivity.java
MemberIgnoringMethod;DAAP;/Users/rar9993/repos/research/fdroid_apps/native_apps/BaldPhone/NONE_TRANSFORMED_;/src/main/java/com/bald/uriah/baldphone/activities/KeyboardChangerActivity.java;file:/src/main/java/com/bald/uriah/baldphone/activities/KeyboardChangerActivity.java
MemberIgnoringMethod;DAAP;/Users/rar9993/repos/research/fdroid_apps/native_apps/BaldPhone/NONE_TRANSFORMED_;/src/main/java/com/bald/uriah/baldphone/activities/FontChangerActivity.java;file:/src/main/java/com/bald/uriah/baldphone/activities/FontChangerActivity.java
MemberIgnoringMethod;DAAP;/Users/rar9993/repos/research/fdroid_apps/native_apps/BaldPhone/NONE_TRANSFORMED_;/src/main/java/com/bald/uriah/baldphone/activities/alarms/AddTimerActivity.java;file:/src/main/java/com/bald/uriah/baldphone/activities/alarms/AddTimerActivity.java
MemberIgnoringMethod;DAAP;/Users/rar9993/repos/research/fdroid_apps/native_apps/BaldPhone/NONE_TRANSFORMED_;/src/main/java/com/bald/uriah/baldphone/activities/alarms/AddAlarmActivity.java;file:/src/main/java/com/bald/uriah/baldphone/activities/alarms/AddAlarmActivity.java
MemberIgnoringMethod;DAAP;/Users/rar9993/repos/research/fdroid_apps/native_apps/BaldPhone/NONE_TRANSFORMED_;/src/main/java/com/bald/uriah/baldphone/activities/alarms/AlarmsActivity.java;file:/src/main/java/com/bald/uriah/baldphone/activities/alarms/AlarmsActivity.java
MemberIgnoringMethod;DAAP;/Users/rar9993/repos/research/fdroid_apps/native_apps/BaldPhone/NONE_TRANSFORMED_;/src/main/java/com/bald/uriah/baldphone/activities/contacts/SingleContactActivity.java;file:/src/main/java/com/bald/uriah/baldphone/activities/contacts/SingleContactActivity.java
MemberIgnoringMethod;DAAP;/Users/rar9993/repos/research/fdroid_apps/native_apps/BaldPhone/NONE_TRANSFORMED_;/src/main/java/com/bald/uriah/baldphone/activities/contacts/BaseContactsActivity.java;file:/src/main/java/com/bald/uriah/baldphone/activities/contacts/BaseContactsActivity.java
MemberIgnoringMethod;DAAP;/Users/rar9993/repos/research/fdroid_apps/native_apps/BaldPhone/NONE_TRANSFORMED_;/src/main/java/com/bald/uriah/baldphone/activities/contacts/ShareActivity.java;file:/src/main/java/com/bald/uriah/baldphone/activities/contacts/ShareActivity.java
MemberIgnoringMethod;DAAP;/Users/rar9993/repos/research/fdroid_apps/native_apps/BaldPhone/NONE_TRANSFORMED_;/src/main/java/com/bald/uriah/baldphone/activities/contacts/ContactsActivity.java;file:/src/main/java/com/bald/uriah/baldphone/activities/contacts/ContactsActivity.java
MemberIgnoringMethod;DAAP;/Users/rar9993/repos/research/fdroid_apps/native_apps/BaldPhone/NONE_TRANSFORMED_;/src/main/java/com/bald/uriah/baldphone/activities/CreditsActivity.java;file:/src/main/java/com/bald/uriah/baldphone/activities/CreditsActivity.java
MemberIgnoringMethod;DAAP;/Users/rar9993/repos/research/fdroid_apps/native_apps/BaldPhone/NONE_TRANSFORMED_;/src/main/java/com/bald/uriah/baldphone/activities/VideoTutorialsActivity.java;file:/src/main/java/com/bald/uriah/baldphone/activities/VideoTutorialsActivity.java
MemberIgnoringMethod;DAAP;/Users/rar9993/repos/research/fdroid_apps/native_apps/BaldPhone/NONE_TRANSFORMED_;/src/main/java/com/bald/uriah/baldphone/activities/NotificationsActivity.java;file:/src/main/java/com/bald/uriah/baldphone/activities/NotificationsActivity.java
MemberIgnoringMethod;DAAP;/Users/rar9993/repos/research/fdroid_apps/native_apps/BaldPhone/NONE_TRANSFORMED_;/src/main/java/com/bald/uriah/baldphone/activities/TimedBaldActivity.java;file:/src/main/java/com/bald/uriah/baldphone/activities/TimedBaldActivity.java
MemberIgnoringMethod;DAAP;/Users/rar9993/repos/research/fdroid_apps/native_apps/BaldPhone/NONE_TRANSFORMED_;/src/main/java/com/bald/uriah/baldphone/activities/pills/AddPillActivity.java;file:/src/main/java/com/bald/uriah/baldphone/activities/pills/AddPillActivity.java
MemberIgnoringMethod;DAAP;/Users/rar9993/repos/research/fdroid_apps/native_apps/BaldPhone/NONE_TRANSFORMED_;/src/main/java/com/bald/uriah/baldphone/activities/pills/PillTimeSetterActivity.java;file:/src/main/java/com/bald/uriah/baldphone/activities/pills/PillTimeSetterActivity.java
MemberIgnoringMethod;DAAP;/Users/rar9993/repos/research/fdroid_apps/native_apps/BaldPhone/NONE_TRANSFORMED_;/src/main/java/com/bald/uriah/baldphone/activities/pills/PillsActivity.java;file:/src/main/java/com/bald/uriah/baldphone/activities/pills/PillsActivity.java
MemberIgnoringMethod;DAAP;/Users/rar9993/repos/research/fdroid_apps/native_apps/BaldPhone/NONE_TRANSFORMED_;/src/main/java/com/bald/uriah/baldphone/activities/pills/PillScreenActivity.java;file:/src/main/java/com/bald/uriah/baldphone/activities/pills/PillScreenActivity.java
MemberIgnoringMethod;DAAP;/Users/rar9993/repos/research/fdroid_apps/native_apps/BaldPhone/NONE_TRANSFORMED_;/src/main/java/com/bald/uriah/baldphone/activities/YoutubeActivity.java;file:/src/main/java/com/bald/uriah/baldphone/activities/YoutubeActivity.java
MemberIgnoringMethod;DAAP;/Users/rar9993/repos/research/fdroid_apps/native_apps/BaldPhone/NONE_TRANSFORMED_;/src/main/java/com/bald/uriah/baldphone/activities/PermissionActivity.java;file:/src/main/java/com/bald/uriah/baldphone/activities/PermissionActivity.java
MemberIgnoringMethod;DAAP;/Users/rar9993/repos/research/fdroid_apps/native_apps/BaldPhone/NONE_TRANSFORMED_;/src/main/java/com/bald/uriah/baldphone/activities/TutorialActivity.java;file:/src/main/java/com/bald/uriah/baldphone/activities/TutorialActivity.java
MemberIgnoringMethod;DAAP;/Users/rar9993/repos/research/fdroid_apps/native_apps/BaldPhone/NONE_TRANSFORMED_;/src/main/java/com/bald/uriah/baldphone/activities/FeedbackActivity.java;file:/src/main/java/com/bald/uriah/baldphone/activities/FeedbackActivity.java
MemberIgnoringMethod;DAAP;/Users/rar9993/repos/research/fdroid_apps/native_apps/BaldPhone/NONE_TRANSFORMED_;/src/main/java/com/bald/uriah/baldphone/activities/BaldActivity.java;file:/src/main/java/com/bald/uriah/baldphone/activities/BaldActivity.java
MemberIgnoringMethod;DAAP;/Users/rar9993/repos/research/fdroid_apps/native_apps/BaldPhone/NONE_TRANSFORMED_;/src/main/java/com/bald/uriah/baldphone/activities/SettingsActivity.java;file:/src/main/java/com/bald/uriah/baldphone/activities/SettingsActivity.java
MemberIgnoringMethod;DAAP;/Users/rar9993/repos/research/fdroid_apps/native_apps/BaldPhone/NONE_TRANSFORMED_;/src/main/java/com/bald/uriah/baldphone/activities/AccessibilityLevelChangerActivity.java;file:/src/main/java/com/bald/uriah/baldphone/activities/AccessibilityLevelChangerActivity.java
MemberIgnoringMethod;DAAP;/Users/rar9993/repos/research/fdroid_apps/native_apps/BaldPhone/NONE_TRANSFORMED_;/src/main/java/com/bald/uriah/baldphone/activities/media/PhotosActivity.java;file:/src/main/java/com/bald/uriah/baldphone/activities/media/PhotosActivity.java
MemberIgnoringMethod;DAAP;/Users/rar9993/repos/research/fdroid_apps/native_apps/BaldPhone/NONE_TRANSFORMED_;/src/main/java/com/bald/uriah/baldphone/activities/media/VideosActivity.java;file:/src/main/java/com/bald/uriah/baldphone/activities/media/VideosActivity.java
MemberIgnoringMethod;DAAP;/Users/rar9993/repos/research/fdroid_apps/native_apps/BaldPhone/NONE_TRANSFORMED_;/src/main/java/com/bald/uriah/baldphone/activities/media/SinglePhotoActivity.java;file:/src/main/java/com/bald/uriah/baldphone/activities/media/SinglePhotoActivity.java
MemberIgnoringMethod;DAAP;/Users/rar9993/repos/research/fdroid_apps/native_apps/BaldPhone/NONE_TRANSFORMED_;/src/main/java/com/bald/uriah/baldphone/activities/media/SingleMediaActivity.java;file:/src/main/java/com/bald/uriah/baldphone/activities/media/SingleMediaActivity.java
MemberIgnoringMethod;DAAP;/Users/rar9993/repos/research/fdroid_apps/native_apps/BaldPhone/NONE_TRANSFORMED_;/src/main/java/com/bald/uriah/baldphone/activities/media/MediaScrollingActivity.java;file:/src/main/java/com/bald/uriah/baldphone/activities/media/MediaScrollingActivity.java
MemberIgnoringMethod;DAAP;/Users/rar9993/repos/research/fdroid_apps/native_apps/BaldPhone/NONE_TRANSFORMED_;/src/main/java/com/bald/uriah/baldphone/activities/media/SingleVideoActivity.java;file:/src/main/java/com/bald/uriah/baldphone/activities/media/SingleVideoActivity.java
MemberIgnoringMethod;DAAP;/Users/rar9993/repos/research/fdroid_apps/native_apps/BaldPhone/NONE_TRANSFORMED_;/src/main/java/com/bald/uriah/baldphone/views/BaldButtonInterface.java;file:/src/main/java/com/bald/uriah/baldphone/views/BaldButtonInterface.java
MemberIgnoringMethod;DAAP;/Users/rar9993/repos/research/fdroid_apps/native_apps/BaldPhone/NONE_TRANSFORMED_;/src/main/java/com/bald/uriah/baldphone/views/home/NotesView.java;file:/src/main/java/com/bald/uriah/baldphone/views/home/NotesView.java
MemberIgnoringMethod;DAAP;/Users/rar9993/repos/research/fdroid_apps/native_apps/BaldPhone/NONE_TRANSFORMED_;/src/main/java/com/bald/uriah/baldphone/views/home/HomePage1.java;file:/src/main/java/com/bald/uriah/baldphone/views/home/HomePage1.java
MemberIgnoringMethod;DAAP;/Users/rar9993/repos/research/fdroid_apps/native_apps/BaldPhone/NONE_TRANSFORMED_;/src/main/java/com/bald/uriah/baldphone/views/home/HomePage2.java;file:/src/main/java/com/bald/uriah/baldphone/views/home/HomePage2.java
MemberIgnoringMethod;DAAP;/Users/rar9993/repos/research/fdroid_apps/native_apps/BaldPhone/NONE_TRANSFORMED_;/src/main/java/com/bald/uriah/baldphone/views/home/HomeView.java;file:/src/main/java/com/bald/uriah/baldphone/views/home/HomeView.java
MemberIgnoringMethod;DAAP;/Users/rar9993/repos/research/fdroid_apps/native_apps/BaldPhone/NONE_TRANSFORMED_;/src/main/java/com/bald/uriah/baldphone/views/SquaredCircleImageView.java;file:/src/main/java/com/bald/uriah/baldphone/views/SquaredCircleImageView.java
MemberIgnoringMethod;DAAP;/Users/rar9993/repos/research/fdroid_apps/native_apps/BaldPhone/NONE_TRANSFORMED_;/src/main/java/com/bald/uriah/baldphone/views/BaldKeyboardView.java;file:/src/main/java/com/bald/uriah/baldphone/views/BaldKeyboardView.java
MemberIgnoringMethod;DAAP;/Users/rar9993/repos/research/fdroid_apps/native_apps/BaldPhone/NONE_TRANSFORMED_;/src/main/java/com/bald/uriah/baldphone/views/BaldMultipleSelection.java;file:/src/main/java/com/bald/uriah/baldphone/views/BaldMultipleSelection.java
MemberIgnoringMethod;DAAP;/Users/rar9993/repos/research/fdroid_apps/native_apps/BaldPhone/NONE_TRANSFORMED_;/src/main/java/com/bald/uriah/baldphone/views/BaldNumberChooser.java;file:/src/main/java/com/bald/uriah/baldphone/views/BaldNumberChooser.java
MemberIgnoringMethod;DAAP;/Users/rar9993/repos/research/fdroid_apps/native_apps/BaldPhone/NONE_TRANSFORMED_;/src/main/java/com/bald/uriah/baldphone/views/ViewPagerHolder.java;file:/src/main/java/com/bald/uriah/baldphone/views/ViewPagerHolder.java
MemberIgnoringMethod;DAAP;/Users/rar9993/repos/research/fdroid_apps/native_apps/BaldPhone/NONE_TRANSFORMED_;/src/main/java/com/bald/uriah/baldphone/views/BaldTitleBar.java;file:/src/main/java/com/bald/uriah/baldphone/views/BaldTitleBar.java
MemberIgnoringMethod;DAAP;/Users/rar9993/repos/research/fdroid_apps/native_apps/BaldPhone/NONE_TRANSFORMED_;/src/main/java/com/bald/uriah/baldphone/views/BaldSwitch.java;file:/src/main/java/com/bald/uriah/baldphone/views/BaldSwitch.java
MemberIgnoringMethod;DAAP;/Users/rar9993/repos/research/fdroid_apps/native_apps/BaldPhone/NONE_TRANSFORMED_;/src/main/java/com/bald/uriah/baldphone/views/NonSwipeableViewPager.java;file:/src/main/java/com/bald/uriah/baldphone/views/NonSwipeableViewPager.java
MemberIgnoringMethod;DAAP;/Users/rar9993/repos/research/fdroid_apps/native_apps/BaldPhone/NONE_TRANSFORMED_;/src/main/java/com/bald/uriah/baldphone/views/ModularRecyclerView.java;file:/src/main/java/com/bald/uriah/baldphone/views/ModularRecyclerView.java
MemberIgnoringMethod;DAAP;/Users/rar9993/repos/research/fdroid_apps/native_apps/BaldPhone/NONE_TRANSFORMED_;/src/main/java/com/bald/uriah/baldphone/services/NotificationListenerService.java;file:/src/main/java/com/bald/uriah/baldphone/services/NotificationListenerService.java
MemberIgnoringMethod;DAAP;/Users/rar9993/repos/research/fdroid_apps/native_apps/BaldPhone/NONE_TRANSFORMED_;/src/main/java/com/bald/uriah/baldphone/keyboard/NumberKeyboard.java;file:/src/main/java/com/bald/uriah/baldphone/keyboard/NumberKeyboard.java
MemberIgnoringMethod;DAAP;/Users/rar9993/repos/research/fdroid_apps/native_apps/BaldPhone/NONE_TRANSFORMED_;/src/main/java/com/bald/uriah/baldphone/keyboard/HebrewKeyboard.java;file:/src/main/java/com/bald/uriah/baldphone/keyboard/HebrewKeyboard.java
MemberIgnoringMethod;DAAP;/Users/rar9993/repos/research/fdroid_apps/native_apps/BaldPhone/NONE_TRANSFORMED_;/src/main/java/com/bald/uriah/baldphone/keyboard/BaldKeyboard.java;file:/src/main/java/com/bald/uriah/baldphone/keyboard/BaldKeyboard.java
MemberIgnoringMethod;DAAP;/Users/rar9993/repos/research/fdroid_apps/native_apps/BaldPhone/NONE_TRANSFORMED_;/src/main/java/com/bald/uriah/baldphone/keyboard/EnglishKeyboard.java;file:/src/main/java/com/bald/uriah/baldphone/keyboard/EnglishKeyboard.java
LeakingThread;DAAP;/Users/rar9993/repos/research/fdroid_apps/native_apps/BaldPhone/NONE_TRANSFORMED_;/src/main/java/com/bald/uriah/baldphone/fragments_and_dialogs/tutorial_fragments/TutorialFragment1.java;file:/src/main/java/com/bald/uriah/baldphone/fragments_and_dialogs/tutorial_fragments/TutorialFragment1.java
LeakingThread;DAAP;/Users/rar9993/repos/research/fdroid_apps/native_apps/BaldPhone/NONE_TRANSFORMED_;/src/main/java/com/bald/uriah/baldphone/utils/S.java;file:/src/main/java/com/bald/uriah/baldphone/utils/S.java
LeakingThread;DAAP;/Users/rar9993/repos/research/fdroid_apps/native_apps/BaldPhone/NONE_TRANSFORMED_;/src/main/java/com/bald/uriah/baldphone/utils/Animations.java;file:/src/main/java/com/bald/uriah/baldphone/utils/Animations.java
LeakingThread;DAAP;/Users/rar9993/repos/research/fdroid_apps/native_apps/BaldPhone/NONE_TRANSFORMED_;/src/main/java/com/bald/uriah/baldphone/activities/UpdatesActivity.java;file:/src/main/java/com/bald/uriah/baldphone/activities/UpdatesActivity.java
LeakingThread;DAAP;/Users/rar9993/repos/research/fdroid_apps/native_apps/BaldPhone/NONE_TRANSFORMED_;/src/main/java/com/bald/uriah/baldphone/keyboard/BaldKeyboard.java;file:/src/main/java/com/bald/uriah/baldphone/keyboard/BaldKeyboard.java
InternalGetterSetter;DAAP;/Users/rar9993/repos/research/fdroid_apps/native_apps/BaldPhone/NONE_TRANSFORMED_;/src/main/java/com/bald/uriah/baldphone/databases/contacts/Contact.java;file:/src/main/java/com/bald/uriah/baldphone/databases/contacts/Contact.java
InternalGetterSetter;DAAP;/Users/rar9993/repos/research/fdroid_apps/native_apps/BaldPhone/NONE_TRANSFORMED_;/src/main/java/com/bald/uriah/baldphone/databases/apps/App.java;file:/src/main/java/com/bald/uriah/baldphone/databases/apps/App.java
InternalGetterSetter;DAAP;/Users/rar9993/repos/research/fdroid_apps/native_apps/BaldPhone/NONE_TRANSFORMED_;/src/main/java/com/bald/uriah/baldphone/utils/BDB.java;file:/src/main/java/com/bald/uriah/baldphone/utils/BDB.java
InternalGetterSetter;DAAP;/Users/rar9993/repos/research/fdroid_apps/native_apps/BaldPhone/NONE_TRANSFORMED_;/src/main/java/com/bald/uriah/baldphone/utils/BaldToast.java;file:/src/main/java/com/bald/uriah/baldphone/utils/BaldToast.java
InternalGetterSetter;DAAP;/Users/rar9993/repos/research/fdroid_apps/native_apps/BaldPhone/NONE_TRANSFORMED_;/src/main/java/com/bald/uriah/baldphone/adapters/AppsRecyclerViewAdapter.java;file:/src/main/java/com/bald/uriah/baldphone/adapters/AppsRecyclerViewAdapter.java
InternalGetterSetter;DAAP;/Users/rar9993/repos/research/fdroid_apps/native_apps/BaldPhone/NONE_TRANSFORMED_;/src/main/java/com/bald/uriah/baldphone/activities/alarms/AlarmScreenActivity.java;file:/src/main/java/com/bald/uriah/baldphone/activities/alarms/AlarmScreenActivity.java
InternalGetterSetter;DAAP;/Users/rar9993/repos/research/fdroid_apps/native_apps/BaldPhone/NONE_TRANSFORMED_;/src/main/java/com/bald/uriah/baldphone/activities/DialerActivity.java;file:/src/main/java/com/bald/uriah/baldphone/activities/DialerActivity.java
InternalGetterSetter;DAAP;/Users/rar9993/repos/research/fdroid_apps/native_apps/BaldPhone/NONE_TRANSFORMED_;/src/main/java/com/bald/uriah/baldphone/views/BaldMultipleSelection.java;file:/src/main/java/com/bald/uriah/baldphone/views/BaldMultipleSelection.java
InternalGetterSetter;DAAP;/Users/rar9993/repos/research/fdroid_apps/native_apps/BaldPhone/NONE_TRANSFORMED_;/src/main/java/com/bald/uriah/baldphone/views/BaldSwitch.java;file:/src/main/java/com/bald/uriah/baldphone/views/BaldSwitch.java
SlowForLoop;DAAP;/Users/rar9993/repos/research/fdroid_apps/native_apps/BaldPhone/NONE_TRANSFORMED_;/src/main/java/com/bald/uriah/baldphone/databases/alarms/AlarmScheduler.java;file:/src/main/java/com/bald/uriah/baldphone/databases/alarms/AlarmScheduler.java
SlowForLoop;DAAP;/Users/rar9993/repos/research/fdroid_apps/native_apps/BaldPhone/NONE_TRANSFORMED_;/src/main/java/com/bald/uriah/baldphone/databases/apps/AppsDatabaseHelper.java;file:/src/main/java/com/bald/uriah/baldphone/databases/apps/AppsDatabaseHelper.java
SlowForLoop;DAAP;/Users/rar9993/repos/research/fdroid_apps/native_apps/BaldPhone/NONE_TRANSFORMED_;/src/main/java/com/bald/uriah/baldphone/databases/reminders/ReminderScheduler.java;file:/src/main/java/com/bald/uriah/baldphone/databases/reminders/ReminderScheduler.java
SlowForLoop;DAAP;/Users/rar9993/repos/research/fdroid_apps/native_apps/BaldPhone/NONE_TRANSFORMED_;/src/main/java/com/bald/uriah/baldphone/fragments_and_dialogs/tutorial_fragments/TutorialFragment2.java;file:/src/main/java/com/bald/uriah/baldphone/fragments_and_dialogs/tutorial_fragments/TutorialFragment2.java
SlowForLoop;DAAP;/Users/rar9993/repos/research/fdroid_apps/native_apps/BaldPhone/NONE_TRANSFORMED_;/src/main/java/com/bald/uriah/baldphone/utils/BaldGridItemDecoration.java;file:/src/main/java/com/bald/uriah/baldphone/utils/BaldGridItemDecoration.java
SlowForLoop;DAAP;/Users/rar9993/repos/research/fdroid_apps/native_apps/BaldPhone/NONE_TRANSFORMED_;/src/main/java/com/bald/uriah/baldphone/utils/S.java;file:/src/main/java/com/bald/uriah/baldphone/utils/S.java
SlowForLoop;DAAP;/Users/rar9993/repos/research/fdroid_apps/native_apps/BaldPhone/NONE_TRANSFORMED_;/src/main/java/com/bald/uriah/baldphone/utils/BDB.java;file:/src/main/java/com/bald/uriah/baldphone/utils/BDB.java
SlowForLoop;DAAP;/Users/rar9993/repos/research/fdroid_apps/native_apps/BaldPhone/NONE_TRANSFORMED_;/src/main/java/com/bald/uriah/baldphone/adapters/AppsRecyclerViewAdapter.java;file:/src/main/java/com/bald/uriah/baldphone/adapters/AppsRecyclerViewAdapter.java
SlowForLoop;DAAP;/Users/rar9993/repos/research/fdroid_apps/native_apps/BaldPhone/NONE_TRANSFORMED_;/src/main/java/com/bald/uriah/baldphone/adapters/NotificationRecyclerViewAdapter.java;file:/src/main/java/com/bald/uriah/baldphone/adapters/NotificationRecyclerViewAdapter.java
SlowForLoop;DAAP;/Users/rar9993/repos/research/fdroid_apps/native_apps/BaldPhone/NONE_TRANSFORMED_;/src/main/java/com/bald/uriah/baldphone/adapters/ContactRecyclerViewAdapter.java;file:/src/main/java/com/bald/uriah/baldphone/adapters/ContactRecyclerViewAdapter.java
SlowForLoop;DAAP;/Users/rar9993/repos/research/fdroid_apps/native_apps/BaldPhone/NONE_TRANSFORMED_;/src/main/java/com/bald/uriah/baldphone/activities/SOSActivity.java;file:/src/main/java/com/bald/uriah/baldphone/activities/SOSActivity.java
SlowForLoop;DAAP;/Users/rar9993/repos/research/fdroid_apps/native_apps/BaldPhone/NONE_TRANSFORMED_;/src/main/java/com/bald/uriah/baldphone/activities/HomeScreenActivity.java;file:/src/main/java/com/bald/uriah/baldphone/activities/HomeScreenActivity.java
SlowForLoop;DAAP;/Users/rar9993/repos/research/fdroid_apps/native_apps/BaldPhone/NONE_TRANSFORMED_;/src/main/java/com/bald/uriah/baldphone/activities/FontChangerActivity.java;file:/src/main/java/com/bald/uriah/baldphone/activities/FontChangerActivity.java
SlowForLoop;DAAP;/Users/rar9993/repos/research/fdroid_apps/native_apps/BaldPhone/NONE_TRANSFORMED_;/src/main/java/com/bald/uriah/baldphone/activities/alarms/AddAlarmActivity.java;file:/src/main/java/com/bald/uriah/baldphone/activities/alarms/AddAlarmActivity.java
SlowForLoop;DAAP;/Users/rar9993/repos/research/fdroid_apps/native_apps/BaldPhone/NONE_TRANSFORMED_;/src/main/java/com/bald/uriah/baldphone/activities/DialerActivity.java;file:/src/main/java/com/bald/uriah/baldphone/activities/DialerActivity.java
SlowForLoop;DAAP;/Users/rar9993/repos/research/fdroid_apps/native_apps/BaldPhone/NONE_TRANSFORMED_;/src/main/java/com/bald/uriah/baldphone/activities/contacts/SingleContactActivity.java;file:/src/main/java/com/bald/uriah/baldphone/activities/contacts/SingleContactActivity.java
SlowForLoop;DAAP;/Users/rar9993/repos/research/fdroid_apps/native_apps/BaldPhone/NONE_TRANSFORMED_;/src/main/java/com/bald/uriah/baldphone/activities/pills/AddPillActivity.java;file:/src/main/java/com/bald/uriah/baldphone/activities/pills/AddPillActivity.java
SlowForLoop;DAAP;/Users/rar9993/repos/research/fdroid_apps/native_apps/BaldPhone/NONE_TRANSFORMED_;/src/main/java/com/bald/uriah/baldphone/activities/YoutubeActivity.java;file:/src/main/java/com/bald/uriah/baldphone/activities/YoutubeActivity.java
SlowForLoop;DAAP;/Users/rar9993/repos/research/fdroid_apps/native_apps/BaldPhone/NONE_TRANSFORMED_;/src/main/java/com/bald/uriah/baldphone/activities/TechnicalInfoActivity.java;file:/src/main/java/com/bald/uriah/baldphone/activities/TechnicalInfoActivity.java
SlowForLoop;DAAP;/Users/rar9993/repos/research/fdroid_apps/native_apps/BaldPhone/NONE_TRANSFORMED_;/src/main/java/com/bald/uriah/baldphone/activities/media/SingleVideoActivity.java;file:/src/main/java/com/bald/uriah/baldphone/activities/media/SingleVideoActivity.java
SlowForLoop;DAAP;/Users/rar9993/repos/research/fdroid_apps/native_apps/BaldPhone/NONE_TRANSFORMED_;/src/main/java/com/bald/uriah/baldphone/views/home/HomeViewFactory.java;file:/src/main/java/com/bald/uriah/baldphone/views/home/HomeViewFactory.java
SlowForLoop;DAAP;/Users/rar9993/repos/research/fdroid_apps/native_apps/BaldPhone/NONE_TRANSFORMED_;/src/main/java/com/bald/uriah/baldphone/services/NotificationListenerService.java;file:/src/main/java/com/bald/uriah/baldphone/services/NotificationListenerService.java
SlowForLoop;DAAP;/Users/rar9993/repos/research/fdroid_apps/native_apps/BaldPhone/NONE_TRANSFORMED_;/src/main/java/com/bald/uriah/baldphone/keyboard/BaldKeyboard.java;file:/src/main/java/com/bald/uriah/baldphone/keyboard/BaldKeyboard.java
SlowForLoop;DAAP;/Users/rar9993/repos/research/fdroid_apps/native_apps/BaldPhone/NONE_TRANSFORMED_;/src/main/java/com/bald/uriah/baldphone/keyboard/EnglishKeyboard.java;file:/src/main/java/com/bald/uriah/baldphone/keyboard/EnglishKeyboard.java
NoLowMemoryResolver;DAAP;/Users/rar9993/repos/research/fdroid_apps/native_apps/BaldPhone/NONE_TRANSFORMED_;/src/main/java/com/bald/uriah/baldphone/activities/AppsActivity.java;file:/src/main/java/com/bald/uriah/baldphone/activities/AppsActivity.java
NoLowMemoryResolver;DAAP;/Users/rar9993/repos/research/fdroid_apps/native_apps/BaldPhone/NONE_TRANSFORMED_;/src/main/java/com/bald/uriah/baldphone/activities/FakeLauncherActivity.java;file:/src/main/java/com/bald/uriah/baldphone/activities/FakeLauncherActivity.java
NoLowMemoryResolver;DAAP;/Users/rar9993/repos/research/fdroid_apps/native_apps/BaldPhone/NONE_TRANSFORMED_;/src/main/java/com/bald/uriah/baldphone/activities/PhoneActivity.java;file:/src/main/java/com/bald/uriah/baldphone/activities/PhoneActivity.java
NoLowMemoryResolver;DAAP;/Users/rar9993/repos/research/fdroid_apps/native_apps/BaldPhone/NONE_TRANSFORMED_;/src/main/java/com/bald/uriah/baldphone/activities/Page1EditorActivity.java;file:/src/main/java/com/bald/uriah/baldphone/activities/Page1EditorActivity.java
NoLowMemoryResolver;DAAP;/Users/rar9993/repos/research/fdroid_apps/native_apps/BaldPhone/NONE_TRANSFORMED_;/src/main/java/com/bald/uriah/baldphone/activities/CrashActivity.java;file:/src/main/java/com/bald/uriah/baldphone/activities/CrashActivity.java
NoLowMemoryResolver;DAAP;/Users/rar9993/repos/research/fdroid_apps/native_apps/BaldPhone/NONE_TRANSFORMED_;/src/main/java/com/bald/uriah/baldphone/activities/SOSActivity.java;file:/src/main/java/com/bald/uriah/baldphone/activities/SOSActivity.java
NoLowMemoryResolver;DAAP;/Users/rar9993/repos/research/fdroid_apps/native_apps/BaldPhone/NONE_TRANSFORMED_;/src/main/java/com/bald/uriah/baldphone/activities/HomeScreenActivity.java;file:/src/main/java/com/bald/uriah/baldphone/activities/HomeScreenActivity.java
NoLowMemoryResolver;DAAP;/Users/rar9993/repos/research/fdroid_apps/native_apps/BaldPhone/NONE_TRANSFORMED_;/src/main/java/com/bald/uriah/baldphone/activities/RecentActivity.java;file:/src/main/java/com/bald/uriah/baldphone/activities/RecentActivity.java
NoLowMemoryResolver;DAAP;/Users/rar9993/repos/research/fdroid_apps/native_apps/BaldPhone/NONE_TRANSFORMED_;/src/main/java/com/bald/uriah/baldphone/activities/KeyboardChangerActivity.java;file:/src/main/java/com/bald/uriah/baldphone/activities/KeyboardChangerActivity.java
NoLowMemoryResolver;DAAP;/Users/rar9993/repos/research/fdroid_apps/native_apps/BaldPhone/NONE_TRANSFORMED_;/src/main/java/com/bald/uriah/baldphone/activities/FontChangerActivity.java;file:/src/main/java/com/bald/uriah/baldphone/activities/FontChangerActivity.java
NoLowMemoryResolver;DAAP;/Users/rar9993/repos/research/fdroid_apps/native_apps/BaldPhone/NONE_TRANSFORMED_;/src/main/java/com/bald/uriah/baldphone/activities/alarms/AddTimerActivity.java;file:/src/main/java/com/bald/uriah/baldphone/activities/alarms/AddTimerActivity.java
NoLowMemoryResolver;DAAP;/Users/rar9993/repos/research/fdroid_apps/native_apps/BaldPhone/NONE_TRANSFORMED_;/src/main/java/com/bald/uriah/baldphone/activities/alarms/AddAlarmActivity.java;file:/src/main/java/com/bald/uriah/baldphone/activities/alarms/AddAlarmActivity.java
NoLowMemoryResolver;DAAP;/Users/rar9993/repos/research/fdroid_apps/native_apps/BaldPhone/NONE_TRANSFORMED_;/src/main/java/com/bald/uriah/baldphone/activities/alarms/AlarmsActivity.java;file:/src/main/java/com/bald/uriah/baldphone/activities/alarms/AlarmsActivity.java
NoLowMemoryResolver;DAAP;/Users/rar9993/repos/research/fdroid_apps/native_apps/BaldPhone/NONE_TRANSFORMED_;/src/main/java/com/bald/uriah/baldphone/activities/alarms/AlarmScreenActivity.java;file:/src/main/java/com/bald/uriah/baldphone/activities/alarms/AlarmScreenActivity.java
NoLowMemoryResolver;DAAP;/Users/rar9993/repos/research/fdroid_apps/native_apps/BaldPhone/NONE_TRANSFORMED_;/src/main/java/com/bald/uriah/baldphone/activities/DialerActivity.java;file:/src/main/java/com/bald/uriah/baldphone/activities/DialerActivity.java
NoLowMemoryResolver;DAAP;/Users/rar9993/repos/research/fdroid_apps/native_apps/BaldPhone/NONE_TRANSFORMED_;/src/main/java/com/bald/uriah/baldphone/activities/contacts/AddContactActivity.java;file:/src/main/java/com/bald/uriah/baldphone/activities/contacts/AddContactActivity.java
NoLowMemoryResolver;DAAP;/Users/rar9993/repos/research/fdroid_apps/native_apps/BaldPhone/NONE_TRANSFORMED_;/src/main/java/com/bald/uriah/baldphone/activities/contacts/SingleContactActivity.java;file:/src/main/java/com/bald/uriah/baldphone/activities/contacts/SingleContactActivity.java
NoLowMemoryResolver;DAAP;/Users/rar9993/repos/research/fdroid_apps/native_apps/BaldPhone/NONE_TRANSFORMED_;/src/main/java/com/bald/uriah/baldphone/activities/contacts/BaseContactsActivity.java;file:/src/main/java/com/bald/uriah/baldphone/activities/contacts/BaseContactsActivity.java
NoLowMemoryResolver;DAAP;/Users/rar9993/repos/research/fdroid_apps/native_apps/BaldPhone/NONE_TRANSFORMED_;/src/main/java/com/bald/uriah/baldphone/activities/contacts/ShareActivity.java;file:/src/main/java/com/bald/uriah/baldphone/activities/contacts/ShareActivity.java
NoLowMemoryResolver;DAAP;/Users/rar9993/repos/research/fdroid_apps/native_apps/BaldPhone/NONE_TRANSFORMED_;/src/main/java/com/bald/uriah/baldphone/activities/contacts/ContactsActivity.java;file:/src/main/java/com/bald/uriah/baldphone/activities/contacts/ContactsActivity.java
NoLowMemoryResolver;DAAP;/Users/rar9993/repos/research/fdroid_apps/native_apps/BaldPhone/NONE_TRANSFORMED_;/src/main/java/com/bald/uriah/baldphone/activities/CreditsActivity.java;file:/src/main/java/com/bald/uriah/baldphone/activities/CreditsActivity.java
NoLowMemoryResolver;DAAP;/Users/rar9993/repos/research/fdroid_apps/native_apps/BaldPhone/NONE_TRANSFORMED_;/src/main/java/com/bald/uriah/baldphone/activities/VideoTutorialsActivity.java;file:/src/main/java/com/bald/uriah/baldphone/activities/VideoTutorialsActivity.java
NoLowMemoryResolver;DAAP;/Users/rar9993/repos/research/fdroid_apps/native_apps/BaldPhone/NONE_TRANSFORMED_;/src/main/java/com/bald/uriah/baldphone/activities/NotificationsActivity.java;file:/src/main/java/com/bald/uriah/baldphone/activities/NotificationsActivity.java
NoLowMemoryResolver;DAAP;/Users/rar9993/repos/research/fdroid_apps/native_apps/BaldPhone/NONE_TRANSFORMED_;/src/main/java/com/bald/uriah/baldphone/activities/TimedBaldActivity.java;file:/src/main/java/com/bald/uriah/baldphone/activities/TimedBaldActivity.java
NoLowMemoryResolver;DAAP;/Users/rar9993/repos/research/fdroid_apps/native_apps/BaldPhone/NONE_TRANSFORMED_;/src/main/java/com/bald/uriah/baldphone/activities/UpdatesActivity.java;file:/src/main/java/com/bald/uriah/baldphone/activities/UpdatesActivity.java
NoLowMemoryResolver;DAAP;/Users/rar9993/repos/research/fdroid_apps/native_apps/BaldPhone/NONE_TRANSFORMED_;/src/main/java/com/bald/uriah/baldphone/activities/pills/AddPillActivity.java;file:/src/main/java/com/bald/uriah/baldphone/activities/pills/AddPillActivity.java
NoLowMemoryResolver;DAAP;/Users/rar9993/repos/research/fdroid_apps/native_apps/BaldPhone/NONE_TRANSFORMED_;/src/main/java/com/bald/uriah/baldphone/activities/pills/PillTimeSetterActivity.java;file:/src/main/java/com/bald/uriah/baldphone/activities/pills/PillTimeSetterActivity.java
NoLowMemoryResolver;DAAP;/Users/rar9993/repos/research/fdroid_apps/native_apps/BaldPhone/NONE_TRANSFORMED_;/src/main/java/com/bald/uriah/baldphone/activities/pills/PillsActivity.java;file:/src/main/java/com/bald/uriah/baldphone/activities/pills/PillsActivity.java
NoLowMemoryResolver;DAAP;/Users/rar9993/repos/research/fdroid_apps/native_apps/BaldPhone/NONE_TRANSFORMED_;/src/main/java/com/bald/uriah/baldphone/activities/pills/PillScreenActivity.java;file:/src/main/java/com/bald/uriah/baldphone/activities/pills/PillScreenActivity.java
NoLowMemoryResolver;DAAP;/Users/rar9993/repos/research/fdroid_apps/native_apps/BaldPhone/NONE_TRANSFORMED_;/src/main/java/com/bald/uriah/baldphone/activities/YoutubeActivity.java;file:/src/main/java/com/bald/uriah/baldphone/activities/YoutubeActivity.java
NoLowMemoryResolver;DAAP;/Users/rar9993/repos/research/fdroid_apps/native_apps/BaldPhone/NONE_TRANSFORMED_;/src/main/java/com/bald/uriah/baldphone/activities/PermissionActivity.java;file:/src/main/java/com/bald/uriah/baldphone/activities/PermissionActivity.java
NoLowMemoryResolver;DAAP;/Users/rar9993/repos/research/fdroid_apps/native_apps/BaldPhone/NONE_TRANSFORMED_;/src/main/java/com/bald/uriah/baldphone/activities/TutorialActivity.java;file:/src/main/java/com/bald/uriah/baldphone/activities/TutorialActivity.java
NoLowMemoryResolver;DAAP;/Users/rar9993/repos/research/fdroid_apps/native_apps/BaldPhone/NONE_TRANSFORMED_;/src/main/java/com/bald/uriah/baldphone/activities/FeedbackActivity.java;file:/src/main/java/com/bald/uriah/baldphone/activities/FeedbackActivity.java
NoLowMemoryResolver;DAAP;/Users/rar9993/repos/research/fdroid_apps/native_apps/BaldPhone/NONE_TRANSFORMED_;/src/main/java/com/bald/uriah/baldphone/activities/BaldActivity.java;file:/src/main/java/com/bald/uriah/baldphone/activities/BaldActivity.java
NoLowMemoryResolver;DAAP;/Users/rar9993/repos/research/fdroid_apps/native_apps/BaldPhone/NONE_TRANSFORMED_;/src/main/java/com/bald/uriah/baldphone/activities/TechnicalInfoActivity.java;file:/src/main/java/com/bald/uriah/baldphone/activities/TechnicalInfoActivity.java
NoLowMemoryResolver;DAAP;/Users/rar9993/repos/research/fdroid_apps/native_apps/BaldPhone/NONE_TRANSFORMED_;/src/main/java/com/bald/uriah/baldphone/activities/SettingsActivity.java;file:/src/main/java/com/bald/uriah/baldphone/activities/SettingsActivity.java
NoLowMemoryResolver;DAAP;/Users/rar9993/repos/research/fdroid_apps/native_apps/BaldPhone/NONE_TRANSFORMED_;/src/main/java/com/bald/uriah/baldphone/activities/AccessibilityLevelChangerActivity.java;file:/src/main/java/com/bald/uriah/baldphone/activities/AccessibilityLevelChangerActivity.java
NoLowMemoryResolver;DAAP;/Users/rar9993/repos/research/fdroid_apps/native_apps/BaldPhone/NONE_TRANSFORMED_;/src/main/java/com/bald/uriah/baldphone/activities/media/PhotosActivity.java;file:/src/main/java/com/bald/uriah/baldphone/activities/media/PhotosActivity.java
NoLowMemoryResolver;DAAP;/Users/rar9993/repos/research/fdroid_apps/native_apps/BaldPhone/NONE_TRANSFORMED_;/src/main/java/com/bald/uriah/baldphone/activities/media/VideosActivity.java;file:/src/main/java/com/bald/uriah/baldphone/activities/media/VideosActivity.java
NoLowMemoryResolver;DAAP;/Users/rar9993/repos/research/fdroid_apps/native_apps/BaldPhone/NONE_TRANSFORMED_;/src/main/java/com/bald/uriah/baldphone/activities/media/SinglePhotoActivity.java;file:/src/main/java/com/bald/uriah/baldphone/activities/media/SinglePhotoActivity.java
NoLowMemoryResolver;DAAP;/Users/rar9993/repos/research/fdroid_apps/native_apps/BaldPhone/NONE_TRANSFORMED_;/src/main/java/com/bald/uriah/baldphone/activities/media/SingleMediaActivity.java;file:/src/main/java/com/bald/uriah/baldphone/activities/media/SingleMediaActivity.java
NoLowMemoryResolver;DAAP;/Users/rar9993/repos/research/fdroid_apps/native_apps/BaldPhone/NONE_TRANSFORMED_;/src/main/java/com/bald/uriah/baldphone/activities/media/MediaScrollingActivity.java;file:/src/main/java/com/bald/uriah/baldphone/activities/media/MediaScrollingActivity.java
NoLowMemoryResolver;DAAP;/Users/rar9993/repos/research/fdroid_apps/native_apps/BaldPhone/NONE_TRANSFORMED_;/src/main/java/com/bald/uriah/baldphone/activities/media/SingleVideoActivity.java;file:/src/main/java/com/bald/uriah/baldphone/activities/media/SingleVideoActivity.java
WakeLock;DAAP;/Users/rar9993/repos/research/fdroid_apps/native_apps/BaldPhone/NONE_TRANSFORMED_;/src/main/java/com/bald/uriah/baldphone/activities/media/SingleMediaActivity.java;file:/src/main/java/com/bald/uriah/baldphone/activities/media/SingleMediaActivity.java
CollectionOfViews;DAAP;/Users/rar9993/repos/research/fdroid_apps/native_apps/BaldPhone/NONE_TRANSFORMED_;/src/main/java/com/bald/uriah/baldphone/adapters/AppsRecyclerViewAdapter.java;file:/src/main/java/com/bald/uriah/baldphone/adapters/AppsRecyclerViewAdapter.java
CollectionOfViews;DAAP;/Users/rar9993/repos/research/fdroid_apps/native_apps/BaldPhone/NONE_TRANSFORMED_;/src/main/java/com/bald/uriah/baldphone/views/BaldButton.java;file:/src/main/java/com/bald/uriah/baldphone/views/BaldButton.java
CollectionOfViews;DAAP;/Users/rar9993/repos/research/fdroid_apps/native_apps/BaldPhone/NONE_TRANSFORMED_;/src/main/java/com/bald/uriah/baldphone/views/BaldMultipleSelection.java;file:/src/main/java/com/bald/uriah/baldphone/views/BaldMultipleSelection.java
CollectionOfViews;DAAP;/Users/rar9993/repos/research/fdroid_apps/native_apps/BaldPhone/NONE_TRANSFORMED_;/src/main/java/com/bald/uriah/baldphone/views/BaldConstraintLayoutButton.java;file:/src/main/java/com/bald/uriah/baldphone/views/BaldConstraintLayoutButton.java
CollectionOfViews;DAAP;/Users/rar9993/repos/research/fdroid_apps/native_apps/BaldPhone/NONE_TRANSFORMED_;/src/main/java/com/bald/uriah/baldphone/views/BaldImageButton.java;file:/src/main/java/com/bald/uriah/baldphone/views/BaldImageButton.java
CollectionOfViews;DAAP;/Users/rar9993/repos/research/fdroid_apps/native_apps/BaldPhone/NONE_TRANSFORMED_;/src/main/java/com/bald/uriah/baldphone/views/BaldFrameLayoutButton.java;file:/src/main/java/com/bald/uriah/baldphone/views/BaldFrameLayoutButton.java
CollectionOfViews;DAAP;/Users/rar9993/repos/research/fdroid_apps/native_apps/BaldPhone/NONE_TRANSFORMED_;/src/main/java/com/bald/uriah/baldphone/views/BaldLinearLayoutButton.java;file:/src/main/java/com/bald/uriah/baldphone/views/BaldLinearLayoutButton.java
DroppedData;DAAP;/Users/rar9993/repos/research/fdroid_apps/native_apps/BaldPhone/NONE_TRANSFORMED_;/src/main/java/com/bald/uriah/baldphone/fragments_and_dialogs/tutorial_fragments/TutorialFragment1.java;file:/src/main/java/com/bald/uriah/baldphone/fragments_and_dialogs/tutorial_fragments/TutorialFragment1.java
DroppedData;DAAP;/Users/rar9993/repos/research/fdroid_apps/native_apps/BaldPhone/NONE_TRANSFORMED_;/src/main/java/com/bald/uriah/baldphone/fragments_and_dialogs/tutorial_fragments/TutorialFragment.java;file:/src/main/java/com/bald/uriah/baldphone/fragments_and_dialogs/tutorial_fragments/TutorialFragment.java
DroppedData;DAAP;/Users/rar9993/repos/research/fdroid_apps/native_apps/BaldPhone/NONE_TRANSFORMED_;/src/main/java/com/bald/uriah/baldphone/fragments_and_dialogs/tutorial_fragments/TutorialFragment4.java;file:/src/main/java/com/bald/uriah/baldphone/fragments_and_dialogs/tutorial_fragments/TutorialFragment4.java
DroppedData;DAAP;/Users/rar9993/repos/research/fdroid_apps/native_apps/BaldPhone/NONE_TRANSFORMED_;/src/main/java/com/bald/uriah/baldphone/fragments_and_dialogs/tutorial_fragments/TutorialFragment3.java;file:/src/main/java/com/bald/uriah/baldphone/fragments_and_dialogs/tutorial_fragments/TutorialFragment3.java
DroppedData;DAAP;/Users/rar9993/repos/research/fdroid_apps/native_apps/BaldPhone/NONE_TRANSFORMED_;/src/main/java/com/bald/uriah/baldphone/fragments_and_dialogs/tutorial_fragments/TutorialFragment2.java;file:/src/main/java/com/bald/uriah/baldphone/fragments_and_dialogs/tutorial_fragments/TutorialFragment2.java
DroppedData;DAAP;/Users/rar9993/repos/research/fdroid_apps/native_apps/BaldPhone/NONE_TRANSFORMED_;/src/main/java/com/bald/uriah/baldphone/activities/FakeLauncherActivity.java;file:/src/main/java/com/bald/uriah/baldphone/activities/FakeLauncherActivity.java
DroppedData;DAAP;/Users/rar9993/repos/research/fdroid_apps/native_apps/BaldPhone/NONE_TRANSFORMED_;/src/main/java/com/bald/uriah/baldphone/activities/PhoneActivity.java;file:/src/main/java/com/bald/uriah/baldphone/activities/PhoneActivity.java
DroppedData;DAAP;/Users/rar9993/repos/research/fdroid_apps/native_apps/BaldPhone/NONE_TRANSFORMED_;/src/main/java/com/bald/uriah/baldphone/activities/Page1EditorActivity.java;file:/src/main/java/com/bald/uriah/baldphone/activities/Page1EditorActivity.java
DroppedData;DAAP;/Users/rar9993/repos/research/fdroid_apps/native_apps/BaldPhone/NONE_TRANSFORMED_;/src/main/java/com/bald/uriah/baldphone/activities/CrashActivity.java;file:/src/main/java/com/bald/uriah/baldphone/activities/CrashActivity.java
DroppedData;DAAP;/Users/rar9993/repos/research/fdroid_apps/native_apps/BaldPhone/NONE_TRANSFORMED_;/src/main/java/com/bald/uriah/baldphone/activities/SOSActivity.java;file:/src/main/java/com/bald/uriah/baldphone/activities/SOSActivity.java
DroppedData;DAAP;/Users/rar9993/repos/research/fdroid_apps/native_apps/BaldPhone/NONE_TRANSFORMED_;/src/main/java/com/bald/uriah/baldphone/activities/HomeScreenActivity.java;file:/src/main/java/com/bald/uriah/baldphone/activities/HomeScreenActivity.java
DroppedData;DAAP;/Users/rar9993/repos/research/fdroid_apps/native_apps/BaldPhone/NONE_TRANSFORMED_;/src/main/java/com/bald/uriah/baldphone/activities/RecentActivity.java;file:/src/main/java/com/bald/uriah/baldphone/activities/RecentActivity.java
DroppedData;DAAP;/Users/rar9993/repos/research/fdroid_apps/native_apps/BaldPhone/NONE_TRANSFORMED_;/src/main/java/com/bald/uriah/baldphone/activities/KeyboardChangerActivity.java;file:/src/main/java/com/bald/uriah/baldphone/activities/KeyboardChangerActivity.java
DroppedData;DAAP;/Users/rar9993/repos/research/fdroid_apps/native_apps/BaldPhone/NONE_TRANSFORMED_;/src/main/java/com/bald/uriah/baldphone/activities/FontChangerActivity.java;file:/src/main/java/com/bald/uriah/baldphone/activities/FontChangerActivity.java
DroppedData;DAAP;/Users/rar9993/repos/research/fdroid_apps/native_apps/BaldPhone/NONE_TRANSFORMED_;/src/main/java/com/bald/uriah/baldphone/activities/alarms/AddTimerActivity.java;file:/src/main/java/com/bald/uriah/baldphone/activities/alarms/AddTimerActivity.java
DroppedData;DAAP;/Users/rar9993/repos/research/fdroid_apps/native_apps/BaldPhone/NONE_TRANSFORMED_;/src/main/java/com/bald/uriah/baldphone/activities/alarms/AddAlarmActivity.java;file:/src/main/java/com/bald/uriah/baldphone/activities/alarms/AddAlarmActivity.java
DroppedData;DAAP;/Users/rar9993/repos/research/fdroid_apps/native_apps/BaldPhone/NONE_TRANSFORMED_;/src/main/java/com/bald/uriah/baldphone/activities/alarms/AlarmsActivity.java;file:/src/main/java/com/bald/uriah/baldphone/activities/alarms/AlarmsActivity.java
DroppedData;DAAP;/Users/rar9993/repos/research/fdroid_apps/native_apps/BaldPhone/NONE_TRANSFORMED_;/src/main/java/com/bald/uriah/baldphone/activities/alarms/AlarmScreenActivity.java;file:/src/main/java/com/bald/uriah/baldphone/activities/alarms/AlarmScreenActivity.java
DroppedData;DAAP;/Users/rar9993/repos/research/fdroid_apps/native_apps/BaldPhone/NONE_TRANSFORMED_;/src/main/java/com/bald/uriah/baldphone/activities/contacts/AddContactActivity.java;file:/src/main/java/com/bald/uriah/baldphone/activities/contacts/AddContactActivity.java
DroppedData;DAAP;/Users/rar9993/repos/research/fdroid_apps/native_apps/BaldPhone/NONE_TRANSFORMED_;/src/main/java/com/bald/uriah/baldphone/activities/contacts/SingleContactActivity.java;file:/src/main/java/com/bald/uriah/baldphone/activities/contacts/SingleContactActivity.java
DroppedData;DAAP;/Users/rar9993/repos/research/fdroid_apps/native_apps/BaldPhone/NONE_TRANSFORMED_;/src/main/java/com/bald/uriah/baldphone/activities/contacts/ShareActivity.java;file:/src/main/java/com/bald/uriah/baldphone/activities/contacts/ShareActivity.java
DroppedData;DAAP;/Users/rar9993/repos/research/fdroid_apps/native_apps/BaldPhone/NONE_TRANSFORMED_;/src/main/java/com/bald/uriah/baldphone/activities/contacts/ContactsActivity.java;file:/src/main/java/com/bald/uriah/baldphone/activities/contacts/ContactsActivity.java
DroppedData;DAAP;/Users/rar9993/repos/research/fdroid_apps/native_apps/BaldPhone/NONE_TRANSFORMED_;/src/main/java/com/bald/uriah/baldphone/activities/CreditsActivity.java;file:/src/main/java/com/bald/uriah/baldphone/activities/CreditsActivity.java
DroppedData;DAAP;/Users/rar9993/repos/research/fdroid_apps/native_apps/BaldPhone/NONE_TRANSFORMED_;/src/main/java/com/bald/uriah/baldphone/activities/VideoTutorialsActivity.java;file:/src/main/java/com/bald/uriah/baldphone/activities/VideoTutorialsActivity.java
DroppedData;DAAP;/Users/rar9993/repos/research/fdroid_apps/native_apps/BaldPhone/NONE_TRANSFORMED_;/src/main/java/com/bald/uriah/baldphone/activities/NotificationsActivity.java;file:/src/main/java/com/bald/uriah/baldphone/activities/NotificationsActivity.java
DroppedData;DAAP;/Users/rar9993/repos/research/fdroid_apps/native_apps/BaldPhone/NONE_TRANSFORMED_;/src/main/java/com/bald/uriah/baldphone/activities/TimedBaldActivity.java;file:/src/main/java/com/bald/uriah/baldphone/activities/TimedBaldActivity.java
DroppedData;DAAP;/Users/rar9993/repos/research/fdroid_apps/native_apps/BaldPhone/NONE_TRANSFORMED_;/src/main/java/com/bald/uriah/baldphone/activities/UpdatesActivity.java;file:/src/main/java/com/bald/uriah/baldphone/activities/UpdatesActivity.java
DroppedData;DAAP;/Users/rar9993/repos/research/fdroid_apps/native_apps/BaldPhone/NONE_TRANSFORMED_;/src/main/java/com/bald/uriah/baldphone/activities/pills/AddPillActivity.java;file:/src/main/java/com/bald/uriah/baldphone/activities/pills/AddPillActivity.java
DroppedData;DAAP;/Users/rar9993/repos/research/fdroid_apps/native_apps/BaldPhone/NONE_TRANSFORMED_;/src/main/java/com/bald/uriah/baldphone/activities/pills/PillTimeSetterActivity.java;file:/src/main/java/com/bald/uriah/baldphone/activities/pills/PillTimeSetterActivity.java
DroppedData;DAAP;/Users/rar9993/repos/research/fdroid_apps/native_apps/BaldPhone/NONE_TRANSFORMED_;/src/main/java/com/bald/uriah/baldphone/activities/pills/PillsActivity.java;file:/src/main/java/com/bald/uriah/baldphone/activities/pills/PillsActivity.java
DroppedData;DAAP;/Users/rar9993/repos/research/fdroid_apps/native_apps/BaldPhone/NONE_TRANSFORMED_;/src/main/java/com/bald/uriah/baldphone/activities/pills/PillScreenActivity.java;file:/src/main/java/com/bald/uriah/baldphone/activities/pills/PillScreenActivity.java
DroppedData;DAAP;/Users/rar9993/repos/research/fdroid_apps/native_apps/BaldPhone/NONE_TRANSFORMED_;/src/main/java/com/bald/uriah/baldphone/activities/YoutubeActivity.java;file:/src/main/java/com/bald/uriah/baldphone/activities/YoutubeActivity.java
DroppedData;DAAP;/Users/rar9993/repos/research/fdroid_apps/native_apps/BaldPhone/NONE_TRANSFORMED_;/src/main/java/com/bald/uriah/baldphone/activities/PermissionActivity.java;file:/src/main/java/com/bald/uriah/baldphone/activities/PermissionActivity.java
DroppedData;DAAP;/Users/rar9993/repos/research/fdroid_apps/native_apps/BaldPhone/NONE_TRANSFORMED_;/src/main/java/com/bald/uriah/baldphone/activities/TutorialActivity.java;file:/src/main/java/com/bald/uriah/baldphone/activities/TutorialActivity.java
DroppedData;DAAP;/Users/rar9993/repos/research/fdroid_apps/native_apps/BaldPhone/NONE_TRANSFORMED_;/src/main/java/com/bald/uriah/baldphone/activities/FeedbackActivity.java;file:/src/main/java/com/bald/uriah/baldphone/activities/FeedbackActivity.java
DroppedData;DAAP;/Users/rar9993/repos/research/fdroid_apps/native_apps/BaldPhone/NONE_TRANSFORMED_;/src/main/java/com/bald/uriah/baldphone/activities/BaldActivity.java;file:/src/main/java/com/bald/uriah/baldphone/activities/BaldActivity.java
DroppedData;DAAP;/Users/rar9993/repos/research/fdroid_apps/native_apps/BaldPhone/NONE_TRANSFORMED_;/src/main/java/com/bald/uriah/baldphone/activities/TechnicalInfoActivity.java;file:/src/main/java/com/bald/uriah/baldphone/activities/TechnicalInfoActivity.java
DroppedData;DAAP;/Users/rar9993/repos/research/fdroid_apps/native_apps/BaldPhone/NONE_TRANSFORMED_;/src/main/java/com/bald/uriah/baldphone/activities/AccessibilityLevelChangerActivity.java;file:/src/main/java/com/bald/uriah/baldphone/activities/AccessibilityLevelChangerActivity.java
DroppedData;DAAP;/Users/rar9993/repos/research/fdroid_apps/native_apps/BaldPhone/NONE_TRANSFORMED_;/src/main/java/com/bald/uriah/baldphone/activities/media/PhotosActivity.java;file:/src/main/java/com/bald/uriah/baldphone/activities/media/PhotosActivity.java
DroppedData;DAAP;/Users/rar9993/repos/research/fdroid_apps/native_apps/BaldPhone/NONE_TRANSFORMED_;/src/main/java/com/bald/uriah/baldphone/activities/media/VideosActivity.java;file:/src/main/java/com/bald/uriah/baldphone/activities/media/VideosActivity.java
DroppedData;DAAP;/Users/rar9993/repos/research/fdroid_apps/native_apps/BaldPhone/NONE_TRANSFORMED_;/src/main/java/com/bald/uriah/baldphone/activities/media/SinglePhotoActivity.java;file:/src/main/java/com/bald/uriah/baldphone/activities/media/SinglePhotoActivity.java
DroppedData;DAAP;/Users/rar9993/repos/research/fdroid_apps/native_apps/BaldPhone/NONE_TRANSFORMED_;/src/main/java/com/bald/uriah/baldphone/activities/media/SingleMediaActivity.java;file:/src/main/java/com/bald/uriah/baldphone/activities/media/SingleMediaActivity.java
DroppedData;DAAP;/Users/rar9993/repos/research/fdroid_apps/native_apps/BaldPhone/NONE_TRANSFORMED_;/src/main/java/com/bald/uriah/baldphone/activities/media/MediaScrollingActivity.java;file:/src/main/java/com/bald/uriah/baldphone/activities/media/MediaScrollingActivity.java
DroppedData;DAAP;/Users/rar9993/repos/research/fdroid_apps/native_apps/BaldPhone/NONE_TRANSFORMED_;/src/main/java/com/bald/uriah/baldphone/activities/media/SingleVideoActivity.java;file:/src/main/java/com/bald/uriah/baldphone/activities/media/SingleVideoActivity.java
