DAAP;CollectionOfBitmaps;/Users/rar9993/repos/research/fdroid_apps/native_apps/android-anuto;file:/src/main/java/ch/logixisland/anuto/game/objects/Sprite.java;real_false_positive
DAAP;CollectionOfBitmaps;/Users/rar9993/repos/research/fdroid_apps/native_apps/android-anuto;file:/src/main/java/ch/logixisland/anuto/view/faq/EnemiesAdapter.java;real_false_positive
DAAP;CollectionOfViews;/Users/rar9993/repos/research/fdroid_apps/native_apps/AAT;file:/src/main/java/ch/bailu/aat/activities/MainActivity.java;real_false_positive
DAAP;CollectionOfViews;/Users/rar9993/repos/research/fdroid_apps/native_apps/AAT;file:/src/main/java/ch/bailu/aat/activities/TestActivity.java;real_false_positive
DAAP;CollectionOfViews;/Users/rar9993/repos/research/fdroid_apps/native_apps/AAT;file:/src/main/java/ch/bailu/aat/menus/MapFeaturesMenu.java;real_false_positive
DAAP;CollectionOfViews;/Users/rar9993/repos/research/fdroid_apps/native_apps/AAT;file:/src/main/java/ch/bailu/aat/views/osm_features/MapFeaturesView.java;real_false_positive
DAAP;CollectionOfViews;/Users/rar9993/repos/research/fdroid_apps/native_apps/AcDisplay/project;file:/src/main/java/com/achep/acdisplay/ui/fragments/dialogs/SetupPermissionsDialog.java;real_false_positive
DAAP;CollectionOfViews;/Users/rar9993/repos/research/fdroid_apps/native_apps/ActivityManager;file:/src/main/java/com/sdex/activityrunner/AllTasksListFragment.java;real_false_positive
DAAP;CollectionOfViews;/Users/rar9993/repos/research/fdroid_apps/native_apps/ActivityManager;file:/src/main/java/com/sdex/activityrunner/AppsListFragment.java;real_false_positive
DAAP;CollectionOfViews;/Users/rar9993/repos/research/fdroid_apps/native_apps/Aegis;file:/src/main/java/me/impy/aegis/ui/EditEntryActivity.java;real_false_positive
DAAP;CollectionOfViews;/Users/rar9993/repos/research/fdroid_apps/native_apps/Aegis;file:/src/main/java/me/impy/aegis/ui/EditProfileActivity.java;real_false_positive
DAAP;CollectionOfViews;/Users/rar9993/repos/research/fdroid_apps/native_apps/AmazeFileManager;file:/src/main/java/com/amaze/filemanager/activities/MainActivity.java;real_false_positive
DAAP;CollectionOfViews;/Users/rar9993/repos/research/fdroid_apps/native_apps/AmazeFileManager;file:/src/main/java/com/amaze/filemanager/adapters/AppsAdapter.java;real_false_positive
DAAP;CollectionOfViews;/Users/rar9993/repos/research/fdroid_apps/native_apps/AmazeFileManager;file:/src/main/java/com/amaze/filemanager/ui/fragments/preference_fragments/PrefFrag.java;real_false_positive
DAAP;CollectionOfViews;/Users/rar9993/repos/research/fdroid_apps/native_apps/AmazeFileManager;file:/src/main/java/com/amaze/filemanager/ui/dialogs/SmbSearchDialog.java;real_false_positive
DAAP;CollectionOfViews;/Users/rar9993/repos/research/fdroid_apps/native_apps/AmazeFileManager;file:/src/main/java/com/amaze/filemanager/ui/fragments/AppsListFragment.java;real_false_positive
DAAP;CollectionOfViews;/Users/rar9993/repos/research/fdroid_apps/native_apps/AmazeFileManager;file:/src/main/java/com/amaze/filemanager/utils/IconLoaderUtil.java;real_false_positive
DAAP;CollectionOfViews;/Users/rar9993/repos/research/fdroid_apps/native_apps/AndHub;file:/src/main/java/com/github/dfa/hubzilla_android/activity/PodSelectionFragment.java;real_false_positive
DAAP;CollectionOfViews;/Users/rar9993/repos/research/fdroid_apps/native_apps/Aria2App;file:/src/main/java/com/gianlu/aria2app/Main/TorrentFragment.java;real_false_positive
DAAP;CollectionOfViews;/Users/rar9993/repos/research/fdroid_apps/native_apps/Aria2App;file:/src/main/java/com/gianlu/aria2app/SelectProfileActivity.java;real_false_positive
DAAP;CollectionOfViews;/Users/rar9993/repos/research/fdroid_apps/native_apps/Aria2App;file:/src/main/java/com/gianlu/aria2app/TerminalActivity.java;real_false_positive
DAAP;CollectionOfViews;/Users/rar9993/repos/research/fdroid_apps/native_apps/AudioRecorder;file:/src/main/java/com/dimowner/audiorecorder/app/setup/SetupActivity.java;real_false_positive
DAAP;CollectionOfViews;/Users/rar9993/repos/research/fdroid_apps/native_apps/ContentBlocker;file:/src/main/java/com/adguard/android/contentblocker/SettingsActivity.java;real_false_positive
DAAP;CollectionOfViews;/Users/rar9993/repos/research/fdroid_apps/native_apps/DekuSMS-Android;file:/src/main/java/com/example/swob_deku/SMSSendActivity.java;real_false_positive
DAAP;CollectionOfViews;/Users/rar9993/repos/research/fdroid_apps/native_apps/Dico;file:/src/main/java/com/confinement/diconfinement/MainActivity.java;real_false_positive
DAAP;CollectionOfViews;/Users/rar9993/repos/research/fdroid_apps/native_apps/FancyPlaces;file:/src/main/java/com/gabm/fancyplaces/functional/FancyPlaceListViewAdapter.java;real_false_positive
DAAP;CollectionOfViews;/Users/rar9993/repos/research/fdroid_apps/native_apps/FancyPlaces;file:/src/main/java/com/gabm/fancyplaces/ui/FPListView_new.java;real_false_positive
DAAP;CollectionOfViews;/Users/rar9993/repos/research/fdroid_apps/native_apps/FocusMastodon;file:/src/main/java/com/klinker/android/twitter_l/activities/main_fragments/MainFragment.java;real_false_positive
DAAP;CollectionOfViews;/Users/rar9993/repos/research/fdroid_apps/native_apps/FocusPodcast;file:/src/main/java/de/danoeh/antennapod/ui/episodeslist/EpisodesListFragment.java;real_false_positive
DAAP;CollectionOfViews;/Users/rar9993/repos/research/fdroid_apps/native_apps/Foss4g2024Schedule;file:/src/main/java/nerd/tuxmobil/fahrplan/congress/changes/ChangeListFragment.java;real_false_positive
DAAP;CollectionOfViews;/Users/rar9993/repos/research/fdroid_apps/native_apps/HTTP-Shortcuts/HTTPShortcuts;file:/src/main/java/ch/rmy/android/http_shortcuts/EditorActivity.java;real_false_positive
DAAP;CollectionOfViews;/Users/rar9993/repos/research/fdroid_apps/native_apps/LabCoat;file:/src/main/java/com/commit451/gitlab/IssueActivity.java;real_false_positive
DAAP;CollectionOfViews;/Users/rar9993/repos/research/fdroid_apps/native_apps/LabCoat;file:/src/main/java/com/commit451/gitlab/activity/MergeRequestActivity.java;real_false_positive
DAAP;CollectionOfViews;/Users/rar9993/repos/research/fdroid_apps/native_apps/MongoExplorer;file:/src/main/java/com/innodroid/mongobrowser/ui/CollectionListFragment.java;real_false_positive
DAAP;CollectionOfViews;/Users/rar9993/repos/research/fdroid_apps/native_apps/USB-Device-Info---Android;file:/src/main/java/aws/apps/usbDeviceEnumerator/ui/main/MainActivity.java;real_false_positive
DAAP;CollectionOfViews;/Users/rar9993/repos/research/fdroid_apps/native_apps/aeonsend-randomizer;file:/src/main/java/com/example/honza/aeonsend/MainActivity.java;real_false_positive
DAAP;CollectionOfViews;/Users/rar9993/repos/research/fdroid_apps/native_apps/android-chessclock;file:/src/main/java/com/chess/clock/fragments/TimeControlFragment.java;real_false_positive
DAAP;CollectionOfViews;/Users/rar9993/repos/research/fdroid_apps/native_apps/cmus-android-remote;file:/src/main/java/com/joshtwigg/cmus/droid/ActivitySettings.java;real_false_positive
DAAP;CollectionOfViews;/Users/rar9993/repos/research/fdroid_apps/native_apps/graph89;file:/src/main/java/com/graph89/emulationcore/BackupManager.java;real_false_positive
DAAP;CollectionOfViews;/Users/rar9993/repos/research/fdroid_apps/native_apps/threema-android;file:/src/main/java/ch/threema/app/activities/ballot/BallotWizardFragment1.java;real_false_positive
DAAP;DroppedData;/Users/rar9993/repos/research/fdroid_apps/native_apps/AAT;file:/src/main/java/ch/bailu/aat/activities/ImportListActivity.java;real_false_positive
DAAP;DroppedData;/Users/rar9993/repos/research/fdroid_apps/native_apps/ActivityManager;file:/src/main/java/com/sdex/activityrunner/shortcut/AddShortcutDialogFragment.java;real_false_positive
DAAP;DroppedData;/Users/rar9993/repos/research/fdroid_apps/native_apps/Aegis;file:/src/main/java/me/impy/aegis/ui/dialogs/PasswordDialogFragment.java;real_false_positive
DAAP;DroppedData;/Users/rar9993/repos/research/fdroid_apps/native_apps/AlarmClock;file:/src/main/java/com/better/alarm/alert/AlarmAlertFullScreen.java;real_false_positive
DAAP;DroppedData;/Users/rar9993/repos/research/fdroid_apps/native_apps/MongoExplorer;file:/src/main/java/com/innodroid/mongobrowser/ui/PreferencesActivity.java;real_false_positive
DAAP;DroppedData;/Users/rar9993/repos/research/fdroid_apps/native_apps/QuoteUnquote;file:/src/main/java/com/github/jameshnsears/quoteunquote/configure/fragment/footer/FooterFragment.java;real_false_positive
DAAP;DroppedData;/Users/rar9993/repos/research/fdroid_apps/native_apps/archwiki-viewer;file:/src/main/java/com/jtmcn/archwiki/viewer/WikiPrefsActivity.java;real_false_positive
DAAP;DroppedData;/Users/rar9993/repos/research/fdroid_apps/native_apps/vanilla-music-tag-editor;file:/src/main/java/com/kanedias/vanilla/audiotag/SafRequestActivity.java;real_false_positive
DAAP;InefficientDataFormatAndParser;/Users/rar9993/repos/research/fdroid_apps/native_apps/Dico;file:/Users/rar9993/repos/research/fdroid_apps/native_apps/Dico/app/src/main/java/com/confinement/diconfinement/SearchResultsActivity.java;real_false_positive
DAAP;InefficientDataFormatAndParser;/Users/rar9993/repos/research/fdroid_apps/native_apps/JRPN_Android;file:/src/main/java/com/emmetgray/wrpn/CalcState.java;real_false_positive
DAAP;LeakingInnerClass;/Users/rar9993/repos/research/fdroid_apps/native_apps/TermuC;file:/Users/rar9993/repos/research/fdroid_apps/native_apps/TermuC/codeeditor/src/main/java/com/mrikso/codeeditor/view/YoyoNavigationMethod.java;real_true_positive
DAAP;LeakingThread;/Users/rar9993/repos/research/fdroid_apps/native_apps/DNSSetter;file:/src/main/java/be/brunoparmentier/dnssetter/MainActivity.java;real_false_positive
DAAP;LeakingThread;/Users/rar9993/repos/research/fdroid_apps/native_apps/Mining-Helper-for-EVE-Online;file:/src/main/java/com/randomlettersandnumbers15645151gd65fg16d5fgs46r84tserg51f3d21ger6/EVE_Mining_Calc/Gasactivity.java;real_true_positive
DAAP;LeakingThread;/Users/rar9993/repos/research/fdroid_apps/native_apps/aicamera;file:/src/main/java/com/example/chin/instancesegmentation/MaskRCNN.java;real_false_positive
DAAP;LeakingThread;/Users/rar9993/repos/research/fdroid_apps/native_apps/wonderdroid-x;file:/Users/rar9993/repos/research/fdroid_apps/native_apps/wonderdroid-x/app/src/main/java/com/atelieryl/wonderdroid/utils/AudioRunnable.java;real_false_positive
DAAP;MemberIgnoringMethod;/Users/rar9993/repos/research/fdroid_apps/native_apps/AmSprung;file:/Users/rar9993/repos/research/fdroid_apps/native_apps/AmSprung/app/src/main/java/at/flausch_productions/amsprung/OldStopActivity.java;real_false_positive
DAAP;MemberIgnoringMethod;/Users/rar9993/repos/research/fdroid_apps/native_apps/AmSprung;file:/src/main/java/at/h4x/amsprung/room/model/StairDao.java;real_false_positive
DAAP;NoLowMemoryResolver;/Users/rar9993/repos/research/fdroid_apps/native_apps/FocusMastodon;file:/src/main/java/com/klinker/android/twitter_l/activities/tweet_viewer/TweetActivity.java;real_false_positive
DAAP;NoLowMemoryResolver;/Users/rar9993/repos/research/fdroid_apps/native_apps/MongoExplorer;file:/Users/rar9993/repos/research/fdroid_apps/native_apps/MongoExplorer/app/src/main/java/com/innodroid/mongobrowser/ui/PreferencesActivity.java;real_true_positive
DAAP;NoLowMemoryResolver;/Users/rar9993/repos/research/fdroid_apps/native_apps/Remindly;file:/Users/rar9993/repos/research/fdroid_apps/native_apps/Remindly/app/src/main/java/com/blanyal/remindme/AddReminderActivity.java;real_true_positive
DAAP;NoLowMemoryResolver;/Users/rar9993/repos/research/fdroid_apps/native_apps/Virtual-Hosts;file:/src/main/java/com/github/xfalcon/vhosts/AdvanceActivity.java;real_false_positive
DAAP;NoLowMemoryResolver;/Users/rar9993/repos/research/fdroid_apps/native_apps/WeatherForecastUSA;file:/Users/rar9993/repos/research/fdroid_apps/native_apps/WeatherForecastUSA/app/src/main/java/biz/binarysolutions/weatherusa/PreferencesActivity.java;real_false_positive
DAAP;NoLowMemoryResolver;/Users/rar9993/repos/research/fdroid_apps/native_apps/archwiki-viewer;file:/Users/rar9993/repos/research/fdroid_apps/native_apps/archwiki-viewer/app/src/main/java/com/jtmcn/archwiki/viewer/WikiPrefsActivity.java;real_false_positive
DAAP;NoLowMemoryResolver;/Users/rar9993/repos/research/fdroid_apps/native_apps/chip-emulator;file:/Users/rar9993/repos/research/fdroid_apps/native_apps/chip-emulator/app/src/main/java/com/dkanada/chip/activities/ThemeActivity.java;real_true_positive
DAAP;RigidAlarmManager;/Users/rar9993/repos/research/fdroid_apps/native_apps/FRCAndroidWidget;file:/Users/rar9993/repos/research/fdroid_apps/native_apps/FRCAndroidWidget/handheld/src/main/java/ca/rmen/android/frcwidget/FRCScheduler.java;real_true_positive
DAAP;RigidAlarmManager;/Users/rar9993/repos/research/fdroid_apps/native_apps/NightLight;file:/Users/rar9993/repos/research/fdroid_apps/native_apps/NightLight/app/src/main/java/com/corphish/nightlight/MainActivity.java;real_false_positive
DAAP;RigidAlarmManager;/Users/rar9993/repos/research/fdroid_apps/native_apps/TimeTable;file:/src/main/java/com/ulan/timetable/Activities/MainActivity.java;real_false_positive
DAAP;RigidAlarmManager;/Users/rar9993/repos/research/fdroid_apps/native_apps/reddinator;file:/Users/rar9993/repos/research/fdroid_apps/native_apps/reddinator/reddinator/src/main/java/au/com/wallaceit/reddinator/WidgetProvider.java;real_false_positive
DAAP;SlowForLoop;/Users/rar9993/repos/research/fdroid_apps/native_apps/ChemistryLab;file:/src/main/java/com/chemistry/admin/chemistrylab/fragment/PeriodicTableFragment.java;real_true_positive
DAAP;SlowForLoop;/Users/rar9993/repos/research/fdroid_apps/native_apps/Form-N-Fun;file:/Users/rar9993/repos/research/fdroid_apps/native_apps/Form-N-Fun/app/src/main/java/com/example/formfun/graphics/GraphicThread.java;real_true_positive
DAAP;SlowForLoop;/Users/rar9993/repos/research/fdroid_apps/native_apps/RaumBaller;file:/Users/rar9993/repos/research/fdroid_apps/native_apps/RaumBaller/app/src/main/java/com/kaeruct/raumballer/ShooterTitle.java;real_false_positive
DAAP;SlowForLoop;/Users/rar9993/repos/research/fdroid_apps/native_apps/USB-Device-Info---Android;file:/Users/rar9993/repos/research/fdroid_apps/native_apps/USB-Device-Info---Android/app/src/main/java/aws/apps/usbDeviceEnumerator/ui/main/TabSetup.java;real_true_positive
DAAP;SlowForLoop;/Users/rar9993/repos/research/fdroid_apps/native_apps/aeonsend-randomizer;file:/Users/rar9993/repos/research/fdroid_apps/native_apps/aeonsend-randomizer/app/src/main/java/com/example/honza/aeonsend/database/DatabaseHandler.java;real_false_positive
DAAP;SlowForLoop;/Users/rar9993/repos/research/fdroid_apps/native_apps/aicamera;file:/Users/rar9993/repos/research/fdroid_apps/native_apps/aicamera/app/src/main/java/com/example/chin/instancesegmentation/GalleryActivity.java;real_true_positive
DAAP;SlowForLoop;/Users/rar9993/repos/research/fdroid_apps/native_apps/wave-up-tasker-plugin;file:/src/main/java/com/jarsilio/android/waveup/tasker/EditConfigurationActivity.java;real_true_positive
DAAP;StaticBitmap;/Users/rar9993/repos/research/fdroid_apps/native_apps/FocusPodcast;file:/service/src/main/java/de/danoeh/antennapod/playback/service/internal/PlaybackServiceNotificationBuilder.java;real_false_positive
DAAP;StaticBitmap;/Users/rar9993/repos/research/fdroid_apps/native_apps/FreezeYou;file:/src/main/java/cf/playhi/freezeyou/Support.java;real_false_positive
DAAP;StaticBitmap;/Users/rar9993/repos/research/fdroid_apps/native_apps/Lightning-Browser;file:/src/main/java/acr/browser/lightning/Utils.java;real_false_positive
DAAP;StaticContext;/Users/rar9993/repos/research/fdroid_apps/native_apps/ClassicMonitor;file:/src/main/java/ca/farrelltonsolar/classic/ChargeControllers.java;real_false_positive
DAAP;StaticContext;/Users/rar9993/repos/research/fdroid_apps/native_apps/GymWen;file:/src/main/java/com/asdoi/gymwen/DummyApplication.java;real_false_positive
DAAP;StaticContext;/Users/rar9993/repos/research/fdroid_apps/native_apps/thunderbird-android;file:/core/src/main/java/com/fsck/k9/Globals.java;real_false_positive
DAAP;StaticContext;/Users/rar9993/repos/research/fdroid_apps/native_apps/thunderbird-android;file:/src/main/java/com/fsck/k9/cache/EmailProviderCache.java;real_false_positive
DAAP;StaticView;/Users/rar9993/repos/research/fdroid_apps/native_apps/TuxRider;file:/src/main/java/com/drodin/tuxrider/MainActivity.java;real_false_positive
DAAP;StaticView;/Users/rar9993/repos/research/fdroid_apps/native_apps/roommates;file:/src/main/java/com/mattieapps/roommates/fragments/mates/NewExpenseRentFragment.java;real_false_positive
DAAP;UnclosedCloseable;/Users/rar9993/repos/research/fdroid_apps/native_apps/AAT;file:/src/main/java/ch/bailu/aat/services/sensor/bluetooth_le/NewWheelCircumference.java;real_false_positive
DAAP;UnclosedCloseable;/Users/rar9993/repos/research/fdroid_apps/native_apps/AAT;file:/src/main/java/ch/bailu/aat/services/tracker/TrackerService.java;real_false_positive
DAAP;WakeLock;/Users/rar9993/repos/research/fdroid_apps/native_apps/AcDisplay/project;file:/src/main/java/com/achep/acdisplay/ui/activities/KeyguardActivity.java;real_false_positive
DAAP;WakeLock;/Users/rar9993/repos/research/fdroid_apps/native_apps/Kaku;file:/src/main/java/ca/fuwafuwa/kaku/MainService.java;real_false_positive
DAAP;WakeLock;/Users/rar9993/repos/research/fdroid_apps/native_apps/aicamera;file:/Users/rar9993/repos/research/fdroid_apps/native_apps/aicamera/app/src/main/java/com/lun/chin/aicamera/CameraConnectionFragment.java;real_false_positive
DAAP;WakeLock;/Users/rar9993/repos/research/fdroid_apps/native_apps/aicamera;file:/src/main/java/com/example/chin/instancesegmentation/CameraActivity.java;real_false_positive
DAAP;WakeLock;/Users/rar9993/repos/research/fdroid_apps/native_apps/android-kSync;file:/Users/rar9993/repos/research/fdroid_apps/native_apps/android-kSync/app/src/main/java/at/bitfire/davdroid/resource/LocalAddressBook.java;real_false_positive
DAAP;WakeLock;/Users/rar9993/repos/research/fdroid_apps/native_apps/davx5-ose;file:/Users/rar9993/repos/research/fdroid_apps/native_apps/davx5-ose/app/src/main/java/at/bitfire/davdroid/resource/LocalAddressBook.java;real_false_positive
EcoAndroid;SSLSessionCaching;/Users/rar9993/repos/research/fdroid_apps/native_apps/EveryonesTimetable;app/src/main/java/ca/littlesvr/everyonestimetable/Globals.java;real_true_positive
EcoAndroid;URLCaching;/Users/rar9993/repos/research/fdroid_apps/native_apps/BookListingApp;app/src/main/java/com/example/booklistingapk/QueryUtils.java;real_true_positive
EcoAndroid;URLCaching;/Users/rar9993/repos/research/fdroid_apps/native_apps/yarc;app/src/main/java/com/jstephan/yarc/ExchangeRateApi.java;real_true_positive
Lint;LogConditional;/Users/rar9993/repos/research/fdroid_apps/native_apps/Citrine;/Users/rar9993/repos/research/fdroid_apps/native_apps/Citrine/app/src/main/java/com/greenart7c3/citrine/server/CustomWebSocketServer.kt;real_true_positive
Lint;MergeRootFrame;/Users/rar9993/repos/research/fdroid_apps/native_apps/dodge-android;/Users/rar9993/repos/research/fdroid_apps/native_apps/dodge-android/app/src/main/res/layout/about.xml;real_true_positive
Lint;NestedWeight;/Users/rar9993/repos/research/fdroid_apps/native_apps/letterbox;/Users/rar9993/repos/research/fdroid_apps/native_apps/letterbox/app/src/main/res/layout/animals_on_top.xml;real_true_positive
Lint;NestedWeight;/Users/rar9993/repos/research/fdroid_apps/native_apps/webcom-reader;/Users/rar9993/repos/research/fdroid_apps/native_apps/webcom-reader/app/src/main/res/layout/content_webcom_info.xml;real_true_positive
Lint;NestedWeight;/Users/rar9993/repos/research/fdroid_apps/native_apps/webcom-reader;/Users/rar9993/repos/research/fdroid_apps/native_apps/webcom-reader/app/src/main/res/layout/webcom_info_content.xml;real_true_positive
Lint;Overdraw;/Users/rar9993/repos/research/fdroid_apps/native_apps/PulseMusic;/Users/rar9993/repos/research/fdroid_apps/native_apps/PulseMusic/app/src/main/res/layout/fragment_controls.xml;real_false_positive
Lint;Overdraw;/Users/rar9993/repos/research/fdroid_apps/native_apps/holokenmod;/Users/rar9993/repos/research/fdroid_apps/native_apps/holokenmod/app/src/main/res/layout/activity_savegame.xml;real_true_positive
Lint;SyntheticAccessor;/Users/rar9993/repos/research/fdroid_apps/native_apps/gaika_android;/Users/rar9993/repos/research/fdroid_apps/native_apps/gaika_android/app/src/main/java/com/gaika/bilketa/HondakinZerrendaActivity.java;real_true_positive
Lint;SyntheticAccessor;/Users/rar9993/repos/research/fdroid_apps/native_apps/graph89;/Users/rar9993/repos/research/fdroid_apps/native_apps/graph89/app/src/main/java/com/graph89/controls/AmbilWarnaDialog.java;real_false_positive
Lint;UselessParent;/Users/rar9993/repos/research/fdroid_apps/native_apps/graph89;/Users/rar9993/repos/research/fdroid_apps/native_apps/graph89/app/src/main/res/layout/ambilwarna_dialog.xml;real_false_positive
PMD;AddEmptyString;/Users/rar9993/repos/research/fdroid_apps/cross_platform_apps/shosetsu;file:/Users/rar9993/repos/research/fdroid_apps/cross_platform_apps/shosetsu/app/src/main/java/com/github/doomsdayrs/apps/shosetsu/ui/updates/UpdateFragment.java;real_false_positive
PMD;AddEmptyString;/Users/rar9993/repos/research/fdroid_apps/cross_platform_apps/shosetsu;file:/Users/rar9993/repos/research/fdroid_apps/cross_platform_apps/shosetsu/app/src/main/java/com/github/doomsdayrs/apps/shosetsu/variables/enums/Status.java;real_false_positive
PMD;AddEmptyString;/Users/rar9993/repos/research/fdroid_apps/native_apps/AcDisplay/project;file:/Users/rar9993/repos/research/fdroid_apps/native_apps/AcDisplay/project/app/src/test/java/com/achep/acdisplay/AcDisplayRobolectricTest.java;real_false_positive
PMD;AddEmptyString;/Users/rar9993/repos/research/fdroid_apps/native_apps/Anki-Android;/Users/rar9993/repos/research/fdroid_apps/native_apps/Anki-Android/AnkiDroid/src/main/java/com/ichi2/libanki/Decks.java;real_false_positive
PMD;AddEmptyString;/Users/rar9993/repos/research/fdroid_apps/native_apps/threema-android;file:/Users/rar9993/repos/research/fdroid_apps/native_apps/threema-android/app/src/main/java/ch/threema/app/services/notification/NotificationServiceImpl.java;real_false_positive
PMD;AppendCharacterWithChar;/Users/rar9993/repos/research/fdroid_apps/cross_platform_apps/shosetsu;file:/Users/rar9993/repos/research/fdroid_apps/cross_platform_apps/shosetsu/app/src/main/java/com/github/doomsdayrs/apps/shosetsu/backend/scraper/aria2/Cloudflare.java;real_false_positive
PMD;AppendCharacterWithChar;/Users/rar9993/repos/research/fdroid_apps/cross_platform_apps/shosetsu;file:/Users/rar9993/repos/research/fdroid_apps/cross_platform_apps/shosetsu/app/src/main/java/com/github/doomsdayrs/apps/shosetsu/ui/reader/viewHolders/NewChapterView.java;real_false_positive
PMD;AppendCharacterWithChar;/Users/rar9993/repos/research/fdroid_apps/cross_platform_apps/shosetsu;file:/Users/rar9993/repos/research/fdroid_apps/cross_platform_apps/shosetsu/app/src/main/java/com/github/doomsdayrs/apps/shosetsu/ui/updates/async/ChapterUpdater.java;real_false_positive
PMD;AppendCharacterWithChar;/Users/rar9993/repos/research/fdroid_apps/native_apps/AAT;file:/Users/rar9993/repos/research/fdroid_apps/native_apps/AAT/app/src/main/java/org/osmdroid/util/GeoPoint.java;real_false_positive
PMD;AppendCharacterWithChar;/Users/rar9993/repos/research/fdroid_apps/native_apps/LocusAddonGsakDatabase;file:/Users/rar9993/repos/research/fdroid_apps/native_apps/LocusAddonGsakDatabase/locusAddonGSAK/src/main/java/net/kuratkoo/locusaddon/gsakdatabase/LoadActivity.java;real_false_positive
PMD;AppendCharacterWithChar;/Users/rar9993/repos/research/fdroid_apps/native_apps/fitnotifications;file:/Users/rar9993/repos/research/fdroid_apps/native_apps/fitnotifications/app/src/main/java/com/abhijitvalluri/android/fitnotifications/setup/AppIntroActivity.java;real_false_positive
PMD;AvoidArrayLoops;/Users/rar9993/repos/research/fdroid_apps/native_apps/Anki-Android;file:/Users/rar9993/repos/research/fdroid_apps/native_apps/Anki-Android/AnkiDroid/src/main/java/com/ichi2/anki/dialogs/DatabaseErrorDialog.java;real_false_positive
PMD;AvoidArrayLoops;/Users/rar9993/repos/research/fdroid_apps/native_apps/Anki-Android;file:/Users/rar9993/repos/research/fdroid_apps/native_apps/Anki-Android/AnkiDroid/src/main/java/com/ichi2/libanki/importer/Anki2Importer.java;real_false_positive
PMD;AvoidArrayLoops;/Users/rar9993/repos/research/fdroid_apps/native_apps/Musekit;/Users/rar9993/repos/research/fdroid_apps/native_apps/Musekit/app/src/main/java/be/tarsos/dsp/io/TarsosDSPAudioFloatConverter.java;real_false_positive
PMD;AvoidArrayLoops;/Users/rar9993/repos/research/fdroid_apps/native_apps/Musekit;/Users/rar9993/repos/research/fdroid_apps/native_apps/Musekit/app/src/main/java/be/tarsos/dsp/wavelet/lift/LiftingSchemeBaseWavelet.java;real_true_positive
PMD;AvoidArrayLoops;/Users/rar9993/repos/research/fdroid_apps/native_apps/RaumBaller;/Users/rar9993/repos/research/fdroid_apps/native_apps/RaumBaller/app/src/main/java/jgame/platform/AndroidImage.java;real_true_positive
PMD;AvoidArrayLoops;/Users/rar9993/repos/research/fdroid_apps/native_apps/fitnotifications;file:/Users/rar9993/repos/research/fdroid_apps/native_apps/fitnotifications/app/src/main/java/com/ibm/icu/impl/IntTrieBuilder.java;real_false_positive
PMD;AvoidCalendarDateCreation;/Users/rar9993/repos/research/fdroid_apps/native_apps/AmazeFileManager;/Users/rar9993/repos/research/fdroid_apps/native_apps/AmazeFileManager/app/src/main/java/com/amaze/filemanager/filesystem/CustomFileObserver.java;real_true_positive
PMD;AvoidCalendarDateCreation;/Users/rar9993/repos/research/fdroid_apps/native_apps/AmazeFileManager;/Users/rar9993/repos/research/fdroid_apps/native_apps/AmazeFileManager/app/src/main/java/com/amaze/filemanager/fragments/MainFragment.java;real_true_positive
PMD;AvoidCalendarDateCreation;/Users/rar9993/repos/research/fdroid_apps/native_apps/Clock;/Users/rar9993/repos/research/fdroid_apps/native_apps/Clock/app/src/main/java/com/best/deskclock/provider/Alarm.java;real_true_positive
PMD;AvoidCalendarDateCreation;/Users/rar9993/repos/research/fdroid_apps/native_apps/Diaguard;/Users/rar9993/repos/research/fdroid_apps/native_apps/Diaguard/Diaguard/src/main/java/com/android/diaguard/fragments/ExportFragment.java;real_true_positive
PMD;AvoidCalendarDateCreation;/Users/rar9993/repos/research/fdroid_apps/native_apps/Diaguard;/Users/rar9993/repos/research/fdroid_apps/native_apps/Diaguard/Diaguard/src/main/java/com/android/diaguard/helpers/FileHelper.java;real_false_positive
PMD;AvoidCalendarDateCreation;/Users/rar9993/repos/research/fdroid_apps/native_apps/Diaguard;/Users/rar9993/repos/research/fdroid_apps/native_apps/Diaguard/Diaguard/src/main/java/com/faltenreich/diaguard/database/DatabaseDataSource.java;real_true_positive
PMD;AvoidCalendarDateCreation;/Users/rar9993/repos/research/fdroid_apps/native_apps/FRCAndroidWidget;/Users/rar9993/repos/research/fdroid_apps/native_apps/FRCAndroidWidget/handheld/src/main/java/ca/rmen/android/frccommon/FRCDateUtils.java;real_false_positive
PMD;AvoidCalendarDateCreation;/Users/rar9993/repos/research/fdroid_apps/native_apps/FocusMastodon;/Users/rar9993/repos/research/fdroid_apps/native_apps/FocusMastodon/app/src/main/java/allen/town/focus/twitter/activities/main_fragments/home_fragments/HomeFragment.java;real_true_positive
PMD;AvoidCalendarDateCreation;/Users/rar9993/repos/research/fdroid_apps/native_apps/FocusMastodon;/Users/rar9993/repos/research/fdroid_apps/native_apps/FocusMastodon/app/src/main/java/com/klinker/android/twitter_l/utils/api_helper/TweetMarkerHelper.java;real_true_positive
PMD;AvoidCalendarDateCreation;/Users/rar9993/repos/research/fdroid_apps/native_apps/Mining-Helper-for-EVE-Online;file:/Users/rar9993/repos/research/fdroid_apps/native_apps/Mining-Helper-for-EVE-Online/app/src/main/java/com/randomlettersandnumbers15645151gd65fg16d5fgs46r84tserg51f3d21ger6/EVE_Mining_Calc/ice.java;real_false_positive
PMD;AvoidCalendarDateCreation;/Users/rar9993/repos/research/fdroid_apps/native_apps/SuntimesCalendars;/Users/rar9993/repos/research/fdroid_apps/native_apps/SuntimesCalendars/app/src/main/java/com/forrestguice/suntimeswidget/calendar/SuntimesCalendarTask.java;real_false_positive
PMD;AvoidCalendarDateCreation;/Users/rar9993/repos/research/fdroid_apps/native_apps/android-kSync;/Users/rar9993/repos/research/fdroid_apps/native_apps/android-kSync/app/src/androidTest/java/at/bitfire/davdroid/resource/test/LocalCalendarTest.java;real_false_positive
PMD;AvoidCalendarDateCreation;/Users/rar9993/repos/research/fdroid_apps/native_apps/davx5-ose;/Users/rar9993/repos/research/fdroid_apps/native_apps/davx5-ose/app/src/androidTest/java/at/bitfire/davdroid/resource/LocalCalendarTest.java;real_false_positive
PMD;AvoidCalendarDateCreation;/Users/rar9993/repos/research/fdroid_apps/native_apps/persian-calendar;file:/Users/rar9993/repos/research/fdroid_apps/native_apps/persian-calendar/PersianCalendar/src/main/java/com/byagowi/persiancalendar/view/sunrisesunset/SunView.java;real_false_positive
PMD;AvoidFileStream;/Users/rar9993/repos/research/fdroid_apps/native_apps/AAT;file:/Users/rar9993/repos/research/fdroid_apps/native_apps/AAT/app/src/main/java/ch/bailu/aat/helpers/file/AbsContentAccess.java;real_false_positive
PMD;AvoidFileStream;/Users/rar9993/repos/research/fdroid_apps/native_apps/AAT;file:/Users/rar9993/repos/research/fdroid_apps/native_apps/AAT/app/src/main/java/ch/bailu/aat/util/fs/AppDirectory.java;real_false_positive
PMD;AvoidFileStream;/Users/rar9993/repos/research/fdroid_apps/native_apps/MicDroid;file:/Users/rar9993/repos/research/fdroid_apps/native_apps/MicDroid/app/src/main/java/com/intervigil/wave/WaveWriter.java;real_false_positive
PMD;AvoidInstantiatingObjectsInLoops;/Users/rar9993/repos/research/fdroid_apps/native_apps/AmSprung;file:/Users/rar9993/repos/research/fdroid_apps/native_apps/AmSprung/app/src/main/java/at/flausch_productions/amsprung/StopActivity.java;real_false_positive
PMD;AvoidInstantiatingObjectsInLoops;/Users/rar9993/repos/research/fdroid_apps/native_apps/AmSprung;file:/Users/rar9993/repos/research/fdroid_apps/native_apps/AmSprung/app/src/main/java/at/flausch_productions/amsprung/persistance/StopsHelper.java;real_false_positive
PMD;AvoidInstantiatingObjectsInLoops;/Users/rar9993/repos/research/fdroid_apps/native_apps/AmSprung;file:/Users/rar9993/repos/research/fdroid_apps/native_apps/AmSprung/app/src/main/java/at/h4x/amsprung/wienerlinienapi/MonitorInfosForStairsAsyncTask.java;real_false_positive
PMD;AvoidInstantiatingObjectsInLoops;/Users/rar9993/repos/research/fdroid_apps/native_apps/ChemistryLab;/Users/rar9993/repos/research/fdroid_apps/native_apps/ChemistryLab/app/src/main/java/com/chemistry/admin/chemistrylab/database/ReactionsDatabaseManager.java;real_false_positive
PMD;AvoidInstantiatingObjectsInLoops;/Users/rar9993/repos/research/fdroid_apps/native_apps/FocusPodcast;/Users/rar9993/repos/research/fdroid_apps/native_apps/FocusPodcast/parser/feed/src/test/java/allen/town/podcast/parser/feed/element/element/AtomTextTest.java;real_true_positive
PMD;AvoidInstantiatingObjectsInLoops;/Users/rar9993/repos/research/fdroid_apps/native_apps/Musekit;/Users/rar9993/repos/research/fdroid_apps/native_apps/Musekit/app/src/main/java/be/tarsos/dsp/pitch/AMDF.java;real_false_positive
PMD;AvoidInstantiatingObjectsInLoops;/Users/rar9993/repos/research/fdroid_apps/native_apps/Sayboard;/Users/rar9993/repos/research/fdroid_apps/native_apps/Sayboard/app/src/main/java/org/vosk/ime/Tools.java;real_false_positive
PMD;AvoidInstantiatingObjectsInLoops;/Users/rar9993/repos/research/fdroid_apps/native_apps/davx5-ose;/Users/rar9993/repos/research/fdroid_apps/native_apps/davx5-ose/app/src/main/java/at/bitfire/davdroid/resource/LocalContact.java;real_false_positive
PMD;AvoidInstantiatingObjectsInLoops;/Users/rar9993/repos/research/fdroid_apps/native_apps/hydra-android;/Users/rar9993/repos/research/fdroid_apps/native_apps/hydra-android/app/src/main/java/be/ugent/zeus/hydra/fragments/resto/MenuFragment.java;real_true_positive
PMD;AvoidInstantiatingObjectsInLoops;/Users/rar9993/repos/research/fdroid_apps/native_apps/indiepass-android;/Users/rar9993/repos/research/fdroid_apps/native_apps/indiepass-android/app/src/main/java/com/indieweb/indigenous/pixelfed/PixelfedReader.java;real_false_positive
PMD;ConsecutiveAppendsShouldReuse;/Users/rar9993/repos/research/fdroid_apps/cross_platform_apps/shosetsu;file:/Users/rar9993/repos/research/fdroid_apps/cross_platform_apps/shosetsu/app/src/main/java/com/github/Doomsdayrs/apps/shosetsu/download/Downloadmanager.java;real_false_positive
PMD;ConsecutiveAppendsShouldReuse;/Users/rar9993/repos/research/fdroid_apps/cross_platform_apps/shosetsu;file:/Users/rar9993/repos/research/fdroid_apps/cross_platform_apps/shosetsu/app/src/main/java/com/github/doomsdayrs/apps/shosetsu/backend/scraper/aria2/Cloudflare.java;real_false_positive
PMD;ConsecutiveAppendsShouldReuse;/Users/rar9993/repos/research/fdroid_apps/native_apps/AAT;file:/Users/rar9993/repos/research/fdroid_apps/native_apps/AAT/app/src/main/java/ch/bailu/aat/preferences/SolidTrimSize.java;real_false_positive
PMD;ConsecutiveAppendsShouldReuse;/Users/rar9993/repos/research/fdroid_apps/native_apps/AAT;file:/Users/rar9993/repos/research/fdroid_apps/native_apps/AAT/app/src/main/java/ch/bailu/aat/services/icons/IconMap.java;real_false_positive
PMD;ConsecutiveAppendsShouldReuse;/Users/rar9993/repos/research/fdroid_apps/native_apps/AAT;file:/Users/rar9993/repos/research/fdroid_apps/native_apps/AAT/app/src/main/java/ch/bailu/aat/services/location/SystemLocation.java;real_false_positive
PMD;ConsecutiveAppendsShouldReuse;/Users/rar9993/repos/research/fdroid_apps/native_apps/AAT;file:/Users/rar9993/repos/research/fdroid_apps/native_apps/AAT/app/src/main/java/ch/bailu/aat/util/fs/JFile.java;real_false_positive
PMD;ConsecutiveAppendsShouldReuse;/Users/rar9993/repos/research/fdroid_apps/native_apps/AAT;file:/Users/rar9993/repos/research/fdroid_apps/native_apps/AAT/app/src/main/java/org/osmdroid/tileprovider/tilesource/BitmapTileSourceBase.java;real_false_positive
PMD;ConsecutiveAppendsShouldReuse;/Users/rar9993/repos/research/fdroid_apps/native_apps/AcDisplay/project;file:/Users/rar9993/repos/research/fdroid_apps/native_apps/AcDisplay/project/AcDisplay/src/main/java/com/achep/acdisplay/notifications/parser/Utils.java;real_false_positive
PMD;ConsecutiveAppendsShouldReuse;/Users/rar9993/repos/research/fdroid_apps/native_apps/androdns;file:/Users/rar9993/repos/research/fdroid_apps/native_apps/androdns/app/src/main/java/androdns/android/leetdreams/ch/androdns/DNSSECVerifier.java;real_false_positive
PMD;ConsecutiveAppendsShouldReuse;/Users/rar9993/repos/research/fdroid_apps/native_apps/fitnotifications;file:/Users/rar9993/repos/research/fdroid_apps/native_apps/fitnotifications/app/src/main/java/com/abhijitvalluri/android/fitnotifications/setup/AppIntroActivity.java;real_false_positive
PMD;ConsecutiveAppendsShouldReuse;/Users/rar9993/repos/research/fdroid_apps/native_apps/fitnotifications;file:/Users/rar9993/repos/research/fdroid_apps/native_apps/fitnotifications/app/src/main/java/com/ibm/icu/text/UTF16.java;real_false_positive
PMD;ConsecutiveLiteralAppends;/Users/rar9993/repos/research/fdroid_apps/native_apps/AAT;/Users/rar9993/repos/research/fdroid_apps/native_apps/AAT/app/src/main/java/ch/bailu/aat/services/OneService.java;real_true_positive
PMD;ConsecutiveLiteralAppends;/Users/rar9993/repos/research/fdroid_apps/native_apps/EnforceDoze;file:/Users/rar9993/repos/research/fdroid_apps/native_apps/EnforceDoze/app/src/main/java/com/akylas/enforcedoze/DozeTunablesActivity.java;real_false_positive
PMD;ConsecutiveLiteralAppends;/Users/rar9993/repos/research/fdroid_apps/native_apps/Foss4g2024Schedule;file:/Users/rar9993/repos/research/fdroid_apps/native_apps/Foss4g2024Schedule/app/src/main/java/nerd/tuxmobil/fahrplan/congress/net/CertificateDialogFragment.java;real_false_positive
PMD;ConsecutiveLiteralAppends;/Users/rar9993/repos/research/fdroid_apps/native_apps/threema-android;file:/Users/rar9993/repos/research/fdroid_apps/native_apps/threema-android/app/src/test/java/ch/threema/app/voip/util/SdpPatcherTest.java;real_false_positive
PMD;InefficientEmptyStringCheck;/Users/rar9993/repos/research/fdroid_apps/native_apps/Anki-Android;file:/Users/rar9993/repos/research/fdroid_apps/native_apps/Anki-Android/AnkiDroid/src/main/java/com/ichi2/libanki/Note.java;real_false_positive
PMD;InefficientEmptyStringCheck;/Users/rar9993/repos/research/fdroid_apps/native_apps/Anki-Android;file:/Users/rar9993/repos/research/fdroid_apps/native_apps/Anki-Android/AnkiDroid/src/main/java/com/ichi2/libanki/hooks/HintFilter.java;real_false_positive
PMD;InefficientEmptyStringCheck;/Users/rar9993/repos/research/fdroid_apps/native_apps/Anki-Android;file:/Users/rar9993/repos/research/fdroid_apps/native_apps/Anki-Android/AnkiDroid/src/main/java/com/ichi2/libanki/template/TemplateFilters.java;real_false_positive
PMD;InefficientEmptyStringCheck;/Users/rar9993/repos/research/fdroid_apps/native_apps/LibreraReader;file:/Users/rar9993/repos/research/fdroid_apps/native_apps/LibreraReader/Builder/src/main/java/web/WikiTranslate.java;real_false_positive
PMD;InefficientEmptyStringCheck;/Users/rar9993/repos/research/fdroid_apps/native_apps/fitnotifications;file:/Users/rar9993/repos/research/fdroid_apps/native_apps/fitnotifications/app/src/main/java/com/ibm/icu/impl/PluralRulesLoader.java;real_false_positive
PMD;InefficientStringBuffering;/Users/rar9993/repos/research/fdroid_apps/native_apps/Anki-Android;file:/Users/rar9993/repos/research/fdroid_apps/native_apps/Anki-Android/AnkiDroid/src/main/java/com/ichi2/anki/AnkiDb.java;real_false_positive
PMD;InefficientStringBuffering;/Users/rar9993/repos/research/fdroid_apps/native_apps/Anki-Android;file:/Users/rar9993/repos/research/fdroid_apps/native_apps/Anki-Android/AnkiDroid/src/main/java/com/ichi2/libanki/DB.java;real_false_positive
PMD;InefficientStringBuffering;/Users/rar9993/repos/research/fdroid_apps/native_apps/Anki-Android;file:/Users/rar9993/repos/research/fdroid_apps/native_apps/Anki-Android/AnkiDroid/src/main/java/com/ichi2/libanki/sched/Sched.java;real_false_positive
PMD;InefficientStringBuffering;/Users/rar9993/repos/research/fdroid_apps/native_apps/Foss4g2024Schedule;file:/Users/rar9993/repos/research/fdroid_apps/native_apps/Foss4g2024Schedule/app/src/main/java/nerd/tuxmobil/fahrplan/congress/FahrplanMisc.java;real_false_positive
PMD;InefficientStringBuffering;/Users/rar9993/repos/research/fdroid_apps/native_apps/LibreraReader;file:/Users/rar9993/repos/research/fdroid_apps/native_apps/LibreraReader/app/src/main/java/com/foobnix/android/utils/LinkedJSONOjbect.java;real_false_positive
PMD;InsufficientStringBufferDeclaration;/Users/rar9993/repos/research/fdroid_apps/native_apps/AmazeFileManager;file:/Users/rar9993/repos/research/fdroid_apps/native_apps/AmazeFileManager/app/src/main/java/com/amaze/filemanager/database/models/OperationData.java;real_false_positive
PMD;InsufficientStringBufferDeclaration;/Users/rar9993/repos/research/fdroid_apps/native_apps/Anki-Android;file:/Users/rar9993/repos/research/fdroid_apps/native_apps/Anki-Android/AnkiDroid/src/main/java/com/ichi2/anki/AbstractFlashcardViewer.java;real_false_positive
PMD;InsufficientStringBufferDeclaration;/Users/rar9993/repos/research/fdroid_apps/native_apps/Anki-Android;file:/Users/rar9993/repos/research/fdroid_apps/native_apps/Anki-Android/AnkiDroid/src/main/java/com/ichi2/libanki/CardStats.java;real_false_positive
PMD;InsufficientStringBufferDeclaration;/Users/rar9993/repos/research/fdroid_apps/native_apps/LocusAddonGsakDatabase;file:/Users/rar9993/repos/research/fdroid_apps/native_apps/LocusAddonGsakDatabase/locusAddonGSAK/src/main/java/net/kuratkoo/locusaddon/gsakdatabase/LoadActivity.java;real_false_positive
PMD;InsufficientStringBufferDeclaration;/Users/rar9993/repos/research/fdroid_apps/native_apps/Spell4Wiki;file:/Users/rar9993/repos/research/fdroid_apps/native_apps/Spell4Wiki/app/src/main/java/com/manimarank/spell4wiki/activities/RecordAudioActivity.java;real_false_positive
PMD;InsufficientStringBufferDeclaration;/Users/rar9993/repos/research/fdroid_apps/native_apps/SuntimesCalendars;file:/Users/rar9993/repos/research/fdroid_apps/native_apps/SuntimesCalendars/app/src/main/java/com/forrestguice/suntimeswidget/calendar/ui/TemplateDialog.java;real_false_positive
PMD;InsufficientStringBufferDeclaration;/Users/rar9993/repos/research/fdroid_apps/native_apps/android-kSync;file:/Users/rar9993/repos/research/fdroid_apps/native_apps/android-kSync/app/src/main/java/at/bitfire/davdroid/log/PlainTextFormatter.java;real_false_positive
PMD;InsufficientStringBufferDeclaration;/Users/rar9993/repos/research/fdroid_apps/native_apps/threema-android;file:/Users/rar9993/repos/research/fdroid_apps/native_apps/threema-android/domain/src/main/java/ch/threema/domain/protocol/csp/messages/ballot/PollSetupMessage.java;real_false_positive
Lint;InefficientWeight;/Users/rar9993/repos/research/fdroid_apps/native_apps/graph89;/Users/rar9993/repos/research/fdroid_apps/native_apps/graph89/app/src/main/res/layout/file_picker_list_item.xml;real_true_positive
Lint;InefficientWeight;/Users/rar9993/repos/research/fdroid_apps/native_apps/letterbox;/Users/rar9993/repos/research/fdroid_apps/native_apps/letterbox/app/src/main/res/layout/activity_letters_on_top.xml;real_true_positive
Lint;LogConditional;/Users/rar9993/repos/research/fdroid_apps/native_apps/gaika_android;/Users/rar9993/repos/research/fdroid_apps/native_apps/gaika_android/app/src/main/java/com/gaika/bilketa/utils/DataBaseController.java;real_true_positive
Lint;Overdraw;/Users/rar9993/repos/research/fdroid_apps/native_apps/OpenPods;/Users/rar9993/repos/research/fdroid_apps/native_apps/OpenPods/app/src/main/res/layout/status_small.xml;real_false_positive
Lint;RedundantNamespace;/Users/rar9993/repos/research/fdroid_apps/native_apps/EveryonesTimetable;/Users/rar9993/repos/research/fdroid_apps/EveryonesTimetable/app/src/main/res/layout/main.xml;real_true_positive
Lint;UselessParent;/Users/rar9993/repos/research/fdroid_apps/native_apps/EveryonesTimetable;/Users/rar9993/repos/research/fdroid_apps/EveryonesTimetable/app/src/main/res/layout-land/view_timetable.xml;real_false_positive
PMD;OptimizableToArrayCall;/Users/rar9993/repos/research/fdroid_apps/native_apps/AcDisplay/project;file:/Users/rar9993/repos/research/fdroid_apps/native_apps/AcDisplay/project/app/src/main/java/com/achep/acdisplay/blacklist/activities/BlacklistActivity.java;real_false_positive
PMD;OptimizableToArrayCall;/Users/rar9993/repos/research/fdroid_apps/native_apps/Diaguard;file:/Users/rar9993/repos/research/fdroid_apps/native_apps/Diaguard/Diaguard/src/main/java/com/android/diaguard/helpers/PreferenceHelper.java;real_false_positive
PMD;OptimizableToArrayCall;/Users/rar9993/repos/research/fdroid_apps/native_apps/DokuwikiAndroid;/Users/rar9993/repos/research/fdroid_apps/native_apps/DokuwikiAndroid/app/src/main/java/com/ileauxfraises/dokuwiki/WikiCacheUiOrchestrator.java;real_true_positive
PMD;OptimizableToArrayCall;/Users/rar9993/repos/research/fdroid_apps/native_apps/QuasselDroid-ng;file:/Users/rar9993/repos/research/fdroid_apps/native_apps/QuasselDroid-ng/app/src/main/java/de/kuschku/util/ReflectionUtils.java;real_false_positive
PMD;OptimizableToArrayCall;/Users/rar9993/repos/research/fdroid_apps/native_apps/threema-android;file:/Users/rar9993/repos/research/fdroid_apps/native_apps/threema-android/app/src/main/java/ch/threema/app/services/GroupServiceImpl.java;real_false_positive
PMD;RedundantFieldInitializer;/Users/rar9993/repos/research/fdroid_apps/native_apps/BibleNotify;file:/Users/rar9993/repos/research/fdroid_apps/native_apps/BibleNotify/app/src/main/java/com/correctsyntax/biblenotify/setAlarm.java;real_false_positive
PMD;RedundantFieldInitializer;/Users/rar9993/repos/research/fdroid_apps/native_apps/FancyPlaces;file:/Users/rar9993/repos/research/fdroid_apps/native_apps/FancyPlaces/app/src/main/java/com/gabm/fancyplaces/ui/FPListView_new.java;real_false_positive
PMD;RedundantFieldInitializer;/Users/rar9993/repos/research/fdroid_apps/native_apps/FoodRestrictions;file:/Users/rar9993/repos/research/fdroid_apps/native_apps/FoodRestrictions/app/src/main/java/br/com/mochiladepano/foodrestrictions/FoodIconSettings.java;real_false_positive
PMD;RedundantFieldInitializer;/Users/rar9993/repos/research/fdroid_apps/native_apps/Form-N-Fun;file:/Users/rar9993/repos/research/fdroid_apps/native_apps/Form-N-Fun/app/src/main/java/com/example/formfun/graphics/GraphicSurface.java;real_false_positive
PMD;RedundantFieldInitializer;/Users/rar9993/repos/research/fdroid_apps/native_apps/MindfulnessMeditation;file:/Users/rar9993/repos/research/fdroid_apps/native_apps/MindfulnessMeditation/app/src/main/java/biz/binarysolutions/mindfulnessmeditation/ui/audioguides/downloadable/data/DownloadableMeditation.java;real_false_positive
PMD;RedundantFieldInitializer;/Users/rar9993/repos/research/fdroid_apps/native_apps/PlayWidget;file:/Users/rar9993/repos/research/fdroid_apps/native_apps/PlayWidget/play_widget/src/main/java/com/cleveroad/play_widget/RoundRectImageView.java;real_false_positive
PMD;RedundantFieldInitializer;/Users/rar9993/repos/research/fdroid_apps/native_apps/PocketGopher;file:/Users/rar9993/repos/research/fdroid_apps/native_apps/PocketGopher/app/src/main/java/com/gmail/afonsotrepa/pocketgopher/gopherclient/HtmlPage.java;real_false_positive
PMD;RedundantFieldInitializer;/Users/rar9993/repos/research/fdroid_apps/native_apps/QDict;file:/Users/rar9993/repos/research/fdroid_apps/native_apps/QDict/qDict/src/main/java/com/annie/dictionary/BaseActivity.java;real_false_positive
PMD;RedundantFieldInitializer;/Users/rar9993/repos/research/fdroid_apps/native_apps/RaumBaller;file:/Users/rar9993/repos/research/fdroid_apps/native_apps/RaumBaller/app/src/main/java/jgame/platform/SeekBarPreference.java;real_false_positive
PMD;RedundantFieldInitializer;/Users/rar9993/repos/research/fdroid_apps/native_apps/TermuC;file:/Users/rar9993/repos/research/fdroid_apps/native_apps/TermuC/codeeditor/src/main/java/cn/rbc/codeeditor/view/FreeScrollingTextField.java;real_false_positive
PMD;RedundantFieldInitializer;/Users/rar9993/repos/research/fdroid_apps/native_apps/TermuC;file:/Users/rar9993/repos/research/fdroid_apps/native_apps/TermuC/codeeditor/src/main/java/com/mrikso/codeeditor/view/TextFieldInputConnection.java;real_false_positive
PMD;RedundantFieldInitializer;/Users/rar9993/repos/research/fdroid_apps/native_apps/aeonsend-randomizer;file:/Users/rar9993/repos/research/fdroid_apps/native_apps/aeonsend-randomizer/app/src/main/java/com/example/honza/aeonsend/MainActivity.java;real_false_positive
PMD;RedundantFieldInitializer;/Users/rar9993/repos/research/fdroid_apps/native_apps/aeonsend-randomizer;file:/Users/rar9993/repos/research/fdroid_apps/native_apps/aeonsend-randomizer/app/src/main/java/com/example/honza/aeonsend/cards/ExpansionCard.java;real_false_positive
PMD;RedundantFieldInitializer;/Users/rar9993/repos/research/fdroid_apps/native_apps/android-chessclock;file:/Users/rar9993/repos/research/fdroid_apps/native_apps/android-chessclock/app/src/main/java/com/chess/clock/activities/ClockTimersActivity.java;real_false_positive
PMD;RedundantFieldInitializer;/Users/rar9993/repos/research/fdroid_apps/native_apps/com.dynamite.heaterrc;file:/Users/rar9993/repos/research/fdroid_apps/native_apps/com.dynamite.heaterrc/app/src/main/java/com/dynamite/heaterrc/ProgramActivity.java;real_false_positive
PMD;RedundantFieldInitializer;/Users/rar9993/repos/research/fdroid_apps/native_apps/fitnotifications;file:/Users/rar9993/repos/research/fdroid_apps/native_apps/fitnotifications/app/src/main/java/com/ibm/icu/text/DecimalFormat.java;real_false_positive
PMD;RedundantFieldInitializer;/Users/rar9993/repos/research/fdroid_apps/native_apps/graph89;file:/Users/rar9993/repos/research/fdroid_apps/native_apps/graph89/app/src/main/java/com/graph89/controls/WhatsNew.java;real_false_positive
PMD;RedundantFieldInitializer;/Users/rar9993/repos/research/fdroid_apps/native_apps/hmdm-android;file:/Users/rar9993/repos/research/fdroid_apps/native_apps/hmdm-android/app/src/main/java/com/hmdm/launcher/AdminReceiver.java;real_false_positive
PMD;RedundantFieldInitializer;/Users/rar9993/repos/research/fdroid_apps/native_apps/linkasanote;file:/Users/rar9993/repos/research/fdroid_apps/native_apps/linkasanote/app/src/main/java/com/bytesforge/linkasanote/addeditaccount/nextcloud/NextcloudPresenter.java;real_false_positive
PMD;RedundantFieldInitializer;/Users/rar9993/repos/research/fdroid_apps/native_apps/loopboard;file:/Users/rar9993/repos/research/fdroid_apps/native_apps/loopboard/app/src/main/java/com/alexkang/loopboard/SoundListAdapter.java;real_false_positive
PMD;RedundantFieldInitializer;/Users/rar9993/repos/research/fdroid_apps/native_apps/privacypolice;file:/Users/rar9993/repos/research/fdroid_apps/native_apps/privacypolice/privacypolice/src/main/java/be/uhasselt/privacypolice/SSIDManagerActivity.java;real_false_positive
PMD;RedundantFieldInitializer;/Users/rar9993/repos/research/fdroid_apps/native_apps/tagdrop;file:/Users/rar9993/repos/research/fdroid_apps/native_apps/tagdrop/app/src/main/java/com/github/mofosyne/tagdrop/main.java;real_false_positive
PMD;RedundantFieldInitializer;/Users/rar9993/repos/research/fdroid_apps/native_apps/wave-up-tasker-plugin;file:/Users/rar9993/repos/research/fdroid_apps/native_apps/wave-up-tasker-plugin/app/src/main/java/com/termux/tasker/AbstractPluginActivity.java;real_false_positive
PMD;RedundantFieldInitializer;/Users/rar9993/repos/research/fdroid_apps/native_apps/webcom-reader;file:/Users/rar9993/repos/research/fdroid_apps/native_apps/webcom-reader/app/src/main/java/com/example/halftough/webcomreader/OneByOneChapterDownloader.java;real_false_positive
PMD;RedundantFieldInitializer;/Users/rar9993/repos/research/fdroid_apps/native_apps/webcom-reader;file:/Users/rar9993/repos/research/fdroid_apps/native_apps/webcom-reader/app/src/main/java/com/example/halftough/webcomreader/activities/ReadChapter/ComicPageView.java;real_false_positive
PMD;StringInstantiation;/Users/rar9993/repos/research/fdroid_apps/native_apps/DekuSMS-Android;file:/Users/rar9993/repos/research/fdroid_apps/native_apps/DekuSMS-Android/app/src/main/java/com/example/swob_deku/SMSDataReceiverActivity.java;real_false_positive
PMD;StringInstantiation;/Users/rar9993/repos/research/fdroid_apps/native_apps/avare;/Users/rar9993/repos/research/fdroid_apps/native_apps/avare/app/src/main/java/com/ds/avare/utils/SAXXMLHandlerTAF.java;real_true_positive
PMD;StringInstantiation;/Users/rar9993/repos/research/fdroid_apps/native_apps/exif-thumbnail-adder;file:/Users/rar9993/repos/research/fdroid_apps/native_apps/exif-thumbnail-adder/app/src/androidTest/java/com/exifthumbnailadder/app/ExampleInstrumentedTest.java;real_false_positive
PMD;StringInstantiation;/Users/rar9993/repos/research/fdroid_apps/native_apps/openWorkout;file:/Users/rar9993/repos/research/fdroid_apps/native_apps/openWorkout/app/src/main/java/com/health/openworkout/gui/datatypes/GenericSettingsFragment.java;real_false_positive
PMD;StringToString;/Users/rar9993/repos/research/fdroid_apps/native_apps/koler;file:/Users/rar9993/repos/research/fdroid_apps/native_apps/koler/app/src/main/java/com/chooloo/www/callmanager/activity/OngoingCallActivity.java;real_false_positive
PMD;TooFewBranchesForSwitch;/Users/rar9993/repos/research/fdroid_apps/native_apps/AcDisplay/project;file:/Users/rar9993/repos/research/fdroid_apps/native_apps/AcDisplay/project/ActiveDisplay/src/main/java/android/support/v4/content/LocalBroadcastManager.java;real_false_positive
PMD;TooFewBranchesForSwitch;/Users/rar9993/repos/research/fdroid_apps/native_apps/Android_APK_ChessEngineBagatur;file:/Users/rar9993/repos/research/fdroid_apps/native_apps/Android_APK_ChessEngineBagatur/app/src/main/java/com/bagaturchess/cfg/ads/AdsConfigurations_Bagatur.java;real_false_positive
PMD;TooFewBranchesForSwitch;/Users/rar9993/repos/research/fdroid_apps/native_apps/MongoExplorer;file:/Users/rar9993/repos/research/fdroid_apps/native_apps/MongoExplorer/app/src/main/java/com/innodroid/mongobrowser/ui/DocumentEditFragment.java;real_false_positive
PMD;TooFewBranchesForSwitch;/Users/rar9993/repos/research/fdroid_apps/native_apps/PortAuthority;/Users/rar9993/repos/research/fdroid_apps/native_apps/PortAuthority/app/src/main/java/com/aaronjwood/portauthority/network/Dns.java;real_true_positive
PMD;TooFewBranchesForSwitch;/Users/rar9993/repos/research/fdroid_apps/native_apps/graph89;file:/Users/rar9993/repos/research/fdroid_apps/native_apps/graph89/app/src/main/java/com/graph89/emulationcore/ConfigurationPage.java;real_false_positive
PMD;TooFewBranchesForSwitch;/Users/rar9993/repos/research/fdroid_apps/native_apps/vanilla-music-cover-fetch;file:/Users/rar9993/repos/research/fdroid_apps/native_apps/vanilla-music-cover-fetch/app/src/main/java/com/kanedias/vanilla/coverfetch/PluginService.java;real_false_positive
PMD;UseArrayListInsteadOfVector;/Users/rar9993/repos/research/fdroid_apps/native_apps/AndrOBD;/Users/rar9993/repos/research/fdroid_apps/native_apps/AndrOBD/library/src/main/java/com/fr3ts0n/prot/FtpLoader.java;real_false_positive
PMD;UseArrayListInsteadOfVector;/Users/rar9993/repos/research/fdroid_apps/native_apps/AndrOBD;/Users/rar9993/repos/research/fdroid_apps/native_apps/AndrOBD/library/src/main/java/com/fr3ts0n/pvs/DbProcessVar.java;real_false_positive
PMD;UseArrayListInsteadOfVector;/Users/rar9993/repos/research/fdroid_apps/native_apps/Anki-Android;file:/Users/rar9993/repos/research/fdroid_apps/native_apps/Anki-Android/AnkiDroid/src/main/java/com/wildplot/android/rendering/PlotSheet.java;real_false_positive
PMD;UseArrayListInsteadOfVector;/Users/rar9993/repos/research/fdroid_apps/native_apps/cat-avatar-generator-app;file:/Users/rar9993/repos/research/fdroid_apps/native_apps/cat-avatar-generator-app/app/src/main/java/com/agateau/catgenerator/PartDb.java;real_false_positive
PMD;UseArraysAsList;/Users/rar9993/repos/research/fdroid_apps/native_apps/Aria2App;/Users/rar9993/repos/research/fdroid_apps/native_apps/Aria2App/app/src/main/java/com/gianlu/aria2app/api/aria2/AriaFile.java;real_false_positive
PMD;UseIndexOfChar;/Users/rar9993/repos/research/fdroid_apps/cross_platform_apps/LinuxCommandLibrary;file:/Users/rar9993/repos/research/fdroid_apps/cross_platform_apps/LinuxCommandLibrary/app/src/main/java/com/inspiredandroid/linuxcommandbibliotheca/view/CodeTextView.java;real_false_positive
PMD;UseIndexOfChar;/Users/rar9993/repos/research/fdroid_apps/cross_platform_apps/LinuxCommandLibrary;file:/Users/rar9993/repos/research/fdroid_apps/cross_platform_apps/LinuxCommandLibrary/app/src/main/java/com/inspiredandroid/linuxcommandbibliotheca/view/TerminalTextView.java;real_false_positive
PMD;UseIndexOfChar;/Users/rar9993/repos/research/fdroid_apps/cross_platform_apps/shosetsu;file:/Users/rar9993/repos/research/fdroid_apps/cross_platform_apps/shosetsu/app/src/main/java/com/github/doomsdayrs/apps/shosetsu/ui/adapters/SettingsAdapter.java;real_false_positive
PMD;UseIndexOfChar;/Users/rar9993/repos/research/fdroid_apps/native_apps/AmazeFileManager;/Users/rar9993/repos/research/fdroid_apps/native_apps/AmazeFileManager/app/src/main/java/com/amaze/filemanager/services/ExtractService.java;real_true_positive
PMD;UseIndexOfChar;/Users/rar9993/repos/research/fdroid_apps/native_apps/AmazeFileManager;file:/Users/rar9993/repos/research/fdroid_apps/native_apps/AmazeFileManager/app/src/main/java/com/amaze/filemanager/filesystem/files/FileUtils.java;real_false_positive
PMD;UseStringBufferForStringAppends;/Users/rar9993/repos/research/fdroid_apps/cross_platform_apps/LinuxCommandLibrary;file:/Users/rar9993/repos/research/fdroid_apps/cross_platform_apps/LinuxCommandLibrary/app/src/main/java/com/inspiredandroid/linuxcommandbibliotheca/misc/BookmarkManager.java;real_false_positive
PMD;UseStringBufferForStringAppends;/Users/rar9993/repos/research/fdroid_apps/native_apps/AAT;file:/Users/rar9993/repos/research/fdroid_apps/native_apps/AAT/app/src/main/java/ch/bailu/aat/services/sensor/bluetooth_le/Devices.java;real_false_positive
PMD;UseStringBufferForStringAppends;/Users/rar9993/repos/research/fdroid_apps/native_apps/MonsterHunter4UDatabase;/Users/rar9993/repos/research/fdroid_apps/native_apps/MonsterHunter4UDatabase/app/src/main/java/com/daviancorp/android/ui/adapter/WeaponExpandableListBladeAdapter.java;real_true_positive
PMD;UseStringBufferForStringAppends;/Users/rar9993/repos/research/fdroid_apps/native_apps/USB-Device-Info---Android;file:/Users/rar9993/repos/research/fdroid_apps/native_apps/USB-Device-Info---Android/app/src/main/java/aws/apps/usbDeviceEnumerator/ui/usbinfo/LinuxUsbInfoFragment.java;real_false_positive
PMD;UseStringBufferForStringAppends;/Users/rar9993/repos/research/fdroid_apps/native_apps/threema-android;file:/Users/rar9993/repos/research/fdroid_apps/native_apps/threema-android/domain/src/main/java/ch/threema/domain/protocol/csp/messages/GroupLocationMessage.java;real_false_positive
PMD;UseStringBufferLength;/Users/rar9993/repos/research/fdroid_apps/native_apps/AmazeFileManager;/Users/rar9993/repos/research/fdroid_apps/native_apps/AmazeFileManager/app/src/main/java/com/amaze/filemanager/adapters/CompressedExplorerAdapter.java;real_true_positive
PMD;UseStringBufferLength;/Users/rar9993/repos/research/fdroid_apps/native_apps/AmazeFileManager;/Users/rar9993/repos/research/fdroid_apps/native_apps/AmazeFileManager/app/src/main/java/com/amaze/filemanager/adapters/ZipExplorerAdapter.java;real_true_positive
PMD;UseStringBufferLength;/Users/rar9993/repos/research/fdroid_apps/native_apps/Diaguard;/Users/rar9993/repos/research/fdroid_apps/native_apps/Diaguard/Diaguard/src/main/java/com/faltenreich/diaguard/shared/data/validation/Validator.java;real_true_positive
PMD;UseStringBufferLength;/Users/rar9993/repos/research/fdroid_apps/native_apps/bilimiao2;/Users/rar9993/repos/research/fdroid_apps/native_apps/bilimiao2/app/src/main/java/com/a10miaomiao/bilimiao/ui/widget/expandabletext/ExpandableTextView.java;real_true_positive
PMD;UseStringBufferLength;/Users/rar9993/repos/research/fdroid_apps/native_apps/talkback;/Users/rar9993/repos/research/fdroid_apps/native_apps/talkback/talkback/src/main/java/com/google/android/accessibility/talkback/actor/search/SearchScreenOverlay.java;real_true_positive
PMD;UseStringBufferLength;/Users/rar9993/repos/research/fdroid_apps/native_apps/talkback;/Users/rar9993/repos/research/fdroid_apps/native_apps/talkback/utils/src/main/java/StringBuilderUtils.java;real_true_positive
PMD;UselessStringValueOf;/Users/rar9993/repos/research/fdroid_apps/native_apps/threema-android;file:/Users/rar9993/repos/research/fdroid_apps/native_apps/threema-android/app/src/main/java/ch/threema/app/services/ContactServiceImpl.java;real_false_positive
aDoctor;DataTransmissionWithoutCompression;/Users/rar9993/repos/research/fdroid_apps/cross_platform_apps/mattermost-mobile;file:/Users/rar9993/repos/research/fdroid_apps/cross_platform_apps/mattermost-mobile/android/app/src/main/java/com/mattermost/share/ShareModule.java;real_false_positive
aDoctor;DataTransmissionWithoutCompression;/Users/rar9993/repos/research/fdroid_apps/cross_platform_apps/pixelwheels;file:/Users/rar9993/repos/research/fdroid_apps/cross_platform_apps/pixelwheels/tools/src/com/agateau/tinywheels/tools/MapPacker.java;real_false_positive
aDoctor;DataTransmissionWithoutCompression;/Users/rar9993/repos/research/fdroid_apps/native_apps/AAT;file:/Users/rar9993/repos/research/fdroid_apps/native_apps/AAT/app/src/main/java/ch/bailu/aat/services/cache/CachedTileObject.java;real_false_positive
aDoctor;DataTransmissionWithoutCompression;/Users/rar9993/repos/research/fdroid_apps/native_apps/APK-Explorer-Editor;file:/Users/rar9993/repos/research/fdroid_apps/native_apps/APK-Explorer-Editor/app/src/main/java/com/apk/editor/utils/SignatureCheck.java;real_false_positive
aDoctor;DataTransmissionWithoutCompression;/Users/rar9993/repos/research/fdroid_apps/native_apps/AcDisplay/project;file:/Users/rar9993/repos/research/fdroid_apps/native_apps/AcDisplay/project/app/src/test/java/com/achep/acdisplay/AcDisplayRobolectricTest.java;real_false_positive
aDoctor;DataTransmissionWithoutCompression;/Users/rar9993/repos/research/fdroid_apps/native_apps/Aegis;file:/Users/rar9993/repos/research/fdroid_apps/native_apps/Aegis/app/src/androidTest/java/com/beemdevelopment/aegis/AegisTestRunner.java;real_false_positive
aDoctor;DataTransmissionWithoutCompression;/Users/rar9993/repos/research/fdroid_apps/native_apps/AmazeFileManager;file:/Users/rar9993/repos/research/fdroid_apps/native_apps/AmazeFileManager/src/main/java/com/amaze/filemanager/utils/MediaFile.java;real_false_positive
aDoctor;DataTransmissionWithoutCompression;/Users/rar9993/repos/research/fdroid_apps/native_apps/DeadHash-android;file:/Users/rar9993/repos/research/fdroid_apps/native_apps/DeadHash-android/app/src/main/java/com/codedead/deadhash/domain/objects/hashgenerator/FileHashGenerator.java;real_false_positive
aDoctor;DataTransmissionWithoutCompression;/Users/rar9993/repos/research/fdroid_apps/native_apps/DeadHash-android;file:/Users/rar9993/repos/research/fdroid_apps/native_apps/DeadHash-android/app/src/main/java/com/codedead/deadline/deadhash/domain/FileDialog.java;real_false_positive
aDoctor;DataTransmissionWithoutCompression;/Users/rar9993/repos/research/fdroid_apps/native_apps/Icicle;file:/Users/rar9993/repos/research/fdroid_apps/native_apps/Icicle/app/src/main/java/ca/louisbourque/freenetassistant/ReferenceActivity.java;real_false_positive
aDoctor;DataTransmissionWithoutCompression;/Users/rar9993/repos/research/fdroid_apps/native_apps/MicDroid;file:/Users/rar9993/repos/research/fdroid_apps/native_apps/MicDroid/app/src/main/java/com/intervigil/micdroid/RecordingPlayer.java;real_false_positive
aDoctor;DataTransmissionWithoutCompression;/Users/rar9993/repos/research/fdroid_apps/native_apps/aicamera;file:/Users/rar9993/repos/research/fdroid_apps/native_apps/aicamera/app/src/main/java/com/example/chin/instancesegmentation/GalleryActivity.java;real_false_positive
aDoctor;DataTransmissionWithoutCompression;/Users/rar9993/repos/research/fdroid_apps/native_apps/graph89;file:/Users/rar9993/repos/research/fdroid_apps/native_apps/graph89/src/com/graph89/controls/ScreenshotTaker.java;real_false_positive
aDoctor;HashmapUsage;/Users/rar9993/repos/research/fdroid_apps/native_apps/AcDisplay/project;file:/Users/rar9993/repos/research/fdroid_apps/native_apps/AcDisplay/project/app/src/main/java/com/achep/acdisplay/ui/activities/BlacklistActivity.java;real_false_positive
aDoctor;HashmapUsage;/Users/rar9993/repos/research/fdroid_apps/native_apps/Anki-Android;file:/Users/rar9993/repos/research/fdroid_apps/native_apps/Anki-Android/AnkiDroid/src/main/java/com/ichi2/anki/dialogs/DeckPickerContextMenu.java;real_false_positive
aDoctor;InefficientDataFormatAndParser;/Users/rar9993/repos/research/fdroid_apps/native_apps/Flowit;file:/Users/rar9993/repos/research/fdroid_apps/native_apps/Flowit/app/src/main/java/com/bytehamster/flowitgame/model/Level.java;real_false_positive
aDoctor;InefficientDataFormatAndParser;/Users/rar9993/repos/research/fdroid_apps/native_apps/farebot;file:/Users/rar9993/repos/research/fdroid_apps/native_apps/farebot/src/main/java/com/codebutler/farebot/card/desfire/DesfireCard.java;real_false_positive
aDoctor;InternalGetterSetter;/Users/rar9993/repos/research/fdroid_apps/native_apps/Form-N-Fun;file:/Users/rar9993/repos/research/fdroid_apps/native_apps/Form-N-Fun/MyApplication/app/src/main/java/com/example/rohit/myapplication/GraphicThread.java;real_false_positive
aDoctor;InternalGetterSetter;/Users/rar9993/repos/research/fdroid_apps/native_apps/TapAndTurn;file:/Users/rar9993/repos/research/fdroid_apps/native_apps/TapAndTurn/app/src/main/java/com/gabm/tapandturn/sensors/PhysicalOrientationSensorNG.java;real_false_positive
aDoctor;InternalGetterSetter;/Users/rar9993/repos/research/fdroid_apps/native_apps/Zensuren;file:/Users/rar9993/repos/research/fdroid_apps/native_apps/Zensuren/src2/main/java/com/app/Zensuren/MyKurslistenAdapter.java;real_false_positive
aDoctor;InternalGetterSetter;/Users/rar9993/repos/research/fdroid_apps/native_apps/dodge-android;file:/Users/rar9993/repos/research/fdroid_apps/native_apps/dodge-android/src/com/dozingcatsoftware/dodge/model/AcceleratingBullet.java;real_false_positive
aDoctor;InternalGetterSetter;/Users/rar9993/repos/research/fdroid_apps/native_apps/safe-dot-android;file:/Users/rar9993/repos/research/fdroid_apps/native_apps/safe-dot-android/app/src/main/java/com/aravi/dot/manager/AdvertisementManager.java;real_false_positive
aDoctor;LeakingInnerClass;/Users/rar9993/repos/research/fdroid_apps/native_apps/AWhip;file:/Users/rar9993/repos/research/fdroid_apps/native_apps/AWhip/app/src/main/java/org/getdisconnected/awhip/HomeActivity.java;real_false_positive
aDoctor;LeakingInnerClass;/Users/rar9993/repos/research/fdroid_apps/native_apps/Calliope-Android-App;file:/Users/rar9993/repos/research/fdroid_apps/native_apps/Calliope-Android-App/app/src/main/java/cc/calliope/mini/views/SvgPatternBar.java;real_false_positive
aDoctor;LeakingInnerClass;/Users/rar9993/repos/research/fdroid_apps/native_apps/HanumanChalisa;file:/Users/rar9993/repos/research/fdroid_apps/native_apps/HanumanChalisa/app/src/main/java/com/nandi/hanuman/chalisa/BaseActivity.java;real_false_positive
aDoctor;LeakingInnerClass;/Users/rar9993/repos/research/fdroid_apps/native_apps/MicDroid;file:/Users/rar9993/repos/research/fdroid_apps/native_apps/MicDroid/app/src/main/java/com/intervigil/micdroid/RecordingLibrary.java;real_false_positive
aDoctor;LeakingInnerClass;/Users/rar9993/repos/research/fdroid_apps/native_apps/MicDroid;file:/Users/rar9993/repos/research/fdroid_apps/native_apps/MicDroid/app/src/main/java/com/intervigil/micdroid/Timer.java;real_false_positive
aDoctor;LeakingInnerClass;/Users/rar9993/repos/research/fdroid_apps/native_apps/MongoExplorer;file:/Users/rar9993/repos/research/fdroid_apps/native_apps/MongoExplorer/src/com/innodroid/mongobrowser/MongoConnectionListFragment.java;real_false_positive
aDoctor;LeakingInnerClass;/Users/rar9993/repos/research/fdroid_apps/native_apps/PuppyFrame;file:/Users/rar9993/repos/research/fdroid_apps/native_apps/PuppyFrame/src/com/boztalay/puppyframe/configuration/editalbum/ImageResizer.java;real_false_positive
aDoctor;LeakingInnerClass;/Users/rar9993/repos/research/fdroid_apps/native_apps/Remindly;file:/Users/rar9993/repos/research/fdroid_apps/native_apps/Remindly/app/src/main/java/com/blanyal/remindme/ReminderNotifyService.java;real_false_positive
aDoctor;LeakingInnerClass;/Users/rar9993/repos/research/fdroid_apps/native_apps/RsyncServerApp;file:/Users/rar9993/repos/research/fdroid_apps/native_apps/RsyncServerApp/app/src/main/java/com/github/ktsr42/rsyncserver/RsyncReceiver.java;real_false_positive
aDoctor;LeakingInnerClass;/Users/rar9993/repos/research/fdroid_apps/native_apps/ScreenInfo;file:/Users/rar9993/repos/research/fdroid_apps/native_apps/ScreenInfo/src/com/jotabout/screeninfo/Screen.java;real_false_positive
aDoctor;LeakingInnerClass;/Users/rar9993/repos/research/fdroid_apps/native_apps/ShareX;file:/Users/rar9993/repos/research/fdroid_apps/native_apps/ShareX/app/src/main/java/com/akansh/fileserversuit/ContentFetcher.java;real_false_positive
aDoctor;LeakingInnerClass;/Users/rar9993/repos/research/fdroid_apps/native_apps/StageFever;file:/Users/rar9993/repos/research/fdroid_apps/native_apps/StageFever/src/com/fr3ts0n/stagefever/SongItemFragment.java;real_false_positive
aDoctor;LeakingInnerClass;/Users/rar9993/repos/research/fdroid_apps/native_apps/TapAndTurn;file:/Users/rar9993/repos/research/fdroid_apps/native_apps/TapAndTurn/app/src/main/java/com/gabm/tapandturn/sensors/PhysicalOrientationSensor.java;real_false_positive
aDoctor;LeakingInnerClass;/Users/rar9993/repos/research/fdroid_apps/native_apps/TapAndTurn;file:/Users/rar9993/repos/research/fdroid_apps/native_apps/TapAndTurn/app/src/main/java/com/gabm/tapandturn/sensors/PhysicalOrientationSensorNG.java;real_false_positive
aDoctor;LeakingInnerClass;/Users/rar9993/repos/research/fdroid_apps/native_apps/TapAndTurn;file:/Users/rar9993/repos/research/fdroid_apps/native_apps/TapAndTurn/app/src/main/java/com/gabm/tapandturn/services/ServiceRotationControlService.java;real_false_positive
aDoctor;LeakingInnerClass;/Users/rar9993/repos/research/fdroid_apps/native_apps/TermuC;file:/Users/rar9993/repos/research/fdroid_apps/native_apps/TermuC/codeeditor/src/main/java/com/mrikso/codeeditor/view/YoyoNavigationMethod.java;real_false_positive
aDoctor;LeakingInnerClass;/Users/rar9993/repos/research/fdroid_apps/native_apps/TuxRider;file:/Users/rar9993/repos/research/fdroid_apps/native_apps/TuxRider/src/com/drodin/tuxrider/MainView.java;real_false_positive
aDoctor;LeakingInnerClass;/Users/rar9993/repos/research/fdroid_apps/native_apps/USB-Device-Info---Android;file:/Users/rar9993/repos/research/fdroid_apps/native_apps/USB-Device-Info---Android/src/aws/apps/usbDeviceEnumerator/Act_UsbDeviceEnumerator.java;real_false_positive
aDoctor;LeakingInnerClass;/Users/rar9993/repos/research/fdroid_apps/native_apps/apkExtractor;file:/Users/rar9993/repos/research/fdroid_apps/native_apps/apkExtractor/src/axp/tool/apkextractor/ApkList.java;real_false_positive
aDoctor;LeakingInnerClass;/Users/rar9993/repos/research/fdroid_apps/native_apps/blue-chat;file:/Users/rar9993/repos/research/fdroid_apps/native_apps/blue-chat/app/src/main/java/com/alexkang/btchatroom/ChatManager.java;real_false_positive
aDoctor;LeakingInnerClass;/Users/rar9993/repos/research/fdroid_apps/native_apps/fitnotifications;file:/Users/rar9993/repos/research/fdroid_apps/native_apps/fitnotifications/app/src/main/java/com/abhijitvalluri/android/fitnotifications/SettingsActivity.java;real_false_positive
aDoctor;LeakingInnerClass;/Users/rar9993/repos/research/fdroid_apps/native_apps/gaika_android;file:/Users/rar9993/repos/research/fdroid_apps/native_apps/gaika_android/src/com/josuigoa/zerozabor/adapters/HondakinZerrendaAdapter.java;real_false_positive
aDoctor;LeakingInnerClass;/Users/rar9993/repos/research/fdroid_apps/native_apps/kanjirecog;file:/Users/rar9993/repos/research/fdroid_apps/native_apps/kanjirecog/lib/src/main/java/com/leafdigital/kanji/StatsReporter.java;real_false_positive
aDoctor;LeakingInnerClass;/Users/rar9993/repos/research/fdroid_apps/native_apps/kanjirecog;file:/Users/rar9993/repos/research/fdroid_apps/native_apps/kanjirecog/src/com/leafdigital/kanji/InputStroke.java;real_false_positive
aDoctor;LeakingInnerClass;/Users/rar9993/repos/research/fdroid_apps/native_apps/minidoro;file:/Users/rar9993/repos/research/fdroid_apps/native_apps/minidoro/app/src/main/java/com/github/ympavlov/minidoro/PreferencesActivity.java;real_false_positive
aDoctor;LeakingInnerClass;/Users/rar9993/repos/research/fdroid_apps/native_apps/minidoro;file:/Users/rar9993/repos/research/fdroid_apps/native_apps/minidoro/app/src/test/java/com/github/ympavlov/minidoro/PomodoroStateTest.java;real_false_positive
aDoctor;LeakingInnerClass;/Users/rar9993/repos/research/fdroid_apps/native_apps/miracast-widget;file:/Users/rar9993/repos/research/fdroid_apps/native_apps/miracast-widget/app/src/main/java/com/mattgmg/miracastwidget/MiracastWidgetProvider.java;real_false_positive
aDoctor;LeakingInnerClass;/Users/rar9993/repos/research/fdroid_apps/native_apps/openWorkout;file:/Users/rar9993/repos/research/fdroid_apps/native_apps/openWorkout/app/src/main/java/com/health/openworkout/gui/session/SessionsAdapter.java;real_false_positive
aDoctor;LeakingInnerClass;/Users/rar9993/repos/research/fdroid_apps/native_apps/temaki;file:/Users/rar9993/repos/research/fdroid_apps/native_apps/temaki/src/main/java/com/jmartin/temaki/dialog/GenericAlertDialog.java;real_false_positive
aDoctor;LeakingInnerClass;/Users/rar9993/repos/research/fdroid_apps/native_apps/vanilla-music-tag-editor;file:/Users/rar9993/repos/research/fdroid_apps/native_apps/vanilla-music-tag-editor/app/src/main/java/com/kanedias/vanilla/audiotag/PluginService.java;real_false_positive
aDoctor;LeakingThread;/Users/rar9993/repos/research/fdroid_apps/native_apps/AmSprung;file:/Users/rar9993/repos/research/fdroid_apps/native_apps/AmSprung/app/src/main/java/at/flausch_productions/amsprung/OldStopActivity.java;real_false_positive
aDoctor;LeakingThread;/Users/rar9993/repos/research/fdroid_apps/native_apps/CamTimer;file:/Users/rar9993/repos/research/fdroid_apps/native_apps/CamTimer/src/com/dozingcatsoftware/util/ARManager.java;real_false_positive
aDoctor;LeakingThread;/Users/rar9993/repos/research/fdroid_apps/native_apps/Form-N-Fun;file:/Users/rar9993/repos/research/fdroid_apps/native_apps/Form-N-Fun/MyApplication/opencv-java/src/main/java/org/opencv/android/JavaCameraView.java;real_false_positive
aDoctor;LeakingThread;/Users/rar9993/repos/research/fdroid_apps/native_apps/MindfulnessMeditation;file:/Users/rar9993/repos/research/fdroid_apps/native_apps/MindfulnessMeditation/app/src/main/java/biz/binarysolutions/mindfulnessmeditation/ui/audioguides/ParentFragment.java;real_false_positive
aDoctor;LeakingThread;/Users/rar9993/repos/research/fdroid_apps/native_apps/Mining-Helper-for-EVE-Online;file:/src/main/java/com/randomlettersandnumbers15645151gd65fg16d5fgs46r84tserg51f3d21ger6/EVE_Mining_Calc/Gasactivity.java;real_false_positive
aDoctor;LeakingThread;/Users/rar9993/repos/research/fdroid_apps/native_apps/Virtual-Hosts;file:/Users/rar9993/repos/research/fdroid_apps/native_apps/Virtual-Hosts/app/src/main/java/com/github/xfalcon/vhosts/AdvanceActivity.java;real_false_positive
aDoctor;LeakingThread;/Users/rar9993/repos/research/fdroid_apps/native_apps/chip-emulator;file:/Users/rar9993/repos/research/fdroid_apps/native_apps/chip-emulator/app/src/main/java/com/dkanada/chip/async/GameThread.java;real_false_positive
aDoctor;LeakingThread;/Users/rar9993/repos/research/fdroid_apps/native_apps/cmus-android-remote;file:/Users/rar9993/repos/research/fdroid_apps/native_apps/cmus-android-remote/app/src/main/java/net/sourceforge/cmus/droid/CmusDroidRemoteActivity.java;real_false_positive
aDoctor;LeakingThread;/Users/rar9993/repos/research/fdroid_apps/native_apps/find3-android-scanner;file:/Users/rar9993/repos/research/fdroid_apps/native_apps/find3-android-scanner/app/src/main/java/com/internalpositioning/find3/find3app/MainActivity.java;real_false_positive
aDoctor;LeakingThread;/Users/rar9993/repos/research/fdroid_apps/native_apps/kanjirecog;file:/Users/rar9993/repos/research/fdroid_apps/native_apps/kanjirecog/lib/src/main/java/com/leafdigital/kanji/StatsReporter.java;real_false_positive
aDoctor;LeakingThread;/Users/rar9993/repos/research/fdroid_apps/native_apps/vtu-cs-lab-manual;file:/Users/rar9993/repos/research/fdroid_apps/native_apps/vtu-cs-lab-manual/app/src/main/java/com/valento/vtucslabmanual/main/DisplayActivityBk.java;real_false_positive
aDoctor;LeakingThread;/Users/rar9993/repos/research/fdroid_apps/native_apps/wonderdroid-x;file:/Users/rar9993/repos/research/fdroid_apps/native_apps/wonderdroid-x/app/src/main/java/com/atelieryl/wonderdroid/utils/AudioRunnable.java;real_false_positive
aDoctor;MemberIgnoringMethod;/Users/rar9993/repos/research/fdroid_apps/native_apps/AmSprung;file:/Users/rar9993/repos/research/fdroid_apps/native_apps/AmSprung/app/src/main/java/at/flausch_productions/amsprung/OldStopActivity.java;real_false_positive
aDoctor;MemberIgnoringMethod;/Users/rar9993/repos/research/fdroid_apps/native_apps/AndroidInfrared;file:/Users/rar9993/repos/research/fdroid_apps/native_apps/AndroidInfrared/AndroidInfrared/src/com/github/timnew/androidinfrared/CommandBuilder.java;real_false_positive
aDoctor;MemberIgnoringMethod;/Users/rar9993/repos/research/fdroid_apps/native_apps/HereGPSLocation;file:/Users/rar9993/repos/research/fdroid_apps/native_apps/HereGPSLocation/src/com/example/heregpslocation/MainActivity.java;real_false_positive
aDoctor;MemberIgnoringMethod;/Users/rar9993/repos/research/fdroid_apps/native_apps/TuxRider;file:/Users/rar9993/repos/research/fdroid_apps/native_apps/TuxRider/app/src/main/java/com/drodin/tuxrider/Installer.java;real_false_positive
aDoctor;MemberIgnoringMethod;/Users/rar9993/repos/research/fdroid_apps/native_apps/Zensuren;file:/Users/rar9993/repos/research/fdroid_apps/native_apps/Zensuren/src2/main/java/com/app/Zensuren/MyKurslistenAdapter.java;real_false_positive
aDoctor;MemberIgnoringMethod;/Users/rar9993/repos/research/fdroid_apps/native_apps/dodge-android;file:/Users/rar9993/repos/research/fdroid_apps/native_apps/dodge-android/src/com/dozingcatsoftware/dodge/model/LevelManager.java;real_false_positive
aDoctor;NoLowMemoryResolver;/Users/rar9993/repos/research/fdroid_apps/native_apps/Android-KeyboardSwitcher;file:/Users/rar9993/repos/research/fdroid_apps/native_apps/Android-KeyboardSwitcher/app/src/main/java/com/kunzisoft/keyboard/switcher/KeyboardNotificationService.java;real_false_positive
aDoctor;NoLowMemoryResolver;/Users/rar9993/repos/research/fdroid_apps/native_apps/MongoExplorer;file:/Users/rar9993/repos/research/fdroid_apps/native_apps/MongoExplorer/app/src/main/java/com/innodroid/mongobrowser/ui/PreferencesActivity.java;real_false_positive
aDoctor;NoLowMemoryResolver;/Users/rar9993/repos/research/fdroid_apps/native_apps/Remindly;file:/Users/rar9993/repos/research/fdroid_apps/native_apps/Remindly/app/src/main/java/com/blanyal/remindme/AddReminderActivity.java;real_false_positive
aDoctor;NoLowMemoryResolver;/Users/rar9993/repos/research/fdroid_apps/native_apps/RsyncServerApp;file:/Users/rar9993/repos/research/fdroid_apps/native_apps/RsyncServerApp/app/src/main/java/com/github/ktsr42/rsyncserver/RsyncReceiver.java;real_false_positive
aDoctor;NoLowMemoryResolver;/Users/rar9993/repos/research/fdroid_apps/native_apps/chip-emulator;file:/Users/rar9993/repos/research/fdroid_apps/native_apps/chip-emulator/app/src/main/java/com/dkanada/chip/activities/ThemeActivity.java;real_false_positive
aDoctor;RigidAlarmManager;/Users/rar9993/repos/research/fdroid_apps/native_apps/Clock;file:/Users/rar9993/repos/research/fdroid_apps/native_apps/Clock/src/com/android/deskclock/ScreensaverActivity.java;real_false_positive
aDoctor;RigidAlarmManager;/Users/rar9993/repos/research/fdroid_apps/native_apps/FRCAndroidWidget;file:/Users/rar9993/repos/research/fdroid_apps/native_apps/FRCAndroidWidget/handheld/src/main/java/ca/rmen/android/frcwidget/FRCScheduler.java;real_false_positive
aDoctor;RigidAlarmManager;/Users/rar9993/repos/research/fdroid_apps/native_apps/jtt_android;file:/Users/rar9993/repos/research/fdroid_apps/native_apps/jtt_android/src/com/aragaer/jtt/core/Clockwork.java;real_false_positive
aDoctor;RigidAlarmManager;/Users/rar9993/repos/research/fdroid_apps/native_apps/reddinator;file:/Users/rar9993/repos/research/fdroid_apps/native_apps/reddinator/Reddinator/src/au/com/wallaceit/reddinator/WidgetProvider.java;real_false_positive
aDoctor;SlowForLoop;/Users/rar9993/repos/research/fdroid_apps/cross_platform_apps/fire-strike;file:/Users/rar9993/repos/research/fdroid_apps/cross_platform_apps/fire-strike/src/main/java/zame/game/engine/visual/Controls.java;real_false_positive
aDoctor;SlowForLoop;/Users/rar9993/repos/research/fdroid_apps/native_apps/ChemistryLab;file:/src/main/java/com/chemistry/admin/chemistrylab/fragment/PeriodicTableFragment.java;real_false_positive
aDoctor;SlowForLoop;/Users/rar9993/repos/research/fdroid_apps/native_apps/Form-N-Fun;file:/Users/rar9993/repos/research/fdroid_apps/native_apps/Form-N-Fun/MyApplication/opencv-java/src/main/java/org/opencv/utils/Converters.java;real_false_positive
aDoctor;SlowForLoop;/Users/rar9993/repos/research/fdroid_apps/native_apps/Form-N-Fun;file:/Users/rar9993/repos/research/fdroid_apps/native_apps/Form-N-Fun/app/src/main/java/com/example/formfun/graphics/GraphicThread.java;real_false_positive
aDoctor;SlowForLoop;/Users/rar9993/repos/research/fdroid_apps/native_apps/PuppyFrame;file:/Users/rar9993/repos/research/fdroid_apps/native_apps/PuppyFrame/src/com/boztalay/puppyframe/widget/ScreenOnService.java;real_false_positive
aDoctor;SlowForLoop;/Users/rar9993/repos/research/fdroid_apps/native_apps/USB-Device-Info---Android;file:/Users/rar9993/repos/research/fdroid_apps/native_apps/USB-Device-Info---Android/app/src/main/java/aws/apps/usbDeviceEnumerator/ui/main/TabSetup.java;real_false_positive
aDoctor;SlowForLoop;/Users/rar9993/repos/research/fdroid_apps/native_apps/aicamera;file:/Users/rar9993/repos/research/fdroid_apps/native_apps/aicamera/app/src/main/java/com/example/chin/instancesegmentation/GalleryActivity.java;real_false_positive
aDoctor;SlowForLoop;/Users/rar9993/repos/research/fdroid_apps/native_apps/com.dynamite.heaterrc;file:/Users/rar9993/repos/research/fdroid_apps/native_apps/com.dynamite.heaterrc/src/com/dynamite/heaterrc/SMSreceiver.java;real_false_positive
aDoctor;SlowForLoop;/Users/rar9993/repos/research/fdroid_apps/native_apps/dodge-android;file:/Users/rar9993/repos/research/fdroid_apps/native_apps/dodge-android/src/com/dozingcatsoftware/dodge/model/Field.java;real_false_positive
aDoctor;SlowForLoop;/Users/rar9993/repos/research/fdroid_apps/native_apps/pmk-android/pmk;file:/Users/rar9993/repos/research/fdroid_apps/native_apps/pmk-android/pmk/src/com/cax/pmk/MCU.java;real_false_positive
aDoctor;SlowForLoop;/Users/rar9993/repos/research/fdroid_apps/native_apps/wave-up-tasker-plugin;file:/src/main/java/com/jarsilio/android/waveup/tasker/EditConfigurationActivity.java;real_false_positive
aDoctor;UnclosedCloseable;/Users/rar9993/repos/research/fdroid_apps/cross_platform_apps/openScale;file:/Users/rar9993/repos/research/fdroid_apps/cross_platform_apps/openScale/android_app/app/src/main/java/com/health/openscale/core/bluetooth/BluetoothYunmaiSE.java;real_false_positive
aDoctor;UnclosedCloseable;/Users/rar9993/repos/research/fdroid_apps/cross_platform_apps/pixelwheels;file:/Users/rar9993/repos/research/fdroid_apps/cross_platform_apps/pixelwheels/core/src/com/agateau/ui/FloatSliderMenuItem.java;real_false_positive
aDoctor;UnclosedCloseable;/Users/rar9993/repos/research/fdroid_apps/cross_platform_apps/pixelwheels;file:/Users/rar9993/repos/research/fdroid_apps/cross_platform_apps/pixelwheels/core/src/com/agateau/ui/menu/MenuItemFocusIndicator.java;real_false_positive
aDoctor;UnclosedCloseable;/Users/rar9993/repos/research/fdroid_apps/cross_platform_apps/pixelwheels;file:/Users/rar9993/repos/research/fdroid_apps/cross_platform_apps/pixelwheels/tools/src/com/agateau/tinywheels/tools/MapPacker.java;real_false_positive
aDoctor;UnclosedCloseable;/Users/rar9993/repos/research/fdroid_apps/cross_platform_apps/stately;file:/Users/rar9993/repos/research/fdroid_apps/cross_platform_apps/stately/Stately/app/src/main/java/com/lloydtorres/stately/helpers/NullActionCallback.java;real_false_positive
aDoctor;UnclosedCloseable;/Users/rar9993/repos/research/fdroid_apps/native_apps/AAT;file:/Users/rar9993/repos/research/fdroid_apps/native_apps/AAT/app/src/main/java/ch/bailu/aat/services/cache/osm_features/Icon.java;real_false_positive
aDoctor;UnclosedCloseable;/Users/rar9993/repos/research/fdroid_apps/native_apps/HanumanChalisa;file:/Users/rar9993/repos/research/fdroid_apps/native_apps/HanumanChalisa/app/src/main/java/com/nandi/hanuman/chalisa/HanumanChalisa.java;real_false_positive
aDoctor;UnclosedCloseable;/Users/rar9993/repos/research/fdroid_apps/native_apps/PocketGopher;file:/Users/rar9993/repos/research/fdroid_apps/native_apps/PocketGopher/app/src/main/java/com/gmail/afonsotrepa/pocketgopher/gopherclient/Activity/HtmlActivity.java;real_false_positive
aDoctor;UnclosedCloseable;/Users/rar9993/repos/research/fdroid_apps/native_apps/Remindly;file:/Users/rar9993/repos/research/fdroid_apps/native_apps/Remindly/app/src/main/java/com/blanyal/remindme/AddReminderActivity.java;real_false_positive
aDoctor;UnclosedCloseable;/Users/rar9993/repos/research/fdroid_apps/native_apps/graph89;file:/Users/rar9993/repos/research/fdroid_apps/native_apps/graph89/app/src/main/java/com/graph89/controls/WhatsNew.java;real_false_positive
aDoctor;UnclosedCloseable;/Users/rar9993/repos/research/fdroid_apps/native_apps/roommates;file:/Users/rar9993/repos/research/fdroid_apps/native_apps/roommates/app/src/main/java/com/mattieapps/roommates/fragments/mates/NewExpenseRentFragment.java;real_false_positive
aDoctor;UnclosedCloseable;/Users/rar9993/repos/research/fdroid_apps/native_apps/vanilla-music-cover-fetch;file:/Users/rar9993/repos/research/fdroid_apps/native_apps/vanilla-music-cover-fetch/app/src/main/java/com/kanedias/vanilla/coverfetch/CoverShowActivity.java;real_false_positive
aDoctor;WakeLock;/Users/rar9993/repos/research/fdroid_apps/native_apps/AcDisplay/project;file:/Users/rar9993/repos/research/fdroid_apps/native_apps/AcDisplay/project/AcDisplay/src/main/java/com/achep/acdisplay/services/activemode/ActiveModeService.java;real_false_positive
aDoctor;WakeLock;/Users/rar9993/repos/research/fdroid_apps/native_apps/AlarmClock;file:/Users/rar9993/repos/research/fdroid_apps/native_apps/AlarmClock/src/com/better/alarm/presenter/AlarmReceiver.java;real_false_positive
aDoctor;WakeLock;/Users/rar9993/repos/research/fdroid_apps/native_apps/AlarmClock;file:/Users/rar9993/repos/research/fdroid_apps/native_apps/AlarmClock/src/com/better/alarm/AlarmKlaxon.java;real_false_positive
aDoctor;WakeLock;/Users/rar9993/repos/research/fdroid_apps/native_apps/AlarmClock;file:/Users/rar9993/repos/research/fdroid_apps/native_apps/AlarmClock/src/main/java/com/better/alarm/background/VibrationService.java;real_false_positive
aDoctor;WakeLock;/Users/rar9993/repos/research/fdroid_apps/native_apps/AlarmClock;file:/Users/rar9993/repos/research/fdroid_apps/native_apps/AlarmClock/src/main/java/com/better/alarm/presenter/background/KlaxonService.java;real_false_positive
aDoctor;WakeLock;/Users/rar9993/repos/research/fdroid_apps/native_apps/AmazeFileManager;file:/Users/rar9993/repos/research/fdroid_apps/native_apps/AmazeFileManager/app/src/main/java/com/amaze/filemanager/services/ssh/tasks/VerifyHostKeyTask.java;real_false_positive
aDoctor;WakeLock;/Users/rar9993/repos/research/fdroid_apps/native_apps/AndrOBD;file:/Users/rar9993/repos/research/fdroid_apps/native_apps/AndrOBD/src/com/fr3ts0n/ecu/gui/androbd/DashBoardActivity.java;real_false_positive
aDoctor;WakeLock;/Users/rar9993/repos/research/fdroid_apps/native_apps/Clock;file:/Users/rar9993/repos/research/fdroid_apps/native_apps/Clock/src/com/android/alarmclock/AlarmKlaxon.java;real_false_positive
aDoctor;WakeLock;/Users/rar9993/repos/research/fdroid_apps/native_apps/Clock;file:/Users/rar9993/repos/research/fdroid_apps/native_apps/Clock/src/com/android/deskclock/data/TimerModel.java;real_false_positive
aDoctor;WakeLock;/Users/rar9993/repos/research/fdroid_apps/native_apps/Clock;file:/Users/rar9993/repos/research/fdroid_apps/native_apps/Clock/src/com/android/deskclock/stopwatch/StopwatchFragment.java;real_false_positive
aDoctor;WakeLock;/Users/rar9993/repos/research/fdroid_apps/native_apps/DekuSMS-Android;file:/Users/rar9993/repos/research/fdroid_apps/native_apps/DekuSMS-Android/app/src/main/java/com/afkanerd/deku/DefaultSMS/AdaptersViewModels/ThreadedConversationsViewModel.java;real_false_positive
aDoctor;WakeLock;/Users/rar9993/repos/research/fdroid_apps/native_apps/Goodtime;file:/Users/rar9993/repos/research/fdroid_apps/native_apps/Goodtime/app/src/main/java/com/apps/adrcotfas/goodtime/TimerService.java;real_false_positive
aDoctor;WakeLock;/Users/rar9993/repos/research/fdroid_apps/native_apps/Intra/Android;file:/Users/rar9993/repos/research/fdroid_apps/native_apps/Intra/Android/app/src/test/java/app/intra/net/doh/ProbeTest.java;real_false_positive
aDoctor;WakeLock;/Users/rar9993/repos/research/fdroid_apps/native_apps/MicDroid;file:/Users/rar9993/repos/research/fdroid_apps/native_apps/MicDroid/app/src/main/java/com/intervigil/micdroid/Mic.java;real_false_positive
aDoctor;WakeLock;/Users/rar9993/repos/research/fdroid_apps/native_apps/aicamera;file:/Users/rar9993/repos/research/fdroid_apps/native_apps/aicamera/app/src/main/java/com/lun/chin/aicamera/CameraConnectionFragment.java;real_false_positive
aDoctor;WakeLock;/Users/rar9993/repos/research/fdroid_apps/native_apps/boardgamegeek4android;file:/Users/rar9993/repos/research/fdroid_apps/native_apps/boardgamegeek4android/app/src/main/java/com/boardgamegeek/sorter/AcquiredFromSorter.java;real_false_positive
aDoctor;WakeLock;/Users/rar9993/repos/research/fdroid_apps/native_apps/boardgamegeek4android;file:/Users/rar9993/repos/research/fdroid_apps/native_apps/boardgamegeek4android/app/src/main/java/com/boardgamegeek/ui/dialog/PrivateInfoDialogFragment.java;real_false_positive
aDoctor;WakeLock;/Users/rar9993/repos/research/fdroid_apps/native_apps/cheogram-android;file:/Users/rar9993/repos/research/fdroid_apps/native_apps/cheogram-android/src/main/java/de/gultsch/minidns/DNSSocket.java;real_false_positive
aDoctor;WakeLock;/Users/rar9993/repos/research/fdroid_apps/native_apps/gelli;file:/Users/rar9993/repos/research/fdroid_apps/native_apps/gelli/app/src/main/java/com/dkanada/gramophone/service/MediaButtonIntentReceiver.java;real_false_positive
aDoctor;WakeLock;/Users/rar9993/repos/research/fdroid_apps/native_apps/hydra-android;file:/Users/rar9993/repos/research/fdroid_apps/native_apps/hydra-android/app/src/main/java/be/ugent/zeus/hydra/common/caching/Cache.java;real_false_positive
aDoctor;WakeLock;/Users/rar9993/repos/research/fdroid_apps/native_apps/hydra-android;file:/Users/rar9993/repos/research/fdroid_apps/native_apps/hydra-android/app/src/main/java/be/ugent/zeus/hydra/service/urgent/MusicService.java;real_false_positive
aDoctor;WakeLock;/Users/rar9993/repos/research/fdroid_apps/native_apps/hydra-android;file:/Users/rar9993/repos/research/fdroid_apps/native_apps/hydra-android/app/src/main/java/be/ugent/zeus/hydra/service/urgent/MusicService2.java;real_false_positive
aDoctor;WakeLock;/Users/rar9993/repos/research/fdroid_apps/native_apps/mediaphone;file:/Users/rar9993/repos/research/fdroid_apps/native_apps/mediaphone/src/ac/robinson/mediaphone/activity/AudioActivity.java;real_false_positive
aDoctor;WakeLock;/Users/rar9993/repos/research/fdroid_apps/native_apps/moonlight-android;file:/Users/rar9993/repos/research/fdroid_apps/native_apps/moonlight-android/app/src/main/java/com/limelight/Game.java;real_false_positive
aDoctor;WakeLock;/Users/rar9993/repos/research/fdroid_apps/native_apps/moonlight-android;file:/Users/rar9993/repos/research/fdroid_apps/native_apps/moonlight-android/moonlight-common/src/main/java/com/limelight/nvstream/NvConnection.java;real_false_positive
aDoctor;WakeLock;/Users/rar9993/repos/research/fdroid_apps/native_apps/threema-android;file:/Users/rar9993/repos/research/fdroid_apps/native_apps/threema-android/app/src/main/java/ch/threema/app/services/notification/NotificationActionService.java;real_false_positive
PMD;AvoidInstantiatingObjectsInLoops;/Users/rar9993/repos/research/fdroid_apps/similar_fdroid_vibe_apps/NotePad;OrgConverter.java;real_false_positive
Lint;LogConditional;/Users/rar9993/AndroidStudioProjects/FlappyBird;GameView.java;real_true_positive
Lint;UselessParent;/Users/rar9993/repos/research/fdroid_apps/similar_fdroid_vibe_apps/privacy-friendly-2048;tutorial_slide3.xml;real_false_positive
aDoctor;SlowForLoop;/Users/rar9993/repos/research/fdroid_apps/similar_fdroid_vibe_apps/Calculator-You;Util.java;real_false_positive
aDoctor;MemberIgnoringMethod;/Users/rar9993/repos/research/fdroid_apps/similar_fdroid_vibe_apps/World-Weather/WorldWeather;BaseCityCursorAdapter.java;real_false_positive
aDoctor;LeakingThread;/Users/rar9993/repos/research/fdroid_apps/similar_fdroid_vibe_apps/World-Weather/WorldWeather;WeatherInfoActivity.java;real_true_positive
aDoctor;UnclosedCloseable;/Users/rar9993/repos/research/fdroid_apps/similar_fdroid_vibe_apps/NotePad;RemoteTaskList.java;real_false_positive
Lint;UselessLeaf;/Users/rar9993/repos/research/fdroid_apps/similar_fdroid_vibe_apps/privacy-friendly-2048;fragment_stats4.xml;real_true_positive
aDoctor;NoLowMemoryResolver;/Users/rar9993/repos/research/fdroid_apps/similar_fdroid_vibe_apps/World-Weather/WorldWeather;WorldWeatherApplication.java;real_true_positive
PMD;AvoidCalendarDateCreation;/Users/rar9993/repos/research/fdroid_apps/similar_fdroid_vibe_apps/NotePad;OrgConverter.java;real_true_positive
aDoctor;LeakingInnerClass;/Users/rar9993/repos/research/fdroid_apps/similar_fdroid_vibe_apps/World-Weather/WorldWeather;CityListFragmentWithUtilityButtons.java;real_false_positive
aDoctor;LeakingInnerClass;/Users/rar9993/repos/research/fdroid_apps/similar_fdroid_vibe_apps/World-Weather/WorldWeather;WeatherInformationDisplayer.java;real_true_positive
aDoctor;NoLowMemoryResolver;/Users/rar9993/repos/research/fdroid_apps/similar_fdroid_vibe_apps/World-Weather/WorldWeather;ThemedActivity.java;real_true_positive
PMD;AvoidArrayLoops;/Users/rar9993/repos/research/fdroid_apps/similar_fdroid_vibe_apps/NotePad;DialogMoveToList.java;real_false_positive
Lint;InefficientWeight;/Users/rar9993/repos/research/fdroid_apps/similar_fdroid_vibe_apps/privacy-friendly-2048;fragment_stats3.xml;real_true_positive
aDoctor;LeakingInnerClass;/Users/rar9993/repos/research/fdroid_apps/similar_fdroid_vibe_apps/World-Weather/WorldWeather;DeleteCityDialog.java;real_true_positive
PMD;UseStringBufferForStringAppends;/Users/rar9993/repos/research/fdroid_apps/similar_fdroid_vibe_apps/World-Weather/WorldWeather;MiscMethods.java;real_true_positive
Lint;SyntheticAccessor;/Users/rar9993/repos/research/fdroid_apps/similar_fdroid_vibe_apps/World-Weather/WorldWeather;CityWeatherCursorAdapter.java;real_false_positive
Lint;UseCompoundDrawables;/Users/rar9993/repos/research/fdroid_apps/similar_fdroid_vibe_apps/World-Weather/WorldWeather;merged_weather_condition_views.xml;real_true_positive
PMD;AvoidInstantiatingObjectsInLoops;/Users/rar9993/repos/research/fdroid_apps/similar_fdroid_vibe_apps/NotePad;Notification.java;real_false_positive
aDoctor;SlowForLoop;/Users/rar9993/repos/research/fdroid_apps/similar_fdroid_vibe_apps/Calculator-You;EvalContext.java;real_false_positive
Lint;UselessParent;/Users/rar9993/repos/research/fdroid_apps/similar_fdroid_vibe_apps/privacy-friendly-2048;fragment_stats3.xml;real_true_positive
PMD;RedundantFieldInitializer;/Users/rar9993/repos/research/fdroid_apps/similar_fdroid_vibe_apps/Calculator-You;Token.java;real_true_positive
aDoctor;DataTransmissionWithoutCompression;/Users/rar9993/repos/research/fdroid_apps/similar_fdroid_vibe_apps/NotePad;OrgProvider.java;real_false_positive
PMD;UseIndexOfChar;/Users/rar9993/repos/research/fdroid_apps/similar_fdroid_vibe_apps/NotePad;TaskDetailFragment.java;real_true_positive
PMD;AvoidFileStream;/Users/rar9993/AndroidStudioProjects/GPTToDoNotes;MainActivity.java;real_true_positive
Lint;UselessParent;/Users/rar9993/repos/research/fdroid_apps/similar_fdroid_vibe_apps/privacy-friendly-2048;activity_game.xml;real_true_positive
PMD;RedundantFieldInitializer;/Users/rar9993/repos/research/fdroid_apps/similar_fdroid_vibe_apps/Calculator-You;FunctionStack.java;real_true_positive
aDoctor;NoLowMemoryResolver;/Users/rar9993/repos/research/fdroid_apps/similar_fdroid_vibe_apps/World-Weather/WorldWeather;CitySearchResultsDialog.java;real_false_positive
aDoctor;NoLowMemoryResolver;/Users/rar9993/AndroidStudioProjects/GPTPhotoGallery;PhotoDetailActivity.java;real_true_positive
aDoctor;MemberIgnoringMethod;/Users/rar9993/repos/research/fdroid_apps/similar_fdroid_vibe_apps/World-Weather/WorldWeather;MainActivity.java;real_false_positive
aDoctor;MemberIgnoringMethod;/Users/rar9993/repos/research/fdroid_apps/similar_fdroid_vibe_apps/World-Weather/WorldWeather;EnterPersonalApiKeyFragment.java;real_false_positive
aDoctor;MemberIgnoringMethod;/Users/rar9993/repos/research/fdroid_apps/similar_fdroid_vibe_apps/World-Weather/WorldWeather;GeneralDialogFragment.java;real_false_positive
PMD;UseStringBufferForStringAppends;/Users/rar9993/repos/research/fdroid_apps/similar_fdroid_vibe_apps/NotePad;TaskListFragment.java;real_true_positive
Lint;DisableBaselineAlignment;/Users/rar9993/repos/research/fdroid_apps/similar_fdroid_vibe_apps/privacy-friendly-2048;activity_game.xml;real_false_positive
SpotBugs;UnreadField;/Users/rar9993/repos/research/fdroid_apps/similar_fdroid_vibe_apps/lato/p;LatoStage.java;real_true_positive
PMD;AvoidFileStream;/Users/rar9993/repos/research/fdroid_apps/similar_fdroid_vibe_apps/NotePad;DocumentFileHelper.java;real_true_positive
Lint;StaticFieldLeak;/Users/rar9993/repos/research/fdroid_apps/similar_fdroid_vibe_apps/World-Weather/WorldWeather;GetAvailableCitiesTask.java;real_true_positive
aDoctor;UnclosedCloseable;/Users/rar9993/AndroidStudioProjects/GPTToDoNotes;NoteDetailActivity.java;real_false_positive
aDoctor;UnclosedCloseable;/Users/rar9993/repos/research/fdroid_apps/similar_fdroid_vibe_apps/NotePad;LegacyDBHelper.java;real_false_positive
PMD;UseStringBufferForStringAppends;/Users/rar9993/repos/research/fdroid_apps/similar_fdroid_vibe_apps/NotePad;Task.java;real_true_positive
aDoctor;NoLowMemoryResolver;/Users/rar9993/repos/research/fdroid_apps/similar_fdroid_vibe_apps/World-Weather/WorldWeather;BaseCityListFragmentWithButtons.java;real_false_positive
Lint;UselessParent;/Users/rar9993/repos/research/fdroid_apps/similar_fdroid_vibe_apps/privacy-friendly-2048;fragment_stats2.xml;real_true_positive
PMD;AvoidFileStream;/Users/rar9993/repos/research/fdroid_apps/similar_fdroid_vibe_apps/NotePad;OrgProvider.java;real_true_positive
Lint;SyntheticAccessor;/Users/rar9993/repos/research/fdroid_apps/similar_fdroid_vibe_apps/Calculator-You;MainFragment.kt;real_unknown
Lint;Overdraw;/Users/rar9993/repos/research/fdroid_apps/similar_fdroid_vibe_apps/privacy-friendly-2048;tutorial_slide1.xml;real_true_positive
Lint;RedundantNamespace;/Users/rar9993/repos/research/fdroid_apps/similar_fdroid_vibe_apps/privacy-friendly-2048;activity_main.xml;real_true_positive
PMD;TooFewBranchesForSwitch;/Users/rar9993/repos/research/fdroid_apps/similar_fdroid_vibe_apps/World-Weather/WorldWeather;WeatherContentProvider.java;real_true_positive
aDoctor;LeakingInnerClass;/Users/rar9993/repos/research/fdroid_apps/similar_fdroid_vibe_apps/World-Weather/WorldWeather;CityUtilitiesCursorAdapter.java;real_false_positive
aDoctor;MemberIgnoringMethod;/Users/rar9993/AndroidStudioProjects/GPTWeather;MainActivity.java;real_false_positive
PMD;AppendCharacterWithChar;/Users/rar9993/repos/research/fdroid_apps/similar_fdroid_vibe_apps/NotePad;ItemProvider.java;real_true_positive
PMD;AvoidInstantiatingObjectsInLoops;/Users/rar9993/repos/research/fdroid_apps/similar_fdroid_vibe_apps/NotePad;JSONBackup.java;real_true_positive
PMD;AvoidInstantiatingObjectsInLoops;/Users/rar9993/repos/research/fdroid_apps/similar_fdroid_vibe_apps/NotePad;AppearancePrefs.java;real_false_positive
PMD;AddEmptyString;/Users/rar9993/repos/research/fdroid_apps/similar_fdroid_vibe_apps/Calculator-You;UnitTest.java;real_true_positive
Lint;Overdraw;/Users/rar9993/repos/research/fdroid_apps/similar_fdroid_vibe_apps/World-Weather/WorldWeather;merged_temperature_and_city_views.xml;real_true_positive
aDoctor;MemberIgnoringMethod;/Users/rar9993/repos/research/fdroid_apps/similar_fdroid_vibe_apps/World-Weather/WorldWeather;WorldWeatherApplication.java;real_true_positive
SpotBugs;ExplicitGarbageCollection;/Users/rar9993/repos/research/fdroid_apps/similar_fdroid_vibe_apps/lato/p;GameManager.java;real_true_positive
DAAP;SlowForLoop;/Users/rar9993/repos/research/fdroid_apps/similar_fdroid_vibe_apps/World-Weather/WorldWeather;WeatherForecastParentFragment.java;real_true_positive
PMD;AddEmptyString;/Users/rar9993/repos/research/fdroid_apps/similar_fdroid_vibe_apps/Calculator-You;Complex.java;real_false_positive
aDoctor;DataTransmissionWithoutCompression;/Users/rar9993/repos/research/fdroid_apps/similar_fdroid_vibe_apps/NotePad;OrgConverter.java;real_false_positive
Lint;ObsoleteLayoutParam;/Users/rar9993/repos/research/fdroid_apps/similar_fdroid_vibe_apps/privacy-friendly-2048;activity_main.xml;real_true_positive
PMD;RedundantFieldInitializer;/Users/rar9993/repos/research/fdroid_apps/similar_fdroid_vibe_apps/privacy-friendly-2048;Gestures.java;real_true_positive
PMD;AvoidFileStream;/Users/rar9993/AndroidStudioProjects/GPTToDoNotes;NoteDetailActivity.java;real_true_positive
DAAP;NoLowMemoryResolver;/Users/rar9993/repos/research/fdroid_apps/similar_fdroid_vibe_apps/World-Weather/WorldWeather;AboutActivity.java;real_false_positive
PMD;AvoidInstantiatingObjectsInLoops;/Users/rar9993/repos/research/fdroid_apps/similar_fdroid_vibe_apps/NotePad;DatabaseHandler.java;real_false_positive
Lint;InefficientWeight;/Users/rar9993/repos/research/fdroid_apps/similar_fdroid_vibe_apps/privacy-friendly-2048;fragment_stats4.xml;real_true_positive
aDoctor;MemberIgnoringMethod;/Users/rar9993/AndroidStudioProjects/game2048;GameView.java;real_true_positive
aDoctor;LeakingThread;/Users/rar9993/repos/research/fdroid_apps/similar_fdroid_vibe_apps/lato/p;RunnableAction.java;real_false_positive
Lint;UselessParent;/Users/rar9993/repos/research/fdroid_apps/similar_fdroid_vibe_apps/World-Weather/WorldWeather;merged_weather_condition_views.xml;real_true_positive
aDoctor;UnclosedCloseable;/Users/rar9993/repos/research/fdroid_apps/similar_fdroid_vibe_apps/NotePad;ExtrasCursorAdapter.java;real_unknown
Lint;Overdraw;/Users/rar9993/AndroidStudioProjects/GPTGame2048;activity_main.xml;real_true_positive
aDoctor;MemberIgnoringMethod;/Users/rar9993/AndroidStudioProjects/game2048;MainActivity.java;real_true_positive
PMD;AvoidInstantiatingObjectsInLoops;/Users/rar9993/repos/research/fdroid_apps/similar_fdroid_vibe_apps/weather-overview;Forecast.java;real_true_positive
Lint;DisableBaselineAlignment;/Users/rar9993/repos/research/fdroid_apps/similar_fdroid_vibe_apps/privacy-friendly-2048;fragment_stats1.xml;real_true_positive
DAAP;NoLowMemoryResolver;/Users/rar9993/repos/research/fdroid_apps/similar_fdroid_vibe_apps/World-Weather/WorldWeather;ThemedActivity.java;real_true_positive
PMD;AvoidCalendarDateCreation;/Users/rar9993/repos/research/fdroid_apps/similar_fdroid_vibe_apps/NotePad;NotificationHelper.java;real_true_positive
DAAP;NoLowMemoryResolver;/Users/rar9993/repos/research/fdroid_apps/similar_fdroid_vibe_apps/World-Weather/WorldWeather;MainActivity.java;real_true_positive
SpotBugs;ExplicitGarbageCollection;/Users/rar9993/repos/research/fdroid_apps/similar_fdroid_vibe_apps/lato/p;LatoGame.java;real_true_positive
PMD;AvoidCalendarDateCreation;/Users/rar9993/repos/research/fdroid_apps/similar_fdroid_vibe_apps/NotePad;TaskDetailFragment.java;real_true_positive
SpotBugs;LeakingInnerClass;/Users/rar9993/repos/research/fdroid_apps/similar_fdroid_vibe_apps/privacy-friendly-2048;GameActivity.java;real_true_positive
PMD;UseStringBufferForStringAppends;/Users/rar9993/repos/research/fdroid_apps/similar_fdroid_vibe_apps/NotePad;DialogDeleteCompletedTasks.java;real_true_positive
aDoctor;SlowForLoop;/Users/rar9993/repos/research/fdroid_apps/similar_fdroid_vibe_apps/Calculator-You;ContextFunction.java;real_true_positive
aDoctor;LeakingInnerClass;/Users/rar9993/repos/research/fdroid_apps/similar_fdroid_vibe_apps/privacy-friendly-2048;GameActivity.java;real_false_positive
Lint;ObsoleteSdkInt;/Users/rar9993/repos/research/fdroid_apps/similar_fdroid_vibe_apps/privacy-friendly-2048;TutorialActivity.java;real_unknown
Lint;UselessLeaf;/Users/rar9993/repos/research/fdroid_apps/similar_fdroid_vibe_apps/privacy-friendly-2048;fragment_stats1.xml;real_true_positive
DAAP;CollectionOfViews;/Users/rar9993/repos/research/fdroid_apps/similar_fdroid_vibe_apps/NotePad;ActivityMain.java;real_false_positive
PMD;RedundantFieldInitializer;/Users/rar9993/AndroidStudioProjects/GPTFlappyBird;GameView.java;real_true_positive
Lint;Overdraw;/Users/rar9993/repos/research/fdroid_apps/similar_fdroid_vibe_apps/Calculator-You;fragment_small_land.xml;real_true_positive
PMD;RedundantFieldInitializer;/Users/rar9993/repos/research/fdroid_apps/similar_fdroid_vibe_apps/Calculator-You;RPN.java;real_true_positive
PMD;UseStringBufferForStringAppends;/Users/rar9993/repos/research/fdroid_apps/similar_fdroid_vibe_apps/World-Weather/WorldWeather;WeatherCurrentInfoFragment.java;real_true_positive
aDoctor;UnclosedCloseable;/Users/rar9993/repos/research/fdroid_apps/similar_fdroid_vibe_apps/NotePad;DialogMoveToList.java;real_false_positive
Lint;LogConditional;/Users/rar9993/repos/research/fdroid_apps/similar_fdroid_vibe_apps/privacy-friendly-2048;DatabaseExporter.java;real_true_positive
Lint;InefficientWeight;/Users/rar9993/repos/research/fdroid_apps/similar_fdroid_vibe_apps/privacy-friendly-2048;activity_about.xml;real_true_positive
PMD;AvoidCalendarDateCreation;/Users/rar9993/repos/research/fdroid_apps/similar_fdroid_vibe_apps/NotePad;Synchronizer.java;real_true_positive
aDoctor;DataTransmissionWithoutCompression;/Users/rar9993/repos/research/fdroid_apps/similar_fdroid_vibe_apps/NotePad;FilePickerHelper.java;real_false_positive
aDoctor;UnclosedCloseable;/Users/rar9993/repos/research/fdroid_apps/similar_fdroid_vibe_apps/NotePad;DialogEditList.java;real_false_positive
PMD;AvoidInstantiatingObjectsInLoops;/Users/rar9993/AndroidStudioProjects/ToDoNotes;FileUtils.java;real_false_positive
aDoctor;MemberIgnoringMethod;/Users/rar9993/repos/research/fdroid_apps/similar_fdroid_vibe_apps/World-Weather/WorldWeather;CityListFragmentWithUtilityButtons.java;real_true_positive
Lint;UselessParent;/Users/rar9993/repos/research/fdroid_apps/similar_fdroid_vibe_apps/privacy-friendly-2048;tutorial_slide1.xml;real_false_positive
aDoctor;NoLowMemoryResolver;/Users/rar9993/repos/research/fdroid_apps/similar_fdroid_vibe_apps/World-Weather/WorldWeather;GeneralDatabaseService.java;real_true_positive
PMD;AvoidInstantiatingObjectsInLoops;/Users/rar9993/repos/research/fdroid_apps/similar_fdroid_vibe_apps/Calculator-You;UnitTest.java;real_false_positive
Lint;SyntheticAccessor;/Users/rar9993/repos/research/fdroid_apps/similar_fdroid_vibe_apps/Calculator-You;HistoryFragment.kt;real_false_positive
Lint;RedundantNamespace;/Users/rar9993/repos/research/fdroid_apps/similar_fdroid_vibe_apps/privacy-friendly-2048;activity_about.xml;real_true_positive
aDoctor;LeakingInnerClass;/Users/rar9993/repos/research/fdroid_apps/similar_fdroid_vibe_apps/NotePad;DialogRestore.java;real_false_positive
Lint;ObsoleteLayoutParam;/Users/rar9993/repos/research/fdroid_apps/similar_fdroid_vibe_apps/privacy-friendly-2048;fragment_stats4.xml;real_true_positive
aDoctor;UnclosedCloseable;/Users/rar9993/repos/research/fdroid_apps/similar_fdroid_vibe_apps/World-Weather/WorldWeather;WeatherContentProvider.java;real_true_positive
aDoctor;DataTransmissionWithoutCompression;/Users/rar9993/repos/research/fdroid_apps/similar_fdroid_vibe_apps/NotePad;SynchronizerInterface.java;real_false_positive
Lint;UselessParent;/Users/rar9993/repos/research/fdroid_apps/similar_fdroid_vibe_apps/privacy-friendly-2048;fragment_stats4.xml;real_true_positive
DAAP;CollectionOfViews;/Users/rar9993/repos/research/fdroid_apps/similar_fdroid_vibe_apps/World-Weather/WorldWeather;CityListFragmentWithUtilityButtons.java;real_false_positive
aDoctor;UnclosedCloseable;/Users/rar9993/repos/research/fdroid_apps/similar_fdroid_vibe_apps/NotePad;taskviewItem.java;real_false_positive
aDoctor;DataTransmissionWithoutCompression;/Users/rar9993/repos/research/fdroid_apps/similar_fdroid_vibe_apps/World-Weather/WorldWeather;DragSortListView.java;real_false_positive
PMD;RedundantFieldInitializer;/Users/rar9993/repos/research/fdroid_apps/similar_fdroid_vibe_apps/privacy-friendly-2048;MainActivity.java;real_true_positive
PMD;AvoidInstantiatingObjectsInLoops;/Users/rar9993/repos/research/fdroid_apps/similar_fdroid_vibe_apps/NotePad;DummyProvider.java;real_true_positive
aDoctor;SlowForLoop;/Users/rar9993/repos/research/fdroid_apps/similar_fdroid_vibe_apps/World-Weather/WorldWeather;FindCitiesQueryProcessor.java;real_true_positive
PMD;AvoidCalendarDateCreation;/Users/rar9993/repos/research/fdroid_apps/similar_fdroid_vibe_apps/NotePad;TaskList.java;real_true_positive
PMD;AvoidCalendarDateCreation;/Users/rar9993/repos/research/fdroid_apps/similar_fdroid_vibe_apps/NotePad;OrgSyncService.java;real_true_positive
Lint;ObsoleteSdkInt;/Users/rar9993/repos/research/fdroid_apps/similar_fdroid_vibe_apps/privacy-friendly-2048;SettingsActivity.java;real_unknown
Lint;LogConditional;/Users/rar9993/repos/research/fdroid_apps/similar_fdroid_vibe_apps/privacy-friendly-2048;MainActivity.java;real_true_positive
aDoctor;DataTransmissionWithoutCompression;/Users/rar9993/repos/research/fdroid_apps/similar_fdroid_vibe_apps/privacy-friendly-2048;StatsActivity.java;real_false_positive
Lint;SyntheticAccessor;/Users/rar9993/repos/research/fdroid_apps/similar_fdroid_vibe_apps/privacy-friendly-2048;Gestures.java;real_true_positive
Lint;DisableBaselineAlignment;/Users/rar9993/repos/research/fdroid_apps/similar_fdroid_vibe_apps/privacy-friendly-2048;fragment_stats2.xml;real_true_positive
PMD;AvoidInstantiatingObjectsInLoops;/Users/rar9993/repos/research/fdroid_apps/similar_fdroid_vibe_apps/NotePad;OrgSyncService.java;real_true_positive
Lint;ObsoleteLayoutParam;/Users/rar9993/repos/research/fdroid_apps/similar_fdroid_vibe_apps/privacy-friendly-2048;fragment_stats3.xml;real_true_positive
aDoctor;LeakingInnerClass;/Users/rar9993/repos/research/fdroid_apps/similar_fdroid_vibe_apps/World-Weather/WorldWeather;WorkerFragmentToRetrieveJsonString.java;real_true_positive
PMD;AvoidFileStream;/Users/rar9993/repos/research/fdroid_apps/similar_fdroid_vibe_apps/weather-overview;ForecastDownloader.java;real_true_positive
aDoctor;SlowForLoop;/Users/rar9993/repos/research/fdroid_apps/similar_fdroid_vibe_apps/World-Weather/WorldWeather;AboutActivity.java;real_true_positive
DAAP;MemberIgnoringMethod;/Users/rar9993/AndroidStudioProjects/game2048;MainActivity.java;real_true_positive
aDoctor;LeakingInnerClass;/Users/rar9993/AndroidStudioProjects/GalleryApp;PhotoAdapter.java;real_false_positive
PMD;UseStringBufferForStringAppends;/Users/rar9993/repos/research/fdroid_apps/similar_fdroid_vibe_apps/privacy-friendly-2048;GameActivity.java;real_true_positive
Lint;SyntheticAccessor;/Users/rar9993/AndroidStudioProjects/game2048;GameView.java;real_true_positive
Lint;ObsoleteLayoutParam;/Users/rar9993/repos/research/fdroid_apps/similar_fdroid_vibe_apps/privacy-friendly-2048;fragment_stats2.xml;real_true_positive
aDoctor;UnclosedCloseable;/Users/rar9993/repos/research/fdroid_apps/similar_fdroid_vibe_apps/World-Weather/WorldWeather;ResourceDragSortCursorAdapter.java;real_false_positive
PMD;AvoidCalendarDateCreation;/Users/rar9993/repos/research/fdroid_apps/similar_fdroid_vibe_apps/NotePad;DatabaseHandler.java;real_unknown
PMD;UseStringBufferForStringAppends;/Users/rar9993/repos/research/fdroid_apps/similar_fdroid_vibe_apps/World-Weather/WorldWeather;WeatherDailyWeatherForecastChildFragment.java;real_true_positive
Lint;ObsoleteSdkInt;/Users/rar9993/repos/research/fdroid_apps/similar_fdroid_vibe_apps/privacy-friendly-2048;BaseActivity.java;real_unknown
PMD;ConsecutiveAppendsShouldReuse;/Users/rar9993/repos/research/fdroid_apps/similar_fdroid_vibe_apps/World-Weather/WorldWeather;AboutActivity.java;real_true_positive
PMD;ConsecutiveLiteralAppends;/Users/rar9993/repos/research/fdroid_apps/similar_fdroid_vibe_apps/World-Weather/WorldWeather;DragSortListView.java;real_true_positive
aDoctor;LeakingInnerClass;/Users/rar9993/repos/research/fdroid_apps/similar_fdroid_vibe_apps/NotePad;WeekDaysView.java;real_false_positive
aDoctor;LeakingInnerClass;/Users/rar9993/repos/research/fdroid_apps/similar_fdroid_vibe_apps/privacy-friendly-2048;MainActivity.java;real_true_positive
Lint;Overdraw;/Users/rar9993/repos/research/fdroid_apps/similar_fdroid_vibe_apps/privacy-friendly-2048;tutorial_slide2.xml;real_true_positive
PMD;RedundantFieldInitializer;/Users/rar9993/repos/research/fdroid_apps/similar_fdroid_vibe_apps/Calculator-You;EvalContext.java;real_true_positive
aDoctor;DataTransmissionWithoutCompression;/Users/rar9993/AndroidStudioProjects/ToDoNotes;FileUtils.java;real_false_positive
PMD;TooFewBranchesForSwitch;/Users/rar9993/repos/research/fdroid_apps/similar_fdroid_vibe_apps/another-notes-app;LinkArrowKeyMovementMethod.java;real_true_positive
aDoctor;LeakingThread;/Users/rar9993/repos/research/fdroid_apps/similar_fdroid_vibe_apps/World-Weather/WorldWeather;DragSortListView.java;real_false_positive
aDoctor;UnclosedCloseable;/Users/rar9993/repos/research/fdroid_apps/similar_fdroid_vibe_apps/NotePad;TextFileProvider.java;real_false_positive
Lint;UseCompoundDrawables;/Users/rar9993/repos/research/fdroid_apps/similar_fdroid_vibe_apps/privacy-friendly-2048;tutorial_slide2.xml;real_true_positive
aDoctor;UnclosedCloseable;/Users/rar9993/repos/research/fdroid_apps/similar_fdroid_vibe_apps/NotePad;DialogRestore.java;real_false_positive
aDoctor;LeakingInnerClass;/Users/rar9993/AndroidStudioProjects/FlappyBird;GameView.java;real_false_positive
PMD;AddEmptyString;/Users/rar9993/repos/research/fdroid_apps/similar_fdroid_vibe_apps/Calculator-You;Symbols.java;real_false_positive
PMD;AddEmptyString;/Users/rar9993/repos/research/fdroid_apps/similar_fdroid_vibe_apps/Calculator-You;Token.java;real_true_positive
PMD;AddEmptyString;/Users/rar9993/repos/research/fdroid_apps/similar_fdroid_vibe_apps/NotePad;DAO.java;real_true_positive
PMD;AddEmptyString;/Users/rar9993/repos/research/fdroid_apps/similar_fdroid_vibe_apps/NotePad;ShortcutConfig.java;real_true_positive
PMD;AddEmptyString;/Users/rar9993/repos/research/fdroid_apps/similar_fdroid_vibe_apps/Calculator-You;Lexer.java;real_true_positive
PMD;AddEmptyString;/Users/rar9993/repos/research/fdroid_apps/similar_fdroid_vibe_apps/privacy-friendly-2048;StatsActivity.java;real_true_positive
PMD;AddEmptyString;/Users/rar9993/repos/research/fdroid_apps/similar_fdroid_vibe_apps/privacy-friendly-2048;GameActivity.java;real_true_positive
PMD;AddEmptyString;/Users/rar9993/repos/research/fdroid_apps/similar_fdroid_vibe_apps/privacy-friendly-2048;Element.java;real_true_positive
PMD;AddEmptyString;/Users/rar9993/repos/research/fdroid_apps/similar_fdroid_vibe_apps/NotePad;taskviewItem.java;real_false_positive
PMD;AppendCharacterWithChar;/Users/rar9993/repos/research/fdroid_apps/similar_fdroid_vibe_apps/NotePad;ActivityMainHelper.java;real_true_positive
PMD;AppendCharacterWithChar;/Users/rar9993/repos/research/fdroid_apps/similar_fdroid_vibe_apps/World-Weather/WorldWeather;AboutActivity.java;real_true_positive
PMD;AppendCharacterWithChar;/Users/rar9993/repos/research/fdroid_apps/similar_fdroid_vibe_apps/NotePad;TitleNoteTextView.java;real_true_positive
PMD;AppendCharacterWithChar;/Users/rar9993/AndroidStudioProjects/GPTToDoNotes;NoteDetailActivity.java;real_true_positive
PMD;AppendCharacterWithChar;/Users/rar9993/repos/research/fdroid_apps/similar_fdroid_vibe_apps/World-Weather/WorldWeather;DragSortListView.java;real_true_positive
PMD;AppendCharacterWithChar;/Users/rar9993/repos/research/fdroid_apps/similar_fdroid_vibe_apps/NotePad;DAO.java;real_true_positive
PMD;AppendCharacterWithChar;/Users/rar9993/AndroidStudioProjects/ScientificCalculator;MainActivity.java;real_true_positive
PMD;AppendCharacterWithChar;/Users/rar9993/repos/research/fdroid_apps/similar_fdroid_vibe_apps/World-Weather/WorldWeather;JsonFetcher.java;real_true_positive
PMD;AppendCharacterWithChar;/Users/rar9993/repos/research/fdroid_apps/similar_fdroid_vibe_apps/NotePad;OrgConverter.java;real_true_positive
PMD;AppendCharacterWithChar;/Users/rar9993/repos/research/fdroid_apps/similar_fdroid_vibe_apps/NotePad;MyContentProvider.java;real_true_positive
PMD;AvoidCalendarDateCreation;/Users/rar9993/repos/research/fdroid_apps/similar_fdroid_vibe_apps/privacy-friendly-2048;GameActivity.java;real_true_positive
PMD;AvoidCalendarDateCreation;/Users/rar9993/repos/research/fdroid_apps/similar_fdroid_vibe_apps/NotePad;TasksExtension.java;real_true_positive
PMD;AvoidCalendarDateCreation;/Users/rar9993/repos/research/fdroid_apps/similar_fdroid_vibe_apps/NotePad;Task.java;real_true_positive
PMD;AvoidFileStream;/Users/rar9993/repos/research/fdroid_apps/similar_fdroid_vibe_apps/NotePad;FileHelper.java;real_true_positive
PMD;AvoidFileStream;/Users/rar9993/repos/research/fdroid_apps/similar_fdroid_vibe_apps/World-Weather/WorldWeather;DragSortListView.java;real_true_positive
PMD;AvoidFileStream;/Users/rar9993/repos/research/fdroid_apps/similar_fdroid_vibe_apps/privacy-friendly-2048;StatsActivity.java;real_true_positive
PMD;AvoidFileStream;/Users/rar9993/AndroidStudioProjects/ToDoNotes;FileUtils.java;real_true_positive
PMD;AvoidFileStream;/Users/rar9993/repos/research/fdroid_apps/similar_fdroid_vibe_apps/NotePad;SDSynchronizer.java;real_true_positive
PMD;AvoidFileStream;/Users/rar9993/repos/research/fdroid_apps/similar_fdroid_vibe_apps/privacy-friendly-2048;GameActivity.java;real_true_positive
PMD;AvoidInstantiatingObjectsInLoops;/Users/rar9993/repos/research/fdroid_apps/similar_fdroid_vibe_apps/NotePad;ListWidgetProvider.java;real_false_positive
PMD;AvoidInstantiatingObjectsInLoops;/Users/rar9993/repos/research/fdroid_apps/similar_fdroid_vibe_apps/World-Weather/WorldWeather;WeatherForecastParentFragment.java;real_false_positive
PMD;AvoidInstantiatingObjectsInLoops;/Users/rar9993/AndroidStudioProjects/game2048;GameView.java;real_true_positive
PMD;AvoidInstantiatingObjectsInLoops;/Users/rar9993/repos/research/fdroid_apps/similar_fdroid_vibe_apps/privacy-friendly-2048;StatsActivity.java;real_false_positive
PMD;AvoidInstantiatingObjectsInLoops;/Users/rar9993/repos/research/fdroid_apps/similar_fdroid_vibe_apps/privacy-friendly-2048;GameActivity.java;real_false_positive
PMD;AvoidInstantiatingObjectsInLoops;/Users/rar9993/repos/research/fdroid_apps/similar_fdroid_vibe_apps/NotePad;DBSyncBase.java;real_false_positive
PMD;AvoidInstantiatingObjectsInLoops;/Users/rar9993/repos/research/fdroid_apps/similar_fdroid_vibe_apps/NotePad;FragmentSearchDeleted.java;real_true_positive
PMD;AvoidInstantiatingObjectsInLoops;/Users/rar9993/repos/research/fdroid_apps/similar_fdroid_vibe_apps/privacy-friendly-2048;DatabaseExporter.java;real_false_positive
PMD;AvoidInstantiatingObjectsInLoops;/Users/rar9993/repos/research/fdroid_apps/similar_fdroid_vibe_apps/NotePad;SDSynchronizer.java;real_false_positive
PMD;AvoidInstantiatingObjectsInLoops;/Users/rar9993/AndroidStudioProjects/GPTGame2048;MainActivity.java;real_true_positive
PMD;AvoidInstantiatingObjectsInLoops;/Users/rar9993/repos/research/fdroid_apps/similar_fdroid_vibe_apps/Calculator-You;CompiledFunction.java;real_false_positive
PMD;AvoidInstantiatingObjectsInLoops;/Users/rar9993/repos/research/fdroid_apps/similar_fdroid_vibe_apps/NotePad;TextFileProvider.java;real_false_positive
PMD;AvoidInstantiatingObjectsInLoops;/Users/rar9993/repos/research/fdroid_apps/similar_fdroid_vibe_apps/NotePad;TaskDetailFragment.java;real_false_positive
PMD;AvoidInstantiatingObjectsInLoops;/Users/rar9993/repos/research/fdroid_apps/similar_fdroid_vibe_apps/privacy-friendly-2048;PFASQLiteHelper.java;real_false_positive
PMD;AvoidInstantiatingObjectsInLoops;/Users/rar9993/repos/research/fdroid_apps/similar_fdroid_vibe_apps/World-Weather/WorldWeather;CityTable.java;real_true_positive
PMD;AvoidInstantiatingObjectsInLoops;/Users/rar9993/repos/research/fdroid_apps/similar_fdroid_vibe_apps/NotePad;Synchronizer.java;real_true_positive
PMD;AvoidInstantiatingObjectsInLoops;/Users/rar9993/repos/research/fdroid_apps/similar_fdroid_vibe_apps/NotePad;UpdateNotifier.java;real_false_positive
SpotBugs;BoxedPrimitiveForParsing;/Users/rar9993/repos/research/fdroid_apps/similar_fdroid_vibe_apps/weather-overview;HourlyWeatherAdapter.java;real_true_positive
DAAP;CollectionOfViews;/Users/rar9993/repos/research/fdroid_apps/similar_fdroid_vibe_apps/World-Weather/WorldWeather;DragSortController.java;real_false_positive
DAAP;CollectionOfViews;/Users/rar9993/repos/research/fdroid_apps/similar_fdroid_vibe_apps/privacy-friendly-2048;MainActivity.java;real_true_positive
DAAP;CollectionOfViews;/Users/rar9993/repos/research/fdroid_apps/similar_fdroid_vibe_apps/NotePad;TaskListFragment.java;real_false_positive
DAAP;CollectionOfViews;/Users/rar9993/repos/research/fdroid_apps/similar_fdroid_vibe_apps/World-Weather/WorldWeather;DeleteCityDialog.java;real_false_positive
DAAP;CollectionOfViews;/Users/rar9993/repos/research/fdroid_apps/similar_fdroid_vibe_apps/World-Weather/WorldWeather;SimpleFloatViewManager.java;real_false_positive
DAAP;CollectionOfViews;/Users/rar9993/repos/research/fdroid_apps/similar_fdroid_vibe_apps/World-Weather/WorldWeather;CityListFragmentWithWeatherButtons.java;real_false_positive
DAAP;CollectionOfViews;/Users/rar9993/repos/research/fdroid_apps/similar_fdroid_vibe_apps/privacy-friendly-2048;TutorialActivity.java;real_true_positive
PMD;ConsecutiveAppendsShouldReuse;/Users/rar9993/repos/research/fdroid_apps/similar_fdroid_vibe_apps/privacy-friendly-2048;StatsActivity.java;real_true_positive
PMD;ConsecutiveAppendsShouldReuse;/Users/rar9993/repos/research/fdroid_apps/similar_fdroid_vibe_apps/NotePad;DAO.java;real_true_positive
PMD;ConsecutiveAppendsShouldReuse;/Users/rar9993/repos/research/fdroid_apps/similar_fdroid_vibe_apps/World-Weather/WorldWeather;DragSortListView.java;real_true_positive
aDoctor;DataTransmissionWithoutCompression;/Users/rar9993/repos/research/fdroid_apps/similar_fdroid_vibe_apps/NotePad;RemoteTaskListFile.java;real_false_positive
aDoctor;DataTransmissionWithoutCompression;/Users/rar9993/repos/research/fdroid_apps/similar_fdroid_vibe_apps/NotePad;DBSyncBase.java;real_false_positive
aDoctor;DataTransmissionWithoutCompression;/Users/rar9993/repos/research/fdroid_apps/similar_fdroid_vibe_apps/privacy-friendly-2048;MainActivity.java;real_false_positive
aDoctor;DataTransmissionWithoutCompression;/Users/rar9993/repos/research/fdroid_apps/similar_fdroid_vibe_apps/NotePad;TextFileProvider.java;real_false_positive
aDoctor;DataTransmissionWithoutCompression;/Users/rar9993/repos/research/fdroid_apps/similar_fdroid_vibe_apps/NotePad;SDSynchronizer.java;real_false_positive
aDoctor;DataTransmissionWithoutCompression;/Users/rar9993/AndroidStudioProjects/GPTToDoNotes;MainActivity.java;real_false_positive
aDoctor;DataTransmissionWithoutCompression;/Users/rar9993/repos/research/fdroid_apps/similar_fdroid_vibe_apps/weather-overview;ForecastDownloader.java;real_true_positive
aDoctor;DataTransmissionWithoutCompression;/Users/rar9993/repos/research/fdroid_apps/similar_fdroid_vibe_apps/NotePad;FileHelper.java;real_false_positive
aDoctor;DataTransmissionWithoutCompression;/Users/rar9993/AndroidStudioProjects/GPTToDoNotes;NoteAdapter.java;real_false_positive
aDoctor;DataTransmissionWithoutCompression;/Users/rar9993/AndroidStudioProjects/GPTToDoNotes;NoteListActivity.java;real_false_positive
aDoctor;DataTransmissionWithoutCompression;/Users/rar9993/repos/research/fdroid_apps/similar_fdroid_vibe_apps/privacy-friendly-2048;GameActivity.java;real_false_positive
aDoctor;DataTransmissionWithoutCompression;/Users/rar9993/repos/research/fdroid_apps/similar_fdroid_vibe_apps/NotePad;DocumentFileHelper.java;real_false_positive
aDoctor;DataTransmissionWithoutCompression;/Users/rar9993/repos/research/fdroid_apps/similar_fdroid_vibe_apps/NotePad;DialogRestoreBackup.java;real_false_positive
aDoctor;DataTransmissionWithoutCompression;/Users/rar9993/repos/research/fdroid_apps/similar_fdroid_vibe_apps/NotePad;DragSortListView.java;real_false_positive
aDoctor;DataTransmissionWithoutCompression;/Users/rar9993/AndroidStudioProjects/GPTToDoNotes;NoteDetailActivity.java;real_false_positive
aDoctor;DataTransmissionWithoutCompression;/Users/rar9993/repos/research/fdroid_apps/similar_fdroid_vibe_apps/NotePad;JSONBackup.java;real_false_positive
aDoctor;DataTransmissionWithoutCompression;/Users/rar9993/repos/research/fdroid_apps/similar_fdroid_vibe_apps/NotePad;Synchronizer.java;real_unknown
SpotBugs;ExplicitGarbageCollection;/Users/rar9993/repos/research/fdroid_apps/similar_fdroid_vibe_apps/lato/p;TerrainManager.java;real_true_positive
aDoctor;HashmapUsage;/Users/rar9993/repos/research/fdroid_apps/similar_fdroid_vibe_apps/NotePad;TaskListFragment.java;real_true_positive
aDoctor;HashmapUsage;/Users/rar9993/repos/research/fdroid_apps/similar_fdroid_vibe_apps/NotePad;DatabaseHandler.java;real_false_positive
aDoctor;HashmapUsage;/Users/rar9993/repos/research/fdroid_apps/similar_fdroid_vibe_apps/NotePad;DBSyncBase.java;real_true_positive
Lint;DrawAllocation;/Users/rar9993/AndroidStudioProjects/game2048;GameView.java;real_false_positive
PMD;InefficientStringBuffering;/Users/rar9993/repos/research/fdroid_apps/similar_fdroid_vibe_apps/NotePad;ItemProvider.java;real_true_positive
Lint;LogConditional;/Users/rar9993/AndroidStudioProjects/ToDoNotes;FileUtils.java;real_true_positive
Lint;LogConditional;/Users/rar9993/AndroidStudioProjects/WeatherApp;MainActivity.java;real_true_positive
Lint;LogConditional;/Users/rar9993/AndroidStudioProjects/ToDoNotes;MainActivity.kt;real_true_positive
Lint;LogConditional;/Users/rar9993/AndroidStudioProjects/ToDoNotes;DriveServiceHelper.kt;real_true_positive
Lint;LogConditional;/Users/rar9993/repos/research/fdroid_apps/similar_fdroid_vibe_apps/privacy-friendly-2048;GameActivity.java;real_true_positive
Lint;LogConditional;/Users/rar9993/repos/research/fdroid_apps/similar_fdroid_vibe_apps/privacy-friendly-2048;PFASQLiteHelper.java;real_true_positive
aDoctor;MemberIgnoringMethod;/Users/rar9993/repos/research/fdroid_apps/similar_fdroid_vibe_apps/World-Weather/WorldWeather;GetAvailableCitiesTask.java;real_true_positive
DAAP;MemberIgnoringMethod;/Users/rar9993/AndroidStudioProjects/GPTPhotoGallery;MainActivity.java;real_false_positive
DAAP;MemberIgnoringMethod;/Users/rar9993/AndroidStudioProjects/GPTWeather;MainActivity.java;real_false_positive
aDoctor;MemberIgnoringMethod;/Users/rar9993/repos/research/fdroid_apps/similar_fdroid_vibe_apps/World-Weather/WorldWeather;CityUtilitiesCursorAdapter.java;real_false_positive
aDoctor;MemberIgnoringMethod;/Users/rar9993/repos/research/fdroid_apps/similar_fdroid_vibe_apps/World-Weather/WorldWeather;WeatherForecastParentFragment.java;real_false_positive
aDoctor;MemberIgnoringMethod;/Users/rar9993/repos/research/fdroid_apps/similar_fdroid_vibe_apps/World-Weather/WorldWeather;DatabaseHelper.java;real_false_positive
aDoctor;MemberIgnoringMethod;/Users/rar9993/repos/research/fdroid_apps/similar_fdroid_vibe_apps/World-Weather/WorldWeather;AddCityFragment.java;real_true_positive
PMD;RedundantFieldInitializer;/Users/rar9993/repos/research/fdroid_apps/similar_fdroid_vibe_apps/privacy-friendly-2048;GameState.java;real_true_positive
aDoctor;MemberIgnoringMethod;/Users/rar9993/repos/research/fdroid_apps/similar_fdroid_vibe_apps/beat-feet/core;GdxTestRunner.java;real_false_positive
DAAP;MemberIgnoringMethod;/Users/rar9993/AndroidStudioProjects/GPTPhotoGallery;PhotoDetailActivity.java;real_false_positive
aDoctor;MemberIgnoringMethod;/Users/rar9993/repos/research/fdroid_apps/similar_fdroid_vibe_apps/World-Weather/WorldWeather;SqlOperation.java;real_true_positive
aDoctor;MemberIgnoringMethod;/Users/rar9993/repos/research/fdroid_apps/similar_fdroid_vibe_apps/World-Weather/WorldWeather;RefreshingActivity.java;real_true_positive
aDoctor;MemberIgnoringMethod;/Users/rar9993/repos/research/fdroid_apps/similar_fdroid_vibe_apps/World-Weather/WorldWeather;AboutActivity.java;real_true_positive
aDoctor;MemberIgnoringMethod;/Users/rar9993/repos/research/fdroid_apps/similar_fdroid_vibe_apps/World-Weather/WorldWeather;CitySearchResultsDialog.java;real_true_positive
aDoctor;MemberIgnoringMethod;/Users/rar9993/AndroidStudioProjects/GPTPhotoGallery;MainActivity.java;real_false_positive
DAAP;MemberIgnoringMethod;/Users/rar9993/AndroidStudioProjects/game2048;GameView.java;real_true_positive
aDoctor;MemberIgnoringMethod;/Users/rar9993/repos/research/fdroid_apps/similar_fdroid_vibe_apps/World-Weather/WorldWeather;DeleteCityDialog.java;real_true_positive
aDoctor;MemberIgnoringMethod;/Users/rar9993/repos/research/fdroid_apps/similar_fdroid_vibe_apps/World-Weather/WorldWeather;SettingsActivity.java;real_false_positive
aDoctor;MemberIgnoringMethod;/Users/rar9993/repos/research/fdroid_apps/similar_fdroid_vibe_apps/World-Weather/WorldWeather;CityManagementActivity.java;real_true_positive
aDoctor;MemberIgnoringMethod;/Users/rar9993/repos/research/fdroid_apps/similar_fdroid_vibe_apps/World-Weather/WorldWeather;BaseCityListFragmentWithButtons.java;real_true_positive
aDoctor;MemberIgnoringMethod;/Users/rar9993/repos/research/fdroid_apps/similar_fdroid_vibe_apps/World-Weather/WorldWeather;CityListFragmentWithWeatherButtons.java;real_true_positive
Lint;MergeRootFrame;/Users/rar9993/AndroidStudioProjects/FlappyBird;activity_main.xml;real_false_positive
SpotBugs;NextIntViaNextDouble;/Users/rar9993/repos/research/fdroid_apps/similar_fdroid_vibe_apps/privacy-friendly-2048;GameActivity.java;real_false_positive
DAAP;NoLowMemoryResolver;/Users/rar9993/repos/research/fdroid_apps/similar_fdroid_vibe_apps/World-Weather/WorldWeather;SettingsActivity.java;real_unknown
aDoctor;NoLowMemoryResolver;/Users/rar9993/repos/research/fdroid_apps/similar_fdroid_vibe_apps/World-Weather/WorldWeather;DeleteCityDialog.java;real_false_positive
DAAP;NoLowMemoryResolver;/Users/rar9993/AndroidStudioProjects/GPTWeather;MainActivity.java;real_true_positive
aDoctor;NoLowMemoryResolver;/Users/rar9993/AndroidStudioProjects/GPTPhotoGallery;MainActivity.java;real_true_positive
DAAP;NoLowMemoryResolver;/Users/rar9993/repos/research/fdroid_apps/similar_fdroid_vibe_apps/World-Weather/WorldWeather;CityManagementActivity.java;real_unknown
aDoctor;NoLowMemoryResolver;/Users/rar9993/AndroidStudioProjects/game2048;MainActivity.java;real_true_positive
aDoctor;NoLowMemoryResolver;/Users/rar9993/repos/research/fdroid_apps/similar_fdroid_vibe_apps/World-Weather/WorldWeather;AddCityFragment.java;real_false_positive
aDoctor;NoLowMemoryResolver;/Users/rar9993/repos/research/fdroid_apps/similar_fdroid_vibe_apps/World-Weather/WorldWeather;WeatherForecastParentFragment.java;real_false_positive
aDoctor;NoLowMemoryResolver;/Users/rar9993/AndroidStudioProjects/GPTWeather;MainActivity.java;real_true_positive
DAAP;NoLowMemoryResolver;/Users/rar9993/AndroidStudioProjects/GPTPhotoGallery;MainActivity.java;real_true_positive
aDoctor;NoLowMemoryResolver;/Users/rar9993/repos/research/fdroid_apps/similar_fdroid_vibe_apps/World-Weather/WorldWeather;WorkerFragmentToRetrieveJsonString.java;real_false_positive
aDoctor;NoLowMemoryResolver;/Users/rar9993/repos/research/fdroid_apps/similar_fdroid_vibe_apps/World-Weather/WorldWeather;WeatherThreeHourlyForecastChildListFragment.java;real_false_positive
aDoctor;NoLowMemoryResolver;/Users/rar9993/repos/research/fdroid_apps/similar_fdroid_vibe_apps/World-Weather/WorldWeather;GeneralDialogFragment.java;real_false_positive
aDoctor;NoLowMemoryResolver;/Users/rar9993/repos/research/fdroid_apps/similar_fdroid_vibe_apps/World-Weather/WorldWeather;WeatherInfoFragment.java;real_false_positive
DAAP;NoLowMemoryResolver;/Users/rar9993/AndroidStudioProjects/GPTPhotoGallery;PhotoDetailActivity.java;real_true_positive
aDoctor;NoLowMemoryResolver;/Users/rar9993/repos/research/fdroid_apps/similar_fdroid_vibe_apps/World-Weather/WorldWeather;SettingsFragment.java;real_false_positive
DAAP;NoLowMemoryResolver;/Users/rar9993/repos/research/fdroid_apps/similar_fdroid_vibe_apps/World-Weather/WorldWeather;RefreshingActivity.java;real_unknown
aDoctor;NoLowMemoryResolver;/Users/rar9993/repos/research/fdroid_apps/similar_fdroid_vibe_apps/World-Weather/WorldWeather;EnterPersonalApiKeyFragment.java;real_false_positive
aDoctor;NoLowMemoryResolver;/Users/rar9993/repos/research/fdroid_apps/similar_fdroid_vibe_apps/World-Weather/WorldWeather;WeatherContentProvider.java;real_false_positive
DAAP;NoLowMemoryResolver;/Users/rar9993/AndroidStudioProjects/game2048;MainActivity.java;real_true_positive
aDoctor;NoLowMemoryResolver;/Users/rar9993/repos/research/fdroid_apps/similar_fdroid_vibe_apps/World-Weather/WorldWeather;IconCacheRetainFragment.java;real_false_positive
PMD;RedundantFieldInitializer;/Users/rar9993/repos/research/fdroid_apps/similar_fdroid_vibe_apps/NotePad;RemoteTask.java;real_true_positive
PMD;RedundantFieldInitializer;/Users/rar9993/repos/research/fdroid_apps/similar_fdroid_vibe_apps/NotePad;DatabaseHandler.java;real_true_positive
PMD;RedundantFieldInitializer;/Users/rar9993/repos/research/fdroid_apps/similar_fdroid_vibe_apps/Calculator-You;Symbol.java;real_true_positive
PMD;RedundantFieldInitializer;/Users/rar9993/AndroidStudioProjects/FlappyBird;GameView.java;real_true_positive
PMD;RedundantFieldInitializer;/Users/rar9993/repos/research/fdroid_apps/similar_fdroid_vibe_apps/privacy-friendly-2048;GameActivity.java;real_true_positive
PMD;RedundantFieldInitializer;/Users/rar9993/repos/research/fdroid_apps/similar_fdroid_vibe_apps/privacy-friendly-2048;Element.java;real_true_positive
PMD;RedundantFieldInitializer;/Users/rar9993/repos/research/fdroid_apps/similar_fdroid_vibe_apps/NotePad;ActivityTaskHistory.java;real_true_positive
PMD;RedundantFieldInitializer;/Users/rar9993/repos/research/fdroid_apps/similar_fdroid_vibe_apps/World-Weather/WorldWeather;DragSortController.java;real_true_positive
PMD;RedundantFieldInitializer;/Users/rar9993/repos/research/fdroid_apps/similar_fdroid_vibe_apps/Calculator-You;ByteStack.java;real_true_positive
PMD;RedundantFieldInitializer;/Users/rar9993/repos/research/fdroid_apps/similar_fdroid_vibe_apps/World-Weather/WorldWeather;AppThemeListPreference.java;real_true_positive
PMD;RedundantFieldInitializer;/Users/rar9993/repos/research/fdroid_apps/similar_fdroid_vibe_apps/privacy-friendly-2048;FirstLaunchManager.java;real_true_positive
PMD;RedundantFieldInitializer;/Users/rar9993/repos/research/fdroid_apps/similar_fdroid_vibe_apps/Calculator-You;UnitTest.java;real_true_positive
PMD;RedundantFieldInitializer;/Users/rar9993/repos/research/fdroid_apps/similar_fdroid_vibe_apps/NotePad;Notification.java;real_true_positive
PMD;RedundantFieldInitializer;/Users/rar9993/repos/research/fdroid_apps/similar_fdroid_vibe_apps/World-Weather/WorldWeather;DragSortListView.java;real_true_positive
PMD;RedundantFieldInitializer;/Users/rar9993/AndroidStudioProjects/game2048;GameView.java;real_true_positive
PMD;RedundantFieldInitializer;/Users/rar9993/AndroidStudioProjects/GPTFlappyBird;Bird.java;real_true_positive
PMD;RedundantFieldInitializer;/Users/rar9993/repos/research/fdroid_apps/similar_fdroid_vibe_apps/Calculator-You;Symbols.java;real_true_positive
PMD;RedundantFieldInitializer;/Users/rar9993/repos/research/fdroid_apps/similar_fdroid_vibe_apps/NotePad;ActivityMain.java;real_true_positive
PMD;RedundantFieldInitializer;/Users/rar9993/repos/research/fdroid_apps/similar_fdroid_vibe_apps/privacy-friendly-2048;GameStatistics.java;real_true_positive
PMD;RedundantFieldInitializer;/Users/rar9993/repos/research/fdroid_apps/similar_fdroid_vibe_apps/Calculator-You;Function.java;real_true_positive
PMD;RedundantFieldInitializer;/Users/rar9993/repos/research/fdroid_apps/similar_fdroid_vibe_apps/NotePad;DummyProvider.java;real_true_positive
PMD;RedundantFieldInitializer;/Users/rar9993/repos/research/fdroid_apps/similar_fdroid_vibe_apps/Calculator-You;DoubleStack.java;real_true_positive
Lint;RedundantNamespace;/Users/rar9993/repos/research/fdroid_apps/similar_fdroid_vibe_apps/privacy-friendly-2048;splash_screen.xml;real_true_positive
Lint;RedundantNamespace;/Users/rar9993/repos/research/fdroid_apps/similar_fdroid_vibe_apps/privacy-friendly-2048;activity_game.xml;real_true_positive
Lint;RedundantNamespace;/Users/rar9993/repos/research/fdroid_apps/similar_fdroid_vibe_apps/privacy-friendly-2048;activity_help.xml;real_true_positive
DAAP;SlowForLoop;/Users/rar9993/repos/research/fdroid_apps/similar_fdroid_vibe_apps/World-Weather/WorldWeather;AboutActivity.java;real_false_positive
aDoctor;SlowForLoop;/Users/rar9993/repos/research/fdroid_apps/similar_fdroid_vibe_apps/Calculator-You;DoubleStack.java;real_false_positive
aDoctor;SlowForLoop;/Users/rar9993/repos/research/fdroid_apps/similar_fdroid_vibe_apps/World-Weather/WorldWeather;MainActivity.java;real_true_positive
aDoctor;SlowForLoop;/Users/rar9993/repos/research/fdroid_apps/similar_fdroid_vibe_apps/World-Weather/WorldWeather;WeatherForecastParentFragment.java;real_false_positive
aDoctor;SlowForLoop;/Users/rar9993/repos/research/fdroid_apps/similar_fdroid_vibe_apps/Calculator-You;CompiledFunction.java.orig;real_true_positive
DAAP;SlowForLoop;/Users/rar9993/repos/research/fdroid_apps/similar_fdroid_vibe_apps/World-Weather/WorldWeather;AppThemeListPreference.java;real_true_positive
DAAP;SlowForLoop;/Users/rar9993/repos/research/fdroid_apps/similar_fdroid_vibe_apps/World-Weather/WorldWeather;SimpleDragSortCursorAdapter.java;real_false_positive
aDoctor;SlowForLoop;/Users/rar9993/repos/research/fdroid_apps/similar_fdroid_vibe_apps/Calculator-You;Symbols.java;real_true_positive
DAAP;SlowForLoop;/Users/rar9993/AndroidStudioProjects/game2048;GameView.java;real_true_positive
aDoctor;SlowForLoop;/Users/rar9993/repos/research/fdroid_apps/similar_fdroid_vibe_apps/World-Weather/WorldWeather;DragSortCursorAdapter.java;real_false_positive
aDoctor;SlowForLoop;/Users/rar9993/repos/research/fdroid_apps/similar_fdroid_vibe_apps/Calculator-You;CompiledFunction.java;real_true_positive
aDoctor;SlowForLoop;/Users/rar9993/repos/research/fdroid_apps/similar_fdroid_vibe_apps/Calculator-You;MoreMath.java;real_true_positive
aDoctor;SlowForLoop;/Users/rar9993/AndroidStudioProjects/game2048;GameView.java;real_false_positive
aDoctor;SlowForLoop;/Users/rar9993/repos/research/fdroid_apps/similar_fdroid_vibe_apps/Calculator-You;Complex.java;real_true_positive
DAAP;SlowForLoop;/Users/rar9993/repos/research/fdroid_apps/similar_fdroid_vibe_apps/World-Weather/WorldWeather;FindCitiesQueryProcessor.java;real_true_positive
Lint;UseValueOf;/Users/rar9993/repos/research/fdroid_apps/similar_fdroid_vibe_apps/privacy-friendly-2048;StatsActivity.java;real_false_positive
PMD;UseStringBufferForStringAppends;/Users/rar9993/repos/research/fdroid_apps/similar_fdroid_vibe_apps/NotePad;Notification.java;real_true_positive
PMD;UseStringBufferForStringAppends;/Users/rar9993/repos/research/fdroid_apps/similar_fdroid_vibe_apps/World-Weather/WorldWeather;CitySearchResultsDialog.java;real_true_positive
PMD;UseStringBufferForStringAppends;/Users/rar9993/repos/research/fdroid_apps/similar_fdroid_vibe_apps/World-Weather/WorldWeather;AboutActivity.java;real_true_positive
PMD;UseStringBufferForStringAppends;/Users/rar9993/repos/research/fdroid_apps/similar_fdroid_vibe_apps/World-Weather/WorldWeather;WeatherInformationDisplayer.java;real_true_positive
PMD;TooFewBranchesForSwitch;/Users/rar9993/repos/research/fdroid_apps/similar_fdroid_vibe_apps/World-Weather/WorldWeather;DragSortListView.java;real_true_positive
PMD;TooFewBranchesForSwitch;/Users/rar9993/repos/research/fdroid_apps/similar_fdroid_vibe_apps/NotePad;ItemProvider.java;real_true_positive
PMD;TooFewBranchesForSwitch;/Users/rar9993/repos/research/fdroid_apps/similar_fdroid_vibe_apps/privacy-friendly-2048;StatsActivity.java;real_true_positive
PMD;TooFewBranchesForSwitch;/Users/rar9993/repos/research/fdroid_apps/similar_fdroid_vibe_apps/weather-overview;MainActivity.java;real_true_positive
PMD;TooFewBranchesForSwitch;/Users/rar9993/repos/research/fdroid_apps/similar_fdroid_vibe_apps/NotePad;DummyProvider.java;real_true_positive
PMD;TooFewBranchesForSwitch;/Users/rar9993/AndroidStudioProjects/GPTFlappyBird;GameView.java;real_true_positive
PMD;TooFewBranchesForSwitch;/Users/rar9993/repos/research/fdroid_apps/similar_fdroid_vibe_apps/NotePad;OrgProvider.java;real_true_positive
PMD;TooFewBranchesForSwitch;/Users/rar9993/repos/research/fdroid_apps/similar_fdroid_vibe_apps/World-Weather/WorldWeather;ThemedActivity.java;real_true_positive
aDoctor;UnclosedCloseable;/Users/rar9993/repos/research/fdroid_apps/similar_fdroid_vibe_apps/World-Weather/WorldWeather;CityWeatherCursorAdapter.java;real_false_positive
aDoctor;UnclosedCloseable;/Users/rar9993/repos/research/fdroid_apps/similar_fdroid_vibe_apps/World-Weather/WorldWeather;SimpleDragSortCursorAdapter.java;real_false_positive
aDoctor;UnclosedCloseable;/Users/rar9993/repos/research/fdroid_apps/similar_fdroid_vibe_apps/NotePad;ExtraTypesCursorAdapter.java;real_false_positive
aDoctor;UnclosedCloseable;/Users/rar9993/repos/research/fdroid_apps/similar_fdroid_vibe_apps/NotePad;FragmentSearch.java;real_false_positive
aDoctor;UnclosedCloseable;/Users/rar9993/repos/research/fdroid_apps/similar_fdroid_vibe_apps/World-Weather/WorldWeather;DragSortCursorAdapter.java;real_false_positive
aDoctor;UnclosedCloseable;/Users/rar9993/repos/research/fdroid_apps/similar_fdroid_vibe_apps/World-Weather/WorldWeather;BaseCityListFragmentWithButtons.java;real_false_positive
aDoctor;UnclosedCloseable;/Users/rar9993/repos/research/fdroid_apps/similar_fdroid_vibe_apps/NotePad;TaskListFragment.java;real_true_positive
Lint;UseCompoundDrawables;/Users/rar9993/repos/research/fdroid_apps/similar_fdroid_vibe_apps/World-Weather/WorldWeather;row_three_hourly_forecast.xml;real_true_positive
Lint;UseCompoundDrawables;/Users/rar9993/repos/research/fdroid_apps/similar_fdroid_vibe_apps/privacy-friendly-2048;tutorial_slide4.xml;real_true_positive
Lint;UseCompoundDrawables;/Users/rar9993/repos/research/fdroid_apps/similar_fdroid_vibe_apps/privacy-friendly-2048;tutorial_slide1.xml;real_true_positive
Lint;UseCompoundDrawables;/Users/rar9993/repos/research/fdroid_apps/similar_fdroid_vibe_apps/privacy-friendly-2048;tutorial_slide3.xml;real_true_positive
PMD;UseIndexOfChar;/Users/rar9993/repos/research/fdroid_apps/similar_fdroid_vibe_apps/NotePad;ProviderHelper.java;real_true_positive
PMD;UseIndexOfChar;/Users/rar9993/repos/research/fdroid_apps/similar_fdroid_vibe_apps/NotePad;StyledEditText.java;real_true_positive
PMD;UseIndexOfChar;/Users/rar9993/repos/research/fdroid_apps/similar_fdroid_vibe_apps/NotePad;TitleNoteTextView.java;real_true_positive
PMD;UseIndexOfChar;/Users/rar9993/repos/research/fdroid_apps/similar_fdroid_vibe_apps/NotePad;Task.java;real_true_positive
PMD;UseStringBufferForStringAppends;/Users/rar9993/repos/research/fdroid_apps/similar_fdroid_vibe_apps/NotePad;TasksExtension.java;real_true_positive
PMD;UseStringBufferForStringAppends;/Users/rar9993/repos/research/fdroid_apps/similar_fdroid_vibe_apps/privacy-friendly-2048;GameState.java;real_true_positive
aDoctor;SlowForLoop;/Users/rar9993/repos/research/fdroid_apps/similar_fdroid_vibe_apps/World-Weather/WorldWeather;AppThemeListPreference.java;real_false_positive
aDoctor;SlowForLoop;/Users/rar9993/repos/research/fdroid_apps/similar_fdroid_vibe_apps/World-Weather/WorldWeather;DragSortListView.java;real_true_positive
aDoctor;SlowForLoop;/Users/rar9993/repos/research/fdroid_apps/similar_fdroid_vibe_apps/Calculator-You;Function.java;real_false_positive
DAAP;SlowForLoop;/Users/rar9993/repos/research/fdroid_apps/similar_fdroid_vibe_apps/World-Weather/WorldWeather;DragSortListView.java;real_true_positive
aDoctor;SlowForLoop;/Users/rar9993/repos/research/fdroid_apps/similar_fdroid_vibe_apps/World-Weather/WorldWeather;SimpleDragSortCursorAdapter.java;real_false_positive
DAAP;SlowForLoop;/Users/rar9993/repos/research/fdroid_apps/similar_fdroid_vibe_apps/World-Weather/WorldWeather;MainActivity.java;real_true_positive
DAAP;SlowForLoop;/Users/rar9993/repos/research/fdroid_apps/similar_fdroid_vibe_apps/World-Weather/WorldWeather;MiscMethods.java;real_false_positive
aDoctor;SlowForLoop;/Users/rar9993/repos/research/fdroid_apps/similar_fdroid_vibe_apps/World-Weather/WorldWeather;MiscMethods.java;real_false_positive
DAAP;SlowForLoop;/Users/rar9993/repos/research/fdroid_apps/similar_fdroid_vibe_apps/World-Weather/WorldWeather;DragSortCursorAdapter.java;real_true_positive
Detekt;SpreadOperator;/Users/rar9993/repos/research/fdroid_apps/similar_fdroid_vibe_apps/CalcYou;GraphViewModel.kt;real_true_positive
Detekt;SpreadOperator;/Users/rar9993/repos/research/fdroid_apps/similar_fdroid_vibe_apps/CalcYou;Function.kt;real_true_positive
Lint;Recycle;/Users/rar9993/repos/research/fdroid_apps/similar_fdroid_vibe_apps/privacy-friendly-2048;PFASQLiteHelper.java;real_false_positive
PMD;InsufficientStringBufferDeclaration;/Users/rar9993/repos/research/fdroid_apps/similar_fdroid_vibe_apps/World-Weather/WorldWeather;DragSortListView.java;real_false_positive
PMD;InsufficientStringBufferDeclaration;/Users/rar9993/repos/research/fdroid_apps/similar_fdroid_vibe_apps/Calculator-You;CompiledFunction.java;real_true_positive
Lint;DisableBaselineAlignment;/Users/rar9993/repos/research/fdroid_apps/similar_fdroid_vibe_apps/privacy-friendly-2048;fragment_stats3.xml;real_true_positive
Lint;DisableBaselineAlignment;/Users/rar9993/repos/research/fdroid_apps/similar_fdroid_vibe_apps/privacy-friendly-2048;fragment_stats4.xml;real_true_positive
Lint;InefficientWeight;/Users/rar9993/repos/research/fdroid_apps/similar_fdroid_vibe_apps/privacy-friendly-2048;fragment_stats1.xml;real_false_positive
Lint;InefficientWeight;/Users/rar9993/repos/research/fdroid_apps/similar_fdroid_vibe_apps/privacy-friendly-2048;fragment_stats2.xml;real_true_positive
Lint;InefficientWeight;/Users/rar9993/AndroidStudioProjects/GPTScientificCalculator;activity_main.xml;real_true_positive
aDoctor;UnclosedCloseable;/Users/rar9993/repos/research/fdroid_apps/similar_fdroid_vibe_apps/NotePad;ShortcutConfig.java;real_false_positive
aDoctor;LeakingInnerClass;/Users/rar9993/repos/research/fdroid_apps/similar_fdroid_vibe_apps/World-Weather/WorldWeather;WeatherInfoFragment.java;real_false_positive
aDoctor;LeakingInnerClass;/Users/rar9993/repos/research/fdroid_apps/similar_fdroid_vibe_apps/World-Weather/WorldWeather;FindCitiesQueryProcessor.java;real_false_positive
aDoctor;LeakingInnerClass;/Users/rar9993/repos/research/fdroid_apps/similar_fdroid_vibe_apps/privacy-friendly-2048;Gestures.java;real_true_positive
aDoctor;LeakingInnerClass;/Users/rar9993/repos/research/fdroid_apps/similar_fdroid_vibe_apps/privacy-friendly-2048;TutorialActivity.java;real_true_positive
aDoctor;LeakingInnerClass;/Users/rar9993/repos/research/fdroid_apps/similar_fdroid_vibe_apps/NotePad;TaskListViewPagerFragment.java;real_true_positive
aDoctor;LeakingInnerClass;/Users/rar9993/repos/research/fdroid_apps/similar_fdroid_vibe_apps/NotePad;DialogEditList.java;real_false_positive
aDoctor;LeakingInnerClass;/Users/rar9993/AndroidStudioProjects/game2048;GameView.java;real_false_positive
aDoctor;LeakingInnerClass;/Users/rar9993/repos/research/fdroid_apps/similar_fdroid_vibe_apps/World-Weather/WorldWeather;GetAvailableCitiesTask.java;real_false_positive
aDoctor;LeakingInnerClass;/Users/rar9993/repos/research/fdroid_apps/similar_fdroid_vibe_apps/World-Weather/WorldWeather;WeatherThreeHourlyForecastChildListFragment.java;real_true_positive
aDoctor;LeakingInnerClass;/Users/rar9993/repos/research/fdroid_apps/similar_fdroid_vibe_apps/World-Weather/WorldWeather;AddCityFragment.java;real_true_positive
aDoctor;LeakingInnerClass;/Users/rar9993/repos/research/fdroid_apps/similar_fdroid_vibe_apps/World-Weather/WorldWeather;WeatherForecastParentFragment.java;real_true_positive
aDoctor;LeakingInnerClass;/Users/rar9993/repos/research/fdroid_apps/similar_fdroid_vibe_apps/World-Weather/WorldWeather;EnterPersonalApiKeyFragment.java;real_true_positive
aDoctor;LeakingInnerClass;/Users/rar9993/repos/research/fdroid_apps/similar_fdroid_vibe_apps/World-Weather/WorldWeather;CityListFragmentWithWeatherButtons.java;real_false_positive
SpotBugs;LeakingInnerClass;/Users/rar9993/repos/research/fdroid_apps/similar_fdroid_vibe_apps/World-Weather/WorldWeather;DragSortListView.java;real_unknown
aDoctor;LeakingInnerClass;/Users/rar9993/repos/research/fdroid_apps/similar_fdroid_vibe_apps/privacy-friendly-2048;StatsActivity.java;real_false_positive
aDoctor;LeakingInnerClass;/Users/rar9993/repos/research/fdroid_apps/similar_fdroid_vibe_apps/World-Weather/WorldWeather;DragSortListView.java;real_false_positive
aDoctor;LeakingInnerClass;/Users/rar9993/repos/research/fdroid_apps/similar_fdroid_vibe_apps/NotePad;SyncStatusMonitor.java;real_false_positive
aDoctor;LeakingInnerClass;/Users/rar9993/repos/research/fdroid_apps/similar_fdroid_vibe_apps/World-Weather/WorldWeather;CitySearchResultsDialog.java;real_true_positive
aDoctor;LeakingThread;/Users/rar9993/repos/research/fdroid_apps/similar_fdroid_vibe_apps/lato/p;SkyPlane.java;real_false_positive
aDoctor;LeakingThread;/Users/rar9993/repos/research/fdroid_apps/similar_fdroid_vibe_apps/World-Weather/WorldWeather;MainActivity.java;real_true_positive
aDoctor;LeakingThread;/Users/rar9993/AndroidStudioProjects/GPTFlappyBird;GameView.java;real_true_positive
aDoctor;LeakingThread;/Users/rar9993/repos/research/fdroid_apps/similar_fdroid_vibe_apps/lato/p;MusicProvider.java;real_false_positive
aDoctor;LeakingThread;/Users/rar9993/repos/research/fdroid_apps/similar_fdroid_vibe_apps/NotePad;DragSortListView.java;real_false_positive
aDoctor;LeakingThread;/Users/rar9993/repos/research/fdroid_apps/similar_fdroid_vibe_apps/lato/p;Performer.java;real_false_positive
aDoctor;LeakingThread;/Users/rar9993/repos/research/fdroid_apps/similar_fdroid_vibe_apps/privacy-friendly-2048;BaseActivity.java;real_false_positive
aDoctor;LeakingThread;/Users/rar9993/repos/research/fdroid_apps/similar_fdroid_vibe_apps/weather-overview;MainActivity.java;real_true_positive
aDoctor;LeakingThread;/Users/rar9993/AndroidStudioProjects/FlappyBird;GameView.java;real_true_positive
Lint;ObsoleteLayoutParam;/Users/rar9993/repos/research/fdroid_apps/similar_fdroid_vibe_apps/privacy-friendly-2048;fragment_stats1.xml;real_true_positive
Lint;ObsoleteSdkInt;/Users/rar9993/repos/research/fdroid_apps/similar_fdroid_vibe_apps/privacy-friendly-2048;MainActivity.java;real_unknown
Lint;Overdraw;/Users/rar9993/repos/research/fdroid_apps/similar_fdroid_vibe_apps/Calculator-You;activity_settings.xml;real_unknown
Lint;Overdraw;/Users/rar9993/repos/research/fdroid_apps/similar_fdroid_vibe_apps/World-Weather/WorldWeather;merged_pressure_humidity_and_wind_views.xml;real_unknown
Lint;Overdraw;/Users/rar9993/repos/research/fdroid_apps/similar_fdroid_vibe_apps/Calculator-You;fragment_x_large_land.xml;real_unknown
Lint;Overdraw;/Users/rar9993/repos/research/fdroid_apps/similar_fdroid_vibe_apps/Calculator-You;fragment_main.xml;real_unknown
Lint;Overdraw;/Users/rar9993/repos/research/fdroid_apps/similar_fdroid_vibe_apps/Calculator-You;activity_licenses.xml;real_unknown
Lint;Overdraw;/Users/rar9993/AndroidStudioProjects/game2048;activity_main.xml;real_true_positive
Lint;Overdraw;/Users/rar9993/repos/research/fdroid_apps/similar_fdroid_vibe_apps/privacy-friendly-2048;tutorial_slide3.xml;real_unknown
Lint;Overdraw;/Users/rar9993/repos/research/fdroid_apps/similar_fdroid_vibe_apps/privacy-friendly-2048;nav_header_main.xml;real_unknown
Lint;Overdraw;/Users/rar9993/repos/research/fdroid_apps/similar_fdroid_vibe_apps/Calculator-You;activity_about.xml;real_unknown
Lint;Overdraw;/Users/rar9993/repos/research/fdroid_apps/similar_fdroid_vibe_apps/privacy-friendly-2048;tutorial_slide4.xml;real_unknown
Lint;Overdraw;/Users/rar9993/repos/research/fdroid_apps/similar_fdroid_vibe_apps/World-Weather/WorldWeather;general_toolbar.xml;real_unknown
Lint;Overdraw;/Users/rar9993/repos/research/fdroid_apps/similar_fdroid_vibe_apps/Calculator-You;fragment_small.xml;real_unknown
Lint;Overdraw;/Users/rar9993/repos/research/fdroid_apps/similar_fdroid_vibe_apps/privacy-friendly-2048;ic_menu_stat.xml;real_unknown
Lint;Overdraw;/Users/rar9993/repos/research/fdroid_apps/similar_fdroid_vibe_apps/Calculator-You;fragment_large_land.xml;real_unknown
Lint;Overdraw;/Users/rar9993/repos/research/fdroid_apps/similar_fdroid_vibe_apps/Calculator-You;fragment_land.xml;real_unknown
Lint;Recycle;/Users/rar9993/repos/research/fdroid_apps/similar_fdroid_vibe_apps/privacy-friendly-2048;DatabaseExporter.java;real_false_positive
Lint;StaticFieldLeak;/Users/rar9993/repos/research/fdroid_apps/similar_fdroid_vibe_apps/World-Weather/WorldWeather;WeatherInformationDisplayer.java;real_true_positive
Lint;StaticFieldLeak;/Users/rar9993/repos/research/fdroid_apps/similar_fdroid_vibe_apps/World-Weather/WorldWeather;WorkerFragmentToRetrieveJsonString.java;real_true_positive
Lint;StaticFieldLeak;/Users/rar9993/repos/research/fdroid_apps/similar_fdroid_vibe_apps/World-Weather/WorldWeather;AsyncTaskWithProgressBar.java;real_true_positive
Lint;SyntheticAccessor;/Users/rar9993/repos/research/fdroid_apps/similar_fdroid_vibe_apps/World-Weather/WorldWeather;DragSortListView.java;real_unknown
Lint;SyntheticAccessor;/Users/rar9993/repos/research/fdroid_apps/similar_fdroid_vibe_apps/privacy-friendly-2048;BaseActivity.java;real_false_positive
Lint;SyntheticAccessor;/Users/rar9993/repos/research/fdroid_apps/similar_fdroid_vibe_apps/World-Weather/WorldWeather;AppThemeArrayAdapter.java;real_false_positive
Lint;SyntheticAccessor;/Users/rar9993/repos/research/fdroid_apps/similar_fdroid_vibe_apps/World-Weather/WorldWeather;WeatherInformationDisplayer.java;real_true_positive
Lint;SyntheticAccessor;/Users/rar9993/repos/research/fdroid_apps/similar_fdroid_vibe_apps/World-Weather/WorldWeather;WeatherForecastParentFragment.java;real_true_positive
Lint;SyntheticAccessor;/Users/rar9993/repos/research/fdroid_apps/similar_fdroid_vibe_apps/Calculator-You;SettingsActivity.kt;real_unknown
Lint;SyntheticAccessor;/Users/rar9993/repos/research/fdroid_apps/similar_fdroid_vibe_apps/World-Weather/WorldWeather;DragSortController.java;real_false_positive
Lint;SyntheticAccessor;/Users/rar9993/repos/research/fdroid_apps/similar_fdroid_vibe_apps/Calculator-You;SmallFragment.kt;real_false_positive
Lint;SyntheticAccessor;/Users/rar9993/repos/research/fdroid_apps/similar_fdroid_vibe_apps/privacy-friendly-2048;GameActivity.java;real_unknown
Lint;SyntheticAccessor;/Users/rar9993/repos/research/fdroid_apps/similar_fdroid_vibe_apps/World-Weather/WorldWeather;WeatherThreeHourlyForecastChildListFragment.java;real_true_positive
Lint;SyntheticAccessor;/Users/rar9993/repos/research/fdroid_apps/similar_fdroid_vibe_apps/World-Weather/WorldWeather;CitySearchResultsDialog.java;real_true_positive
Lint;SyntheticAccessor;/Users/rar9993/repos/research/fdroid_apps/similar_fdroid_vibe_apps/World-Weather/WorldWeather;AddCityFragment.java;real_false_positive
Lint;SyntheticAccessor;/Users/rar9993/repos/research/fdroid_apps/similar_fdroid_vibe_apps/Calculator-You;LargeLandFragment.kt;real_false_positive
Lint;SyntheticAccessor;/Users/rar9993/repos/research/fdroid_apps/similar_fdroid_vibe_apps/Calculator-You;XLargeLandFragment.kt;real_false_positive
Lint;SyntheticAccessor;/Users/rar9993/AndroidStudioProjects/GPTPhotoGallery;MainActivity.java;real_true_positive
Lint;SyntheticAccessor;/Users/rar9993/repos/research/fdroid_apps/similar_fdroid_vibe_apps/privacy-friendly-2048;TutorialActivity.java;real_false_positive
Lint;SyntheticAccessor;/Users/rar9993/AndroidStudioProjects/FlappyBird;GameView.java;real_true_positive
Lint;SyntheticAccessor;/Users/rar9993/AndroidStudioProjects/GPTWeather;MainActivity.java;real_true_positive
Lint;SyntheticAccessor;/Users/rar9993/repos/research/fdroid_apps/similar_fdroid_vibe_apps/Calculator-You;MainLandFragment.kt;real_false_positive
Lint;SyntheticAccessor;/Users/rar9993/repos/research/fdroid_apps/similar_fdroid_vibe_apps/privacy-friendly-2048;StatsActivity.java;real_false_positive
Lint;SyntheticAccessor;/Users/rar9993/repos/research/fdroid_apps/similar_fdroid_vibe_apps/World-Weather/WorldWeather;WorkerFragmentToRetrieveJsonString.java;real_true_positive
Lint;SyntheticAccessor;/Users/rar9993/AndroidStudioProjects/GPTFlappyBird;GameView.java;real_true_positive
Lint;SyntheticAccessor;/Users/rar9993/repos/research/fdroid_apps/similar_fdroid_vibe_apps/World-Weather/WorldWeather;CityUtilitiesCursorAdapter.java;real_false_positive
Lint;SyntheticAccessor;/Users/rar9993/repos/research/fdroid_apps/similar_fdroid_vibe_apps/privacy-friendly-2048;MainActivity.java;real_false_positive
Lint;SyntheticAccessor;/Users/rar9993/repos/research/fdroid_apps/similar_fdroid_vibe_apps/Calculator-You;SmallLandFragment.kt;real_false_positive
aDoctor;UnclosedCloseable;/Users/rar9993/repos/research/fdroid_apps/similar_fdroid_vibe_apps/NotePad;TaskListViewPagerFragment.java;real_false_positive
aDoctor;UnclosedCloseable;/Users/rar9993/repos/research/fdroid_apps/similar_fdroid_vibe_apps/World-Weather/WorldWeather;CityUtilitiesCursorAdapter.java;real_false_positive
aDoctor;UnclosedCloseable;/Users/rar9993/repos/research/fdroid_apps/similar_fdroid_vibe_apps/World-Weather/WorldWeather;BaseCityCursorAdapter.java;real_false_positive
aDoctor;UnclosedCloseable;/Users/rar9993/repos/research/fdroid_apps/similar_fdroid_vibe_apps/NotePad;TaskList.java;real_false_positive
aDoctor;UnclosedCloseable;/Users/rar9993/repos/research/fdroid_apps/similar_fdroid_vibe_apps/World-Weather/WorldWeather;MainActivity.java;real_false_positive
aDoctor;UnclosedCloseable;/Users/rar9993/repos/research/fdroid_apps/similar_fdroid_vibe_apps/NotePad;ItemProvider.java;real_false_positive
aDoctor;UnclosedCloseable;/Users/rar9993/repos/research/fdroid_apps/similar_fdroid_vibe_apps/NotePad;FragmentSearchDeleted.java;real_false_positive
aDoctor;UnclosedCloseable;/Users/rar9993/repos/research/fdroid_apps/similar_fdroid_vibe_apps/NotePad;DummyProvider.java;real_false_positive
aDoctor;UnclosedCloseable;/Users/rar9993/repos/research/fdroid_apps/similar_fdroid_vibe_apps/NotePad;DBItem.java;real_false_positive
aDoctor;UnclosedCloseable;/Users/rar9993/repos/research/fdroid_apps/similar_fdroid_vibe_apps/NotePad;RemoteTask.java;real_false_positive
aDoctor;UnclosedCloseable;/Users/rar9993/repos/research/fdroid_apps/similar_fdroid_vibe_apps/NotePad;ProviderBase.java;real_false_positive
SpotBugs;UnreadField;/Users/rar9993/repos/research/fdroid_apps/similar_fdroid_vibe_apps/lato/p;Performer.java;real_true_positive
SpotBugs;UnreadField;/Users/rar9993/repos/research/fdroid_apps/similar_fdroid_vibe_apps/privacy-friendly-2048;Gestures.java;real_true_positive
SpotBugs;UnreadField;/Users/rar9993/repos/research/fdroid_apps/similar_fdroid_vibe_apps/lato/p;ParticleEmitter.java;real_true_positive
SpotBugs;UnreadField;/Users/rar9993/repos/research/fdroid_apps/similar_fdroid_vibe_apps/lato/p;MountainRange3.java;real_true_positive
SpotBugs;UnreadField;/Users/rar9993/repos/research/fdroid_apps/similar_fdroid_vibe_apps/privacy-friendly-2048;FirstLaunchManager.java;real_true_positive
SpotBugs;UnreadField;/Users/rar9993/repos/research/fdroid_apps/similar_fdroid_vibe_apps/Calculator-You;Compiler.java;real_true_positive
SpotBugs;UnreadField;/Users/rar9993/AndroidStudioProjects/FlappyBird;GameView.java;real_true_positive
SpotBugs;UnreadField;/Users/rar9993/repos/research/fdroid_apps/similar_fdroid_vibe_apps/lato/p;GameScreen.java;real_true_positive
SpotBugs;UnreadField;/Users/rar9993/AndroidStudioProjects/GalleryApp;PhotoAdapter.java;real_true_positive
SpotBugs;UnusedField;/Users/rar9993/repos/research/fdroid_apps/similar_fdroid_vibe_apps/lato/p;Performer.java;real_unknown
PMD;UseArrayListInsteadOfVector;/Users/rar9993/repos/research/fdroid_apps/similar_fdroid_vibe_apps/Calculator-You;DeclarationParser.java;real_true_positive
PMD;UseArrayListInsteadOfVector;/Users/rar9993/repos/research/fdroid_apps/similar_fdroid_vibe_apps/Calculator-You;Symbols.java;real_true_positive
PMD;UseArraysAsList;/Users/rar9993/repos/research/fdroid_apps/similar_fdroid_vibe_apps/NotePad;AppearancePrefs.java;real_false_positive
Lint;UselessLeaf;/Users/rar9993/repos/research/fdroid_apps/similar_fdroid_vibe_apps/privacy-friendly-2048;fragment_stats2.xml;real_true_positive
Lint;UselessLeaf;/Users/rar9993/repos/research/fdroid_apps/similar_fdroid_vibe_apps/privacy-friendly-2048;fragment_stats3.xml;real_true_positive
Lint;UselessParent;/Users/rar9993/repos/research/fdroid_apps/similar_fdroid_vibe_apps/privacy-friendly-2048;tutorial_slide4.xml;real_false_positive
Lint;UselessParent;/Users/rar9993/repos/research/fdroid_apps/similar_fdroid_vibe_apps/privacy-friendly-2048;fragment_stats1.xml;real_true_positive
Lint;UselessParent;/Users/rar9993/repos/research/fdroid_apps/similar_fdroid_vibe_apps/privacy-friendly-2048;tutorial_slide2.xml;real_false_positive
Infer;IPCOnUIThread;/Users/rar9993/AndroidStudioProjects/GPTPhotoGallery;MainActivity.java;real_true_positive
DAAP;SlowForLoop;/Users/rar9993/repos/research/fdroid_apps/similar_fdroid_vibe_apps/Calculator-You;CompiledFunction.java;real_true_positive
DAAP;SlowForLoop;/Users/rar9993/repos/research/fdroid_apps/similar_fdroid_vibe_apps/Calculator-You;Complex.java;real_false_positive
DAAP;SlowForLoop;/Users/rar9993/AndroidStudioProjects/WeatherApp;MainActivity.java;real_false_positive
DAAP;SlowForLoop;/Users/rar9993/repos/research/fdroid_apps/similar_fdroid_vibe_apps/Calculator-You;ContextFunction.java;real_false_positive
DAAP;SlowForLoop;/Users/rar9993/repos/research/fdroid_apps/similar_fdroid_vibe_apps/Calculator-You;Symbols.java;real_true_positive
aDoctor;LeakingInnerClass;/Users/rar9993/repos/research/fdroid_apps/similar_fdroid_vibe_apps/NotePad;OrgSyncService.java;real_true_positive
aDoctor;LeakingInnerClass;/Users/rar9993/repos/research/fdroid_apps/similar_fdroid_vibe_apps/NotePad;DialogConfirmBase.java;real_false_positive
aDoctor;LeakingInnerClass;/Users/rar9993/repos/research/fdroid_apps/similar_fdroid_vibe_apps/NotePad;DialogConfirmBaseV11.java;real_false_positive
aDoctor;LeakingInnerClass;/Users/rar9993/AndroidStudioProjects/GPTGame2048;OnSwipeTouchListener.java;real_true_positive
aDoctor;LeakingInnerClass;/Users/rar9993/repos/research/fdroid_apps/similar_fdroid_vibe_apps/NotePad;DragSortListView.java;real_false_positive
aDoctor;LeakingInnerClass;/Users/rar9993/repos/research/fdroid_apps/similar_fdroid_vibe_apps/NotePad;DialogPassword.java;real_false_positive
DAAP;MemberIgnoringMethod;/Users/rar9993/AndroidStudioProjects/FlappyBird;MainActivity.java;real_false_positive
DAAP;MemberIgnoringMethod;/Users/rar9993/repos/research/fdroid_apps/similar_fdroid_vibe_apps/Calculator-You;Function.java;real_true_positive
DAAP;MemberIgnoringMethod;/Users/rar9993/repos/research/fdroid_apps/similar_fdroid_vibe_apps/Calculator-You;ContextFunction.java;real_true_positive
DAAP;MemberIgnoringMethod;/Users/rar9993/AndroidStudioProjects/GPTToDoNotes;MainActivity.java;real_true_positive
DAAP;MemberIgnoringMethod;/Users/rar9993/repos/research/fdroid_apps/similar_fdroid_vibe_apps/Calculator-You;UnitTest.java;real_true_positive
DAAP;MemberIgnoringMethod;/Users/rar9993/repos/research/fdroid_apps/similar_fdroid_vibe_apps/NotePad;ActivitySearch.java;real_false_positive
DAAP;MemberIgnoringMethod;/Users/rar9993/AndroidStudioProjects/GPTGame2048;MainActivity.java;real_false_positive
DAAP;MemberIgnoringMethod;/Users/rar9993/repos/research/fdroid_apps/similar_fdroid_vibe_apps/Calculator-You;Derivative.java;real_true_positive
DAAP;MemberIgnoringMethod;/Users/rar9993/repos/research/fdroid_apps/similar_fdroid_vibe_apps/NotePad;DBItem.java;real_false_positive
DAAP;MemberIgnoringMethod;/Users/rar9993/repos/research/fdroid_apps/similar_fdroid_vibe_apps/NotePad;ActivitySearchDeleted.java;real_false_positive
DAAP;MemberIgnoringMethod;/Users/rar9993/repos/research/fdroid_apps/similar_fdroid_vibe_apps/Calculator-You;TokenConsumer.java;real_false_positive
DAAP;MemberIgnoringMethod;/Users/rar9993/AndroidStudioProjects/GPTToDoNotes;NoteAdapter.java;real_false_positive
SpotBugs;UnreadField;/Users/rar9993/repos/research/fdroid_apps/similar_fdroid_vibe_apps/lato/p;AbyssMist.java;real_false_positive
DAAP;MemberIgnoringMethod;/Users/rar9993/AndroidStudioProjects/GalleryApp;MainActivity.java;real_false_positive
DAAP;MemberIgnoringMethod;/Users/rar9993/AndroidStudioProjects/GPTFlappyBird;GameView.java;real_false_positive
DAAP;MemberIgnoringMethod;/Users/rar9993/repos/research/fdroid_apps/similar_fdroid_vibe_apps/Calculator-You;CompiledFunction.java;real_false_positive
DAAP;MemberIgnoringMethod;/Users/rar9993/AndroidStudioProjects/ScientificCalculator;MainActivity.java;real_true_positive
DAAP;MemberIgnoringMethod;/Users/rar9993/repos/research/fdroid_apps/similar_fdroid_vibe_apps/NotePad;ActivityTaskHistory.java;real_false_positive
DAAP;MemberIgnoringMethod;/Users/rar9993/repos/research/fdroid_apps/similar_fdroid_vibe_apps/NotePad;NnnApp.java;real_false_positive
DAAP;MemberIgnoringMethod;/Users/rar9993/repos/research/fdroid_apps/similar_fdroid_vibe_apps/Calculator-You;Constant.java;real_false_positive
DAAP;MemberIgnoringMethod;/Users/rar9993/AndroidStudioProjects/GPTGame2048;OnSwipeTouchListener.java;real_false_positive
DAAP;MemberIgnoringMethod;/Users/rar9993/AndroidStudioProjects/GalleryApp;PhotoAdapter.java;real_false_positive
DAAP;MemberIgnoringMethod;/Users/rar9993/repos/research/fdroid_apps/similar_fdroid_vibe_apps/Calculator-You;OptCodeGen.java;real_false_positive
DAAP;MemberIgnoringMethod;/Users/rar9993/AndroidStudioProjects/WeatherApp;MainActivity.java;real_true_positive
DAAP;MemberIgnoringMethod;/Users/rar9993/AndroidStudioProjects/GPTFlappyBird;MainActivity.java;real_false_positive
DAAP;NoLowMemoryResolver;/Users/rar9993/repos/research/fdroid_apps/similar_fdroid_vibe_apps/privacy-friendly-2048;AboutActivity.java;real_false_positive
DAAP;NoLowMemoryResolver;/Users/rar9993/AndroidStudioProjects/GPTToDoNotes;NoteDetailActivity.java;real_false_positive
DAAP;NoLowMemoryResolver;/Users/rar9993/repos/research/fdroid_apps/similar_fdroid_vibe_apps/NotePad;ActivityTaskHistory.java;real_true_positive
DAAP;NoLowMemoryResolver;/Users/rar9993/AndroidStudioProjects/WeatherApp;MainActivity.java;real_true_positive
DAAP;NoLowMemoryResolver;/Users/rar9993/repos/research/fdroid_apps/similar_fdroid_vibe_apps/NotePad;DashclockPrefActivity.java;real_true_positive
DAAP;NoLowMemoryResolver;/Users/rar9993/AndroidStudioProjects/GalleryApp;MainActivity.java;real_true_positive
DAAP;NoLowMemoryResolver;/Users/rar9993/repos/research/fdroid_apps/similar_fdroid_vibe_apps/NotePad;ActivityMain.java;real_true_positive
DAAP;NoLowMemoryResolver;/Users/rar9993/repos/research/fdroid_apps/similar_fdroid_vibe_apps/NotePad;ActivitySearchDeleted.java;real_true_positive
DAAP;NoLowMemoryResolver;/Users/rar9993/AndroidStudioProjects/GPTToDoNotes;NoteListActivity.java;real_true_positive
DAAP;NoLowMemoryResolver;/Users/rar9993/AndroidStudioProjects/GPTFlappyBird;MainActivity.java;real_true_positive
DAAP;NoLowMemoryResolver;/Users/rar9993/AndroidStudioProjects/GPTToDoNotes;MainActivity.java;real_true_positive
DAAP;NoLowMemoryResolver;/Users/rar9993/repos/research/fdroid_apps/similar_fdroid_vibe_apps/NotePad;ListWidgetConfig.java;real_true_positive
DAAP;NoLowMemoryResolver;/Users/rar9993/repos/research/fdroid_apps/similar_fdroid_vibe_apps/NotePad;ActivitySearch.java;real_true_positive
DAAP;NoLowMemoryResolver;/Users/rar9993/repos/research/fdroid_apps/similar_fdroid_vibe_apps/privacy-friendly-2048;GameActivity.java;real_true_positive
DAAP;NoLowMemoryResolver;/Users/rar9993/AndroidStudioProjects/GPTScientificCalculator;MainActivity.java;real_true_positive
DAAP;NoLowMemoryResolver;/Users/rar9993/repos/research/fdroid_apps/similar_fdroid_vibe_apps/World-Weather/WorldWeather;WeatherInfoActivity.java;real_true_positive
DAAP;NoLowMemoryResolver;/Users/rar9993/repos/research/fdroid_apps/similar_fdroid_vibe_apps/NotePad;ShortcutConfig.java;real_true_positive
DAAP;NoLowMemoryResolver;/Users/rar9993/AndroidStudioProjects/FlappyBird;MainActivity.java;real_true_positive
DAAP;NoLowMemoryResolver;/Users/rar9993/AndroidStudioProjects/ScientificCalculator;MainActivity.java;real_true_positive
DAAP;NoLowMemoryResolver;/Users/rar9993/AndroidStudioProjects/GPTGame2048;MainActivity.java;real_true_positive
PMD;RedundantFieldInitializer;/Users/rar9993/repos/research/fdroid_apps/similar_fdroid_vibe_apps/NotePad;RemoteTaskList.java;real_true_positive
PMD;RedundantFieldInitializer;/Users/rar9993/repos/research/fdroid_apps/similar_fdroid_vibe_apps/NotePad;Task.java;real_true_positive
PMD;RedundantFieldInitializer;/Users/rar9993/repos/research/fdroid_apps/similar_fdroid_vibe_apps/NotePad;PrefsActivity.java;real_true_positive
PMD;RedundantFieldInitializer;/Users/rar9993/repos/research/fdroid_apps/similar_fdroid_vibe_apps/NotePad;DialogMoveToList.java;real_true_positive
PMD;RedundantFieldInitializer;/Users/rar9993/repos/research/fdroid_apps/similar_fdroid_vibe_apps/NotePad;GoogleTask.java;real_true_positive
PMD;RedundantFieldInitializer;/Users/rar9993/repos/research/fdroid_apps/similar_fdroid_vibe_apps/NotePad;TaskList.java;real_true_positive
PMD;RedundantFieldInitializer;/Users/rar9993/repos/research/fdroid_apps/similar_fdroid_vibe_apps/NotePad;TaskDetailFragment.java;real_true_positive
PMD;RedundantFieldInitializer;/Users/rar9993/repos/research/fdroid_apps/similar_fdroid_vibe_apps/NotePad;DialogPassword.java;real_true_positive
PMD;RedundantFieldInitializer;/Users/rar9993/repos/research/fdroid_apps/similar_fdroid_vibe_apps/NotePad;TaskListFragment.java;real_true_positive
PMD;RedundantFieldInitializer;/Users/rar9993/repos/research/fdroid_apps/similar_fdroid_vibe_apps/NotePad;DialogPasswordV11.java;real_true_positive
DAAP;SlowForLoop;/Users/rar9993/repos/research/fdroid_apps/similar_fdroid_vibe_apps/Calculator-You;Function.java;real_false_positive
DAAP;SlowForLoop;/Users/rar9993/repos/research/fdroid_apps/similar_fdroid_vibe_apps/NotePad;DialogMoveToList.java;real_false_positive
DAAP;SlowForLoop;/Users/rar9993/repos/research/fdroid_apps/similar_fdroid_vibe_apps/Calculator-You;EvalContext.java;real_true_positive
DAAP;SlowForLoop;/Users/rar9993/repos/research/fdroid_apps/similar_fdroid_vibe_apps/NotePad;SDSynchronizer.java;real_false_positive
DAAP;SlowForLoop;/Users/rar9993/AndroidStudioProjects/ScientificCalculator;MainActivity.java;real_false_positive
DAAP;SlowForLoop;/Users/rar9993/repos/research/fdroid_apps/similar_fdroid_vibe_apps/NotePad;DAO.java;real_false_positive
DAAP;SlowForLoop;/Users/rar9993/repos/research/fdroid_apps/similar_fdroid_vibe_apps/NotePad;DragGripView.java;real_false_positive
DAAP;SlowForLoop;/Users/rar9993/AndroidStudioProjects/GPTGame2048;MainActivity.java;real_false_positive
DAAP;SlowForLoop;/Users/rar9993/AndroidStudioProjects/FlappyBird;GameView.java;real_false_positive
DAAP;SlowForLoop;/Users/rar9993/repos/research/fdroid_apps/similar_fdroid_vibe_apps/NotePad;ListWidgetConfig.java;real_false_positive
DAAP;SlowForLoop;/Users/rar9993/repos/research/fdroid_apps/similar_fdroid_vibe_apps/Calculator-You;MoreMath.java;real_true_positive
DAAP;SlowForLoop;/Users/rar9993/repos/research/fdroid_apps/similar_fdroid_vibe_apps/NotePad;ExtrasCursorAdapter.java;real_false_positive
DAAP;SlowForLoop;/Users/rar9993/repos/research/fdroid_apps/similar_fdroid_vibe_apps/NotePad;ExtraTypesCursorAdapter.java;real_false_positive
DAAP;MemberIgnoringMethod;/Users/rar9993/repos/research/fdroid_apps/similar_fdroid_vibe_apps/NotePad;ItemProvider.java;real_false_positive
DAAP;SlowForLoop;/Users/rar9993/repos/research/fdroid_apps/similar_fdroid_vibe_apps/NotePad;DummyProvider.java;real_false_positive
DAAP;SlowForLoop;/Users/rar9993/repos/research/fdroid_apps/similar_fdroid_vibe_apps/Calculator-You;DoubleStack.java;real_false_positive
DAAP;SlowForLoop;/Users/rar9993/repos/research/fdroid_apps/similar_fdroid_vibe_apps/Calculator-You;UnitTest.java;real_true_positive
DAAP;SlowForLoop;/Users/rar9993/repos/research/fdroid_apps/similar_fdroid_vibe_apps/NotePad;TaskListViewPagerFragment.java;real_false_positive
DAAP;SlowForLoop;/Users/rar9993/repos/research/fdroid_apps/similar_fdroid_vibe_apps/NotePad;JSONBackup.java;real_true_positive
DAAP;SlowForLoop;/Users/rar9993/AndroidStudioProjects/jetpackBenchmarkDemo;Utils.java;real_false_positive
DAAP;SlowForLoop;/Users/rar9993/repos/research/fdroid_apps/similar_fdroid_vibe_apps/Calculator-You;Util.java;real_false_positive
Lint;SyntheticAccessor;/Users/rar9993/AndroidStudioProjects/GPTGame2048;OnSwipeTouchListener.java;real_true_positive
Lint;SyntheticAccessor;/Users/rar9993/AndroidStudioProjects/GPTScientificCalculator;MainActivity.java;real_true_positive
Lint;SyntheticAccessor;/Users/rar9993/AndroidStudioProjects/GPTGame2048;MainActivity.java;real_true_positive
aDoctor;UnclosedCloseable;/Users/rar9993/repos/research/fdroid_apps/similar_fdroid_vibe_apps/NotePad;ProviderHelper.java;real_false_positive
aDoctor;UnclosedCloseable;/Users/rar9993/repos/research/fdroid_apps/similar_fdroid_vibe_apps/NotePad;DrawerCursorLoader.java;real_false_positive
aDoctor;UnclosedCloseable;/Users/rar9993/repos/research/fdroid_apps/similar_fdroid_vibe_apps/NotePad;DragSortCursorAdapter.java;real_false_positive
aDoctor;UnclosedCloseable;/Users/rar9993/repos/research/fdroid_apps/similar_fdroid_vibe_apps/NotePad;SimpleDragSortCursorAdapter.java;real_false_positive
aDoctor;UnclosedCloseable;/Users/rar9993/repos/research/fdroid_apps/similar_fdroid_vibe_apps/NotePad;ResourceDragSortCursorAdapter.java;real_false_positive
aDoctor;UnclosedCloseable;/Users/rar9993/repos/research/fdroid_apps/similar_fdroid_vibe_apps/NotePad;ActivityTaskHistory.java;real_false_positive
aDoctor;UnclosedCloseable;/Users/rar9993/repos/research/fdroid_apps/similar_fdroid_vibe_apps/NotePad;DBSyncBase.java;real_false_positive
;Projissue;Projissue;;real_false_positive
DAAP;DroppedData;/Users/rar9993/AndroidStudioProjects/game2048;MainActivity.java;real_true_positive
aDoctor;MemberIgnoringMethod;/Users/rar9993/AndroidStudioProjects/ScientificCalculator;MainActivity.java;real_true_positive
aDoctor;NoLowMemoryResolver;/Users/rar9993/AndroidStudioProjects/ScientificCalculator;MainActivity.java;real_true_positive
aDoctor;SlowForLoop;/Users/rar9993/AndroidStudioProjects/ScientificCalculator;MainActivity.java;real_false_positive
DAAP;DroppedData;/Users/rar9993/AndroidStudioProjects/ScientificCalculator;MainActivity.java;real_true_positive
Lint;UnusedResources;/Users/rar9993/AndroidStudioProjects/ScientificCalculator;colors.xml;real_true_positive
aDoctor;MemberIgnoringMethod;/Users/rar9993/AndroidStudioProjects/FlappyBird;GameView.java;real_false_positive
aDoctor;SlowForLoop;/Users/rar9993/AndroidStudioProjects/FlappyBird;GameView.java;real_false_positive
aDoctor;MemberIgnoringMethod;/Users/rar9993/AndroidStudioProjects/FlappyBird;MainActivity.java;real_false_positive
aDoctor;NoLowMemoryResolver;/Users/rar9993/AndroidStudioProjects/FlappyBird;MainActivity.java;real_true_positive
DAAP;DroppedData;/Users/rar9993/AndroidStudioProjects/FlappyBird;MainActivity.java;real_true_positive
aDoctor;MemberIgnoringMethod;/Users/rar9993/AndroidStudioProjects/GPTFlappyBird;GameView.java;real_false_positive
aDoctor;NoLowMemoryResolver;/Users/rar9993/AndroidStudioProjects/GPTFlappyBird;MainActivity.java;real_true_positive
DAAP;DroppedData;/Users/rar9993/AndroidStudioProjects/GPTFlappyBird;MainActivity.java;real_true_positive
DAAP;DroppedData;/Users/rar9993/AndroidStudioProjects/GPTPhotoGallery;MainActivity.java;real_true_positive
DAAP;DroppedData;/Users/rar9993/AndroidStudioProjects/GPTPhotoGallery;PhotoDetailActivity.java;real_true_positive
aDoctor;MemberIgnoringMethod;/Users/rar9993/AndroidStudioProjects/GalleryApp;PhotoAdapter.java;real_false_positive
aDoctor;MemberIgnoringMethod;/Users/rar9993/AndroidStudioProjects/GalleryApp;MainActivity.java;real_false_positive
aDoctor;NoLowMemoryResolver;/Users/rar9993/AndroidStudioProjects/GalleryApp;MainActivity.java;real_true_positive
DAAP;DroppedData;/Users/rar9993/AndroidStudioProjects/GalleryApp;MainActivity.java;real_true_positive
Lint;UnusedResources;/Users/rar9993/AndroidStudioProjects/GalleryApp;colors.xml;real_true_positive
DAAP;DroppedData;/Users/rar9993/AndroidStudioProjects/GPTWeather;MainActivity.java;real_true_positive
aDoctor;MemberIgnoringMethod;/Users/rar9993/AndroidStudioProjects/GPTGame2048;MainActivity.java;real_false_positive
aDoctor;NoLowMemoryResolver;/Users/rar9993/AndroidStudioProjects/GPTGame2048;MainActivity.java;real_true_positive
aDoctor;SlowForLoop;/Users/rar9993/AndroidStudioProjects/GPTGame2048;MainActivity.java;real_false_positive
aDoctor;MemberIgnoringMethod;/Users/rar9993/AndroidStudioProjects/GPTGame2048;OnSwipeTouchListener.java;real_false_positive
DAAP;DroppedData;/Users/rar9993/AndroidStudioProjects/GPTGame2048;MainActivity.java;real_true_positive
aDoctor;NoLowMemoryResolver;/Users/rar9993/AndroidStudioProjects/GPTToDoNotes;NoteDetailActivity.java;real_true_positive
aDoctor;MemberIgnoringMethod;/Users/rar9993/AndroidStudioProjects/GPTToDoNotes;MainActivity.java;real_false_positive
aDoctor;NoLowMemoryResolver;/Users/rar9993/AndroidStudioProjects/GPTToDoNotes;MainActivity.java;real_true_positive
aDoctor;MemberIgnoringMethod;/Users/rar9993/AndroidStudioProjects/GPTToDoNotes;NoteAdapter.java;real_false_positive
DAAP;DroppedData;/Users/rar9993/AndroidStudioProjects/GPTToDoNotes;NoteDetailActivity.java;real_true_positive
DAAP;DroppedData;/Users/rar9993/AndroidStudioProjects/GPTToDoNotes;MainActivity.java;real_true_positive
DAAP;DroppedData;/Users/rar9993/AndroidStudioProjects/GPTToDoNotes;NoteListActivity.java;real_true_positive
Lint;UnusedIds;/Users/rar9993/AndroidStudioProjects/ToDoNotes;activity_note_edit.xml;real_true_positive
aDoctor;NoLowMemoryResolver;/Users/rar9993/AndroidStudioProjects/GPTScientificCalculator;MainActivity.java;real_true_positive
DAAP;DroppedData;/Users/rar9993/AndroidStudioProjects/GPTScientificCalculator;MainActivity.java;real_true_positive
aDoctor;MemberIgnoringMethod;/Users/rar9993/AndroidStudioProjects/WeatherApp;MainActivity.java;real_true_positive
aDoctor;NoLowMemoryResolver;/Users/rar9993/AndroidStudioProjects/WeatherApp;MainActivity.java;real_true_positive
aDoctor;SlowForLoop;/Users/rar9993/AndroidStudioProjects/WeatherApp;MainActivity.java;real_false_positive
DAAP;DroppedData;/Users/rar9993/AndroidStudioProjects/WeatherApp;MainActivity.java;real_true_positive
Lint;UnusedResources;/Users/rar9993/AndroidStudioProjects/WeatherApp;colors.xml;real_true_positive
